id,date,value
blm_billings_Billings District,1979-01-01,16.20690360944968
blm_billings_Billings District,1979-02-01,31.137097859830064
blm_billings_Billings District,1979-03-01,58.32727875466641
blm_billings_Billings District,1979-04-01,86.8019436447614
blm_billings_Billings District,1979-05-01,124.86310324528262
blm_billings_Billings District,1979-06-01,171.59819052494242
blm_billings_Billings District,1979-07-01,184.25301606277998
blm_billings_Billings District,1979-08-01,153.34353219919487
blm_billings_Billings District,1979-09-01,133.71203078405466
blm_billings_Billings District,1979-10-01,81.69309649582523
blm_billings_Billings District,1979-11-01,36.35764076754491
blm_billings_Billings District,1979-12-01,47.034349849332756
blm_billings_Billings District,1980-01-01,26.31260059218624
blm_billings_Billings District,1980-02-01,35.330764065479144
blm_billings_Billings District,1980-03-01,56.29339797886703
blm_billings_Billings District,1980-04-01,120.67798263202084
blm_billings_Billings District,1980-05-01,136.29859249329758
blm_billings_Billings District,1980-06-01,159.94507380017646
blm_billings_Billings District,1980-07-01,198.38448407375142
blm_billings_Billings District,1980-08-01,151.9724531659492
blm_billings_Billings District,1980-09-01,115.07530151806951
blm_billings_Billings District,1980-10-01,79.15646774711303
blm_billings_Billings District,1980-11-01,49.18827071138745
blm_billings_Billings District,1980-12-01,40.72798255173834
blm_billings_Billings District,1981-01-01,36.43136730366674
blm_billings_Billings District,1981-02-01,47.1818364644498
blm_billings_Billings District,1981-03-01,71.98646107180188
blm_billings_Billings District,1981-04-01,110.93468499886765
blm_billings_Billings District,1981-05-01,114.17091148468508
blm_billings_Billings District,1981-06-01,143.7945710532467
blm_billings_Billings District,1981-07-01,181.3358914884102
blm_billings_Billings District,1981-08-01,158.46578421094142
blm_billings_Billings District,1981-09-01,121.89011388170177
blm_billings_Billings District,1981-10-01,65.3767760535028
blm_billings_Billings District,1981-11-01,43.21253348675234
blm_billings_Billings District,1981-12-01,29.520509393860763
blm_billings_Billings District,1982-01-01,28.42737940648925
blm_billings_Billings District,1982-02-01,44.807707789116826
blm_billings_Billings District,1982-03-01,55.71015407316806
blm_billings_Billings District,1982-04-01,93.80197726114186
blm_billings_Billings District,1982-05-01,117.25371979005216
blm_billings_Billings District,1982-06-01,134.64111930499448
blm_billings_Billings District,1982-07-01,171.93954426865156
blm_billings_Billings District,1982-08-01,165.88709785215977
blm_billings_Billings District,1982-09-01,99.56447712921265
blm_billings_Billings District,1982-10-01,67.09691678295187
blm_billings_Billings District,1982-11-01,33.36032172757883
blm_billings_Billings District,1982-12-01,27.631568422905563
blm_billings_Billings District,1983-01-01,34.74225873282384
blm_billings_Billings District,1983-02-01,44.44302942414066
blm_billings_Billings District,1983-03-01,61.29380024150613
blm_billings_Billings District,1983-04-01,87.86970503656218
blm_billings_Billings District,1983-05-01,124.75948386665324
blm_billings_Billings District,1983-06-01,149.1727547939597
blm_billings_Billings District,1983-07-01,189.80894789043765
blm_billings_Billings District,1983-08-01,168.84946388980978
blm_billings_Billings District,1983-09-01,109.19309650349552
blm_billings_Billings District,1983-10-01,67.78331094005472
blm_billings_Billings District,1983-11-01,33.167459777788565
blm_billings_Billings District,1983-12-01,18.065013497188968
blm_billings_Billings District,1984-01-01,38.80425604674516
blm_billings_Billings District,1984-02-01,44.91333775801569
blm_billings_Billings District,1984-03-01,55.550100424973635
blm_billings_Billings District,1984-04-01,94.40288196108617
blm_billings_Billings District,1984-05-01,141.47148120818764
blm_billings_Billings District,1984-06-01,154.66725877143102
blm_billings_Billings District,1984-07-01,191.1087466692477
blm_billings_Billings District,1984-08-01,173.7705428376594
blm_billings_Billings District,1984-09-01,102.44493963123966
blm_billings_Billings District,1984-10-01,60.31323728229022
blm_billings_Billings District,1984-11-01,39.651541536359304
blm_billings_Billings District,1984-12-01,25.06447730147487
blm_billings_Billings District,1985-01-01,25.19607915954999
blm_billings_Billings District,1985-02-01,40.24054955860885
blm_billings_Billings District,1985-03-01,59.08421575224112
blm_billings_Billings District,1985-04-01,117.20921575735466
blm_billings_Billings District,1985-05-01,152.33103215215033
blm_billings_Billings District,1985-06-01,171.50529493787013
blm_billings_Billings District,1985-07-01,196.21692364976488
blm_billings_Billings District,1985-08-01,148.8066687289895
blm_billings_Billings District,1985-09-01,90.90408839744794
blm_billings_Billings District,1985-10-01,78.62446378574934
blm_billings_Billings District,1985-11-01,24.427077797079214
blm_billings_Billings District,1985-12-01,34.33632714115583
blm_billings_Billings District,1986-01-01,45.76082441346575
blm_billings_Billings District,1986-02-01,31.884014786088755
blm_billings_Billings District,1986-03-01,86.0668900006578
blm_billings_Billings District,1986-04-01,89.50288202807347
blm_billings_Billings District,1986-05-01,138.25874652044382
blm_billings_Billings District,1986-06-01,170.74711792206955
blm_billings_Billings District,1986-07-01,175.7679625656905
blm_billings_Billings District,1986-08-01,162.1580763118836
blm_billings_Billings District,1986-09-01,85.62657507367173
blm_billings_Billings District,1986-10-01,68.51534845106723
blm_billings_Billings District,1986-11-01,35.84034853134973
blm_billings_Billings District,1986-12-01,34.2969839374757
blm_billings_Billings District,1987-01-01,38.454457082313766
blm_billings_Billings District,1987-02-01,38.968431619153264
blm_billings_Billings District,1987-03-01,64.59158842685076
blm_billings_Billings District,1987-04-01,126.12580426448791
blm_billings_Billings District,1987-05-01,136.35281497351926
blm_billings_Billings District,1987-06-01,171.4898123089174
blm_billings_Billings District,1987-07-01,164.9136057871596
blm_billings_Billings District,1987-08-01,147.43508707358436
blm_billings_Billings District,1987-09-01,113.62382704962354
blm_billings_Billings District,1987-10-01,87.68538871463439
blm_billings_Billings District,1987-11-01,40.17908848866061
blm_billings_Billings District,1987-12-01,34.683411547070214
blm_billings_Billings District,1988-01-01,33.08458445954259
blm_billings_Billings District,1988-02-01,47.1165549473852
blm_billings_Billings District,1988-03-01,74.28957771296156
blm_billings_Billings District,1988-04-01,110.63703084950792
blm_billings_Billings District,1988-05-01,155.04953074774858
blm_billings_Billings District,1988-06-01,206.1878017701668
blm_billings_Billings District,1988-07-01,214.3097521344714
blm_billings_Billings District,1988-08-01,180.05737265568956
blm_billings_Billings District,1988-09-01,109.87644100189209
blm_billings_Billings District,1988-10-01,80.9490951328431
blm_billings_Billings District,1988-11-01,41.50834452274977
blm_billings_Billings District,1988-12-01,34.71608583025894
blm_billings_Billings District,1989-01-01,34.19128688730439
blm_billings_Billings District,1989-02-01,24.62818369724795
blm_billings_Billings District,1989-03-01,54.9930964014805
blm_billings_Billings District,1989-04-01,90.99601197434494
blm_billings_Billings District,1989-05-01,131.87838480747416
blm_billings_Billings District,1989-06-01,156.264946497797
blm_billings_Billings District,1989-07-01,198.09959779795628
blm_billings_Billings District,1989-08-01,150.3732238851348
blm_billings_Billings District,1989-09-01,118.05217838543031
blm_billings_Billings District,1989-10-01,66.31558310506172
blm_billings_Billings District,1989-11-01,49.64688336369819
blm_billings_Billings District,1989-12-01,30.022855286623773
blm_billings_Billings District,1990-01-01,35.25043565753957
blm_billings_Billings District,1990-02-01,43.12811657506723
blm_billings_Billings District,1990-03-01,65.71655500222786
blm_billings_Billings District,1990-04-01,89.4210790130472
blm_billings_Billings District,1990-05-01,120.16715807825247
blm_billings_Billings District,1990-06-01,162.58334448765814
blm_billings_Billings District,1990-07-01,187.05884704896656
blm_billings_Billings District,1990-08-01,163.04745302890646
blm_billings_Billings District,1990-09-01,131.3045576008651
blm_billings_Billings District,1990-10-01,85.67071041536715
blm_billings_Billings District,1990-11-01,54.17252007694091
blm_billings_Billings District,1990-12-01,34.81769441120107
blm_billings_Billings District,1991-01-01,30.61642094304031
blm_billings_Billings District,1991-02-01,50.17027470956859
blm_billings_Billings District,1991-03-01,66.47580425221543
blm_billings_Billings District,1991-04-01,78.5615281419524
blm_billings_Billings District,1991-05-01,119.04343160419617
blm_billings_Billings District,1991-06-01,150.04118635315677
blm_billings_Billings District,1991-07-01,190.64725186549947
blm_billings_Billings District,1991-08-01,173.87097845767843
blm_billings_Billings District,1991-09-01,106.40281493414503
blm_billings_Billings District,1991-10-01,82.87386060975511
blm_billings_Billings District,1991-11-01,32.915549609041086
blm_billings_Billings District,1991-12-01,38.69416886264453
blm_billings_Billings District,1992-01-01,46.76702410605893
blm_billings_Billings District,1992-02-01,52.53716483895964
blm_billings_Billings District,1992-03-01,72.53823728791511
blm_billings_Billings District,1992-04-01,104.27727877230811
blm_billings_Billings District,1992-05-01,141.74292897538908
blm_billings_Billings District,1992-06-01,147.60489276395086
blm_billings_Billings District,1992-07-01,150.67543575910716
blm_billings_Billings District,1992-08-01,151.91169559540123
blm_billings_Billings District,1992-09-01,127.28354550686343
blm_billings_Billings District,1992-10-01,73.4862935332127
blm_billings_Billings District,1992-11-01,33.8426943410178
blm_billings_Billings District,1992-12-01,24.267728000799387
blm_billings_Billings District,1993-01-01,24.600067079227028
blm_billings_Billings District,1993-02-01,26.804222556924692
blm_billings_Billings District,1993-03-01,67.85904817478907
blm_billings_Billings District,1993-04-01,88.85790877431711
blm_billings_Billings District,1993-05-01,142.33059645593966
blm_billings_Billings District,1993-06-01,138.94802283985047
blm_billings_Billings District,1993-07-01,139.88703072678308
blm_billings_Billings District,1993-08-01,140.06125991401979
blm_billings_Billings District,1993-09-01,107.68870628039895
blm_billings_Billings District,1993-10-01,70.49782170175547
blm_billings_Billings District,1993-11-01,40.38914205817051
blm_billings_Billings District,1993-12-01,35.96122654705201
blm_billings_Billings District,1994-01-01,31.39473861663655
blm_billings_Billings District,1994-02-01,33.19447050657094
blm_billings_Billings District,1994-03-01,80.14309641630976
blm_billings_Billings District,1994-04-01,98.36880023358015
blm_billings_Billings District,1994-05-01,144.53615943867783
blm_billings_Billings District,1994-06-01,167.75770778502599
blm_billings_Billings District,1994-07-01,182.01769439656357
blm_billings_Billings District,1994-08-01,169.782707725709
blm_billings_Billings District,1994-09-01,126.81223187689487
blm_billings_Billings District,1994-10-01,62.510790817219835
blm_billings_Billings District,1994-11-01,34.96541555030097
blm_billings_Billings District,1994-12-01,28.00010059921735
blm_billings_Billings District,1995-01-01,32.75697051551962
blm_billings_Billings District,1995-02-01,45.187432957718265
blm_billings_Billings District,1995-03-01,62.48525468146194
blm_billings_Billings District,1995-04-01,76.15663531382665
blm_billings_Billings District,1995-05-01,111.29644764652201
blm_billings_Billings District,1995-06-01,138.99175600711527
blm_billings_Billings District,1995-07-01,175.73140069946209
blm_billings_Billings District,1995-08-01,174.83994643490053
blm_billings_Billings District,1995-09-01,105.29158843810053
blm_billings_Billings District,1995-10-01,75.89296236498426
blm_billings_Billings District,1995-11-01,45.78750001713034
blm_billings_Billings District,1995-12-01,30.9920241845517
blm_billings_Billings District,1996-01-01,25.500670278359994
blm_billings_Billings District,1996-02-01,48.08522120046232
blm_billings_Billings District,1996-03-01,49.50680297053851
blm_billings_Billings District,1996-04-01,100.96065682572271
blm_billings_Billings District,1996-05-01,99.56504684223246
blm_billings_Billings District,1996-06-01,169.66477880145524
blm_billings_Billings District,1996-07-01,190.2446380313536
blm_billings_Billings District,1996-08-01,182.29762061223906
blm_billings_Billings District,1996-09-01,105.08558975915167
blm_billings_Billings District,1996-10-01,72.69859247744563
blm_billings_Billings District,1996-11-01,25.485858020130497
blm_billings_Billings District,1996-12-01,23.428083162205468
blm_billings_Billings District,1997-01-01,26.199463861557497
blm_billings_Billings District,1997-02-01,33.06806302773729
blm_billings_Billings District,1997-03-01,77.8546916741788
blm_billings_Billings District,1997-04-01,77.59376683503629
blm_billings_Billings District,1997-05-01,143.3782840606035
blm_billings_Billings District,1997-06-01,150.5271447849018
blm_billings_Billings District,1997-07-01,165.48428287710644
blm_billings_Billings District,1997-08-01,146.64808976682198
blm_billings_Billings District,1997-09-01,124.03636052333637
blm_billings_Billings District,1997-10-01,75.06236594483936
blm_billings_Billings District,1997-11-01,39.289979905928746
blm_billings_Billings District,1997-12-01,31.040214518120077
blm_billings_Billings District,1998-01-01,28.54932979220679
blm_billings_Billings District,1998-02-01,35.654557668172004
blm_billings_Billings District,1998-03-01,52.63927604302005
blm_billings_Billings District,1998-04-01,95.6947720351232
blm_billings_Billings District,1998-05-01,145.30988611420742
blm_billings_Billings District,1998-06-01,122.70998658187906
blm_billings_Billings District,1998-07-01,181.81591820141585
blm_billings_Billings District,1998-08-01,158.4430964037816
blm_billings_Billings District,1998-09-01,119.3354222269544
blm_billings_Billings District,1998-10-01,64.17992623945344
blm_billings_Billings District,1998-11-01,36.48894105072635
blm_billings_Billings District,1998-12-01,34.527144779149076
blm_billings_Billings District,1999-01-01,31.767057696232527
blm_billings_Billings District,1999-02-01,50.606568353745
blm_billings_Billings District,1999-03-01,75.74410183244352
blm_billings_Billings District,1999-04-01,87.51189672787132
blm_billings_Billings District,1999-05-01,124.36930301553762
blm_billings_Billings District,1999-06-01,148.74711804735117
blm_billings_Billings District,1999-07-01,195.1935658544382
blm_billings_Billings District,1999-08-01,160.370107274912
blm_billings_Billings District,1999-09-01,106.45995297061215
blm_billings_Billings District,1999-10-01,88.53951069113397
blm_billings_Billings District,1999-11-01,62.768900739603325
blm_billings_Billings District,1999-12-01,40.9055965253559
blm_billings_Billings District,2000-01-01,28.601307002852494
blm_billings_Billings District,2000-02-01,38.46373994228987
blm_billings_Billings District,2000-03-01,74.69085120899108
blm_billings_Billings District,2000-04-01,104.08766756748066
blm_billings_Billings District,2000-05-01,135.38398115756365
blm_billings_Billings District,2000-06-01,158.83468490886943
blm_billings_Billings District,2000-07-01,193.73247317398523
blm_billings_Billings District,2000-08-01,177.851776176739
blm_billings_Billings District,2000-09-01,119.87285510464584
blm_billings_Billings District,2000-10-01,62.16283512498994
blm_billings_Billings District,2000-11-01,29.07345846447165
blm_billings_Billings District,2000-12-01,22.937164953183235
blm_billings_Billings District,2001-01-01,32.904490651777536
blm_billings_Billings District,2001-02-01,25.953719887592836
blm_billings_Billings District,2001-03-01,64.50207778787485
blm_billings_Billings District,2001-04-01,94.78505353441827
blm_billings_Billings District,2001-05-01,162.35130701755392
blm_billings_Billings District,2001-06-01,150.38974536711666
blm_billings_Billings District,2001-07-01,179.29611254633272
blm_billings_Billings District,2001-08-01,176.97097850676835
blm_billings_Billings District,2001-09-01,117.08840462477534
blm_billings_Billings District,2001-10-01,78.61424261763013
blm_billings_Billings District,2001-11-01,50.55894771082472
blm_billings_Billings District,2001-12-01,28.093699802981625
blm_billings_Billings District,2002-01-01,36.36947051162055
blm_billings_Billings District,2002-02-01,47.60046914627341
blm_billings_Billings District,2002-03-01,48.6440013049435
blm_billings_Billings District,2002-04-01,86.91859917602335
blm_billings_Billings District,2002-05-01,129.27902143953952
blm_billings_Billings District,2002-06-01,157.22285526112
blm_billings_Billings District,2002-07-01,202.42523464888095
blm_billings_Billings District,2002-08-01,155.0012399351309
blm_billings_Billings District,2002-09-01,111.79078411480697
blm_billings_Billings District,2002-10-01,59.26900128832452
blm_billings_Billings District,2002-11-01,55.60559647843921
blm_billings_Billings District,2002-12-01,33.015549619140316
blm_billings_Billings District,2003-01-01,39.75201074367554
blm_billings_Billings District,2003-02-01,28.3408512346866
blm_billings_Billings District,2003-03-01,65.15650131875005
blm_billings_Billings District,2003-04-01,98.09939678744401
blm_billings_Billings District,2003-05-01,126.09943031945113
blm_billings_Billings District,2003-06-01,148.88438329364274
blm_billings_Billings District,2003-07-01,212.07141420604717
blm_billings_Billings District,2003-08-01,179.59135397893175
blm_billings_Billings District,2003-09-01,117.22014073584099
blm_billings_Billings District,2003-10-01,91.95455756967253
blm_billings_Billings District,2003-11-01,39.79333111491983
blm_billings_Billings District,2003-12-01,29.046782897240995
blm_billings_Billings District,2004-01-01,29.87319040618058
blm_billings_Billings District,2004-02-01,36.993900784218916
blm_billings_Billings District,2004-03-01,90.56484573072787
blm_billings_Billings District,2004-04-01,101.96561666851709
blm_billings_Billings District,2004-05-01,127.35519423753263
blm_billings_Billings District,2004-06-01,144.01099183795918
blm_billings_Billings District,2004-07-01,182.02426270441458
blm_billings_Billings District,2004-08-01,152.25405494393357
blm_billings_Billings District,2004-09-01,102.90445701046859
blm_billings_Billings District,2004-10-01,63.9467828599761
blm_billings_Billings District,2004-11-01,46.36035524168858
blm_billings_Billings District,2004-12-01,41.409953063039296
blm_billings_Billings District,2005-01-01,30.15127347110104
blm_billings_Billings District,2005-02-01,47.17030830741248
blm_billings_Billings District,2005-03-01,73.957339112944
blm_billings_Billings District,2005-04-01,98.15589810440432
blm_billings_Billings District,2005-05-01,118.70077075140087
blm_billings_Billings District,2005-06-01,146.09024785479016
blm_billings_Billings District,2005-07-01,200.86508043713607
blm_billings_Billings District,2005-08-01,157.62376014412888
blm_billings_Billings District,2005-09-01,121.09574391822713
blm_billings_Billings District,2005-10-01,66.53884044473357
blm_billings_Billings District,2005-11-01,45.635958415893064
blm_billings_Billings District,2005-12-01,33.027010766814286
blm_billings_Billings District,2006-01-01,47.822553591178504
blm_billings_Billings District,2006-02-01,47.867995896863555
blm_billings_Billings District,2006-03-01,60.92915541365063
blm_billings_Billings District,2006-04-01,104.59276128774034
blm_billings_Billings District,2006-05-01,145.617091135429
blm_billings_Billings District,2006-06-01,174.02168230205055
blm_billings_Billings District,2006-07-01,209.5118633607757
blm_billings_Billings District,2006-08-01,171.9807305783433
blm_billings_Billings District,2006-09-01,110.93257364319093
blm_billings_Billings District,2006-10-01,58.02600531028359
blm_billings_Billings District,2006-11-01,48.57094502832551
blm_billings_Billings District,2006-12-01,39.31544906652006
blm_billings_Billings District,2007-01-01,36.726038853540494
blm_billings_Billings District,2007-02-01,32.046715820123296
blm_billings_Billings District,2007-03-01,89.5749329012137
blm_billings_Billings District,2007-04-01,91.60449055116874
blm_billings_Billings District,2007-05-01,133.82486592924306
blm_billings_Billings District,2007-06-01,164.53589134114037
blm_billings_Billings District,2007-07-01,199.078921034253
blm_billings_Billings District,2007-08-01,171.69044914450146
blm_billings_Billings District,2007-09-01,116.3010724044677
blm_billings_Billings District,2007-10-01,73.91340475619319
blm_billings_Billings District,2007-11-01,49.69520777224216
blm_billings_Billings District,2007-12-01,31.24648127415225
blm_billings_Billings District,2008-01-01,34.44115281935991
blm_billings_Billings District,2008-02-01,43.050770780675855
blm_billings_Billings District,2008-03-01,65.65556293262553
blm_billings_Billings District,2008-04-01,101.11387399693916
blm_billings_Billings District,2008-05-01,122.15921578905858
blm_billings_Billings District,2008-06-01,152.99805627623448
blm_billings_Billings District,2008-07-01,194.9207774870517
blm_billings_Billings District,2008-08-01,177.5351540562934
blm_billings_Billings District,2008-09-01,97.299932968201
blm_billings_Billings District,2008-10-01,72.54929620395077
blm_billings_Billings District,2008-11-01,46.650737222334016
blm_billings_Billings District,2008-12-01,27.05472525994196
blm_billings_Billings District,2009-01-01,42.265080388685334
blm_billings_Billings District,2009-02-01,38.84487270989303
blm_billings_Billings District,2009-03-01,59.48401471181465
blm_billings_Billings District,2009-04-01,87.91209776471831
blm_billings_Billings District,2009-05-01,146.9751005530677
blm_billings_Billings District,2009-06-01,140.5542895851442
blm_billings_Billings District,2009-07-01,173.59544237561263
blm_billings_Billings District,2009-08-01,160.15774128584056
blm_billings_Billings District,2009-09-01,136.3670241915828
blm_billings_Billings District,2009-10-01,55.15710446534144
blm_billings_Billings District,2009-11-01,50.91146106438726
blm_billings_Billings District,2009-12-01,20.38180305171588
blm_billings_Billings District,2010-01-01,27.915382054152502
blm_billings_Billings District,2010-02-01,26.72680971322047
blm_billings_Billings District,2010-03-01,78.75851207508158
blm_billings_Billings District,2010-04-01,98.56467821131443
blm_billings_Billings District,2010-05-01,117.82922241323435
blm_billings_Billings District,2010-06-01,145.59098522912402
blm_billings_Billings District,2010-07-01,185.6313673638147
blm_billings_Billings District,2010-08-01,163.42151482047728
blm_billings_Billings District,2010-09-01,112.38693027649744
blm_billings_Billings District,2010-10-01,84.12221840303641
blm_billings_Billings District,2010-11-01,38.76779492099547
blm_billings_Billings District,2010-12-01,24.449631418683254
blm_billings_Billings District,2011-01-01,29.518364617396294
blm_billings_Billings District,2011-02-01,33.462667601997026
blm_billings_Billings District,2011-03-01,59.70331767033636
blm_billings_Billings District,2011-04-01,81.64219170409297
blm_billings_Billings District,2011-05-01,98.191420750707465
blm_billings_Billings District,2011-06-01,141.84772110752382
blm_billings_Billings District,2011-07-01,193.39400126275683
blm_billings_Billings District,2011-08-01,175.99922928030304
blm_billings_Billings District,2011-09-01,131.64477208728127
blm_billings_Billings District,2011-10-01,83.80636723878875
blm_billings_Billings District,2011-11-01,45.45609917333874
blm_billings_Billings District,2011-12-01,36.74356570352498
blm_billings_Billings District,2012-01-01,46.953619340789224
blm_billings_Billings District,2012-02-01,37.28451736682861
blm_billings_Billings District,2012-03-01,95.31179616150843
blm_billings_Billings District,2012-04-01,113.77781502618866
blm_billings_Billings District,2012-05-01,138.1482238386016
blm_billings_Billings District,2012-06-01,187.3687332168661
blm_billings_Billings District,2012-07-01,212.15562993272061
blm_billings_Billings District,2012-08-01,183.0002681256619
blm_billings_Billings District,2012-09-01,141.71270096142234
blm_billings_Billings District,2012-10-01,75.5233244116121
blm_billings_Billings District,2012-11-01,52.563605818607854
blm_billings_Billings District,2012-12-01,31.490817698972155
blm_billings_Billings District,2013-01-01,32.698324463642315
blm_billings_Billings District,2013-02-01,36.2962466775572
blm_billings_Billings District,2013-03-01,65.95385382322459
blm_billings_Billings District,2013-04-01,89.1189343040814
blm_billings_Billings District,2013-05-01,135.08937659532072
blm_billings_Billings District,2013-06-01,160.39400134713017
blm_billings_Billings District,2013-07-01,195.82667570139702
blm_billings_Billings District,2013-08-01,176.25492646163653
blm_billings_Billings District,2013-09-01,117.34447050989473
blm_billings_Billings District,2013-10-01,60.52952398499599
blm_billings_Billings District,2013-11-01,37.39979890332465
blm_billings_Billings District,2013-12-01,23.836059056082615
blm_billings_Billings District,2014-01-01,41.60398792325651
blm_billings_Billings District,2014-02-01,28.266957075602246
blm_billings_Billings District,2014-03-01,58.35033509175196
blm_billings_Billings District,2014-04-01,98.95160850187409
blm_billings_Billings District,2014-05-01,123.41296923639946
blm_billings_Billings District,2014-06-01,139.2019437656965
blm_billings_Billings District,2014-07-01,194.2677950462771
blm_billings_Billings District,2014-08-01,133.60361928658574
blm_billings_Billings District,2014-09-01,103.16839807730258
blm_billings_Billings District,2014-10-01,83.24611258187178
blm_billings_Billings District,2014-11-01,38.687634043655194
blm_billings_Billings District,2014-12-01,28.592325726399153
blm_billings_Billings District,2015-01-01,36.66725874138901
blm_billings_Billings District,2015-02-01,42.597754703450136
blm_billings_Billings District,2015-03-01,96.86699058031589
blm_billings_Billings District,2015-04-01,96.51880010395203
blm_billings_Billings District,2015-05-01,109.52969165781548
blm_billings_Billings District,2015-06-01,159.14142093198228
blm_billings_Billings District,2015-07-01,182.2726205820692
blm_billings_Billings District,2015-08-01,165.88445042668974
blm_billings_Billings District,2015-09-01,127.09071714692716
blm_billings_Billings District,2015-10-01,75.06343824166714
blm_billings_Billings District,2015-11-01,37.74366621549264
blm_billings_Billings District,2015-12-01,30.7997319282859
blm_billings_Billings District,2016-01-01,31.430797596719245
blm_billings_Billings District,2016-02-01,62.39155491555344
blm_billings_Billings District,2016-03-01,83.08729887392182
blm_billings_Billings District,2016-04-01,95.78997986054613
blm_billings_Billings District,2016-05-01,128.41779496650594
blm_billings_Billings District,2016-06-01,182.35643433885343
blm_billings_Billings District,2016-07-01,186.75703749260379
blm_billings_Billings District,2016-08-01,164.11115947038175
blm_billings_Billings District,2016-09-01,104.9615281209869
blm_billings_Billings District,2016-10-01,66.8461461207822
blm_billings_Billings District,2016-11-01,54.465382026283734
blm_billings_Billings District,2016-12-01,22.309550996440347
blm_billings_Billings District,2017-01-01,24.975435697041632
blm_billings_Billings District,2017-02-01,41.562030810772896
blm_billings_Billings District,2017-03-01,72.33870641156112
blm_billings_Billings District,2017-04-01,92.986494637047
blm_billings_Billings District,2017-05-01,138.21005364589334
blm_billings_Billings District,2017-06-01,167.18039537179246
blm_billings_Billings District,2017-07-01,200.95067035992088
blm_billings_Billings District,2017-08-01,157.91119299625265
blm_billings_Billings District,2017-09-01,104.77969166804255
blm_billings_Billings District,2017-10-01,86.54453749439352
blm_billings_Billings District,2017-11-01,40.23783508382598
blm_billings_Billings District,2017-12-01,32.66370644518262
blm_billings_Billings District,2018-01-01,30.581870007451034
blm_billings_Billings District,2018-02-01,21.49369981301694
blm_billings_Billings District,2018-03-01,52.25164198811508
blm_billings_Billings District,2018-04-01,83.68951077243918
blm_billings_Billings District,2018-05-01,127.21166216464209
blm_billings_Billings District,2018-06-01,136.3748323118399
blm_billings_Billings District,2018-07-01,171.7754357059264
blm_billings_Billings District,2018-08-01,146.60579755542744
blm_billings_Billings District,2018-09-01,93.72563673791554
blm_billings_Billings District,2018-10-01,58.68119969892118
blm_billings_Billings District,2018-11-01,36.733914182269224
blm_billings_Billings District,2018-12-01,36.11444367160746
blm_billings_Billings District,2019-01-01,34.318264056146944
blm_billings_Billings District,2019-02-01,16.01109258003593
blm_billings_Billings District,2019-03-01,51.576005292641895
blm_billings_Billings District,2019-04-01,83.3921581746426
blm_billings_Billings District,2019-05-01,101.96380687590899
blm_billings_Billings District,2019-06-01,145.11447709878712
blm_billings_Billings District,2019-07-01,165.23398127057277
blm_billings_Billings District,2019-08-01,151.1512064358504
blm_billings_Billings District,2019-09-01,100.47674266518601
blm_billings_Billings District,2019-10-01,58.659249326179236
blm_billings_Billings District,2019-11-01,39.00663536930851
blm_billings_Billings District,2019-12-01,33.742258730906265
blm_billings_Billings District,2020-01-01,36.8346849826961
blm_billings_Billings District,2020-02-01,39.71320377661779
blm_billings_Billings District,2020-03-01,64.88615951461382
blm_billings_Billings District,2020-04-01,93.38451735136017
blm_billings_Billings District,2020-05-01,127.93505361572348
blm_billings_Billings District,2020-06-01,158.13153478862773
blm_billings_Billings District,2020-07-01,181.24778820937823
blm_billings_Billings District,2020-08-01,169.2150468340508
blm_billings_Billings District,2020-09-01,132.2956432567525
blm_billings_Billings District,2020-10-01,73.75921588161356
blm_billings_Billings District,2020-11-01,52.131065614102035
blm_billings_Billings District,2020-12-01,42.38294234288602
blm_billings_Billings District,2021-01-01,38.00908178170948
blm_billings_Billings District,2021-02-01,26.807573793401026
blm_billings_Billings District,2021-03-01,72.47426267475609
blm_billings_Billings District,2021-04-01,92.00204426609479
blm_billings_Billings District,2021-05-01,122.45365282421777
blm_billings_Billings District,2021-06-01,191.60097194548905
blm_billings_Billings District,2021-07-01,200.1884049167582
blm_billings_Billings District,2021-08-01,161.0667226116395
blm_billings_Billings District,2021-09-01,137.295241245955
blm_billings_Billings District,2021-10-01,76.62205097566661
blm_billings_Billings District,2021-11-01,61.59359914431943
blm_billings_Billings District,2021-12-01,31.512332472660585
blm_billings_Billings District,2022-01-01,40.12754689720297
blm_billings_Billings District,2022-02-01,40.82208439619867
blm_billings_Billings District,2022-03-01,70.92784850654908
blm_billings_Billings District,2022-04-01,80.53823724445006
blm_billings_Billings District,2022-05-01,118.32885388075186
blm_billings_Billings District,2022-06-01,150.45951734599095
blm_billings_Billings District,2022-07-01,193.53820386584897
blm_billings_Billings District,2022-08-01,171.17808308230647
blm_billings_Billings District,2022-09-01,132.9608579615166
blm_billings_Billings District,2022-10-01,73.90123990138159
blm_billings_Billings District,2022-11-01,32.24256032209933
blm_billings_Billings District,2022-12-01,20.361427666674352
blm_billings_Billings District,2023-01-01,31.555630063563186
blm_billings_Billings District,2023-02-01,43.38622652110082
blm_billings_Billings District,2023-03-01,44.57697717753556
blm_billings_Billings District,2023-04-01,93.10083774459267
blm_billings_Billings District,2023-05-01,136.25425605415978
blm_billings_Billings District,2023-06-01,125.74919555653835
blm_billings_Billings District,2023-07-01,177.37556956600568
blm_billings_Billings District,2023-08-01,162.19185661438644
blm_billings_Billings District,2023-09-01,114.13418230358461
blm_billings_Billings District,2023-10-01,60.915147459219355
blm_billings_Billings District,2023-11-01,51.97553605112889
blm_billings_Billings District,2023-12-01,42.504222528544574
blm_billings_Billings District,2024-01-01,29.070576431923833
blm_billings_Billings District,2024-02-01,40.07754691292709
blm_billings_Billings District,2024-03-01,58.01983911677915
blm_billings_Billings District,2024-04-01,103.65941686476843
blm_billings_Billings District,2024-05-01,123.49400141923101
blm_billings_Billings District,2024-06-01,164.06263411780145
blm_billings_Billings District,2024-07-01,193.90435648859346
blm_billings_Billings District,2024-08-01,157.3185657035889
blm_billings_Billings District,2024-09-01,126.85452400391607
blm_billings_Billings District,2024-10-01,87.09664879919058
blm_billings_Billings District,2024-11-01,37.57171577103336
blm_billings_Billings District,2024-12-01,42.149497289759864
blm_billings_Billings District,2025-01-01,28.301575114196492
blm_billings_Billings District,2025-02-01,27.227178314735678
blm_billings_Billings District,2025-03-01,74.84912868990655
blm_billings_Billings District,2025-04-01,93.19808969165301
blm_billings_Billings District,2025-05-01,130.2826406949327
blm_billings_Billings District,2025-06-01,149.80144117217282
blm_billings_Billings District,2025-07-01,173.2830430611209
blm_billings_Billings District,2025-08-01,156.81229904317985
blm_billings_Billings District,2025-09-01,115.4096178918997
blm_billings_Billings District,2025-10-01,31.483713089301183
blm_butte_Butte District,1979-01-01,11.428747615530261
blm_butte_Butte District,1979-02-01,31.94486656130217
blm_butte_Butte District,1979-03-01,51.76057487934277
blm_butte_Butte District,1979-04-01,78.23131417738584
blm_butte_Butte District,1979-05-01,120.99342913304511
blm_butte_Butte District,1979-06-01,153.91257687907444
blm_butte_Butte District,1979-07-01,172.48542096335785
blm_butte_Butte District,1979-08-01,140.88870621510844
blm_butte_Butte District,1979-09-01,123.54589317760428
blm_butte_Butte District,1979-10-01,69.91699182326299
blm_butte_Butte District,1979-11-01,26.04060581283648
blm_butte_Butte District,1979-12-01,34.957751532599666
blm_butte_Butte District,1980-01-01,17.022946756968018
blm_butte_Butte District,1980-02-01,28.574794667457407
blm_butte_Butte District,1980-03-01,45.82315188413773
blm_butte_Butte District,1980-04-01,104.9868070105018
blm_butte_Butte District,1980-05-01,113.30000002428247
blm_butte_Butte District,1980-06-01,131.58557490793342
blm_butte_Butte District,1980-07-01,170.19337772784536
blm_butte_Butte District,1980-08-01,136.57643724320116
blm_butte_Butte District,1980-09-01,101.02838806058347
blm_butte_Butte District,1980-10-01,63.861242327602
blm_butte_Butte District,1980-11-01,34.43157085500948
blm_butte_Butte District,1980-12-01,33.34440457502674
blm_butte_Butte District,1981-01-01,20.42654013780598
blm_butte_Butte District,1981-02-01,34.30297737983218
blm_butte_Butte District,1981-03-01,59.63110883426862
blm_butte_Butte District,1981-04-01,91.47638604283577
blm_butte_Butte District,1981-05-01,98.94476372407448
blm_butte_Butte District,1981-06-01,127.92412728891236
blm_butte_Butte District,1981-07-01,170.44040035271303
blm_butte_Butte District,1981-08-01,153.98146798919115
blm_butte_Butte District,1981-09-01,107.81155020696181
blm_butte_Butte District,1981-10-01,53.96432231632836
blm_butte_Butte District,1981-11-01,31.881262849733325
blm_butte_Butte District,1981-12-01,22.573049374429598
blm_butte_Butte District,1982-01-01,25.90898362909744
blm_butte_Butte District,1982-02-01,36.31252566695947
blm_butte_Butte District,1982-03-01,49.26976383882871
blm_butte_Butte District,1982-04-01,79.47043119269965
blm_butte_Butte District,1982-05-01,107.035112897963
blm_butte_Butte District,1982-06-01,123.91683782933919
blm_butte_Butte District,1982-07-01,155.70590341556243
blm_butte_Butte District,1982-08-01,153.56401421548895
blm_butte_Butte District,1982-09-01,91.64070840048349
blm_butte_Butte District,1982-10-01,53.1600615101918
blm_butte_Butte District,1982-11-01,26.416427110010105
blm_butte_Butte District,1982-12-01,20.0771048330918
blm_butte_Butte District,1983-01-01,26.997638664696005
blm_butte_Butte District,1983-02-01,34.7985625751699
blm_butte_Butte District,1983-03-01,55.59004102154679
blm_butte_Butte District,1983-04-01,77.57469194282986
blm_butte_Butte District,1983-05-01,115.23644773181704
blm_butte_Butte District,1983-06-01,130.34245370007147
blm_butte_Butte District,1983-07-01,163.53480503152772
blm_butte_Butte District,1983-08-01,149.63008222247052
blm_butte_Butte District,1983-09-01,94.5320841301638
blm_butte_Butte District,1983-10-01,59.666221663692404
blm_butte_Butte District,1983-11-01,26.441375896916007
blm_butte_Butte District,1983-12-01,16.943223958632295
blm_butte_Butte District,1984-01-01,27.922381969937554
blm_butte_Butte District,1984-02-01,35.07766939335535
blm_butte_Butte District,1984-03-01,51.22073912865327
blm_butte_Butte District,1984-04-01,79.36493839522407
blm_butte_Butte District,1984-05-01,122.437936359852
blm_butte_Butte District,1984-06-01,131.4041067354488
blm_butte_Butte District,1984-07-01,173.3516940404747
blm_butte_Butte District,1984-08-01,155.16437375031458
blm_butte_Butte District,1984-09-01,90.15528746845786
blm_butte_Butte District,1984-10-01,50.16262835790489
blm_butte_Butte District,1984-11-01,30.49317251877129
blm_butte_Butte District,1984-12-01,22.580184909597314
blm_butte_Butte District,1985-01-01,18.06858328382582
blm_butte_Butte District,1985-02-01,32.208572880688145
blm_butte_Butte District,1985-03-01,51.826539894393825
blm_butte_Butte District,1985-04-01,101.85908616788578
blm_butte_Butte District,1985-05-01,133.11581121284124
blm_butte_Butte District,1985-06-01,159.71370646106635
blm_butte_Butte District,1985-07-01,186.37453788898318
blm_butte_Butte District,1985-08-01,134.69630369464474
blm_butte_Butte District,1985-09-01,76.02689938085035
blm_butte_Butte District,1985-10-01,63.82176586636773
blm_butte_Butte District,1985-11-01,22.944661284863827
blm_butte_Butte District,1985-12-01,22.649897409905154
blm_butte_Butte District,1986-01-01,31.789322391427763
blm_butte_Butte District,1986-02-01,30.103131428881102
blm_butte_Butte District,1986-03-01,72.7313140618483
blm_butte_Butte District,1986-04-01,82.1027207286451
blm_butte_Butte District,1986-05-01,125.43973314884506
blm_butte_Butte District,1986-06-01,156.49070857633555
blm_butte_Butte District,1986-07-01,158.59943540287213
blm_butte_Butte District,1986-08-01,149.0541068317954
blm_butte_Butte District,1986-09-01,73.84014367371859
blm_butte_Butte District,1986-10-01,58.79994868057219
blm_butte_Butte District,1986-11-01,29.90569815841299
blm_butte_Butte District,1986-12-01,20.58567775886896
blm_butte_Butte District,1987-01-01,24.859240343928093
blm_butte_Butte District,1987-02-01,30.02304929090966
blm_butte_Butte District,1987-03-01,58.84399379401236
blm_butte_Butte District,1987-04-01,116.25539018681896
blm_butte_Butte District,1987-05-01,121.31796712699122
blm_butte_Butte District,1987-06-01,156.6063655367622
blm_butte_Butte District,1987-07-01,153.43151940065732
blm_butte_Butte District,1987-08-01,137.5519506701209
blm_butte_Butte District,1987-09-01,109.92741264797579
blm_butte_Butte District,1987-10-01,78.17156054009158
blm_butte_Butte District,1987-11-01,29.426334732122246
blm_butte_Butte District,1987-12-01,22.35754628935389
blm_butte_Butte District,1988-01-01,23.083675672386217
blm_butte_Butte District,1988-02-01,39.21894250415434
blm_butte_Butte District,1988-03-01,56.51088290048086
blm_butte_Butte District,1988-04-01,95.03834697793886
blm_butte_Butte District,1988-05-01,132.0559034680439
blm_butte_Butte District,1988-06-01,177.47340854433284
blm_butte_Butte District,1988-07-01,195.8894250074696
blm_butte_Butte District,1988-08-01,169.78162217580808
blm_butte_Butte District,1988-09-01,104.44517453642106
blm_butte_Butte District,1988-10-01,72.32412722272305
blm_butte_Butte District,1988-11-01,27.135215651083286
blm_butte_Butte District,1988-12-01,21.321868704574552
blm_butte_Butte District,1989-01-01,24.55898365690478
blm_butte_Butte District,1989-02-01,20.970431284738027
blm_butte_Butte District,1989-03-01,50.42340856509042
blm_butte_Butte District,1989-04-01,86.65857280402213
blm_butte_Butte District,1989-05-01,112.06391180614182
blm_butte_Butte District,1989-06-01,141.22145782799691
blm_butte_Butte District,1989-07-01,184.08998968762785
blm_butte_Butte District,1989-08-01,128.95898363085988
blm_butte_Butte District,1989-09-01,103.36945580359112
blm_butte_Butte District,1989-10-01,56.25903485002459
blm_butte_Butte District,1989-11-01,39.24291582029213
blm_butte_Butte District,1989-12-01,21.504671570211954
blm_butte_Butte District,1990-01-01,23.537987773668107
blm_butte_Butte District,1990-02-01,34.35903493285913
blm_butte_Butte District,1990-03-01,54.128439352987236
blm_butte_Butte District,1990-04-01,82.06904511970662
blm_butte_Butte District,1990-05-01,105.07043120993237
blm_butte_Butte District,1990-06-01,143.6595997506833
blm_butte_Butte District,1990-07-01,172.02818272099114
blm_butte_Butte District,1990-08-01,142.90867565397855
blm_butte_Butte District,1990-09-01,118.64871663479344
blm_butte_Butte District,1990-10-01,72.9200204676916
blm_butte_Butte District,1990-11-01,40.04363449398252
blm_butte_Butte District,1990-12-01,23.805390192497928
blm_butte_Butte District,1991-01-01,24.343685889880515
blm_butte_Butte District,1991-02-01,38.69727928192953
blm_butte_Butte District,1991-03-01,53.28259748697771
blm_butte_Butte District,1991-04-01,71.52813138903043
blm_butte_Butte District,1991-05-01,104.52027722697483
blm_butte_Butte District,1991-06-01,134.21519496847228
blm_butte_Butte District,1991-07-01,186.0716632318203
blm_butte_Butte District,1991-08-01,165.68572883684288
blm_butte_Butte District,1991-09-01,97.27258718283025
blm_butte_Butte District,1991-10-01,73.9186344812538
blm_butte_Butte District,1991-11-01,24.264989796115632
blm_butte_Butte District,1991-12-01,26.245225926933838
blm_butte_Butte District,1992-01-01,29.47674540621544
blm_butte_Butte District,1992-02-01,37.11155029586698
blm_butte_Butte District,1992-03-01,65.56026692165241
blm_butte_Butte District,1992-04-01,95.93942502783554
blm_butte_Butte District,1992-05-01,135.95929156779263
blm_butte_Butte District,1992-06-01,136.898203452265
blm_butte_Butte District,1992-07-01,145.83044135154395
blm_butte_Butte District,1992-08-01,144.72053403678126
blm_butte_Butte District,1992-09-01,110.69892194383688
blm_butte_Butte District,1992-10-01,62.138706328687725
blm_butte_Butte District,1992-11-01,21.17623213869835
blm_butte_Butte District,1992-12-01,18.84070851670643
blm_butte_Butte District,1993-01-01,21.046663348924454
blm_butte_Butte District,1993-02-01,23.89522589403501
blm_butte_Butte District,1993-03-01,59.27566720817613
blm_butte_Butte District,1993-04-01,73.04265912896064
blm_butte_Butte District,1993-05-01,127.46904513772263
blm_butte_Butte District,1993-06-01,116.51155038242223
blm_butte_Butte District,1993-07-01,123.45205339122357
blm_butte_Butte District,1993-08-01,122.17900416395747
blm_butte_Butte District,1993-09-01,96.94784393153886
blm_butte_Butte District,1993-10-01,58.0200718012189
blm_butte_Butte District,1993-11-01,30.40949694968347
blm_butte_Butte District,1993-12-01,24.683367593822048
blm_butte_Butte District,1994-01-01,25.851283409757045
blm_butte_Butte District,1994-02-01,31.443275159878898
blm_butte_Butte District,1994-03-01,70.603234085459
blm_butte_Butte District,1994-04-01,87.7739732515151
blm_butte_Butte District,1994-05-01,127.32797744876305
blm_butte_Butte District,1994-06-01,148.62751530719734
blm_butte_Butte District,1994-07-01,166.10097527944578
blm_butte_Butte District,1994-08-01,161.10092397685904
blm_butte_Butte District,1994-09-01,117.55600606930085
blm_butte_Butte District,1994-10-01,49.92053383625508
blm_butte_Butte District,1994-11-01,23.896303970955724
blm_butte_Butte District,1994-12-01,19.746252704449994
blm_butte_Butte District,1995-01-01,20.878952828031302
blm_butte_Butte District,1995-02-01,33.879466136622966
blm_butte_Butte District,1995-03-01,52.55390135120807
blm_butte_Butte District,1995-04-01,69.41391158838292
blm_butte_Butte District,1995-05-01,106.7463038755883
blm_butte_Butte District,1995-06-01,118.89922984865412
blm_butte_Butte District,1995-07-01,159.08408605978963
blm_butte_Butte District,1995-08-01,154.01278223981603
blm_butte_Butte District,1995-09-01,91.4477413576976
blm_butte_Butte District,1995-10-01,54.70852153746744
blm_butte_Butte District,1995-11-01,34.78788503827011
blm_butte_Butte District,1995-12-01,23.116837879715515
blm_butte_Butte District,1996-01-01,19.89383993574726
blm_butte_Butte District,1996-02-01,35.28547228728966
blm_butte_Butte District,1996-03-01,47.851848003066294
blm_butte_Butte District,1996-04-01,84.24425058541112
blm_butte_Butte District,1996-05-01,87.99789522707584
blm_butte_Butte District,1996-06-01,151.97448663887792
blm_butte_Butte District,1996-07-01,176.8290553631479
blm_butte_Butte District,1996-08-01,157.2667864617381
blm_butte_Butte District,1996-09-01,95.94830583889626
blm_butte_Butte District,1996-10-01,62.72715604378702
blm_butte_Butte District,1996-11-01,24.984394330997976
blm_butte_Butte District,1996-12-01,22.91042102190993
blm_butte_Butte District,1997-01-01,21.444558606745037
blm_butte_Butte District,1997-02-01,24.806108875196326
blm_butte_Butte District,1997-03-01,61.006468136452554
blm_butte_Butte District,1997-04-01,68.02808012365071
blm_butte_Butte District,1997-05-01,124.89014376066548
blm_butte_Butte District,1997-06-01,123.2014887494473
blm_butte_Butte District,1997-07-01,151.51740242568374
blm_butte_Butte District,1997-08-01,133.8512321331173
blm_butte_Butte District,1997-09-01,102.68418895635271
blm_butte_Butte District,1997-10-01,55.27556463237661
blm_butte_Butte District,1997-11-01,29.258470222935294
blm_butte_Butte District,1997-12-01,21.60944566736476
blm_butte_Butte District,1998-01-01,21.853131494972494
blm_butte_Butte District,1998-02-01,26.95518482832938
blm_butte_Butte District,1998-03-01,50.1504619645387
blm_butte_Butte District,1998-04-01,85.70400408993511
blm_butte_Butte District,1998-05-01,124.35739207806283
blm_butte_Butte District,1998-06-01,104.74168366622142
blm_butte_Butte District,1998-07-01,167.10959961282154
blm_butte_Butte District,1998-08-01,150.99799802415913
blm_butte_Butte District,1998-09-01,104.65918878559215
blm_butte_Butte District,1998-10-01,58.03347015968338
blm_butte_Butte District,1998-11-01,29.506468176596954
blm_butte_Butte District,1998-12-01,25.75693023816761
blm_butte_Butte District,1999-01-01,25.05574955930455
blm_butte_Butte District,1999-02-01,37.36196094322988
blm_butte_Butte District,1999-03-01,62.13167344275441
blm_butte_Butte District,1999-04-01,83.14276182578085
blm_butte_Butte District,1999-05-01,111.58177616659866
blm_butte_Butte District,1999-06-01,126.1117043700796
blm_butte_Butte District,1999-07-01,179.6021047039933
blm_butte_Butte District,1999-08-01,144.07268983578535
blm_butte_Butte District,1999-09-01,99.8196611776489
blm_butte_Butte District,1999-10-01,79.90092398351712
blm_butte_Butte District,1999-11-01,54.040451715614275
blm_butte_Butte District,1999-12-01,26.76047230892847
blm_butte_Butte District,2000-01-01,26.089887080985662
blm_butte_Butte District,2000-02-01,37.41329566164428
blm_butte_Butte District,2000-03-01,63.71144760022173
blm_butte_Butte District,2000-04-01,97.24861390585772
blm_butte_Butte District,2000-05-01,115.4883982954084
blm_butte_Butte District,2000-06-01,147.40759747718639
blm_butte_Butte District,2000-07-01,180.76006172227173
blm_butte_Butte District,2000-08-01,167.96267972785589
blm_butte_Butte District,2000-09-01,102.86976377577263
blm_butte_Butte District,2000-10-01,55.040349024277205
blm_butte_Butte District,2000-11-01,22.217556551496596
blm_butte_Butte District,2000-12-01,20.56632456348662
blm_butte_Butte District,2001-01-01,24.684856350172225
blm_butte_Butte District,2001-02-01,26.17931214935726
blm_butte_Butte District,2001-03-01,58.61370634004565
blm_butte_Butte District,2001-04-01,83.62715587772628
blm_butte_Butte District,2001-05-01,142.33162234500205
blm_butte_Butte District,2001-06-01,139.05256675547886
blm_butte_Butte District,2001-07-01,156.7879364749979
blm_butte_Butte District,2001-08-01,166.74199184989538
blm_butte_Butte District,2001-09-01,112.07407593776068
blm_butte_Butte District,2001-10-01,68.44851118044687
blm_butte_Butte District,2001-11-01,39.58254621258996
blm_butte_Butte District,2001-12-01,20.389219804955705
blm_butte_Butte District,2002-01-01,23.17376803568501
blm_butte_Butte District,2002-02-01,35.03685837164062
blm_butte_Butte District,2002-03-01,49.638295667127416
blm_butte_Butte District,2002-04-01,78.92387052923748
blm_butte_Butte District,2002-05-01,115.6987679969114
blm_butte_Butte District,2002-06-01,133.41190967912303
blm_butte_Butte District,2002-07-01,174.00328548830882
blm_butte_Butte District,2002-08-01,139.7949691788127
blm_butte_Butte District,2002-09-01,100.40949694576695
blm_butte_Butte District,2002-10-01,56.59075968662082
blm_butte_Butte District,2002-11-01,36.9983059424884
blm_butte_Butte District,2002-12-01,23.03865510482318
blm_butte_Butte District,2003-01-01,25.527977433292772
blm_butte_Butte District,2003-02-01,24.92063656235133
blm_butte_Butte District,2003-03-01,60.94712522729956
blm_butte_Butte District,2003-04-01,82.70929153841868
blm_butte_Butte District,2003-05-01,116.37304918575092
blm_butte_Butte District,2003-06-01,139.9281315382501
blm_butte_Butte District,2003-07-01,190.94502055424684
blm_butte_Butte District,2003-08-01,161.39707387497293
blm_butte_Butte District,2003-09-01,108.26052356696472
blm_butte_Butte District,2003-10-01,79.75308006255288
blm_butte_Butte District,2003-11-01,31.05107800524827
blm_butte_Butte District,2003-12-01,21.32772085945709
blm_butte_Butte District,2004-01-01,24.779004142024924
blm_butte_Butte District,2004-02-01,30.941375778441067
blm_butte_Butte District,2004-03-01,76.82992811222586
blm_butte_Butte District,2004-04-01,92.14794665342484
blm_butte_Butte District,2004-05-01,109.23254616206677
blm_butte_Butte District,2004-06-01,130.72654009354923
blm_butte_Butte District,2004-07-01,169.53942495498814
blm_butte_Butte District,2004-08-01,134.9007698466401
blm_butte_Butte District,2004-09-01,86.54568779297189
blm_butte_Butte District,2004-10-01,56.87956876578517
blm_butte_Butte District,2004-11-01,33.573408637937824
blm_butte_Butte District,2004-12-01,26.603439464216603
blm_butte_Butte District,2005-01-01,23.749024748557403
blm_butte_Butte District,2005-02-01,38.35616019423248
blm_butte_Butte District,2005-03-01,60.33865495677846
blm_butte_Butte District,2005-04-01,88.1679158259711
blm_butte_Butte District,2005-05-01,110.39460976853263
blm_butte_Butte District,2005-06-01,124.2602156221989
blm_butte_Butte District,2005-07-01,186.48844953533072
blm_butte_Butte District,2005-08-01,146.7017453211289
blm_butte_Butte District,2005-09-01,108.33788496561853
blm_butte_Butte District,2005-10-01,60.72530800703859
blm_butte_Butte District,2005-11-01,30.504466132216873
blm_butte_Butte District,2005-12-01,24.4005134340674
blm_butte_Butte District,2006-01-01,31.41134497419275
blm_butte_Butte District,2006-02-01,36.75313137297268
blm_butte_Butte District,2006-03-01,55.97561594592962
blm_butte_Butte District,2006-04-01,90.63978436056838
blm_butte_Butte District,2006-05-01,134.19383988194397
blm_butte_Butte District,2006-06-01,151.16601649838552
blm_butte_Butte District,2006-07-01,190.29199185851172
blm_butte_Butte District,2006-08-01,156.49286440902176
blm_butte_Butte District,2006-09-01,103.69024640187101
blm_butte_Butte District,2006-10-01,52.58521560574949
blm_butte_Butte District,2006-11-01,37.73336752239439
blm_butte_Butte District,2006-12-01,26.717248483849747
blm_butte_Butte District,2007-01-01,26.72797745013384
blm_butte_Butte District,2007-02-01,29.86432242344537
blm_butte_Butte District,2007-03-01,74.78798762679834
blm_butte_Butte District,2007-04-01,88.65153998075324
blm_butte_Butte District,2007-05-01,129.94876794599654
blm_butte_Butte District,2007-06-01,158.1317759715556
blm_butte_Butte District,2007-07-01,194.15759750460208
blm_butte_Butte District,2007-08-01,164.29306976898005
blm_butte_Butte District,2007-09-01,106.0316220778949
blm_butte_Butte District,2007-10-01,61.252310004812
blm_butte_Butte District,2007-11-01,42.078234103670844
blm_butte_Butte District,2007-12-01,23.14209455386324
blm_butte_Butte District,2008-01-01,27.136961028316428
blm_butte_Butte District,2008-02-01,36.649024676493305
blm_butte_Butte District,2008-03-01,53.51683774865873
blm_butte_Butte District,2008-04-01,87.08336749458705
blm_butte_Butte District,2008-05-01,115.66252569006699
blm_butte_Butte District,2008-06-01,141.89743329465267
blm_butte_Butte District,2008-07-01,185.03665302911088
blm_butte_Butte District,2008-08-01,162.05631406889805
blm_butte_Butte District,2008-09-01,96.45564671071892
blm_butte_Butte District,2008-10-01,66.53388082711848
blm_butte_Butte District,2008-11-01,36.81878850788062
blm_butte_Butte District,2008-12-01,22.34235123050776
blm_butte_Butte District,2009-01-01,32.564835754018546
blm_butte_Butte District,2009-02-01,35.12079054423182
blm_butte_Butte District,2009-03-01,52.24122170794916
blm_butte_Butte District,2009-04-01,82.15092397568407
blm_butte_Butte District,2009-05-01,136.1560573891203
blm_butte_Butte District,2009-06-01,128.60005135898473
blm_butte_Butte District,2009-07-01,163.9889630429309
blm_butte_Butte District,2009-08-01,146.6401437606655
blm_butte_Butte District,2009-09-01,128.6986653760718
blm_butte_Butte District,2009-10-01,47.30790550654918
blm_butte_Butte District,2009-11-01,40.96160161079078
blm_butte_Butte District,2009-12-01,18.566940547504466
blm_butte_Butte District,2010-01-01,24.95549286758141
blm_butte_Butte District,2010-02-01,27.708059620318718
blm_butte_Butte District,2010-03-01,68.68418882710733
blm_butte_Butte District,2010-04-01,90.30364471294551
blm_butte_Butte District,2010-05-01,103.5131416203305
blm_butte_Butte District,2010-06-01,128.3994352979092
blm_butte_Butte District,2010-07-01,173.62669396057757
blm_butte_Butte District,2010-08-01,149.60231009450047
blm_butte_Butte District,2010-09-01,107.68357277308156
blm_butte_Butte District,2010-10-01,73.02730994645574
blm_butte_Butte District,2010-11-01,32.287115023611015
blm_butte_Butte District,2010-12-01,23.738090418202678
blm_butte_Butte District,2011-01-01,22.62284403708926
blm_butte_Butte District,2011-02-01,29.944763895422525
blm_butte_Butte District,2011-03-01,55.039938280469826
blm_butte_Butte District,2011-04-01,67.07843940899357
blm_butte_Butte District,2011-05-01,99.66391165104734
blm_butte_Butte District,2011-06-01,130.36622184894412
blm_butte_Butte District,2011-07-01,190.46534900547786
blm_butte_Butte District,2011-08-01,167.69394243228606
blm_butte_Butte District,2011-09-01,123.76314164774618
blm_butte_Butte District,2011-10-01,70.69887061970924
blm_butte_Butte District,2011-11-01,31.046919948021735
blm_butte_Butte District,2011-12-01,22.750205427224632
blm_butte_Butte District,2012-01-01,31.093685848756984
blm_butte_Butte District,2012-02-01,29.39599587687232
blm_butte_Butte District,2012-03-01,74.96042099625667
blm_butte_Butte District,2012-04-01,101.49045179707804
blm_butte_Butte District,2012-05-01,120.21868566712804
blm_butte_Butte District,2012-06-01,158.0238194122941
blm_butte_Butte District,2012-07-01,194.90723823375035
blm_butte_Butte District,2012-08-01,175.40005113260946
blm_butte_Butte District,2012-09-01,131.7211500438087
blm_butte_Butte District,2012-10-01,71.85651936815015
blm_butte_Butte District,2012-11-01,47.02962004918093
blm_butte_Butte District,2012-12-01,27.26966126302919
blm_butte_Butte District,2013-01-01,25.269969279761188
blm_butte_Butte District,2013-02-01,29.45046209505696
blm_butte_Butte District,2013-03-01,55.37248451655895
blm_butte_Butte District,2013-04-01,77.4229979955685
blm_butte_Butte District,2013-05-01,129.5686860211821
blm_butte_Butte District,2013-06-01,153.05390144520473
blm_butte_Butte District,2013-07-01,197.84676580409496
blm_butte_Butte District,2013-08-01,168.69502046416673
blm_butte_Butte District,2013-09-01,100.18259749911894
blm_butte_Butte District,2013-10-01,52.44368577639915
blm_butte_Butte District,2013-11-01,28.417299829714107
blm_butte_Butte District,2013-12-01,18.243172622314468
blm_butte_Butte District,2014-01-01,31.982238198697445
blm_butte_Butte District,2014-02-01,25.23465098101011
blm_butte_Butte District,2014-03-01,57.993172406660705
blm_butte_Butte District,2014-04-01,90.79609853873752
blm_butte_Butte District,2014-05-01,121.37633458006309
blm_butte_Butte District,2014-06-01,126.47176595683949
blm_butte_Butte District,2014-07-01,179.11765908117903
blm_butte_Butte District,2014-08-01,124.48213554162999
blm_butte_Butte District,2014-09-01,98.2026693669188
blm_butte_Butte District,2014-10-01,72.04666314722331
blm_butte_Butte District,2014-11-01,32.14984602702961
blm_butte_Butte District,2014-12-01,25.82546207988042
blm_butte_Butte District,2015-01-01,29.159394290657747
blm_butte_Butte District,2015-02-01,39.55954817922698
blm_butte_Butte District,2015-03-01,81.50251538748614
blm_butte_Butte District,2015-04-01,90.320123112422
blm_butte_Butte District,2015-05-01,110.15713557766203
blm_butte_Butte District,2015-06-01,159.8464579729084
blm_butte_Butte District,2015-07-01,166.67068795942427
blm_butte_Butte District,2015-08-01,158.67043112533537
blm_butte_Butte District,2015-09-01,113.14019498100515
blm_butte_Butte District,2015-10-01,67.70749483558922
blm_butte_Butte District,2015-11-01,30.563244385885753
blm_butte_Butte District,2015-12-01,23.596406661509487
blm_butte_Butte District,2016-01-01,26.08403494813359
blm_butte_Butte District,2016-02-01,48.416735080233344
blm_butte_Butte District,2016-03-01,64.39568777887239
blm_butte_Butte District,2016-04-01,94.02304933301232
blm_butte_Butte District,2016-05-01,115.75035919252117
blm_butte_Butte District,2016-06-01,159.42217657649297
blm_butte_Butte District,2016-07-01,171.80831610740333
blm_butte_Butte District,2016-08-01,152.04435330494718
blm_butte_Butte District,2016-09-01,93.3745380221451
blm_butte_Butte District,2016-10-01,59.05554407382158
blm_butte_Butte District,2016-11-01,44.82689931015704
blm_butte_Butte District,2016-12-01,20.227926171046263
blm_butte_Butte District,2017-01-01,21.368685911813067
blm_butte_Butte District,2017-02-01,36.85657085089713
blm_butte_Butte District,2017-03-01,69.7653490963413
blm_butte_Butte District,2017-04-01,83.64014372541675
blm_butte_Butte District,2017-05-01,127.91575989928823
blm_butte_Butte District,2017-06-01,144.6965091791486
blm_butte_Butte District,2017-07-01,181.40441477029475
blm_butte_Butte District,2017-08-01,150.88495898393634
blm_butte_Butte District,2017-09-01,95.40734078800898
blm_butte_Butte District,2017-10-01,65.16873714517519
blm_butte_Butte District,2017-11-01,31.680030809046063
blm_butte_Butte District,2017-12-01,21.819763939973022
blm_butte_Butte District,2018-01-01,27.32772078014742
blm_butte_Butte District,2018-02-01,23.31581114694568
blm_butte_Butte District,2018-03-01,55.565502973552604
blm_butte_Butte District,2018-04-01,82.05236144721876
blm_butte_Butte District,2018-05-01,121.52464053175532
blm_butte_Butte District,2018-06-01,131.29276188296214
blm_butte_Butte District,2018-07-01,173.78516435721082
blm_butte_Butte District,2018-08-01,146.85872691270018
blm_butte_Butte District,2018-09-01,99.954979365856
blm_butte_Butte District,2018-10-01,52.04204298681302
blm_butte_Butte District,2018-11-01,29.218223889016027
blm_butte_Butte District,2018-12-01,25.33285429590292
blm_butte_Butte District,2019-01-01,27.14573926455676
blm_butte_Butte District,2019-02-01,18.083778302037985
blm_butte_Butte District,2019-03-01,48.05811078249796
blm_butte_Butte District,2019-04-01,75.83095475535617
blm_butte_Butte District,2019-05-01,105.43495887114037
blm_butte_Butte District,2019-06-01,137.54471248180224
blm_butte_Butte District,2019-07-01,165.31565719071844
blm_butte_Butte District,2019-08-01,146.76324433908326
blm_butte_Butte District,2019-09-01,95.95313149751824
blm_butte_Butte District,2019-10-01,50.43752562975247
blm_butte_Butte District,2019-11-01,31.263603703931615
blm_butte_Butte District,2019-12-01,26.433418973515412
blm_butte_Butte District,2020-01-01,28.567556537886663
blm_butte_Butte District,2020-02-01,36.11309039078699
blm_butte_Butte District,2020-03-01,57.036550269234596
blm_butte_Butte District,2020-04-01,89.05000001449115
blm_butte_Butte District,2020-05-01,121.51273087848139
blm_butte_Butte District,2020-06-01,135.39240250009775
blm_butte_Butte District,2020-07-01,171.42623205008692
blm_butte_Butte District,2020-08-01,158.36688909589387
blm_butte_Butte District,2020-09-01,118.83095473381528
blm_butte_Butte District,2020-10-01,64.07946613828749
blm_butte_Butte District,2020-11-01,38.63341888803721
blm_butte_Butte District,2020-12-01,29.496919978081078
blm_butte_Butte District,2021-01-01,28.850872733020196
blm_butte_Butte District,2021-02-01,27.14866535472674
blm_butte_Butte District,2021-03-01,65.02222785714716
blm_butte_Butte District,2021-04-01,87.57654004028446
blm_butte_Butte District,2021-05-01,112.89543115431768
blm_butte_Butte District,2021-06-01,172.33305954198818
blm_butte_Butte District,2021-07-01,185.06658102109935
blm_butte_Butte District,2021-08-01,146.74984602565883
blm_butte_Butte District,2021-09-01,127.99815181442355
blm_butte_Butte District,2021-10-01,69.1655030671576
blm_butte_Butte District,2021-11-01,47.21606772048762
blm_butte_Butte District,2021-12-01,32.315554477350915
blm_butte_Butte District,2022-01-01,29.772073941553888
blm_butte_Butte District,2022-02-01,36.10672483405049
blm_butte_Butte District,2022-03-01,64.16930181240889
blm_butte_Butte District,2022-04-01,72.57217651617846
blm_butte_Butte District,2022-05-01,103.37920946360124
blm_butte_Butte District,2022-06-01,136.16113964292302
blm_butte_Butte District,2022-07-01,182.3329055206487
blm_butte_Butte District,2022-08-01,162.6376282733079
blm_butte_Butte District,2022-09-01,121.72643733171466
blm_butte_Butte District,2022-10-01,64.9953798297984
blm_butte_Butte District,2022-11-01,25.364630470040886
blm_butte_Butte District,2022-12-01,20.934086293900037
blm_butte_Butte District,2023-01-01,20.74137587395537
blm_butte_Butte District,2023-02-01,36.22623199701799
blm_butte_Butte District,2023-03-01,44.028080063923674
blm_butte_Butte District,2023-04-01,79.79758715580621
blm_butte_Butte District,2023-05-01,128.77659142433495
blm_butte_Butte District,2023-06-01,116.33418880204155
blm_butte_Butte District,2023-07-01,178.03726903613833
blm_butte_Butte District,2023-08-01,147.55256678289456
blm_butte_Butte District,2023-09-01,105.07997944810307
blm_butte_Butte District,2023-10-01,55.26683775649178
blm_butte_Butte District,2023-11-01,38.804260816907004
blm_butte_Butte District,2023-12-01,29.249076054571102
blm_butte_Butte District,2024-01-01,22.304004174238358
blm_butte_Butte District,2024-02-01,35.1002566966188
blm_butte_Butte District,2024-03-01,55.62715598543077
blm_butte_Butte District,2024-04-01,90.16858316887576
blm_butte_Butte District,2024-05-01,108.98095475966436
blm_butte_Butte District,2024-06-01,149.66273088474782
blm_butte_Butte District,2024-07-01,183.05523606443307
blm_butte_Butte District,2024-08-01,145.394815182539
blm_butte_Butte District,2024-09-01,112.36560570875477
blm_butte_Butte District,2024-10-01,77.13064678787451
blm_butte_Butte District,2024-11-01,29.67577006831551
blm_butte_Butte District,2024-12-01,31.194917878575882
blm_butte_Butte District,2025-01-01,21.064117149161117
blm_butte_Butte District,2025-02-01,25.270174588510876
blm_butte_Butte District,2025-03-01,63.95436336666162
blm_butte_Butte District,2025-04-01,83.95616009690679
blm_butte_Butte District,2025-05-01,122.26740242176722
blm_butte_Butte District,2025-06-01,143.18608833876968
blm_butte_Butte District,2025-07-01,170.79563651192603
blm_butte_Butte District,2025-08-01,142.4786959497346
blm_butte_Butte District,2025-09-01,106.73074940832244
blm_butte_Butte District,2025-10-01,26.138757666523208
blm_dillon_Dillon District,1979-01-01,10.88632606317441
blm_dillon_Dillon District,1979-02-01,32.09354635488492
blm_dillon_Dillon District,1979-03-01,50.179488743303686
blm_dillon_Dillon District,1979-04-01,77.3176996078735
blm_dillon_Dillon District,1979-05-01,119.23897747490733
blm_dillon_Dillon District,1979-06-01,153.20038345873166
blm_dillon_Dillon District,1979-07-01,172.29616615368536
blm_dillon_Dillon District,1979-08-01,135.68600625717602
blm_dillon_Dillon District,1979-09-01,123.53527158304526
blm_dillon_Dillon District,1979-10-01,67.57897763237024
blm_dillon_Dillon District,1979-11-01,22.074185354336382
blm_dillon_Dillon District,1979-12-01,30.674952101174252
blm_dillon_Dillon District,1980-01-01,16.63309919978864
blm_dillon_Dillon District,1980-02-01,28.305047935266465
blm_dillon_Dillon District,1980-03-01,47.60690087510374
blm_dillon_Dillon District,1980-04-01,98.3533545350876
blm_dillon_Dillon District,1980-05-01,107.03884974958036
blm_dillon_Dillon District,1980-06-01,133.95226834818197
blm_dillon_Dillon District,1980-07-01,167.8118849976756
blm_dillon_Dillon District,1980-08-01,137.9611501187943
blm_dillon_Dillon District,1980-09-01,101.9652395717633
blm_dillon_Dillon District,1980-10-01,62.716868915496924
blm_dillon_Dillon District,1980-11-01,31.028306731933984
blm_dillon_Dillon District,1980-12-01,32.74095844415049
blm_dillon_Dillon District,1981-01-01,19.02319500347296
blm_dillon_Dillon District,1981-02-01,32.71418532472068
blm_dillon_Dillon District,1981-03-01,57.01495199965212
blm_dillon_Dillon District,1981-04-01,88.56562291349466
blm_dillon_Dillon District,1981-05-01,95.87578272712878
blm_dillon_Dillon District,1981-06-01,130.3897124220388
blm_dillon_Dillon District,1981-07-01,173.06945689630965
blm_dillon_Dillon District,1981-08-01,154.49782751406343
blm_dillon_Dillon District,1981-09-01,105.81718845062743
blm_dillon_Dillon District,1981-10-01,51.29041527574436
blm_dillon_Dillon District,1981-11-01,29.269904172001556
blm_dillon_Dillon District,1981-12-01,19.176357958491998
blm_dillon_Dillon District,1982-01-01,23.910734865231255
blm_dillon_Dillon District,1982-02-01,33.185814666748044
blm_dillon_Dillon District,1982-03-01,50.33412128241298
blm_dillon_Dillon District,1982-04-01,74.8581469916688
blm_dillon_Dillon District,1982-05-01,105.95079866354457
blm_dillon_Dillon District,1982-06-01,124.7693928873958
blm_dillon_Dillon District,1982-07-01,151.16044728337005
blm_dillon_Dillon District,1982-08-01,151.3048562826821
blm_dillon_Dillon District,1982-09-01,87.51661337465524
blm_dillon_Dillon District,1982-10-01,50.31252390827996
blm_dillon_Dillon District,1982-11-01,22.62345053456462
blm_dillon_Dillon District,1982-12-01,15.44031965603082
blm_dillon_Dillon District,1983-01-01,22.81073488716881
blm_dillon_Dillon District,1983-02-01,29.206006384657595
blm_dillon_Dillon District,1983-03-01,50.62159740460186
blm_dillon_Dillon District,1983-04-01,71.96057501113452
blm_dillon_Dillon District,1983-05-01,110.16805120108607
blm_dillon_Dillon District,1983-06-01,127.27846657262442
blm_dillon_Dillon District,1983-07-01,157.5042811725848
blm_dillon_Dillon District,1983-08-01,143.0061341794535
blm_dillon_Dillon District,1983-09-01,96.22012774677704
blm_dillon_Dillon District,1983-10-01,58.97584658979227
blm_dillon_Dillon District,1983-11-01,23.01092660739399
blm_dillon_Dillon District,1983-12-01,14.701661491698731
blm_dillon_Dillon District,1984-01-01,22.27884994299648
blm_dillon_Dillon District,1984-02-01,29.048434542086177
blm_dillon_Dillon District,1984-03-01,47.24440892374935
blm_dillon_Dillon District,1984-04-01,72.44274750974613
blm_dillon_Dillon District,1984-05-01,116.27840268071087
blm_dillon_Dillon District,1984-06-01,125.89578281682901
blm_dillon_Dillon District,1984-07-01,164.18408931451864
blm_dillon_Dillon District,1984-08-01,147.23654947981666
blm_dillon_Dillon District,1984-09-01,91.21859413853849
blm_dillon_Dillon District,1984-10-01,49.90894567227592
blm_dillon_Dillon District,1984-11-01,26.514760461021154
blm_dillon_Dillon District,1984-12-01,19.207476164357733
blm_dillon_Dillon District,1985-01-01,16.196038485030396
blm_dillon_Dillon District,1985-02-01,27.907156607289664
blm_dillon_Dillon District,1985-03-01,47.25469643346037
blm_dillon_Dillon District,1985-04-01,95.87686903590973
blm_dillon_Dillon District,1985-05-01,127.34338667019487
blm_dillon_Dillon District,1985-06-01,156.34702862139326
blm_dillon_Dillon District,1985-07-01,175.20153361067605
blm_dillon_Dillon District,1985-08-01,138.13987223957292
blm_dillon_Dillon District,1985-09-01,77.82287533306085
blm_dillon_Dillon District,1985-10-01,62.66792330269615
blm_dillon_Dillon District,1985-11-01,22.741214175117662
blm_dillon_Dillon District,1985-12-01,18.314824395895766
blm_dillon_Dillon District,1986-01-01,27.419361081595618
blm_dillon_Dillon District,1986-02-01,31.017891356739373
blm_dillon_Dillon District,1986-03-01,68.08230031656382
blm_dillon_Dillon District,1986-04-01,79.70146950913694
blm_dillon_Dillon District,1986-05-01,122.78913729244147
blm_dillon_Dillon District,1986-06-01,154.2640256205306
blm_dillon_Dillon District,1986-07-01,159.52741213180005
blm_dillon_Dillon District,1986-08-01,148.33718858907778
blm_dillon_Dillon District,1986-09-01,72.57520766578162
blm_dillon_Dillon District,1986-10-01,57.51156542354499
blm_dillon_Dillon District,1986-11-01,28.191437754158777
blm_dillon_Dillon District,1986-12-01,16.96971259467518
blm_dillon_Dillon District,1987-01-01,21.18357837238251
blm_dillon_Dillon District,1987-02-01,26.479169353204796
blm_dillon_Dillon District,1987-03-01,57.4958466014923
blm_dillon_Dillon District,1987-04-01,113.94178907010502
blm_dillon_Dillon District,1987-05-01,116.15130975497797
blm_dillon_Dillon District,1987-06-01,151.0826199955072
blm_dillon_Dillon District,1987-07-01,148.09118221392646
blm_dillon_Dillon District,1987-08-01,138.1178913348018
blm_dillon_Dillon District,1987-09-01,107.44766765752921
blm_dillon_Dillon District,1987-10-01,76.82012774190201
blm_dillon_Dillon District,1987-11-01,26.59143774623688
blm_dillon_Dillon District,1987-12-01,19.34926533013487
blm_dillon_Dillon District,1988-01-01,20.764792439274895
blm_dillon_Dillon District,1988-02-01,36.802364184833564
blm_dillon_Dillon District,1988-03-01,53.411948833526516
blm_dillon_Dillon District,1988-04-01,92.29284340855412
blm_dillon_Dillon District,1988-05-01,124.65859421312618
blm_dillon_Dillon District,1988-06-01,172.19207670071634
blm_dillon_Dillon District,1988-07-01,192.85591045538078
blm_dillon_Dillon District,1988-08-01,165.90076689796325
blm_dillon_Dillon District,1988-09-01,106.47942490257775
blm_dillon_Dillon District,1988-10-01,74.05591048706835
blm_dillon_Dillon District,1988-11-01,21.53073493299393
blm_dillon_Dillon District,1988-12-01,16.820894708115453
blm_dillon_Dillon District,1989-01-01,20.82095855158358
blm_dillon_Dillon District,1989-02-01,22.140830732229798
blm_dillon_Dillon District,1989-03-01,52.50932899450723
blm_dillon_Dillon District,1989-04-01,89.75782748091335
blm_dillon_Dillon District,1989-05-01,109.90811502377446
blm_dillon_Dillon District,1989-06-01,142.3053673399904
blm_dillon_Dillon District,1989-07-01,181.90760393721607
blm_dillon_Dillon District,1989-08-01,127.2682429304519
blm_dillon_Dillon District,1989-09-01,103.88345054163338
blm_dillon_Dillon District,1989-10-01,55.22153352365707
blm_dillon_Dillon District,1989-11-01,36.316293936415605
blm_dillon_Dillon District,1989-12-01,20.88268377590484
blm_dillon_Dillon District,1990-01-01,20.621022506567616
blm_dillon_Dillon District,1990-02-01,31.68881792549889
blm_dillon_Dillon District,1990-03-01,53.945303451976834
blm_dillon_Dillon District,1990-04-01,83.65808305588013
blm_dillon_Dillon District,1990-05-01,102.40555908398126
blm_dillon_Dillon District,1990-06-01,143.5987858927669
blm_dillon_Dillon District,1990-07-01,165.6671564071704
blm_dillon_Dillon District,1990-08-01,138.78057506427217
blm_dillon_Dillon District,1990-09-01,112.50715662557096
blm_dillon_Dillon District,1990-10-01,68.2973802755435
blm_dillon_Dillon District,1990-11-01,34.94581469575437
blm_dillon_Dillon District,1990-12-01,19.139936196080413
blm_dillon_Dillon District,1991-01-01,23.838594334879623
blm_dillon_Dillon District,1991-02-01,37.303450438770625
blm_dillon_Dillon District,1991-03-01,51.67897760799518
blm_dillon_Dillon District,1991-04-01,69.75086255302064
blm_dillon_Dillon District,1991-05-01,99.87099043386051
blm_dillon_Dillon District,1991-06-01,135.16498397485898
blm_dillon_Dillon District,1991-07-01,181.43623034199967
blm_dillon_Dillon District,1991-08-01,161.4425560850686
blm_dillon_Dillon District,1991-09-01,96.03961651104326
blm_dillon_Dillon District,1991-10-01,70.46504783508496
blm_dillon_Dillon District,1991-11-01,19.764664627416447
blm_dillon_Dillon District,1991-12-01,21.4954633493393
blm_dillon_Dillon District,1992-01-01,25.54709271744798
blm_dillon_Dillon District,1992-02-01,32.859808293546735
blm_dillon_Dillon District,1992-03-01,63.72338650493195
blm_dillon_Dillon District,1992-04-01,93.87028755456114
blm_dillon_Dillon District,1992-05-01,136.49386565479608
blm_dillon_Dillon District,1992-06-01,134.33431306784146
blm_dillon_Dillon District,1992-07-01,147.61284326425377
blm_dillon_Dillon District,1992-08-01,148.8080511318609
blm_dillon_Dillon District,1992-09-01,109.34332258328081
blm_dillon_Dillon District,1992-10-01,64.7388497690804
blm_dillon_Dillon District,1992-11-01,17.746070424588723
blm_dillon_Dillon District,1992-12-01,16.37948896481206
blm_dillon_Dillon District,1993-01-01,18.905367521584605
blm_dillon_Dillon District,1993-02-01,23.81015977158714
blm_dillon_Dillon District,1993-03-01,58.192332202557935
blm_dillon_Dillon District,1993-04-01,68.54913732266655
blm_dillon_Dillon District,1993-05-01,124.11808284479208
blm_dillon_Dillon District,1993-06-01,116.32907356042831
blm_dillon_Dillon District,1993-07-01,123.45111827423779
blm_dillon_Dillon District,1993-08-01,121.0715653148322
blm_dillon_Dillon District,1993-09-01,100.73290729949268
blm_dillon_Dillon District,1993-10-01,57.60753990880217
blm_dillon_Dillon District,1993-11-01,30.13380197640806
blm_dillon_Dillon District,1993-12-01,19.21424935679085
blm_dillon_Dillon District,1994-01-01,21.235655043605036
blm_dillon_Dillon District,1994-02-01,29.939936130267743
blm_dillon_Dillon District,1994-03-01,68.76434493141052
blm_dillon_Dillon District,1994-04-01,86.09750802524555
blm_dillon_Dillon District,1994-05-01,123.71629391508742
blm_dillon_Dillon District,1994-06-01,148.2626196864314
blm_dillon_Dillon District,1994-07-01,165.04600631177615
blm_dillon_Dillon District,1994-08-01,161.68236424260246
blm_dillon_Dillon District,1994-09-01,114.24357836543561
blm_dillon_Dillon District,1994-10-01,46.14830669000887
blm_dillon_Dillon District,1994-11-01,18.648242930330028
blm_dillon_Dillon District,1994-12-01,14.770479394833501
blm_dillon_Dillon District,1995-01-01,15.505750936441148
blm_dillon_Dillon District,1995-02-01,29.49795530946872
blm_dillon_Dillon District,1995-03-01,48.334952079602324
blm_dillon_Dillon District,1995-04-01,66.83456868424584
blm_dillon_Dillon District,1995-05-01,100.6755271058494
blm_dillon_Dillon District,1995-06-01,114.41162946414643
blm_dillon_Dillon District,1995-07-01,156.51431310001652
blm_dillon_Dillon District,1995-08-01,155.07290743989304
blm_dillon_Dillon District,1995-09-01,91.91201271812756
blm_dillon_Dillon District,1995-10-01,54.91348237473363
blm_dillon_Dillon District,1995-11-01,34.53629393105309
blm_dillon_Dillon District,1995-12-01,20.18006399934665
blm_dillon_Dillon District,1996-01-01,20.514568789850788
blm_dillon_Dillon District,1996-02-01,33.84319489573518
blm_dillon_Dillon District,1996-03-01,50.80076674196286
blm_dillon_Dillon District,1996-04-01,81.40856225741938
blm_dillon_Dillon District,1996-05-01,89.02357820748522
blm_dillon_Dillon District,1996-06-01,152.442172660462
blm_dillon_Dillon District,1996-07-01,177.022236326175
blm_dillon_Dillon District,1996-08-01,157.22319485112882
blm_dillon_Dillon District,1996-09-01,97.56063897861078
blm_dillon_Dillon District,1996-10-01,63.43239617880922
blm_dillon_Dillon District,1996-11-01,26.11846645891476
blm_dillon_Dillon District,1996-12-01,21.617380260430966
blm_dillon_Dillon District,1997-01-01,19.752268494432347
blm_dillon_Dillon District,1997-02-01,24.04677318962999
blm_dillon_Dillon District,1997-03-01,60.823578192860175
blm_dillon_Dillon District,1997-04-01,67.5046005444024
blm_dillon_Dillon District,1997-05-01,124.82332258620582
blm_dillon_Dillon District,1997-06-01,122.52166135257806
blm_dillon_Dillon District,1997-07-01,150.7028114781974
blm_dillon_Dillon District,1997-08-01,134.5451759411504
blm_dillon_Dillon District,1997-09-01,97.00536743261563
blm_dillon_Dillon District,1997-10-01,52.37060695684756
blm_dillon_Dillon District,1997-11-01,27.376805139730532
blm_dillon_Dillon District,1997-12-01,17.105111974649155
blm_dillon_Dillon District,1998-01-01,19.046964984808486
blm_dillon_Dillon District,1998-02-01,22.092204492465374
blm_dillon_Dillon District,1998-03-01,48.98881786943625
blm_dillon_Dillon District,1998-04-01,79.68236416947727
blm_dillon_Dillon District,1998-05-01,111.4123322313205
blm_dillon_Dillon District,1998-06-01,102.32153348100071
blm_dillon_Dillon District,1998-07-01,163.472396090084
blm_dillon_Dillon District,1998-08-01,151.1719488954392
blm_dillon_Dillon District,1998-09-01,99.70421727092122
blm_dillon_Dillon District,1998-10-01,56.8036421071988
blm_dillon_Dillon District,1998-11-01,28.81584667169248
blm_dillon_Dillon District,1998-12-01,22.44421733758701
blm_dillon_Dillon District,1999-01-01,22.863642274533596
blm_dillon_Dillon District,1999-02-01,33.105239639647856
blm_dillon_Dillon District,1999-03-01,57.231821080899465
blm_dillon_Dillon District,1999-04-01,79.90121407554554
blm_dillon_Dillon District,1999-05-01,107.47450476210719
blm_dillon_Dillon District,1999-06-01,124.57565514317717
blm_dillon_Dillon District,1999-07-01,180.0998721869228
blm_dillon_Dillon District,1999-08-01,141.98677308688912
blm_dillon_Dillon District,1999-09-01,102.3902234744721
blm_dillon_Dillon District,1999-10-01,83.89584649180452
blm_dillon_Dillon District,1999-11-01,51.7194249211028
blm_dillon_Dillon District,1999-12-01,21.972332327967635
blm_dillon_Dillon District,2000-01-01,23.46498406078107
blm_dillon_Dillon District,2000-02-01,35.37539932811603
blm_dillon_Dillon District,2000-03-01,58.47559104407557
blm_dillon_Dillon District,2000-04-01,95.35009588662047
blm_dillon_Dillon District,2000-05-01,110.54300312371299
blm_dillon_Dillon District,2000-06-01,153.38920114535495
blm_dillon_Dillon District,2000-07-01,179.19214076813037
blm_dillon_Dillon District,2000-08-01,166.1033866029197
blm_dillon_Dillon District,2000-09-01,100.22044716246974
blm_dillon_Dillon District,2000-10-01,53.09597435606935
blm_dillon_Dillon District,2000-11-01,19.815016062800495
blm_dillon_Dillon District,2000-12-01,20.397827549407275
blm_dillon_Dillon District,2001-01-01,22.977060814025684
blm_dillon_Dillon District,2001-02-01,26.257444131869477
blm_dillon_Dillon District,2001-03-01,58.02166134039053
blm_dillon_Dillon District,2001-04-01,81.15271568176465
blm_dillon_Dillon District,2001-05-01,138.26268354909487
blm_dillon_Dillon District,2001-06-01,141.73789144887712
blm_dillon_Dillon District,2001-07-01,156.58306709752677
blm_dillon_Dillon District,2001-08-01,163.49750803012057
blm_dillon_Dillon District,2001-09-01,113.48709260495707
blm_dillon_Dillon District,2001-10-01,69.66587861277425
blm_dillon_Dillon District,2001-11-01,35.801661339659276
blm_dillon_Dillon District,2001-12-01,16.692779702500413
blm_dillon_Dillon District,2002-01-01,20.184409043735588
blm_dillon_Dillon District,2002-02-01,32.97450476210719
blm_dillon_Dillon District,2002-03-01,52.23603826407046
blm_dillon_Dillon District,2002-04-01,80.77226841106963
blm_dillon_Dillon District,2002-05-01,118.01865805238961
blm_dillon_Dillon District,2002-06-01,134.87086252328305
blm_dillon_Dillon District,2002-07-01,173.3429393731748
blm_dillon_Dillon District,2002-08-01,145.60523969753862
blm_dillon_Dillon District,2002-09-01,101.76102230084209
blm_dillon_Dillon District,2002-10-01,57.93674112874479
blm_dillon_Dillon District,2002-11-01,31.884281170634797
blm_dillon_Dillon District,2002-12-01,17.698210997474842
blm_dillon_Dillon District,2003-01-01,21.576102330509467
blm_dillon_Dillon District,2003-02-01,24.031565486432644
blm_dillon_Dillon District,2003-03-01,62.110287419523296
blm_dillon_Dillon District,2003-04-01,78.40364213401136
blm_dillon_Dillon District,2003-05-01,119.01118207937613
blm_dillon_Dillon District,2003-06-01,142.9040255464304
blm_dillon_Dillon District,2003-07-01,189.6141853113144
blm_dillon_Dillon District,2003-08-01,159.19744412358196
blm_dillon_Dillon District,2003-09-01,107.39865820644
blm_dillon_Dillon District,2003-10-01,80.53418533520195
blm_dillon_Dillon District,2003-11-01,30.18485624843512
blm_dillon_Dillon District,2003-12-01,17.722300451479782
blm_dillon_Dillon District,2004-01-01,22.87015980546848
blm_dillon_Dillon District,2004-02-01,27.396293944825
blm_dillon_Dillon District,2004-03-01,75.67392974463515
blm_dillon_Dillon District,2004-04-01,91.08236424260247
blm_dillon_Dillon District,2004-05-01,109.83533541158366
blm_dillon_Dillon District,2004-06-01,133.51130994120345
blm_dillon_Dillon District,2004-07-01,164.0376996853862
blm_dillon_Dillon District,2004-08-01,135.14670936657598
blm_dillon_Dillon District,2004-09-01,88.72696486403005
blm_dillon_Dillon District,2004-10-01,55.19341850646388
blm_dillon_Dillon District,2004-11-01,29.353674146999566
blm_dillon_Dillon District,2004-12-01,22.346773233505104
blm_dillon_Dillon District,2005-01-01,22.30977644448082
blm_dillon_Dillon District,2005-02-01,36.10293924861823
blm_dillon_Dillon District,2005-03-01,58.147731583567854
blm_dillon_Dillon District,2005-04-01,85.22856219843173
blm_dillon_Dillon District,2005-05-01,105.4313737863169
blm_dillon_Dillon District,2005-06-01,122.93968038345677
blm_dillon_Dillon District,2005-07-01,183.98683725180337
blm_dillon_Dillon District,2005-08-01,145.7414694886619
blm_dillon_Dillon District,2005-09-01,108.56869002759647
blm_dillon_Dillon District,2005-10-01,59.99143767433045
blm_dillon_Dillon District,2005-11-01,28.931821091868244
blm_dillon_Dillon District,2005-12-01,23.443833962339944
blm_dillon_Dillon District,2006-01-01,25.128178939575584
blm_dillon_Dillon District,2006-02-01,33.54261982341925
blm_dillon_Dillon District,2006-03-01,53.74121403313293
blm_dillon_Dillon District,2006-04-01,86.95846649267422
blm_dillon_Dillon District,2006-05-01,130.7326517269634
blm_dillon_Dillon District,2006-06-01,148.60964854670027
blm_dillon_Dillon District,2006-07-01,184.20722055648463
blm_dillon_Dillon District,2006-08-01,153.40862619320805
blm_dillon_Dillon District,2006-09-01,101.98984013761576
blm_dillon_Dillon District,2006-10-01,53.618019158847794
blm_dillon_Dillon District,2006-11-01,37.840255631273166
blm_dillon_Dillon District,2006-12-01,24.639169442539398
blm_dillon_Dillon District,2007-01-01,23.946517685350898
blm_dillon_Dillon District,2007-02-01,31.605303563858374
blm_dillon_Dillon District,2007-03-01,71.61188496355051
blm_dillon_Dillon District,2007-04-01,91.01910536403473
blm_dillon_Dillon District,2007-05-01,129.21265161288812
blm_dillon_Dillon District,2007-06-01,161.3234504675332
blm_dillon_Dillon District,2007-07-01,189.42760395866614
blm_dillon_Dillon District,2007-08-01,164.1546326951097
blm_dillon_Dillon District,2007-09-01,101.66996801699312
blm_dillon_Dillon District,2007-10-01,57.22817888351294
blm_dillon_Dillon District,2007-11-01,39.98492007880165
blm_dillon_Dillon District,2007-12-01,19.35150172382879
blm_dillon_Dillon District,2008-01-01,24.614249281837537
blm_dillon_Dillon District,2008-02-01,35.283897817934665
blm_dillon_Dillon District,2008-03-01,50.321150134394344
blm_dillon_Dillon District,2008-04-01,80.91354627517846
blm_dillon_Dillon District,2008-05-01,115.01450469775703
blm_dillon_Dillon District,2008-06-01,142.1747604321367
blm_dillon_Dillon District,2008-07-01,183.8894567227592
blm_dillon_Dillon District,2008-08-01,161.1145048732575
blm_dillon_Dillon District,2008-09-01,99.16134188228521
blm_dillon_Dillon District,2008-10-01,65.15297126891895
blm_dillon_Dillon District,2008-11-01,34.388498373305836
blm_dillon_Dillon District,2008-12-01,21.72773169313376
blm_dillon_Dillon District,2009-01-01,30.240447337482685
blm_dillon_Dillon District,2009-02-01,32.96964860373792
blm_dillon_Dillon District,2009-03-01,50.47527147725748
blm_dillon_Dillon District,2009-04-01,79.2290095320144
blm_dillon_Dillon District,2009-05-01,131.62594256416295
blm_dillon_Dillon District,2009-06-01,122.59948872331613
blm_dillon_Dillon District,2009-07-01,162.97258806807545
blm_dillon_Dillon District,2009-08-01,142.16805119621105
blm_dillon_Dillon District,2009-09-01,125.00031952294297
blm_dillon_Dillon District,2009-10-01,46.34166135087181
blm_dillon_Dillon District,2009-11-01,36.08440894105564
blm_dillon_Dillon District,2009-12-01,17.65233242168975
blm_dillon_Dillon District,2010-01-01,23.782875452254906
blm_dillon_Dillon District,2010-02-01,27.17265175036348
blm_dillon_Dillon District,2010-03-01,61.56325873231736
blm_dillon_Dillon District,2010-04-01,84.05507982150435
blm_dillon_Dillon District,2010-05-01,98.2946964446729
blm_dillon_Dillon District,2010-06-01,126.0286263267834
blm_dillon_Dillon District,2010-07-01,169.81207661491612
blm_dillon_Dillon District,2010-08-01,145.3481789390881
blm_dillon_Dillon District,2010-09-01,110.99361006276676
blm_dillon_Dillon District,2010-10-01,69.28977624570219
blm_dillon_Dillon District,2010-11-01,30.04952079053885
blm_dillon_Dillon District,2010-12-01,20.516805206396327
blm_dillon_Dillon District,2011-01-01,18.939361132905127
blm_dillon_Dillon District,2011-02-01,27.532524008948965
blm_dillon_Dillon District,2011-03-01,49.73699678171176
blm_dillon_Dillon District,2011-04-01,61.50389765291549
blm_dillon_Dillon District,2011-05-01,96.81041526916309
blm_dillon_Dillon District,2011-06-01,128.8210225016926
blm_dillon_Dillon District,2011-07-01,181.62830671121517
blm_dillon_Dillon District,2011-08-01,160.6599999668499
blm_dillon_Dillon District,2011-09-01,118.86958466551174
blm_dillon_Dillon District,2011-10-01,66.12651755238494
blm_dillon_Dillon District,2011-11-01,25.526134236247394
blm_dillon_Dillon District,2011-12-01,18.185111980925733
blm_dillon_Dillon District,2012-01-01,24.351629455858905
blm_dillon_Dillon District,2012-02-01,26.23156552604212
blm_dillon_Dillon District,2012-03-01,63.77015969029631
blm_dillon_Dillon District,2012-04-01,92.66734811703618
blm_dillon_Dillon District,2012-05-01,115.41309903665854
blm_dillon_Dillon District,2012-06-01,151.4306072198545
blm_dillon_Dillon District,2012-07-01,184.30115017144445
blm_dillon_Dillon District,2012-08-01,169.31456870179588
blm_dillon_Dillon District,2012-09-01,122.73667727339382
blm_dillon_Dillon District,2012-10-01,70.57833860842183
blm_dillon_Dillon District,2012-11-01,44.32964849746266
blm_dillon_Dillon District,2012-12-01,22.13897773632988
blm_dillon_Dillon District,2013-01-01,22.25833872042525
blm_dillon_Dillon District,2013-02-01,26.495782775391405
blm_dillon_Dillon District,2013-03-01,51.003386600482195
blm_dillon_Dillon District,2013-04-01,69.74421719682103
blm_dillon_Dillon District,2013-05-01,123.57156525633205
blm_dillon_Dillon District,2013-06-01,150.01814700970635
blm_dillon_Dillon District,2013-07-01,189.05035165415023
blm_dillon_Dillon District,2013-08-01,163.13361025679225
blm_dillon_Dillon District,2013-09-01,91.64843444580468
blm_dillon_Dillon District,2013-10-01,48.749073405159166
blm_dillon_Dillon District,2013-11-01,26.56945694505978
blm_dillon_Dillon District,2013-12-01,15.43380204008791
blm_dillon_Dillon District,2014-01-01,30.512396192703005
blm_dillon_Dillon District,2014-02-01,25.51488822778574
blm_dillon_Dillon District,2014-03-01,59.269009455476706
blm_dillon_Dillon District,2014-04-01,87.38070283103674
blm_dillon_Dillon District,2014-05-01,124.45239603938386
blm_dillon_Dillon District,2014-06-01,130.06108634388104
blm_dillon_Dillon District,2014-07-01,177.2019168841572
blm_dillon_Dillon District,2014-08-01,121.63463239578394
blm_dillon_Dillon District,2014-09-01,100.81380187695781
blm_dillon_Dillon District,2014-10-01,72.13872202669089
blm_dillon_Dillon District,2014-11-01,30.171565513488964
blm_dillon_Dillon District,2014-12-01,22.971437752818147
blm_dillon_Dillon District,2015-01-01,27.481533597147884
blm_dillon_Dillon District,2015-02-01,38.98575076995947
blm_dillon_Dillon District,2015-03-01,78.62945688753463
blm_dillon_Dillon District,2015-04-01,87.81597452376978
blm_dillon_Dillon District,2015-05-01,109.78223631252496
blm_dillon_Dillon District,2015-06-01,158.83412117760022
blm_dillon_Dillon District,2015-07-01,161.18504797109782
blm_dillon_Dillon District,2015-08-01,155.8178914420521
blm_dillon_Dillon District,2015-09-01,115.39648549137786
blm_dillon_Dillon District,2015-10-01,68.40958454509894
blm_dillon_Dillon District,2015-11-01,25.5773163280548
blm_dillon_Dillon District,2015-12-01,19.649648675522485
blm_dillon_Dillon District,2016-01-01,22.532524040636545
blm_dillon_Dillon District,2016-02-01,42.324536725126514
blm_dillon_Dillon District,2016-03-01,59.848498352343285
blm_dillon_Dillon District,2016-04-01,93.06773156601781
blm_dillon_Dillon District,2016-05-01,114.24779535848111
blm_dillon_Dillon District,2016-06-01,159.99290737359289
blm_dillon_Dillon District,2016-07-01,173.90492016484563
blm_dillon_Dillon District,2016-08-01,154.68849846593108
blm_dillon_Dillon District,2016-09-01,93.99942480702751
blm_dillon_Dillon District,2016-10-01,59.63731617181065
blm_dillon_Dillon District,2016-11-01,41.58581468259184
blm_dillon_Dillon District,2016-12-01,16.932651920745165
blm_dillon_Dillon District,2017-01-01,17.82268381728151
blm_dillon_Dillon District,2017-02-01,35.245622982232334
blm_dillon_Dillon District,2017-03-01,70.17731628417968
blm_dillon_Dillon District,2017-04-01,80.642364299640107
blm_dillon_Dillon District,2017-05-01,124.58025560957937
blm_dillon_Dillon District,2017-06-01,143.65009595487064
blm_dillon_Dillon District,2017-07-01,176.59277944351538
blm_dillon_Dillon District,2017-08-01,147.3457509391224
blm_dillon_Dillon District,2017-09-01,91.29309903958354
blm_dillon_Dillon District,2017-10-01,61.77354625421591
blm_dillon_Dillon District,2017-11-01,30.912204508431042
blm_dillon_Dillon District,2017-12-01,23.466006469117186
blm_dillon_Dillon District,2018-01-01,26.302811538525663
blm_dillon_Dillon District,2018-02-01,27.51884982806806
blm_dillon_Dillon District,2018-03-01,53.109648517450204
blm_dillon_Dillon District,2018-04-01,82.45686884383424
blm_dillon_Dillon District,2018-05-01,119.92351409619609
blm_dillon_Dillon District,2018-06-01,134.10945688070962
blm_dillon_Dillon District,2018-07-01,181.5161659703849
blm_dillon_Dillon District,2018-08-01,149.49635779042595
blm_dillon_Dillon District,2018-09-01,108.09214047562962
blm_dillon_Dillon District,2018-10-01,52.858274684089444
blm_dillon_Dillon District,2018-11-01,29.627156584255232
blm_dillon_Dillon District,2018-12-01,20.831309983372307
blm_dillon_Dillon District,2019-01-01,25.839297169694504
blm_dillon_Dillon District,2019-02-01,19.3853035844553
blm_dillon_Dillon District,2019-03-01,47.49623001634884
blm_dillon_Dillon District,2019-04-01,77.35699685434945
blm_dillon_Dillon District,2019-05-01,108.7849200800204
blm_dillon_Dillon District,2019-06-01,137.9392971831008
blm_dillon_Dillon District,2019-07-01,168.3097124191138
blm_dillon_Dillon District,2019-08-01,149.0979553515157
blm_dillon_Dillon District,2019-09-01,99.66223650070044
blm_dillon_Dillon District,2019-10-01,50.04837055632862
blm_dillon_Dillon District,2019-11-01,33.64198084090845
blm_dillon_Dillon District,2019-12-01,21.036166242288704
blm_dillon_Dillon District,2020-01-01,23.969904241470484
blm_dillon_Dillon District,2020-02-01,32.44485620614439
blm_dillon_Dillon District,2020-03-01,54.84293923423694
blm_dillon_Dillon District,2020-04-01,85.2053674594282
blm_dillon_Dillon District,2020-05-01,122.31789140792701
blm_dillon_Dillon District,2020-06-01,133.71872215880373
blm_dillon_Dillon District,2020-07-01,168.55603827820798
blm_dillon_Dillon District,2020-08-01,156.9153992576721
blm_dillon_Dillon District,2020-09-01,115.62728426509771
blm_dillon_Dillon District,2020-10-01,68.07821084165725
blm_dillon_Dillon District,2020-11-01,37.16268375628292
blm_dillon_Dillon District,2020-12-01,24.97680517507437
blm_dillon_Dillon District,2021-01-01,24.535910603337395
blm_dillon_Dillon District,2021-02-01,26.316421772039735
blm_dillon_Dillon District,2021-03-01,60.41130983882819
blm_dillon_Dillon District,2021-04-01,86.0380830880552
blm_dillon_Dillon District,2021-05-01,112.10964848820014
blm_dillon_Dillon District,2021-06-01,175.71993611003643
blm_dillon_Dillon District,2021-07-01,179.36536752134086
blm_dillon_Dillon District,2021-08-01,147.7628754637112
blm_dillon_Dillon District,2021-09-01,128.4511821125262
blm_dillon_Dillon District,2021-10-01,64.14402544551764
blm_dillon_Dillon District,2021-11-01,44.19488821060132
blm_dillon_Dillon District,2021-12-01,32.713865882824784
blm_dillon_Dillon District,2022-01-01,26.879744489505267
blm_dillon_Dillon District,2022-02-01,34.76287541861732
blm_dillon_Dillon District,2022-03-01,61.909009513001855
blm_dillon_Dillon District,2022-04-01,69.46779544330633
blm_dillon_Dillon District,2022-05-01,99.79150166861928
blm_dillon_Dillon District,2022-06-01,136.86690114664194
blm_dillon_Dillon District,2022-07-01,181.0843449991732
blm_dillon_Dillon District,2022-08-01,157.220191794691
blm_dillon_Dillon District,2022-09-01,123.31808295204236
blm_dillon_Dillon District,2022-10-01,65.6779551545652
blm_dillon_Dillon District,2022-11-01,23.724664614375786
blm_dillon_Dillon District,2022-12-01,18.603067195453583
blm_dillon_Dillon District,2023-01-01,17.706645510981257
blm_dillon_Dillon District,2023-02-01,32.994952098858626
blm_dillon_Dillon District,2023-03-01,41.4389776162827
blm_dillon_Dillon District,2023-04-01,76.5764855844906
blm_dillon_Dillon District,2023-05-01,124.82651755725995
blm_dillon_Dillon District,2023-06-01,115.63955278488012
blm_dillon_Dillon District,2023-07-01,180.5073483988119
blm_dillon_Dillon District,2023-08-01,140.81642154778916
blm_dillon_Dillon District,2023-09-01,103.9405751139973
blm_dillon_Dillon District,2023-10-01,57.605431251404006
blm_dillon_Dillon District,2023-11-01,36.913290755055584
blm_dillon_Dillon District,2023-12-01,25.438977715611077
blm_dillon_Dillon District,2024-01-01,20.99507997287348
blm_dillon_Dillon District,2024-02-01,33.47316296976595
blm_dillon_Dillon District,2024-03-01,55.21111811921239
blm_dillon_Dillon District,2024-04-01,87.14881788259878
blm_dillon_Dillon District,2024-05-01,107.8669648045549
blm_dillon_Dillon District,2024-06-01,155.7965498122925
blm_dillon_Dillon District,2024-07-01,179.62523983111396
blm_dillon_Dillon District,2024-08-01,143.0777633130741
blm_dillon_Dillon District,2024-09-01,112.41961661634353
blm_dillon_Dillon District,2024-10-01,78.1892012477302
blm_dillon_Dillon District,2024-11-01,27.85533551956518
blm_dillon_Dillon District,2024-12-01,28.459808349
blm_dillon_Dillon District,2025-01-01,20.922619929328896
blm_dillon_Dillon District,2025-02-01,27.36926521813146
blm_dillon_Dillon District,2025-03-01,61.78230024343862
blm_dillon_Dillon District,2025-04-01,83.90581468088558
blm_dillon_Dillon District,2025-05-01,119.99533537355856
blm_dillon_Dillon District,2025-06-01,147.30645363902133
blm_dillon_Dillon District,2025-07-01,173.7398721810728
blm_dillon_Dillon District,2025-08-01,143.91412141452582
blm_dillon_Dillon District,2025-09-01,104.1623641772773
blm_dillon_Dillon District,2025-10-01,26.038530311340722
blm_lewistown_Lewistown District,1979-01-01,14.320683169515952
blm_lewistown_Lewistown District,1979-02-01,26.5487744371545
blm_lewistown_Lewistown District,1979-03-01,57.638611904092805
blm_lewistown_Lewistown District,1979-04-01,77.63704202536938
blm_lewistown_Lewistown District,1979-05-01,121.99294962839659
blm_lewistown_Lewistown District,1979-06-01,166.0752134772248
blm_lewistown_Lewistown District,1979-07-01,178.8345084015708
blm_lewistown_Lewistown District,1979-08-01,156.8009087728817
blm_lewistown_Lewistown District,1979-09-01,132.55183139802077
blm_lewistown_Lewistown District,1979-10-01,82.18658768431406
blm_lewistown_Lewistown District,1979-11-01,37.78116223333428
blm_lewistown_Lewistown District,1979-12-01,47.35108781865529
blm_lewistown_Lewistown District,1980-01-01,24.627788553944438
blm_lewistown_Lewistown District,1980-02-01,31.689672263126273
blm_lewistown_Lewistown District,1980-03-01,52.677471616845324
blm_lewistown_Lewistown District,1980-04-01,121.45794535484303
blm_lewistown_Lewistown District,1980-05-01,134.43902497749886
blm_lewistown_Lewistown District,1980-06-01,142.8343706018043
blm_lewistown_Lewistown District,1980-07-01,191.50660976198742
blm_lewistown_Lewistown District,1980-08-01,141.91982922544824
blm_lewistown_Lewistown District,1980-09-01,112.12354719392592
blm_lewistown_Lewistown District,1980-10-01,78.61600107662082
blm_lewistown_Lewistown District,1980-11-01,48.29826492712997
blm_lewistown_Lewistown District,1980-12-01,35.886009385453804
blm_lewistown_Lewistown District,1981-01-01,33.31189755912787
blm_lewistown_Lewistown District,1981-02-01,44.55411725896543
blm_lewistown_Lewistown District,1981-03-01,67.81960892421226
blm_lewistown_Lewistown District,1981-04-01,108.70746349270631
blm_lewistown_Lewistown District,1981-05-01,111.27141273937683
blm_lewistown_Lewistown District,1981-06-01,139.58110715193186
blm_lewistown_Lewistown District,1981-07-01,180.51511979162183
blm_lewistown_Lewistown District,1981-08-01,161.67251444453873
blm_lewistown_Lewistown District,1981-09-01,122.78543104057763
blm_lewistown_Lewistown District,1981-10-01,66.80035797619222
blm_lewistown_Lewistown District,1981-11-01,45.41140178227615
blm_lewistown_Lewistown District,1981-12-01,27.376425283206654
blm_lewistown_Lewistown District,1982-01-01,21.94803094167875
blm_lewistown_Lewistown District,1982-02-01,36.73205728670087
blm_lewistown_Lewistown District,1982-03-01,47.134811327825794
blm_lewistown_Lewistown District,1982-04-01,90.7360781157716
blm_lewistown_Lewistown District,1982-05-01,113.2774165874997
blm_lewistown_Lewistown District,1982-06-01,135.28259436193164
blm_lewistown_Lewistown District,1982-07-01,167.06191122968542
blm_lewistown_Lewistown District,1982-08-01,158.71041028803617
blm_lewistown_Lewistown District,1982-09-01,104.16540903665579
blm_lewistown_Lewistown District,1982-10-01,64.6484164020241
blm_lewistown_Lewistown District,1982-11-01,32.02484164557093
blm_lewistown_Lewistown District,1982-12-01,26.950840028906224
blm_lewistown_Lewistown District,1983-01-01,32.748003350575416
blm_lewistown_Lewistown District,1983-02-01,41.55194153571647
blm_lewistown_Lewistown District,1983-03-01,55.14213714137349
blm_lewistown_Lewistown District,1983-04-01,87.67678322945702
blm_lewistown_Lewistown District,1983-05-01,126.82442849216235
blm_lewistown_Lewistown District,1983-06-01,143.3504544223711
blm_lewistown_Lewistown District,1983-07-01,176.84596524334452
blm_lewistown_Lewistown District,1983-08-01,171.4492151212574
blm_lewistown_Lewistown District,1983-09-01,103.0967776908654
blm_lewistown_Lewistown District,1983-10-01,69.97207376117123
blm_lewistown_Lewistown District,1983-11-01,32.72415311656291
blm_lewistown_Lewistown District,1983-12-01,16.847507676419
blm_lewistown_Lewistown District,1984-01-01,38.54734233560985
blm_lewistown_Lewistown District,1984-02-01,46.23461848794511
blm_lewistown_Lewistown District,1984-03-01,49.29614428060832
blm_lewistown_Lewistown District,1984-04-01,95.14938032906169
blm_lewistown_Lewistown District,1984-05-01,137.7336822190386
blm_lewistown_Lewistown District,1984-06-01,150.89209577749006
blm_lewistown_Lewistown District,1984-07-01,201.417570970893
blm_lewistown_Lewistown District,1984-08-01,176.40958428704616
blm_lewistown_Lewistown District,1984-09-01,96.67807763261725
blm_lewistown_Lewistown District,1984-10-01,57.3289176596324
blm_lewistown_Lewistown District,1984-11-01,37.89760398654628
blm_lewistown_Lewistown District,1984-12-01,22.267694919505285
blm_lewistown_Lewistown District,1985-01-01,25.349380402813203
blm_lewistown_Lewistown District,1985-02-01,38.50123934481827
blm_lewistown_Lewistown District,1985-03-01,57.208096874282234
blm_lewistown_Lewistown District,1985-04-01,114.07774707496873
blm_lewistown_Lewistown District,1985-05-01,145.94670888721632
blm_lewistown_Lewistown District,1985-06-01,170.92668691649314
blm_lewistown_Lewistown District,1985-07-01,210.33726250583624
blm_lewistown_Lewistown District,1985-08-01,136.25263002101988
blm_lewistown_Lewistown District,1985-09-01,74.85395205116114
blm_lewistown_Lewistown District,1985-10-01,74.01018995990506
blm_lewistown_Lewistown District,1985-11-01,23.40804190019772
blm_lewistown_Lewistown District,1985-12-01,33.355879972736815
blm_lewistown_Lewistown District,1986-01-01,43.643679385341514
blm_lewistown_Lewistown District,1986-02-01,27.79198572793896
blm_lewistown_Lewistown District,1986-03-01,80.28840535930023
blm_lewistown_Lewistown District,1986-04-01,91.57199113699268
blm_lewistown_Lewistown District,1986-05-01,132.35268529221165
blm_lewistown_Lewistown District,1986-06-01,168.28402651758176
blm_lewistown_Lewistown District,1986-07-01,172.5535114175917
blm_lewistown_Lewistown District,1986-08-01,163.2108785134969
blm_lewistown_Lewistown District,1986-09-01,75.45304324718192
blm_lewistown_Lewistown District,1986-10-01,68.40528779908404
blm_lewistown_Lewistown District,1986-11-01,35.709832022322075
blm_lewistown_Lewistown District,1986-12-01,36.19529054841861
blm_lewistown_Lewistown District,1987-01-01,40.00782155268319
blm_lewistown_Lewistown District,1987-02-01,40.65824833772492
blm_lewistown_Lewistown District,1987-03-01,58.29305975432568
blm_lewistown_Lewistown District,1987-04-01,123.38493525138146
blm_lewistown_Lewistown District,1987-05-01,134.2497108877608
blm_lewistown_Lewistown District,1987-06-01,173.792013321196
blm_lewistown_Lewistown District,1987-07-01,167.46802531678102
blm_lewistown_Lewistown District,1987-08-01,141.39944915435296
blm_lewistown_Lewistown District,1987-09-01,119.15342875664243
blm_lewistown_Lewistown District,1987-10-01,89.52575046620203
blm_lewistown_Lewistown District,1987-11-01,41.778270459838296
blm_lewistown_Lewistown District,1987-12-01,32.51286150633681
blm_lewistown_Lewistown District,1988-01-01,29.71688243949489
blm_lewistown_Lewistown District,1988-02-01,46.05417237036224
blm_lewistown_Lewistown District,1988-03-01,68.05733957345805
blm_lewistown_Lewistown District,1988-04-01,108.99352791380929
blm_lewistown_Lewistown District,1988-05-01,153.4936932012484
blm_lewistown_Lewistown District,1988-06-01,194.89713596437497
blm_lewistown_Lewistown District,1988-07-01,209.3318921390955
blm_lewistown_Lewistown District,1988-08-01,181.47986771928413
blm_lewistown_Lewistown District,1988-09-01,110.21847971856053
blm_lewistown_Lewistown District,1988-10-01,76.1935279739031
blm_lewistown_Lewistown District,1988-11-01,39.06235201448752
blm_lewistown_Lewistown District,1988-12-01,34.21605620677069
blm_lewistown_Lewistown District,1989-01-01,33.393032208187655
blm_lewistown_Lewistown District,1989-02-01,21.750151652864304
blm_lewistown_Lewistown District,1989-03-01,50.11770854919484
blm_lewistown_Lewistown District,1989-04-01,86.38895624171798
blm_lewistown_Lewistown District,1989-05-01,121.68443962523708
blm_lewistown_Lewistown District,1989-06-01,148.8030843942233
blm_lewistown_Lewistown District,1989-07-01,187.94486369577132
blm_lewistown_Lewistown District,1989-08-01,134.37573680704338
blm_lewistown_Lewistown District,1989-09-01,107.31448619761633
blm_lewistown_Lewistown District,1989-10-01,64.44131086786008
blm_lewistown_Lewistown District,1989-11-01,46.43395755508326
blm_lewistown_Lewistown District,1989-12-01,29.02756820858362
blm_lewistown_Lewistown District,1990-01-01,30.37325809455647
blm_lewistown_Lewistown District,1990-02-01,44.44321122638321
blm_lewistown_Lewistown District,1990-03-01,61.693968567760216
blm_lewistown_Lewistown District,1990-04-01,86.56703381235033
blm_lewistown_Lewistown District,1990-05-01,114.83949323909994
blm_lewistown_Lewistown District,1990-06-01,154.36361889115577
blm_lewistown_Lewistown District,1990-07-01,180.11611141918186
blm_lewistown_Lewistown District,1990-08-01,156.6375653900676
blm_lewistown_Lewistown District,1990-09-01,135.89876069552443
blm_lewistown_Lewistown District,1990-10-01,85.85678871930122
blm_lewistown_Lewistown District,1990-11-01,52.23478376146389
blm_lewistown_Lewistown District,1990-12-01,35.73368220459295
blm_lewistown_Lewistown District,1991-01-01,28.098072190417366
blm_lewistown_Lewistown District,1991-02-01,48.276232394526005
blm_lewistown_Lewistown District,1991-03-01,60.928587099042225
blm_lewistown_Lewistown District,1991-04-01,79.58102452186998
blm_lewistown_Lewistown District,1991-05-01,114.1146790996395
blm_lewistown_Lewistown District,1991-06-01,138.01222806198805
blm_lewistown_Lewistown District,1991-07-01,190.2269622416117
blm_lewistown_Lewistown District,1991-08-01,174.21316436498626
blm_lewistown_Lewistown District,1991-09-01,107.07510328279714
blm_lewistown_Lewistown District,1991-10-01,85.96662077277333
blm_lewistown_Lewistown District,1991-11-01,36.05835859376975
blm_lewistown_Lewistown District,1991-12-01,41.542522698846014
blm_lewistown_Lewistown District,1992-01-01,47.028201552600905
blm_lewistown_Lewistown District,1992-02-01,47.96838332995407
blm_lewistown_Lewistown District,1992-03-01,69.53599548549963
blm_lewistown_Lewistown District,1992-04-01,106.22566774705001
blm_lewistown_Lewistown District,1992-05-01,145.64535938285002
blm_lewistown_Lewistown District,1992-06-01,145.62082070130285
blm_lewistown_Lewistown District,1992-07-01,143.9636738723843
blm_lewistown_Lewistown District,1992-08-01,150.1589920077564
blm_lewistown_Lewistown District,1992-09-01,121.18033595020795
blm_lewistown_Lewistown District,1992-10-01,68.73910770295441
blm_lewistown_Lewistown District,1992-11-01,31.640181795685983
blm_lewistown_Lewistown District,1992-12-01,23.59556605355597
blm_lewistown_Lewistown District,1993-01-01,23.667474603035732
blm_lewistown_Lewistown District,1993-02-01,27.133764856349533
blm_lewistown_Lewistown District,1993-03-01,61.50231334021255
blm_lewistown_Lewistown District,1993-04-01,84.13059758443998
blm_lewistown_Lewistown District,1993-05-01,137.6231892007141
blm_lewistown_Lewistown District,1993-06-01,129.95750485869092
blm_lewistown_Lewistown District,1993-07-01,126.35948778518596
blm_lewistown_Lewistown District,1993-08-01,129.40335997022305
blm_lewistown_Lewistown District,1993-09-01,98.90201043202771
blm_lewistown_Lewistown District,1993-10-01,69.49264662208651
blm_lewistown_Lewistown District,1993-11-01,37.70581107164539
blm_lewistown_Lewistown District,1993-12-01,33.82093087414085
blm_lewistown_Lewistown District,1994-01-01,24.91914082597813
blm_lewistown_Lewistown District,1994-02-01,28.370145997867148
blm_lewistown_Lewistown District,1994-03-01,79.99228858580047
blm_lewistown_Lewistown District,1994-04-01,93.14076004301474
blm_lewistown_Lewistown District,1994-05-01,136.75265758433508
blm_lewistown_Lewistown District,1994-06-01,162.54585513002255
blm_lewistown_Lewistown District,1994-07-01,183.72206005200445
blm_lewistown_Lewistown District,1994-08-01,164.66430725627154
blm_lewistown_Lewistown District,1994-09-01,131.32324429918864
blm_lewistown_Lewistown District,1994-10-01,61.2297162896705
blm_lewistown_Lewistown District,1994-11-01,34.9496006777844
blm_lewistown_Lewistown District,1994-12-01,30.12765080303044
blm_lewistown_Lewistown District,1995-01-01,28.718810289499025
blm_lewistown_Lewistown District,1995-02-01,42.211511980696045
blm_lewistown_Lewistown District,1995-03-01,62.10795922937291
blm_lewistown_Lewistown District,1995-04-01,73.85607262886907
blm_lewistown_Lewistown District,1995-05-01,112.44786558621385
blm_lewistown_Lewistown District,1995-06-01,130.25224464309343
blm_lewistown_Lewistown District,1995-07-01,163.50873039117434
blm_lewistown_Lewistown District,1995-08-01,166.499559390384
blm_lewistown_Lewistown District,1995-09-01,102.85678870459293
blm_lewistown_Lewistown District,1995-10-01,67.83191950122242
blm_lewistown_Lewistown District,1995-11-01,42.583337911460326
blm_lewistown_Lewistown District,1995-12-01,28.817130339109546
blm_lewistown_Lewistown District,1996-01-01,21.04833389228121
blm_lewistown_Lewistown District,1996-02-01,44.52704487041283
blm_lewistown_Lewistown District,1996-03-01,47.042357436095806
blm_lewistown_Lewistown District,1996-04-01,97.15428246088639
blm_lewistown_Lewistown District,1996-05-01,94.07920673720209
blm_lewistown_Lewistown District,1996-06-01,161.16232440163694
blm_lewistown_Lewistown District,1996-07-01,187.54285321436583
blm_lewistown_Lewistown District,1996-08-01,180.41944370884372
blm_lewistown_Lewistown District,1996-09-01,100.40817957389325
blm_lewistown_Lewistown District,1996-10-01,70.62475897753019
blm_lewistown_Lewistown District,1996-11-01,23.991517588311535
blm_lewistown_Lewistown District,1996-12-01,22.769044415939614
blm_lewistown_Lewistown District,1997-01-01,25.042577872227717
blm_lewistown_Lewistown District,1997-02-01,32.01558799607076
blm_lewistown_Lewistown District,1997-03-01,67.57780212700712
blm_lewistown_Lewistown District,1997-04-01,75.89405118017216
blm_lewistown_Lewistown District,1997-05-01,134.10776653830848
blm_lewistown_Lewistown District,1997-06-01,139.67292760010102
blm_lewistown_Lewistown District,1997-07-01,166.0586891331905
blm_lewistown_Lewistown District,1997-08-01,149.27444223095583
blm_lewistown_Lewistown District,1997-09-01,124.48292478258305
blm_lewistown_Lewistown District,1997-10-01,68.75535668909173
blm_lewistown_Lewistown District,1997-11-01,37.31266869870929
blm_lewistown_Lewistown District,1997-12-01,33.86367392612206
blm_lewistown_Lewistown District,1998-01-01,25.774717768241274
blm_lewistown_Lewistown District,1998-02-01,33.574524890224126
blm_lewistown_Lewistown District,1998-03-01,49.77639768301571
blm_lewistown_Lewistown District,1998-04-01,95.91035525511855
blm_lewistown_Lewistown District,1998-05-01,140.3987331364116
blm_lewistown_Lewistown District,1998-06-01,116.40049577658907
blm_lewistown_Lewistown District,1998-07-01,178.72665937292908
blm_lewistown_Lewistown District,1998-08-01,167.76364643808174
blm_lewistown_Lewistown District,1998-09-01,120.75560447001583
blm_lewistown_Lewistown District,1998-10-01,68.78598173220799
blm_lewistown_Lewistown District,1998-11-01,32.06394934385022
blm_lewistown_Lewistown District,1998-12-01,31.85937757394886
blm_lewistown_Lewistown District,1999-01-01,29.303662956204175
blm_lewistown_Lewistown District,1999-02-01,44.02825664902679
blm_lewistown_Lewistown District,1999-03-01,70.79889835388133
blm_lewistown_Lewistown District,1999-04-01,88.82624620749122
blm_lewistown_Lewistown District,1999-05-01,121.96885159428669
blm_lewistown_Lewistown District,1999-06-01,138.57152294515086
blm_lewistown_Lewistown District,1999-07-01,189.28190591360905
blm_lewistown_Lewistown District,1999-08-01,161.74993116315224
blm_lewistown_Lewistown District,1999-09-01,102.7748279240597
blm_lewistown_Lewistown District,1999-10-01,83.80534284523911
blm_lewistown_Lewistown District,1999-11-01,59.211897549304844
blm_lewistown_Lewistown District,1999-12-01,40.249104922417274
blm_lewistown_Lewistown District,2000-01-01,25.71167729229876
blm_lewistown_Lewistown District,2000-02-01,35.216937482471934
blm_lewistown_Lewistown District,2000-03-01,68.994381606496745
blm_lewistown_Lewistown District,2000-04-01,104.81834201712938
blm_lewistown_Lewistown District,2000-05-01,132.85582496351003
blm_lewistown_Lewistown District,2000-06-01,152.9034152229244
blm_lewistown_Lewistown District,2000-07-01,193.37179847828648
blm_lewistown_Lewistown District,2000-08-01,182.61511984373118
blm_lewistown_Lewistown District,2000-09-01,114.2708619584462
blm_lewistown_Lewistown District,2000-10-01,61.604103484451855
blm_lewistown_Lewistown District,2000-11-01,28.79743878147353
blm_lewistown_Lewistown District,2000-12-01,21.327568244618906
blm_lewistown_Lewistown District,2001-01-01,32.9742219991114
blm_lewistown_Lewistown District,2001-02-01,23.372404348026194
blm_lewistown_Lewistown District,2001-03-01,62.77961991083455
blm_lewistown_Lewistown District,2001-04-01,90.76956749435169
blm_lewistown_Lewistown District,2001-05-01,164.65722942010854
blm_lewistown_Lewistown District,2001-06-01,147.74345900762248
blm_lewistown_Lewistown District,2001-07-01,172.15246487898264
blm_lewistown_Lewistown District,2001-08-01,182.61927843317122
blm_lewistown_Lewistown District,2001-09-01,119.96538145316924
blm_lewistown_Lewistown District,2001-10-01,78.39212331243928
blm_lewistown_Lewistown District,2001-11-01,52.09446426870671
blm_lewistown_Lewistown District,2001-12-01,28.216276565684133
blm_lewistown_Lewistown District,2002-01-01,31.452161925779954
blm_lewistown_Lewistown District,2002-02-01,43.90793165901875
blm_lewistown_Lewistown District,2002-03-01,40.03134121496925
blm_lewistown_Lewistown District,2002-04-01,83.54896718232436
blm_lewistown_Lewistown District,2002-05-01,125.07361614970063
blm_lewistown_Lewistown District,2002-06-01,141.90302946678503
blm_lewistown_Lewistown District,2002-07-01,194.42090330383922
blm_lewistown_Lewistown District,2002-08-01,138.57623238696175
blm_lewistown_Lewistown District,2002-09-01,107.25992827755596
blm_lewistown_Lewistown District,2002-10-01,59.47433205459834
blm_lewistown_Lewistown District,2002-11-01,55.66868623246572
blm_lewistown_Lewistown District,2002-12-01,33.19148997924309
blm_lewistown_Lewistown District,2003-01-01,37.40812449532742
blm_lewistown_Lewistown District,2003-02-01,26.487964814505737
blm_lewistown_Lewistown District,2003-03-01,63.77347834068893
blm_lewistown_Lewistown District,2003-04-01,90.39697041008564
blm_lewistown_Lewistown District,2003-05-01,121.87807751200936
blm_lewistown_Lewistown District,2003-06-01,150.17562654621835
blm_lewistown_Lewistown District,2003-07-01,217.3645827057801
blm_lewistown_Lewistown District,2003-08-01,179.7880473093565
blm_lewistown_Lewistown District,2003-09-01,113.96538144896688
blm_lewistown_Lewistown District,2003-10-01,90.87171569063591
blm_lewistown_Lewistown District,2003-11-01,36.56973288506393
blm_lewistown_Lewistown District,2003-12-01,29.384494686152973
blm_lewistown_Lewistown District,2004-01-01,27.714816929978202
blm_lewistown_Lewistown District,2004-02-01,33.604296326801425
blm_lewistown_Lewistown District,2004-03-01,84.21087854396407
blm_lewistown_Lewistown District,2004-04-01,100.38625721680629
blm_lewistown_Lewistown District,2004-05-01,112.90608641451891
blm_lewistown_Lewistown District,2004-06-01,133.23751022099333
blm_lewistown_Lewistown District,2004-07-01,184.6606169091017
blm_lewistown_Lewistown District,2004-08-01,143.75722941338475
blm_lewistown_Lewistown District,2004-09-01,94.94951796997877
blm_lewistown_Lewistown District,2004-10-01,66.87887634701782
blm_lewistown_Lewistown District,2004-11-01,48.04271551913317
blm_lewistown_Lewistown District,2004-12-01,36.82043517781696
blm_lewistown_Lewistown District,2005-01-01,32.49047099076431
blm_lewistown_Lewistown District,2005-02-01,49.48727623853628
blm_lewistown_Lewistown District,2005-03-01,66.80823457382232
blm_lewistown_Lewistown District,2005-04-01,95.42729269167964
blm_lewistown_Lewistown District,2005-05-01,121.4378683541439
blm_lewistown_Lewistown District,2005-06-01,130.90682990962696
blm_lewistown_Lewistown District,2005-07-01,206.21388050899859
blm_lewistown_Lewistown District,2005-08-01,160.6524647844294
blm_lewistown_Lewistown District,2005-09-01,115.30415864701246
blm_lewistown_Lewistown District,2005-10-01,66.753373654806
blm_lewistown_Lewistown District,2005-11-01,44.86810788685413
blm_lewistown_Lewistown District,2005-12-01,31.06634542548732
blm_lewistown_Lewistown District,2006-01-01,44.32233546595047
blm_lewistown_Lewistown District,2006-02-01,43.374552475916914
blm_lewistown_Lewistown District,2006-03-01,54.78190573816029
blm_lewistown_Lewistown District,2006-04-01,99.42913792514827
blm_lewistown_Lewistown District,2006-05-01,144.81591851505752
blm_lewistown_Lewistown District,2006-06-01,158.93001923262992
blm_lewistown_Lewistown District,2006-07-01,217.4243459278675
blm_lewistown_Lewistown District,2006-08-01,169.624511109407
blm_lewistown_Lewistown District,2006-09-01,111.72842185131547
blm_lewistown_Lewistown District,2006-10-01,58.65524641366348
blm_lewistown_Lewistown District,2006-11-01,46.908399854012345
blm_lewistown_Lewistown District,2006-12-01,38.14100798415402
blm_lewistown_Lewistown District,2007-01-01,37.961222795966044
blm_lewistown_Lewistown District,2007-02-01,26.96598736020495
blm_lewistown_Lewistown District,2007-03-01,87.42922054260305
blm_lewistown_Lewistown District,2007-04-01,87.54786557003474
blm_lewistown_Lewistown District,2007-05-01,131.48314513361706
blm_lewistown_Lewistown District,2007-06-01,158.93819877773694
blm_lewistown_Lewistown District,2007-07-01,210.58810262173142
blm_lewistown_Lewistown District,2007-08-01,175.83145140340852
blm_lewistown_Lewistown District,2007-09-01,110.80740831102493
blm_lewistown_Lewistown District,2007-10-01,76.9076011371954
blm_lewistown_Lewistown District,2007-11-01,49.66887908374531
blm_lewistown_Lewistown District,2007-12-01,31.098292480779726
blm_lewistown_Lewistown District,2008-01-01,33.155852375329935
blm_lewistown_Lewistown District,2008-02-01,38.91539518723505
blm_lewistown_Lewistown District,2008-03-01,62.329826390700575
blm_lewistown_Lewistown District,2008-04-01,95.80322213515667
blm_lewistown_Lewistown District,2008-05-01,120.93946570688225
blm_lewistown_Lewistown District,2008-06-01,147.1974112537734
blm_lewistown_Lewistown District,2008-07-01,195.35095025737303
blm_lewistown_Lewistown District,2008-08-01,172.81324707132106
blm_lewistown_Lewistown District,2008-09-01,98.93558249214864
blm_lewistown_Lewistown District,2008-10-01,78.03285594132281
blm_lewistown_Lewistown District,2008-11-01,45.518369549662246
blm_lewistown_Lewistown District,2008-12-01,26.251032853973566
blm_lewistown_Lewistown District,2009-01-01,38.69947674950106
blm_lewistown_Lewistown District,2009-02-01,34.78017076950893
blm_lewistown_Lewistown District,2009-03-01,56.907298199173766
blm_lewistown_Lewistown District,2009-04-01,85.83910772669778
blm_lewistown_Lewistown District,2009-05-01,142.60559078459238
blm_lewistown_Lewistown District,2009-06-01,145.8066647780956
blm_lewistown_Lewistown District,2009-07-01,172.00633427171593
blm_lewistown_Lewistown District,2009-08-01,153.26469296576465
blm_lewistown_Lewistown District,2009-09-01,141.84065006206725
blm_lewistown_Lewistown District,2009-10-01,52.826796970561794
blm_lewistown_Lewistown District,2009-11-01,54.99622686465428
blm_lewistown_Lewistown District,2009-12-01,17.714293707635115
blm_lewistown_Lewistown District,2010-01-01,27.52239056705148
blm_lewistown_Lewistown District,2010-02-01,26.283806133979414
blm_lewistown_Lewistown District,2010-03-01,78.08041858174064
blm_lewistown_Lewistown District,2010-04-01,96.75673366453128
blm_lewistown_Lewistown District,2010-05-01,108.85406222877933
blm_lewistown_Lewistown District,2010-06-01,140.36513353924028
blm_lewistown_Lewistown District,2010-07-01,177.83957587861713
blm_lewistown_Lewistown District,2010-08-01,158.719526298773
blm_lewistown_Lewistown District,2010-09-01,103.02580557287116
blm_lewistown_Lewistown District,2010-10-01,84.55868900291718
blm_lewistown_Lewistown District,2010-11-01,37.52621867117623
blm_lewistown_Lewistown District,2010-12-01,24.77700365282425
blm_lewistown_Lewistown District,2011-01-01,27.192811937576415
blm_lewistown_Lewistown District,2011-02-01,29.26317823205694
blm_lewistown_Lewistown District,2011-03-01,52.672486887527086
blm_lewistown_Lewistown District,2011-04-01,73.94070500232273
blm_lewistown_Lewistown District,2011-05-01,100.8756815207231
blm_lewistown_Lewistown District,2011-06-01,132.8094465129141
blm_lewistown_Lewistown District,2011-07-01,194.83525207317817
blm_lewistown_Lewistown District,2011-08-01,183.1272101458752
blm_lewistown_Lewistown District,2011-09-01,137.8770311377128
blm_lewistown_Lewistown District,2011-10-01,80.46648305075058
blm_lewistown_Lewistown District,2011-11-01,44.148939649581386
blm_lewistown_Lewistown District,2011-12-01,34.482043552845184
blm_lewistown_Lewistown District,2012-01-01,42.8905259990981
blm_lewistown_Lewistown District,2012-02-01,34.91418342096554
blm_lewistown_Lewistown District,2012-03-01,83.38138255374355
blm_lewistown_Lewistown District,2012-04-01,109.0363535795682
blm_lewistown_Lewistown District,2012-05-01,134.93092816015866
blm_lewistown_Lewistown District,2012-06-01,171.1271275315722
blm_lewistown_Lewistown District,2012-07-01,212.64533205276612
blm_lewistown_Lewistown District,2012-08-01,186.18647759809733
blm_lewistown_Lewistown District,2012-09-01,143.32806394173073
blm_lewistown_Lewistown District,2012-10-01,71.47967496518424
blm_lewistown_Lewistown District,2012-11-01,48.999641929569734
blm_lewistown_Lewistown District,2012-12-01,30.536794308426295
blm_lewistown_Lewistown District,2013-01-01,29.877196466124968
blm_lewistown_Lewistown District,2013-02-01,33.354227488903064
blm_lewistown_Lewistown District,2013-03-01,64.7698154433704
blm_lewistown_Lewistown District,2013-04-01,86.18620214249536
blm_lewistown_Lewistown District,2013-05-01,134.70049586357803
blm_lewistown_Lewistown District,2013-06-01,152.1865051425019
blm_lewistown_Lewistown District,2013-07-01,199.23566508838147
blm_lewistown_Lewistown District,2013-08-01,170.53390257511543
blm_lewistown_Lewistown District,2013-09-01,110.82299632390516
blm_lewistown_Lewistown District,2013-10-01,64.78653256881995
blm_lewistown_Lewistown District,2013-11-01,34.49146244093197
blm_lewistown_Lewistown District,2013-12-01,23.72577811876495
blm_lewistown_Lewistown District,2014-01-01,40.808069368329335
blm_lewistown_Lewistown District,2014-02-01,26.360396591371426
blm_lewistown_Lewistown District,2014-03-01,54.673671107816155
blm_lewistown_Lewistown District,2014-04-01,97.94109055674855
blm_lewistown_Lewistown District,2014-05-01,120.05329096149853
blm_lewistown_Lewistown District,2014-06-01,132.1466538753105
blm_lewistown_Lewistown District,2014-07-01,193.72624617534314
blm_lewistown_Lewistown District,2014-08-01,136.16865863343043
blm_lewistown_Lewistown District,2014-09-01,101.86202147328075
blm_lewistown_Lewistown District,2014-10-01,81.64574493727582
blm_lewistown_Lewistown District,2014-11-01,35.89118700019586
blm_lewistown_Lewistown District,2014-12-01,29.65599010602005
blm_lewistown_Lewistown District,2015-01-01,35.63494902305845
blm_lewistown_Lewistown District,2015-02-01,39.795290527511845
blm_lewistown_Lewistown District,2015-03-01,90.8863398048445
blm_lewistown_Lewistown District,2015-04-01,99.64472592878329
blm_lewistown_Lewistown District,2015-05-01,114.15665104854735
blm_lewistown_Lewistown District,2015-06-01,165.90520524151296
blm_lewistown_Lewistown District,2015-07-01,182.19608920220008
blm_lewistown_Lewistown District,2015-08-01,173.95373176694474
blm_lewistown_Lewistown District,2015-09-01,115.10228588048567
blm_lewistown_Lewistown District,2015-10-01,76.79545574035896
blm_lewistown_Lewistown District,2015-11-01,40.324401032855704
blm_lewistown_Lewistown District,2015-12-01,29.487744484220908
blm_lewistown_Lewistown District,2016-01-01,30.345524661043925
blm_lewistown_Lewistown District,2016-02-01,61.005370416118566
blm_lewistown_Lewistown District,2016-03-01,78.99038830869817
blm_lewistown_Lewistown District,2016-04-01,97.46193875980194
blm_lewistown_Lewistown District,2016-05-01,120.56025880704863
blm_lewistown_Lewistown District,2016-06-01,170.94244024833023
blm_lewistown_Lewistown District,2016-07-01,180.29413385162732
blm_lewistown_Lewistown District,2016-08-01,159.35585235452822
blm_lewistown_Lewistown District,2016-09-01,97.89983478021898
blm_lewistown_Lewistown District,2016-10-01,58.320875673706425
blm_lewistown_Lewistown District,2016-11-01,57.17334067897014
blm_lewistown_Lewistown District,2016-12-01,23.89148998129174
blm_lewistown_Lewistown District,2017-01-01,26.93935558573335
blm_lewistown_Lewistown District,2017-02-01,38.180969413204714
blm_lewistown_Lewistown District,2017-03-01,71.02990912813289
blm_lewistown_Lewistown District,2017-04-01,91.35833097692692
blm_lewistown_Lewistown District,2017-05-01,137.37262468014956
blm_lewistown_Lewistown District,2017-06-01,162.47945477384013
blm_lewistown_Lewistown District,2017-07-01,213.821949850853
blm_lewistown_Lewistown District,2017-08-01,166.19796202840047
blm_lewistown_Lewistown District,2017-09-01,111.24502893572371
blm_lewistown_Lewistown District,2017-10-01,79.85623790895404
blm_lewistown_Lewistown District,2017-11-01,40.70570088299599
blm_lewistown_Lewistown District,2017-12-01,32.20129446036492
blm_lewistown_Lewistown District,2018-01-01,31.335224488063215
blm_lewistown_Lewistown District,2018-02-01,19.441421174175712
blm_lewistown_Lewistown District,2018-03-01,49.27843562435822
blm_lewistown_Lewistown District,2018-04-01,82.9752685202281
blm_lewistown_Lewistown District,2018-05-01,129.48829519344866
blm_lewistown_Lewistown District,2018-06-01,138.36246207869436
blm_lewistown_Lewistown District,2018-07-01,177.1438447473726
blm_lewistown_Lewistown District,2018-08-01,161.0445330448303
blm_lewistown_Lewistown District,2018-09-01,92.21178740530557
blm_lewistown_Lewistown District,2018-10-01,61.12362980927951
blm_lewistown_Lewistown District,2018-11-01,37.23445333419375
blm_lewistown_Lewistown District,2018-12-01,34.989369317277735
blm_lewistown_Lewistown District,2019-01-01,35.408317263085
blm_lewistown_Lewistown District,2019-02-01,12.358055732362496
blm_lewistown_Lewistown District,2019-03-01,50.10669229812643
blm_lewistown_Lewistown District,2019-04-01,82.81253088843688
blm_lewistown_Lewistown District,2019-05-01,103.30341501742872
blm_lewistown_Lewistown District,2019-06-01,144.1359955060912
blm_lewistown_Lewistown District,2019-07-01,174.63423298778235
blm_lewistown_Lewistown District,2019-08-01,152.6760948200063
blm_lewistown_Lewistown District,2019-09-01,96.12935832787137
blm_lewistown_Lewistown District,2019-10-01,54.53114841096627
blm_lewistown_Lewistown District,2019-11-01,35.25805560053954
blm_lewistown_Lewistown District,2019-12-01,31.8237951499836
blm_lewistown_Lewistown District,2020-01-01,33.23233268084325
blm_lewistown_Lewistown District,2020-02-01,42.75995593384848
blm_lewistown_Lewistown District,2020-03-01,59.897741678627156
blm_lewistown_Lewistown District,2020-04-01,89.40702284232738
blm_lewistown_Lewistown District,2020-05-01,122.35056459368572
blm_lewistown_Lewistown District,2020-06-01,145.25428272731637
blm_lewistown_Lewistown District,2020-07-01,180.36491323863464
blm_lewistown_Lewistown District,2020-08-01,177.94417513818723
blm_lewistown_Lewistown District,2020-09-01,127.55579729009285
blm_lewistown_Lewistown District,2020-10-01,71.15488850817606
blm_lewistown_Lewistown District,2020-11-01,49.9869182064526
blm_lewistown_Lewistown District,2020-12-01,42.04629579689574
blm_lewistown_Lewistown District,2021-01-01,38.21916824383894
blm_lewistown_Lewistown District,2021-02-01,27.013880475957478
blm_lewistown_Lewistown District,2021-03-01,74.24458822840273
blm_lewistown_Lewistown District,2021-04-01,91.14007150434128
blm_lewistown_Lewistown District,2021-05-01,113.78518314724026
blm_lewistown_Lewistown District,2021-06-01,181.9589094552282
blm_lewistown_Lewistown District,2021-07-01,205.74268812359742
blm_lewistown_Lewistown District,2021-08-01,155.0595978484998
blm_lewistown_Lewistown District,2021-09-01,138.84794825136547
blm_lewistown_Lewistown District,2021-10-01,83.74304594661342
blm_lewistown_Lewistown District,2021-11-01,61.54023684578078
blm_lewistown_Lewistown District,2021-12-01,28.809639256245436
blm_lewistown_Lewistown District,2022-01-01,40.058441166837035
blm_lewistown_Lewistown District,2022-02-01,41.70038555568652
blm_lewistown_Lewistown District,2022-03-01,67.55163863236436
blm_lewistown_Lewistown District,2022-04-01,80.54844401408673
blm_lewistown_Lewistown District,2022-05-01,120.02718258508143
blm_lewistown_Lewistown District,2022-06-01,143.17083453843168
blm_lewistown_Lewistown District,2022-07-01,190.31740574480844
blm_lewistown_Lewistown District,2022-08-01,182.0518865897878
blm_lewistown_Lewistown District,2022-09-01,133.73084555510087
blm_lewistown_Lewistown District,2022-10-01,72.95075730534172
blm_lewistown_Lewistown District,2022-11-01,30.635086772921852
blm_lewistown_Lewistown District,2022-12-01,19.431368810747713
blm_lewistown_Lewistown District,2023-01-01,30.88851559270482
blm_lewistown_Lewistown District,2023-02-01,44.93905259281832
blm_lewistown_Lewistown District,2023-03-01,43.69182040152291
blm_lewistown_Lewistown District,2023-04-01,89.2232993243319
blm_lewistown_Lewistown District,2023-05-01,132.88204357427725
blm_lewistown_Lewistown District,2023-06-01,130.20503984145046
blm_lewistown_Lewistown District,2023-07-01,195.34447827834265
blm_lewistown_Lewistown District,2023-08-01,167.11079598786384
blm_lewistown_Lewistown District,2023-09-01,114.42668684505294
blm_lewistown_Lewistown District,2023-10-01,60.70776642757617
blm_lewistown_Lewistown District,2023-11-01,50.912888925878576
blm_lewistown_Lewistown District,2023-12-01,44.66298534862925
blm_lewistown_Lewistown District,2024-01-01,28.013577545289987
blm_lewistown_Lewistown District,2024-02-01,35.985293302480855
blm_lewistown_Lewistown District,2024-03-01,53.40492975229207
blm_lewistown_Lewistown District,2024-04-01,97.8075460771725
blm_lewistown_Lewistown District,2024-05-01,119.53566509552549
blm_lewistown_Lewistown District,2024-06-01,153.97909665875972
blm_lewistown_Lewistown District,2024-07-01,200.20515015774671
blm_lewistown_Lewistown District,2024-08-01,153.9291654611481
blm_lewistown_Lewistown District,2024-09-01,121.39429908191426
blm_lewistown_Lewistown District,2024-10-01,90.7820710014358
blm_lewistown_Lewistown District,2024-11-01,35.14599282641084
blm_lewistown_Lewistown District,2024-12-01,40.17000823098416
blm_lewistown_Lewistown District,2025-01-01,28.248361348777525
blm_lewistown_Lewistown District,2025-02-01,26.932883573871973
blm_lewistown_Lewistown District,2025-03-01,71.75637564925707
blm_lewistown_Lewistown District,2025-04-01,95.61153946090946
blm_lewistown_Lewistown District,2025-05-01,132.61046534364658
blm_lewistown_Lewistown District,2025-06-01,150.96623528768654
blm_lewistown_Lewistown District,2025-07-01,176.81118146580658
blm_lewistown_Lewistown District,2025-08-01,151.82721003577322
blm_lewistown_Lewistown District,2025-09-01,122.40090888382416
blm_lewistown_Lewistown District,2025-10-01,31.266400415750944
blm_malta_Malta District,1979-01-01,10.283514742542215
blm_malta_Malta District,1979-02-01,14.634101903557829
blm_malta_Malta District,1979-03-01,48.39756415376667
blm_malta_Malta District,1979-04-01,70.65665505315076
blm_malta_Malta District,1979-05-01,118.13055669976194
blm_malta_Malta District,1979-06-01,174.1099608986727
blm_malta_Malta District,1979-07-01,181.64599822095394
blm_malta_Malta District,1979-08-01,160.73618961780576
blm_malta_Malta District,1979-09-01,127.18860371852243
blm_malta_Malta District,1979-10-01,76.48016522271885
blm_malta_Malta District,1979-11-01,31.207416254004585
blm_malta_Malta District,1979-12-01,36.00056545544625
blm_malta_Malta District,1980-01-01,19.12451077669068
blm_malta_Malta District,1980-02-01,22.740104463526663
blm_malta_Malta District,1980-03-01,47.848281800617286
blm_malta_Malta District,1980-04-01,128.23394948620026
blm_malta_Malta District,1980-05-01,150.75763369539916
blm_malta_Malta District,1980-06-01,156.11926927437935
blm_malta_Malta District,1980-07-01,196.79108303679027
blm_malta_Malta District,1980-08-01,139.66304908974786
blm_malta_Malta District,1980-09-01,107.42374936120828
blm_malta_Malta District,1980-10-01,72.90245757864163
blm_malta_Malta District,1980-11-01,42.29066984919996
blm_malta_Malta District,1980-12-01,23.752544659435774
blm_malta_Malta District,1981-01-01,24.207242379555655
blm_malta_Malta District,1981-02-01,39.96374509022411
blm_malta_Malta District,1981-03-01,67.14601999243844
blm_malta_Malta District,1981-04-01,113.04682461247853
blm_malta_Malta District,1981-05-01,126.58210086034349
blm_malta_Malta District,1981-06-01,146.36602864508112
blm_malta_Malta District,1981-07-01,190.72794686840533
blm_malta_Malta District,1981-08-01,166.79584609699955
blm_malta_Malta District,1981-09-01,125.18808179028193
blm_malta_Malta District,1981-10-01,62.39097422566192
blm_malta_Malta District,1981-11-01,38.05882991672132
blm_malta_Malta District,1981-12-01,17.50398006922476
blm_malta_Malta District,1982-01-01,12.694802217558188
blm_malta_Malta District,1982-02-01,24.033079639524416
blm_malta_Malta District,1982-03-01,39.97522835858027
blm_malta_Malta District,1982-04-01,93.32268369607482
blm_malta_Malta District,1982-05-01,113.80411038890306
blm_malta_Malta District,1982-06-01,144.0251631187117
blm_malta_Malta District,1982-07-01,171.31228791842932
blm_malta_Malta District,1982-08-01,157.40228361417647
blm_malta_Malta District,1982-09-01,104.2334709681859
blm_malta_Malta District,1982-10-01,60.19493249666696
blm_malta_Malta District,1982-11-01,24.297303250168863
blm_malta_Malta District,1982-12-01,19.902936163649656
blm_malta_Malta District,1983-01-01,21.317007493122393
blm_malta_Malta District,1983-02-01,32.139778172674255
blm_malta_Malta District,1983-03-01,47.40809047776961
blm_malta_Malta District,1983-04-01,92.3491952107128
blm_malta_Malta District,1983-05-01,129.61802956082084
blm_malta_Malta District,1983-06-01,155.55206602311435
blm_malta_Malta District,1983-07-01,184.96235313763978
blm_malta_Malta District,1983-08-01,181.76113529213617
blm_malta_Malta District,1983-09-01,105.0341670337891
blm_malta_Malta District,1983-10-01,67.1497389024732
blm_malta_Malta District,1983-11-01,29.207481489849382
blm_malta_Malta District,1983-12-01,9.875293767778912
blm_malta_Malta District,1984-01-01,31.496020058851336
blm_malta_Malta District,1984-02-01,41.737342293545595
blm_malta_Malta District,1984-03-01,43.590713297714096
blm_malta_Malta District,1984-04-01,106.01570241645193
blm_malta_Malta District,1984-05-01,151.95941715315146
blm_malta_Malta District,1984-06-01,162.97100907400826
blm_malta_Malta District,1984-07-01,210.6325360729986
blm_malta_Malta District,1984-08-01,185.85441501745197
blm_malta_Malta District,1984-09-01,93.96100474254314
blm_malta_Malta District,1984-10-01,56.95869946241275
blm_malta_Malta District,1984-11-01,27.099782563126983
blm_malta_Malta District,1984-12-01,15.416289809166011
blm_malta_Malta District,1985-01-01,20.173532075910995
blm_malta_Malta District,1985-02-01,32.92274906553357
blm_malta_Malta District,1985-03-01,55.810982964670416
blm_malta_Malta District,1985-04-01,112.87229226433023
blm_malta_Malta District,1985-05-01,151.1494128097395
blm_malta_Malta District,1985-06-01,179.0059156032063
blm_malta_Malta District,1985-07-01,216.37109630198103
blm_malta_Malta District,1985-08-01,140.58166594835092
blm_malta_Malta District,1985-09-01,71.78521090603331
blm_malta_Malta District,1985-10-01,68.41718135931639
blm_malta_Malta District,1985-11-01,19.161505039176923
blm_malta_Malta District,1985-12-01,24.288712597971845
blm_malta_Malta District,1986-01-01,31.09956506253741
blm_malta_Malta District,1986-02-01,19.493932274540075
blm_malta_Malta District,1986-03-01,73.00095690743412
blm_malta_Malta District,1986-04-01,92.47150925565357
blm_malta_Malta District,1986-05-01,138.43758149082737
blm_malta_Malta District,1986-06-01,174.01818171829282
blm_malta_Malta District,1986-07-01,179.79291010919266
blm_malta_Malta District,1986-08-01,166.09212693840382
blm_malta_Malta District,1986-09-01,69.24086558212142
blm_malta_Malta District,1986-10-01,63.198325275389614
blm_malta_Malta District,1986-11-01,26.96437585970898
blm_malta_Malta District,1986-12-01,28.195824360733397
blm_malta_Malta District,1987-01-01,33.56657243169044
blm_malta_Malta District,1987-02-01,34.377294465944836
blm_malta_Malta District,1987-03-01,50.674380169271544
blm_malta_Malta District,1987-04-01,124.6947368905564
blm_malta_Malta District,1987-05-01,146.022901286971
blm_malta_Malta District,1987-06-01,185.5013483984152
blm_malta_Malta District,1987-07-01,173.71696389203697
blm_malta_Malta District,1987-08-01,140.67446706273236
blm_malta_Malta District,1987-09-01,114.31170073878822
blm_malta_Malta District,1987-10-01,82.91020000867607
blm_malta_Malta District,1987-11-01,37.28153539378003
blm_malta_Malta District,1987-12-01,28.636276666368282
blm_malta_Malta District,1988-01-01,24.895715606269654
blm_malta_Malta District,1988-02-01,43.19221406233938
blm_malta_Malta District,1988-03-01,69.95013054312183
blm_malta_Malta District,1988-04-01,119.84208349996985
blm_malta_Malta District,1988-05-01,176.00600261945422
blm_malta_Malta District,1988-06-01,212.94025687623824
blm_malta_Malta District,1988-07-01,211.68975641583296
blm_malta_Malta District,1988-08-01,183.80389311708745
blm_malta_Malta District,1988-09-01,111.03475422172663
blm_malta_Malta District,1988-10-01,71.19058287439267
blm_malta_Malta District,1988-11-01,31.777707731272667
blm_malta_Malta District,1988-12-01,25.023749522926394
blm_malta_Malta District,1989-01-01,27.544236661040717
blm_malta_Malta District,1989-02-01,17.506111453439214
blm_malta_Malta District,1989-03-01,43.44625923933284
blm_malta_Malta District,1989-04-01,84.29708565043698
blm_malta_Malta District,1989-05-01,130.85574155809985
blm_malta_Malta District,1989-06-01,160.25311001864347
blm_malta_Malta District,1989-07-01,197.36998707960873
blm_malta_Malta District,1989-08-01,146.21117881983972
blm_malta_Malta District,1989-09-01,107.92986074433527
blm_malta_Malta District,1989-10-01,64.7150499738782
blm_malta_Malta District,1989-11-01,35.74721618692167
blm_malta_Malta District,1989-12-01,21.23860387223448
blm_malta_Malta District,1990-01-01,24.64860818722083
blm_malta_Malta District,1990-02-01,38.12070463200453
blm_malta_Malta District,1990-03-01,58.092039950363734
blm_malta_Malta District,1990-04-01,87.17540230985412
blm_malta_Malta District,1990-05-01,126.66478904800448
blm_malta_Malta District,1990-06-01,166.86448462686627
blm_malta_Malta District,1990-07-01,182.21276626653287
blm_malta_Malta District,1990-08-01,165.77594606085103
blm_malta_Malta District,1990-09-01,135.29193121871518
blm_malta_Malta District,1990-10-01,80.81946498676713
blm_malta_Malta District,1990-11-01,40.95013048463202
blm_malta_Malta District,1990-12-01,26.765332800868077
blm_malta_Malta District,1991-01-01,21.41333197862908
blm_malta_Malta District,1991-02-01,39.94517177579298
blm_malta_Malta District,1991-03-01,57.652348836124744
blm_malta_Malta District,1991-04-01,83.94606345360462
blm_malta_Malta District,1991-05-01,122.8759677998135
blm_malta_Malta District,1991-06-01,144.97035651188304
blm_malta_Malta District,1991-07-01,188.9878424386866
blm_malta_Malta District,1991-08-01,180.31642011996715
blm_malta_Malta District,1991-09-01,106.77296648195589
blm_malta_Malta District,1991-10-01,80.85545888388867
blm_malta_Malta District,1991-11-01,29.305154446365005
blm_malta_Malta District,1991-12-01,31.40045678734831
blm_malta_Malta District,1992-01-01,40.421857301231675
blm_malta_Malta District,1992-02-01,40.10969987274409
blm_malta_Malta District,1992-03-01,67.47044361192488
blm_malta_Malta District,1992-04-01,109.5471508479108
blm_malta_Malta District,1992-05-01,155.0160070239279
blm_malta_Malta District,1992-06-01,151.78829921043766
blm_malta_Malta District,1992-07-01,143.89897795084406
blm_malta_Malta District,1992-08-01,146.4867550010731
blm_malta_Malta District,1992-09-01,114.25937364867792
blm_malta_Malta District,1992-10-01,62.5072422807452
blm_malta_Malta District,1992-11-01,25.708590747481484
blm_malta_Malta District,1992-12-01,17.727185867205037
blm_malta_Malta District,1993-01-01,16.21916063830561
blm_malta_Malta District,1993-02-01,20.039604282628044
blm_malta_Malta District,1993-03-01,54.69728139650827
blm_malta_Malta District,1993-04-01,88.86818185750688
blm_malta_Malta District,1993-05-01,143.5366898362872
blm_malta_Malta District,1993-06-01,141.16913882666643
blm_malta_Malta District,1993-07-01,127.18758155885807
blm_malta_Malta District,1993-08-01,132.88477594077767
blm_malta_Malta District,1993-09-01,96.10617657130881
blm_malta_Malta District,1993-10-01,67.06737706680929
blm_malta_Malta District,1993-11-01,32.192475009866776
blm_malta_Malta District,1993-12-01,23.285711257859074
blm_malta_Malta District,1994-01-01,12.632275045721777
blm_malta_Malta District,1994-02-01,17.51048291688797
blm_malta_Malta District,1994-03-01,74.46920400041246
blm_malta_Malta District,1994-04-01,96.56289681065026
blm_malta_Malta District,1994-05-01,143.57427143065397
blm_malta_Malta District,1994-06-01,161.73701598676405
blm_malta_Malta District,1994-07-01,192.05928657468687
blm_malta_Malta District,1994-08-01,163.71737714371716
blm_malta_Malta District,1994-09-01,128.13916929891286
blm_malta_Malta District,1994-10-01,56.48516743698551
blm_malta_Malta District,1994-11-01,31.424793457974555
blm_malta_Malta District,1994-12-01,23.046868259878767
blm_malta_Malta District,1995-01-01,17.052305493887843
blm_malta_Malta District,1995-02-01,37.65406696689601
blm_malta_Malta District,1995-03-01,59.16896482984519
blm_malta_Malta District,1995-04-01,73.25891694777839
blm_malta_Malta District,1995-05-01,120.55310998413033
blm_malta_Malta District,1995-06-01,138.9459330644645
blm_malta_Malta District,1995-07-01,160.4725750362733
blm_malta_Malta District,1995-08-01,166.11900836833408
blm_malta_Malta District,1995-09-01,101.74965191841541
blm_malta_Malta District,1995-10-01,62.42348839376947
blm_malta_Malta District,1995-11-01,27.784884782187987
blm_malta_Malta District,1995-12-01,14.291365924841843
blm_malta_Malta District,1996-01-01,13.682079286666578
blm_malta_Malta District,1996-02-01,34.54173557195211
blm_malta_Malta District,1996-03-01,40.54354066297042
blm_malta_Malta District,1996-04-01,95.39147453756112
blm_malta_Malta District,1996-05-01,97.88270980433414
blm_malta_Malta District,1996-06-01,169.17909961018472
blm_malta_Malta District,1996-07-01,187.93201400405067
blm_malta_Malta District,1996-08-01,188.35626360746818
blm_malta_Malta District,1996-09-01,94.80317527867234
blm_malta_Malta District,1996-10-01,63.96852977424147
blm_malta_Malta District,1996-11-01,17.541735607834163
blm_malta_Malta District,1996-12-01,13.410917899877209
blm_malta_Malta District,1997-01-01,17.709156263076828
blm_malta_Malta District,1997-02-01,25.455132742662336
blm_malta_Malta District,1997-03-01,60.11591995275762
blm_malta_Malta District,1997-04-01,83.5362331478323
blm_malta_Malta District,1997-05-01,140.02427127434927
blm_malta_Malta District,1997-06-01,160.3303393546059
blm_malta_Malta District,1997-07-01,178.73819046219623
blm_malta_Malta District,1997-08-01,158.77083513144566
blm_malta_Malta District,1997-09-01,127.62168343350285
blm_malta_Malta District,1997-10-01,67.04536749975429
blm_malta_Malta District,1997-11-01,28.99145285281579
blm_malta_Malta District,1997-12-01,28.692823020309508
blm_malta_Malta District,1998-01-01,16.605437289532915
blm_malta_Malta District,1998-02-01,28.976555053956513
blm_malta_Malta District,1998-03-01,43.884623748626645
blm_malta_Malta District,1998-04-01,101.49245312837166
blm_malta_Malta District,1998-05-01,152.94538928011596
blm_malta_Malta District,1998-06-01,124.27518486364762
blm_malta_Malta District,1998-07-01,184.7213354620948
blm_malta_Malta District,1998-08-01,173.53618963638976
blm_malta_Malta District,1998-09-01,120.40913437241417
blm_malta_Malta District,1998-10-01,62.509786761807796
blm_malta_Malta District,1998-11-01,23.579317162378086
blm_malta_Malta District,1998-12-01,23.393518998136518
blm_malta_Malta District,1999-01-01,18.83699445000624
blm_malta_Malta District,1999-02-01,34.23888649034106
blm_malta_Malta District,1999-03-01,64.52244452882611
blm_malta_Malta District,1999-04-01,91.21515874709188
blm_malta_Malta District,1999-05-01,126.03029580632725
blm_malta_Malta District,1999-06-01,144.8227706899224
blm_malta_Malta District,1999-07-01,184.45150072380687
blm_malta_Malta District,1999-08-01,165.84467155386852
blm_malta_Malta District,1999-09-01,97.00604607116247
blm_malta_Malta District,1999-10-01,74.05893867313473
blm_malta_Malta District,1999-11-01,44.828186145913556
blm_malta_Malta District,1999-12-01,32.5215746312102
blm_malta_Malta District,2000-01-01,16.488669123842488
blm_malta_Malta District,2000-02-01,27.192518530435382
blm_malta_Malta District,2000-03-01,64.83901692307893
blm_malta_Malta District,2000-04-01,105.0247280872506
blm_malta_Malta District,2000-05-01,143.66974761352273
blm_malta_Malta District,2000-06-01,153.86842104267586
blm_malta_Malta District,2000-07-01,193.3491518071238
blm_malta_Malta District,2000-08-01,181.0873203883227
blm_malta_Malta District,2000-09-01,111.59723789020951
blm_malta_Malta District,2000-10-01,57.697411887694464
blm_malta_Malta District,2000-11-01,25.75452376998679
blm_malta_Malta District,2000-12-01,12.916398570505418
blm_malta_Malta District,2001-01-01,24.130295893688626
blm_malta_Malta District,2001-02-01,16.598847438377522
blm_malta_Malta District,2001-03-01,58.6171813448806
blm_malta_Malta District,2001-04-01,95.808046908418
blm_malta_Malta District,2001-05-01,175.59206177660465
blm_malta_Malta District,2001-06-01,153.33114393216832
blm_malta_Malta District,2001-07-01,183.584906582627
blm_malta_Malta District,2001-08-01,188.18314481040818
blm_malta_Malta District,2001-09-01,120.74710744067139
blm_malta_Malta District,2001-10-01,73.83888646175987
blm_malta_Malta District,2001-11-01,43.896411410410956
blm_malta_Malta District,2001-12-01,20.55737288633913
blm_malta_Malta District,2002-01-01,27.147194478863373
blm_malta_Malta District,2002-02-01,37.85123964536185
blm_malta_Malta District,2002-03-01,28.890561159821686
blm_malta_Malta District,2002-04-01,84.4217920481718
blm_malta_Malta District,2002-05-01,133.27472808393202
blm_malta_Malta District,2002-06-01,147.37575022766723
blm_malta_Malta District,2002-07-01,197.55389297438893
blm_malta_Malta District,2002-08-01,134.65856884147044
blm_malta_Malta District,2002-09-01,104.24467154158982
blm_malta_Malta District,2002-10-01,50.87035667382929
blm_malta_Malta District,2002-11-01,45.304132201454856
blm_malta_Malta District,2002-12-01,25.561265821195573
blm_malta_Malta District,2003-01-01,26.122575093062352
blm_malta_Malta District,2003-02-01,20.06063514628997
blm_malta_Malta District,2003-03-01,60.10126140191276
blm_malta_Malta District,2003-04-01,93.22605479598408
blm_malta_Malta District,2003-05-01,127.22735967548996
blm_malta_Malta District,2003-06-01,153.87929532920967
blm_malta_Malta District,2003-07-01,218.84491098212283
blm_malta_Malta District,2003-08-01,186.8296216422965
blm_malta_Malta District,2003-09-01,109.66598510244401
blm_malta_Malta District,2003-10-01,85.0486298503436
blm_malta_Malta District,2003-11-01,23.139539020379868
blm_malta_Malta District,2003-12-01,18.798738690343512
blm_malta_Malta District,2004-01-01,17.497259791906423
blm_malta_Malta District,2004-02-01,23.203371105841214
blm_malta_Malta District,2004-03-01,70.49860804451191
blm_malta_Malta District,2004-04-01,104.31829052460925
blm_malta_Malta District,2004-05-01,116.73829927149934
blm_malta_Malta District,2004-06-01,138.67292305115464
blm_malta_Malta District,2004-07-01,181.41813837875227
blm_malta_Malta District,2004-08-01,140.82699001390242
blm_malta_Malta District,2004-09-01,95.55695943761877
blm_malta_Malta District,2004-10-01,61.20398001984027
blm_malta_Malta District,2004-11-01,39.33077426576884
blm_malta_Malta District,2004-12-01,27.256872617456903
blm_malta_Malta District,2005-01-01,22.970704731395735
blm_malta_Malta District,2005-02-01,40.19310567606112
blm_malta_Malta District,2005-03-01,60.79630275060945
blm_malta_Malta District,2005-04-01,102.31070030248907
blm_malta_Malta District,2005-05-01,131.16400614402875
blm_malta_Malta District,2005-06-01,135.30900386231212
blm_malta_Malta District,2005-07-01,204.3948457775141
blm_malta_Malta District,2005-08-01,158.5621356839665
blm_malta_Malta District,2005-09-01,108.17190078861458
blm_malta_Malta District,2005-10-01,59.24132222245703
blm_malta_Malta District,2005-11-01,37.92540232022465
blm_malta_Malta District,2005-12-01,21.403175383456222
blm_malta_Malta District,2006-01-01,32.17725103178352
blm_malta_Malta District,2006-02-01,31.587494574302482
blm_malta_Malta District,2006-03-01,44.4795998158067
blm_malta_Malta District,2006-04-01,101.71907341381736
blm_malta_Malta District,2006-05-01,147.44086560501955
blm_malta_Malta District,2006-06-01,162.53895179081502
blm_malta_Malta District,2006-07-01,221.2997390926273
blm_malta_Malta District,2006-08-01,172.56241840463764
blm_malta_Malta District,2006-09-01,105.98795125960474
blm_malta_Malta District,2006-10-01,51.63840799385592
blm_malta_Malta District,2006-11-01,38.67738149268776
blm_malta_Malta District,2006-12-01,26.182166214453858
blm_malta_Malta District,2007-01-01,28.720226235159483
blm_malta_Malta District,2007-02-01,19.826946576920317
blm_malta_Malta District,2007-03-01,79.79702043719995
blm_malta_Malta District,2007-04-01,86.30002167059993
blm_malta_Malta District,2007-05-01,133.0957373427847
blm_malta_Malta District,2007-06-01,163.62870816782072
blm_malta_Malta District,2007-07-01,213.13851684464117
blm_malta_Malta District,2007-08-01,177.5687909252802
blm_malta_Malta District,2007-09-01,105.44034354071765
blm_malta_Malta District,2007-10-01,72.45669852510231
blm_malta_Malta District,2007-11-01,43.878990891395624
blm_malta_Malta District,2007-12-01,21.656502929860064
blm_malta_Malta District,2008-01-01,24.904589008175325
blm_malta_Malta District,2008-02-01,26.717246674516502
blm_malta_Malta District,2008-03-01,59.38895164629126
blm_malta_Malta District,2008-04-01,96.29819479648214
blm_malta_Malta District,2008-05-01,126.03344939614753
blm_malta_Malta District,2008-06-01,148.15010876715726
blm_malta_Malta District,2008-07-01,194.27990426307866
blm_malta_Malta District,2008-08-01,175.356959506811
blm_malta_Malta District,2008-09-01,93.7524358045023
blm_malta_Malta District,2008-10-01,71.86898647157355
blm_malta_Malta District,2008-11-01,36.076098288593734
blm_malta_Malta District,2008-12-01,18.8076991004081
blm_malta_Malta District,2009-01-01,24.74580259870684
blm_malta_Malta District,2009-02-01,20.08225324631982
blm_malta_Malta District,2009-03-01,49.035102191309456
blm_malta_Malta District,2009-04-01,85.89741189648868
blm_malta_Malta District,2009-05-01,142.38592871441537
blm_malta_Malta District,2009-06-01,152.98827745521416
blm_malta_Malta District,2009-07-01,173.76283167423813
blm_malta_Malta District,2009-08-01,149.79847766731862
blm_malta_Malta District,2009-09-01,137.587994829786
blm_malta_Malta District,2009-10-01,47.35765547086592
blm_malta_Malta District,2009-11-01,46.605785061660775
blm_malta_Malta District,2009-12-01,9.139800057664235
blm_malta_Malta District,2010-01-01,16.779773906709423
blm_malta_Malta District,2010-02-01,16.88129635207702
blm_malta_Malta District,2010-03-01,62.69743363346002
blm_malta_Malta District,2010-04-01,96.08690733492712
blm_malta_Malta District,2010-05-01,108.72685943411038
blm_malta_Malta District,2010-06-01,143.53116578960376
blm_malta_Malta District,2010-07-01,170.7200957767442
blm_malta_Malta District,2010-08-01,155.51174418684604
blm_malta_Malta District,2010-09-01,90.87018263137772
blm_malta_Malta District,2010-10-01,71.58906043452146
blm_malta_Malta District,2010-11-01,29.13207917215514
blm_malta_Malta District,2010-12-01,13.905850471232755
blm_malta_Malta District,2011-01-01,18.066616072868356
blm_malta_Malta District,2011-02-01,19.54749900478547
blm_malta_Malta District,2011-03-01,32.50071774590995
blm_malta_Malta District,2011-04-01,63.28866898303138
blm_malta_Malta District,2011-05-01,98.91287521322482
blm_malta_Malta District,2011-06-01,135.9556546254799
blm_malta_Malta District,2011-07-01,188.6991083942428
blm_malta_Malta District,2011-08-01,174.81646363804683
blm_malta_Malta District,2011-09-01,126.25052189671408
blm_malta_Malta District,2011-10-01,75.05956938495943
blm_malta_Malta District,2011-11-01,36.54238800693461
blm_malta_Malta District,2011-12-01,25.46852988976922
blm_malta_Malta District,2012-01-01,35.487407583731994
blm_malta_Malta District,2012-02-01,29.696846460248658
blm_malta_Malta District,2012-03-01,80.51389729722575
blm_malta_Malta District,2012-04-01,103.43407998369175
blm_malta_Malta District,2012-05-01,135.14730312949732
blm_malta_Malta District,2012-06-01,163.10924308846546
blm_malta_Malta District,2012-07-01,210.65432810938944
blm_malta_Malta District,2012-08-01,180.6121356992319
blm_malta_Malta District,2012-09-01,133.0247716235824
blm_malta_Malta District,2012-10-01,60.02794685297398
blm_malta_Malta District,2012-11-01,30.05556764888888
blm_malta_Malta District,2012-12-01,18.523771322100202
blm_malta_Malta District,2013-01-01,19.586407272128138
blm_malta_Malta District,2013-02-01,22.870791690149428
blm_malta_Malta District,2013-03-01,43.25158766488917
blm_malta_Malta District,2013-04-01,78.2418877384672
blm_malta_Malta District,2013-05-01,135.74732486348196
blm_malta_Malta District,2013-06-01,148.51720313478316
blm_malta_Malta District,2013-07-01,180.21454982417416
blm_malta_Malta District,2013-08-01,163.18105703107477
blm_malta_Malta District,2013-09-01,107.42642450851169
blm_malta_Malta District,2013-10-01,62.61483242803161
blm_malta_Malta District,2013-11-01,24.610613358129672
blm_malta_Malta District,2013-12-01,15.386059287943597
blm_malta_Malta District,2014-01-01,30.578403663925627
blm_malta_Malta District,2014-02-01,21.99160509516022
blm_malta_Malta District,2014-03-01,45.54351890849362
blm_malta_Malta District,2014-04-01,95.32707699530536
blm_malta_Malta District,2014-05-01,122.21689861076922
blm_malta_Malta District,2014-06-01,133.23451502544043
blm_malta_Malta District,2014-07-01,191.66170077263766
blm_malta_Malta District,2014-08-01,138.34826007891138
blm_malta_Malta District,2014-09-01,94.2659851064263
blm_malta_Malta District,2014-10-01,72.83601562994467
blm_malta_Malta District,2014-11-01,25.057764293526297
blm_malta_Malta District,2014-12-01,20.43399314125396
blm_malta_Malta District,2015-01-01,26.910874326729992
blm_malta_Malta District,2015-02-01,26.856133072933147
blm_malta_Malta District,2015-03-01,78.38009993746883
blm_malta_Malta District,2015-04-01,98.3245541314137
blm_malta_Malta District,2015-05-01,120.77296656326088
blm_malta_Malta District,2015-06-01,167.42257498782217
blm_malta_Malta District,2015-07-01,182.51344073321727
blm_malta_Malta District,2015-08-01,168.48753806599953
blm_malta_Malta District,2015-09-01,103.49775985512022
blm_malta_Malta District,2015-10-01,68.54538928741681
blm_malta_Malta District,2015-11-01,32.75656807780421
blm_malta_Malta District,2015-12-01,19.859134442187123
blm_malta_Malta District,2016-01-01,20.093758226529886
blm_malta_Malta District,2016-02-01,49.16861676941648
blm_malta_Malta District,2016-03-01,73.6596780713095
blm_malta_Malta District,2016-04-01,94.52901260953408
blm_malta_Malta District,2016-05-01,122.84471514827534
blm_malta_Malta District,2016-06-01,171.66394077647817
blm_malta_Malta District,2016-07-01,174.2178556086344
blm_malta_Malta District,2016-08-01,155.99934745114905
blm_malta_Malta District,2016-09-01,94.77359710169026
blm_malta_Malta District,2016-10-01,45.099673744905196
blm_malta_Malta District,2016-11-01,44.05171812446598
blm_malta_Malta District,2016-12-01,17.499913091501913
blm_malta_Malta District,2017-01-01,20.815659058202915
blm_malta_Malta District,2017-02-01,30.472357594380952
blm_malta_Malta District,2017-03-01,61.25737268896712
blm_malta_Malta District,2017-04-01,90.5081991898386
blm_malta_Malta District,2017-05-01,145.81370163129796
blm_malta_Malta District,2017-06-01,174.2198346682661
blm_malta_Malta District,2017-07-01,225.38599415995236
blm_malta_Malta District,2017-08-01,169.76755110187705
blm_malta_Malta District,2017-09-01,111.17342321122922
blm_malta_Malta District,2017-10-01,72.95913431467103
blm_malta_Malta District,2017-11-01,30.42892565360117
blm_malta_Malta District,2017-12-01,27.524423690918685
blm_malta_Malta District,2018-01-01,19.936472476902814
blm_malta_Malta District,2018-02-01,13.94271435971984
blm_malta_Malta District,2018-03-01,34.4632014149736
blm_malta_Malta District,2018-04-01,79.02540235946675
blm_malta_Malta District,2018-05-01,140.78453675079678
blm_malta_Malta District,2018-06-01,152.02870828828483
blm_malta_Malta District,2018-07-01,187.55904742519252
blm_malta_Malta District,2018-08-01,168.62464107498494
blm_malta_Malta District,2018-09-01,85.42072641771739
blm_malta_Malta District,2018-10-01,57.34654197676278
blm_malta_Malta District,2018-11-01,26.33858202404953
blm_malta_Malta District,2018-12-01,23.659591188374787
blm_malta_Malta District,2019-01-01,27.63105703862453
blm_malta_Malta District,2019-02-01,8.136972707165175
blm_malta_Malta District,2019-03-01,41.75545889193621
blm_malta_Malta District,2019-04-01,91.11852976818508
blm_malta_Malta District,2019-05-01,110.72109607532263
blm_malta_Malta District,2019-06-01,153.67727279829015
blm_malta_Malta District,2019-07-01,183.3517834902743
blm_malta_Malta District,2019-08-01,152.40041321285292
blm_malta_Malta District,2019-09-01,90.4889516552514
blm_malta_Malta District,2019-10-01,50.46957372364245
blm_malta_Malta District,2019-11-01,23.528925646694393
blm_malta_Malta District,2019-12-01,18.41929108010732
blm_malta_Malta District,2020-01-01,22.981753017239697
blm_malta_Malta District,2020-02-01,33.64208349366456
blm_malta_Malta District,2020-03-01,51.058655908492504
blm_malta_Malta District,2020-04-01,91.2510874060871
blm_malta_Malta District,2020-05-01,130.93695087773014
blm_malta_Malta District,2020-06-01,152.6704219438139
blm_malta_Malta District,2020-07-01,183.74153990411614
blm_malta_Malta District,2020-08-01,184.1711395914112
blm_malta_Malta District,2020-09-01,113.52044371762136
blm_malta_Malta District,2020-10-01,58.741866012613066
blm_malta_Malta District,2020-11-01,35.217029186164154
blm_malta_Malta District,2020-12-01,27.80637240233552
blm_malta_Malta District,2021-01-01,30.436146178625105
blm_malta_Malta District,2021-02-01,21.38623316840744
blm_malta_Malta District,2021-03-01,70.83066549048107
blm_malta_Malta District,2021-04-01,92.13545016570421
blm_malta_Malta District,2021-05-01,115.18755968615717
blm_malta_Malta District,2021-06-01,191.1228579454393
blm_malta_Malta District,2021-07-01,209.400674332946
blm_malta_Malta District,2021-08-01,153.49095254859077
blm_malta_Malta District,2021-09-01,131.93684210824986
blm_malta_Malta District,2021-10-01,78.07059587940749
blm_malta_Malta District,2021-11-01,47.40026098004939
blm_malta_Malta District,2021-12-01,18.87076995817668
blm_malta_Malta District,2022-01-01,29.53821226180559
blm_malta_Malta District,2022-02-01,34.06659418606354
blm_malta_Malta District,2022-03-01,61.405502375751645
blm_malta_Malta District,2022-04-01,81.46481080322796
blm_malta_Malta District,2022-05-01,132.53786421548082
blm_malta_Malta District,2022-06-01,147.85500211578807
blm_malta_Malta District,2022-07-01,188.614223674361
blm_malta_Malta District,2022-08-01,184.9070682898974
blm_malta_Malta District,2022-09-01,132.0625924520671
blm_malta_Malta District,2022-10-01,69.91135269520126
blm_malta_Malta District,2022-11-01,23.36313620148767
blm_malta_Malta District,2022-12-01,9.684145371024117
blm_malta_Malta District,2023-01-01,18.44732501362655
blm_malta_Malta District,2023-02-01,34.11424528157623
blm_malta_Malta District,2023-03-01,30.46280995261519
blm_malta_Malta District,2023-04-01,84.01207036586263
blm_malta_Malta District,2023-05-01,143.9475859566946
blm_malta_Malta District,2023-06-01,149.5275771550481
blm_malta_Malta District,2023-07-01,202.16139635349057
blm_malta_Malta District,2023-08-01,171.5879295086954
blm_malta_Malta District,2023-09-01,113.81080906035434
blm_malta_Malta District,2023-10-01,55.32757719769173
blm_malta_Malta District,2023-11-01,36.93786427061057
blm_malta_Malta District,2023-12-01,31.153044854936105
blm_malta_Malta District,2024-01-01,17.92076996628644
blm_malta_Malta District,2024-02-01,27.93845152803067
blm_malta_Malta District,2024-03-01,43.75400174229287
blm_malta_Malta District,2024-04-01,100.12596778902815
blm_malta_Malta District,2024-05-01,121.96333186716657
blm_malta_Malta District,2024-06-01,155.0410613101065
blm_malta_Malta District,2024-07-01,199.28336235003246
blm_malta_Malta District,2024-08-01,152.76957368788484
blm_malta_Malta District,2024-09-01,118.34865148609853
blm_malta_Malta District,2024-10-01,82.15535013133311
blm_malta_Malta District,2024-11-01,27.360221841637077
blm_malta_Malta District,2024-12-01,20.903240617849143
blm_malta_Malta District,2025-01-01,21.502327170046375
blm_malta_Malta District,2025-02-01,21.756154886895338
blm_malta_Malta District,2025-03-01,64.24799912076455
blm_malta_Malta District,2025-04-01,96.63660285969618
blm_malta_Malta District,2025-05-01,140.35856902863785
blm_malta_Malta District,2025-06-01,159.607633784005
blm_malta_Malta District,2025-07-01,176.74908658492663
blm_malta_Malta District,2025-08-01,146.62129186038715
blm_malta_Malta District,2025-09-01,119.22583728274246
blm_malta_Malta District,2025-10-01,32.77248800334955
blm_miles-city_Miles City District,1979-01-01,10.976873055895394
blm_miles-city_Miles City District,1979-02-01,17.522744139802306
blm_miles-city_Miles City District,1979-03-01,44.54059306013733
blm_miles-city_Miles City District,1979-04-01,76.68930192865119
blm_miles-city_Miles City District,1979-05-01,121.00895290504654
blm_miles-city_Miles City District,1979-06-01,183.05844214501093
blm_miles-city_Miles City District,1979-07-01,189.60876846096977
blm_miles-city_Miles City District,1979-08-01,164.22526955360993
blm_miles-city_Miles City District,1979-09-01,139.49185583783603
blm_miles-city_Miles City District,1979-10-01,83.3414443564875
blm_miles-city_Miles City District,1979-11-01,29.872162356143914
blm_miles-city_Miles City District,1979-12-01,38.00526391147349
blm_miles-city_Miles City District,1980-01-01,21.939557428663083
blm_miles-city_Miles City District,1980-02-01,27.205079514918072
blm_miles-city_Miles City District,1980-03-01,54.81475588899195
blm_miles-city_Miles City District,1980-04-01,134.19045127561225
blm_miles-city_Miles City District,1980-05-01,171.6937004115335
blm_miles-city_Miles City District,1980-06-01,180.91577759611755
blm_miles-city_Miles City District,1980-07-01,215.94802787382406
blm_miles-city_Miles City District,1980-08-01,153.08822364135986
blm_miles-city_Miles City District,1980-09-01,114.71838813959266
blm_miles-city_Miles City District,1980-10-01,77.67203463598764
blm_miles-city_Miles City District,1980-11-01,44.25124860215809
blm_miles-city_Miles City District,1980-12-01,25.98324354390416
blm_miles-city_Miles City District,1981-01-01,27.732335470050202
blm_miles-city_Miles City District,1981-02-01,41.3024262212868
blm_miles-city_Miles City District,1981-03-01,75.11675653555066
blm_miles-city_Miles City District,1981-04-01,123.2829029546558
blm_miles-city_Miles City District,1981-05-01,136.54897835847333
blm_miles-city_Miles City District,1981-06-01,154.0568529988526
blm_miles-city_Miles City District,1981-07-01,202.36109539599207
blm_miles-city_Miles City District,1981-08-01,171.68497449937664
blm_miles-city_Miles City District,1981-09-01,136.0858115143186
blm_miles-city_Miles City District,1981-10-01,68.43928772529057
blm_miles-city_Miles City District,1981-11-01,39.428887585099794
blm_miles-city_Miles City District,1981-12-01,18.641430296232155
blm_miles-city_Miles City District,1982-01-01,17.7677072861679
blm_miles-city_Miles City District,1982-02-01,29.91390465553448
blm_miles-city_Miles City District,1982-03-01,47.928646422406736
blm_miles-city_Miles City District,1982-04-01,94.27766739632025
blm_miles-city_Miles City District,1982-05-01,110.49787170851812
blm_miles-city_Miles City District,1982-06-01,146.38555615281138
blm_miles-city_Miles City District,1982-07-01,186.98032056784658
blm_miles-city_Miles City District,1982-08-01,174.5673382247076
blm_miles-city_Miles City District,1982-09-01,107.64440967763322
blm_miles-city_Miles City District,1982-10-01,62.64074906371914
blm_miles-city_Miles City District,1982-11-01,27.294878028984375
blm_miles-city_Miles City District,1982-12-01,18.520743618081838
blm_miles-city_Miles City District,1983-01-01,20.979554593360113
blm_miles-city_Miles City District,1983-02-01,34.87115491640825
blm_miles-city_Miles City District,1983-03-01,50.386237173968084
blm_miles-city_Miles City District,1983-04-01,94.1413591462827
blm_miles-city_Miles City District,1983-05-01,126.17562429317687
blm_miles-city_Miles City District,1983-06-01,164.3919977584302
blm_miles-city_Miles City District,1983-07-01,210.46843083627377
blm_miles-city_Miles City District,1983-08-01,194.73121458826486
blm_miles-city_Miles City District,1983-09-01,117.19184159637175
blm_miles-city_Miles City District,1983-10-01,71.29168556659366
blm_miles-city_Miles City District,1983-11-01,30.21772132531468
blm_miles-city_Miles City District,1983-12-01,11.461975202657849
blm_miles-city_Miles City District,1984-01-01,28.149843963808152
blm_miles-city_Miles City District,1984-02-01,39.160485222986416
blm_miles-city_Miles City District,1984-03-01,48.14152945995872
blm_miles-city_Miles City District,1984-04-01,108.00366053435101
blm_miles-city_Miles City District,1984-05-01,157.0386350742128
blm_miles-city_Miles City District,1984-06-01,164.99826898477406
blm_miles-city_Miles City District,1984-07-01,210.9789728257767
blm_miles-city_Miles City District,1984-08-01,196.3652526128035
blm_miles-city_Miles City District,1984-09-01,106.1309307641799
blm_miles-city_Miles City District,1984-10-01,63.03654935763183
blm_miles-city_Miles City District,1984-11-01,33.272517027026815
blm_miles-city_Miles City District,1984-12-01,15.144636937356834
blm_miles-city_Miles City District,1985-01-01,18.78341384900144
blm_miles-city_Miles City District,1985-02-01,32.457321258462656
blm_miles-city_Miles City District,1985-03-01,56.9342082447957
blm_miles-city_Miles City District,1985-04-01,119.6312286623761
blm_miles-city_Miles City District,1985-05-01,162.88938699867344
blm_miles-city_Miles City District,1985-06-01,177.49428207839117
blm_miles-city_Miles City District,1985-07-01,215.10987529906188
blm_miles-city_Miles City District,1985-08-01,160.94117475936145
blm_miles-city_Miles City District,1985-09-01,91.76559302755436
blm_miles-city_Miles City District,1985-10-01,73.29893579385607
blm_miles-city_Miles City District,1985-11-01,21.009506297030324
blm_miles-city_Miles City District,1985-12-01,21.57888774095139
blm_miles-city_Miles City District,1986-01-01,24.78927362533487
blm_miles-city_Miles City District,1986-02-01,22.515578972494968
blm_miles-city_Miles City District,1986-03-01,78.78731558839796
blm_miles-city_Miles City District,1986-04-01,89.62473037104871
blm_miles-city_Miles City District,1986-05-01,146.45251129704627
blm_miles-city_Miles City District,1986-06-01,180.00688138479
blm_miles-city_Miles City District,1986-07-01,188.25163171402306
blm_miles-city_Miles City District,1986-08-01,175.6078603595123
blm_miles-city_Miles City District,1986-09-01,77.17854704353515
blm_miles-city_Miles City District,1986-10-01,62.61255664479042
blm_miles-city_Miles City District,1986-11-01,27.79677928089419
blm_miles-city_Miles City District,1986-12-01,24.726759423327366
blm_miles-city_Miles City District,1987-01-01,29.209903566304185
blm_miles-city_Miles City District,1987-02-01,32.565224164460496
blm_miles-city_Miles City District,1987-03-01,54.718487457574156
blm_miles-city_Miles City District,1987-04-01,135.2930902032928
blm_miles-city_Miles City District,1987-05-01,148.4874006178268
blm_miles-city_Miles City District,1987-06-01,190.44100460481155
blm_miles-city_Miles City District,1987-07-01,180.1878407031264
blm_miles-city_Miles City District,1987-08-01,150.18999710039708
blm_miles-city_Miles City District,1987-09-01,114.85898123209647
blm_miles-city_Miles City District,1987-10-01,87.737712850365
blm_miles-city_Miles City District,1987-11-01,38.6077752551751
blm_miles-city_Miles City District,1987-12-01,31.130334909874247
blm_miles-city_Miles City District,1988-01-01,25.489387133199973
blm_miles-city_Miles City District,1988-02-01,42.04772984995068
blm_miles-city_Miles City District,1988-03-01,72.62617765625814
blm_miles-city_Miles City District,1988-04-01,128.03635079473696
blm_miles-city_Miles City District,1988-05-01,182.98188146099736
blm_miles-city_Miles City District,1988-06-01,239.49459432716674
blm_miles-city_Miles City District,1988-07-01,231.25778969841565
blm_miles-city_Miles City District,1988-08-01,193.46582023672565
blm_miles-city_Miles City District,1988-09-01,117.88637908822967
blm_miles-city_Miles City District,1988-10-01,79.4156923970624
blm_miles-city_Miles City District,1988-11-01,35.58517312489357
blm_miles-city_Miles City District,1988-12-01,27.097715746733982
blm_miles-city_Miles City District,1989-01-01,25.16342230836325
blm_miles-city_Miles City District,1989-02-01,18.417721437271283
blm_miles-city_Miles City District,1989-03-01,49.99198349785994
blm_miles-city_Miles City District,1989-04-01,91.99320372387716
blm_miles-city_Miles City District,1989-05-01,144.76421678783404
blm_miles-city_Miles City District,1989-06-01,171.72962546375635
blm_miles-city_Miles City District,1989-07-01,217.99395584167064
blm_miles-city_Miles City District,1989-08-01,172.36532337738626
blm_miles-city_Miles City District,1989-09-01,129.83392444290178
blm_miles-city_Miles City District,1989-10-01,72.6525964493378
blm_miles-city_Miles City District,1989-11-01,39.24328891183678
blm_miles-city_Miles City District,1989-12-01,21.53754263838899
blm_miles-city_Miles City District,1990-01-01,25.55761924517953
blm_miles-city_Miles City District,1990-02-01,38.09747442836523
blm_miles-city_Miles City District,1990-03-01,65.48917419658751
blm_miles-city_Miles City District,1990-04-01,95.3847474348261
blm_miles-city_Miles City District,1990-05-01,138.69947500153108
blm_miles-city_Miles City District,1990-06-01,175.81014484877483
blm_miles-city_Miles City District,1990-07-01,199.50981835095754
blm_miles-city_Miles City District,1990-08-01,181.20651255076103
blm_miles-city_Miles City District,1990-09-01,141.61074068110594
blm_miles-city_Miles City District,1990-10-01,88.43362648668408
blm_miles-city_Miles City District,1990-11-01,46.600794495572835
blm_miles-city_Miles City District,1990-12-01,27.103320140708725
blm_miles-city_Miles City District,1991-01-01,20.613010861681484
blm_miles-city_Miles City District,1991-02-01,38.68548520956353
blm_miles-city_Miles City District,1991-03-01,67.12213391532421
blm_miles-city_Miles City District,1991-04-01,84.2141174344551
blm_miles-city_Miles City District,1991-05-01,132.37238929653276
blm_miles-city_Miles City District,1991-06-01,155.89198348254268
blm_miles-city_Miles City District,1991-07-01,195.80746309061732
blm_miles-city_Miles City District,1991-08-01,193.55838540301286
blm_miles-city_Miles City District,1991-09-01,112.32837676568957
blm_miles-city_Miles City District,1991-10-01,80.68725878859486
blm_miles-city_Miles City District,1991-11-01,27.834790108558405
blm_miles-city_Miles City District,1991-12-01,31.433995538618454
blm_miles-city_Miles City District,1992-01-01,38.35611521981225
blm_miles-city_Miles City District,1992-02-01,46.37098469393207
blm_miles-city_Miles City District,1992-03-01,67.72343922960366
blm_miles-city_Miles City District,1992-04-01,103.89577178327234
blm_miles-city_Miles City District,1992-05-01,155.11126563714123
blm_miles-city_Miles City District,1992-06-01,159.49165716831584
blm_miles-city_Miles City District,1992-07-01,151.55513622054448
blm_miles-city_Miles City District,1992-08-01,154.06987790595932
blm_miles-city_Miles City District,1992-09-01,127.95617193748136
blm_miles-city_Miles City District,1992-10-01,74.26040011935282
blm_miles-city_Miles City District,1992-11-01,23.85864082381349
blm_miles-city_Miles City District,1992-12-01,18.931470045166577
blm_miles-city_Miles City District,1993-01-01,16.098127291232313
blm_miles-city_Miles City District,1993-02-01,18.03890475444707
blm_miles-city_Miles City District,1993-03-01,58.022587922861575
blm_miles-city_Miles City District,1993-04-01,92.69473603472672
blm_miles-city_Miles City District,1993-05-01,150.66965093839994
blm_miles-city_Miles City District,1993-06-01,145.44276390984976
blm_miles-city_Miles City District,1993-07-01,136.15454032499593
blm_miles-city_Miles City District,1993-08-01,142.95506528124773
blm_miles-city_Miles City District,1993-09-01,105.97589380543565
blm_miles-city_Miles City District,1993-10-01,72.335925060558
blm_miles-city_Miles City District,1993-11-01,32.43310158287897
blm_miles-city_Miles City District,1993-12-01,22.403873528815833
blm_miles-city_Miles City District,1994-01-01,15.419906495174946
blm_miles-city_Miles City District,1994-02-01,19.968657851219177
blm_miles-city_Miles City District,1994-03-01,69.96570654164378
blm_miles-city_Miles City District,1994-04-01,102.67867471194836
blm_miles-city_Miles City District,1994-05-01,154.7683030408844
blm_miles-city_Miles City District,1994-06-01,167.4654512567769
blm_miles-city_Miles City District,1994-07-01,192.5399830457707
blm_miles-city_Miles City District,1994-08-01,174.7758228895207
blm_miles-city_Miles City District,1994-09-01,131.11028663795463
blm_miles-city_Miles City District,1994-10-01,61.63627974697464
blm_miles-city_Miles City District,1994-11-01,32.26408911590273
blm_miles-city_Miles City District,1994-12-01,20.546665811308667
blm_miles-city_Miles City District,1995-01-01,21.561521089307025
blm_miles-city_Miles City District,1995-02-01,40.09137344549787
blm_miles-city_Miles City District,1995-03-01,60.529682148057674
blm_miles-city_Miles City District,1995-04-01,75.64280645638941
blm_miles-city_Miles City District,1995-05-01,119.30026950792882
blm_miles-city_Miles City District,1995-06-01,154.73068951965055
blm_miles-city_Miles City District,1995-07-01,183.16657206419512
blm_miles-city_Miles City District,1995-08-01,191.16042848342394
blm_miles-city_Miles City District,1995-09-01,113.23229278257025
blm_miles-city_Miles City District,1995-10-01,71.13145565526575
blm_miles-city_Miles City District,1995-11-01,33.27003410563431
blm_miles-city_Miles City District,1995-12-01,19.53545698188626
blm_miles-city_Miles City District,1996-01-01,16.538110227373753
blm_miles-city_Miles City District,1996-02-01,39.65875426756808
blm_miles-city_Miles City District,1996-03-01,42.62322644613658
blm_miles-city_Miles City District,1996-04-01,98.41634503125333
blm_miles-city_Miles City District,1996-05-01,100.96022988664711
blm_miles-city_Miles City District,1996-06-01,177.07233263766994
blm_miles-city_Miles City District,1996-07-01,194.16369187899534
blm_miles-city_Miles City District,1996-08-01,199.05096481444482
blm_miles-city_Miles City District,1996-09-01,106.82450333789042
blm_miles-city_Miles City District,1996-10-01,69.91586262359792
blm_miles-city_Miles City District,1996-11-01,19.092281650197897
blm_miles-city_Miles City District,1996-12-01,14.814997273257317
blm_miles-city_Miles City District,1997-01-01,18.731540988441495
blm_miles-city_Miles City District,1997-02-01,24.192650463605442
blm_miles-city_Miles City District,1997-03-01,69.52343928827466
blm_miles-city_Miles City District,1997-04-01,85.40970485786845
blm_miles-city_Miles City District,1997-05-01,148.6123723821391
blm_miles-city_Miles City District,1997-06-01,183.85597336170486
blm_miles-city_Miles City District,1997-07-01,180.09981555051078
blm_miles-city_Miles City District,1997-08-01,164.03527243156304
blm_miles-city_Miles City District,1997-09-01,138.47396420620626
blm_miles-city_Miles City District,1997-10-01,79.22325480511998
blm_miles-city_Miles City District,1997-11-01,33.35761920899728
blm_miles-city_Miles City District,1997-12-01,26.958527251080135
blm_miles-city_Miles City District,1998-01-01,19.493132903681442
blm_miles-city_Miles City District,1998-02-01,28.09709138997432
blm_miles-city_Miles City District,1998-03-01,41.11986379645063
blm_miles-city_Miles City District,1998-04-01,102.74645283706613
blm_miles-city_Miles City District,1998-05-01,158.12138192201715
blm_miles-city_Miles City District,1998-06-01,128.10391603398404
blm_miles-city_Miles City District,1998-07-01,194.4504398817913
blm_miles-city_Miles City District,1998-08-01,171.78416571903986
blm_miles-city_Miles City District,1998-09-01,129.78432179904553
blm_miles-city_Miles City District,1998-10-01,58.026291092732976
blm_miles-city_Miles City District,1998-11-01,27.60876849290326
blm_miles-city_Miles City District,1998-12-01,25.622715713487988
blm_miles-city_Miles City District,1999-01-01,19.444821343181083
blm_miles-city_Miles City District,1999-02-01,32.8901674604037
blm_miles-city_Miles City District,1999-03-01,70.63389611596011
blm_miles-city_Miles City District,1999-04-01,90.39056466305026
blm_miles-city_Miles City District,1999-05-01,123.32603570524599
blm_miles-city_Miles City District,1999-06-01,151.52823504903665
blm_miles-city_Miles City District,1999-07-01,193.33615212543327
blm_miles-city_Miles City District,1999-08-01,167.708328632437
blm_miles-city_Miles City District,1999-09-01,96.58522986174982
blm_miles-city_Miles City District,1999-10-01,80.38179625284928
blm_miles-city_Miles City District,1999-11-01,52.02653233390661
blm_miles-city_Miles City District,1999-12-01,29.129639672096417
blm_miles-city_Miles City District,2000-01-01,20.069892275211625
blm_miles-city_Miles City District,2000-02-01,31.970672549779245
blm_miles-city_Miles City District,2000-03-01,71.6265890763377
blm_miles-city_Miles City District,2000-04-01,104.32589381344609
blm_miles-city_Miles City District,2000-05-01,144.40090804365246
blm_miles-city_Miles City District,2000-06-01,157.76007377438324
blm_miles-city_Miles City District,2000-07-01,197.11092525010213
blm_miles-city_Miles City District,2000-08-01,186.5938138236523
blm_miles-city_Miles City District,2000-09-01,122.37922813294288
blm_miles-city_Miles City District,2000-10-01,65.97832000214991
blm_miles-city_Miles City District,2000-11-01,17.397034743993157
blm_miles-city_Miles City District,2000-12-01,13.141274253910705
blm_miles-city_Miles City District,2001-01-01,22.824829837656182
blm_miles-city_Miles City District,2001-02-01,17.413096009331852
blm_miles-city_Miles City District,2001-03-01,56.845516411048465
blm_miles-city_Miles City District,2001-04-01,98.21345059419734
blm_miles-city_Miles City District,2001-05-01,170.9099319081301
blm_miles-city_Miles City District,2001-06-01,148.03060437223021
blm_miles-city_Miles City District,2001-07-01,178.63854996489613
blm_miles-city_Miles City District,2001-08-01,190.83203749813637
blm_miles-city_Miles City District,2001-09-01,117.63242049872132
blm_miles-city_Miles City District,2001-10-01,77.03107263173202
blm_miles-city_Miles City District,2001-11-01,47.66547954420767
blm_miles-city_Miles City District,2001-12-01,21.566529607258644
blm_miles-city_Miles City District,2002-01-01,28.80292284691645
blm_miles-city_Miles City District,2002-02-01,38.89734676449848
blm_miles-city_Miles City District,2002-03-01,35.06496878271071
blm_miles-city_Miles City District,2002-04-01,87.57138190989326
blm_miles-city_Miles City District,2002-05-01,144.27179343908787
blm_miles-city_Miles City District,2002-06-01,169.42067261911276
blm_miles-city_Miles City District,2002-07-01,220.4745602797163
blm_miles-city_Miles City District,2002-08-01,158.33571225641535
blm_miles-city_Miles City District,2002-09-01,118.82326892826804
blm_miles-city_Miles City District,2002-10-01,51.049531725018575
blm_miles-city_Miles City District,2002-11-01,48.22989494467702
blm_miles-city_Miles City District,2002-12-01,26.708427965302743
blm_miles-city_Miles City District,2003-01-01,26.673850808457537
blm_miles-city_Miles City District,2003-02-01,21.578164056535478
blm_miles-city_Miles City District,2003-03-01,60.56232970635006
blm_miles-city_Miles City District,2003-04-01,104.10784614857425
blm_miles-city_Miles City District,2003-05-01,131.16801929257377
blm_miles-city_Miles City District,2003-06-01,147.59856699489978
blm_miles-city_Miles City District,2003-07-01,219.57036040887388
blm_miles-city_Miles City District,2003-08-01,204.1212259697454
blm_miles-city_Miles City District,2003-09-01,117.79111802320881
blm_miles-city_Miles City District,2003-10-01,90.89177069626115
blm_miles-city_Miles City District,2003-11-01,27.240550559170536
blm_miles-city_Miles City District,2003-12-01,18.212457576383933
blm_miles-city_Miles City District,2004-01-01,16.246680076019448
blm_miles-city_Miles City District,2004-02-01,23.301135133668595
blm_miles-city_Miles City District,2004-03-01,76.650226951322
blm_miles-city_Miles City District,2004-04-01,108.15451183817038
blm_miles-city_Miles City District,2004-05-01,130.49605557921254
blm_miles-city_Miles City District,2004-06-01,153.96445792000085
blm_miles-city_Miles City District,2004-07-01,188.14455171773437
blm_miles-city_Miles City District,2004-08-01,157.62141041425517
blm_miles-city_Miles City District,2004-09-01,109.83050509830609
blm_miles-city_Miles City District,2004-10-01,64.82823490744687
blm_miles-city_Miles City District,2004-11-01,41.44375705691932
blm_miles-city_Miles City District,2004-12-01,29.68693250343288
blm_miles-city_Miles City District,2005-01-01,20.64120328845826
blm_miles-city_Miles City District,2005-02-01,36.49039442260474
blm_miles-city_Miles City District,2005-03-01,67.29709138556316
blm_miles-city_Miles City District,2005-04-01,110.55682454883173
blm_miles-city_Miles City District,2005-05-01,125.07199204171015
blm_miles-city_Miles City District,2005-06-01,152.48396706337556
blm_miles-city_Miles City District,2005-07-01,213.47822077185018
blm_miles-city_Miles City District,2005-08-01,171.176475566037
blm_miles-city_Miles City District,2005-09-01,130.30503690959918
blm_miles-city_Miles City District,2005-10-01,64.4938279854453
blm_miles-city_Miles City District,2005-11-01,37.48846476004965
blm_miles-city_Miles City District,2005-12-01,20.0920829579454
blm_miles-city_Miles City District,2006-01-01,30.442494368444912
blm_miles-city_Miles City District,2006-02-01,32.622261656399616
blm_miles-city_Miles City District,2006-03-01,51.4935726250747
blm_miles-city_Miles City District,2006-04-01,105.51169116164174
blm_miles-city_Miles City District,2006-05-01,149.26948067819896
blm_miles-city_Miles City District,2006-06-01,184.58456297494496
blm_miles-city_Miles City District,2006-07-01,231.799177265059
blm_miles-city_Miles City District,2006-08-01,184.36477021380801
blm_miles-city_Miles City District,2006-09-01,106.354738891463
blm_miles-city_Miles City District,2006-10-01,55.7935300409185
blm_miles-city_Miles City District,2006-11-01,43.498453470418454
blm_miles-city_Miles City District,2006-12-01,30.10099323383119
blm_miles-city_Miles City District,2007-01-01,30.12824915594735
blm_miles-city_Miles City District,2007-02-01,22.936421739933305
blm_miles-city_Miles City District,2007-03-01,79.91801930069246
blm_miles-city_Miles City District,2007-04-01,95.00058170236335
blm_miles-city_Miles City District,2007-05-01,134.4536748944563
blm_miles-city_Miles City District,2007-06-01,171.7462684250311
blm_miles-city_Miles City District,2007-07-01,218.0278377879356
blm_miles-city_Miles City District,2007-08-01,182.04432468652453
blm_miles-city_Miles City District,2007-09-01,121.10869748421885
blm_miles-city_Miles City District,2007-10-01,77.65896706088583
blm_miles-city_Miles City District,2007-11-01,47.49276392657424
blm_miles-city_Miles City District,2007-12-01,22.456994970729756
blm_miles-city_Miles City District,2008-01-01,24.473467734019682
blm_miles-city_Miles City District,2008-02-01,26.621708304197373
blm_miles-city_Miles City District,2008-03-01,61.9496593513229
blm_miles-city_Miles City District,2008-04-01,104.91914014242565
blm_miles-city_Miles City District,2008-05-01,130.75760494647855
blm_miles-city_Miles City District,2008-06-01,150.02535472311308
blm_miles-city_Miles City District,2008-07-01,206.21738076615955
blm_miles-city_Miles City District,2008-08-01,185.53984101649445
blm_miles-city_Miles City District,2008-09-01,102.45593067519917
blm_miles-city_Miles City District,2008-10-01,73.32414865602024
blm_miles-city_Miles City District,2008-11-01,35.12660329160571
blm_miles-city_Miles City District,2008-12-01,18.664188548601174
blm_miles-city_Miles City District,2009-01-01,26.06647283224459
blm_miles-city_Miles City District,2009-02-01,23.831072704407738
blm_miles-city_Miles City District,2009-03-01,52.79555900846518
blm_miles-city_Miles City District,2009-04-01,84.63544260927821
blm_miles-city_Miles City District,2009-05-01,145.9088393719053
blm_miles-city_Miles City District,2009-06-01,150.9573920766287
blm_miles-city_Miles City District,2009-07-01,177.00290872831485
blm_miles-city_Miles City District,2009-08-01,158.30347626866873
blm_miles-city_Miles City District,2009-09-01,140.17230427684632
blm_miles-city_Miles City District,2009-10-01,46.34399828764691
blm_miles-city_Miles City District,2009-11-01,47.78772693324441
blm_miles-city_Miles City District,2009-12-01,11.121651696022198
blm_miles-city_Miles City District,2010-01-01,16.00658354504831
blm_miles-city_Miles City District,2010-02-01,14.43321523466121
blm_miles-city_Miles City District,2010-03-01,61.434946087784176
blm_miles-city_Miles City District,2010-04-01,100.36515318711419
blm_miles-city_Miles City District,2010-05-01,114.08318663996546
blm_miles-city_Miles City District,2010-06-01,148.4464387395731
blm_miles-city_Miles City District,2010-07-01,183.4633087305422
blm_miles-city_Miles City District,2010-08-01,168.33134222301263
blm_miles-city_Miles City District,2010-09-01,100.47058733205114
blm_miles-city_Miles City District,2010-10-01,78.68068948966555
blm_miles-city_Miles City District,2010-11-01,30.905065279948726
blm_miles-city_Miles City District,2010-12-01,13.380334960548344
blm_miles-city_Miles City District,2011-01-01,18.65475324658882
blm_miles-city_Miles City District,2011-02-01,23.606555106420657
blm_miles-city_Miles City District,2011-03-01,41.57332575957161
blm_miles-city_Miles City District,2011-04-01,73.1522984125828
blm_miles-city_Miles City District,2011-05-01,92.63981265675332
blm_miles-city_Miles City District,2011-06-01,141.31740911377682
blm_miles-city_Miles City District,2011-07-01,196.81301077324198
blm_miles-city_Miles City District,2011-08-01,178.07397844139211
blm_miles-city_Miles City District,2011-09-01,125.70577473375232
blm_miles-city_Miles City District,2011-10-01,84.06227290156751
blm_miles-city_Miles City District,2011-11-01,38.001092512139394
blm_miles-city_Miles City District,2011-12-01,23.8360244932835
blm_miles-city_Miles City District,2012-01-01,33.432562460558366
blm_miles-city_Miles City District,2012-02-01,29.590011333093198
blm_miles-city_Miles City District,2012-03-01,91.10317820182047
blm_miles-city_Miles City District,2012-04-01,112.5482263489289
blm_miles-city_Miles City District,2012-05-01,138.83151248797657
blm_miles-city_Miles City District,2012-06-01,181.22873156782447
blm_miles-city_Miles City District,2012-07-01,223.1648411637132
blm_miles-city_Miles City District,2012-08-01,182.72935584562995
blm_miles-city_Miles City District,2012-09-01,140.28067545290025
blm_miles-city_Miles City District,2012-10-01,65.62084279996718
blm_miles-city_Miles City District,2012-11-01,36.53415155248393
blm_miles-city_Miles City District,2012-12-01,23.312968328037
blm_miles-city_Miles City District,2013-01-01,20.386890051584103
blm_miles-city_Miles City District,2013-02-01,24.295374616997467
blm_miles-city_Miles City District,2013-03-01,48.65790292651104
blm_miles-city_Miles City District,2013-04-01,74.78832285466449
blm_miles-city_Miles City District,2013-05-01,137.95364642819806
blm_miles-city_Miles City District,2013-06-01,157.13714524701018
blm_miles-city_Miles City District,2013-07-01,192.60332005789817
blm_miles-city_Miles City District,2013-08-01,174.98741493268398
blm_miles-city_Miles City District,2013-09-01,121.81245737909323
blm_miles-city_Miles City District,2013-10-01,61.97917136215054
blm_miles-city_Miles City District,2013-11-01,30.472431906235744
blm_miles-city_Miles City District,2013-12-01,13.442196535062845
blm_miles-city_Miles City District,2014-01-01,31.52958289840841
blm_miles-city_Miles City District,2014-02-01,21.91604714252892
blm_miles-city_Miles City District,2014-03-01,53.04445232138055
blm_miles-city_Miles City District,2014-04-01,95.60461114781668
blm_miles-city_Miles City District,2014-05-01,127.2133370582416
blm_miles-city_Miles City District,2014-06-01,144.5441260343242
blm_miles-city_Miles City District,2014-07-01,202.14252280106473
blm_miles-city_Miles City District,2014-08-01,141.23311575479323
blm_miles-city_Miles City District,2014-09-01,106.47288589607437
blm_miles-city_Miles City District,2014-10-01,79.01082576498406
blm_miles-city_Miles City District,2014-11-01,27.551362101390332
blm_miles-city_Miles City District,2014-12-01,21.28110108851845
blm_miles-city_Miles City District,2015-01-01,29.012826363967307
blm_miles-city_Miles City District,2015-02-01,27.075539198149077
blm_miles-city_Miles City District,2015-03-01,88.0554483150651
blm_miles-city_Miles City District,2015-04-01,104.32905785477256
blm_miles-city_Miles City District,2015-05-01,124.2646282782755
blm_miles-city_Miles City District,2015-06-01,166.0538876497786
blm_miles-city_Miles City District,2015-07-01,201.2351590350321
blm_miles-city_Miles City District,2015-08-01,175.4993048915798
blm_miles-city_Miles City District,2015-09-01,129.39327471751497
blm_miles-city_Miles City District,2015-10-01,76.01688423654684
blm_miles-city_Miles City District,2015-11-01,37.64931896596166
blm_miles-city_Miles City District,2015-12-01,25.090224214363314
blm_miles-city_Miles City District,2016-01-01,23.068586935791338
blm_miles-city_Miles City District,2016-02-01,48.37379393539688
blm_miles-city_Miles City District,2016-03-01,82.9283626266289
blm_miles-city_Miles City District,2016-04-01,97.46040002712462
blm_miles-city_Miles City District,2016-05-01,139.6220772003884
blm_miles-city_Miles City District,2016-06-01,192.85069524957697
blm_miles-city_Miles City District,2016-07-01,195.6459278513706
blm_miles-city_Miles City District,2016-08-01,178.6224318838823
blm_miles-city_Miles City District,2016-09-01,108.2029937133616
blm_miles-city_Miles City District,2016-10-01,62.16115210194322
blm_miles-city_Miles City District,2016-11-01,51.19066397340019
blm_miles-city_Miles City District,2016-12-01,16.238720266150562
blm_miles-city_Miles City District,2017-01-01,18.5592367417696
blm_miles-city_Miles City District,2017-02-01,34.552128256788045
blm_miles-city_Miles City District,2017-03-01,64.6421679800945
blm_miles-city_Miles City District,2017-04-01,99.02897268310443
blm_miles-city_Miles City District,2017-05-01,153.92593644669324
blm_miles-city_Miles City District,2017-06-01,193.69401254773004
blm_miles-city_Miles City District,2017-07-01,234.7370745759546
blm_miles-city_Miles City District,2017-08-01,169.84523270484672
blm_miles-city_Miles City District,2017-09-01,113.56484107992841
blm_miles-city_Miles City District,2017-10-01,85.70739213562445
blm_miles-city_Miles City District,2017-11-01,38.11688423075552
blm_miles-city_Miles City District,2017-12-01,29.89645291714338
blm_miles-city_Miles City District,2018-01-01,20.428660685574968
blm_miles-city_Miles City District,2018-02-01,14.96098200416998
blm_miles-city_Miles City District,2018-03-01,40.80610102475975
blm_miles-city_Miles City District,2018-04-01,83.17795117678085
blm_miles-city_Miles City District,2018-05-01,141.55861238183013
blm_miles-city_Miles City District,2018-06-01,154.4465947925165
blm_miles-city_Miles City District,2018-07-01,190.52511350088304
blm_miles-city_Miles City District,2018-08-01,168.48003696394022
blm_miles-city_Miles City District,2018-09-01,98.859052139568007
blm_miles-city_Miles City District,2018-10-01,59.3681326908367
blm_miles-city_Miles City District,2018-11-01,27.892451819577904
blm_miles-city_Miles City District,2018-12-01,24.896353638199212
blm_miles-city_Miles City District,2019-01-01,26.73403808234363
blm_miles-city_Miles City District,2019-02-01,10.78697516746337
blm_miles-city_Miles City District,2019-03-01,45.467778077055186
blm_miles-city_Miles City District,2019-04-01,95.69802774933763
blm_miles-city_Miles City District,2019-05-01,112.00219906797203
blm_miles-city_Miles City District,2019-06-01,161.11359247473933
blm_miles-city_Miles City District,2019-07-01,181.04435304345122
blm_miles-city_Miles City District,2019-08-01,158.0118757934224
blm_miles-city_Miles City District,2019-09-01,97.68074628524694
blm_miles-city_Miles City District,2019-10-01,57.03498862739589
blm_miles-city_Miles City District,2019-11-01,30.4596055728488
blm_miles-city_Miles City District,2019-12-01,21.897034723967078
blm_miles-city_Miles City District,2020-01-01,24.592281565898933
blm_miles-city_Miles City District,2020-02-01,33.88828040035304
blm_miles-city_Miles City District,2020-03-01,63.29947497814928
blm_miles-city_Miles City District,2020-04-01,97.59019575432941
blm_miles-city_Miles City District,2020-05-01,137.62942670287393
blm_miles-city_Miles City District,2020-06-01,171.18017876026443
blm_miles-city_Miles City District,2020-07-01,195.78068958156902
blm_miles-city_Miles City District,2020-08-01,188.80117769706803
blm_miles-city_Miles City District,2020-09-01,130.10862649772548
blm_miles-city_Miles City District,2020-10-01,63.8623155432581
blm_miles-city_Miles City District,2020-11-01,43.814897840599464
blm_miles-city_Miles City District,2020-12-01,33.25986097199963
blm_miles-city_Miles City District,2021-01-01,31.60095066488398
blm_miles-city_Miles City District,2021-02-01,24.574460851347812
blm_miles-city_Miles City District,2021-03-01,77.36708275386884
blm_miles-city_Miles City District,2021-04-01,97.84350161925889
blm_miles-city_Miles City District,2021-05-01,129.54696358454484
blm_miles-city_Miles City District,2021-06-01,212.6032208367996
blm_miles-city_Miles City District,2021-07-01,220.64809881680128
blm_miles-city_Miles City District,2021-08-01,172.18530086599603
blm_miles-city_Miles City District,2021-09-01,140.88230700065276
blm_miles-city_Miles City District,2021-10-01,77.4720913646711
blm_miles-city_Miles City District,2021-11-01,52.273652054800756
blm_miles-city_Miles City District,2021-12-01,23.18490353960726
blm_miles-city_Miles City District,2022-01-01,27.310839994135023
blm_miles-city_Miles City District,2022-02-01,33.69737515127483
blm_miles-city_Miles City District,2022-03-01,67.98437854245086
blm_miles-city_Miles City District,2022-04-01,77.46377692401207
blm_miles-city_Miles City District,2022-05-01,130.98137059141368
blm_miles-city_Miles City District,2022-06-01,156.44384219400186
blm_miles-city_Miles City District,2022-07-01,196.74825491022983
blm_miles-city_Miles City District,2022-08-01,183.32596488329122
blm_miles-city_Miles City District,2022-09-01,139.85072356212152
blm_miles-city_Miles City District,2022-10-01,72.59351586808411
blm_miles-city_Miles City District,2022-11-01,28.88169698479768
blm_miles-city_Miles City District,2022-12-01,11.579966054939655
blm_miles-city_Miles City District,2023-01-01,21.39456595756139
blm_miles-city_Miles City District,2023-02-01,37.25170258387805
blm_miles-city_Miles City District,2023-03-01,38.100397299962474
blm_miles-city_Miles City District,2023-04-01,94.0505532850337
blm_miles-city_Miles City District,2023-05-01,147.58914586390864
blm_miles-city_Miles City District,2023-06-01,154.8945942141547
blm_miles-city_Miles City District,2023-07-01,196.80285178843747
blm_miles-city_Miles City District,2023-08-01,171.43165439211685
blm_miles-city_Miles City District,2023-09-01,121.65072353202828
blm_miles-city_Miles City District,2023-10-01,60.72969629166481
blm_miles-city_Miles City District,2023-11-01,39.447502770570026
blm_miles-city_Miles City District,2023-12-01,32.01413168999177
blm_miles-city_Miles City District,2024-01-01,21.57075772612915
blm_miles-city_Miles City District,2024-02-01,34.89930478208587
blm_miles-city_Miles City District,2024-03-01,51.39711970828313
blm_miles-city_Miles City District,2024-04-01,111.87028937388494
blm_miles-city_Miles City District,2024-05-01,130.786407483693
blm_miles-city_Miles City District,2024-06-01,172.31508229458103
blm_miles-city_Miles City District,2024-07-01,204.61770727739972
blm_miles-city_Miles City District,2024-08-01,164.27951192043966
blm_miles-city_Miles City District,2024-09-01,140.2736236158754
blm_miles-city_Miles City District,2024-10-01,91.18256240805756
blm_miles-city_Miles City District,2024-11-01,33.05976157913684
blm_miles-city_Miles City District,2024-12-01,24.96054207419429
blm_miles-city_Miles City District,2025-01-01,20.713989846958068
blm_miles-city_Miles City District,2025-02-01,22.509137382031028
blm_miles-city_Miles City District,2025-03-01,70.61190409070382
blm_miles-city_Miles City District,2025-04-01,95.13111517188497
blm_miles-city_Miles City District,2025-05-01,139.3528234295623
blm_miles-city_Miles City District,2025-06-01,164.78527230166415
blm_miles-city_Miles City District,2025-07-01,181.1851163251446
blm_miles-city_Miles City District,2025-08-01,158.12963964178667
blm_miles-city_Miles City District,2025-09-01,119.24527518243173
blm_miles-city_Miles City District,2025-10-01,36.55445512253093
blm_missoula_Missoula District,1979-01-01,7.784079763116048
blm_missoula_Missoula District,1979-02-01,26.02757644630727
blm_missoula_Missoula District,1979-03-01,51.09187391905162
blm_missoula_Missoula District,1979-04-01,74.02876090235237
blm_missoula_Missoula District,1979-05-01,120.84501307780526
blm_missoula_Missoula District,1979-06-01,150.33942187213694
blm_missoula_Missoula District,1979-07-01,172.5930585574268
blm_missoula_Missoula District,1979-08-01,146.70649150422727
blm_missoula_Missoula District,1979-09-01,107.77709069666606
blm_missoula_Missoula District,1979-10-01,56.27592989540416
blm_missoula_Missoula District,1979-11-01,14.83949313031585
blm_missoula_Missoula District,1979-12-01,20.96072033089333
blm_missoula_Missoula District,1980-01-01,11.976664481697362
blm_missoula_Missoula District,1980-02-01,21.91639430058056
blm_missoula_Missoula District,1980-03-01,38.96036484353888
blm_missoula_Missoula District,1980-04-01,95.34264382816723
blm_missoula_Missoula District,1980-05-01,111.35396818492232
blm_missoula_Missoula District,1980-06-01,118.43129585806551
blm_missoula_Missoula District,1980-07-01,160.95794829382373
blm_missoula_Missoula District,1980-08-01,127.96555319512464
blm_missoula_Missoula District,1980-09-01,89.72461494024657
blm_missoula_Missoula District,1980-10-01,55.81407243972196
blm_missoula_Missoula District,1980-11-01,22.311987794312614
blm_missoula_Missoula District,1980-12-01,21.2280266406383
blm_missoula_Missoula District,1981-01-01,10.34065403466088
blm_missoula_Missoula District,1981-02-01,26.825444274591458
blm_missoula_Missoula District,1981-03-01,54.9500828019761
blm_missoula_Missoula District,1981-04-01,84.89597247805366
blm_missoula_Missoula District,1981-05-01,96.66787479692543
blm_missoula_Missoula District,1981-06-01,113.21776829339746
blm_missoula_Missoula District,1981-07-01,161.49331917906227
blm_missoula_Missoula District,1981-08-01,156.28758584072003
blm_missoula_Missoula District,1981-09-01,97.40606486834048
blm_missoula_Missoula District,1981-10-01,45.607675857833144
blm_missoula_Missoula District,1981-11-01,18.889812911864396
blm_missoula_Missoula District,1981-12-01,12.760151776508312
blm_missoula_Missoula District,1982-01-01,18.21615743693569
blm_missoula_Missoula District,1982-02-01,24.91547033680019
blm_missoula_Missoula District,1982-03-01,46.661715196393956
blm_missoula_Missoula District,1982-04-01,74.43821367373599
blm_missoula_Missoula District,1982-05-01,106.7109689177057
blm_missoula_Missoula District,1982-06-01,126.65918029300751
blm_missoula_Missoula District,1982-07-01,147.60973704649186
blm_missoula_Missoula District,1982-08-01,144.23579711841762
blm_missoula_Missoula District,1982-09-01,86.19244251011729
blm_missoula_Missoula District,1982-10-01,40.95998576195199
blm_missoula_Missoula District,1982-11-01,17.505567538006783
blm_missoula_Missoula District,1982-12-01,9.591518759473301
blm_missoula_Missoula District,1983-01-01,17.510708508856403
blm_missoula_Missoula District,1983-02-01,23.800355404933125
blm_missoula_Missoula District,1983-03-01,46.35370761290231
blm_missoula_Missoula District,1983-04-01,77.82075334561151
blm_missoula_Missoula District,1983-05-01,120.25690597573944
blm_missoula_Missoula District,1983-06-01,122.19286902779456
blm_missoula_Missoula District,1983-07-01,145.72331191882847
blm_missoula_Missoula District,1983-08-01,146.97389234747544
blm_missoula_Missoula District,1983-09-01,83.50687035653468
blm_missoula_Missoula District,1983-10-01,50.120824413032956
blm_missoula_Missoula District,1983-11-01,17.859180402202195
blm_missoula_Missoula District,1983-12-01,12.339445801318977
blm_missoula_Missoula District,1984-01-01,19.217270914849102
blm_missoula_Missoula District,1984-02-01,28.22508884973081
blm_missoula_Missoula District,1984-03-01,45.01075573460069
blm_missoula_Missoula District,1984-04-01,76.81980572094767
blm_missoula_Missoula District,1984-05-01,102.70030796400773
blm_missoula_Missoula District,1984-06-01,124.08270547627781
blm_missoula_Missoula District,1984-07-01,179.686567178639
blm_missoula_Missoula District,1984-08-01,154.82985082290602
blm_missoula_Missoula District,1984-09-01,82.25531862788053
blm_missoula_Missoula District,1984-10-01,43.65489220545773
blm_missoula_Missoula District,1984-11-01,17.42364382082974
blm_missoula_Missoula District,1984-12-01,13.362520909597455
blm_missoula_Missoula District,1985-01-01,12.188794307419542
blm_missoula_Missoula District,1985-02-01,25.384245521619516
blm_missoula_Missoula District,1985-03-01,46.912437787809466
blm_missoula_Missoula District,1985-04-01,90.8036483994199
blm_missoula_Missoula District,1985-05-01,128.3460080296585
blm_missoula_Missoula District,1985-06-01,149.59703857270046
blm_missoula_Missoula District,1985-07-01,201.28426927007564
blm_missoula_Missoula District,1985-08-01,123.73925612973139
blm_missoula_Missoula District,1985-09-01,66.96960434939618
blm_missoula_Missoula District,1985-10-01,44.87239985634326
blm_missoula_Missoula District,1985-11-01,17.294882852978628
blm_missoula_Missoula District,1985-12-01,13.212485372610663
blm_missoula_Missoula District,1986-01-01,17.915328273556295
blm_missoula_Missoula District,1986-02-01,21.40244023807239
blm_missoula_Missoula District,1986-03-01,59.10229795935368
blm_missoula_Missoula District,1986-04-01,77.08173412294983
blm_missoula_Missoula District,1986-05-01,123.34643447322887
blm_missoula_Missoula District,1986-06-01,152.71618107387
blm_missoula_Missoula District,1986-07-01,149.39601987121625
blm_missoula_Missoula District,1986-08-01,157.74946689492745
blm_missoula_Missoula District,1986-09-01,62.97121531024021
blm_missoula_Missoula District,1986-10-01,41.984316517916426
blm_missoula_Missoula District,1986-11-01,16.521227327801835
blm_missoula_Missoula District,1986-12-01,10.720137559924186
blm_missoula_Missoula District,1987-01-01,14.305022674046317
blm_missoula_Missoula District,1987-02-01,23.06316040918404
blm_missoula_Missoula District,1987-03-01,48.172305064866734
blm_missoula_Missoula District,1987-04-01,102.79180289320233
blm_missoula_Missoula District,1987-05-01,120.12665247335391
blm_missoula_Missoula District,1987-06-01,154.27232887360248
blm_missoula_Missoula District,1987-07-01,151.5133381011898
blm_missoula_Missoula District,1987-08-01,135.43162757134274
blm_missoula_Missoula District,1987-09-01,106.9464107442032
blm_missoula_Missoula District,1987-10-01,68.92357257191419
blm_missoula_Missoula District,1987-11-01,20.117555189460298
blm_missoula_Missoula District,1987-12-01,12.587941397368922
blm_missoula_Missoula District,1988-01-01,15.312106299699694
blm_missoula_Missoula District,1988-02-01,31.781355129658568
blm_missoula_Missoula District,1988-03-01,52.65027241637938
blm_missoula_Missoula District,1988-04-01,89.44520250639907
blm_missoula_Missoula District,1988-05-01,118.76960427781977
blm_missoula_Missoula District,1988-06-01,147.20703624046632
blm_missoula_Missoula District,1988-07-01,179.14449184682522
blm_missoula_Missoula District,1988-08-01,161.46446332861478
blm_missoula_Missoula District,1988-09-01,98.40030792352007
blm_missoula_Missoula District,1988-10-01,60.31916603932474
blm_missoula_Missoula District,1988-11-01,16.77955473567942
blm_missoula_Missoula District,1988-12-01,13.025752349703042
blm_missoula_Missoula District,1989-01-01,15.714167397667858
blm_missoula_Missoula District,1989-02-01,18.62520737908966
blm_missoula_Missoula District,1989-03-01,41.587206805495114
blm_missoula_Missoula District,1989-04-01,84.0690357422439
blm_missoula_Missoula District,1989-05-01,105.38140250257733
blm_missoula_Missoula District,1989-06-01,137.7342809438988
blm_missoula_Missoula District,1989-07-01,177.85565017089266
blm_missoula_Missoula District,1989-08-01,115.85920389984716
blm_missoula_Missoula District,1989-09-01,87.61840793652095
blm_missoula_Missoula District,1989-10-01,44.00398008305437
blm_missoula_Missoula District,1989-11-01,20.419853211691866
blm_missoula_Missoula District,1989-12-01,10.976735539866748
blm_missoula_Missoula District,1990-01-01,12.766192995352474
blm_missoula_Missoula District,1990-02-01,24.58711210547734
blm_missoula_Missoula District,1990-03-01,49.32421224124622
blm_missoula_Missoula District,1990-04-01,76.2748874175382
blm_missoula_Missoula District,1990-05-01,94.77619044618622
blm_missoula_Missoula District,1990-06-01,130.62878464421118
blm_missoula_Missoula District,1990-07-01,161.26072022655626
blm_missoula_Missoula District,1990-08-01,132.04832984293503
blm_missoula_Missoula District,1990-09-01,112.28332144658845
blm_missoula_Missoula District,1990-10-01,49.495427562060215
blm_missoula_Missoula District,1990-11-01,24.10497520015692
blm_missoula_Missoula District,1990-12-01,18.114143662813063
blm_missoula_Missoula District,1991-01-01,16.21549412944932
blm_missoula_Missoula District,1991-02-01,26.75197826237284
blm_missoula_Missoula District,1991-03-01,43.95479736969782
blm_missoula_Missoula District,1991-04-01,71.72110869663639
blm_missoula_Missoula District,1991-05-01,100.8576166188652
blm_missoula_Missoula District,1991-06-01,108.13051408931729
blm_missoula_Missoula District,1991-07-01,174.793864011821
blm_missoula_Missoula District,1991-08-01,152.04605551337607
blm_missoula_Missoula District,1991-09-01,95.00732055859271
blm_missoula_Missoula District,1991-10-01,63.86244965593726
blm_missoula_Missoula District,1991-11-01,15.821961754787818
blm_missoula_Missoula District,1991-12-01,14.002748321848609
blm_missoula_Missoula District,1992-01-01,16.798578684150932
blm_missoula_Missoula District,1992-02-01,25.628737307758417
blm_missoula_Missoula District,1992-03-01,59.53257508719597
blm_missoula_Missoula District,1992-04-01,83.33165123168396
blm_missoula_Missoula District,1992-05-01,136.45271276145488
blm_missoula_Missoula District,1992-06-01,141.49601987989217
blm_missoula_Missoula District,1992-07-01,137.27157056311864
blm_missoula_Missoula District,1992-08-01,140.41701013221189
blm_missoula_Missoula District,1992-09-01,93.86813550062074
blm_missoula_Missoula District,1992-10-01,50.07469789124981
blm_missoula_Missoula District,1992-11-01,12.322056544615007
blm_missoula_Missoula District,1992-12-01,10.680431359923018
blm_missoula_Missoula District,1993-01-01,13.865742894660464
blm_missoula_Missoula District,1993-02-01,18.64238340779521
blm_missoula_Missoula District,1993-03-01,49.04972751285758
blm_missoula_Missoula District,1993-04-01,66.49066564907426
blm_missoula_Missoula District,1993-05-01,131.4090973457096
blm_missoula_Missoula District,1993-06-01,113.74288079163045
blm_missoula_Missoula District,1993-07-01,114.25887229899551
blm_missoula_Missoula District,1993-08-01,122.29940774208616
blm_missoula_Missoula District,1993-09-01,89.08509827112027
blm_missoula_Missoula District,1993-10-01,46.25337592935822
blm_missoula_Missoula District,1993-11-01,20.566927363538706
blm_missoula_Missoula District,1993-12-01,12.010211009884355
blm_missoula_Missoula District,1994-01-01,13.478844008042445
blm_missoula_Missoula District,1994-02-01,22.484008588431657
blm_missoula_Missoula District,1994-03-01,61.69381658738892
blm_missoula_Missoula District,1994-04-01,81.18092867560478
blm_missoula_Missoula District,1994-05-01,120.60307982769433
blm_missoula_Missoula District,1994-06-01,136.83245682778502
blm_missoula_Missoula District,1994-07-01,175.58886519565144
blm_missoula_Missoula District,1994-08-01,159.45093579575845
blm_missoula_Missoula District,1994-09-01,107.35309167395155
blm_missoula_Missoula District,1994-10-01,38.99429048629938
blm_missoula_Missoula District,1994-11-01,14.931272357822284
blm_missoula_Missoula District,1994-12-01,9.842288703665409
blm_missoula_Missoula District,1995-01-01,10.459369999795863
blm_missoula_Missoula District,1995-02-01,27.46761432345855
blm_missoula_Missoula District,1995-03-01,47.897441292848384
blm_missoula_Missoula District,1995-04-01,67.82601275033957
blm_missoula_Missoula District,1995-05-01,114.37578771284366
blm_missoula_Missoula District,1995-06-01,112.24084336010378
blm_missoula_Missoula District,1995-07-01,151.7926557676907
blm_missoula_Missoula District,1995-08-01,134.84053532090465
blm_missoula_Missoula District,1995-09-01,86.89701496676454
blm_missoula_Missoula District,1995-10-01,36.26453448934765
blm_missoula_Missoula District,1995-11-01,20.124046550489552
blm_missoula_Missoula District,1995-12-01,10.931935711625458
blm_missoula_Missoula District,1996-01-01,11.794764456718461
blm_missoula_Missoula District,1996-02-01,25.86209433509738
blm_missoula_Missoula District,1996-03-01,44.537573996270275
blm_missoula_Missoula District,1996-04-01,73.92416484952962
blm_missoula_Missoula District,1996-05-01,83.01606258310093
blm_missoula_Missoula District,1996-06-01,136.54461023745958
blm_missoula_Missoula District,1996-07-01,174.94349685050784
blm_missoula_Missoula District,1996-08-01,147.13949286183654
blm_missoula_Missoula District,1996-09-01,74.62504138327469
blm_missoula_Missoula District,1996-10-01,46.48441125950636
blm_missoula_Missoula District,1996-11-01,16.151930957573676
blm_missoula_Missoula District,1996-12-01,13.245487031369548
blm_missoula_Missoula District,1997-01-01,14.203151112059173
blm_missoula_Missoula District,1997-02-01,16.854252639920528
blm_missoula_Missoula District,1997-03-01,44.66519777460196
blm_missoula_Missoula District,1997-04-01,65.72340668527133
blm_missoula_Missoula District,1997-05-01,116.61257998013039
blm_missoula_Missoula District,1997-06-01,114.84228845852525
blm_missoula_Missoula District,1997-07-01,145.9644160267302
blm_missoula_Missoula District,1997-08-01,135.97391622254588
blm_missoula_Missoula District,1997-09-01,89.10886046683667
blm_missoula_Missoula District,1997-10-01,40.82954278271279
blm_missoula_Missoula District,1997-11-01,18.9137171985018
blm_missoula_Missoula District,1997-12-01,12.227552886258875
blm_missoula_Missoula District,1998-01-01,13.404146123514218
blm_missoula_Missoula District,1998-02-01,19.43823744916882
blm_missoula_Missoula District,1998-03-01,44.03473107483228
blm_missoula_Missoula District,1998-04-01,82.70312716898209
blm_missoula_Missoula District,1998-05-01,117.15434724057181
blm_missoula_Missoula District,1998-06-01,109.89035773802583
blm_missoula_Missoula District,1998-07-01,163.18263446886488
blm_missoula_Missoula District,1998-08-01,154.84131719918648
blm_missoula_Missoula District,1998-09-01,101.69677799082966
blm_missoula_Missoula District,1998-10-01,46.847950707846586
blm_missoula_Missoula District,1998-11-01,17.190144652637986
blm_missoula_Missoula District,1998-12-01,19.343828625827005
blm_missoula_Missoula District,1999-01-01,17.537218810088035
blm_missoula_Missoula District,1999-02-01,26.281663113141956
blm_missoula_Missoula District,1999-03-01,54.56138354809582
blm_missoula_Missoula District,1999-04-01,83.36079123234246
blm_missoula_Missoula District,1999-05-01,111.89497744034489
blm_missoula_Missoula District,1999-06-01,118.01402503951017
blm_missoula_Missoula District,1999-07-01,168.13428088642075
blm_missoula_Missoula District,1999-08-01,138.64617391774735
blm_missoula_Missoula District,1999-09-01,95.38317931283004
blm_missoula_Missoula District,1999-10-01,59.48085754184863
blm_missoula_Missoula District,1999-11-01,32.40402749555706
blm_missoula_Missoula District,1999-12-01,14.765979766280864
blm_missoula_Missoula District,2000-01-01,15.904217174171244
blm_missoula_Missoula District,2000-02-01,24.299384083010185
blm_missoula_Missoula District,2000-03-01,53.41063729362786
blm_missoula_Missoula District,2000-04-01,88.31556497866214
blm_missoula_Missoula District,2000-05-01,113.26460547177211
blm_missoula_Missoula District,2000-06-01,137.27934128671595
blm_missoula_Missoula District,2000-07-01,170.14063014410254
blm_missoula_Missoula District,2000-08-01,161.3387348307899
blm_missoula_Missoula District,2000-09-01,81.23219614632178
blm_missoula_Missoula District,2000-10-01,46.81146644388039
blm_missoula_Missoula District,2000-11-01,13.955200303648637
blm_missoula_Missoula District,2000-12-01,9.847405964998915
blm_missoula_Missoula District,2001-01-01,13.649680319568947
blm_missoula_Missoula District,2001-02-01,19.412745878160408
blm_missoula_Missoula District,2001-03-01,51.38874669223
blm_missoula_Missoula District,2001-04-01,70.71743650872457
blm_missoula_Missoula District,2001-05-01,135.73375985860204
blm_missoula_Missoula District,2001-06-01,125.56915419848997
blm_missoula_Missoula District,2001-07-01,155.14536836321844
blm_missoula_Missoula District,2001-08-01,163.46751948765345
blm_missoula_Missoula District,2001-09-01,112.00871825246443
blm_missoula_Missoula District,2001-10-01,51.08917317439018
blm_missoula_Missoula District,2001-11-01,27.25948834368415
blm_missoula_Missoula District,2001-12-01,13.654465940828375
blm_missoula_Missoula District,2002-01-01,16.409879328147746
blm_missoula_Missoula District,2002-02-01,26.86709310454346
blm_missoula_Missoula District,2002-03-01,42.539729954083086
blm_missoula_Missoula District,2002-04-01,73.47993361241048
blm_missoula_Missoula District,2002-05-01,106.27642740928796
blm_missoula_Missoula District,2002-06-01,127.22515988976886
blm_missoula_Missoula District,2002-07-01,177.9217721721737
blm_missoula_Missoula District,2002-08-01,137.17969676336105
blm_missoula_Missoula District,2002-09-01,94.8383084631339
blm_missoula_Missoula District,2002-10-01,52.48242116646585
blm_missoula_Missoula District,2002-11-01,27.76285242633327
blm_missoula_Missoula District,2002-12-01,14.595688397950456
blm_missoula_Missoula District,2003-01-01,16.47981536775312
blm_missoula_Missoula District,2003-02-01,21.962876121061896
blm_missoula_Missoula District,2003-03-01,50.34394688031256
blm_missoula_Missoula District,2003-04-01,76.87325270868992
blm_missoula_Missoula District,2003-05-01,109.50826816879666
blm_missoula_Missoula District,2003-06-01,142.79502486007752
blm_missoula_Missoula District,2003-07-01,195.62328832970218
blm_missoula_Missoula District,2003-08-01,163.50544895478487
blm_missoula_Missoula District,2003-09-01,105.76756688605776
blm_missoula_Missoula District,2003-10-01,64.42369102635278
blm_missoula_Missoula District,2003-11-01,22.19260845532267
blm_missoula_Missoula District,2003-12-01,12.160886239113047
blm_missoula_Missoula District,2004-01-01,17.577019815280014
blm_missoula_Missoula District,2004-02-01,25.392963811589258
blm_missoula_Missoula District,2004-03-01,66.06886988018283
blm_missoula_Missoula District,2004-04-01,91.28099975911285
blm_missoula_Missoula District,2004-05-01,105.01475947673104
blm_missoula_Missoula District,2004-06-01,129.07917551394465
blm_missoula_Missoula District,2004-07-01,168.76680881416195
blm_missoula_Missoula District,2004-08-01,132.4663824168632
blm_missoula_Missoula District,2004-09-01,68.21717594890508
blm_missoula_Missoula District,2004-10-01,46.25491586552782
blm_missoula_Missoula District,2004-11-01,23.26083874244934
blm_missoula_Missoula District,2004-12-01,15.894219548971668
blm_missoula_Missoula District,2005-01-01,20.729234889965152
blm_missoula_Missoula District,2005-02-01,33.73603410501668
blm_missoula_Missoula District,2005-03-01,54.50213212115142
blm_missoula_Missoula District,2005-04-01,81.96019897605537
blm_missoula_Missoula District,2005-05-01,113.02371470856457
blm_missoula_Missoula District,2005-06-01,113.75297321897071
blm_missoula_Missoula District,2005-07-01,182.67261305038355
blm_missoula_Missoula District,2005-08-01,152.37858324337842
blm_missoula_Missoula District,2005-09-01,92.33468372260923
blm_missoula_Missoula District,2005-10-01,42.825396810936944
blm_missoula_Missoula District,2005-11-01,19.468111908060205
blm_missoula_Missoula District,2005-12-01,17.34456304395631
blm_missoula_Missoula District,2006-01-01,19.987917626025524
blm_missoula_Missoula District,2006-02-01,29.370528321219858
blm_missoula_Missoula District,2006-03-01,49.770101815200874
blm_missoula_Missoula District,2006-04-01,81.82444917000574
blm_missoula_Missoula District,2006-05-01,130.90625437049894
blm_missoula_Missoula District,2006-06-01,140.2037432412349
blm_missoula_Missoula District,2006-07-01,193.96552945923054
blm_missoula_Missoula District,2006-08-01,154.47093102537153
blm_missoula_Missoula District,2006-09-01,102.1413171492999
blm_missoula_Missoula District,2006-10-01,50.82492297239649
blm_missoula_Missoula District,2006-11-01,26.218028972285023
blm_missoula_Missoula District,2006-12-01,17.905851849106583
blm_missoula_Missoula District,2007-01-01,19.9129354033643
blm_missoula_Missoula District,2007-02-01,24.785027283002233
blm_missoula_Missoula District,2007-03-01,63.88317930198512
blm_missoula_Missoula District,2007-04-01,82.70104233164042
blm_missoula_Missoula District,2007-05-01,128.02470973813965
blm_missoula_Missoula District,2007-06-01,142.6708361967512
blm_missoula_Missoula District,2007-07-01,199.62639191172693
blm_missoula_Missoula District,2007-08-01,160.99654103387337
blm_missoula_Missoula District,2007-09-01,101.71843154643334
blm_missoula_Missoula District,2007-10-01,50.66541100316521
blm_missoula_Missoula District,2007-11-01,29.619379342040077
blm_missoula_Missoula District,2007-12-01,16.941435803736706
blm_missoula_Missoula District,2008-01-01,21.20634934439588
blm_missoula_Missoula District,2008-02-01,28.879862616113563
blm_missoula_Missoula District,2008-03-01,48.309334244103376
blm_missoula_Missoula District,2008-04-01,77.3743899032929
blm_missoula_Missoula District,2008-05-01,118.1672352852061
blm_missoula_Missoula District,2008-06-01,136.9414119779202
blm_missoula_Missoula District,2008-07-01,181.48860463438598
blm_missoula_Missoula District,2008-08-01,146.30535418545006
blm_missoula_Missoula District,2008-09-01,88.51231934475803
blm_missoula_Missoula District,2008-10-01,56.47242352635452
blm_missoula_Missoula District,2008-11-01,27.31556507717007
blm_missoula_Missoula District,2008-12-01,17.524022903297784
blm_missoula_Missoula District,2009-01-01,23.7909263926246
blm_missoula_Missoula District,2009-02-01,27.227221066452998
blm_missoula_Missoula District,2009-03-01,45.33944559537864
blm_missoula_Missoula District,2009-04-01,81.79327168449974
blm_missoula_Missoula District,2009-05-01,131.92115609811341
blm_missoula_Missoula District,2009-06-01,134.59267943381585
blm_missoula_Missoula District,2009-07-01,167.41897663440898
blm_missoula_Missoula District,2009-08-01,143.39339031119167
blm_missoula_Missoula District,2009-09-01,119.66607441164481
blm_missoula_Missoula District,2009-10-01,43.65238093132375
blm_missoula_Missoula District,2009-11-01,30.122174885227228
blm_missoula_Missoula District,2009-12-01,14.506681075793141
blm_missoula_Missoula District,2010-01-01,18.165695473075168
blm_missoula_Missoula District,2010-02-01,25.88329780432207
blm_missoula_Missoula District,2010-03-01,63.17889116003004
blm_missoula_Missoula District,2010-04-01,83.43158011943687
blm_missoula_Missoula District,2010-05-01,106.08050220076491
blm_missoula_Missoula District,2010-06-01,124.79556973549292
blm_missoula_Missoula District,2010-07-01,170.71125324233904
blm_missoula_Missoula District,2010-08-01,150.25001181191502
blm_missoula_Missoula District,2010-09-01,88.63954028120766
blm_missoula_Missoula District,2010-10-01,54.71035293130845
blm_missoula_Missoula District,2010-11-01,21.766382468873587
blm_missoula_Missoula District,2010-12-01,15.674484864876355
blm_missoula_Missoula District,2011-01-01,15.433096592416698
blm_missoula_Missoula District,2011-02-01,23.714546360186677
blm_missoula_Missoula District,2011-03-01,46.52658135143679
blm_missoula_Missoula District,2011-04-01,62.446505487148755
blm_missoula_Missoula District,2011-05-01,105.87043354438397
blm_missoula_Missoula District,2011-06-01,117.38884139360339
blm_missoula_Missoula District,2011-07-01,173.72117991425984
blm_missoula_Missoula District,2011-08-01,167.47112063959406
blm_missoula_Missoula District,2011-09-01,121.33158017944538
blm_missoula_Missoula District,2011-10-01,50.63226720344057
blm_missoula_Missoula District,2011-11-01,22.427576496374606
blm_missoula_Missoula District,2011-12-01,13.671665658433414
blm_missoula_Missoula District,2012-01-01,18.146884758928266
blm_missoula_Missoula District,2012-02-01,21.916441627995884
blm_missoula_Missoula District,2012-03-01,53.155768717332236
blm_missoula_Missoula District,2012-04-01,87.70585165089325
blm_missoula_Missoula District,2012-05-01,110.43783463236564
blm_missoula_Missoula District,2012-06-01,124.99372183793643
blm_missoula_Missoula District,2012-07-01,179.1605780989433
blm_missoula_Missoula District,2012-08-01,164.56171515563517
blm_missoula_Missoula District,2012-09-01,118.79417202354635
blm_missoula_Missoula District,2012-10-01,55.218668511794434
blm_missoula_Missoula District,2012-11-01,28.04468138323551
blm_missoula_Missoula District,2012-12-01,16.264629390335173
blm_missoula_Missoula District,2013-01-01,15.9193557829858
blm_missoula_Missoula District,2013-02-01,23.002037448471853
blm_missoula_Missoula District,2013-03-01,47.70902625623683
blm_missoula_Missoula District,2013-04-01,70.70663345506817
blm_missoula_Missoula District,2013-05-01,124.50914476291175
blm_missoula_Missoula District,2013-06-01,135.11890555072017
blm_missoula_Missoula District,2013-07-01,191.7827055966563
blm_missoula_Missoula District,2013-08-01,153.61234295376667
blm_missoula_Missoula District,2013-09-01,88.57545597534613
blm_missoula_Missoula District,2013-10-01,45.755484466896156
blm_missoula_Missoula District,2013-11-01,17.363752798908724
blm_missoula_Missoula District,2013-12-01,10.673181889436167
blm_missoula_Missoula District,2014-01-01,23.304027551724655
blm_missoula_Missoula District,2014-02-01,20.963350006596958
blm_missoula_Missoula District,2014-03-01,52.06266282458239
blm_missoula_Missoula District,2014-04-01,83.69549872066929
blm_missoula_Missoula District,2014-05-01,120.4873963450685
blm_missoula_Missoula District,2014-06-01,123.44240709967704
blm_missoula_Missoula District,2014-07-01,179.2526415418432
blm_missoula_Missoula District,2014-08-01,135.91753141271704
blm_missoula_Missoula District,2014-09-01,95.22956645254331
blm_missoula_Missoula District,2014-10-01,60.495332791550524
blm_missoula_Missoula District,2014-11-01,20.83551298185311
blm_missoula_Missoula District,2014-12-01,15.585595989814728
blm_missoula_Missoula District,2015-01-01,21.447169014922366
blm_missoula_Missoula District,2015-02-01,31.307770694270854
blm_missoula_Missoula District,2015-03-01,65.39436152263208
blm_missoula_Missoula District,2015-04-01,88.97867798957743
blm_missoula_Missoula District,2015-05-01,125.31032935501528
blm_missoula_Missoula District,2015-06-01,163.57616660798848
blm_missoula_Missoula District,2015-07-01,179.1479269143841
blm_missoula_Missoula District,2015-08-01,169.105164633405
blm_missoula_Missoula District,2015-09-01,100.64633971202771
blm_missoula_Missoula District,2015-10-01,62.181615676283414
blm_missoula_Missoula District,2015-11-01,24.087349034010927
blm_missoula_Missoula District,2015-12-01,15.705591221099723
blm_missoula_Missoula District,2016-01-01,19.91056631052559
blm_missoula_Missoula District,2016-02-01,37.67145223556551
blm_missoula_Missoula District,2016-03-01,56.113195831869994
blm_missoula_Missoula District,2016-04-01,98.46180992243951
blm_missoula_Missoula District,2016-05-01,117.56005681879965
blm_missoula_Missoula District,2016-06-01,147.26905947651125
blm_missoula_Missoula District,2016-07-01,162.97533769569134
blm_missoula_Missoula District,2016-08-01,147.481331482512
blm_missoula_Missoula District,2016-09-01,85.64044057868212
blm_missoula_Missoula District,2016-10-01,39.752215082909196
blm_missoula_Missoula District,2016-11-01,31.499099766691273
blm_missoula_Missoula District,2016-12-01,15.86432140637732
blm_missoula_Missoula District,2017-01-01,15.189220715518022
blm_missoula_Missoula District,2017-02-01,26.40871836534187
blm_missoula_Missoula District,2017-03-01,55.30902622695558
blm_missoula_Missoula District,2017-04-01,76.14406531920679
blm_missoula_Missoula District,2017-05-01,126.54181469246494
blm_missoula_Missoula District,2017-06-01,142.13866377565935
blm_missoula_Missoula District,2017-07-01,194.53103531053694
blm_missoula_Missoula District,2017-08-01,160.2849561270592
blm_missoula_Missoula District,2017-09-01,96.44254908847515
blm_missoula_Missoula District,2017-10-01,54.30554366139997
blm_missoula_Missoula District,2017-11-01,22.309097438478776
blm_missoula_Missoula District,2017-12-01,13.354821285346311
blm_missoula_Missoula District,2018-01-01,20.507581225957555
blm_missoula_Missoula District,2018-02-01,20.703411593027123
blm_missoula_Missoula District,2018-03-01,51.245628904601574
blm_missoula_Missoula District,2018-04-01,76.24288076451818
blm_missoula_Missoula District,2018-05-01,127.1731105931871
blm_missoula_Missoula District,2018-06-01,126.38789376713207
blm_missoula_Missoula District,2018-07-01,175.53470760328287
blm_missoula_Missoula District,2018-08-01,153.92606016844547
blm_missoula_Missoula District,2018-09-01,95.37791983489882
blm_missoula_Missoula District,2018-10-01,46.91243773765175
blm_missoula_Missoula District,2018-11-01,20.7092633038385
blm_missoula_Missoula District,2018-12-01,16.727102715605895
blm_missoula_Missoula District,2019-01-01,19.74769022588452
blm_missoula_Missoula District,2019-02-01,14.949632897475297
blm_missoula_Missoula District,2019-03-01,50.28009945757156
blm_missoula_Missoula District,2019-04-01,72.82198528225629
blm_missoula_Missoula District,2019-05-01,117.78187631527075
blm_missoula_Missoula District,2019-06-01,142.17398722887435
blm_missoula_Missoula District,2019-07-01,167.89675430301466
blm_missoula_Missoula District,2019-08-01,151.2052356943195
blm_missoula_Missoula District,2019-09-01,87.40213216670004
blm_missoula_Missoula District,2019-10-01,44.23719496231061
blm_missoula_Missoula District,2019-11-01,23.70720216240032
blm_missoula_Missoula District,2019-12-01,18.03063267583786
blm_missoula_Missoula District,2020-01-01,19.947998205933686
blm_missoula_Missoula District,2020-02-01,31.493721868437746
blm_missoula_Missoula District,2020-03-01,53.36481866246856
blm_missoula_Missoula District,2020-04-01,82.72741056115558
blm_missoula_Missoula District,2020-05-01,113.75512903354033
blm_missoula_Missoula District,2020-06-01,126.60817337307256
blm_missoula_Missoula District,2020-07-01,172.2718787212503
blm_missoula_Missoula District,2020-08-01,157.73631840434524
blm_missoula_Missoula District,2020-09-01,106.2952617346125
blm_missoula_Missoula District,2020-10-01,51.583345194954184
blm_missoula_Missoula District,2020-11-01,25.158351175651198
blm_missoula_Missoula District,2020-12-01,18.254797571729465
blm_missoula_Missoula District,2021-01-01,20.484221847496222
blm_missoula_Missoula District,2021-02-01,24.158327463932213
blm_missoula_Missoula District,2021-03-01,60.553375891220284
blm_missoula_Missoula District,2021-04-01,88.96986492367554
blm_missoula_Missoula District,2021-05-01,111.81632317979312
blm_missoula_Missoula District,2021-06-01,156.45745079982228
blm_missoula_Missoula District,2021-07-01,193.6391613564201
blm_missoula_Missoula District,2021-08-01,145.48431653689502
blm_missoula_Missoula District,2021-09-01,106.72165363260254
blm_missoula_Missoula District,2021-10-01,61.68078649973197
blm_missoula_Missoula District,2021-11-01,31.299644642603734
blm_missoula_Missoula District,2021-12-01,20.465197924668402
blm_missoula_Missoula District,2022-01-01,21.796943932962314
blm_missoula_Missoula District,2022-02-01,31.26282871800332
blm_missoula_Missoula District,2022-03-01,57.881165527726935
blm_missoula_Missoula District,2022-04-01,71.29310590558299
blm_missoula_Missoula District,2022-05-01,100.09073672173741
blm_missoula_Missoula District,2022-06-01,122.4691067957477
blm_missoula_Missoula District,2022-07-01,175.53347552565427
blm_missoula_Missoula District,2022-08-01,163.80021321347076
blm_missoula_Missoula District,2022-09-01,110.96038852520843
blm_missoula_Missoula District,2022-10-01,61.41393027885128
blm_missoula_Missoula District,2022-11-01,17.859109325449605
blm_missoula_Missoula District,2022-12-01,13.4866620901777
blm_missoula_Missoula District,2023-01-01,15.11551779758532
blm_missoula_Missoula District,2023-02-01,28.801847930317155
blm_missoula_Missoula District,2023-03-01,48.206301799630474
blm_missoula_Missoula District,2023-04-01,78.67427142517624
blm_missoula_Missoula District,2023-05-01,134.1665482763938
blm_missoula_Missoula District,2023-06-01,130.04792690570815
blm_missoula_Missoula District,2023-07-01,187.38232648172132
blm_missoula_Missoula District,2023-08-01,153.65588727027875
blm_missoula_Missoula District,2023-09-01,98.04141194321652
blm_missoula_Missoula District,2023-10-01,52.28320299305359
blm_missoula_Missoula District,2023-11-01,24.30627819758065
blm_missoula_Missoula District,2023-12-01,18.498673432699682
blm_missoula_Missoula District,2024-01-01,14.922719837957805
blm_missoula_Missoula District,2024-02-01,29.340630247309942
blm_missoula_Missoula District,2024-03-01,55.48855712644807
blm_missoula_Missoula District,2024-04-01,83.8778961071384
blm_missoula_Missoula District,2024-05-01,111.98244494031714
blm_missoula_Missoula District,2024-06-01,136.70931070197167
blm_missoula_Missoula District,2024-07-01,188.69350859012346
blm_missoula_Missoula District,2024-08-01,139.9307272955581
blm_missoula_Missoula District,2024-09-01,102.06015158885747
blm_missoula_Missoula District,2024-10-01,61.40580426243012
blm_missoula_Missoula District,2024-11-01,21.617152402706548
blm_missoula_Missoula District,2024-12-01,19.573797795535885
blm_missoula_Missoula District,2025-01-01,17.722814641273352
blm_missoula_Missoula District,2025-02-01,23.285927596292176
blm_missoula_Missoula District,2025-03-01,58.109310509836014
blm_missoula_Missoula District,2025-04-01,86.08839132186503
blm_missoula_Missoula District,2025-05-01,127.07583509172711
blm_missoula_Missoula District,2025-06-01,146.01480685453
blm_missoula_Missoula District,2025-07-01,170.65849330227005
blm_missoula_Missoula District,2025-08-01,146.87159434745334
blm_missoula_Missoula District,2025-09-01,109.01679691729515
blm_missoula_Missoula District,2025-10-01,23.218147321211674
