id,date,value
blm_billings_Billings District,1979-01-01,3.2546354729991815
blm_billings_Billings District,1979-02-01,3.6990544776414738
blm_billings_Billings District,1979-03-01,3.6364438250940543
blm_billings_Billings District,1979-04-01,3.6435891425002356
blm_billings_Billings District,1979-05-01,3.535418999498715
blm_billings_Billings District,1979-06-01,3.457479890645669
blm_billings_Billings District,1979-07-01,2.846027196012937
blm_billings_Billings District,1979-08-01,2.782324008423905
blm_billings_Billings District,1979-09-01,3.152209564843702
blm_billings_Billings District,1979-10-01,3.5426457225477406
blm_billings_Billings District,1979-11-01,3.7590471448591503
blm_billings_Billings District,1979-12-01,4.721270430743215
blm_billings_Billings District,1980-01-01,3.7648263789373813
blm_billings_Billings District,1980-02-01,3.286934914441914
blm_billings_Billings District,1980-03-01,3.894983994097876
blm_billings_Billings District,1980-04-01,3.7425011179082834
blm_billings_Billings District,1980-05-01,3.014998268106348
blm_billings_Billings District,1980-06-01,2.985793115945668
blm_billings_Billings District,1980-07-01,3.1136772457620094
blm_billings_Billings District,1980-08-01,3.362410267460442
blm_billings_Billings District,1980-09-01,3.6399899438303214
blm_billings_Billings District,1980-10-01,3.736488143576374
blm_billings_Billings District,1980-11-01,4.154061662847171
blm_billings_Billings District,1980-12-01,4.246205567754306
blm_billings_Billings District,1981-01-01,3.2153950070328112
blm_billings_Billings District,1981-02-01,4.221475250120138
blm_billings_Billings District,1981-03-01,3.085127128273169
blm_billings_Billings District,1981-04-01,4.055100540613042
blm_billings_Billings District,1981-05-01,3.388039431687015
blm_billings_Billings District,1981-06-01,3.5493364588185226
blm_billings_Billings District,1981-07-01,2.785847091003653
blm_billings_Billings District,1981-08-01,2.459116357660805
blm_billings_Billings District,1981-09-01,2.9652770290266095
blm_billings_Billings District,1981-10-01,3.5254583576888883
blm_billings_Billings District,1981-11-01,3.3519124168173557
blm_billings_Billings District,1981-12-01,3.80694023509767
blm_billings_Billings District,1982-01-01,4.12374059060943
blm_billings_Billings District,1982-02-01,3.9061937424836146
blm_billings_Billings District,1982-03-01,3.661896780253096
blm_billings_Billings District,1982-04-01,4.096663316037636
blm_billings_Billings District,1982-05-01,3.416934396642143
blm_billings_Billings District,1982-06-01,2.6399318547095434
blm_billings_Billings District,1982-07-01,2.905418142556505
blm_billings_Billings District,1982-08-01,2.9576320947814563
blm_billings_Billings District,1982-09-01,3.1446548236119525
blm_billings_Billings District,1982-10-01,3.6672911429852646
blm_billings_Billings District,1982-11-01,3.4390616651834174
blm_billings_Billings District,1982-12-01,4.107888303317589
blm_billings_Billings District,1983-01-01,3.6642145173319545
blm_billings_Billings District,1983-02-01,3.3694561475403506
blm_billings_Billings District,1983-03-01,3.389467477319068
blm_billings_Billings District,1983-04-01,3.1778563463176543
blm_billings_Billings District,1983-05-01,3.364590714508343
blm_billings_Billings District,1983-06-01,2.9867370313997244
blm_billings_Billings District,1983-07-01,3.3364092364867317
blm_billings_Billings District,1983-08-01,2.6815067365485925
blm_billings_Billings District,1983-09-01,3.706810770581299
blm_billings_Billings District,1983-10-01,3.1843444602738757
blm_billings_Billings District,1983-11-01,3.405631144548549
blm_billings_Billings District,1983-12-01,3.021517979515462
blm_billings_Billings District,1984-01-01,4.729047380727354
blm_billings_Billings District,1984-02-01,3.9590459440412853
blm_billings_Billings District,1984-03-01,3.417325728780143
blm_billings_Billings District,1984-04-01,3.9482383840684916
blm_billings_Billings District,1984-05-01,3.755930555969397
blm_billings_Billings District,1984-06-01,3.1777658536830473
blm_billings_Billings District,1984-07-01,2.84690283618408
blm_billings_Billings District,1984-08-01,2.964437208850007
blm_billings_Billings District,1984-09-01,3.490110586060276
blm_billings_Billings District,1984-10-01,3.274820548999086
blm_billings_Billings District,1984-11-01,3.7999553138704787
blm_billings_Billings District,1984-12-01,3.7004864636519
blm_billings_Billings District,1985-01-01,3.566249024612335
blm_billings_Billings District,1985-02-01,4.047469835498697
blm_billings_Billings District,1985-03-01,3.606878619171659
blm_billings_Billings District,1985-04-01,3.997997095613633
blm_billings_Billings District,1985-05-01,3.2374859411499135
blm_billings_Billings District,1985-06-01,3.4548994659099117
blm_billings_Billings District,1985-07-01,2.931066759869496
blm_billings_Billings District,1985-08-01,3.092886785639515
blm_billings_Billings District,1985-09-01,3.694775466864614
blm_billings_Billings District,1985-10-01,4.17766366703261
blm_billings_Billings District,1985-11-01,3.067294455125888
blm_billings_Billings District,1985-12-01,4.516434960966135
blm_billings_Billings District,1986-01-01,4.388342121730861
blm_billings_Billings District,1986-02-01,3.27470437075753
blm_billings_Billings District,1986-03-01,3.9232984440096583
blm_billings_Billings District,1986-04-01,3.9197687651292887
blm_billings_Billings District,1986-05-01,3.829536004855869
blm_billings_Billings District,1986-06-01,3.1074765438049154
blm_billings_Billings District,1986-07-01,3.039124790289447
blm_billings_Billings District,1986-08-01,2.8249200047980043
blm_billings_Billings District,1986-09-01,3.4753541096285905
blm_billings_Billings District,1986-10-01,3.176883157872003
blm_billings_Billings District,1986-11-01,3.921992855161508
blm_billings_Billings District,1986-12-01,3.896908241126876
blm_billings_Billings District,1987-01-01,4.213093484454756
blm_billings_Billings District,1987-02-01,3.2907518666167683
blm_billings_Billings District,1987-03-01,3.7689591801198494
blm_billings_Billings District,1987-04-01,3.480674707378203
blm_billings_Billings District,1987-05-01,3.101434524113627
blm_billings_Billings District,1987-06-01,3.321092492693551
blm_billings_Billings District,1987-07-01,2.702496101046056
blm_billings_Billings District,1987-08-01,3.0547878959543264
blm_billings_Billings District,1987-09-01,2.8625904821039203
blm_billings_Billings District,1987-10-01,3.5466628394241946
blm_billings_Billings District,1987-11-01,3.2601664345961154
blm_billings_Billings District,1987-12-01,4.189492345575353
blm_billings_Billings District,1988-01-01,4.263443736943739
blm_billings_Billings District,1988-02-01,4.303863134125282
blm_billings_Billings District,1988-03-01,4.636705429400579
blm_billings_Billings District,1988-04-01,3.5899798910036163
blm_billings_Billings District,1988-05-01,3.6641442483296025
blm_billings_Billings District,1988-06-01,3.305793116623211
blm_billings_Billings District,1988-07-01,3.1049943790838483
blm_billings_Billings District,1988-08-01,3.174360022388259
blm_billings_Billings District,1988-09-01,3.271136049291084
blm_billings_Billings District,1988-10-01,3.499322189242846
blm_billings_Billings District,1988-11-01,4.358112154633366
blm_billings_Billings District,1988-12-01,4.285411436100747
blm_billings_Billings District,1989-01-01,4.750019450769348
blm_billings_Billings District,1989-02-01,3.3146387856383748
blm_billings_Billings District,1989-03-01,3.1853714386755274
blm_billings_Billings District,1989-04-01,3.74654602812698
blm_billings_Billings District,1989-05-01,3.6657722882387147
blm_billings_Billings District,1989-06-01,3.0964532992315674
blm_billings_Billings District,1989-07-01,3.020593707587061
blm_billings_Billings District,1989-08-01,2.8618340804653575
blm_billings_Billings District,1989-09-01,3.0775078153162796
blm_billings_Billings District,1989-10-01,3.6304592168203307
blm_billings_Billings District,1989-11-01,4.74327413414183
blm_billings_Billings District,1989-12-01,4.204381431954795
blm_billings_Billings District,1990-01-01,4.719411047230457
blm_billings_Billings District,1990-02-01,4.059984200361907
blm_billings_Billings District,1990-03-01,3.5597855204231936
blm_billings_Billings District,1990-04-01,3.429888288792592
blm_billings_Billings District,1990-05-01,3.211952992243038
blm_billings_Billings District,1990-06-01,3.4953999109466336
blm_billings_Billings District,1990-07-01,3.0079229024236387
blm_billings_Billings District,1990-08-01,2.859355267746519
blm_billings_Billings District,1990-09-01,3.0335321702043108
blm_billings_Billings District,1990-10-01,4.427042065133358
blm_billings_Billings District,1990-11-01,4.671859926976084
blm_billings_Billings District,1990-12-01,4.561715162231839
blm_billings_Billings District,1991-01-01,4.262894577538999
blm_billings_Billings District,1991-02-01,4.163944609523139
blm_billings_Billings District,1991-03-01,3.7616254368512303
blm_billings_Billings District,1991-04-01,4.155589815359013
blm_billings_Billings District,1991-05-01,3.4234800618391574
blm_billings_Billings District,1991-06-01,3.144812329285266
blm_billings_Billings District,1991-07-01,2.9676024756386834
blm_billings_Billings District,1991-08-01,2.7597541671655774
blm_billings_Billings District,1991-09-01,3.227273235531978
blm_billings_Billings District,1991-10-01,3.8294538589489044
blm_billings_Billings District,1991-11-01,3.976671135297729
blm_billings_Billings District,1991-12-01,4.422290916736899
blm_billings_Billings District,1992-01-01,4.473376274827977
blm_billings_Billings District,1992-02-01,3.486747708381341
blm_billings_Billings District,1992-03-01,3.0064548532860527
blm_billings_Billings District,1992-04-01,3.693712022844652
blm_billings_Billings District,1992-05-01,3.216674953539314
blm_billings_Billings District,1992-06-01,2.7882350282918353
blm_billings_Billings District,1992-07-01,2.7737319487029684
blm_billings_Billings District,1992-08-01,2.8613843716501233
blm_billings_Billings District,1992-09-01,4.070426727347975
blm_billings_Billings District,1992-10-01,3.32433731849967
blm_billings_Billings District,1992-11-01,3.835584224708598
blm_billings_Billings District,1992-12-01,4.016044708662953
blm_billings_Billings District,1993-01-01,3.2768928891612124
blm_billings_Billings District,1993-02-01,2.7850560096090025
blm_billings_Billings District,1993-03-01,3.698419522663863
blm_billings_Billings District,1993-04-01,3.296693471257872
blm_billings_Billings District,1993-05-01,3.304520884324015
blm_billings_Billings District,1993-06-01,3.827084449596763
blm_billings_Billings District,1993-07-01,3.2740454442060027
blm_billings_Billings District,1993-08-01,3.099780547075553
blm_billings_Billings District,1993-09-01,3.402711125465245
blm_billings_Billings District,1993-10-01,3.5309208218437735
blm_billings_Billings District,1993-11-01,4.318632709916092
blm_billings_Billings District,1993-12-01,4.739197215829394
blm_billings_Billings District,1994-01-01,4.061676249107791
blm_billings_Billings District,1994-02-01,3.7960647220745805
blm_billings_Billings District,1994-03-01,4.075462682077776
blm_billings_Billings District,1994-04-01,3.567728997395441
blm_billings_Billings District,1994-05-01,3.2667852162356033
blm_billings_Billings District,1994-06-01,3.4226954873381605
blm_billings_Billings District,1994-07-01,2.819700772097539
blm_billings_Billings District,1994-08-01,2.985341166363325
blm_billings_Billings District,1994-09-01,3.2831646561942214
blm_billings_Billings District,1994-10-01,3.882339144200486
blm_billings_Billings District,1994-11-01,4.052016309295199
blm_billings_Billings District,1994-12-01,3.577543669068142
blm_billings_Billings District,1995-01-01,3.4534744404995408
blm_billings_Billings District,1995-02-01,4.008279868329178
blm_billings_Billings District,1995-03-01,3.637625397530062
blm_billings_Billings District,1995-04-01,3.537167114642606
blm_billings_Billings District,1995-05-01,3.076033462707862
blm_billings_Billings District,1995-06-01,3.044639179118517
blm_billings_Billings District,1995-07-01,3.3308127207666556
blm_billings_Billings District,1995-08-01,3.1205439734554803
blm_billings_Billings District,1995-09-01,3.169229218371752
blm_billings_Billings District,1995-10-01,4.540562562584557
blm_billings_Billings District,1995-11-01,4.10486259561122
blm_billings_Billings District,1995-12-01,3.6537944271800984
blm_billings_Billings District,1996-01-01,3.8312397274830388
blm_billings_Billings District,1996-02-01,4.324530832010044
blm_billings_Billings District,1996-03-01,3.6281414788625836
blm_billings_Billings District,1996-04-01,4.195600986241016
blm_billings_Billings District,1996-05-01,3.2020377443239454
blm_billings_Billings District,1996-06-01,3.2785924812903673
blm_billings_Billings District,1996-07-01,2.875895097652006
blm_billings_Billings District,1996-08-01,3.1835174625265057
blm_billings_Billings District,1996-09-01,3.2568085315879483
blm_billings_Billings District,1996-10-01,3.8074461617993927
blm_billings_Billings District,1996-11-01,3.265482573622673
blm_billings_Billings District,1996-12-01,4.25856070807728
blm_billings_Billings District,1997-01-01,3.818267317783417
blm_billings_Billings District,1997-02-01,3.569623704969723
blm_billings_Billings District,1997-03-01,4.343884584651236
blm_billings_Billings District,1997-04-01,3.768491959364101
blm_billings_Billings District,1997-05-01,3.458035326834978
blm_billings_Billings District,1997-06-01,3.1925960627381986
blm_billings_Billings District,1997-07-01,2.815845795834672
blm_billings_Billings District,1997-08-01,2.8413960475864104
blm_billings_Billings District,1997-09-01,3.504161076635202
blm_billings_Billings District,1997-10-01,4.252848513244624
blm_billings_Billings District,1997-11-01,3.576565009019969
blm_billings_Billings District,1997-12-01,3.9973125378663674
blm_billings_Billings District,1998-01-01,3.706824566659595
blm_billings_Billings District,1998-02-01,3.1396292116463025
blm_billings_Billings District,1998-03-01,2.73060948403687
blm_billings_Billings District,1998-04-01,3.1206668869419967
blm_billings_Billings District,1998-05-01,3.326785864603104
blm_billings_Billings District,1998-06-01,3.5624106339411186
blm_billings_Billings District,1998-07-01,2.615595000878416
blm_billings_Billings District,1998-08-01,2.6384491481426253
blm_billings_Billings District,1998-09-01,2.8013996886184325
blm_billings_Billings District,1998-10-01,3.113483733769716
blm_billings_Billings District,1998-11-01,3.813884049094714
blm_billings_Billings District,1998-12-01,4.471983905532086
blm_billings_Billings District,1999-01-01,3.953833344235177
blm_billings_Billings District,1999-02-01,4.739638788131223
blm_billings_Billings District,1999-03-01,3.258399633635784
blm_billings_Billings District,1999-04-01,3.5948715305839722
blm_billings_Billings District,1999-05-01,3.413953991901459
blm_billings_Billings District,1999-06-01,3.3354903922164088
blm_billings_Billings District,1999-07-01,3.2454358658106655
blm_billings_Billings District,1999-08-01,2.8271242278670496
blm_billings_Billings District,1999-09-01,3.4373905268015874
blm_billings_Billings District,1999-10-01,3.81928023831774
blm_billings_Billings District,1999-11-01,3.8217281036817994
blm_billings_Billings District,1999-12-01,4.6068267191862615
blm_billings_Billings District,2000-01-01,3.8103692766488715
blm_billings_Billings District,2000-02-01,3.529618883420571
blm_billings_Billings District,2000-03-01,4.06317455862866
blm_billings_Billings District,2000-04-01,3.7152803886991403
blm_billings_Billings District,2000-05-01,3.761853532161534
blm_billings_Billings District,2000-06-01,3.61800268140619
blm_billings_Billings District,2000-07-01,2.6678143568716486
blm_billings_Billings District,2000-08-01,3.0788852338337067
blm_billings_Billings District,2000-09-01,3.730134046029789
blm_billings_Billings District,2000-10-01,2.86425126901261
blm_billings_Billings District,2000-11-01,3.8701597405023294
blm_billings_Billings District,2000-12-01,3.5875464775287433
blm_billings_Billings District,2001-01-01,3.6428986806172787
blm_billings_Billings District,2001-02-01,3.104728791613042
blm_billings_Billings District,2001-03-01,3.442947332565011
blm_billings_Billings District,2001-04-01,3.5273101001418627
blm_billings_Billings District,2001-05-01,4.009082840131371
blm_billings_Billings District,2001-06-01,3.077657506469108
blm_billings_Billings District,2001-07-01,2.663511833141061
blm_billings_Billings District,2001-08-01,2.6037382141914187
blm_billings_Billings District,2001-09-01,2.997110140147861
blm_billings_Billings District,2001-10-01,4.453500376629766
blm_billings_Billings District,2001-11-01,3.629821266150027
blm_billings_Billings District,2001-12-01,3.7982292627521237
blm_billings_Billings District,2002-01-01,4.459737947655108
blm_billings_Billings District,2002-02-01,4.67048663819763
blm_billings_Billings District,2002-03-01,3.840738774464533
blm_billings_Billings District,2002-04-01,3.9338628280578285
blm_billings_Billings District,2002-05-01,3.7098428160351657
blm_billings_Billings District,2002-06-01,3.251155041817366
blm_billings_Billings District,2002-07-01,3.176171834043779
blm_billings_Billings District,2002-08-01,3.353469032384755
blm_billings_Billings District,2002-09-01,3.4236840933321626
blm_billings_Billings District,2002-10-01,3.4695980679093994
blm_billings_Billings District,2002-11-01,4.727969166181043
blm_billings_Billings District,2002-12-01,3.999698385716124
blm_billings_Billings District,2003-01-01,4.229411698458342
blm_billings_Billings District,2003-02-01,3.464959545525405
blm_billings_Billings District,2003-03-01,4.224292996341997
blm_billings_Billings District,2003-04-01,3.328198163902472
blm_billings_Billings District,2003-05-01,3.3385864329242194
blm_billings_Billings District,2003-06-01,3.343925377398969
blm_billings_Billings District,2003-07-01,3.042363573574828
blm_billings_Billings District,2003-08-01,3.0474682132296524
blm_billings_Billings District,2003-09-01,3.8070520576459153
blm_billings_Billings District,2003-10-01,4.152000994049512
blm_billings_Billings District,2003-11-01,4.368457332213507
blm_billings_Billings District,2003-12-01,4.028070134627596
blm_billings_Billings District,2004-01-01,3.7204661361333833
blm_billings_Billings District,2004-02-01,3.4279028369817914
blm_billings_Billings District,2004-03-01,4.502311247842881
blm_billings_Billings District,2004-04-01,3.4803474071677822
blm_billings_Billings District,2004-05-01,3.9249632366540923
blm_billings_Billings District,2004-06-01,3.475748432785193
blm_billings_Billings District,2004-07-01,3.0217568956655088
blm_billings_Billings District,2004-08-01,3.1904609499763867
blm_billings_Billings District,2004-09-01,3.2844593312401553
blm_billings_Billings District,2004-10-01,3.360155231431726
blm_billings_Billings District,2004-11-01,3.8028753367889343
blm_billings_Billings District,2004-12-01,4.774603245645042
blm_billings_Billings District,2005-01-01,3.453026895788336
blm_billings_Billings District,2005-02-01,3.522040164502632
blm_billings_Billings District,2005-03-01,4.496385007856998
blm_billings_Billings District,2005-04-01,4.191121539465544
blm_billings_Billings District,2005-05-01,3.6150166442662717
blm_billings_Billings District,2005-06-01,3.4160723853207147
blm_billings_Billings District,2005-07-01,3.130615972242151
blm_billings_Billings District,2005-08-01,3.032006180158569
blm_billings_Billings District,2005-09-01,3.4293632659132296
blm_billings_Billings District,2005-10-01,3.3433689313663555
blm_billings_Billings District,2005-11-01,4.531058988686222
blm_billings_Billings District,2005-12-01,4.400591320071079
blm_billings_Billings District,2006-01-01,4.988146465681194
blm_billings_Billings District,2006-02-01,4.6875358994940335
blm_billings_Billings District,2006-03-01,3.4886448135644437
blm_billings_Billings District,2006-04-01,3.917510055824515
blm_billings_Billings District,2006-05-01,3.5851973860097637
blm_billings_Billings District,2006-06-01,3.3674150973798125
blm_billings_Billings District,2006-07-01,2.906948885952819
blm_billings_Billings District,2006-08-01,2.9315207963334973
blm_billings_Billings District,2006-09-01,3.5378027292263092
blm_billings_Billings District,2006-10-01,3.7467223001549135
blm_billings_Billings District,2006-11-01,4.3624106346761895
blm_billings_Billings District,2006-12-01,4.438926953652589
blm_billings_Billings District,2007-01-01,4.764555041416081
blm_billings_Billings District,2007-02-01,4.0542332898356
blm_billings_Billings District,2007-03-01,4.398009803196061
blm_billings_Billings District,2007-04-01,3.4778809173497054
blm_billings_Billings District,2007-05-01,3.569187277283809
blm_billings_Billings District,2007-06-01,3.2061494675142836
blm_billings_Billings District,2007-07-01,2.5543046804599405
blm_billings_Billings District,2007-08-01,3.0967709517990296
blm_billings_Billings District,2007-09-01,3.4867973609680143
blm_billings_Billings District,2007-10-01,3.9618470485824044
blm_billings_Billings District,2007-11-01,4.407876458388551
blm_billings_Billings District,2007-12-01,4.486347612043488
blm_billings_Billings District,2008-01-01,4.642463023876696
blm_billings_Billings District,2008-02-01,4.371508967301161
blm_billings_Billings District,2008-03-01,4.36968454303115
blm_billings_Billings District,2008-04-01,4.167581551595923
blm_billings_Billings District,2008-05-01,4.120127769561619
blm_billings_Billings District,2008-06-01,3.5214767618249634
blm_billings_Billings District,2008-07-01,3.1644923420917572
blm_billings_Billings District,2008-08-01,3.358894751394722
blm_billings_Billings District,2008-09-01,2.8798000379478004
blm_billings_Billings District,2008-10-01,4.0207569348268795
blm_billings_Billings District,2008-11-01,4.541012066299091
blm_billings_Billings District,2008-12-01,4.213264287317087
blm_billings_Billings District,2009-01-01,5.050870229827175
blm_billings_Billings District,2009-02-01,3.695076118845083
blm_billings_Billings District,2009-03-01,3.771137463343367
blm_billings_Billings District,2009-04-01,3.534670454966798
blm_billings_Billings District,2009-05-01,3.7588461024671713
blm_billings_Billings District,2009-06-01,3.0628842664308267
blm_billings_Billings District,2009-07-01,2.9196196870413926
blm_billings_Billings District,2009-08-01,3.3802819291963653
blm_billings_Billings District,2009-09-01,3.5773380227766474
blm_billings_Billings District,2009-10-01,4.255345704887891
blm_billings_Billings District,2009-11-01,4.221350542421955
blm_billings_Billings District,2009-12-01,3.6734930333599007
blm_billings_Billings District,2010-01-01,3.3072840059650486
blm_billings_Billings District,2010-02-01,2.747846847005568
blm_billings_Billings District,2010-03-01,3.572133093193453
blm_billings_Billings District,2010-04-01,4.603257372056511
blm_billings_Billings District,2010-05-01,4.225622666025929
blm_billings_Billings District,2010-06-01,3.3994291785095716
blm_billings_Billings District,2010-07-01,3.229057119135563
blm_billings_Billings District,2010-08-01,3.2951926326144476
blm_billings_Billings District,2010-09-01,3.6001753769515346
blm_billings_Billings District,2010-10-01,3.703383632623478
blm_billings_Billings District,2010-11-01,4.144123102880355
blm_billings_Billings District,2010-12-01,3.5046008802530912
blm_billings_Billings District,2011-01-01,4.638924797162933
blm_billings_Billings District,2011-02-01,4.561872843203532
blm_billings_Billings District,2011-03-01,3.670458572000345
blm_billings_Billings District,2011-04-01,4.523171362384715
blm_billings_Billings District,2011-05-01,4.220062904798953
blm_billings_Billings District,2011-06-01,3.571814122452493
blm_billings_Billings District,2011-07-01,2.8719201314864784
blm_billings_Billings District,2011-08-01,2.9201158833248044
blm_billings_Billings District,2011-09-01,3.31273234873291
blm_billings_Billings District,2011-10-01,4.1226152362197075
blm_billings_Billings District,2011-11-01,4.7549061732861055
blm_billings_Billings District,2011-12-01,4.877122073646525
blm_billings_Billings District,2012-01-01,5.208406122376388
blm_billings_Billings District,2012-02-01,3.8286031259288738
blm_billings_Billings District,2012-03-01,4.662823224355324
blm_billings_Billings District,2012-04-01,4.182911084100963
blm_billings_Billings District,2012-05-01,3.782519666742703
blm_billings_Billings District,2012-06-01,4.1077546978284465
blm_billings_Billings District,2012-07-01,2.8293252137087626
blm_billings_Billings District,2012-08-01,2.950979411202525
blm_billings_Billings District,2012-09-01,3.3198369070288325
blm_billings_Billings District,2012-10-01,3.8710282726198355
blm_billings_Billings District,2012-11-01,4.049416894567556
blm_billings_Billings District,2012-12-01,3.8543900798696615
blm_billings_Billings District,2013-01-01,4.518871610589705
blm_billings_Billings District,2013-02-01,4.207779582320206
blm_billings_Billings District,2013-03-01,4.088920477488085
blm_billings_Billings District,2013-04-01,4.4445420035408265
blm_billings_Billings District,2013-05-01,3.6182446124246868
blm_billings_Billings District,2013-06-01,3.3860031314413925
blm_billings_Billings District,2013-07-01,2.8876102625844307
blm_billings_Billings District,2013-08-01,2.9856233172538134
blm_billings_Billings District,2013-09-01,3.424614610844579
blm_billings_Billings District,2013-10-01,3.9827488482637636
blm_billings_Billings District,2013-11-01,3.8358567865220854
blm_billings_Billings District,2013-12-01,4.563003759921076
blm_billings_Billings District,2014-01-01,5.016439282302882
blm_billings_Billings District,2014-02-01,4.258419904488341
blm_billings_Billings District,2014-03-01,4.32813391201298
blm_billings_Billings District,2014-04-01,4.543359027950757
blm_billings_Billings District,2014-05-01,3.102656097338602
blm_billings_Billings District,2014-06-01,3.2440650084383047
blm_billings_Billings District,2014-07-01,3.229947883705671
blm_billings_Billings District,2014-08-01,2.7161884867553736
blm_billings_Billings District,2014-09-01,3.4466510251284284
blm_billings_Billings District,2014-10-01,4.171138541148751
blm_billings_Billings District,2014-11-01,4.401890086344675
blm_billings_Billings District,2014-12-01,3.8117746225790428
blm_billings_Billings District,2015-01-01,4.202982571824946
blm_billings_Billings District,2015-02-01,3.9357011187971436
blm_billings_Billings District,2015-03-01,4.487142161214
blm_billings_Billings District,2015-04-01,3.603624889901752
blm_billings_Billings District,2015-05-01,3.16085033578144
blm_billings_Billings District,2015-06-01,2.7720643401385634
blm_billings_Billings District,2015-07-01,3.291729004229681
blm_billings_Billings District,2015-08-01,3.223769769831573
blm_billings_Billings District,2015-09-01,3.31703418165685
blm_billings_Billings District,2015-10-01,3.447475777474549
blm_billings_Billings District,2015-11-01,3.9982975900332987
blm_billings_Billings District,2015-12-01,3.9349822688837794
blm_billings_Billings District,2016-01-01,3.8206153203590945
blm_billings_Billings District,2016-02-01,4.958577931965963
blm_billings_Billings District,2016-03-01,4.48193265693437
blm_billings_Billings District,2016-04-01,4.00075626053695
blm_billings_Billings District,2016-05-01,3.7585261146120987
blm_billings_Billings District,2016-06-01,3.48175491037062
blm_billings_Billings District,2016-07-01,3.1340287986134077
blm_billings_Billings District,2016-08-01,3.142339781525947
blm_billings_Billings District,2016-09-01,3.786514744761802
blm_billings_Billings District,2016-10-01,4.00741805196128
blm_billings_Billings District,2016-11-01,3.8556680039330398
blm_billings_Billings District,2016-12-01,4.150295115587858
blm_billings_Billings District,2017-01-01,3.6936413561051396
blm_billings_Billings District,2017-02-01,3.8530627613732387
blm_billings_Billings District,2017-03-01,3.901066975443357
blm_billings_Billings District,2017-04-01,3.7546045548474822
blm_billings_Billings District,2017-05-01,3.629816005041388
blm_billings_Billings District,2017-06-01,3.8779401318157647
blm_billings_Billings District,2017-07-01,2.695125611913428
blm_billings_Billings District,2017-08-01,2.661100056831383
blm_billings_Billings District,2017-09-01,3.2167750211887003
blm_billings_Billings District,2017-10-01,4.781121896275247
blm_billings_Billings District,2017-11-01,4.102363720336484
blm_billings_Billings District,2017-12-01,4.164061012360749
blm_billings_Billings District,2018-01-01,4.05322040062168
blm_billings_Billings District,2018-02-01,3.9530340368402546
blm_billings_Billings District,2018-03-01,3.2567478126718914
blm_billings_Billings District,2018-04-01,3.686143877838636
blm_billings_Billings District,2018-05-01,3.01314213152865
blm_billings_Billings District,2018-06-01,3.3120285929367945
blm_billings_Billings District,2018-07-01,2.653799837579996
blm_billings_Billings District,2018-08-01,2.925788065064049
blm_billings_Billings District,2018-09-01,3.040837794582262
blm_billings_Billings District,2018-10-01,3.5863227504667585
blm_billings_Billings District,2018-11-01,4.070215592115877
blm_billings_Billings District,2018-12-01,4.274991347387074
blm_billings_Billings District,2019-01-01,4.2745535277808955
blm_billings_Billings District,2019-02-01,3.1853193187681663
blm_billings_Billings District,2019-03-01,3.031214859786046
blm_billings_Billings District,2019-04-01,3.8245397658354476
blm_billings_Billings District,2019-05-01,3.5875399963625636
blm_billings_Billings District,2019-06-01,3.2276463260120107
blm_billings_Billings District,2019-07-01,2.74956541011065
blm_billings_Billings District,2019-08-01,2.8415582000649966
blm_billings_Billings District,2019-09-01,3.738127796004349
blm_billings_Billings District,2019-10-01,4.576826938914869
blm_billings_Billings District,2019-11-01,4.15626228990248
blm_billings_Billings District,2019-12-01,3.9729600879526012
blm_billings_Billings District,2020-01-01,4.342478156489277
blm_billings_Billings District,2020-02-01,4.476461815929924
blm_billings_Billings District,2020-03-01,4.050810767562396
blm_billings_Billings District,2020-04-01,4.131356122746225
blm_billings_Billings District,2020-05-01,3.5514053431496864
blm_billings_Billings District,2020-06-01,3.5763214920065676
blm_billings_Billings District,2020-07-01,2.849641092900616
blm_billings_Billings District,2020-08-01,2.937986464746516
blm_billings_Billings District,2020-09-01,4.033007151959089
blm_billings_Billings District,2020-10-01,4.471600134474982
blm_billings_Billings District,2020-11-01,4.561224313347973
blm_billings_Billings District,2020-12-01,4.482890460430458
blm_billings_Billings District,2021-01-01,4.250854014471453
blm_billings_Billings District,2021-02-01,3.8580416960307167
blm_billings_Billings District,2021-03-01,3.8805867791495436
blm_billings_Billings District,2021-04-01,3.835021225121322
blm_billings_Billings District,2021-05-01,3.432955330722134
blm_billings_Billings District,2021-06-01,3.4047955769955633
blm_billings_Billings District,2021-07-01,2.713781020157139
blm_billings_Billings District,2021-08-01,3.326470207672656
blm_billings_Billings District,2021-09-01,3.660099422723934
blm_billings_Billings District,2021-10-01,3.827887442971682
blm_billings_Billings District,2021-11-01,4.841761620450595
blm_billings_Billings District,2021-12-01,4.279883030112883
blm_billings_Billings District,2022-01-01,4.84063283384006
blm_billings_Billings District,2022-02-01,4.865295860946338
blm_billings_Billings District,2022-03-01,4.137454591551671
blm_billings_Billings District,2022-04-01,4.636691245892092
blm_billings_Billings District,2022-05-01,3.9076320899715373
blm_billings_Billings District,2022-06-01,3.556282387581971
blm_billings_Billings District,2022-07-01,2.919331043639068
blm_billings_Billings District,2022-08-01,2.961780032267839
blm_billings_Billings District,2022-09-01,3.246616393407612
blm_billings_Billings District,2022-10-01,3.5979060303749413
blm_billings_Billings District,2022-11-01,4.173570150664281
blm_billings_Billings District,2022-12-01,3.9192953798470485
blm_billings_Billings District,2023-01-01,3.738615625105978
blm_billings_Billings District,2023-02-01,4.7517533997428325
blm_billings_Billings District,2023-03-01,3.1451537206409443
blm_billings_Billings District,2023-04-01,3.8323424960269366
blm_billings_Billings District,2023-05-01,2.889846921366597
blm_billings_Billings District,2023-06-01,2.4334852480137315
blm_billings_Billings District,2023-07-01,2.698704912978906
blm_billings_Billings District,2023-08-01,3.3188651319163736
blm_billings_Billings District,2023-09-01,3.0868789039092794
blm_billings_Billings District,2023-10-01,3.4701310191653048
blm_billings_Billings District,2023-11-01,4.145984134070036
blm_billings_Billings District,2023-12-01,4.034300127793253
blm_billings_Billings District,2024-01-01,3.638205910735731
blm_billings_Billings District,2024-02-01,3.758956964949181
blm_billings_Billings District,2024-03-01,3.1613011309033103
blm_billings_Billings District,2024-04-01,4.244696165537387
blm_billings_Billings District,2024-05-01,4.400164297854293
blm_billings_Billings District,2024-06-01,3.7175290493479363
blm_billings_Billings District,2024-07-01,2.9913819881290915
blm_billings_Billings District,2024-08-01,2.9569142881890724
blm_billings_Billings District,2024-09-01,3.4371358339971896
blm_billings_Billings District,2024-10-01,3.2820418503425075
blm_billings_Billings District,2024-11-01,3.872095621223424
blm_billings_Billings District,2024-12-01,4.175879955851041
blm_billings_Billings District,2025-01-01,4.250129720560667
blm_billings_Billings District,2025-02-01,3.629102832270691
blm_billings_Billings District,2025-03-01,4.13796807533934
blm_billings_Billings District,2025-04-01,3.9788605894384053
blm_billings_Billings District,2025-05-01,3.3274063777987504
blm_billings_Billings District,2025-06-01,2.8243744361336685
blm_billings_Billings District,2025-07-01,2.856077569179816
blm_billings_Billings District,2025-08-01,2.9534538917982545
blm_billings_Billings District,2025-09-01,2.71067135008027
blm_billings_Billings District,2025-10-01,3.33713694599934
blm_butte_Butte District,1979-01-01,3.3603811952490092
blm_butte_Butte District,1979-02-01,4.582661703749114
blm_butte_Butte District,1979-03-01,3.88025434452895
blm_butte_Butte District,1979-04-01,4.12449520850818
blm_butte_Butte District,1979-05-01,4.124581029894905
blm_butte_Butte District,1979-06-01,3.8090913779192146
blm_butte_Butte District,1979-07-01,3.036689404222265
blm_butte_Butte District,1979-08-01,2.9458485118417523
blm_butte_Butte District,1979-09-01,3.4688723497322207
blm_butte_Butte District,1979-10-01,3.9349506564698427
blm_butte_Butte District,1979-11-01,3.7080030798667267
blm_butte_Butte District,1979-12-01,5.272769418462835
blm_butte_Butte District,1980-01-01,4.222709802998654
blm_butte_Butte District,1980-02-01,3.5181069911994975
blm_butte_Butte District,1980-03-01,4.519065038624241
blm_butte_Butte District,1980-04-01,4.0705150616731975
blm_butte_Butte District,1980-05-01,3.4187785549819836
blm_butte_Butte District,1980-06-01,3.253175905842556
blm_butte_Butte District,1980-07-01,3.484165723686101
blm_butte_Butte District,1980-08-01,3.6750430435370616
blm_butte_Butte District,1980-09-01,4.2259496861659525
blm_butte_Butte District,1980-10-01,3.7686725819380134
blm_butte_Butte District,1980-11-01,4.3847296421532755
blm_butte_Butte District,1980-12-01,4.645383186408871
blm_butte_Butte District,1981-01-01,3.2672070531017727
blm_butte_Butte District,1981-02-01,4.511610808803315
blm_butte_Butte District,1981-03-01,3.536891426271482
blm_butte_Butte District,1981-04-01,4.889423341966507
blm_butte_Butte District,1981-05-01,3.6303073251027103
blm_butte_Butte District,1981-06-01,4.574236819509118
blm_butte_Butte District,1981-07-01,3.4381913584360597
blm_butte_Butte District,1981-08-01,2.793008538548217
blm_butte_Butte District,1981-09-01,3.3078011681901356
blm_butte_Butte District,1981-10-01,3.9714579000854884
blm_butte_Butte District,1981-11-01,3.7541084852551534
blm_butte_Butte District,1981-12-01,4.760419285272915
blm_butte_Butte District,1982-01-01,5.330342119112152
blm_butte_Butte District,1982-02-01,4.565277574733052
blm_butte_Butte District,1982-03-01,4.427584948113812
blm_butte_Butte District,1982-04-01,4.564880222510508
blm_butte_Butte District,1982-05-01,3.82818935906373
blm_butte_Butte District,1982-06-01,2.7102566688212524
blm_butte_Butte District,1982-07-01,3.356693380177633
blm_butte_Butte District,1982-08-01,3.4436262095733343
blm_butte_Butte District,1982-09-01,3.793141685961698
blm_butte_Butte District,1982-10-01,3.96358713526011
blm_butte_Butte District,1982-11-01,3.825516770140591
blm_butte_Butte District,1982-12-01,4.402482284167953
blm_butte_Butte District,1983-01-01,4.315961774981732
blm_butte_Butte District,1983-02-01,3.9816955106459115
blm_butte_Butte District,1983-03-01,3.8317728669246853
blm_butte_Butte District,1983-04-01,3.5231605053437565
blm_butte_Butte District,1983-05-01,3.9618500267945276
blm_butte_Butte District,1983-06-01,3.4954021238938005
blm_butte_Butte District,1983-07-01,3.907140479195534
blm_butte_Butte District,1983-08-01,3.20138768824219
blm_butte_Butte District,1983-09-01,4.063374399894072
blm_butte_Butte District,1983-10-01,3.8316999945552443
blm_butte_Butte District,1983-11-01,4.121445923492894
blm_butte_Butte District,1983-12-01,3.5571090150050804
blm_butte_Butte District,1984-01-01,4.714040871273566
blm_butte_Butte District,1984-02-01,4.36535792881948
blm_butte_Butte District,1984-03-01,4.103648074843311
blm_butte_Butte District,1984-04-01,4.181160161749783
blm_butte_Butte District,1984-05-01,4.7554365048907865
blm_butte_Butte District,1984-06-01,3.696914789490631
blm_butte_Butte District,1984-07-01,3.240345765555419
blm_butte_Butte District,1984-08-01,3.5411836645686408
blm_butte_Butte District,1984-09-01,3.940174539231177
blm_butte_Butte District,1984-10-01,4.001195598187143
blm_butte_Butte District,1984-11-01,4.594878511996729
blm_butte_Butte District,1984-12-01,4.6784824770578854
blm_butte_Butte District,1985-01-01,3.295482541746183
blm_butte_Butte District,1985-02-01,4.539150047718377
blm_butte_Butte District,1985-03-01,4.012798903781531
blm_butte_Butte District,1985-04-01,4.63206535908231
blm_butte_Butte District,1985-05-01,3.7969579924303405
blm_butte_Butte District,1985-06-01,4.029579056729037
blm_butte_Butte District,1985-07-01,3.0223388728175076
blm_butte_Butte District,1985-08-01,3.5884579715053158
blm_butte_Butte District,1985-09-01,4.264341198198604
blm_butte_Butte District,1985-10-01,5.058407304223313
blm_butte_Butte District,1985-11-01,3.9399110206098773
blm_butte_Butte District,1985-12-01,4.1643637738188675
blm_butte_Butte District,1986-01-01,4.549506525484198
blm_butte_Butte District,1986-02-01,3.9483792880966924
blm_butte_Butte District,1986-03-01,4.415410347787751
blm_butte_Butte District,1986-04-01,4.330869269566859
blm_butte_Butte District,1986-05-01,4.181570836405979
blm_butte_Butte District,1986-06-01,3.494757018539695
blm_butte_Butte District,1986-07-01,3.6984168940990614
blm_butte_Butte District,1986-08-01,2.916965287507682
blm_butte_Butte District,1986-09-01,3.7394575633307503
blm_butte_Butte District,1986-10-01,3.359453860127216
blm_butte_Butte District,1986-11-01,4.688299115555977
blm_butte_Butte District,1986-12-01,3.6200072868159174
blm_butte_Butte District,1987-01-01,4.181343973539693
blm_butte_Butte District,1987-02-01,3.7145698853831517
blm_butte_Butte District,1987-03-01,4.154639995685593
blm_butte_Butte District,1987-04-01,4.054197467817663
blm_butte_Butte District,1987-05-01,3.451064775489439
blm_butte_Butte District,1987-06-01,3.7118206759742645
blm_butte_Butte District,1987-07-01,3.3257567689159324
blm_butte_Butte District,1987-08-01,3.3815542804631855
blm_butte_Butte District,1987-09-01,3.1631314190261417
blm_butte_Butte District,1987-10-01,3.5301202115826538
blm_butte_Butte District,1987-11-01,3.419491785752455
blm_butte_Butte District,1987-12-01,4.615281182882478
blm_butte_Butte District,1988-01-01,4.31059315696634
blm_butte_Butte District,1988-02-01,4.753441194856436
blm_butte_Butte District,1988-03-01,4.991193612987746
blm_butte_Butte District,1988-04-01,3.9550256723006405
blm_butte_Butte District,1988-05-01,4.032961823245094
blm_butte_Butte District,1988-06-01,3.759348054074164
blm_butte_Butte District,1988-07-01,3.432523014119518
blm_butte_Butte District,1988-08-01,3.491789758205414
blm_butte_Butte District,1988-09-01,3.883524982958604
blm_butte_Butte District,1988-10-01,3.8240792781910122
blm_butte_Butte District,1988-11-01,4.929854544893183
blm_butte_Butte District,1988-12-01,4.196893420307544
blm_butte_Butte District,1989-01-01,5.177369674006037
blm_butte_Butte District,1989-02-01,3.52964945262952
blm_butte_Butte District,1989-03-01,4.063035697173289
blm_butte_Butte District,1989-04-01,4.261452772411722
blm_butte_Butte District,1989-05-01,4.178482470448746
blm_butte_Butte District,1989-06-01,3.565080419213375
blm_butte_Butte District,1989-07-01,3.2076091241298026
blm_butte_Butte District,1989-08-01,3.2015284424689763
blm_butte_Butte District,1989-09-01,3.4924161555341136
blm_butte_Butte District,1989-10-01,4.060146054203261
blm_butte_Butte District,1989-11-01,5.352660846538857
blm_butte_Butte District,1989-12-01,4.4446462904403345
blm_butte_Butte District,1990-01-01,5.397438230700561
blm_butte_Butte District,1990-02-01,4.9191350157256
blm_butte_Butte District,1990-03-01,3.872852216266264
blm_butte_Butte District,1990-04-01,3.7354312162134926
blm_butte_Butte District,1990-05-01,3.6776760200945016
blm_butte_Butte District,1990-06-01,4.121836071631257
blm_butte_Butte District,1990-07-01,3.153159565871746
blm_butte_Butte District,1990-08-01,3.0354689638717463
blm_butte_Butte District,1990-09-01,3.0903678937859116
blm_butte_Butte District,1990-10-01,5.566874206922872
blm_butte_Butte District,1990-11-01,5.468771388888114
blm_butte_Butte District,1990-12-01,5.0793601292849075
blm_butte_Butte District,1991-01-01,4.6395260619431795
blm_butte_Butte District,1991-02-01,4.425887356915758
blm_butte_Butte District,1991-03-01,4.550521623672156
blm_butte_Butte District,1991-04-01,4.756139633836687
blm_butte_Butte District,1991-05-01,3.8977230497209443
blm_butte_Butte District,1991-06-01,3.5723442858739065
blm_butte_Butte District,1991-07-01,3.41118930460736
blm_butte_Butte District,1991-08-01,3.232360730425778
blm_butte_Butte District,1991-09-01,3.412508555016723
blm_butte_Butte District,1991-10-01,4.416210177008376
blm_butte_Butte District,1991-11-01,4.301510953560502
blm_butte_Butte District,1991-12-01,4.567677351238792
blm_butte_Butte District,1992-01-01,4.3553934514644945
blm_butte_Butte District,1992-02-01,3.5810539508257557
blm_butte_Butte District,1992-03-01,2.951338010646969
blm_butte_Butte District,1992-04-01,4.311844627715234
blm_butte_Butte District,1992-05-01,3.725203665374975
blm_butte_Butte District,1992-06-01,3.0986344929348517
blm_butte_Butte District,1992-07-01,3.1622458044018833
blm_butte_Butte District,1992-08-01,3.107049414264593
blm_butte_Butte District,1992-09-01,4.790811093191347
blm_butte_Butte District,1992-10-01,3.7171209504716938
blm_butte_Butte District,1992-11-01,3.9584787846590705
blm_butte_Butte District,1992-12-01,4.726877847246565
blm_butte_Butte District,1993-01-01,3.8840067479032756
blm_butte_Butte District,1993-02-01,3.029711791805663
blm_butte_Butte District,1993-03-01,3.9580843736258866
blm_butte_Butte District,1993-04-01,4.003886041210418
blm_butte_Butte District,1993-05-01,3.5386649520734985
blm_butte_Butte District,1993-06-01,4.316601648590159
blm_butte_Butte District,1993-07-01,3.4336904660632235
blm_butte_Butte District,1993-08-01,3.3169305151982473
blm_butte_Butte District,1993-09-01,3.6729312114402255
blm_butte_Butte District,1993-10-01,3.685151009711397
blm_butte_Butte District,1993-11-01,4.396031829977916
blm_butte_Butte District,1993-12-01,4.818508645469893
blm_butte_Butte District,1994-01-01,4.807847584419917
blm_butte_Butte District,1994-02-01,4.547044589044622
blm_butte_Butte District,1994-03-01,4.476859648369666
blm_butte_Butte District,1994-04-01,3.9060523655625095
blm_butte_Butte District,1994-05-01,3.6516989973781047
blm_butte_Butte District,1994-06-01,3.8496783013461306
blm_butte_Butte District,1994-07-01,2.993165854678262
blm_butte_Butte District,1994-08-01,3.238898450589033
blm_butte_Butte District,1994-09-01,3.4072638551802115
blm_butte_Butte District,1994-10-01,4.618248658748133
blm_butte_Butte District,1994-11-01,4.8031690673906455
blm_butte_Butte District,1994-12-01,4.075422262141837
blm_butte_Butte District,1995-01-01,3.5968851382849887
blm_butte_Butte District,1995-02-01,4.399948661821823
blm_butte_Butte District,1995-03-01,4.223155260575625
blm_butte_Butte District,1995-04-01,4.048254625018862
blm_butte_Butte District,1995-05-01,3.5069202418444827
blm_butte_Butte District,1995-06-01,3.104269334361783
blm_butte_Butte District,1995-07-01,3.4067082818161536
blm_butte_Butte District,1995-08-01,3.3753162840308595
blm_butte_Butte District,1995-09-01,3.161829226927591
blm_butte_Butte District,1995-10-01,4.248890502496911
blm_butte_Butte District,1995-11-01,4.70071184769793
blm_butte_Butte District,1995-12-01,4.275965422085913
blm_butte_Butte District,1996-01-01,4.3758693791512835
blm_butte_Butte District,1996-02-01,4.497403175311901
blm_butte_Butte District,1996-03-01,4.062091806830812
blm_butte_Butte District,1996-04-01,4.789526011542373
blm_butte_Butte District,1996-05-01,3.7701033315864185
blm_butte_Butte District,1996-06-01,3.6443360712249175
blm_butte_Butte District,1996-07-01,3.1421341990298557
blm_butte_Butte District,1996-08-01,3.3604043796811505
blm_butte_Butte District,1996-09-01,3.773270023432111
blm_butte_Butte District,1996-10-01,4.1061816908250846
blm_butte_Butte District,1996-11-01,4.027222795040945
blm_butte_Butte District,1996-12-01,5.404598601912081
blm_butte_Butte District,1997-01-01,4.219210770585454
blm_butte_Butte District,1997-02-01,3.7297961238228563
blm_butte_Butte District,1997-03-01,5.005946542325695
blm_butte_Butte District,1997-04-01,4.191059208503739
blm_butte_Butte District,1997-05-01,3.6621083503386322
blm_butte_Butte District,1997-06-01,3.363288843901006
blm_butte_Butte District,1997-07-01,3.1101460485610137
blm_butte_Butte District,1997-08-01,3.1939772751786624
blm_butte_Butte District,1997-09-01,3.7813261495233808
blm_butte_Butte District,1997-10-01,4.649443585402667
blm_butte_Butte District,1997-11-01,3.654649214210941
blm_butte_Butte District,1997-12-01,4.075130814766737
blm_butte_Butte District,1998-01-01,4.351010130783371
blm_butte_Butte District,1998-02-01,3.377977413196094
blm_butte_Butte District,1998-03-01,3.2429803853407044
blm_butte_Butte District,1998-04-01,3.3514921310256396
blm_butte_Butte District,1998-05-01,3.8929787254920973
blm_butte_Butte District,1998-06-01,3.770735802591704
blm_butte_Butte District,1998-07-01,2.7724531299034916
blm_butte_Butte District,1998-08-01,2.8492713748674374
blm_butte_Butte District,1998-09-01,2.9606844569256174
blm_butte_Butte District,1998-10-01,3.3627459091082734
blm_butte_Butte District,1998-11-01,4.6028302562799785
blm_butte_Butte District,1998-12-01,5.048481492413632
blm_butte_Butte District,1999-01-01,4.660349727166507
blm_butte_Butte District,1999-02-01,5.474290484153269
blm_butte_Butte District,1999-03-01,3.7176541672594983
blm_butte_Butte District,1999-04-01,3.8401300528945375
blm_butte_Butte District,1999-05-01,3.8486719181650226
blm_butte_Butte District,1999-06-01,3.693410331953233
blm_butte_Butte District,1999-07-01,3.603371523611355
blm_butte_Butte District,1999-08-01,3.0575743448562935
blm_butte_Butte District,1999-09-01,3.5970106110190954
blm_butte_Butte District,1999-10-01,4.313446364853172
blm_butte_Butte District,1999-11-01,4.552826833064062
blm_butte_Butte District,1999-12-01,4.784279976904514
blm_butte_Butte District,2000-01-01,4.52632311702509
blm_butte_Butte District,2000-02-01,4.227580897127578
blm_butte_Butte District,2000-03-01,4.736157848360112
blm_butte_Butte District,2000-04-01,4.210835045245639
blm_butte_Butte District,2000-05-01,4.0834602853111175
blm_butte_Butte District,2000-06-01,4.132741273428625
blm_butte_Butte District,2000-07-01,2.9668742038263676
blm_butte_Butte District,2000-08-01,3.562742593596848
blm_butte_Butte District,2000-09-01,4.267477757754512
blm_butte_Butte District,2000-10-01,3.5530270739502487
blm_butte_Butte District,2000-11-01,3.6266102012422783
blm_butte_Butte District,2000-12-01,3.962408087336797
blm_butte_Butte District,2001-01-01,3.447956545335801
blm_butte_Butte District,2001-02-01,3.45731335780459
blm_butte_Butte District,2001-03-01,3.9017304700992437
blm_butte_Butte District,2001-04-01,3.9633247742173117
blm_butte_Butte District,2001-05-01,4.464580706502378
blm_butte_Butte District,2001-06-01,3.62731690928187
blm_butte_Butte District,2001-07-01,2.9960174152983288
blm_butte_Butte District,2001-08-01,2.9636103180399664
blm_butte_Butte District,2001-09-01,3.3769575600996156
blm_butte_Butte District,2001-10-01,5.298062527204197
blm_butte_Butte District,2001-11-01,3.9297672845499716
blm_butte_Butte District,2001-12-01,4.19385971021848
blm_butte_Butte District,2002-01-01,4.5975293052025155
blm_butte_Butte District,2002-02-01,4.638568862507721
blm_butte_Butte District,2002-03-01,4.660919390664698
blm_butte_Butte District,2002-04-01,4.259556813773678
blm_butte_Butte District,2002-05-01,4.117677347004046
blm_butte_Butte District,2002-06-01,3.5485386773790912
blm_butte_Butte District,2002-07-01,3.1660810062772686
blm_butte_Butte District,2002-08-01,3.5825991847187098
blm_butte_Butte District,2002-09-01,3.675530458745036
blm_butte_Butte District,2002-10-01,3.7387676349165995
blm_butte_Butte District,2002-11-01,4.35659480205062
blm_butte_Butte District,2002-12-01,4.181290984031356
blm_butte_Butte District,2003-01-01,4.154704564895473
blm_butte_Butte District,2003-02-01,3.88086499129967
blm_butte_Butte District,2003-03-01,5.0676492067088335
blm_butte_Butte District,2003-04-01,3.5905201908744093
blm_butte_Butte District,2003-05-01,3.701818230827731
blm_butte_Butte District,2003-06-01,3.59562799120341
blm_butte_Butte District,2003-07-01,3.0354673083435584
blm_butte_Butte District,2003-08-01,3.148238051965741
blm_butte_Butte District,2003-09-01,4.0950461989555516
blm_butte_Butte District,2003-10-01,4.701695696651568
blm_butte_Butte District,2003-11-01,4.908372697399383
blm_butte_Butte District,2003-12-01,4.32262038829635
blm_butte_Butte District,2004-01-01,4.325983636555486
blm_butte_Butte District,2004-02-01,3.7579338680302583
blm_butte_Butte District,2004-03-01,4.992947270493243
blm_butte_Butte District,2004-04-01,3.8166615320426973
blm_butte_Butte District,2004-05-01,4.227371323647196
blm_butte_Butte District,2004-06-01,3.760645106220637
blm_butte_Butte District,2004-07-01,3.3817414052677353
blm_butte_Butte District,2004-08-01,3.366438697373353
blm_butte_Butte District,2004-09-01,3.7393394924042407
blm_butte_Butte District,2004-10-01,4.075725299132189
blm_butte_Butte District,2004-11-01,3.918396652112017
blm_butte_Butte District,2004-12-01,4.874590976894269
blm_butte_Butte District,2005-01-01,3.747037484048573
blm_butte_Butte District,2005-02-01,3.4549757955745015
blm_butte_Butte District,2005-03-01,4.660371263903514
blm_butte_Butte District,2005-04-01,4.68614818966609
blm_butte_Butte District,2005-05-01,3.985162602680175
blm_butte_Butte District,2005-06-01,3.9501454462995276
blm_butte_Butte District,2005-07-01,3.526500282223954
blm_butte_Butte District,2005-08-01,3.292584619605321
blm_butte_Butte District,2005-09-01,3.9175051339353133
blm_butte_Butte District,2005-10-01,3.7199592508329746
blm_butte_Butte District,2005-11-01,4.657523956998907
blm_butte_Butte District,2005-12-01,4.451420803334434
blm_butte_Butte District,2006-01-01,5.378366561640949
blm_butte_Butte District,2006-02-01,4.915332577434164
blm_butte_Butte District,2006-03-01,4.085583220517122
blm_butte_Butte District,2006-04-01,4.197286110149517
blm_butte_Butte District,2006-05-01,3.9501357816572797
blm_butte_Butte District,2006-06-01,3.723242636211599
blm_butte_Butte District,2006-07-01,3.0942836283903103
blm_butte_Butte District,2006-08-01,3.1966417202959314
blm_butte_Butte District,2006-09-01,3.6179226584258264
blm_butte_Butte District,2006-10-01,4.072689931862653
blm_butte_Butte District,2006-11-01,5.294929839012804
blm_butte_Butte District,2006-12-01,4.5705752755827
blm_butte_Butte District,2007-01-01,4.7490792849715
blm_butte_Butte District,2007-02-01,4.630192136984831
blm_butte_Butte District,2007-03-01,4.424713517483744
blm_butte_Butte District,2007-04-01,3.8998049323808486
blm_butte_Butte District,2007-05-01,3.9133917245042396
blm_butte_Butte District,2007-06-01,3.80226899662057
blm_butte_Butte District,2007-07-01,2.900806445850239
blm_butte_Butte District,2007-08-01,3.542162340769288
blm_butte_Butte District,2007-09-01,4.0593326507897345
blm_butte_Butte District,2007-10-01,4.355294100924929
blm_butte_Butte District,2007-11-01,4.835213900958733
blm_butte_Butte District,2007-12-01,5.01852354242082
blm_butte_Butte District,2008-01-01,5.356012783500938
blm_butte_Butte District,2008-02-01,4.902986262735645
blm_butte_Butte District,2008-03-01,4.722186517299323
blm_butte_Butte District,2008-04-01,4.652565018719471
blm_butte_Butte District,2008-05-01,4.3519474037863635
blm_butte_Butte District,2008-06-01,4.079633821085004
blm_butte_Butte District,2008-07-01,3.56380902827398
blm_butte_Butte District,2008-08-01,3.8113548947800355
blm_butte_Butte District,2008-09-01,3.3054859687170697
blm_butte_Butte District,2008-10-01,4.457145454947219
blm_butte_Butte District,2008-11-01,4.662227929128024
blm_butte_Butte District,2008-12-01,4.9827863164016595
blm_butte_Butte District,2009-01-01,5.351761941057945
blm_butte_Butte District,2009-02-01,4.243744495101043
blm_butte_Butte District,2009-03-01,4.46078525529505
blm_butte_Butte District,2009-04-01,4.037193708718435
blm_butte_Butte District,2009-05-01,4.263466251826629
blm_butte_Butte District,2009-06-01,3.4717488077142153
blm_butte_Butte District,2009-07-01,3.147388552126209
blm_butte_Butte District,2009-08-01,3.591496639795127
blm_butte_Butte District,2009-09-01,3.9612713955511056
blm_butte_Butte District,2009-10-01,4.665549453401468
blm_butte_Butte District,2009-11-01,4.699464412073335
blm_butte_Butte District,2009-12-01,4.044709206117007
blm_butte_Butte District,2010-01-01,3.5891203478866043
blm_butte_Butte District,2010-02-01,3.086781311084113
blm_butte_Butte District,2010-03-01,4.150286474634245
blm_butte_Butte District,2010-04-01,5.195191648951301
blm_butte_Butte District,2010-05-01,4.490821018723247
blm_butte_Butte District,2010-06-01,3.9494746766785576
blm_butte_Butte District,2010-07-01,3.669108088745963
blm_butte_Butte District,2010-08-01,3.6852785179991985
blm_butte_Butte District,2010-09-01,4.116267965559597
blm_butte_Butte District,2010-10-01,4.0435268619466855
blm_butte_Butte District,2010-11-01,4.6536362089170815
blm_butte_Butte District,2010-12-01,4.171045566486383
blm_butte_Butte District,2011-01-01,5.0800904106555285
blm_butte_Butte District,2011-02-01,5.148973304388215
blm_butte_Butte District,2011-03-01,4.790226535508276
blm_butte_Butte District,2011-04-01,5.258886040236181
blm_butte_Butte District,2011-05-01,4.706958332957673
blm_butte_Butte District,2011-06-01,4.3215297732265086
blm_butte_Butte District,2011-07-01,3.84547425797343
blm_butte_Butte District,2011-08-01,3.429527386502808
blm_butte_Butte District,2011-09-01,3.6627121797822095
blm_butte_Butte District,2011-10-01,4.845921376647401
blm_butte_Butte District,2011-11-01,5.4096885718848915
blm_butte_Butte District,2011-12-01,4.839444911455471
blm_butte_Butte District,2012-01-01,5.67255083466947
blm_butte_Butte District,2012-02-01,4.3345305545129325
blm_butte_Butte District,2012-03-01,5.847120296294195
blm_butte_Butte District,2012-04-01,4.870068449993643
blm_butte_Butte District,2012-05-01,4.523845818253268
blm_butte_Butte District,2012-06-01,4.8064065699215055
blm_butte_Butte District,2012-07-01,3.1136864956154717
blm_butte_Butte District,2012-08-01,3.362429618468275
blm_butte_Butte District,2012-09-01,3.7284702274344053
blm_butte_Butte District,2012-10-01,4.639141876227557
blm_butte_Butte District,2012-11-01,4.8144986332074815
blm_butte_Butte District,2012-12-01,4.7742216940777995
blm_butte_Butte District,2013-01-01,4.687873410860371
blm_butte_Butte District,2013-02-01,4.635727118050538
blm_butte_Butte District,2013-03-01,4.418533487364007
blm_butte_Butte District,2013-04-01,5.154698827305858
blm_butte_Butte District,2013-05-01,4.026882813329324
blm_butte_Butte District,2013-06-01,3.8037782356724357
blm_butte_Butte District,2013-07-01,3.3610584877844465
blm_butte_Butte District,2013-08-01,3.4464148454352816
blm_butte_Butte District,2013-09-01,3.957811434533317
blm_butte_Butte District,2013-10-01,3.9208369164496233
blm_butte_Butte District,2013-11-01,4.09766598403821
blm_butte_Butte District,2013-12-01,4.794166060321385
blm_butte_Butte District,2014-01-01,5.115468306340721
blm_butte_Butte District,2014-02-01,4.846998750184351
blm_butte_Butte District,2014-03-01,4.7151702280162056
blm_butte_Butte District,2014-04-01,4.761480152729356
blm_butte_Butte District,2014-05-01,3.395874999264672
blm_butte_Butte District,2014-06-01,3.6773306004075788
blm_butte_Butte District,2014-07-01,3.445689536952385
blm_butte_Butte District,2014-08-01,2.7664502828517734
blm_butte_Butte District,2014-09-01,3.7239852800995905
blm_butte_Butte District,2014-10-01,4.5387891605649395
blm_butte_Butte District,2014-11-01,5.0165314866532045
blm_butte_Butte District,2014-12-01,4.247108694464274
blm_butte_Butte District,2015-01-01,3.9666158772347155
blm_butte_Butte District,2015-02-01,4.193610660471711
blm_butte_Butte District,2015-03-01,4.504315422668104
blm_butte_Butte District,2015-04-01,3.832347710274573
blm_butte_Butte District,2015-05-01,3.537835324079839
blm_butte_Butte District,2015-06-01,3.0969592712253515
blm_butte_Butte District,2015-07-01,3.5052096372512334
blm_butte_Butte District,2015-08-01,3.6004636618146173
blm_butte_Butte District,2015-09-01,3.840965094385206
blm_butte_Butte District,2015-10-01,3.771085303422117
blm_butte_Butte District,2015-11-01,4.599178639525506
blm_butte_Butte District,2015-12-01,4.561532085069151
blm_butte_Butte District,2016-01-01,4.0418824833766145
blm_butte_Butte District,2016-02-01,4.922180132821845
blm_butte_Butte District,2016-03-01,4.607117306525213
blm_butte_Butte District,2016-04-01,3.7985386743193046
blm_butte_Butte District,2016-05-01,3.6315344017633913
blm_butte_Butte District,2016-06-01,3.5511413408745485
blm_butte_Butte District,2016-07-01,3.4807892282640664
blm_butte_Butte District,2016-08-01,3.226028345938336
blm_butte_Butte District,2016-09-01,4.021502394206225
blm_butte_Butte District,2016-10-01,4.6919835015244065
blm_butte_Butte District,2016-11-01,4.040752904860636
blm_butte_Butte District,2016-12-01,4.7204941345925695
blm_butte_Butte District,2017-01-01,3.680232812552971
blm_butte_Butte District,2017-02-01,4.662699834399644
blm_butte_Butte District,2017-03-01,4.397923430500579
blm_butte_Butte District,2017-04-01,3.803687545308342
blm_butte_Butte District,2017-05-01,3.410805113506513
blm_butte_Butte District,2017-06-01,4.091796718950879
blm_butte_Butte District,2017-07-01,2.644712516659339
blm_butte_Butte District,2017-08-01,2.831613891300969
blm_butte_Butte District,2017-09-01,3.5444986346565965
blm_butte_Butte District,2017-10-01,4.8719149595413365
blm_butte_Butte District,2017-11-01,4.631560571262234
blm_butte_Butte District,2017-12-01,4.248600711445544
blm_butte_Butte District,2018-01-01,4.350549772901946
blm_butte_Butte District,2018-02-01,4.95224588791203
blm_butte_Butte District,2018-03-01,4.226044897915647
blm_butte_Butte District,2018-04-01,4.253767968570427
blm_butte_Butte District,2018-05-01,3.2395624930853715
blm_butte_Butte District,2018-06-01,3.807833677322223
blm_butte_Butte District,2018-07-01,2.972209704607664
blm_butte_Butte District,2018-08-01,3.3270997441769627
blm_butte_Butte District,2018-09-01,3.42885694635967
blm_butte_Butte District,2018-10-01,3.9058670547219028
blm_butte_Butte District,2018-11-01,4.174389118776184
blm_butte_Butte District,2018-12-01,4.50302211790359
blm_butte_Butte District,2019-01-01,4.3590845843849735
blm_butte_Butte District,2019-02-01,3.9783165858756346
blm_butte_Butte District,2019-03-01,2.938522547483444
blm_butte_Butte District,2019-04-01,4.411947292468875
blm_butte_Butte District,2019-05-01,3.904027276949716
blm_butte_Butte District,2019-06-01,3.6833932271238714
blm_butte_Butte District,2019-07-01,3.1461565178767366
blm_butte_Butte District,2019-08-01,3.18499038792244
blm_butte_Butte District,2019-09-01,4.003057841647577
blm_butte_Butte District,2019-10-01,4.77075246435416
blm_butte_Butte District,2019-11-01,3.889917861387225
blm_butte_Butte District,2019-12-01,4.250503409324975
blm_butte_Butte District,2020-01-01,5.00996721794473
blm_butte_Butte District,2020-02-01,5.080115771269162
blm_butte_Butte District,2020-03-01,4.489322381097923
blm_butte_Butte District,2020-04-01,4.766788165794506
blm_butte_Butte District,2020-05-01,4.16154367013144
blm_butte_Butte District,2020-06-01,4.211100273063785
blm_butte_Butte District,2020-07-01,3.4555242729872404
blm_butte_Butte District,2020-08-01,3.3781844043388993
blm_butte_Butte District,2020-09-01,4.316726558629492
blm_butte_Butte District,2020-10-01,5.026735439927181
blm_butte_Butte District,2020-11-01,4.808228951460038
blm_butte_Butte District,2020-12-01,4.4445518995702145
blm_butte_Butte District,2021-01-01,4.474557850639923
blm_butte_Butte District,2021-02-01,4.835602451154094
blm_butte_Butte District,2021-03-01,4.157698541940849
blm_butte_Butte District,2021-04-01,4.336182407407545
blm_butte_Butte District,2021-05-01,3.844689335911181
blm_butte_Butte District,2021-06-01,3.7800496252410465
blm_butte_Butte District,2021-07-01,2.8274508121077284
blm_butte_Butte District,2021-08-01,3.662815440729169
blm_butte_Butte District,2021-09-01,4.221421977822541
blm_butte_Butte District,2021-10-01,4.383844475481789
blm_butte_Butte District,2021-11-01,5.196189254461128
blm_butte_Butte District,2021-12-01,5.526720540479468
blm_butte_Butte District,2022-01-01,4.676301579945386
blm_butte_Butte District,2022-02-01,4.973782630916493
blm_butte_Butte District,2022-03-01,4.4574484994034504
blm_butte_Butte District,2022-04-01,5.00440623664758
blm_butte_Butte District,2022-05-01,4.536929512293187
blm_butte_Butte District,2022-06-01,4.244568786581929
blm_butte_Butte District,2022-07-01,3.2456249544507916
blm_butte_Butte District,2022-08-01,3.156297611749637
blm_butte_Butte District,2022-09-01,3.533632786611757
blm_butte_Butte District,2022-10-01,3.7925697093871586
blm_butte_Butte District,2022-11-01,4.234183780344115
blm_butte_Butte District,2022-12-01,4.631319129491489
blm_butte_Butte District,2023-01-01,3.915849166117165
blm_butte_Butte District,2023-02-01,5.103347757880937
blm_butte_Butte District,2023-03-01,3.715614020702041
blm_butte_Butte District,2023-04-01,4.068601984385348
blm_butte_Butte District,2023-05-01,2.981136974857573
blm_butte_Butte District,2023-06-01,2.5723305932672607
blm_butte_Butte District,2023-07-01,3.2408872489077356
blm_butte_Butte District,2023-08-01,3.584152469155235
blm_butte_Butte District,2023-09-01,3.540980492896368
blm_butte_Butte District,2023-10-01,3.5029277258095557
blm_butte_Butte District,2023-11-01,4.148855231625833
blm_butte_Butte District,2023-12-01,3.8809399155620676
blm_butte_Butte District,2024-01-01,3.7149549502366868
blm_butte_Butte District,2024-02-01,4.0529880318063976
blm_butte_Butte District,2024-03-01,3.4389199784648983
blm_butte_Butte District,2024-04-01,4.184936687319675
blm_butte_Butte District,2024-05-01,4.8255332049892665
blm_butte_Butte District,2024-06-01,4.320824782216818
blm_butte_Butte District,2024-07-01,3.3992366018481324
blm_butte_Butte District,2024-08-01,3.1993872922303983
blm_butte_Butte District,2024-09-01,3.73071012959588
blm_butte_Butte District,2024-10-01,3.811782145524661
blm_butte_Butte District,2024-11-01,4.367888433120578
blm_butte_Butte District,2024-12-01,4.341105847388078
blm_butte_Butte District,2025-01-01,4.012929718230049
blm_butte_Butte District,2025-02-01,4.052685907611612
blm_butte_Butte District,2025-03-01,4.370242423223029
blm_butte_Butte District,2025-04-01,4.0260044508890935
blm_butte_Butte District,2025-05-01,3.6737381520946903
blm_butte_Butte District,2025-06-01,3.2444678247586904
blm_butte_Butte District,2025-07-01,3.246986157717891
blm_butte_Butte District,2025-08-01,3.123635486533265
blm_butte_Butte District,2025-09-01,2.8718959561241237
blm_butte_Butte District,2025-10-01,3.5015357609157443
blm_dillon_Dillon District,1979-01-01,3.573597850890967
blm_dillon_Dillon District,1979-02-01,5.039940672712966
blm_dillon_Dillon District,1979-03-01,3.9155209646438256
blm_dillon_Dillon District,1979-04-01,3.905015978797937
blm_dillon_Dillon District,1979-05-01,3.92960733499009
blm_dillon_Dillon District,1979-06-01,3.684310966863419
blm_dillon_Dillon District,1979-07-01,3.069040500622588
blm_dillon_Dillon District,1979-08-01,2.877633715437624
blm_dillon_Dillon District,1979-09-01,3.524408951658791
blm_dillon_Dillon District,1979-10-01,3.962186951530627
blm_dillon_Dillon District,1979-11-01,3.5345154410353103
blm_dillon_Dillon District,1979-12-01,5.321764404095781
blm_dillon_Dillon District,1980-01-01,4.563316498930081
blm_dillon_Dillon District,1980-02-01,3.694103776532621
blm_dillon_Dillon District,1980-03-01,4.7478264382091195
blm_dillon_Dillon District,1980-04-01,3.9177955254198262
blm_dillon_Dillon District,1980-05-01,3.6143913995724515
blm_dillon_Dillon District,1980-06-01,3.6093248102230766
blm_dillon_Dillon District,1980-07-01,3.5786602003505816
blm_dillon_Dillon District,1980-08-01,3.7458827065964475
blm_dillon_Dillon District,1980-09-01,4.268455808383588
blm_dillon_Dillon District,1980-10-01,3.6555127232219466
blm_dillon_Dillon District,1980-11-01,4.408259850949906
blm_dillon_Dillon District,1980-12-01,4.901593314192166
blm_dillon_Dillon District,1981-01-01,3.2593197921594492
blm_dillon_Dillon District,1981-02-01,4.512033319168578
blm_dillon_Dillon District,1981-03-01,3.4096547404036355
blm_dillon_Dillon District,1981-04-01,4.790660279551253
blm_dillon_Dillon District,1981-05-01,3.578538585090028
blm_dillon_Dillon District,1981-06-01,4.747301387025145
blm_dillon_Dillon District,1981-07-01,3.596988544525049
blm_dillon_Dillon District,1981-08-01,2.9359517610111174
blm_dillon_Dillon District,1981-09-01,3.46352076804676
blm_dillon_Dillon District,1981-10-01,4.085567342892242
blm_dillon_Dillon District,1981-11-01,3.9768327999419677
blm_dillon_Dillon District,1981-12-01,4.990877044543671
blm_dillon_Dillon District,1982-01-01,5.741644849868628
blm_dillon_Dillon District,1982-02-01,4.973003201286633
blm_dillon_Dillon District,1982-03-01,4.63277749177366
blm_dillon_Dillon District,1982-04-01,4.665256650912495
blm_dillon_Dillon District,1982-05-01,3.2968813692038053
blm_dillon_Dillon District,1982-06-01,2.6354675149765256
blm_dillon_Dillon District,1982-07-01,3.2902792894040434
blm_dillon_Dillon District,1982-08-01,3.546884459504685
blm_dillon_Dillon District,1982-09-01,3.8283045825105124
blm_dillon_Dillon District,1982-10-01,4.000261771259979
blm_dillon_Dillon District,1982-11-01,4.042549519188488
blm_dillon_Dillon District,1982-12-01,4.571635575949575
blm_dillon_Dillon District,1983-01-01,4.476819536861139
blm_dillon_Dillon District,1983-02-01,4.111382925319976
blm_dillon_Dillon District,1983-03-01,3.896423772653452
blm_dillon_Dillon District,1983-04-01,3.615461129197678
blm_dillon_Dillon District,1983-05-01,3.8373533900934285
blm_dillon_Dillon District,1983-06-01,3.4463514375229614
blm_dillon_Dillon District,1983-07-01,3.935265368775438
blm_dillon_Dillon District,1983-08-01,3.258579816300267
blm_dillon_Dillon District,1983-09-01,4.015050050473442
blm_dillon_Dillon District,1983-10-01,3.8650499767388777
blm_dillon_Dillon District,1983-11-01,4.383789134101746
blm_dillon_Dillon District,1983-12-01,3.861026475680903
blm_dillon_Dillon District,1984-01-01,4.438208793603574
blm_dillon_Dillon District,1984-02-01,4.134017847140377
blm_dillon_Dillon District,1984-03-01,4.134041011219208
blm_dillon_Dillon District,1984-04-01,4.228956342276674
blm_dillon_Dillon District,1984-05-01,4.543174273823016
blm_dillon_Dillon District,1984-06-01,3.5037486672020566
blm_dillon_Dillon District,1984-07-01,3.024066778036733
blm_dillon_Dillon District,1984-08-01,3.5897969623724113
blm_dillon_Dillon District,1984-09-01,3.945880724294498
blm_dillon_Dillon District,1984-10-01,4.243056794705863
blm_dillon_Dillon District,1984-11-01,4.88526304507027
blm_dillon_Dillon District,1984-12-01,4.944427497851582
blm_dillon_Dillon District,1985-01-01,3.11117180155489
blm_dillon_Dillon District,1985-02-01,4.603596526746171
blm_dillon_Dillon District,1985-03-01,4.049807264858161
blm_dillon_Dillon District,1985-04-01,4.562368477495333
blm_dillon_Dillon District,1985-05-01,3.9699144594966413
blm_dillon_Dillon District,1985-06-01,3.9625324854073813
blm_dillon_Dillon District,1985-07-01,2.81144388186665
blm_dillon_Dillon District,1985-08-01,3.7207193708267456
blm_dillon_Dillon District,1985-09-01,4.438679442695155
blm_dillon_Dillon District,1985-10-01,5.07354837743619
blm_dillon_Dillon District,1985-11-01,4.323495202018811
blm_dillon_Dillon District,1985-12-01,4.030844061824079
blm_dillon_Dillon District,1986-01-01,4.695551891144091
blm_dillon_Dillon District,1986-02-01,4.57807165380484
blm_dillon_Dillon District,1986-03-01,4.346022876916221
blm_dillon_Dillon District,1986-04-01,4.303207664824903
blm_dillon_Dillon District,1986-05-01,4.2086921510605
blm_dillon_Dillon District,1986-06-01,3.443099047810125
blm_dillon_Dillon District,1986-07-01,3.9367679952432555
blm_dillon_Dillon District,1986-08-01,2.920080384964379
blm_dillon_Dillon District,1986-09-01,3.667403619357953
blm_dillon_Dillon District,1986-10-01,3.384419250183593
blm_dillon_Dillon District,1986-11-01,5.06180617786444
blm_dillon_Dillon District,1986-12-01,3.504563528661149
blm_dillon_Dillon District,1987-01-01,4.232880548014046
blm_dillon_Dillon District,1987-02-01,3.707430397283536
blm_dillon_Dillon District,1987-03-01,4.322316806080242
blm_dillon_Dillon District,1987-04-01,4.158966981869536
blm_dillon_Dillon District,1987-05-01,3.3399752583366613
blm_dillon_Dillon District,1987-06-01,3.5539595308395238
blm_dillon_Dillon District,1987-07-01,3.399960834911456
blm_dillon_Dillon District,1987-08-01,3.412657936388692
blm_dillon_Dillon District,1987-09-01,2.904877527529439
blm_dillon_Dillon District,1987-10-01,3.3712686723032697
blm_dillon_Dillon District,1987-11-01,3.403058572775259
blm_dillon_Dillon District,1987-12-01,4.722184894183954
blm_dillon_Dillon District,1988-01-01,4.445367408941348
blm_dillon_Dillon District,1988-02-01,4.7259711378298626
blm_dillon_Dillon District,1988-03-01,5.009238382193227
blm_dillon_Dillon District,1988-04-01,3.9662342961222983
blm_dillon_Dillon District,1988-05-01,3.8432299187389045
blm_dillon_Dillon District,1988-06-01,4.071978699437346
blm_dillon_Dillon District,1988-07-01,3.4593775030142204
blm_dillon_Dillon District,1988-08-01,3.446822619971376
blm_dillon_Dillon District,1988-09-01,4.090621939406227
blm_dillon_Dillon District,1988-10-01,3.8847449112243164
blm_dillon_Dillon District,1988-11-01,5.116457935187001
blm_dillon_Dillon District,1988-12-01,4.150994526616301
blm_dillon_Dillon District,1989-01-01,5.326356800981223
blm_dillon_Dillon District,1989-02-01,3.7211843893550838
blm_dillon_Dillon District,1989-03-01,4.753775117191644
blm_dillon_Dillon District,1989-04-01,4.534785946032491
blm_dillon_Dillon District,1989-05-01,4.202454898913447
blm_dillon_Dillon District,1989-06-01,3.7674227909539075
blm_dillon_Dillon District,1989-07-01,3.347690405403844
blm_dillon_Dillon District,1989-08-01,3.4385220896321744
blm_dillon_Dillon District,1989-09-01,3.7269499461871747
blm_dillon_Dillon District,1989-10-01,4.224619192970446
blm_dillon_Dillon District,1989-11-01,5.349682641562563
blm_dillon_Dillon District,1989-12-01,4.358278876295485
blm_dillon_Dillon District,1990-01-01,5.477722355199698
blm_dillon_Dillon District,1990-02-01,4.987286626035794
blm_dillon_Dillon District,1990-03-01,3.7886014501126812
blm_dillon_Dillon District,1990-04-01,3.8660170314411006
blm_dillon_Dillon District,1990-05-01,3.634409975777038
blm_dillon_Dillon District,1990-06-01,4.1664323820473665
blm_dillon_Dillon District,1990-07-01,2.972674423437149
blm_dillon_Dillon District,1990-08-01,3.1112356976579174
blm_dillon_Dillon District,1990-09-01,2.888449413555499
blm_dillon_Dillon District,1990-10-01,5.665423072108065
blm_dillon_Dillon District,1990-11-01,5.580093717422729
blm_dillon_Dillon District,1990-12-01,4.952513662009194
blm_dillon_Dillon District,1991-01-01,4.707776978983285
blm_dillon_Dillon District,1991-02-01,4.259294835599467
blm_dillon_Dillon District,1991-03-01,4.6991363440077905
blm_dillon_Dillon District,1991-04-01,4.933033019666093
blm_dillon_Dillon District,1991-05-01,4.157297748650986
blm_dillon_Dillon District,1991-06-01,3.7119659207499445
blm_dillon_Dillon District,1991-07-01,3.321482018997875
blm_dillon_Dillon District,1991-08-01,3.3812511526357634
blm_dillon_Dillon District,1991-09-01,3.2294888146007406
blm_dillon_Dillon District,1991-10-01,4.400766761919942
blm_dillon_Dillon District,1991-11-01,4.492945687991742
blm_dillon_Dillon District,1991-12-01,4.519426981252603
blm_dillon_Dillon District,1992-01-01,4.347869726187124
blm_dillon_Dillon District,1992-02-01,3.598314418579443
blm_dillon_Dillon District,1992-03-01,2.836203229770112
blm_dillon_Dillon District,1992-04-01,4.527035140534179
blm_dillon_Dillon District,1992-05-01,3.736829844069557
blm_dillon_Dillon District,1992-06-01,2.9510819954613146
blm_dillon_Dillon District,1992-07-01,3.1621725227124395
blm_dillon_Dillon District,1992-08-01,3.265546736854334
blm_dillon_Dillon District,1992-09-01,4.844370613159082
blm_dillon_Dillon District,1992-10-01,4.001381002675992
blm_dillon_Dillon District,1992-11-01,3.9426261959746243
blm_dillon_Dillon District,1992-12-01,5.054492424547482
blm_dillon_Dillon District,1993-01-01,4.043883325954596
blm_dillon_Dillon District,1993-02-01,3.142329982979991
blm_dillon_Dillon District,1993-03-01,3.970536942680042
blm_dillon_Dillon District,1993-04-01,3.99765282225685
blm_dillon_Dillon District,1993-05-01,3.5359558772736084
blm_dillon_Dillon District,1993-06-01,4.292734826030061
blm_dillon_Dillon District,1993-07-01,3.5104400418436947
blm_dillon_Dillon District,1993-08-01,3.3309924722860416
blm_dillon_Dillon District,1993-09-01,3.6426900964194595
blm_dillon_Dillon District,1993-10-01,3.666451597061401
blm_dillon_Dillon District,1993-11-01,4.416385518400052
blm_dillon_Dillon District,1993-12-01,4.747970727305062
blm_dillon_Dillon District,1994-01-01,4.754733581969532
blm_dillon_Dillon District,1994-02-01,4.878731173372116
blm_dillon_Dillon District,1994-03-01,4.388370604560779
blm_dillon_Dillon District,1994-04-01,4.051216185664217
blm_dillon_Dillon District,1994-05-01,3.8315469225374654
blm_dillon_Dillon District,1994-06-01,3.8436634709659856
blm_dillon_Dillon District,1994-07-01,2.968440683352681
blm_dillon_Dillon District,1994-08-01,3.332272486641003
blm_dillon_Dillon District,1994-09-01,3.3825388762135855
blm_dillon_Dillon District,1994-10-01,4.761648970594802
blm_dillon_Dillon District,1994-11-01,4.985003197307404
blm_dillon_Dillon District,1994-12-01,4.292301344643005
blm_dillon_Dillon District,1995-01-01,3.8858497314940625
blm_dillon_Dillon District,1995-02-01,4.511086260853484
blm_dillon_Dillon District,1995-03-01,4.568183035134507
blm_dillon_Dillon District,1995-04-01,4.041695426294979
blm_dillon_Dillon District,1995-05-01,3.5274471639444274
blm_dillon_Dillon District,1995-06-01,3.3297529257905367
blm_dillon_Dillon District,1995-07-01,3.5445078738581257
blm_dillon_Dillon District,1995-08-01,3.5443491637135467
blm_dillon_Dillon District,1995-09-01,3.126274755892281
blm_dillon_Dillon District,1995-10-01,4.260972893047637
blm_dillon_Dillon District,1995-11-01,5.169923331714667
blm_dillon_Dillon District,1995-12-01,4.563749361799928
blm_dillon_Dillon District,1996-01-01,5.0474554276694885
blm_dillon_Dillon District,1996-02-01,4.595613092964831
blm_dillon_Dillon District,1996-03-01,4.245136546783935
blm_dillon_Dillon District,1996-04-01,4.807113948797647
blm_dillon_Dillon District,1996-05-01,4.48035246434684
blm_dillon_Dillon District,1996-06-01,3.6816954222730933
blm_dillon_Dillon District,1996-07-01,3.1058456137538335
blm_dillon_Dillon District,1996-08-01,3.3804617081968167
blm_dillon_Dillon District,1996-09-01,3.867218315563263
blm_dillon_Dillon District,1996-10-01,4.283567960574604
blm_dillon_Dillon District,1996-11-01,4.500726306171844
blm_dillon_Dillon District,1996-12-01,6.269502220519435
blm_dillon_Dillon District,1997-01-01,4.60045552984975
blm_dillon_Dillon District,1997-02-01,3.789721589195081
blm_dillon_Dillon District,1997-03-01,5.233214472657957
blm_dillon_Dillon District,1997-04-01,4.248856233864927
blm_dillon_Dillon District,1997-05-01,3.7545501335741234
blm_dillon_Dillon District,1997-06-01,3.3526709247320987
blm_dillon_Dillon District,1997-07-01,3.242893946742097
blm_dillon_Dillon District,1997-08-01,3.2639740255313177
blm_dillon_Dillon District,1997-09-01,3.9464728452907964
blm_dillon_Dillon District,1997-10-01,4.788669472075879
blm_dillon_Dillon District,1997-11-01,3.7152566582250137
blm_dillon_Dillon District,1997-12-01,4.012773356422449
blm_dillon_Dillon District,1998-01-01,4.838635473129467
blm_dillon_Dillon District,1998-02-01,3.6060246428742575
blm_dillon_Dillon District,1998-03-01,3.6419643362490133
blm_dillon_Dillon District,1998-04-01,3.1364110771459512
blm_dillon_Dillon District,1998-05-01,4.060020597445698
blm_dillon_Dillon District,1998-06-01,3.5979531346037747
blm_dillon_Dillon District,1998-07-01,2.654921152568854
blm_dillon_Dillon District,1998-08-01,2.8718210806861855
blm_dillon_Dillon District,1998-09-01,3.007848769788163
blm_dillon_Dillon District,1998-10-01,3.357038031294704
blm_dillon_Dillon District,1998-11-01,4.967150158623156
blm_dillon_Dillon District,1998-12-01,5.165542619449262
blm_dillon_Dillon District,1999-01-01,4.859670202115092
blm_dillon_Dillon District,1999-02-01,5.774463719834154
blm_dillon_Dillon District,1999-03-01,3.918526228548239
blm_dillon_Dillon District,1999-04-01,3.961714591157322
blm_dillon_Dillon District,1999-05-01,3.7333793567011533
blm_dillon_Dillon District,1999-06-01,3.6581043692823414
blm_dillon_Dillon District,1999-07-01,3.657157579092934
blm_dillon_Dillon District,1999-08-01,3.0740657519989503
blm_dillon_Dillon District,1999-09-01,3.5000340806028714
blm_dillon_Dillon District,1999-10-01,4.394842824844506
blm_dillon_Dillon District,1999-11-01,4.776234295878547
blm_dillon_Dillon District,1999-12-01,4.768980725657064
blm_dillon_Dillon District,2000-01-01,4.733715344846439
blm_dillon_Dillon District,2000-02-01,4.530708383523618
blm_dillon_Dillon District,2000-03-01,4.489244564196553
blm_dillon_Dillon District,2000-04-01,4.25205751013832
blm_dillon_Dillon District,2000-05-01,4.222475531154547
blm_dillon_Dillon District,2000-06-01,4.192907348456093
blm_dillon_Dillon District,2000-07-01,3.034869618842396
blm_dillon_Dillon District,2000-08-01,3.592594030489937
blm_dillon_Dillon District,2000-09-01,4.366589984497704
blm_dillon_Dillon District,2000-10-01,3.786606198911088
blm_dillon_Dillon District,2000-11-01,3.579490947114012
blm_dillon_Dillon District,2000-12-01,4.193735948081215
blm_dillon_Dillon District,2001-01-01,3.459400176773437
blm_dillon_Dillon District,2001-02-01,3.7147010465018666
blm_dillon_Dillon District,2001-03-01,3.9411522079199646
blm_dillon_Dillon District,2001-04-01,3.944664533907613
blm_dillon_Dillon District,2001-05-01,4.303912194620687
blm_dillon_Dillon District,2001-06-01,3.9028008524983075
blm_dillon_Dillon District,2001-07-01,3.0990745096541823
blm_dillon_Dillon District,2001-08-01,2.9660311241881154
blm_dillon_Dillon District,2001-09-01,3.526739087272376
blm_dillon_Dillon District,2001-10-01,5.4383427753996925
blm_dillon_Dillon District,2001-11-01,4.120943559549106
blm_dillon_Dillon District,2001-12-01,4.380430787516097
blm_dillon_Dillon District,2002-01-01,4.762432235498398
blm_dillon_Dillon District,2002-02-01,4.625919675369994
blm_dillon_Dillon District,2002-03-01,4.975351947108016
blm_dillon_Dillon District,2002-04-01,4.378690098802122
blm_dillon_Dillon District,2002-05-01,4.303267022215139
blm_dillon_Dillon District,2002-06-01,3.475844519283063
blm_dillon_Dillon District,2002-07-01,3.0214366617294166
blm_dillon_Dillon District,2002-08-01,3.716081618958007
blm_dillon_Dillon District,2002-09-01,3.6796826450969466
blm_dillon_Dillon District,2002-10-01,3.5935689900248957
blm_dillon_Dillon District,2002-11-01,4.190768906255118
blm_dillon_Dillon District,2002-12-01,4.389889722434096
blm_dillon_Dillon District,2003-01-01,4.322090070011517
blm_dillon_Dillon District,2003-02-01,4.074176175754292
blm_dillon_Dillon District,2003-03-01,5.766851497686709
blm_dillon_Dillon District,2003-04-01,3.7388178857370686
blm_dillon_Dillon District,2003-05-01,3.9401607589599803
blm_dillon_Dillon District,2003-06-01,3.4996954137905716
blm_dillon_Dillon District,2003-07-01,3.027216322353473
blm_dillon_Dillon District,2003-08-01,3.247593519253472
blm_dillon_Dillon District,2003-09-01,3.905912672292691
blm_dillon_Dillon District,2003-10-01,4.7045326207011655
blm_dillon_Dillon District,2003-11-01,5.093390848689948
blm_dillon_Dillon District,2003-12-01,4.506936000025691
blm_dillon_Dillon District,2004-01-01,4.743151605472017
blm_dillon_Dillon District,2004-02-01,3.8630913268262965
blm_dillon_Dillon District,2004-03-01,4.867296708506136
blm_dillon_Dillon District,2004-04-01,3.9984621962038474
blm_dillon_Dillon District,2004-05-01,4.356170251346625
blm_dillon_Dillon District,2004-06-01,3.4736613457957013
blm_dillon_Dillon District,2004-07-01,3.26334123382934
blm_dillon_Dillon District,2004-08-01,3.3984417155146978
blm_dillon_Dillon District,2004-09-01,3.8475378009077077
blm_dillon_Dillon District,2004-10-01,4.198202610320558
blm_dillon_Dillon District,2004-11-01,3.856798729881311
blm_dillon_Dillon District,2004-12-01,4.790790469958759
blm_dillon_Dillon District,2005-01-01,4.093296900420143
blm_dillon_Dillon District,2005-02-01,3.336446826145672
blm_dillon_Dillon District,2005-03-01,4.543673087842167
blm_dillon_Dillon District,2005-04-01,4.562619803736385
blm_dillon_Dillon District,2005-05-01,4.01569617045954
blm_dillon_Dillon District,2005-06-01,3.9525985192186153
blm_dillon_Dillon District,2005-07-01,3.5472534155312436
blm_dillon_Dillon District,2005-08-01,3.1907925340695122
blm_dillon_Dillon District,2005-09-01,3.9890010623505323
blm_dillon_Dillon District,2005-10-01,3.85572915427601
blm_dillon_Dillon District,2005-11-01,4.8010117140821755
blm_dillon_Dillon District,2005-12-01,4.564291450086112
blm_dillon_Dillon District,2006-01-01,5.533350512471062
blm_dillon_Dillon District,2006-02-01,5.019438618973802
blm_dillon_Dillon District,2006-03-01,4.25485519479258
blm_dillon_Dillon District,2006-04-01,4.227563362913772
blm_dillon_Dillon District,2006-05-01,3.906088848235889
blm_dillon_Dillon District,2006-06-01,3.593923316596034
blm_dillon_Dillon District,2006-07-01,3.113915272566457
blm_dillon_Dillon District,2006-08-01,3.1673296942116735
blm_dillon_Dillon District,2006-09-01,3.4891522902650194
blm_dillon_Dillon District,2006-10-01,4.111095532670189
blm_dillon_Dillon District,2006-11-01,5.655933975487852
blm_dillon_Dillon District,2006-12-01,4.5974750064813295
blm_dillon_Dillon District,2007-01-01,4.538981756539391
blm_dillon_Dillon District,2007-02-01,4.981298488245224
blm_dillon_Dillon District,2007-03-01,4.323936926137906
blm_dillon_Dillon District,2007-04-01,3.851580408967722
blm_dillon_Dillon District,2007-05-01,3.8560589461280896
blm_dillon_Dillon District,2007-06-01,4.080656018577064
blm_dillon_Dillon District,2007-07-01,2.901642789170384
blm_dillon_Dillon District,2007-08-01,3.7004081262948034
blm_dillon_Dillon District,2007-09-01,4.17636635219708
blm_dillon_Dillon District,2007-10-01,4.467630629341443
blm_dillon_Dillon District,2007-11-01,4.880928649841406
blm_dillon_Dillon District,2007-12-01,5.235638456070385
blm_dillon_Dillon District,2008-01-01,5.554372877968005
blm_dillon_Dillon District,2008-02-01,4.922573538405445
blm_dillon_Dillon District,2008-03-01,4.702968158051609
blm_dillon_Dillon District,2008-04-01,4.530568686689431
blm_dillon_Dillon District,2008-05-01,4.052080779334608
blm_dillon_Dillon District,2008-06-01,4.128555912864856
blm_dillon_Dillon District,2008-07-01,3.4576687509640336
blm_dillon_Dillon District,2008-08-01,3.755669371236247
blm_dillon_Dillon District,2008-09-01,3.3792822176656023
blm_dillon_Dillon District,2008-10-01,4.386490775982793
blm_dillon_Dillon District,2008-11-01,4.648400425834778
blm_dillon_Dillon District,2008-12-01,5.421350103445327
blm_dillon_Dillon District,2009-01-01,5.296557762523809
blm_dillon_Dillon District,2009-02-01,4.330369692945633
blm_dillon_Dillon District,2009-03-01,4.807224568315207
blm_dillon_Dillon District,2009-04-01,4.05347390997524
blm_dillon_Dillon District,2009-05-01,4.08086775834568
blm_dillon_Dillon District,2009-06-01,3.4514696505123053
blm_dillon_Dillon District,2009-07-01,3.174943821727277
blm_dillon_Dillon District,2009-08-01,3.437920221657799
blm_dillon_Dillon District,2009-09-01,3.864615545486109
blm_dillon_Dillon District,2009-10-01,4.658019168079852
blm_dillon_Dillon District,2009-11-01,4.632176786032728
blm_dillon_Dillon District,2009-12-01,4.321385132999847
blm_dillon_Dillon District,2010-01-01,3.923936917606634
blm_dillon_Dillon District,2010-02-01,3.2431195783158078
blm_dillon_Dillon District,2010-03-01,4.049561988202909
blm_dillon_Dillon District,2010-04-01,4.986240684338652
blm_dillon_Dillon District,2010-05-01,4.519476440539376
blm_dillon_Dillon District,2010-06-01,4.064159735018453
blm_dillon_Dillon District,2010-07-01,3.550860540097514
blm_dillon_Dillon District,2010-08-01,3.6768628283430593
blm_dillon_Dillon District,2010-09-01,4.149145904059608
blm_dillon_Dillon District,2010-10-01,4.008838509294552
blm_dillon_Dillon District,2010-11-01,4.80321405764205
blm_dillon_Dillon District,2010-12-01,4.5298464414029835
blm_dillon_Dillon District,2011-01-01,5.07240854071352
blm_dillon_Dillon District,2011-02-01,5.336506163045621
blm_dillon_Dillon District,2011-03-01,5.000805939196017
blm_dillon_Dillon District,2011-04-01,5.263113947645925
blm_dillon_Dillon District,2011-05-01,4.587643009557511
blm_dillon_Dillon District,2011-06-01,4.3388498397680895
blm_dillon_Dillon District,2011-07-01,3.807770772178333
blm_dillon_Dillon District,2011-08-01,3.339946402071383
blm_dillon_Dillon District,2011-09-01,3.555757193367321
blm_dillon_Dillon District,2011-10-01,4.84185302371796
blm_dillon_Dillon District,2011-11-01,5.512470707421104
blm_dillon_Dillon District,2011-12-01,4.712136440307568
blm_dillon_Dillon District,2012-01-01,5.64391012983962
blm_dillon_Dillon District,2012-02-01,4.359546110805232
blm_dillon_Dillon District,2012-03-01,5.86893125783902
blm_dillon_Dillon District,2012-04-01,4.757633653006995
blm_dillon_Dillon District,2012-05-01,4.310914136807377
blm_dillon_Dillon District,2012-06-01,4.631405754820607
blm_dillon_Dillon District,2012-07-01,3.054222398824966
blm_dillon_Dillon District,2012-08-01,3.272202408885042
blm_dillon_Dillon District,2012-09-01,3.4967944629657004
blm_dillon_Dillon District,2012-10-01,4.828459239539247
blm_dillon_Dillon District,2012-11-01,4.926907346042962
blm_dillon_Dillon District,2012-12-01,5.012363183841157
blm_dillon_Dillon District,2013-01-01,4.540008238710153
blm_dillon_Dillon District,2013-02-01,4.495725692956212
blm_dillon_Dillon District,2013-03-01,4.278901368589066
blm_dillon_Dillon District,2013-04-01,5.029731631507508
blm_dillon_Dillon District,2013-05-01,3.892523966048853
blm_dillon_Dillon District,2013-06-01,3.8012097922376933
blm_dillon_Dillon District,2013-07-01,3.2856910204354186
blm_dillon_Dillon District,2013-08-01,3.5147315185290937
blm_dillon_Dillon District,2013-09-01,4.149520769058325
blm_dillon_Dillon District,2013-10-01,3.7377367750905193
blm_dillon_Dillon District,2013-11-01,4.331603832976125
blm_dillon_Dillon District,2013-12-01,4.879297127586584
blm_dillon_Dillon District,2014-01-01,5.030796667409781
blm_dillon_Dillon District,2014-02-01,5.187110911085964
blm_dillon_Dillon District,2014-03-01,4.981562408928673
blm_dillon_Dillon District,2014-04-01,4.749731632086416
blm_dillon_Dillon District,2014-05-01,3.640527667176609
blm_dillon_Dillon District,2014-06-01,3.5841427065693914
blm_dillon_Dillon District,2014-07-01,3.3584973731360876
blm_dillon_Dillon District,2014-08-01,2.7852189965141467
blm_dillon_Dillon District,2014-09-01,3.90308626558834
blm_dillon_Dillon District,2014-10-01,4.571627333674568
blm_dillon_Dillon District,2014-11-01,5.244956336615566
blm_dillon_Dillon District,2014-12-01,4.4673688522923864
blm_dillon_Dillon District,2015-01-01,3.969318758565397
blm_dillon_Dillon District,2015-02-01,4.285773614115608
blm_dillon_Dillon District,2015-03-01,4.3142306396374686
blm_dillon_Dillon District,2015-04-01,3.833887118043991
blm_dillon_Dillon District,2015-05-01,3.6750922260954737
blm_dillon_Dillon District,2015-06-01,3.062236419348671
blm_dillon_Dillon District,2015-07-01,3.3449716539047776
blm_dillon_Dillon District,2015-08-01,3.59630216409604
blm_dillon_Dillon District,2015-09-01,4.12073908446315
blm_dillon_Dillon District,2015-10-01,3.8391260392368793
blm_dillon_Dillon District,2015-11-01,4.778157615509277
blm_dillon_Dillon District,2015-12-01,4.912431203671538
blm_dillon_Dillon District,2016-01-01,4.093428833111407
blm_dillon_Dillon District,2016-02-01,4.76927399269689
blm_dillon_Dillon District,2016-03-01,4.6779408380246394
blm_dillon_Dillon District,2016-04-01,3.6162321611715202
blm_dillon_Dillon District,2016-05-01,3.4805523870852046
blm_dillon_Dillon District,2016-06-01,3.5802811523595937
blm_dillon_Dillon District,2016-07-01,3.611118217017323
blm_dillon_Dillon District,2016-08-01,3.2675440570416923
blm_dillon_Dillon District,2016-09-01,4.066794462478199
blm_dillon_Dillon District,2016-10-01,5.07596619426252
blm_dillon_Dillon District,2016-11-01,4.127503733893934
blm_dillon_Dillon District,2016-12-01,4.876077502070905
blm_dillon_Dillon District,2017-01-01,3.8812779471516228
blm_dillon_Dillon District,2017-02-01,5.2376928340131865
blm_dillon_Dillon District,2017-03-01,4.936986500615129
blm_dillon_Dillon District,2017-04-01,3.8510692188153253
blm_dillon_Dillon District,2017-05-01,3.1769246558411814
blm_dillon_Dillon District,2017-06-01,4.055267311132754
blm_dillon_Dillon District,2017-07-01,2.664033799430433
blm_dillon_Dillon District,2017-08-01,2.7712583696499418
blm_dillon_Dillon District,2017-09-01,3.4797529327221954
blm_dillon_Dillon District,2017-10-01,4.817000930225507
blm_dillon_Dillon District,2017-11-01,5.167744412285071
blm_dillon_Dillon District,2017-12-01,4.657312169394935
blm_dillon_Dillon District,2018-01-01,4.619940221957124
blm_dillon_Dillon District,2018-02-01,5.496503881448374
blm_dillon_Dillon District,2018-03-01,4.447913007614331
blm_dillon_Dillon District,2018-04-01,4.606702884241415
blm_dillon_Dillon District,2018-05-01,3.3691703517596943
blm_dillon_Dillon District,2018-06-01,3.848355700489812
blm_dillon_Dillon District,2018-07-01,3.2544903686633124
blm_dillon_Dillon District,2018-08-01,3.348110893663888
blm_dillon_Dillon District,2018-09-01,3.61252183304808
blm_dillon_Dillon District,2018-10-01,3.914234769382416
blm_dillon_Dillon District,2018-11-01,4.387337592615487
blm_dillon_Dillon District,2018-12-01,4.560925486445808
blm_dillon_Dillon District,2019-01-01,4.45453158095241
blm_dillon_Dillon District,2019-02-01,4.528945685499393
blm_dillon_Dillon District,2019-03-01,2.9307162699227134
blm_dillon_Dillon District,2019-04-01,4.827107558387537
blm_dillon_Dillon District,2019-05-01,4.177190549990621
blm_dillon_Dillon District,2019-06-01,3.681701813566799
blm_dillon_Dillon District,2019-07-01,3.3545089109256243
blm_dillon_Dillon District,2019-08-01,3.2041615956888414
blm_dillon_Dillon District,2019-09-01,4.103529287831852
blm_dillon_Dillon District,2019-10-01,4.905915690839481
blm_dillon_Dillon District,2019-11-01,3.9481107565541618
blm_dillon_Dillon District,2019-12-01,4.305497255569068
blm_dillon_Dillon District,2020-01-01,5.267185416236853
blm_dillon_Dillon District,2020-02-01,4.961322024988291
blm_dillon_Dillon District,2020-03-01,4.428453060003896
blm_dillon_Dillon District,2020-04-01,4.737793395770624
blm_dillon_Dillon District,2020-05-01,4.354337824343111
blm_dillon_Dillon District,2020-06-01,4.436415337906859
blm_dillon_Dillon District,2020-07-01,3.4290054517813005
blm_dillon_Dillon District,2020-08-01,3.3575842523727175
blm_dillon_Dillon District,2020-09-01,4.193910544977402
blm_dillon_Dillon District,2020-10-01,5.410392655503635
blm_dillon_Dillon District,2020-11-01,4.871173589145794
blm_dillon_Dillon District,2020-12-01,4.360360710613263
blm_dillon_Dillon District,2021-01-01,4.447976912781834
blm_dillon_Dillon District,2021-02-01,5.25101551842004
blm_dillon_Dillon District,2021-03-01,4.020218485536667
blm_dillon_Dillon District,2021-04-01,4.596809376238253
blm_dillon_Dillon District,2021-05-01,3.8732124215878616
blm_dillon_Dillon District,2021-06-01,3.9614653910310884
blm_dillon_Dillon District,2021-07-01,2.7965082956960026
blm_dillon_Dillon District,2021-08-01,3.7666144374079598
blm_dillon_Dillon District,2021-09-01,4.273791268077521
blm_dillon_Dillon District,2021-10-01,4.51454189562569
blm_dillon_Dillon District,2021-11-01,5.238602770784031
blm_dillon_Dillon District,2021-12-01,6.139233228878473
blm_dillon_Dillon District,2022-01-01,4.689294028205993
blm_dillon_Dillon District,2022-02-01,4.743582840544728
blm_dillon_Dillon District,2022-03-01,4.404427498217208
blm_dillon_Dillon District,2022-04-01,4.9702342955068275
blm_dillon_Dillon District,2022-05-01,4.709188888019647
blm_dillon_Dillon District,2022-06-01,4.294839194635995
blm_dillon_Dillon District,2022-07-01,3.373740078618351
blm_dillon_Dillon District,2022-08-01,3.019185817584443
blm_dillon_Dillon District,2022-09-01,3.616031949588666
blm_dillon_Dillon District,2022-10-01,3.7242007535867416
blm_dillon_Dillon District,2022-11-01,4.280048991620731
blm_dillon_Dillon District,2022-12-01,5.00394311027405
blm_dillon_Dillon District,2023-01-01,3.938485000080194
blm_dillon_Dillon District,2023-02-01,5.1560634395184985
blm_dillon_Dillon District,2023-03-01,4.101921058843692
blm_dillon_Dillon District,2023-04-01,4.375280081502165
blm_dillon_Dillon District,2023-05-01,3.341855089809186
blm_dillon_Dillon District,2023-06-01,2.7012161918341544
blm_dillon_Dillon District,2023-07-01,3.354601666874017
blm_dillon_Dillon District,2023-08-01,3.593045443086959
blm_dillon_Dillon District,2023-09-01,3.6894994673256676
blm_dillon_Dillon District,2023-10-01,3.6069215660278027
blm_dillon_Dillon District,2023-11-01,4.233529283749029
blm_dillon_Dillon District,2023-12-01,3.946266093421668
blm_dillon_Dillon District,2024-01-01,4.056137267469217
blm_dillon_Dillon District,2024-02-01,4.237770189035434
blm_dillon_Dillon District,2024-03-01,3.8206863744571185
blm_dillon_Dillon District,2024-04-01,3.961294997005036
blm_dillon_Dillon District,2024-05-01,4.603829738964288
blm_dillon_Dillon District,2024-06-01,4.413256659827674
blm_dillon_Dillon District,2024-07-01,3.4048685914792194
blm_dillon_Dillon District,2024-08-01,3.188801400272991
blm_dillon_Dillon District,2024-09-01,3.796541007410604
blm_dillon_Dillon District,2024-10-01,4.028096461219909
blm_dillon_Dillon District,2024-11-01,4.512732694857418
blm_dillon_Dillon District,2024-12-01,4.452750692885524
blm_dillon_Dillon District,2025-01-01,3.973531889534606
blm_dillon_Dillon District,2025-02-01,4.564669104201344
blm_dillon_Dillon District,2025-03-01,4.69285581408979
blm_dillon_Dillon District,2025-04-01,3.8816528260898284
blm_dillon_Dillon District,2025-05-01,3.677081300199222
blm_dillon_Dillon District,2025-06-01,3.3196123589342013
blm_dillon_Dillon District,2025-07-01,3.3339833028019425
blm_dillon_Dillon District,2025-08-01,3.1224157462866544
blm_dillon_Dillon District,2025-09-01,2.98546751771872
blm_dillon_Dillon District,2025-10-01,3.6337859400545067
blm_lewistown_Lewistown District,1979-01-01,3.8892715897188475
blm_lewistown_Lewistown District,1979-02-01,4.378500609186457
blm_lewistown_Lewistown District,1979-03-01,4.37780225411554
blm_lewistown_Lewistown District,1979-04-01,4.107648951066357
blm_lewistown_Lewistown District,1979-05-01,4.160621345026767
blm_lewistown_Lewistown District,1979-06-01,4.142653085153906
blm_lewistown_Lewistown District,1979-07-01,3.3371727291265816
blm_lewistown_Lewistown District,1979-08-01,3.3510549769064046
blm_lewistown_Lewistown District,1979-09-01,3.8056035987341317
blm_lewistown_Lewistown District,1979-10-01,4.305536550649498
blm_lewistown_Lewistown District,1979-11-01,4.423796019781329
blm_lewistown_Lewistown District,1979-12-01,5.766180111402587
blm_lewistown_Lewistown District,1980-01-01,4.662130750660331
blm_lewistown_Lewistown District,1980-02-01,3.7281626602468068
blm_lewistown_Lewistown District,1980-03-01,4.714947448161573
blm_lewistown_Lewistown District,1980-04-01,4.37288258989072
blm_lewistown_Lewistown District,1980-05-01,3.5743490116420906
blm_lewistown_Lewistown District,1980-06-01,3.4920113799789334
blm_lewistown_Lewistown District,1980-07-01,3.8375618447944895
blm_lewistown_Lewistown District,1980-08-01,3.9775179590741585
blm_lewistown_Lewistown District,1980-09-01,4.651724045153854
blm_lewistown_Lewistown District,1980-10-01,4.357832636921178
blm_lewistown_Lewistown District,1980-11-01,5.209597912743479
blm_lewistown_Lewistown District,1980-12-01,5.311655017699922
blm_lewistown_Lewistown District,1981-01-01,3.7945416233684695
blm_lewistown_Lewistown District,1981-02-01,5.084172013901837
blm_lewistown_Lewistown District,1981-03-01,3.7553255539628565
blm_lewistown_Lewistown District,1981-04-01,5.393294777892503
blm_lewistown_Lewistown District,1981-05-01,3.8565000211920037
blm_lewistown_Lewistown District,1981-06-01,4.848474250093238
blm_lewistown_Lewistown District,1981-07-01,3.748323129576712
blm_lewistown_Lewistown District,1981-08-01,2.8953358612254907
blm_lewistown_Lewistown District,1981-09-01,3.7590388353453363
blm_lewistown_Lewistown District,1981-10-01,4.435371929868395
blm_lewistown_Lewistown District,1981-11-01,4.142863307764825
blm_lewistown_Lewistown District,1981-12-01,4.74332405922663
blm_lewistown_Lewistown District,1982-01-01,5.081878272602625
blm_lewistown_Lewistown District,1982-02-01,4.682896289901607
blm_lewistown_Lewistown District,1982-03-01,4.2428540923450315
blm_lewistown_Lewistown District,1982-04-01,4.871605618273841
blm_lewistown_Lewistown District,1982-05-01,4.262200933945996
blm_lewistown_Lewistown District,1982-06-01,2.9968539392675653
blm_lewistown_Lewistown District,1982-07-01,3.733020311674445
blm_lewistown_Lewistown District,1982-08-01,3.59231260531338
blm_lewistown_Lewistown District,1982-09-01,4.170084453751909
blm_lewistown_Lewistown District,1982-10-01,4.2726130704189
blm_lewistown_Lewistown District,1982-11-01,4.139268338204218
blm_lewistown_Lewistown District,1982-12-01,4.807446622809113
blm_lewistown_Lewistown District,1983-01-01,4.58351293085561
blm_lewistown_Lewistown District,1983-02-01,3.9712495526739535
blm_lewistown_Lewistown District,1983-03-01,3.6932267790095468
blm_lewistown_Lewistown District,1983-04-01,3.494002572960251
blm_lewistown_Lewistown District,1983-05-01,4.161543512304963
blm_lewistown_Lewistown District,1983-06-01,3.8045956109450625
blm_lewistown_Lewistown District,1983-07-01,4.2109336185901824
blm_lewistown_Lewistown District,1983-08-01,3.40827195495326
blm_lewistown_Lewistown District,1983-09-01,4.710247865756725
blm_lewistown_Lewistown District,1983-10-01,4.0844271123261535
blm_lewistown_Lewistown District,1983-11-01,4.251469751127953
blm_lewistown_Lewistown District,1983-12-01,3.6976963562992973
blm_lewistown_Lewistown District,1984-01-01,5.882478836383153
blm_lewistown_Lewistown District,1984-02-01,4.835295682372354
blm_lewistown_Lewistown District,1984-03-01,3.962662903673555
blm_lewistown_Lewistown District,1984-04-01,4.480329572842555
blm_lewistown_Lewistown District,1984-05-01,5.122131114687614
blm_lewistown_Lewistown District,1984-06-01,4.155323604288524
blm_lewistown_Lewistown District,1984-07-01,3.8299677416628892
blm_lewistown_Lewistown District,1984-08-01,3.7003562462884707
blm_lewistown_Lewistown District,1984-09-01,4.340759207807734
blm_lewistown_Lewistown District,1984-10-01,4.157304036193759
blm_lewistown_Lewistown District,1984-11-01,4.586629030298051
blm_lewistown_Lewistown District,1984-12-01,4.61984435332048
blm_lewistown_Lewistown District,1985-01-01,4.435925402282782
blm_lewistown_Lewistown District,1985-02-01,5.13533068504323
blm_lewistown_Lewistown District,1985-03-01,4.199085825371434
blm_lewistown_Lewistown District,1985-04-01,5.245620120362912
blm_lewistown_Lewistown District,1985-05-01,3.844260436711775
blm_lewistown_Lewistown District,1985-06-01,4.35942624068989
blm_lewistown_Lewistown District,1985-07-01,3.6250903904520095
blm_lewistown_Lewistown District,1985-08-01,3.8039738328225092
blm_lewistown_Lewistown District,1985-09-01,4.594924262849728
blm_lewistown_Lewistown District,1985-10-01,5.674133133211926
blm_lewistown_Lewistown District,1985-11-01,3.9397888576908895
blm_lewistown_Lewistown District,1985-12-01,5.453128526112948
blm_lewistown_Lewistown District,1986-01-01,5.245659681497215
blm_lewistown_Lewistown District,1986-02-01,3.8155870078451146
blm_lewistown_Lewistown District,1986-03-01,4.7454944347685215
blm_lewistown_Lewistown District,1986-04-01,4.679803545236653
blm_lewistown_Lewistown District,1986-05-01,4.4334716266326355
blm_lewistown_Lewistown District,1986-06-01,3.811841555450679
blm_lewistown_Lewistown District,1986-07-01,3.9096720844416932
blm_lewistown_Lewistown District,1986-08-01,3.2999786790229506
blm_lewistown_Lewistown District,1986-09-01,4.330929965888853
blm_lewistown_Lewistown District,1986-10-01,3.8336670736214638
blm_lewistown_Lewistown District,1986-11-01,5.004008081129385
blm_lewistown_Lewistown District,1986-12-01,4.863388733639266
blm_lewistown_Lewistown District,1987-01-01,5.2207141030232
blm_lewistown_Lewistown District,1987-02-01,4.106998269993292
blm_lewistown_Lewistown District,1987-03-01,4.171368407664697
blm_lewistown_Lewistown District,1987-04-01,4.3471449579098635
blm_lewistown_Lewistown District,1987-05-01,3.915213964491697
blm_lewistown_Lewistown District,1987-06-01,4.251668970041845
blm_lewistown_Lewistown District,1987-07-01,3.6358934163193637
blm_lewistown_Lewistown District,1987-08-01,3.7561579818273834
blm_lewistown_Lewistown District,1987-09-01,3.5995244566188047
blm_lewistown_Lewistown District,1987-10-01,4.184358698840445
blm_lewistown_Lewistown District,1987-11-01,4.151329295689723
blm_lewistown_Lewistown District,1987-12-01,5.175986352947848
blm_lewistown_Lewistown District,1988-01-01,4.988632832043626
blm_lewistown_Lewistown District,1988-02-01,5.3160989194558494
blm_lewistown_Lewistown District,1988-03-01,5.521207169112802
blm_lewistown_Lewistown District,1988-04-01,4.560360796095024
blm_lewistown_Lewistown District,1988-05-01,4.623825301483163
blm_lewistown_Lewistown District,1988-06-01,3.812415312617582
blm_lewistown_Lewistown District,1988-07-01,3.911781159027717
blm_lewistown_Lewistown District,1988-08-01,3.901027884965296
blm_lewistown_Lewistown District,1988-09-01,4.15282383289458
blm_lewistown_Lewistown District,1988-10-01,4.3304608140035095
blm_lewistown_Lewistown District,1988-11-01,5.373032224700327
blm_lewistown_Lewistown District,1988-12-01,5.0552482627305535
blm_lewistown_Lewistown District,1989-01-01,5.992376583071
blm_lewistown_Lewistown District,1989-02-01,4.0315989279215145
blm_lewistown_Lewistown District,1989-03-01,3.7987855465672817
blm_lewistown_Lewistown District,1989-04-01,4.339467550171075
blm_lewistown_Lewistown District,1989-05-01,4.563802726995646
blm_lewistown_Lewistown District,1989-06-01,3.7075461301879757
blm_lewistown_Lewistown District,1989-07-01,3.407675830893069
blm_lewistown_Lewistown District,1989-08-01,3.399373668772036
blm_lewistown_Lewistown District,1989-09-01,3.7312641200268115
blm_lewistown_Lewistown District,1989-10-01,4.240975111977386
blm_lewistown_Lewistown District,1989-11-01,5.888760672624168
blm_lewistown_Lewistown District,1989-12-01,5.0989392392072626
blm_lewistown_Lewistown District,1990-01-01,5.921059687910445
blm_lewistown_Lewistown District,1990-02-01,5.455065505099474
blm_lewistown_Lewistown District,1990-03-01,4.121604275618069
blm_lewistown_Lewistown District,1990-04-01,4.04079225653625
blm_lewistown_Lewistown District,1990-05-01,3.9545846203410306
blm_lewistown_Lewistown District,1990-06-01,4.540764712131703
blm_lewistown_Lewistown District,1990-07-01,3.6537948205627973
blm_lewistown_Lewistown District,1990-08-01,3.4548502559998053
blm_lewistown_Lewistown District,1990-09-01,3.7041274256300447
blm_lewistown_Lewistown District,1990-10-01,5.809551269480822
blm_lewistown_Lewistown District,1990-11-01,5.957918850852254
blm_lewistown_Lewistown District,1990-12-01,5.875521715795065
blm_lewistown_Lewistown District,1991-01-01,5.168977711555946
blm_lewistown_Lewistown District,1991-02-01,5.080200262878657
blm_lewistown_Lewistown District,1991-03-01,4.534975699897773
blm_lewistown_Lewistown District,1991-04-01,4.86228862605913
blm_lewistown_Lewistown District,1991-05-01,3.929670129390959
blm_lewistown_Lewistown District,1991-06-01,3.997917930274192
blm_lewistown_Lewistown District,1991-07-01,3.6998312007753817
blm_lewistown_Lewistown District,1991-08-01,3.283817663037787
blm_lewistown_Lewistown District,1991-09-01,3.8059552006733317
blm_lewistown_Lewistown District,1991-10-01,4.928426368083549
blm_lewistown_Lewistown District,1991-11-01,5.011926010993846
blm_lewistown_Lewistown District,1991-12-01,5.549037414685782
blm_lewistown_Lewistown District,1992-01-01,5.447944662453418
blm_lewistown_Lewistown District,1992-02-01,4.0197494715509645
blm_lewistown_Lewistown District,1992-03-01,3.1897069083465683
blm_lewistown_Lewistown District,1992-04-01,4.609458373158276
blm_lewistown_Lewistown District,1992-05-01,4.171443918788115
blm_lewistown_Lewistown District,1992-06-01,3.533911689652191
blm_lewistown_Lewistown District,1992-07-01,3.3603414979003343
blm_lewistown_Lewistown District,1992-08-01,3.4549337614669318
blm_lewistown_Lewistown District,1992-09-01,5.193431565926378
blm_lewistown_Lewistown District,1992-10-01,3.951834111790196
blm_lewistown_Lewistown District,1992-11-01,4.581798402903921
blm_lewistown_Lewistown District,1992-12-01,4.797500907274949
blm_lewistown_Lewistown District,1993-01-01,4.129435591184216
blm_lewistown_Lewistown District,1993-02-01,3.5500639303102863
blm_lewistown_Lewistown District,1993-03-01,4.207260947948447
blm_lewistown_Lewistown District,1993-04-01,3.9045974486000903
blm_lewistown_Lewistown District,1993-05-01,4.014883483877789
blm_lewistown_Lewistown District,1993-06-01,4.719651158142931
blm_lewistown_Lewistown District,1993-07-01,3.632298924712168
blm_lewistown_Lewistown District,1993-08-01,3.6106164626791535
blm_lewistown_Lewistown District,1993-09-01,4.037143125838729
blm_lewistown_Lewistown District,1993-10-01,4.296173622246387
blm_lewistown_Lewistown District,1993-11-01,5.241893880855147
blm_lewistown_Lewistown District,1993-12-01,5.642774129366947
blm_lewistown_Lewistown District,1994-01-01,4.714341558657609
blm_lewistown_Lewistown District,1994-02-01,4.683674314402247
blm_lewistown_Lewistown District,1994-03-01,4.99654941570657
blm_lewistown_Lewistown District,1994-04-01,4.237106397308879
blm_lewistown_Lewistown District,1994-05-01,4.071124983569276
blm_lewistown_Lewistown District,1994-06-01,4.402781599909437
blm_lewistown_Lewistown District,1994-07-01,3.4423947925903815
blm_lewistown_Lewistown District,1994-08-01,3.3465702983506356
blm_lewistown_Lewistown District,1994-09-01,3.825219870401591
blm_lewistown_Lewistown District,1994-10-01,4.768843551405663
blm_lewistown_Lewistown District,1994-11-01,5.211817685450052
blm_lewistown_Lewistown District,1994-12-01,4.548091253936208
blm_lewistown_Lewistown District,1995-01-01,3.794032565360882
blm_lewistown_Lewistown District,1995-02-01,4.9601919981311156
blm_lewistown_Lewistown District,1995-03-01,4.34519859878395
blm_lewistown_Lewistown District,1995-04-01,4.136017627540091
blm_lewistown_Lewistown District,1995-05-01,3.6867058682921043
blm_lewistown_Lewistown District,1995-06-01,3.4231332054285266
blm_lewistown_Lewistown District,1995-07-01,3.9336341959948844
blm_lewistown_Lewistown District,1995-08-01,4.0300414805831215
blm_lewistown_Lewistown District,1995-09-01,3.7246819064493057
blm_lewistown_Lewistown District,1995-10-01,5.349613086082692
blm_lewistown_Lewistown District,1995-11-01,4.989281193279623
blm_lewistown_Lewistown District,1995-12-01,4.601705739597288
blm_lewistown_Lewistown District,1996-01-01,4.404166625833682
blm_lewistown_Lewistown District,1996-02-01,5.145642410129661
blm_lewistown_Lewistown District,1996-03-01,4.37971143990435
blm_lewistown_Lewistown District,1996-04-01,5.019394106065167
blm_lewistown_Lewistown District,1996-05-01,3.835586922715696
blm_lewistown_Lewistown District,1996-06-01,4.125118881767691
blm_lewistown_Lewistown District,1996-07-01,3.563838270143253
blm_lewistown_Lewistown District,1996-08-01,4.0530841026841955
blm_lewistown_Lewistown District,1996-09-01,4.219597909313298
blm_lewistown_Lewistown District,1996-10-01,4.639845056462899
blm_lewistown_Lewistown District,1996-11-01,3.9773092795849765
blm_lewistown_Lewistown District,1996-12-01,4.896799065133686
blm_lewistown_Lewistown District,1997-01-01,4.510674208722736
blm_lewistown_Lewistown District,1997-02-01,4.4387742434937385
blm_lewistown_Lewistown District,1997-03-01,5.327552172869107
blm_lewistown_Lewistown District,1997-04-01,4.586876901638669
blm_lewistown_Lewistown District,1997-05-01,4.0311084599312395
blm_lewistown_Lewistown District,1997-06-01,3.9593069006411112
blm_lewistown_Lewistown District,1997-07-01,3.6717255493721925
blm_lewistown_Lewistown District,1997-08-01,3.4260578705108187
blm_lewistown_Lewistown District,1997-09-01,4.343263568513093
blm_lewistown_Lewistown District,1997-10-01,5.101697735601271
blm_lewistown_Lewistown District,1997-11-01,4.146407788858963
blm_lewistown_Lewistown District,1997-12-01,5.017866755017759
blm_lewistown_Lewistown District,1998-01-01,4.364617405959444
blm_lewistown_Lewistown District,1998-02-01,3.4075313754332557
blm_lewistown_Lewistown District,1998-03-01,3.181747672578186
blm_lewistown_Lewistown District,1998-04-01,3.8060020206060594
blm_lewistown_Lewistown District,1998-05-01,4.089632284342504
blm_lewistown_Lewistown District,1998-06-01,4.3045019807319145
blm_lewistown_Lewistown District,1998-07-01,3.366550578325125
blm_lewistown_Lewistown District,1998-08-01,3.379925546748551
blm_lewistown_Lewistown District,1998-09-01,3.464768199019772
blm_lewistown_Lewistown District,1998-10-01,3.8405406830298348
blm_lewistown_Lewistown District,1998-11-01,4.690403931136303
blm_lewistown_Lewistown District,1998-12-01,5.557479942380085
blm_lewistown_Lewistown District,1999-01-01,5.007073499190515
blm_lewistown_Lewistown District,1999-02-01,5.717326004424393
blm_lewistown_Lewistown District,1999-03-01,4.00624460892978
blm_lewistown_Lewistown District,1999-04-01,4.19823557087555
blm_lewistown_Lewistown District,1999-05-01,4.25855846018937
blm_lewistown_Lewistown District,1999-06-01,4.203343436790872
blm_lewistown_Lewistown District,1999-07-01,4.249088034554967
blm_lewistown_Lewistown District,1999-08-01,3.7064791477537455
blm_lewistown_Lewistown District,1999-09-01,4.082969798821124
blm_lewistown_Lewistown District,1999-10-01,4.85087108191824
blm_lewistown_Lewistown District,1999-11-01,4.6872844986927404
blm_lewistown_Lewistown District,1999-12-01,5.6285853843589155
blm_lewistown_Lewistown District,2000-01-01,4.6476665961450205
blm_lewistown_Lewistown District,2000-02-01,4.1221834978956196
blm_lewistown_Lewistown District,2000-03-01,5.049118247120153
blm_lewistown_Lewistown District,2000-04-01,4.669967872188361
blm_lewistown_Lewistown District,2000-05-01,4.576693526708991
blm_lewistown_Lewistown District,2000-06-01,4.487075187391041
blm_lewistown_Lewistown District,2000-07-01,3.3100798674373055
blm_lewistown_Lewistown District,2000-08-01,3.846626270575748
blm_lewistown_Lewistown District,2000-09-01,4.678494454283781
blm_lewistown_Lewistown District,2000-10-01,3.604629480750132
blm_lewistown_Lewistown District,2000-11-01,4.458603694464543
blm_lewistown_Lewistown District,2000-12-01,4.222729005356592
blm_lewistown_Lewistown District,2001-01-01,4.4797256537227055
blm_lewistown_Lewistown District,2001-02-01,3.6162725723469364
blm_lewistown_Lewistown District,2001-03-01,4.532756449663419
blm_lewistown_Lewistown District,2001-04-01,4.614469847906329
blm_lewistown_Lewistown District,2001-05-01,5.3148248510168985
blm_lewistown_Lewistown District,2001-06-01,4.000895079224276
blm_lewistown_Lewistown District,2001-07-01,3.3094179992076946
blm_lewistown_Lewistown District,2001-08-01,3.2789909420706818
blm_lewistown_Lewistown District,2001-09-01,3.7091260482312167
blm_lewistown_Lewistown District,2001-10-01,5.613891131422862
blm_lewistown_Lewistown District,2001-11-01,4.4373414107374956
blm_lewistown_Lewistown District,2001-12-01,4.747997084717158
blm_lewistown_Lewistown District,2002-01-01,5.2349259562480555
blm_lewistown_Lewistown District,2002-02-01,5.5330339906892645
blm_lewistown_Lewistown District,2002-03-01,4.6242917140828315
blm_lewistown_Lewistown District,2002-04-01,4.814527686585805
blm_lewistown_Lewistown District,2002-05-01,4.754899999255551
blm_lewistown_Lewistown District,2002-06-01,4.114463420585311
blm_lewistown_Lewistown District,2002-07-01,3.9871527377123086
blm_lewistown_Lewistown District,2002-08-01,3.7435328297232897
blm_lewistown_Lewistown District,2002-09-01,4.196678603329103
blm_lewistown_Lewistown District,2002-10-01,4.1991373505746
blm_lewistown_Lewistown District,2002-11-01,5.513543557017607
blm_lewistown_Lewistown District,2002-12-01,4.832769789205901
blm_lewistown_Lewistown District,2003-01-01,5.0852328939104305
blm_lewistown_Lewistown District,2003-02-01,4.1923653419534554
blm_lewistown_Lewistown District,2003-03-01,4.943560374075307
blm_lewistown_Lewistown District,2003-04-01,3.8326347249166854
blm_lewistown_Lewistown District,2003-05-01,4.178422358238937
blm_lewistown_Lewistown District,2003-06-01,4.10578996345249
blm_lewistown_Lewistown District,2003-07-01,3.88982595382266
blm_lewistown_Lewistown District,2003-08-01,3.5827453467380375
blm_lewistown_Lewistown District,2003-09-01,4.599831083792033
blm_lewistown_Lewistown District,2003-10-01,5.342747489206392
blm_lewistown_Lewistown District,2003-11-01,5.395589838143519
blm_lewistown_Lewistown District,2003-12-01,4.733691950338138
blm_lewistown_Lewistown District,2004-01-01,4.559316278850037
blm_lewistown_Lewistown District,2004-02-01,4.007987726690092
blm_lewistown_Lewistown District,2004-03-01,5.61642932097336
blm_lewistown_Lewistown District,2004-04-01,4.060114755147221
blm_lewistown_Lewistown District,2004-05-01,4.815417418956625
blm_lewistown_Lewistown District,2004-06-01,4.249871484375105
blm_lewistown_Lewistown District,2004-07-01,3.9246897151797837
blm_lewistown_Lewistown District,2004-08-01,3.765098916765285
blm_lewistown_Lewistown District,2004-09-01,4.120299277440867
blm_lewistown_Lewistown District,2004-10-01,4.385853885586549
blm_lewistown_Lewistown District,2004-11-01,4.900673830748852
blm_lewistown_Lewistown District,2004-12-01,5.713996855098332
blm_lewistown_Lewistown District,2005-01-01,4.289189856822613
blm_lewistown_Lewistown District,2005-02-01,4.3386385079029015
blm_lewistown_Lewistown District,2005-03-01,5.330792183719762
blm_lewistown_Lewistown District,2005-04-01,5.036604232612112
blm_lewistown_Lewistown District,2005-05-01,4.3472721414505635
blm_lewistown_Lewistown District,2005-06-01,4.0747287222847275
blm_lewistown_Lewistown District,2005-07-01,4.211045561398858
blm_lewistown_Lewistown District,2005-08-01,3.7832952744702735
blm_lewistown_Lewistown District,2005-09-01,4.330984120525233
blm_lewistown_Lewistown District,2005-10-01,4.16194063104962
blm_lewistown_Lewistown District,2005-11-01,5.4253639992982094
blm_lewistown_Lewistown District,2005-12-01,5.177838682504568
blm_lewistown_Lewistown District,2006-01-01,6.05371487557609
blm_lewistown_Lewistown District,2006-02-01,5.483649724772796
blm_lewistown_Lewistown District,2006-03-01,4.221664690176865
blm_lewistown_Lewistown District,2006-04-01,4.592299645283898
blm_lewistown_Lewistown District,2006-05-01,4.524363673971035
blm_lewistown_Lewistown District,2006-06-01,4.438553202746493
blm_lewistown_Lewistown District,2006-07-01,3.8194481177423256
blm_lewistown_Lewistown District,2006-08-01,3.5019980270125197
blm_lewistown_Lewistown District,2006-09-01,4.166718080923006
blm_lewistown_Lewistown District,2006-10-01,4.499280394683098
blm_lewistown_Lewistown District,2006-11-01,5.637639768128223
blm_lewistown_Lewistown District,2006-12-01,5.447058041277617
blm_lewistown_Lewistown District,2007-01-01,5.95526781695436
blm_lewistown_Lewistown District,2007-02-01,4.820437106243082
blm_lewistown_Lewistown District,2007-03-01,5.474963797711367
blm_lewistown_Lewistown District,2007-04-01,4.2552152748312775
blm_lewistown_Lewistown District,2007-05-01,4.231458495648824
blm_lewistown_Lewistown District,2007-06-01,4.0231221957299965
blm_lewistown_Lewistown District,2007-07-01,3.237165622952818
blm_lewistown_Lewistown District,2007-08-01,3.8685423827506202
blm_lewistown_Lewistown District,2007-09-01,4.362543834138921
blm_lewistown_Lewistown District,2007-10-01,5.156022061595113
blm_lewistown_Lewistown District,2007-11-01,5.601133757995463
blm_lewistown_Lewistown District,2007-12-01,5.435839227853942
blm_lewistown_Lewistown District,2008-01-01,5.490889382342667
blm_lewistown_Lewistown District,2008-02-01,5.2339822819856074
blm_lewistown_Lewistown District,2008-03-01,5.186569047742427
blm_lewistown_Lewistown District,2008-04-01,4.941800241987753
blm_lewistown_Lewistown District,2008-05-01,4.777240772018811
blm_lewistown_Lewistown District,2008-06-01,4.2393445342869445
blm_lewistown_Lewistown District,2008-07-01,4.126430105158397
blm_lewistown_Lewistown District,2008-08-01,4.324213527181988
blm_lewistown_Lewistown District,2008-09-01,3.6306260953229246
blm_lewistown_Lewistown District,2008-10-01,5.088564415340481
blm_lewistown_Lewistown District,2008-11-01,5.3810373688821
blm_lewistown_Lewistown District,2008-12-01,5.249809437105394
blm_lewistown_Lewistown District,2009-01-01,6.128967408009778
blm_lewistown_Lewistown District,2009-02-01,4.345957427732677
blm_lewistown_Lewistown District,2009-03-01,4.673917248964113
blm_lewistown_Lewistown District,2009-04-01,4.383324155332103
blm_lewistown_Lewistown District,2009-05-01,4.774296610390178
blm_lewistown_Lewistown District,2009-06-01,3.906457354299492
blm_lewistown_Lewistown District,2009-07-01,3.4681026261229055
blm_lewistown_Lewistown District,2009-08-01,3.9469985102399
blm_lewistown_Lewistown District,2009-09-01,4.4567318506984135
blm_lewistown_Lewistown District,2009-10-01,5.138551539279514
blm_lewistown_Lewistown District,2009-11-01,5.608671620475855
blm_lewistown_Lewistown District,2009-12-01,4.280327989128594
blm_lewistown_Lewistown District,2010-01-01,3.986201258278261
blm_lewistown_Lewistown District,2010-02-01,3.2790819111358886
blm_lewistown_Lewistown District,2010-03-01,4.386613476476667
blm_lewistown_Lewistown District,2010-04-01,5.692517216886511
blm_lewistown_Lewistown District,2010-05-01,4.685585598090699
blm_lewistown_Lewistown District,2010-06-01,4.29887818416857
blm_lewistown_Lewistown District,2010-07-01,4.075454192790602
blm_lewistown_Lewistown District,2010-08-01,3.9420172099205653
blm_lewistown_Lewistown District,2010-09-01,4.448030847716483
blm_lewistown_Lewistown District,2010-10-01,4.52275299224864
blm_lewistown_Lewistown District,2010-11-01,4.883820800405664
blm_lewistown_Lewistown District,2010-12-01,4.296608943973353
blm_lewistown_Lewistown District,2011-01-01,5.814192301378011
blm_lewistown_Lewistown District,2011-02-01,5.569237122487116
blm_lewistown_Lewistown District,2011-03-01,4.571469687916497
blm_lewistown_Lewistown District,2011-04-01,5.221968233733097
blm_lewistown_Lewistown District,2011-05-01,4.998678937689787
blm_lewistown_Lewistown District,2011-06-01,4.664847152747257
blm_lewistown_Lewistown District,2011-07-01,4.0018505478850805
blm_lewistown_Lewistown District,2011-08-01,3.7118229146372745
blm_lewistown_Lewistown District,2011-09-01,4.262810068398394
blm_lewistown_Lewistown District,2011-10-01,5.088759875041465
blm_lewistown_Lewistown District,2011-11-01,5.908810246191022
blm_lewistown_Lewistown District,2011-12-01,6.05741686382362
blm_lewistown_Lewistown District,2012-01-01,6.391500614327001
blm_lewistown_Lewistown District,2012-02-01,4.601113969384721
blm_lewistown_Lewistown District,2012-03-01,5.85682341639446
blm_lewistown_Lewistown District,2012-04-01,5.057158728270976
blm_lewistown_Lewistown District,2012-05-01,5.119326413941757
blm_lewistown_Lewistown District,2012-06-01,5.430909761939946
blm_lewistown_Lewistown District,2012-07-01,3.449218641657765
blm_lewistown_Lewistown District,2012-08-01,3.592815444082703
blm_lewistown_Lewistown District,2012-09-01,4.071033694533336
blm_lewistown_Lewistown District,2012-10-01,4.797981524854873
blm_lewistown_Lewistown District,2012-11-01,4.949761311891683
blm_lewistown_Lewistown District,2012-12-01,4.829213490666059
blm_lewistown_Lewistown District,2013-01-01,5.553188934630843
blm_lewistown_Lewistown District,2013-02-01,5.285102492487158
blm_lewistown_Lewistown District,2013-03-01,4.889641163271014
blm_lewistown_Lewistown District,2013-04-01,5.41989809880405
blm_lewistown_Lewistown District,2013-05-01,4.273536119011932
blm_lewistown_Lewistown District,2013-06-01,4.007796748746233
blm_lewistown_Lewistown District,2013-07-01,3.4918142101121847
blm_lewistown_Lewistown District,2013-08-01,3.541467286114915
blm_lewistown_Lewistown District,2013-09-01,4.126649225490279
blm_lewistown_Lewistown District,2013-10-01,4.6933813580334665
blm_lewistown_Lewistown District,2013-11-01,4.671061229915929
blm_lewistown_Lewistown District,2013-12-01,5.616252518527536
blm_lewistown_Lewistown District,2014-01-01,6.018826230765374
blm_lewistown_Lewistown District,2014-02-01,5.098733132222375
blm_lewistown_Lewistown District,2014-03-01,5.096313095920114
blm_lewistown_Lewistown District,2014-04-01,5.320172588938821
blm_lewistown_Lewistown District,2014-05-01,3.5219205561763687
blm_lewistown_Lewistown District,2014-06-01,4.07411456836941
blm_lewistown_Lewistown District,2014-07-01,3.954584619684411
blm_lewistown_Lewistown District,2014-08-01,3.3570925885407727
blm_lewistown_Lewistown District,2014-09-01,4.1660672066724524
blm_lewistown_Lewistown District,2014-10-01,5.1011558162118735
blm_lewistown_Lewistown District,2014-11-01,5.3452749490672256
blm_lewistown_Lewistown District,2014-12-01,4.543834892786163
blm_lewistown_Lewistown District,2015-01-01,5.085106734827641
blm_lewistown_Lewistown District,2015-02-01,4.636497228804189
blm_lewistown_Lewistown District,2015-03-01,5.387576504864662
blm_lewistown_Lewistown District,2015-04-01,4.334740664209751
blm_lewistown_Lewistown District,2015-05-01,3.839816630559662
blm_lewistown_Lewistown District,2015-06-01,3.393677584824894
blm_lewistown_Lewistown District,2015-07-01,4.098656716408463
blm_lewistown_Lewistown District,2015-08-01,3.9138493756557162
blm_lewistown_Lewistown District,2015-09-01,4.083370051939473
blm_lewistown_Lewistown District,2015-10-01,4.339947224385612
blm_lewistown_Lewistown District,2015-11-01,5.139978887554832
blm_lewistown_Lewistown District,2015-12-01,4.620692777095239
blm_lewistown_Lewistown District,2016-01-01,4.4990085374878905
blm_lewistown_Lewistown District,2016-02-01,5.9111530021739975
blm_lewistown_Lewistown District,2016-03-01,5.202966385391979
blm_lewistown_Lewistown District,2016-04-01,4.351887455658951
blm_lewistown_Lewistown District,2016-05-01,4.440654393169578
blm_lewistown_Lewistown District,2016-06-01,4.345808320188614
blm_lewistown_Lewistown District,2016-07-01,3.9048258224751002
blm_lewistown_Lewistown District,2016-08-01,3.952694975486047
blm_lewistown_Lewistown District,2016-09-01,4.55769026230203
blm_lewistown_Lewistown District,2016-10-01,4.7290020486731335
blm_lewistown_Lewistown District,2016-11-01,4.635268525491566
blm_lewistown_Lewistown District,2016-12-01,5.164998536988481
blm_lewistown_Lewistown District,2017-01-01,4.52368137640127
blm_lewistown_Lewistown District,2017-02-01,4.449605579843734
blm_lewistown_Lewistown District,2017-03-01,4.83083394164062
blm_lewistown_Lewistown District,2017-04-01,4.566970535297756
blm_lewistown_Lewistown District,2017-05-01,4.266228079697345
blm_lewistown_Lewistown District,2017-06-01,4.785882673523571
blm_lewistown_Lewistown District,2017-07-01,3.4784188080149163
blm_lewistown_Lewistown District,2017-08-01,3.300163462220457
blm_lewistown_Lewistown District,2017-09-01,4.050193708942994
blm_lewistown_Lewistown District,2017-10-01,5.9306429360268105
blm_lewistown_Lewistown District,2017-11-01,5.223573855544805
blm_lewistown_Lewistown District,2017-12-01,4.856275264568744
blm_lewistown_Lewistown District,2018-01-01,4.89276036740794
blm_lewistown_Lewistown District,2018-02-01,4.837461148763419
blm_lewistown_Lewistown District,2018-03-01,4.068747606004312
blm_lewistown_Lewistown District,2018-04-01,4.247437804633676
blm_lewistown_Lewistown District,2018-05-01,3.594950281335972
blm_lewistown_Lewistown District,2018-06-01,4.405807403847062
blm_lewistown_Lewistown District,2018-07-01,3.235156934933044
blm_lewistown_Lewistown District,2018-08-01,3.936316300081964
blm_lewistown_Lewistown District,2018-09-01,3.7327632441135914
blm_lewistown_Lewistown District,2018-10-01,4.42010110365527
blm_lewistown_Lewistown District,2018-11-01,4.881143854656551
blm_lewistown_Lewistown District,2018-12-01,5.18807223761781
blm_lewistown_Lewistown District,2019-01-01,5.153964523637436
blm_lewistown_Lewistown District,2019-02-01,3.69966852714194
blm_lewistown_Lewistown District,2019-03-01,3.663862253279438
blm_lewistown_Lewistown District,2019-04-01,4.592716426305684
blm_lewistown_Lewistown District,2019-05-01,4.202977050864247
blm_lewistown_Lewistown District,2019-06-01,4.0959102190811425
blm_lewistown_Lewistown District,2019-07-01,3.5860822081270376
blm_lewistown_Lewistown District,2019-08-01,3.621720659210806
blm_lewistown_Lewistown District,2019-09-01,4.499478569046521
blm_lewistown_Lewistown District,2019-10-01,5.359648536171542
blm_lewistown_Lewistown District,2019-11-01,4.949447353100915
blm_lewistown_Lewistown District,2019-12-01,4.80616465970131
blm_lewistown_Lewistown District,2020-01-01,5.1085544669966305
blm_lewistown_Lewistown District,2020-02-01,5.668064274166741
blm_lewistown_Lewistown District,2020-03-01,5.036332294784017
blm_lewistown_Lewistown District,2020-04-01,5.107715963693533
blm_lewistown_Lewistown District,2020-05-01,4.451904285712467
blm_lewistown_Lewistown District,2020-06-01,4.62721655921022
blm_lewistown_Lewistown District,2020-07-01,3.997915792320754
blm_lewistown_Lewistown District,2020-08-01,4.101449872337074
blm_lewistown_Lewistown District,2020-09-01,4.986816309858241
blm_lewistown_Lewistown District,2020-10-01,5.517341701362587
blm_lewistown_Lewistown District,2020-11-01,5.8034783830592795
blm_lewistown_Lewistown District,2020-12-01,5.395794273374889
blm_lewistown_Lewistown District,2021-01-01,5.158175569367257
blm_lewistown_Lewistown District,2021-02-01,4.797176097976508
blm_lewistown_Lewistown District,2021-03-01,4.8947130835309105
blm_lewistown_Lewistown District,2021-04-01,4.5635481568218035
blm_lewistown_Lewistown District,2021-05-01,4.130274249909174
blm_lewistown_Lewistown District,2021-06-01,4.280638944409958
blm_lewistown_Lewistown District,2021-07-01,3.274022968634204
blm_lewistown_Lewistown District,2021-08-01,3.9624976618038463
blm_lewistown_Lewistown District,2021-09-01,4.701447719058134
blm_lewistown_Lewistown District,2021-10-01,4.662184054711672
blm_lewistown_Lewistown District,2021-11-01,6.084524007842942
blm_lewistown_Lewistown District,2021-12-01,5.179161523203323
blm_lewistown_Lewistown District,2022-01-01,5.861053118788484
blm_lewistown_Lewistown District,2022-02-01,6.089340795665627
blm_lewistown_Lewistown District,2022-03-01,4.979348086155141
blm_lewistown_Lewistown District,2022-04-01,5.360072523856156
blm_lewistown_Lewistown District,2022-05-01,4.895851134728611
blm_lewistown_Lewistown District,2022-06-01,4.659847613242467
blm_lewistown_Lewistown District,2022-07-01,3.4977674228171285
blm_lewistown_Lewistown District,2022-08-01,3.784013992759749
blm_lewistown_Lewistown District,2022-09-01,3.919952260925894
blm_lewistown_Lewistown District,2022-10-01,4.4144952476467845
blm_lewistown_Lewistown District,2022-11-01,5.121974662787591
blm_lewistown_Lewistown District,2022-12-01,4.585399918239723
blm_lewistown_Lewistown District,2023-01-01,4.637385058225727
blm_lewistown_Lewistown District,2023-02-01,5.93953358335818
blm_lewistown_Lewistown District,2023-03-01,3.6529286330608386
blm_lewistown_Lewistown District,2023-04-01,4.360176260561301
blm_lewistown_Lewistown District,2023-05-01,3.16633736158133
blm_lewistown_Lewistown District,2023-06-01,3.0304507407495977
blm_lewistown_Lewistown District,2023-07-01,3.6691775930646826
blm_lewistown_Lewistown District,2023-08-01,4.009012880616856
blm_lewistown_Lewistown District,2023-09-01,3.8488662473362885
blm_lewistown_Lewistown District,2023-10-01,4.085095188959805
blm_lewistown_Lewistown District,2023-11-01,4.9707968416242885
blm_lewistown_Lewistown District,2023-12-01,4.76631337051318
blm_lewistown_Lewistown District,2024-01-01,4.242655087620455
blm_lewistown_Lewistown District,2024-02-01,4.407465404927057
blm_lewistown_Lewistown District,2024-03-01,3.674440523508461
blm_lewistown_Lewistown District,2024-04-01,5.0118791930309765
blm_lewistown_Lewistown District,2024-05-01,5.459955038560779
blm_lewistown_Lewistown District,2024-06-01,4.77364913926772
blm_lewistown_Lewistown District,2024-07-01,3.8741953138542122
blm_lewistown_Lewistown District,2024-08-01,3.484274299044282
blm_lewistown_Lewistown District,2024-09-01,4.2155521908137334
blm_lewistown_Lewistown District,2024-10-01,4.4572365169057635
blm_lewistown_Lewistown District,2024-11-01,4.598249333189132
blm_lewistown_Lewistown District,2024-12-01,4.946755088285059
blm_lewistown_Lewistown District,2025-01-01,5.066233409596881
blm_lewistown_Lewistown District,2025-02-01,4.415423729570074
blm_lewistown_Lewistown District,2025-03-01,4.817442090542183
blm_lewistown_Lewistown District,2025-04-01,4.734763612303317
blm_lewistown_Lewistown District,2025-05-01,3.9127246495679993
blm_lewistown_Lewistown District,2025-06-01,3.6652281263320448
blm_lewistown_Lewistown District,2025-07-01,3.692086958484655
blm_lewistown_Lewistown District,2025-08-01,3.5592691915418055
blm_lewistown_Lewistown District,2025-09-01,3.3460075221617207
blm_lewistown_Lewistown District,2025-10-01,3.937168360807061
blm_malta_Malta District,1979-01-01,3.1627334428901723
blm_malta_Malta District,1979-02-01,3.3396562164687444
blm_malta_Malta District,1979-03-01,3.6436150315120046
blm_malta_Malta District,1979-04-01,3.6973365272009255
blm_malta_Malta District,1979-05-01,3.681953581481874
blm_malta_Malta District,1979-06-01,4.019222133052821
blm_malta_Malta District,1979-07-01,3.3010418239289026
blm_malta_Malta District,1979-08-01,3.338692840517682
blm_malta_Malta District,1979-09-01,3.646899375463372
blm_malta_Malta District,1979-10-01,3.965209265489483
blm_malta_Malta District,1979-11-01,3.7124387443765654
blm_malta_Malta District,1979-12-01,4.532330316997394
blm_malta_Malta District,1980-01-01,3.977516157567994
blm_malta_Malta District,1980-02-01,3.1762407908703048
blm_malta_Malta District,1980-03-01,3.9433470276346823
blm_malta_Malta District,1980-04-01,4.2025634376004035
blm_malta_Malta District,1980-05-01,3.6573096289226106
blm_malta_Malta District,1980-06-01,3.556025805655849
blm_malta_Malta District,1980-07-01,3.6951739148711993
blm_malta_Malta District,1980-08-01,3.8050421541179973
blm_malta_Malta District,1980-09-01,4.253630570454823
blm_malta_Malta District,1980-10-01,3.9405604063712705
blm_malta_Malta District,1980-11-01,4.417444545323561
blm_malta_Malta District,1980-12-01,4.272668341752393
blm_malta_Malta District,1981-01-01,3.1187795519362123
blm_malta_Malta District,1981-02-01,4.328461908526709
blm_malta_Malta District,1981-03-01,3.3629067280646145
blm_malta_Malta District,1981-04-01,4.97691025252755
blm_malta_Malta District,1981-05-01,4.0388008727878
blm_malta_Malta District,1981-06-01,4.595682907073381
blm_malta_Malta District,1981-07-01,3.8236898201971066
blm_malta_Malta District,1981-08-01,2.870151814920791
blm_malta_Malta District,1981-09-01,3.842904165134372
blm_malta_Malta District,1981-10-01,4.109778437940076
blm_malta_Malta District,1981-11-01,3.4759069145529518
blm_malta_Malta District,1981-12-01,3.59316532302805
blm_malta_Malta District,1982-01-01,3.7293493594745803
blm_malta_Malta District,1982-02-01,3.516507174357895
blm_malta_Malta District,1982-03-01,3.812163770121043
blm_malta_Malta District,1982-04-01,4.565087723337914
blm_malta_Malta District,1982-05-01,3.9907659579484864
blm_malta_Malta District,1982-06-01,2.9537393104620424
blm_malta_Malta District,1982-07-01,3.7076940811318178
blm_malta_Malta District,1982-08-01,3.5943236118194695
blm_malta_Malta District,1982-09-01,4.005836595603309
blm_malta_Malta District,1982-10-01,3.8048485269646064
blm_malta_Malta District,1982-11-01,3.456134550672036
blm_malta_Malta District,1982-12-01,3.8207074534950074
blm_malta_Malta District,1983-01-01,3.515608460190712
blm_malta_Malta District,1983-02-01,3.0624168868581334
blm_malta_Malta District,1983-03-01,3.4052084312069772
blm_malta_Malta District,1983-04-01,3.4872176290439905
blm_malta_Malta District,1983-05-01,3.9831476408588
blm_malta_Malta District,1983-06-01,3.8719515753290144
blm_malta_Malta District,1983-07-01,4.219748407044894
blm_malta_Malta District,1983-08-01,3.3650759708471742
blm_malta_Malta District,1983-09-01,4.5311055484156135
blm_malta_Malta District,1983-10-01,3.6025354621098216
blm_malta_Malta District,1983-11-01,3.6096730470761056
blm_malta_Malta District,1983-12-01,3.179587196038567
blm_malta_Malta District,1984-01-01,4.56153094804821
blm_malta_Malta District,1984-02-01,4.012752167242099
blm_malta_Malta District,1984-03-01,3.57943986166348
blm_malta_Malta District,1984-04-01,4.466189649323891
blm_malta_Malta District,1984-05-01,4.967183497119023
blm_malta_Malta District,1984-06-01,4.041157754518095
blm_malta_Malta District,1984-07-01,3.6865341164537906
blm_malta_Malta District,1984-08-01,3.6957842736930733
blm_malta_Malta District,1984-09-01,3.997944035754094
blm_malta_Malta District,1984-10-01,3.975348318852047
blm_malta_Malta District,1984-11-01,3.5032202381318216
blm_malta_Malta District,1984-12-01,3.7157999880161428
blm_malta_Malta District,1985-01-01,3.771919058996369
blm_malta_Malta District,1985-02-01,4.153659975959094
blm_malta_Malta District,1985-03-01,3.9234547883648103
blm_malta_Malta District,1985-04-01,4.908789327062696
blm_malta_Malta District,1985-05-01,3.6563618050911675
blm_malta_Malta District,1985-06-01,4.439201827202739
blm_malta_Malta District,1985-07-01,3.6720720033326217
blm_malta_Malta District,1985-08-01,3.6554392505179494
blm_malta_Malta District,1985-09-01,4.501803687573931
blm_malta_Malta District,1985-10-01,5.0250361349957045
blm_malta_Malta District,1985-11-01,3.4779592535193977
blm_malta_Malta District,1985-12-01,4.321183822216185
blm_malta_Malta District,1986-01-01,4.2859651381785895
blm_malta_Malta District,1986-02-01,3.053984648251129
blm_malta_Malta District,1986-03-01,4.2887559633454115
blm_malta_Malta District,1986-04-01,4.426800068381975
blm_malta_Malta District,1986-05-01,4.381476514180778
blm_malta_Malta District,1986-06-01,3.8129897092725464
blm_malta_Malta District,1986-07-01,3.8247583054521384
blm_malta_Malta District,1986-08-01,3.2401149133953546
blm_malta_Malta District,1986-09-01,3.9669037307537653
blm_malta_Malta District,1986-10-01,3.4802494744416577
blm_malta_Malta District,1986-11-01,3.965250111445493
blm_malta_Malta District,1986-12-01,4.089790788148994
blm_malta_Malta District,1987-01-01,4.331810460136268
blm_malta_Malta District,1987-02-01,3.4043481630468015
blm_malta_Malta District,1987-03-01,3.6863973039603843
blm_malta_Malta District,1987-04-01,4.287390900467105
blm_malta_Malta District,1987-05-01,3.9409104878096644
blm_malta_Malta District,1987-06-01,4.303026685044785
blm_malta_Malta District,1987-07-01,3.616634858074578
blm_malta_Malta District,1987-08-01,3.6216159839119895
blm_malta_Malta District,1987-09-01,3.359423663160914
blm_malta_Malta District,1987-10-01,3.9048225691443994
blm_malta_Malta District,1987-11-01,3.5798542899844854
blm_malta_Malta District,1987-12-01,4.240523224656817
blm_malta_Malta District,1988-01-01,3.9818834201207935
blm_malta_Malta District,1988-02-01,4.324179176093703
blm_malta_Malta District,1988-03-01,4.892974491376574
blm_malta_Malta District,1988-04-01,4.410779326415259
blm_malta_Malta District,1988-05-01,4.627333080524878
blm_malta_Malta District,1988-06-01,3.9168464621547616
blm_malta_Malta District,1988-07-01,3.8781482779290064
blm_malta_Malta District,1988-08-01,3.8127467685701952
blm_malta_Malta District,1988-09-01,4.086214305629622
blm_malta_Malta District,1988-10-01,3.951843009611066
blm_malta_Malta District,1988-11-01,4.303054952994799
blm_malta_Malta District,1988-12-01,3.9904397362571737
blm_malta_Malta District,1989-01-01,4.695265121437146
blm_malta_Malta District,1989-02-01,3.5140790997406044
blm_malta_Malta District,1989-03-01,3.0710133407986024
blm_malta_Malta District,1989-04-01,3.8519762233839496
blm_malta_Malta District,1989-05-01,4.402737519594834
blm_malta_Malta District,1989-06-01,3.6927700454434813
blm_malta_Malta District,1989-07-01,3.5734554911344247
blm_malta_Malta District,1989-08-01,3.501760933387793
blm_malta_Malta District,1989-09-01,3.710451647736498
blm_malta_Malta District,1989-10-01,3.8292286883441715
blm_malta_Malta District,1989-11-01,4.631469477410418
blm_malta_Malta District,1989-12-01,3.8662868799879115
blm_malta_Malta District,1990-01-01,4.690472005501474
blm_malta_Malta District,1990-02-01,4.400106412942329
blm_malta_Malta District,1990-03-01,3.6671533194662644
blm_malta_Malta District,1990-04-01,3.812577211063496
blm_malta_Malta District,1990-05-01,3.8361103601588433
blm_malta_Malta District,1990-06-01,4.464798473077735
blm_malta_Malta District,1990-07-01,3.5673069588875657
blm_malta_Malta District,1990-08-01,3.4625678726671674
blm_malta_Malta District,1990-09-01,3.551059156358112
blm_malta_Malta District,1990-10-01,4.8591351143532915
blm_malta_Malta District,1990-11-01,4.607691753683219
blm_malta_Malta District,1990-12-01,4.515788765926369
blm_malta_Malta District,1991-01-01,4.122817765582692
blm_malta_Malta District,1991-02-01,4.175751100731394
blm_malta_Malta District,1991-03-01,3.7228830127209984
blm_malta_Malta District,1991-04-01,4.474633175479479
blm_malta_Malta District,1991-05-01,3.799047963263523
blm_malta_Malta District,1991-06-01,4.025756858337854
blm_malta_Malta District,1991-07-01,3.627255184746867
blm_malta_Malta District,1991-08-01,3.448896429911029
blm_malta_Malta District,1991-09-01,3.6941858790344964
blm_malta_Malta District,1991-10-01,4.4695421544403136
blm_malta_Malta District,1991-11-01,4.144356970581712
blm_malta_Malta District,1991-12-01,4.320438055641603
blm_malta_Malta District,1992-01-01,4.34715935223618
blm_malta_Malta District,1992-02-01,3.3456502770693106
blm_malta_Malta District,1992-03-01,3.0226009851333733
blm_malta_Malta District,1992-04-01,4.4753189806110605
blm_malta_Malta District,1992-05-01,4.094944494140828
blm_malta_Malta District,1992-06-01,3.748906769198716
blm_malta_Malta District,1992-07-01,3.2064375771082396
blm_malta_Malta District,1992-08-01,3.348966586895744
blm_malta_Malta District,1992-09-01,4.536162828973917
blm_malta_Malta District,1992-10-01,3.6049039529271103
blm_malta_Malta District,1992-11-01,3.7476924777601326
blm_malta_Malta District,1992-12-01,3.6844686996216045
blm_malta_Malta District,1993-01-01,3.2477823442975144
blm_malta_Malta District,1993-02-01,2.9555590928456428
blm_malta_Malta District,1993-03-01,3.622342106361605
blm_malta_Malta District,1993-04-01,3.585956208028706
blm_malta_Malta District,1993-05-01,3.9147637698275983
blm_malta_Malta District,1993-06-01,4.596995071827614
blm_malta_Malta District,1993-07-01,3.5117975557405257
blm_malta_Malta District,1993-08-01,3.552132060601432
blm_malta_Malta District,1993-09-01,3.8172357584300793
blm_malta_Malta District,1993-10-01,3.886090717558344
blm_malta_Malta District,1993-11-01,4.378645792635901
blm_malta_Malta District,1993-12-01,4.152314467811751
blm_malta_Malta District,1994-01-01,3.31135837453093
blm_malta_Malta District,1994-02-01,3.731596807543741
blm_malta_Malta District,1994-03-01,4.463463082112349
blm_malta_Malta District,1994-04-01,3.9459975385417
blm_malta_Malta District,1994-05-01,3.9737094600805256
blm_malta_Malta District,1994-06-01,4.190757582684401
blm_malta_Malta District,1994-07-01,3.416314242299923
blm_malta_Malta District,1994-08-01,3.2391572676310596
blm_malta_Malta District,1994-09-01,3.6240597365990364
blm_malta_Malta District,1994-10-01,4.1447221037096025
blm_malta_Malta District,1994-11-01,4.215930117322549
blm_malta_Malta District,1994-12-01,3.5170747400004223
blm_malta_Malta District,1995-01-01,2.6585268435554954
blm_malta_Malta District,1995-02-01,4.020025784733919
blm_malta_Malta District,1995-03-01,3.7322264911299845
blm_malta_Malta District,1995-04-01,3.852068289719026
blm_malta_Malta District,1995-05-01,3.536572697163665
blm_malta_Malta District,1995-06-01,3.232904886566799
blm_malta_Malta District,1995-07-01,3.4819248169595753
blm_malta_Malta District,1995-08-01,4.030933493425038
blm_malta_Malta District,1995-09-01,3.347094387062325
blm_malta_Malta District,1995-10-01,4.513418871716553
blm_malta_Malta District,1995-11-01,3.710072492920559
blm_malta_Malta District,1995-12-01,3.565315904851684
blm_malta_Malta District,1996-01-01,3.449772695190443
blm_malta_Malta District,1996-02-01,4.099392537502373
blm_malta_Malta District,1996-03-01,3.8038003836159295
blm_malta_Malta District,1996-04-01,4.325738007009107
blm_malta_Malta District,1996-05-01,3.6297717016123854
blm_malta_Malta District,1996-06-01,4.142471364862559
blm_malta_Malta District,1996-07-01,3.520332819174144
blm_malta_Malta District,1996-08-01,3.9697126268355314
blm_malta_Malta District,1996-09-01,3.973759610116767
blm_malta_Malta District,1996-10-01,4.0005163406485735
blm_malta_Malta District,1996-11-01,3.2307525008800186
blm_malta_Malta District,1996-12-01,3.6667443038899776
blm_malta_Malta District,1997-01-01,3.548142241674592
blm_malta_Malta District,1997-02-01,3.4230519445526335
blm_malta_Malta District,1997-03-01,4.3312407877715895
blm_malta_Malta District,1997-04-01,4.20655140818695
blm_malta_Malta District,1997-05-01,4.214889363083128
blm_malta_Malta District,1997-06-01,4.072209662123834
blm_malta_Malta District,1997-07-01,3.7618094745435213
blm_malta_Malta District,1997-08-01,3.3324060920219205
blm_malta_Malta District,1997-09-01,4.168534871027126
blm_malta_Malta District,1997-10-01,4.306956035824328
blm_malta_Malta District,1997-11-01,3.297082060780303
blm_malta_Malta District,1997-12-01,4.025159594337543
blm_malta_Malta District,1998-01-01,3.2389327693161833
blm_malta_Malta District,1998-02-01,2.8586784594989227
blm_malta_Malta District,1998-03-01,2.9159417050255025
blm_malta_Malta District,1998-04-01,3.597193708986031
blm_malta_Malta District,1998-05-01,4.0215794989315
blm_malta_Malta District,1998-06-01,3.833608098318391
blm_malta_Malta District,1998-07-01,3.3303778574953085
blm_malta_Malta District,1998-08-01,3.2347430161882245
blm_malta_Malta District,1998-09-01,3.31836015341229
blm_malta_Malta District,1998-10-01,3.590963811291566
blm_malta_Malta District,1998-11-01,3.746211401324212
blm_malta_Malta District,1998-12-01,4.232248940328869
blm_malta_Malta District,1999-01-01,3.5744818841026573
blm_malta_Malta District,1999-02-01,4.242576740834442
blm_malta_Malta District,1999-03-01,3.601180734765068
blm_malta_Malta District,1999-04-01,3.8704088744312433
blm_malta_Malta District,1999-05-01,4.086680032990196
blm_malta_Malta District,1999-06-01,3.980368283739708
blm_malta_Malta District,1999-07-01,4.129652421440234
blm_malta_Malta District,1999-08-01,3.6678275222516983
blm_malta_Malta District,1999-09-01,3.649878937454522
blm_malta_Malta District,1999-10-01,4.151167397708569
blm_malta_Malta District,1999-11-01,3.6373270979753105
blm_malta_Malta District,1999-12-01,4.308113624138021
blm_malta_Malta District,2000-01-01,3.3611044026084858
blm_malta_Malta District,2000-02-01,3.117154384240113
blm_malta_Malta District,2000-03-01,4.2548183633120695
blm_malta_Malta District,2000-04-01,4.447977389652556
blm_malta_Malta District,2000-05-01,4.23334549519745
blm_malta_Malta District,2000-06-01,4.177204593050319
blm_malta_Malta District,2000-07-01,3.2180351896252826
blm_malta_Malta District,2000-08-01,3.6501059288457975
blm_malta_Malta District,2000-09-01,4.271481811144706
blm_malta_Malta District,2000-10-01,3.176357886282036
blm_malta_Malta District,2000-11-01,3.7487291627575283
blm_malta_Malta District,2000-12-01,3.2123531944702997
blm_malta_Malta District,2001-01-01,3.5085043904572895
blm_malta_Malta District,2001-02-01,2.921980825493055
blm_malta_Malta District,2001-03-01,3.9480475299303404
blm_malta_Malta District,2001-04-01,4.377583734726792
blm_malta_Malta District,2001-05-01,5.273395158042592
blm_malta_Malta District,2001-06-01,4.142496748818891
blm_malta_Malta District,2001-07-01,3.41360900089916
blm_malta_Malta District,2001-08-01,3.2474575148504057
blm_malta_Malta District,2001-09-01,3.668110046971617
blm_malta_Malta District,2001-10-01,4.648935026114482
blm_malta_Malta District,2001-11-01,3.6799999990376144
blm_malta_Malta District,2001-12-01,3.5898202530142016
blm_malta_Malta District,2002-01-01,4.026437153397254
blm_malta_Malta District,2002-02-01,4.458579815901482
blm_malta_Malta District,2002-03-01,3.738635307241907
blm_malta_Malta District,2002-04-01,4.553031754317415
blm_malta_Malta District,2002-05-01,4.859490797280125
blm_malta_Malta District,2002-06-01,4.14226475385232
blm_malta_Malta District,2002-07-01,3.906563155855392
blm_malta_Malta District,2002-08-01,3.5024197025888117
blm_malta_Malta District,2002-09-01,3.947727275288795
blm_malta_Malta District,2002-10-01,3.5121602605041495
blm_malta_Malta District,2002-11-01,4.27078367539622
blm_malta_Malta District,2002-12-01,3.680051627186082
blm_malta_Malta District,2003-01-01,3.893207421454205
blm_malta_Malta District,2003-02-01,3.3046526422496463
blm_malta_Malta District,2003-03-01,3.958789227215193
blm_malta_Malta District,2003-04-01,3.599242428013842
blm_malta_Malta District,2003-05-01,3.9840112680868254
blm_malta_Malta District,2003-06-01,3.87001160208481
blm_malta_Malta District,2003-07-01,3.8275344028530975
blm_malta_Malta District,2003-08-01,3.6122788247879614
blm_malta_Malta District,2003-09-01,4.149913739515108
blm_malta_Malta District,2003-10-01,4.503488882047397
blm_malta_Malta District,2003-11-01,3.9349006848938832
blm_malta_Malta District,2003-12-01,3.519271349429877
blm_malta_Malta District,2004-01-01,3.4427436861902696
blm_malta_Malta District,2004-02-01,3.1376880475519635
blm_malta_Malta District,2004-03-01,4.322107789411707
blm_malta_Malta District,2004-04-01,3.7788320996026052
blm_malta_Malta District,2004-05-01,4.4864941268653755
blm_malta_Malta District,2004-06-01,3.8525112397051626
blm_malta_Malta District,2004-07-01,3.612348981917864
blm_malta_Malta District,2004-08-01,3.6421873366226056
blm_malta_Malta District,2004-09-01,3.715527767303354
blm_malta_Malta District,2004-10-01,3.78545720305532
blm_malta_Malta District,2004-11-01,3.971934174443909
blm_malta_Malta District,2004-12-01,4.477901318478761
blm_malta_Malta District,2005-01-01,3.3530237542488823
blm_malta_Malta District,2005-02-01,3.4549951796015224
blm_malta_Malta District,2005-03-01,4.480430471269708
blm_malta_Malta District,2005-04-01,4.769493983485689
blm_malta_Malta District,2005-05-01,4.2374012347354535
blm_malta_Malta District,2005-06-01,3.666953743515247
blm_malta_Malta District,2005-07-01,4.088295039585125
blm_malta_Malta District,2005-08-01,3.6070984533010435
blm_malta_Malta District,2005-09-01,3.854319272844
blm_malta_Malta District,2005-10-01,3.7072738397116245
blm_malta_Malta District,2005-11-01,4.413962595926362
blm_malta_Malta District,2005-12-01,4.135995305740818
blm_malta_Malta District,2006-01-01,4.306669801979181
blm_malta_Malta District,2006-02-01,4.178394332456817
blm_malta_Malta District,2006-03-01,3.886762822488434
blm_malta_Malta District,2006-04-01,4.12550529758533
blm_malta_Malta District,2006-05-01,4.337166931744294
blm_malta_Malta District,2006-06-01,4.382647532336138
blm_malta_Malta District,2006-07-01,3.6573994250959188
blm_malta_Malta District,2006-08-01,3.3373086420335474
blm_malta_Malta District,2006-09-01,3.92136508980851
blm_malta_Malta District,2006-10-01,3.8357097630710277
blm_malta_Malta District,2006-11-01,4.619362041140287
blm_malta_Malta District,2006-12-01,4.322351229092306
blm_malta_Malta District,2007-01-01,4.69065512486674
blm_malta_Malta District,2007-02-01,3.863318678865022
blm_malta_Malta District,2007-03-01,4.521496014109691
blm_malta_Malta District,2007-04-01,3.8941365864651263
blm_malta_Malta District,2007-05-01,4.151368745257928
blm_malta_Malta District,2007-06-01,4.049962308936764
blm_malta_Malta District,2007-07-01,3.2188714493249178
blm_malta_Malta District,2007-08-01,3.8286520052910267
blm_malta_Malta District,2007-09-01,3.990698856703869
blm_malta_Malta District,2007-10-01,4.600190122991399
blm_malta_Malta District,2007-11-01,4.6839212721044365
blm_malta_Malta District,2007-12-01,3.827712600103613
blm_malta_Malta District,2008-01-01,4.035292336556019
blm_malta_Malta District,2008-02-01,3.6450068239752964
blm_malta_Malta District,2008-03-01,4.260207094436835
blm_malta_Malta District,2008-04-01,4.272262578842276
blm_malta_Malta District,2008-05-01,4.306488091036153
blm_malta_Malta District,2008-06-01,3.923779906112767
blm_malta_Malta District,2008-07-01,3.8969727307104347
blm_malta_Malta District,2008-08-01,4.161358356061009
blm_malta_Malta District,2008-09-01,3.3163484107312455
blm_malta_Malta District,2008-10-01,4.370445767606326
blm_malta_Malta District,2008-11-01,4.336467308238984
blm_malta_Malta District,2008-12-01,4.187210419790907
blm_malta_Malta District,2009-01-01,4.652776101559543
blm_malta_Malta District,2009-02-01,3.3194261443464588
blm_malta_Malta District,2009-03-01,3.988154024287585
blm_malta_Malta District,2009-04-01,4.139725246238625
blm_malta_Malta District,2009-05-01,4.311925917410135
blm_malta_Malta District,2009-06-01,3.576099025472033
blm_malta_Malta District,2009-07-01,3.437077126953072
blm_malta_Malta District,2009-08-01,3.637394228672245
blm_malta_Malta District,2009-09-01,4.154617957210167
blm_malta_Malta District,2009-10-01,4.3540360963878655
blm_malta_Malta District,2009-11-01,4.510067421542711
blm_malta_Malta District,2009-12-01,3.3186630894174365
blm_malta_Malta District,2010-01-01,3.20943958345005
blm_malta_Malta District,2010-02-01,2.4747607624235233
blm_malta_Malta District,2010-03-01,3.4485687919677264
blm_malta_Malta District,2010-04-01,5.190042766087363
blm_malta_Malta District,2010-05-01,4.296513897328337
blm_malta_Malta District,2010-06-01,3.9561128020545824
blm_malta_Malta District,2010-07-01,3.6677257912529195
blm_malta_Malta District,2010-08-01,3.585612951231397
blm_malta_Malta District,2010-09-01,3.9444019164972692
blm_malta_Malta District,2010-10-01,3.859566559891122
blm_malta_Malta District,2010-11-01,3.988365957559633
blm_malta_Malta District,2010-12-01,3.164745535213774
blm_malta_Malta District,2011-01-01,4.119160501632342
blm_malta_Malta District,2011-02-01,4.271518671289638
blm_malta_Malta District,2011-03-01,3.6699315204782144
blm_malta_Malta District,2011-04-01,3.990130490507961
blm_malta_Malta District,2011-05-01,4.389722735791581
blm_malta_Malta District,2011-06-01,4.303708863652442
blm_malta_Malta District,2011-07-01,3.8859679453162435
blm_malta_Malta District,2011-08-01,3.3390555460590963
blm_malta_Malta District,2011-09-01,3.9369936243976493
blm_malta_Malta District,2011-10-01,4.236476579143877
blm_malta_Malta District,2011-11-01,4.590975786717677
blm_malta_Malta District,2011-12-01,4.714887249257161
blm_malta_Malta District,2012-01-01,4.94519426719994
blm_malta_Malta District,2012-02-01,3.57881237688973
blm_malta_Malta District,2012-03-01,4.963143865976089
blm_malta_Malta District,2012-04-01,4.538013631439873
blm_malta_Malta District,2012-05-01,4.628793023523428
blm_malta_Malta District,2012-06-01,5.008909672330182
blm_malta_Malta District,2012-07-01,3.527340069756709
blm_malta_Malta District,2012-08-01,3.403326128088116
blm_malta_Malta District,2012-09-01,3.6693685729382297
blm_malta_Malta District,2012-10-01,4.298598262059683
blm_malta_Malta District,2012-11-01,3.677379294964167
blm_malta_Malta District,2012-12-01,3.563747905761898
blm_malta_Malta District,2013-01-01,4.177948332185484
blm_malta_Malta District,2013-02-01,4.046000592653624
blm_malta_Malta District,2013-03-01,3.6779848081539797
blm_malta_Malta District,2013-04-01,4.634401917457581
blm_malta_Malta District,2013-05-01,3.898863447495469
blm_malta_Malta District,2013-06-01,3.8894823860116188
blm_malta_Malta District,2013-07-01,3.285648027312605
blm_malta_Malta District,2013-08-01,3.32315662566762
blm_malta_Malta District,2013-09-01,3.810685810289885
blm_malta_Malta District,2013-10-01,4.147726210525317
blm_malta_Malta District,2013-11-01,3.7496962474708506
blm_malta_Malta District,2013-12-01,4.1317690679331145
blm_malta_Malta District,2014-01-01,4.613373976212162
blm_malta_Malta District,2014-02-01,3.893281237515951
blm_malta_Malta District,2014-03-01,4.044119458864335
blm_malta_Malta District,2014-04-01,4.7327265483288725
blm_malta_Malta District,2014-05-01,3.404242371102425
blm_malta_Malta District,2014-06-01,3.9017877384287836
blm_malta_Malta District,2014-07-01,3.808858686086664
blm_malta_Malta District,2014-08-01,3.341257065469776
blm_malta_Malta District,2014-09-01,3.7730803259459202
blm_malta_Malta District,2014-10-01,4.51505141981066
blm_malta_Malta District,2014-11-01,4.343517476136189
blm_malta_Malta District,2014-12-01,3.499717265276766
blm_malta_Malta District,2015-01-01,4.107863862548719
blm_malta_Malta District,2015-02-01,3.782772010645176
blm_malta_Malta District,2015-03-01,4.474149343344169
blm_malta_Malta District,2015-04-01,4.150104402147619
blm_malta_Malta District,2015-05-01,3.7163963246832936
blm_malta_Malta District,2015-06-01,3.2388879221488516
blm_malta_Malta District,2015-07-01,3.9586243613899765
blm_malta_Malta District,2015-08-01,3.6017405834857565
blm_malta_Malta District,2015-09-01,3.753460929931999
blm_malta_Malta District,2015-10-01,3.8993363136724577
blm_malta_Malta District,2015-11-01,4.23488256059143
blm_malta_Malta District,2015-12-01,3.4786323599319657
blm_malta_Malta District,2016-01-01,3.312076778658684
blm_malta_Malta District,2016-02-01,4.528013680332792
blm_malta_Malta District,2016-03-01,4.414455075998211
blm_malta_Malta District,2016-04-01,4.171632599446918
blm_malta_Malta District,2016-05-01,4.1203636831695905
blm_malta_Malta District,2016-06-01,4.273555895202623
blm_malta_Malta District,2016-07-01,3.645337386253659
blm_malta_Malta District,2016-08-01,3.861892259603171
blm_malta_Malta District,2016-09-01,4.188993042632257
blm_malta_Malta District,2016-10-01,3.9966212431728034
blm_malta_Malta District,2016-11-01,3.874348268813805
blm_malta_Malta District,2016-12-01,4.432197023184727
blm_malta_Malta District,2017-01-01,3.7136307465817526
blm_malta_Malta District,2017-02-01,3.5529213000401665
blm_malta_Malta District,2017-03-01,4.223277290886824
blm_malta_Malta District,2017-04-01,4.339660727288112
blm_malta_Malta District,2017-05-01,4.182301551686934
blm_malta_Malta District,2017-06-01,4.685812677907757
blm_malta_Malta District,2017-07-01,3.585135888617782
blm_malta_Malta District,2017-08-01,3.304146965569442
blm_malta_Malta District,2017-09-01,3.6395628502598116
blm_malta_Malta District,2017-10-01,5.173831543542863
blm_malta_Malta District,2017-11-01,4.245015951383109
blm_malta_Malta District,2017-12-01,4.170943175828576
blm_malta_Malta District,2018-01-01,3.7191724241583595
blm_malta_Malta District,2018-02-01,3.5868607439026206
blm_malta_Malta District,2018-03-01,3.1513820849278016
blm_malta_Malta District,2018-04-01,3.658133247615255
blm_malta_Malta District,2018-05-01,3.3856290907588096
blm_malta_Malta District,2018-06-01,4.243542852947224
blm_malta_Malta District,2018-07-01,3.3258457360136973
blm_malta_Malta District,2018-08-01,3.7129270767014457
blm_malta_Malta District,2018-09-01,3.4487103120095317
blm_malta_Malta District,2018-10-01,3.8248060089238263
blm_malta_Malta District,2018-11-01,3.8789372210815816
blm_malta_Malta District,2018-12-01,4.084558494042293
blm_malta_Malta District,2019-01-01,4.068425254388289
blm_malta_Malta District,2019-02-01,3.104487973744582
blm_malta_Malta District,2019-03-01,3.256263588811585
blm_malta_Malta District,2019-04-01,4.200614043296342
blm_malta_Malta District,2019-05-01,3.8316547131735432
blm_malta_Malta District,2019-06-01,3.939809341853782
blm_malta_Malta District,2019-07-01,3.7731608336466507
blm_malta_Malta District,2019-08-01,3.5493629724889177
blm_malta_Malta District,2019-09-01,4.167917217882678
blm_malta_Malta District,2019-10-01,4.614234805677496
blm_malta_Malta District,2019-11-01,4.089148905755334
blm_malta_Malta District,2019-12-01,3.564240406885931
blm_malta_Malta District,2020-01-01,3.779155727415927
blm_malta_Malta District,2020-02-01,4.274897632053387
blm_malta_Malta District,2020-03-01,4.223790141539555
blm_malta_Malta District,2020-04-01,4.525438597068521
blm_malta_Malta District,2020-05-01,4.157823165378761
blm_malta_Malta District,2020-06-01,4.3149035893195915
blm_malta_Malta District,2020-07-01,3.8694958462825078
blm_malta_Malta District,2020-08-01,3.9196733397056143
blm_malta_Malta District,2020-09-01,4.348010011215011
blm_malta_Malta District,2020-10-01,4.381249903232546
blm_malta_Malta District,2020-11-01,4.579064086034227
blm_malta_Malta District,2020-12-01,3.9959491425464857
blm_malta_Malta District,2021-01-01,4.163256802523639
blm_malta_Malta District,2021-02-01,3.9332869880455585
blm_malta_Malta District,2021-03-01,4.303702871194867
blm_malta_Malta District,2021-04-01,4.223589245938072
blm_malta_Malta District,2021-05-01,3.8356711790322118
blm_malta_Malta District,2021-06-01,4.272627237829347
blm_malta_Malta District,2021-07-01,3.1420982467863756
blm_malta_Malta District,2021-08-01,3.677051732259089
blm_malta_Malta District,2021-09-01,4.179247501675281
blm_malta_Malta District,2021-10-01,4.015555137134003
blm_malta_Malta District,2021-11-01,4.860149338640509
blm_malta_Malta District,2021-12-01,3.8519896377216685
blm_malta_Malta District,2022-01-01,4.557905953674018
blm_malta_Malta District,2022-02-01,4.867905302947892
blm_malta_Malta District,2022-03-01,4.391400170668461
blm_malta_Malta District,2022-04-01,5.0315064484785825
blm_malta_Malta District,2022-05-01,4.693108514372605
blm_malta_Malta District,2022-06-01,4.338741489626522
blm_malta_Malta District,2022-07-01,3.305030933614916
blm_malta_Malta District,2022-08-01,3.598252384752852
blm_malta_Malta District,2022-09-01,3.6655806834514166
blm_malta_Malta District,2022-10-01,3.9965693248567917
blm_malta_Malta District,2022-11-01,4.425480640313064
blm_malta_Malta District,2022-12-01,3.524591333972936
blm_malta_Malta District,2023-01-01,3.5438465504295777
blm_malta_Malta District,2023-02-01,4.7381788671613
blm_malta_Malta District,2023-03-01,3.2341284400330985
blm_malta_Malta District,2023-04-01,3.8169921696211992
blm_malta_Malta District,2023-05-01,3.2006601675949495
blm_malta_Malta District,2023-06-01,3.2113832120741903
blm_malta_Malta District,2023-07-01,3.607334174970898
blm_malta_Malta District,2023-08-01,3.776590096789788
blm_malta_Malta District,2023-09-01,3.5774024893481506
blm_malta_Malta District,2023-10-01,3.7992451047835116
blm_malta_Malta District,2023-11-01,3.857103812689364
blm_malta_Malta District,2023-12-01,3.692057555994297
blm_malta_Malta District,2024-01-01,3.387427904129858
blm_malta_Malta District,2024-02-01,3.3784351513768445
blm_malta_Malta District,2024-03-01,3.3125945292850743
blm_malta_Malta District,2024-04-01,4.643678407920034
blm_malta_Malta District,2024-05-01,4.781954291179005
blm_malta_Malta District,2024-06-01,4.504314921533818
blm_malta_Malta District,2024-07-01,3.522300719074085
blm_malta_Malta District,2024-08-01,3.3153208243738
blm_malta_Malta District,2024-09-01,3.972627964420078
blm_malta_Malta District,2024-10-01,4.020933355129817
blm_malta_Malta District,2024-11-01,3.82281571748517
blm_malta_Malta District,2024-12-01,3.7048955305911706
blm_malta_Malta District,2025-01-01,4.133484399178693
blm_malta_Malta District,2025-02-01,3.5853927161912393
blm_malta_Malta District,2025-03-01,4.0064894877189445
blm_malta_Malta District,2025-04-01,4.209505589021813
blm_malta_Malta District,2025-05-01,3.770969835609496
blm_malta_Malta District,2025-06-01,3.7799021300153663
blm_malta_Malta District,2025-07-01,3.559643038359348
blm_malta_Malta District,2025-08-01,3.2816947045768017
blm_malta_Malta District,2025-09-01,3.1948963291181487
blm_malta_Malta District,2025-10-01,4.088763227354915
blm_miles-city_Miles City District,1979-01-01,3.4216547316441335
blm_miles-city_Miles City District,1979-02-01,3.42650042323736
blm_miles-city_Miles City District,1979-03-01,3.6578086604122135
blm_miles-city_Miles City District,1979-04-01,4.107331636240209
blm_miles-city_Miles City District,1979-05-01,3.7836709419660752
blm_miles-city_Miles City District,1979-06-01,4.066843557980221
blm_miles-city_Miles City District,1979-07-01,3.3048194876526327
blm_miles-city_Miles City District,1979-08-01,3.4695713257546053
blm_miles-city_Miles City District,1979-09-01,3.7783891413525743
blm_miles-city_Miles City District,1979-10-01,4.115259870125676
blm_miles-city_Miles City District,1979-11-01,3.6686246734742545
blm_miles-city_Miles City District,1979-12-01,4.321798897154891
blm_miles-city_Miles City District,1980-01-01,4.061648225709881
blm_miles-city_Miles City District,1980-02-01,3.389943830169966
blm_miles-city_Miles City District,1980-03-01,3.783168865285315
blm_miles-city_Miles City District,1980-04-01,4.281350270877767
blm_miles-city_Miles City District,1980-05-01,3.843984103060743
blm_miles-city_Miles City District,1980-06-01,3.760619095756031
blm_miles-city_Miles City District,1980-07-01,3.503756724509424
blm_miles-city_Miles City District,1980-08-01,3.895830879011165
blm_miles-city_Miles City District,1980-09-01,3.9566529517682536
blm_miles-city_Miles City District,1980-10-01,4.301803756484109
blm_miles-city_Miles City District,1980-11-01,4.120570377411826
blm_miles-city_Miles City District,1980-12-01,3.9146653293345492
blm_miles-city_Miles City District,1981-01-01,3.4314932564736496
blm_miles-city_Miles City District,1981-02-01,4.345268665357291
blm_miles-city_Miles City District,1981-03-01,3.4761382755437586
blm_miles-city_Miles City District,1981-04-01,4.49995128578685
blm_miles-city_Miles City District,1981-05-01,4.464379264635883
blm_miles-city_Miles City District,1981-06-01,4.127097522427627
blm_miles-city_Miles City District,1981-07-01,3.335249989040864
blm_miles-city_Miles City District,1981-08-01,3.0342664145922686
blm_miles-city_Miles City District,1981-09-01,3.851771664572087
blm_miles-city_Miles City District,1981-10-01,4.202322772324559
blm_miles-city_Miles City District,1981-11-01,3.3609250815041896
blm_miles-city_Miles City District,1981-12-01,3.4002283839646315
blm_miles-city_Miles City District,1982-01-01,3.7284610548842103
blm_miles-city_Miles City District,1982-02-01,3.6552603552953067
blm_miles-city_Miles City District,1982-03-01,4.208498851124464
blm_miles-city_Miles City District,1982-04-01,4.438245364979637
blm_miles-city_Miles City District,1982-05-01,4.015903834553772
blm_miles-city_Miles City District,1982-06-01,3.337824440367782
blm_miles-city_Miles City District,1982-07-01,3.515742738928887
blm_miles-city_Miles City District,1982-08-01,3.5654182353571784
blm_miles-city_Miles City District,1982-09-01,3.869413544993666
blm_miles-city_Miles City District,1982-10-01,4.05348164232175
blm_miles-city_Miles City District,1982-11-01,3.497587965579363
blm_miles-city_Miles City District,1982-12-01,3.8848568248424034
blm_miles-city_Miles City District,1983-01-01,3.451454538864662
blm_miles-city_Miles City District,1983-02-01,3.1426058029005395
blm_miles-city_Miles City District,1983-03-01,3.9173185631852685
blm_miles-city_Miles City District,1983-04-01,3.873524879421468
blm_miles-city_Miles City District,1983-05-01,3.798636981158197
blm_miles-city_Miles City District,1983-06-01,3.6349186505889786
blm_miles-city_Miles City District,1983-07-01,3.8636735102645927
blm_miles-city_Miles City District,1983-08-01,3.2433396792303557
blm_miles-city_Miles City District,1983-09-01,4.3230263956829855
blm_miles-city_Miles City District,1983-10-01,3.513165477083977
blm_miles-city_Miles City District,1983-11-01,3.391290199743091
blm_miles-city_Miles City District,1983-12-01,3.4482923493076805
blm_miles-city_Miles City District,1984-01-01,4.28184567062051
blm_miles-city_Miles City District,1984-02-01,3.822108008432605
blm_miles-city_Miles City District,1984-03-01,3.6262815320667694
blm_miles-city_Miles City District,1984-04-01,4.824064034000293
blm_miles-city_Miles City District,1984-05-01,4.311993792365548
blm_miles-city_Miles City District,1984-06-01,3.764548339380985
blm_miles-city_Miles City District,1984-07-01,3.3290459838411457
blm_miles-city_Miles City District,1984-08-01,3.6627540061002963
blm_miles-city_Miles City District,1984-09-01,4.028684267391547
blm_miles-city_Miles City District,1984-10-01,3.912611214716778
blm_miles-city_Miles City District,1984-11-01,3.696495460800903
blm_miles-city_Miles City District,1984-12-01,3.5823866672534814
blm_miles-city_Miles City District,1985-01-01,3.90501537036138
blm_miles-city_Miles City District,1985-02-01,3.755967242154848
blm_miles-city_Miles City District,1985-03-01,3.9616894197991703
blm_miles-city_Miles City District,1985-04-01,4.277020910845712
blm_miles-city_Miles City District,1985-05-01,3.795282570681155
blm_miles-city_Miles City District,1985-06-01,4.2367144365045455
blm_miles-city_Miles City District,1985-07-01,3.6162196460701144
blm_miles-city_Miles City District,1985-08-01,3.902266018540851
blm_miles-city_Miles City District,1985-09-01,4.431315266957483
blm_miles-city_Miles City District,1985-10-01,4.524422395817944
blm_miles-city_Miles City District,1985-11-01,3.573104898687389
blm_miles-city_Miles City District,1985-12-01,4.400276893451725
blm_miles-city_Miles City District,1986-01-01,4.2123764139366475
blm_miles-city_Miles City District,1986-02-01,3.2662432077388353
blm_miles-city_Miles City District,1986-03-01,4.184382196722994
blm_miles-city_Miles City District,1986-04-01,4.4965200517897435
blm_miles-city_Miles City District,1986-05-01,4.661327408134058
blm_miles-city_Miles City District,1986-06-01,3.792792286085352
blm_miles-city_Miles City District,1986-07-01,3.5132414570393276
blm_miles-city_Miles City District,1986-08-01,3.351872412084045
blm_miles-city_Miles City District,1986-09-01,3.858946744416006
blm_miles-city_Miles City District,1986-10-01,3.4802195029956935
blm_miles-city_Miles City District,1986-11-01,3.975309785459694
blm_miles-city_Miles City District,1986-12-01,4.082589426694203
blm_miles-city_Miles City District,1987-01-01,4.2037640414227155
blm_miles-city_Miles City District,1987-02-01,3.317721337722731
blm_miles-city_Miles City District,1987-03-01,4.041997724913577
blm_miles-city_Miles City District,1987-04-01,4.419788597931792
blm_miles-city_Miles City District,1987-05-01,3.7953049959984866
blm_miles-city_Miles City District,1987-06-01,4.139357741621918
blm_miles-city_Miles City District,1987-07-01,3.357801338905103
blm_miles-city_Miles City District,1987-08-01,3.4824017758198953
blm_miles-city_Miles City District,1987-09-01,3.2653575458402124
blm_miles-city_Miles City District,1987-10-01,4.237257423689092
blm_miles-city_Miles City District,1987-11-01,3.370587396296957
blm_miles-city_Miles City District,1987-12-01,4.118280171637638
blm_miles-city_Miles City District,1988-01-01,4.134979488055363
blm_miles-city_Miles City District,1988-02-01,4.255695425456011
blm_miles-city_Miles City District,1988-03-01,4.676867388501746
blm_miles-city_Miles City District,1988-04-01,4.124031887253351
blm_miles-city_Miles City District,1988-05-01,4.584880635091585
blm_miles-city_Miles City District,1988-06-01,4.044746977990656
blm_miles-city_Miles City District,1988-07-01,3.740804062765113
blm_miles-city_Miles City District,1988-08-01,3.6657921638377813
blm_miles-city_Miles City District,1988-09-01,3.9701603376703014
blm_miles-city_Miles City District,1988-10-01,3.9296954437904272
blm_miles-city_Miles City District,1988-11-01,4.161562620883091
blm_miles-city_Miles City District,1988-12-01,4.072180613959959
blm_miles-city_Miles City District,1989-01-01,4.478003360051979
blm_miles-city_Miles City District,1989-02-01,3.7377680579325125
blm_miles-city_Miles City District,1989-03-01,3.1636254559445462
blm_miles-city_Miles City District,1989-04-01,4.1286402855842255
blm_miles-city_Miles City District,1989-05-01,4.24007861652791
blm_miles-city_Miles City District,1989-06-01,3.832854242688817
blm_miles-city_Miles City District,1989-07-01,3.735588221016861
blm_miles-city_Miles City District,1989-08-01,3.5041100596935064
blm_miles-city_Miles City District,1989-09-01,3.779879876081573
blm_miles-city_Miles City District,1989-10-01,3.9409441069089866
blm_miles-city_Miles City District,1989-11-01,4.362825393676758
blm_miles-city_Miles City District,1989-12-01,3.82540230248356
blm_miles-city_Miles City District,1990-01-01,4.4357333050345185
blm_miles-city_Miles City District,1990-02-01,4.050809244393761
blm_miles-city_Miles City District,1990-03-01,4.181559161857092
blm_miles-city_Miles City District,1990-04-01,3.8741316731414512
blm_miles-city_Miles City District,1990-05-01,4.109375795968951
blm_miles-city_Miles City District,1990-06-01,4.020964813489513
blm_miles-city_Miles City District,1990-07-01,3.5989775122497463
blm_miles-city_Miles City District,1990-08-01,3.48347688915375
blm_miles-city_Miles City District,1990-09-01,3.6379322769219704
blm_miles-city_Miles City District,1990-10-01,4.392407365540776
blm_miles-city_Miles City District,1990-11-01,4.296996318353562
blm_miles-city_Miles City District,1990-12-01,4.27106750965389
blm_miles-city_Miles City District,1991-01-01,4.091063114625236
blm_miles-city_Miles City District,1991-02-01,4.073191985234229
blm_miles-city_Miles City District,1991-03-01,3.9451246667530695
blm_miles-city_Miles City District,1991-04-01,4.608409481746791
blm_miles-city_Miles City District,1991-05-01,4.060530083437919
blm_miles-city_Miles City District,1991-06-01,3.8231895580870883
blm_miles-city_Miles City District,1991-07-01,3.5941575676980815
blm_miles-city_Miles City District,1991-08-01,3.773323007765206
blm_miles-city_Miles City District,1991-09-01,3.920255865533831
blm_miles-city_Miles City District,1991-10-01,4.344899941282294
blm_miles-city_Miles City District,1991-11-01,4.0896462395905635
blm_miles-city_Miles City District,1991-12-01,4.227011998347879
blm_miles-city_Miles City District,1992-01-01,4.239355927326893
blm_miles-city_Miles City District,1992-02-01,3.555312828193593
blm_miles-city_Miles City District,1992-03-01,3.2813962337039793
blm_miles-city_Miles City District,1992-04-01,4.252588920946424
blm_miles-city_Miles City District,1992-05-01,4.053548925851179
blm_miles-city_Miles City District,1992-06-01,3.9406006422811415
blm_miles-city_Miles City District,1992-07-01,3.300518563941172
blm_miles-city_Miles City District,1992-08-01,3.39829418215389
blm_miles-city_Miles City District,1992-09-01,4.214702523356805
blm_miles-city_Miles City District,1992-10-01,3.8089721095616107
blm_miles-city_Miles City District,1992-11-01,3.758412791029143
blm_miles-city_Miles City District,1992-12-01,3.7581249258642706
blm_miles-city_Miles City District,1993-01-01,3.449859025191503
blm_miles-city_Miles City District,1993-02-01,3.0099932078301705
blm_miles-city_Miles City District,1993-03-01,3.8331857924090613
blm_miles-city_Miles City District,1993-04-01,3.585528284581917
blm_miles-city_Miles City District,1993-05-01,3.9629219849588653
blm_miles-city_Miles City District,1993-06-01,4.589557792319072
blm_miles-city_Miles City District,1993-07-01,3.783376659255022
blm_miles-city_Miles City District,1993-08-01,3.6960336442499777
blm_miles-city_Miles City District,1993-09-01,3.9516903157943224
blm_miles-city_Miles City District,1993-10-01,4.0362317245474735
blm_miles-city_Miles City District,1993-11-01,4.38325955709453
blm_miles-city_Miles City District,1993-12-01,4.341936398073439
blm_miles-city_Miles City District,1994-01-01,3.5149102024268886
blm_miles-city_Miles City District,1994-02-01,3.9363461778870237
blm_miles-city_Miles City District,1994-03-01,4.304044611439126
blm_miles-city_Miles City District,1994-04-01,4.1340526907993365
blm_miles-city_Miles City District,1994-05-01,3.8903912321054435
blm_miles-city_Miles City District,1994-06-01,4.091212166627609
blm_miles-city_Miles City District,1994-07-01,3.3355127035489014
blm_miles-city_Miles City District,1994-08-01,3.408099294791292
blm_miles-city_Miles City District,1994-09-01,3.7754918684618426
blm_miles-city_Miles City District,1994-10-01,4.205801678197743
blm_miles-city_Miles City District,1994-11-01,4.129157685056311
blm_miles-city_Miles City District,1994-12-01,3.578749397623688
blm_miles-city_Miles City District,1995-01-01,3.1431520265800863
blm_miles-city_Miles City District,1995-02-01,4.184795075932372
blm_miles-city_Miles City District,1995-03-01,3.988716537206858
blm_miles-city_Miles City District,1995-04-01,4.070635182125479
blm_miles-city_Miles City District,1995-05-01,3.8228474621672635
blm_miles-city_Miles City District,1995-06-01,3.633841275830545
blm_miles-city_Miles City District,1995-07-01,3.3920805665339837
blm_miles-city_Miles City District,1995-08-01,4.001828467365561
blm_miles-city_Miles City District,1995-09-01,3.491627408582696
blm_miles-city_Miles City District,1995-10-01,4.493032110772528
blm_miles-city_Miles City District,1995-11-01,3.7752492455564752
blm_miles-city_Miles City District,1995-12-01,3.62863177247134
blm_miles-city_Miles City District,1996-01-01,3.598804510986088
blm_miles-city_Miles City District,1996-02-01,4.383474402577869
blm_miles-city_Miles City District,1996-03-01,3.994986899932857
blm_miles-city_Miles City District,1996-04-01,4.156335607120317
blm_miles-city_Miles City District,1996-05-01,3.7527621661087713
blm_miles-city_Miles City District,1996-06-01,4.135054869900768
blm_miles-city_Miles City District,1996-07-01,3.4208295207965387
blm_miles-city_Miles City District,1996-08-01,3.6708912993871126
blm_miles-city_Miles City District,1996-09-01,4.011421684171501
blm_miles-city_Miles City District,1996-10-01,4.139387506666032
blm_miles-city_Miles City District,1996-11-01,3.3362462111620843
blm_miles-city_Miles City District,1996-12-01,3.8838270288320187
blm_miles-city_Miles City District,1997-01-01,3.8316964681654593
blm_miles-city_Miles City District,1997-02-01,3.4938949218334865
blm_miles-city_Miles City District,1997-03-01,4.29221787020378
blm_miles-city_Miles City District,1997-04-01,4.280724096041126
blm_miles-city_Miles City District,1997-05-01,4.527736530063101
blm_miles-city_Miles City District,1997-06-01,4.047148129557102
blm_miles-city_Miles City District,1997-07-01,3.4735294343664753
blm_miles-city_Miles City District,1997-08-01,3.2288967789775533
blm_miles-city_Miles City District,1997-09-01,4.174597525062139
blm_miles-city_Miles City District,1997-10-01,4.352886645903517
blm_miles-city_Miles City District,1997-11-01,3.5317125421579796
blm_miles-city_Miles City District,1997-12-01,3.981855744367019
blm_miles-city_Miles City District,1998-01-01,3.428047760052524
blm_miles-city_Miles City District,1998-02-01,3.688840297341482
blm_miles-city_Miles City District,1998-03-01,3.024391265448593
blm_miles-city_Miles City District,1998-04-01,3.602669316949693
blm_miles-city_Miles City District,1998-05-01,4.09685061636902
blm_miles-city_Miles City District,1998-06-01,4.023045316964354
blm_miles-city_Miles City District,1998-07-01,3.263971012648064
blm_miles-city_Miles City District,1998-08-01,3.133185805141858
blm_miles-city_Miles City District,1998-09-01,3.3055892933443376
blm_miles-city_Miles City District,1998-10-01,3.9526175229083935
blm_miles-city_Miles City District,1998-11-01,3.9703216074070515
blm_miles-city_Miles City District,1998-12-01,4.109507145087376
blm_miles-city_Miles City District,1999-01-01,3.6190207166582447
blm_miles-city_Miles City District,1999-02-01,4.161235710684206
blm_miles-city_Miles City District,1999-03-01,3.885923699982185
blm_miles-city_Miles City District,1999-04-01,4.287003886009589
blm_miles-city_Miles City District,1999-05-01,4.258548746449994
blm_miles-city_Miles City District,1999-06-01,3.798597242890368
blm_miles-city_Miles City District,1999-07-01,3.8146872960208627
blm_miles-city_Miles City District,1999-08-01,3.4191433848912545
blm_miles-city_Miles City District,1999-09-01,3.6870582738339426
blm_miles-city_Miles City District,1999-10-01,3.892731853700523
blm_miles-city_Miles City District,1999-11-01,3.673820945177392
blm_miles-city_Miles City District,1999-12-01,4.2060813337530645
blm_miles-city_Miles City District,2000-01-01,3.468632139899809
blm_miles-city_Miles City District,2000-02-01,3.449745096223985
blm_miles-city_Miles City District,2000-03-01,4.190646609910907
blm_miles-city_Miles City District,2000-04-01,4.463554677472077
blm_miles-city_Miles City District,2000-05-01,4.058080057043764
blm_miles-city_Miles City District,2000-06-01,4.060323504597862
blm_miles-city_Miles City District,2000-07-01,3.361092596231335
blm_miles-city_Miles City District,2000-08-01,3.6292826074273847
blm_miles-city_Miles City District,2000-09-01,4.137770056995171
blm_miles-city_Miles City District,2000-10-01,3.2735367585459847
blm_miles-city_Miles City District,2000-11-01,4.265655981256256
blm_miles-city_Miles City District,2000-12-01,3.4972849706447895
blm_miles-city_Miles City District,2001-01-01,3.7018362502572755
blm_miles-city_Miles City District,2001-02-01,3.03821701937853
blm_miles-city_Miles City District,2001-03-01,3.6230859240595246
blm_miles-city_Miles City District,2001-04-01,4.041641131026521
blm_miles-city_Miles City District,2001-05-01,4.8576589960448455
blm_miles-city_Miles City District,2001-06-01,4.098321514049805
blm_miles-city_Miles City District,2001-07-01,3.114818203395125
blm_miles-city_Miles City District,2001-08-01,3.181287297427181
blm_miles-city_Miles City District,2001-09-01,3.5756564559446695
blm_miles-city_Miles City District,2001-10-01,4.341557432418513
blm_miles-city_Miles City District,2001-11-01,3.740813939444188
blm_miles-city_Miles City District,2001-12-01,3.721190176777347
blm_miles-city_Miles City District,2002-01-01,4.122044226266739
blm_miles-city_Miles City District,2002-02-01,4.576563256958692
blm_miles-city_Miles City District,2002-03-01,3.913491356217225
blm_miles-city_Miles City District,2002-04-01,4.565186338919922
blm_miles-city_Miles City District,2002-05-01,4.8691694673222665
blm_miles-city_Miles City District,2002-06-01,4.130680098503862
blm_miles-city_Miles City District,2002-07-01,3.8999990799911446
blm_miles-city_Miles City District,2002-08-01,3.890745015711303
blm_miles-city_Miles City District,2002-09-01,3.9996050933838974
blm_miles-city_Miles City District,2002-10-01,3.6724785693184336
blm_miles-city_Miles City District,2002-11-01,4.379447598462749
blm_miles-city_Miles City District,2002-12-01,3.9012673351063767
blm_miles-city_Miles City District,2003-01-01,3.9140442377051485
blm_miles-city_Miles City District,2003-02-01,3.5673813224515363
blm_miles-city_Miles City District,2003-03-01,3.961299922321495
blm_miles-city_Miles City District,2003-04-01,4.132931326324634
blm_miles-city_Miles City District,2003-05-01,3.972322047061195
blm_miles-city_Miles City District,2003-06-01,3.6770970504075526
blm_miles-city_Miles City District,2003-07-01,3.587515098756342
blm_miles-city_Miles City District,2003-08-01,3.8603836217478644
blm_miles-city_Miles City District,2003-09-01,4.224910144773434
blm_miles-city_Miles City District,2003-10-01,4.230609453529559
blm_miles-city_Miles City District,2003-11-01,4.0588568882354945
blm_miles-city_Miles City District,2003-12-01,3.816957449128219
blm_miles-city_Miles City District,2004-01-01,3.5629361762361818
blm_miles-city_Miles City District,2004-02-01,3.5748625182198883
blm_miles-city_Miles City District,2004-03-01,4.4936312187746354
blm_miles-city_Miles City District,2004-04-01,4.114060731264303
blm_miles-city_Miles City District,2004-05-01,4.5531447942154095
blm_miles-city_Miles City District,2004-06-01,4.012872219051865
blm_miles-city_Miles City District,2004-07-01,3.41333574702737
blm_miles-city_Miles City District,2004-08-01,3.988754517949534
blm_miles-city_Miles City District,2004-09-01,3.515955351876617
blm_miles-city_Miles City District,2004-10-01,3.7929547534627623
blm_miles-city_Miles City District,2004-11-01,3.8289741781052884
blm_miles-city_Miles City District,2004-12-01,4.556410870744205
blm_miles-city_Miles City District,2005-01-01,3.346780134722269
blm_miles-city_Miles City District,2005-02-01,3.389517288676185
blm_miles-city_Miles City District,2005-03-01,4.525863663190881
blm_miles-city_Miles City District,2005-04-01,4.874111804058279
blm_miles-city_Miles City District,2005-05-01,4.36221439904712
blm_miles-city_Miles City District,2005-06-01,3.9480060566973605
blm_miles-city_Miles City District,2005-07-01,3.940858529793959
blm_miles-city_Miles City District,2005-08-01,3.700199539490915
blm_miles-city_Miles City District,2005-09-01,3.7463512144619164
blm_miles-city_Miles City District,2005-10-01,3.8916045607963023
blm_miles-city_Miles City District,2005-11-01,4.5299985810657635
blm_miles-city_Miles City District,2005-12-01,4.476360711350479
blm_miles-city_Miles City District,2006-01-01,4.157753735983683
blm_miles-city_Miles City District,2006-02-01,4.349795785549685
blm_miles-city_Miles City District,2006-03-01,4.4646840942569
blm_miles-city_Miles City District,2006-04-01,4.401695986543692
blm_miles-city_Miles City District,2006-05-01,4.158623352968192
blm_miles-city_Miles City District,2006-06-01,4.34156876856569
blm_miles-city_Miles City District,2006-07-01,3.4868628937797568
blm_miles-city_Miles City District,2006-08-01,3.4264797108600953
blm_miles-city_Miles City District,2006-09-01,4.172964440064587
blm_miles-city_Miles City District,2006-10-01,4.071190633818456
blm_miles-city_Miles City District,2006-11-01,4.438274688841131
blm_miles-city_Miles City District,2006-12-01,4.346717897595396
blm_miles-city_Miles City District,2007-01-01,4.787466586955424
blm_miles-city_Miles City District,2007-02-01,3.9205215246533966
blm_miles-city_Miles City District,2007-03-01,4.359399139610511
blm_miles-city_Miles City District,2007-04-01,3.873723995942669
blm_miles-city_Miles City District,2007-05-01,4.249914860008253
blm_miles-city_Miles City District,2007-06-01,3.9766468069474894
blm_miles-city_Miles City District,2007-07-01,3.405725714229428
blm_miles-city_Miles City District,2007-08-01,3.705958216333768
blm_miles-city_Miles City District,2007-09-01,4.023289350219807
blm_miles-city_Miles City District,2007-10-01,4.435123665547939
blm_miles-city_Miles City District,2007-11-01,4.594074444251217
blm_miles-city_Miles City District,2007-12-01,3.7758622876496375
blm_miles-city_Miles City District,2008-01-01,4.04469397697898
blm_miles-city_Miles City District,2008-02-01,3.785651100480191
blm_miles-city_Miles City District,2008-03-01,4.264917501154335
blm_miles-city_Miles City District,2008-04-01,4.30542470824299
blm_miles-city_Miles City District,2008-05-01,4.780896881178749
blm_miles-city_Miles City District,2008-06-01,3.9453433692184667
blm_miles-city_Miles City District,2008-07-01,3.694057795402005
blm_miles-city_Miles City District,2008-08-01,3.732081838958515
blm_miles-city_Miles City District,2008-09-01,3.4923344717935048
blm_miles-city_Miles City District,2008-10-01,4.380272135493704
blm_miles-city_Miles City District,2008-11-01,4.443059023575398
blm_miles-city_Miles City District,2008-12-01,4.370500886379387
blm_miles-city_Miles City District,2009-01-01,4.64663138342905
blm_miles-city_Miles City District,2009-02-01,3.4740650818580665
blm_miles-city_Miles City District,2009-03-01,3.8188454183019385
blm_miles-city_Miles City District,2009-04-01,3.920315459793461
blm_miles-city_Miles City District,2009-05-01,4.191170204680299
blm_miles-city_Miles City District,2009-06-01,3.425310720853448
blm_miles-city_Miles City District,2009-07-01,3.4684078731615346
blm_miles-city_Miles City District,2009-08-01,3.7562918717487714
blm_miles-city_Miles City District,2009-09-01,4.143133280665595
blm_miles-city_Miles City District,2009-10-01,4.387370011085278
blm_miles-city_Miles City District,2009-11-01,4.015552882337678
blm_miles-city_Miles City District,2009-12-01,3.6808419582792364
blm_miles-city_Miles City District,2010-01-01,3.660436724087437
blm_miles-city_Miles City District,2010-02-01,2.7116304481070106
blm_miles-city_Miles City District,2010-03-01,3.4168416558004804
blm_miles-city_Miles City District,2010-04-01,4.945867859072366
blm_miles-city_Miles City District,2010-05-01,4.706723029307692
blm_miles-city_Miles City District,2010-06-01,3.822794172367362
blm_miles-city_Miles City District,2010-07-01,3.566854469317448
blm_miles-city_Miles City District,2010-08-01,3.6914306383127524
blm_miles-city_Miles City District,2010-09-01,4.05321841308938
blm_miles-city_Miles City District,2010-10-01,4.070918308687264
blm_miles-city_Miles City District,2010-11-01,4.148311579504836
blm_miles-city_Miles City District,2010-12-01,3.502736531612416
blm_miles-city_Miles City District,2011-01-01,3.987112330321421
blm_miles-city_Miles City District,2011-02-01,4.392635700076176
blm_miles-city_Miles City District,2011-03-01,3.9644689797069645
blm_miles-city_Miles City District,2011-04-01,4.4064528903882705
blm_miles-city_Miles City District,2011-05-01,4.692015592139912
blm_miles-city_Miles City District,2011-06-01,4.034587592123315
blm_miles-city_Miles City District,2011-07-01,3.5742031544886705
blm_miles-city_Miles City District,2011-08-01,3.30865447566539
blm_miles-city_Miles City District,2011-09-01,3.712435683956482
blm_miles-city_Miles City District,2011-10-01,4.1759336757538135
blm_miles-city_Miles City District,2011-11-01,4.473734863736708
blm_miles-city_Miles City District,2011-12-01,4.517542833806979
blm_miles-city_Miles City District,2012-01-01,4.768405128080106
blm_miles-city_Miles City District,2012-02-01,3.556228715939094
blm_miles-city_Miles City District,2012-03-01,4.492875562386669
blm_miles-city_Miles City District,2012-04-01,4.746844021334956
blm_miles-city_Miles City District,2012-05-01,4.408138645493619
blm_miles-city_Miles City District,2012-06-01,4.690910901641738
blm_miles-city_Miles City District,2012-07-01,3.6121471146043396
blm_miles-city_Miles City District,2012-08-01,3.418449526646351
blm_miles-city_Miles City District,2012-09-01,3.706626468328558
blm_miles-city_Miles City District,2012-10-01,4.394154810675428
blm_miles-city_Miles City District,2012-11-01,3.854141130417619
blm_miles-city_Miles City District,2012-12-01,3.4787068358547435
blm_miles-city_Miles City District,2013-01-01,4.2039787008191345
blm_miles-city_Miles City District,2013-02-01,4.063875261622309
blm_miles-city_Miles City District,2013-03-01,3.9071331070852335
blm_miles-city_Miles City District,2013-04-01,4.209584288916441
blm_miles-city_Miles City District,2013-05-01,4.188579228050187
blm_miles-city_Miles City District,2013-06-01,4.095990354539858
blm_miles-city_Miles City District,2013-07-01,3.395809372119546
blm_miles-city_Miles City District,2013-08-01,3.3700514392468497
blm_miles-city_Miles City District,2013-09-01,3.763610477040223
blm_miles-city_Miles City District,2013-10-01,4.420996556927479
blm_miles-city_Miles City District,2013-11-01,3.899578609409722
blm_miles-city_Miles City District,2013-12-01,4.062548050815483
blm_miles-city_Miles City District,2014-01-01,4.847426401229235
blm_miles-city_Miles City District,2014-02-01,3.9521454879157796
blm_miles-city_Miles City District,2014-03-01,4.038793889131232
blm_miles-city_Miles City District,2014-04-01,4.820847523672492
blm_miles-city_Miles City District,2014-05-01,3.68004374840338
blm_miles-city_Miles City District,2014-06-01,4.092301838514348
blm_miles-city_Miles City District,2014-07-01,3.8311719455662163
blm_miles-city_Miles City District,2014-08-01,3.325621998472463
blm_miles-city_Miles City District,2014-09-01,4.014291531720308
blm_miles-city_Miles City District,2014-10-01,4.597968769432061
blm_miles-city_Miles City District,2014-11-01,4.573904185573847
blm_miles-city_Miles City District,2014-12-01,3.6777717700137185
blm_miles-city_Miles City District,2015-01-01,4.234692969299202
blm_miles-city_Miles City District,2015-02-01,4.029533703637042
blm_miles-city_Miles City District,2015-03-01,4.517983591955717
blm_miles-city_Miles City District,2015-04-01,4.372405414109062
blm_miles-city_Miles City District,2015-05-01,4.00267290081258
blm_miles-city_Miles City District,2015-06-01,3.3763072244087224
blm_miles-city_Miles City District,2015-07-01,3.962483966966222
blm_miles-city_Miles City District,2015-08-01,3.428658317525054
blm_miles-city_Miles City District,2015-09-01,3.7808101631861675
blm_miles-city_Miles City District,2015-10-01,4.065361016894037
blm_miles-city_Miles City District,2015-11-01,4.152396428124994
blm_miles-city_Miles City District,2015-12-01,3.6272765497817625
blm_miles-city_Miles City District,2016-01-01,3.482664027495498
blm_miles-city_Miles City District,2016-02-01,4.416669925550056
blm_miles-city_Miles City District,2016-03-01,4.504236843576496
blm_miles-city_Miles City District,2016-04-01,4.647980040677154
blm_miles-city_Miles City District,2016-05-01,4.095459695808192
blm_miles-city_Miles City District,2016-06-01,4.2164491141018345
blm_miles-city_Miles City District,2016-07-01,3.651628919241783
blm_miles-city_Miles City District,2016-08-01,3.9211338722611124
blm_miles-city_Miles City District,2016-09-01,4.292487228769179
blm_miles-city_Miles City District,2016-10-01,4.061061467066255
blm_miles-city_Miles City District,2016-11-01,4.138660615946459
blm_miles-city_Miles City District,2016-12-01,4.639720249832285
blm_miles-city_Miles City District,2017-01-01,3.825702088442076
blm_miles-city_Miles City District,2017-02-01,3.6260251121407334
blm_miles-city_Miles City District,2017-03-01,4.114650221268787
blm_miles-city_Miles City District,2017-04-01,4.0927237088239155
blm_miles-city_Miles City District,2017-05-01,4.333790854820464
blm_miles-city_Miles City District,2017-06-01,4.722689658944642
blm_miles-city_Miles City District,2017-07-01,3.567996396650386
blm_miles-city_Miles City District,2017-08-01,3.2041398154214344
blm_miles-city_Miles City District,2017-09-01,3.696517217105147
blm_miles-city_Miles City District,2017-10-01,5.088549019935859
blm_miles-city_Miles City District,2017-11-01,4.234435304035258
blm_miles-city_Miles City District,2017-12-01,4.529150342190306
blm_miles-city_Miles City District,2018-01-01,3.7670650060682913
blm_miles-city_Miles City District,2018-02-01,3.594838452765403
blm_miles-city_Miles City District,2018-03-01,3.507501550348609
blm_miles-city_Miles City District,2018-04-01,4.037303259775939
blm_miles-city_Miles City District,2018-05-01,3.357166062114458
blm_miles-city_Miles City District,2018-06-01,3.908899930089069
blm_miles-city_Miles City District,2018-07-01,3.3630455658262624
blm_miles-city_Miles City District,2018-08-01,3.363024512633563
blm_miles-city_Miles City District,2018-09-01,3.7079729517323474
blm_miles-city_Miles City District,2018-10-01,3.922995758009282
blm_miles-city_Miles City District,2018-11-01,3.901718697063498
blm_miles-city_Miles City District,2018-12-01,4.051203261101016
blm_miles-city_Miles City District,2019-01-01,4.1145431269108235
blm_miles-city_Miles City District,2019-02-01,3.334207776523746
blm_miles-city_Miles City District,2019-03-01,3.6849314359002974
blm_miles-city_Miles City District,2019-04-01,4.387420073912715
blm_miles-city_Miles City District,2019-05-01,4.107599488316816
blm_miles-city_Miles City District,2019-06-01,3.864621638845775
blm_miles-city_Miles City District,2019-07-01,3.4981385645679666
blm_miles-city_Miles City District,2019-08-01,3.6407569246313765
blm_miles-city_Miles City District,2019-09-01,4.331466141813324
blm_miles-city_Miles City District,2019-10-01,4.811922852960537
blm_miles-city_Miles City District,2019-11-01,4.328328606929465
blm_miles-city_Miles City District,2019-12-01,3.671158134396041
blm_miles-city_Miles City District,2020-01-01,3.849539557528956
blm_miles-city_Miles City District,2020-02-01,4.011494577810524
blm_miles-city_Miles City District,2020-03-01,4.158998186722245
blm_miles-city_Miles City District,2020-04-01,4.573190501883677
blm_miles-city_Miles City District,2020-05-01,4.220509133328103
blm_miles-city_Miles City District,2020-06-01,4.330828127809605
blm_miles-city_Miles City District,2020-07-01,3.534996419637617
blm_miles-city_Miles City District,2020-08-01,3.523879114601858
blm_miles-city_Miles City District,2020-09-01,4.377694385682278
blm_miles-city_Miles City District,2020-10-01,4.249864509914844
blm_miles-city_Miles City District,2020-11-01,4.38999810682929
blm_miles-city_Miles City District,2020-12-01,4.078193759776136
blm_miles-city_Miles City District,2021-01-01,4.299614161523598
blm_miles-city_Miles City District,2021-02-01,3.968191582992859
blm_miles-city_Miles City District,2021-03-01,4.195160822957653
blm_miles-city_Miles City District,2021-04-01,4.257374673608212
blm_miles-city_Miles City District,2021-05-01,4.021628634951306
blm_miles-city_Miles City District,2021-06-01,4.186105281994102
blm_miles-city_Miles City District,2021-07-01,3.2440513847025785
blm_miles-city_Miles City District,2021-08-01,3.802059141176919
blm_miles-city_Miles City District,2021-09-01,3.7978911292268793
blm_miles-city_Miles City District,2021-10-01,4.155624550533619
blm_miles-city_Miles City District,2021-11-01,4.726371548773888
blm_miles-city_Miles City District,2021-12-01,3.89325133412569
blm_miles-city_Miles City District,2022-01-01,4.4949342666974
blm_miles-city_Miles City District,2022-02-01,4.632026307631567
blm_miles-city_Miles City District,2022-03-01,4.649426060556419
blm_miles-city_Miles City District,2022-04-01,5.502472568924933
blm_miles-city_Miles City District,2022-05-01,4.654653805541668
blm_miles-city_Miles City District,2022-06-01,4.14569240355194
blm_miles-city_Miles City District,2022-07-01,3.3507432838844795
blm_miles-city_Miles City District,2022-08-01,3.435430773033863
blm_miles-city_Miles City District,2022-09-01,3.779170452567424
blm_miles-city_Miles City District,2022-10-01,4.159702586295521
blm_miles-city_Miles City District,2022-11-01,4.71950908037374
blm_miles-city_Miles City District,2022-12-01,3.9374116617894472
blm_miles-city_Miles City District,2023-01-01,3.5084219705842004
blm_miles-city_Miles City District,2023-02-01,4.440781069837012
blm_miles-city_Miles City District,2023-03-01,3.7587958987332906
blm_miles-city_Miles City District,2023-04-01,4.377197788907775
blm_miles-city_Miles City District,2023-05-01,3.614266684695351
blm_miles-city_Miles City District,2023-06-01,3.086282633490243
blm_miles-city_Miles City District,2023-07-01,3.4538331591311704
blm_miles-city_Miles City District,2023-08-01,3.627840883750786
blm_miles-city_Miles City District,2023-09-01,3.6120786068117443
blm_miles-city_Miles City District,2023-10-01,4.089349524692023
blm_miles-city_Miles City District,2023-11-01,3.866989217504064
blm_miles-city_Miles City District,2023-12-01,3.834833939013227
blm_miles-city_Miles City District,2024-01-01,3.6892099262095743
blm_miles-city_Miles City District,2024-02-01,3.763945261175056
blm_miles-city_Miles City District,2024-03-01,3.6170434915248166
blm_miles-city_Miles City District,2024-04-01,4.827599789714705
blm_miles-city_Miles City District,2024-05-01,4.54276070861351
blm_miles-city_Miles City District,2024-06-01,4.495083714485439
blm_miles-city_Miles City District,2024-07-01,3.2250494303754724
blm_miles-city_Miles City District,2024-08-01,3.5849497387276603
blm_miles-city_Miles City District,2024-09-01,4.109904939754867
blm_miles-city_Miles City District,2024-10-01,3.8087853736558106
blm_miles-city_Miles City District,2024-11-01,4.032605947146486
blm_miles-city_Miles City District,2024-12-01,3.9542725414003876
blm_miles-city_Miles City District,2025-01-01,4.466988110007818
blm_miles-city_Miles City District,2025-02-01,3.7721998110734916
blm_miles-city_Miles City District,2025-03-01,4.044363521825983
blm_miles-city_Miles City District,2025-04-01,4.2535064348635965
blm_miles-city_Miles City District,2025-05-01,4.2297796584352865
blm_miles-city_Miles City District,2025-06-01,3.8193563207662606
blm_miles-city_Miles City District,2025-07-01,3.3788592495049574
blm_miles-city_Miles City District,2025-08-01,3.3388675784482857
blm_miles-city_Miles City District,2025-09-01,3.1413478926416154
blm_miles-city_Miles City District,2025-10-01,4.053404039543684
blm_missoula_Missoula District,1979-01-01,3.09345667527711
blm_missoula_Missoula District,1979-02-01,4.439081802551172
blm_missoula_Missoula District,1979-03-01,3.988546516567123
blm_missoula_Missoula District,1979-04-01,4.278203428596491
blm_missoula_Missoula District,1979-05-01,4.122316967901588
blm_missoula_Missoula District,1979-06-01,4.124744536158768
blm_missoula_Missoula District,1979-07-01,3.2338545360262434
blm_missoula_Missoula District,1979-08-01,3.1390856697332854
blm_missoula_Missoula District,1979-09-01,3.478711991986797
blm_missoula_Missoula District,1979-10-01,3.8962377023708195
blm_missoula_Missoula District,1979-11-01,3.4108773594471944
blm_missoula_Missoula District,1979-12-01,5.2695676835897665
blm_missoula_Missoula District,1980-01-01,4.247676365128684
blm_missoula_Missoula District,1980-02-01,3.5185068080674355
blm_missoula_Missoula District,1980-03-01,4.811624674061638
blm_missoula_Missoula District,1980-04-01,4.169060260530502
blm_missoula_Missoula District,1980-05-01,3.524202331099231
blm_missoula_Missoula District,1980-06-01,3.364750056209171
blm_missoula_Missoula District,1980-07-01,3.5407119520861117
blm_missoula_Missoula District,1980-08-01,3.794035188566026
blm_missoula_Missoula District,1980-09-01,4.454669515602511
blm_missoula_Missoula District,1980-10-01,3.665275761934853
blm_missoula_Missoula District,1980-11-01,4.474052751665854
blm_missoula_Missoula District,1980-12-01,4.748203681786742
blm_missoula_Missoula District,1981-01-01,3.115349508890804
blm_missoula_Missoula District,1981-02-01,4.434024602082973
blm_missoula_Missoula District,1981-03-01,3.7338591134822132
blm_missoula_Missoula District,1981-04-01,5.373612887145953
blm_missoula_Missoula District,1981-05-01,3.54750593542855
blm_missoula_Missoula District,1981-06-01,4.877749351041912
blm_missoula_Missoula District,1981-07-01,3.6397429110737836
blm_missoula_Missoula District,1981-08-01,2.873893205488612
blm_missoula_Missoula District,1981-09-01,3.5476174651658585
blm_missoula_Missoula District,1981-10-01,4.171790807909718
blm_missoula_Missoula District,1981-11-01,3.852340678133916
blm_missoula_Missoula District,1981-12-01,4.504778707628989
blm_missoula_Missoula District,1982-01-01,5.535596974905394
blm_missoula_Missoula District,1982-02-01,4.404135782440193
blm_missoula_Missoula District,1982-03-01,4.4978578676970695
blm_missoula_Missoula District,1982-04-01,4.733465217578131
blm_missoula_Missoula District,1982-05-01,4.174224877012931
blm_missoula_Missoula District,1982-06-01,2.9322909227735874
blm_missoula_Missoula District,1982-07-01,3.61860818434767
blm_missoula_Missoula District,1982-08-01,3.541835363372698
blm_missoula_Missoula District,1982-09-01,3.912434655607269
blm_missoula_Missoula District,1982-10-01,3.955130639784541
blm_missoula_Missoula District,1982-11-01,3.8251733378306634
blm_missoula_Missoula District,1982-12-01,4.1336787559217365
blm_missoula_Missoula District,1983-01-01,4.3386110891750205
blm_missoula_Missoula District,1983-02-01,3.4828383567857957
blm_missoula_Missoula District,1983-03-01,3.8629570900334818
blm_missoula_Missoula District,1983-04-01,3.6435268116178063
blm_missoula_Missoula District,1983-05-01,4.1433340090480755
blm_missoula_Missoula District,1983-06-01,3.764138829281646
blm_missoula_Missoula District,1983-07-01,3.8426775427345867
blm_missoula_Missoula District,1983-08-01,3.1129055132207304
blm_missoula_Missoula District,1983-09-01,4.236218122248682
blm_missoula_Missoula District,1983-10-01,3.96611870671019
blm_missoula_Missoula District,1983-11-01,4.180610441760524
blm_missoula_Missoula District,1983-12-01,3.7212699908437505
blm_missoula_Missoula District,1984-01-01,4.768267723091178
blm_missoula_Missoula District,1984-02-01,4.1391237573978374
blm_missoula_Missoula District,1984-03-01,4.183583610121658
blm_missoula_Missoula District,1984-04-01,4.172140093218006
blm_missoula_Missoula District,1984-05-01,5.118148122740933
blm_missoula_Missoula District,1984-06-01,3.9624196496853696
blm_missoula_Missoula District,1984-07-01,3.4860665978935765
blm_missoula_Missoula District,1984-08-01,3.55628997684796
blm_missoula_Missoula District,1984-09-01,4.234419971866874
blm_missoula_Missoula District,1984-10-01,4.324275691710894
blm_missoula_Missoula District,1984-11-01,4.340937377321469
blm_missoula_Missoula District,1984-12-01,4.442511709683655
blm_missoula_Missoula District,1985-01-01,3.1001131065759973
blm_missoula_Missoula District,1985-02-01,4.596161197864792
blm_missoula_Missoula District,1985-03-01,3.799736340106367
blm_missoula_Missoula District,1985-04-01,5.245376291955091
blm_missoula_Missoula District,1985-05-01,3.916065595184449
blm_missoula_Missoula District,1985-06-01,4.339996840879833
blm_missoula_Missoula District,1985-07-01,3.3094840655815996
blm_missoula_Missoula District,1985-08-01,3.634928273691495
blm_missoula_Missoula District,1985-09-01,4.416997559797535
blm_missoula_Missoula District,1985-10-01,5.523239415055117
blm_missoula_Missoula District,1985-11-01,4.513287535777902
blm_missoula_Missoula District,1985-12-01,3.8192860550350614
blm_missoula_Missoula District,1986-01-01,4.434405536680983
blm_missoula_Missoula District,1986-02-01,3.9687836297285326
blm_missoula_Missoula District,1986-03-01,4.2513461846137215
blm_missoula_Missoula District,1986-04-01,4.478905476599727
blm_missoula_Missoula District,1986-05-01,4.0555226831632725
blm_missoula_Missoula District,1986-06-01,3.761261154198302
blm_missoula_Missoula District,1986-07-01,3.7305966265194224
blm_missoula_Missoula District,1986-08-01,2.9678557982125064
blm_missoula_Missoula District,1986-09-01,4.275838271951935
blm_missoula_Missoula District,1986-10-01,3.297955687705218
blm_missoula_Missoula District,1986-11-01,4.726793021733262
blm_missoula_Missoula District,1986-12-01,3.6193158577980236
blm_missoula_Missoula District,1987-01-01,3.965759526381304
blm_missoula_Missoula District,1987-02-01,3.9075346045572026
blm_missoula_Missoula District,1987-03-01,4.056406131713658
blm_missoula_Missoula District,1987-04-01,4.407559827559651
blm_missoula_Missoula District,1987-05-01,3.961630398784873
blm_missoula_Missoula District,1987-06-01,3.9009626450569135
blm_missoula_Missoula District,1987-07-01,3.458220411154705
blm_missoula_Missoula District,1987-08-01,3.4377452152313652
blm_missoula_Missoula District,1987-09-01,3.3128658295016638
blm_missoula_Missoula District,1987-10-01,3.4667484337219947
blm_missoula_Missoula District,1987-11-01,3.5363436781154145
blm_missoula_Missoula District,1987-12-01,4.454828763962696
blm_missoula_Missoula District,1988-01-01,4.1522724246052425
blm_missoula_Missoula District,1988-02-01,4.812259720163135
blm_missoula_Missoula District,1988-03-01,5.118211558858695
blm_missoula_Missoula District,1988-04-01,4.199395088809442
blm_missoula_Missoula District,1988-05-01,3.9571627219461543
blm_missoula_Missoula District,1988-06-01,3.4142154296182734
blm_missoula_Missoula District,1988-07-01,3.5855675481332194
blm_missoula_Missoula District,1988-08-01,3.41453561266574
blm_missoula_Missoula District,1988-09-01,3.990723364727668
blm_missoula_Missoula District,1988-10-01,3.9323512872399045
blm_missoula_Missoula District,1988-11-01,4.927594570717069
blm_missoula_Missoula District,1988-12-01,4.1276833932565244
blm_missoula_Missoula District,1989-01-01,5.446076076478649
blm_missoula_Missoula District,1989-02-01,4.002459637504764
blm_missoula_Missoula District,1989-03-01,4.255218525685227
blm_missoula_Missoula District,1989-04-01,4.377011769926681
blm_missoula_Missoula District,1989-05-01,4.405825696209544
blm_missoula_Missoula District,1989-06-01,3.640241652974244
blm_missoula_Missoula District,1989-07-01,3.1769294798642473
blm_missoula_Missoula District,1989-08-01,3.0672986802261777
blm_missoula_Missoula District,1989-09-01,3.3808623536224474
blm_missoula_Missoula District,1989-10-01,3.9173495030691203
blm_missoula_Missoula District,1989-11-01,5.310766804870681
blm_missoula_Missoula District,1989-12-01,4.180353990241663
blm_missoula_Missoula District,1990-01-01,5.55079899769602
blm_missoula_Missoula District,1990-02-01,5.173547226624081
blm_missoula_Missoula District,1990-03-01,3.6155421005778616
blm_missoula_Missoula District,1990-04-01,3.8201895269616695
blm_missoula_Missoula District,1990-05-01,3.7756356368892936
blm_missoula_Missoula District,1990-06-01,4.37220405656787
blm_missoula_Missoula District,1990-07-01,3.267170283783671
blm_missoula_Missoula District,1990-08-01,3.079734963338202
blm_missoula_Missoula District,1990-09-01,3.0828500347548653
blm_missoula_Missoula District,1990-10-01,5.533420460112878
blm_missoula_Missoula District,1990-11-01,5.828377160379825
blm_missoula_Missoula District,1990-12-01,5.459725951109133
blm_missoula_Missoula District,1991-01-01,4.412443921453606
blm_missoula_Missoula District,1991-02-01,4.072558128842243
blm_missoula_Missoula District,1991-03-01,4.525295180185404
blm_missoula_Missoula District,1991-04-01,4.774974334355751
blm_missoula_Missoula District,1991-05-01,4.059106151008741
blm_missoula_Missoula District,1991-06-01,3.7519474024457464
blm_missoula_Missoula District,1991-07-01,3.6222436181235387
blm_missoula_Missoula District,1991-08-01,3.0502434014087885
blm_missoula_Missoula District,1991-09-01,3.4457600867400884
blm_missoula_Missoula District,1991-10-01,4.359594495227003
blm_missoula_Missoula District,1991-11-01,4.280468292920913
blm_missoula_Missoula District,1991-12-01,4.6396198714409245
blm_missoula_Missoula District,1992-01-01,4.287842654413704
blm_missoula_Missoula District,1992-02-01,3.2904279884131875
blm_missoula_Missoula District,1992-03-01,2.7079487306702847
blm_missoula_Missoula District,1992-04-01,4.361935565042936
blm_missoula_Missoula District,1992-05-01,3.8816462918724164
blm_missoula_Missoula District,1992-06-01,3.298955217183865
blm_missoula_Missoula District,1992-07-01,3.2201435133281744
blm_missoula_Missoula District,1992-08-01,3.218640279329323
blm_missoula_Missoula District,1992-09-01,4.9868411885085075
blm_missoula_Missoula District,1992-10-01,3.7976515250193565
blm_missoula_Missoula District,1992-11-01,3.7567377385864944
blm_missoula_Missoula District,1992-12-01,4.646290817183924
blm_missoula_Missoula District,1993-01-01,3.9463496636338946
blm_missoula_Missoula District,1993-02-01,3.367501775169508
blm_missoula_Missoula District,1993-03-01,3.6612261215450355
blm_missoula_Missoula District,1993-04-01,4.2435710408681375
blm_missoula_Missoula District,1993-05-01,3.8790502089003596
blm_missoula_Missoula District,1993-06-01,4.571776829181591
blm_missoula_Missoula District,1993-07-01,3.4014336847632003
blm_missoula_Missoula District,1993-08-01,3.4907176766850827
blm_missoula_Missoula District,1993-09-01,3.6907399511823042
blm_missoula_Missoula District,1993-10-01,3.698674065104821
blm_missoula_Missoula District,1993-11-01,4.434367848583602
blm_missoula_Missoula District,1993-12-01,4.427968452847193
blm_missoula_Missoula District,1994-01-01,4.459373638432784
blm_missoula_Missoula District,1994-02-01,4.497343214731368
blm_missoula_Missoula District,1994-03-01,4.337350109972905
blm_missoula_Missoula District,1994-04-01,4.211211408774623
blm_missoula_Missoula District,1994-05-01,3.809164612249751
blm_missoula_Missoula District,1994-06-01,4.088377956190654
blm_missoula_Missoula District,1994-07-01,3.2419094928659216
blm_missoula_Missoula District,1994-08-01,3.2622180851509546
blm_missoula_Missoula District,1994-09-01,3.377848849819611
blm_missoula_Missoula District,1994-10-01,4.468023169467133
blm_missoula_Missoula District,1994-11-01,4.8030577322736905
blm_missoula_Missoula District,1994-12-01,4.004562440061987
blm_missoula_Missoula District,1995-01-01,3.252573532477512
blm_missoula_Missoula District,1995-02-01,4.917940057021581
blm_missoula_Missoula District,1995-03-01,3.9606850517781758
blm_missoula_Missoula District,1995-04-01,4.475451316237026
blm_missoula_Missoula District,1995-05-01,3.8046549022324814
blm_missoula_Missoula District,1995-06-01,3.3862457529568215
blm_missoula_Missoula District,1995-07-01,3.6654461940524987
blm_missoula_Missoula District,1995-08-01,3.663295653385451
blm_missoula_Missoula District,1995-09-01,3.266678509060395
blm_missoula_Missoula District,1995-10-01,4.283170169350435
blm_missoula_Missoula District,1995-11-01,4.684096978756241
blm_missoula_Missoula District,1995-12-01,4.0012739636665895
blm_missoula_Missoula District,1996-01-01,4.228387244813563
blm_missoula_Missoula District,1996-02-01,4.534446810354302
blm_missoula_Missoula District,1996-03-01,4.330216791527556
blm_missoula_Missoula District,1996-04-01,4.79159204441912
blm_missoula_Missoula District,1996-05-01,3.60244629253739
blm_missoula_Missoula District,1996-06-01,3.692500199279749
blm_missoula_Missoula District,1996-07-01,3.214044975912478
blm_missoula_Missoula District,1996-08-01,3.5264873696683963
blm_missoula_Missoula District,1996-09-01,3.7994006204254904
blm_missoula_Missoula District,1996-10-01,4.081845755035972
blm_missoula_Missoula District,1996-11-01,4.128772013166509
blm_missoula_Missoula District,1996-12-01,4.9114924594424565
blm_missoula_Missoula District,1997-01-01,4.1393753201779075
blm_missoula_Missoula District,1997-02-01,3.819028156341972
blm_missoula_Missoula District,1997-03-01,4.986067353930696
blm_missoula_Missoula District,1997-04-01,4.303885333545399
blm_missoula_Missoula District,1997-05-01,3.5992953750200956
blm_missoula_Missoula District,1997-06-01,3.793803202882815
blm_missoula_Missoula District,1997-07-01,3.4441761949056136
blm_missoula_Missoula District,1997-08-01,3.2734346676143926
blm_missoula_Missoula District,1997-09-01,3.7833357003028287
blm_missoula_Missoula District,1997-10-01,4.604697704823541
blm_missoula_Missoula District,1997-11-01,3.785204138865377
blm_missoula_Missoula District,1997-12-01,4.174072030143584
blm_missoula_Missoula District,1998-01-01,4.3154244113380775
blm_missoula_Missoula District,1998-02-01,3.249236806397527
blm_missoula_Missoula District,1998-03-01,3.310826811398468
blm_missoula_Missoula District,1998-04-01,3.503823733617841
blm_missoula_Missoula District,1998-05-01,3.6932770831413784
blm_missoula_Missoula District,1998-06-01,3.955506594252795
blm_missoula_Missoula District,1998-07-01,3.0667560765371027
blm_missoula_Missoula District,1998-08-01,2.97645336828704
blm_missoula_Missoula District,1998-09-01,3.054231221854927
blm_missoula_Missoula District,1998-10-01,3.395940419142632
blm_missoula_Missoula District,1998-11-01,4.597234463019553
blm_missoula_Missoula District,1998-12-01,5.288739104204284
blm_missoula_Missoula District,1999-01-01,4.829785783210091
blm_missoula_Missoula District,1999-02-01,5.501751448695226
blm_missoula_Missoula District,1999-03-01,3.8327089520716267
blm_missoula_Missoula District,1999-04-01,3.9618431650838195
blm_missoula_Missoula District,1999-05-01,4.288421936098418
blm_missoula_Missoula District,1999-06-01,4.109306643060586
blm_missoula_Missoula District,1999-07-01,3.754156244278406
blm_missoula_Missoula District,1999-08-01,3.321318139964386
blm_missoula_Missoula District,1999-09-01,3.62334833905415
blm_missoula_Missoula District,1999-10-01,4.417070552032442
blm_missoula_Missoula District,1999-11-01,4.45382532060104
blm_missoula_Missoula District,1999-12-01,4.806858946943249
blm_missoula_Missoula District,2000-01-01,4.520629567462837
blm_missoula_Missoula District,2000-02-01,3.6999313769761883
blm_missoula_Missoula District,2000-03-01,4.8419469583376245
blm_missoula_Missoula District,2000-04-01,4.3527536969477465
blm_missoula_Missoula District,2000-05-01,4.276425844796656
blm_missoula_Missoula District,2000-06-01,4.231464907276322
blm_missoula_Missoula District,2000-07-01,3.0282473934682392
blm_missoula_Missoula District,2000-08-01,3.5077164021749345
blm_missoula_Missoula District,2000-09-01,4.14374319034514
blm_missoula_Missoula District,2000-10-01,3.6121695574864594
blm_missoula_Missoula District,2000-11-01,3.6218092052949546
blm_missoula_Missoula District,2000-12-01,3.6007000316067685
blm_missoula_Missoula District,2001-01-01,3.5425139985302563
blm_missoula_Missoula District,2001-02-01,3.4291239372222693
blm_missoula_Missoula District,2001-03-01,4.427336426488429
blm_missoula_Missoula District,2001-04-01,4.461070048134069
blm_missoula_Missoula District,2001-05-01,4.828945896914152
blm_missoula_Missoula District,2001-06-01,3.853094845861938
blm_missoula_Missoula District,2001-07-01,3.176497688453871
blm_missoula_Missoula District,2001-08-01,3.1583289370890393
blm_missoula_Missoula District,2001-09-01,3.6140314308113184
blm_missoula_Missoula District,2001-10-01,5.316707546127489
blm_missoula_Missoula District,2001-11-01,4.069949464079499
blm_missoula_Missoula District,2001-12-01,4.3904005304046
blm_missoula_Missoula District,2002-01-01,4.7389832654572075
blm_missoula_Missoula District,2002-02-01,4.66136578975823
blm_missoula_Missoula District,2002-03-01,5.093174675973324
blm_missoula_Missoula District,2002-04-01,4.472760805612603
blm_missoula_Missoula District,2002-05-01,4.212739680791121
blm_missoula_Missoula District,2002-06-01,4.029599623611205
blm_missoula_Missoula District,2002-07-01,3.727424313236373
blm_missoula_Missoula District,2002-08-01,3.3657816867923263
blm_missoula_Missoula District,2002-09-01,3.8024085930980402
blm_missoula_Missoula District,2002-10-01,3.8856669020183956
blm_missoula_Missoula District,2002-11-01,4.185191505696926
blm_missoula_Missoula District,2002-12-01,4.010992649069784
blm_missoula_Missoula District,2003-01-01,4.031839260979305
blm_missoula_Missoula District,2003-02-01,3.8366255442753303
blm_missoula_Missoula District,2003-03-01,5.0370910371601
blm_missoula_Missoula District,2003-04-01,3.6296090998939925
blm_missoula_Missoula District,2003-05-01,3.8028887747814517
blm_missoula_Missoula District,2003-06-01,3.8131311684246736
blm_missoula_Missoula District,2003-07-01,3.3070454146731554
blm_missoula_Missoula District,2003-08-01,3.2627629853627944
blm_missoula_Missoula District,2003-09-01,4.259604365699694
blm_missoula_Missoula District,2003-10-01,5.056973197566929
blm_missoula_Missoula District,2003-11-01,4.997108902701889
blm_missoula_Missoula District,2003-12-01,3.927925652504193
blm_missoula_Missoula District,2004-01-01,4.115801941752575
blm_missoula_Missoula District,2004-02-01,3.4113210627491
blm_missoula_Missoula District,2004-03-01,5.084133862149967
blm_missoula_Missoula District,2004-04-01,3.790852881472022
blm_missoula_Missoula District,2004-05-01,4.46896392845537
blm_missoula_Missoula District,2004-06-01,3.9159267180848816
blm_missoula_Missoula District,2004-07-01,3.4935231721110322
blm_missoula_Missoula District,2004-08-01,3.4936079937144777
blm_missoula_Missoula District,2004-09-01,3.8051859806623822
blm_missoula_Missoula District,2004-10-01,4.233820908839486
blm_missoula_Missoula District,2004-11-01,4.086698255559274
blm_missoula_Missoula District,2004-12-01,4.665897087868964
blm_missoula_Missoula District,2005-01-01,3.9561126784559844
blm_missoula_Missoula District,2005-02-01,3.5243594932262434
blm_missoula_Missoula District,2005-03-01,4.827245500352648
blm_missoula_Missoula District,2005-04-01,4.6813559201169825
blm_missoula_Missoula District,2005-05-01,4.004414934593477
blm_missoula_Missoula District,2005-06-01,4.075478955316081
blm_missoula_Missoula District,2005-07-01,3.958185255795795
blm_missoula_Missoula District,2005-08-01,3.463926140263984
blm_missoula_Missoula District,2005-09-01,3.9238482207885936
blm_missoula_Missoula District,2005-10-01,3.8341785649274995
blm_missoula_Missoula District,2005-11-01,4.455133066163812
blm_missoula_Missoula District,2005-12-01,4.162354123278891
blm_missoula_Missoula District,2006-01-01,5.3985831246108305
blm_missoula_Missoula District,2006-02-01,5.096233965915064
blm_missoula_Missoula District,2006-03-01,3.931089551774734
blm_missoula_Missoula District,2006-04-01,4.388543000692328
blm_missoula_Missoula District,2006-05-01,4.039685587836678
blm_missoula_Missoula District,2006-06-01,4.020941330341049
blm_missoula_Missoula District,2006-07-01,3.454461940739624
blm_missoula_Missoula District,2006-08-01,3.2206593679890365
blm_missoula_Missoula District,2006-09-01,3.5959748850702478
blm_missoula_Missoula District,2006-10-01,4.125967698084803
blm_missoula_Missoula District,2006-11-01,5.378437183389616
blm_missoula_Missoula District,2006-12-01,4.4883592750076655
blm_missoula_Missoula District,2007-01-01,4.781689093593624
blm_missoula_Missoula District,2007-02-01,4.434006835295391
blm_missoula_Missoula District,2007-03-01,4.840843391881625
blm_missoula_Missoula District,2007-04-01,4.497480855454655
blm_missoula_Missoula District,2007-05-01,3.980714696133145
blm_missoula_Missoula District,2007-06-01,4.203151709263541
blm_missoula_Missoula District,2007-07-01,3.022195467534322
blm_missoula_Missoula District,2007-08-01,3.594155184947549
blm_missoula_Missoula District,2007-09-01,4.215471059048636
blm_missoula_Missoula District,2007-10-01,4.551910944556602
blm_missoula_Missoula District,2007-11-01,4.813624739279766
blm_missoula_Missoula District,2007-12-01,5.130407094277637
blm_missoula_Missoula District,2008-01-01,5.118261984529385
blm_missoula_Missoula District,2008-02-01,4.953214221982361
blm_missoula_Missoula District,2008-03-01,4.757712965298535
blm_missoula_Missoula District,2008-04-01,4.7753802421278815
blm_missoula_Missoula District,2008-05-01,4.634420067855629
blm_missoula_Missoula District,2008-06-01,4.471624428105846
blm_missoula_Missoula District,2008-07-01,3.981900779423175
blm_missoula_Missoula District,2008-08-01,3.9349481450017385
blm_missoula_Missoula District,2008-09-01,3.3431564403128156
blm_missoula_Missoula District,2008-10-01,4.581345186784803
blm_missoula_Missoula District,2008-11-01,4.64772565809366
blm_missoula_Missoula District,2008-12-01,4.948380976597638
blm_missoula_Missoula District,2009-01-01,5.175597432721031
blm_missoula_Missoula District,2009-02-01,3.879138321595236
blm_missoula_Missoula District,2009-03-01,4.694269044849438
blm_missoula_Missoula District,2009-04-01,4.424025904253969
blm_missoula_Missoula District,2009-05-01,4.680328770910668
blm_missoula_Missoula District,2009-06-01,3.849245837558872
blm_missoula_Missoula District,2009-07-01,3.1269038859432667
blm_missoula_Missoula District,2009-08-01,3.6739910217123386
blm_missoula_Missoula District,2009-09-01,4.125416570352565
blm_missoula_Missoula District,2009-10-01,5.061029717075517
blm_missoula_Missoula District,2009-11-01,5.024920637701903
blm_missoula_Missoula District,2009-12-01,3.8377452161577015
blm_missoula_Missoula District,2010-01-01,3.442534637293017
blm_missoula_Missoula District,2010-02-01,2.9588849921837657
blm_missoula_Missoula District,2010-03-01,4.387237386888758
blm_missoula_Missoula District,2010-04-01,5.454934059119117
blm_missoula_Missoula District,2010-05-01,4.571860354818233
blm_missoula_Missoula District,2010-06-01,4.172768701791933
blm_missoula_Missoula District,2010-07-01,3.957129101706918
blm_missoula_Missoula District,2010-08-01,3.850601057225679
blm_missoula_Missoula District,2010-09-01,4.3026770957412666
blm_missoula_Missoula District,2010-10-01,3.983160229718846
blm_missoula_Missoula District,2010-11-01,4.659912345364771
blm_missoula_Missoula District,2010-12-01,4.285811338004442
blm_missoula_Missoula District,2011-01-01,5.194502145355557
blm_missoula_Missoula District,2011-02-01,5.356130064169227
blm_missoula_Missoula District,2011-03-01,4.874791172832371
blm_missoula_Missoula District,2011-04-01,5.376522152549818
blm_missoula_Missoula District,2011-05-01,4.75412874768566
blm_missoula_Missoula District,2011-06-01,4.526063330843956
blm_missoula_Missoula District,2011-07-01,3.930331445367267
blm_missoula_Missoula District,2011-08-01,3.5789768562529276
blm_missoula_Missoula District,2011-09-01,4.015268897648757
blm_missoula_Missoula District,2011-10-01,4.608891026664757
blm_missoula_Missoula District,2011-11-01,5.593680010393202
blm_missoula_Missoula District,2011-12-01,4.884266072555448
blm_missoula_Missoula District,2012-01-01,5.535714675057869
blm_missoula_Missoula District,2012-02-01,4.319680743690803
blm_missoula_Missoula District,2012-03-01,5.732343664273242
blm_missoula_Missoula District,2012-04-01,4.835481325785319
blm_missoula_Missoula District,2012-05-01,4.841367660272576
blm_missoula_Missoula District,2012-06-01,5.002967702639213
blm_missoula_Missoula District,2012-07-01,3.1568738505953835
blm_missoula_Missoula District,2012-08-01,3.369712112300686
blm_missoula_Missoula District,2012-09-01,3.7264108069274586
blm_missoula_Missoula District,2012-10-01,4.689676033662581
blm_missoula_Missoula District,2012-11-01,4.564467347704723
blm_missoula_Missoula District,2012-12-01,4.814315501108918
blm_missoula_Missoula District,2013-01-01,4.569754909548368
blm_missoula_Missoula District,2013-02-01,4.727784544278931
blm_missoula_Missoula District,2013-03-01,4.361683893192438
blm_missoula_Missoula District,2013-04-01,5.3007249446933065
blm_missoula_Missoula District,2013-05-01,4.079303937115339
blm_missoula_Missoula District,2013-06-01,3.7224393864712764
blm_missoula_Missoula District,2013-07-01,3.43737074538617
blm_missoula_Missoula District,2013-08-01,3.2243888083862147
blm_missoula_Missoula District,2013-09-01,4.064686094689386
blm_missoula_Missoula District,2013-10-01,3.955666362716812
blm_missoula_Missoula District,2013-11-01,4.035089634064107
blm_missoula_Missoula District,2013-12-01,4.899866256406595
blm_missoula_Missoula District,2014-01-01,4.762905141974591
blm_missoula_Missoula District,2014-02-01,5.195841372902714
blm_missoula_Missoula District,2014-03-01,4.93188740585235
blm_missoula_Missoula District,2014-04-01,4.922962969893162
blm_missoula_Missoula District,2014-05-01,3.702534172834872
blm_missoula_Missoula District,2014-06-01,3.9329961330736456
blm_missoula_Missoula District,2014-07-01,3.5378613812017994
blm_missoula_Missoula District,2014-08-01,3.1287395559874396
blm_missoula_Missoula District,2014-09-01,3.8665576866807827
blm_missoula_Missoula District,2014-10-01,4.615143939573826
blm_missoula_Missoula District,2014-11-01,4.906864099778205
blm_missoula_Missoula District,2014-12-01,3.935945463700194
blm_missoula_Missoula District,2015-01-01,3.8240892259014414
blm_missoula_Missoula District,2015-02-01,3.7876383347749654
blm_missoula_Missoula District,2015-03-01,4.474116356388084
blm_missoula_Missoula District,2015-04-01,4.304117506811671
blm_missoula_Missoula District,2015-05-01,3.714727432347677
blm_missoula_Missoula District,2015-06-01,3.461786305839432
blm_missoula_Missoula District,2015-07-01,3.829805652215791
blm_missoula_Missoula District,2015-08-01,3.8345537943118164
blm_missoula_Missoula District,2015-09-01,4.0427331648232165
blm_missoula_Missoula District,2015-10-01,4.0623136149625365
blm_missoula_Missoula District,2015-11-01,4.674248605281701
blm_missoula_Missoula District,2015-12-01,4.159403439919211
blm_missoula_Missoula District,2016-01-01,3.9155497376993917
blm_missoula_Missoula District,2016-02-01,4.7253674191621995
blm_missoula_Missoula District,2016-03-01,4.427514499523323
blm_missoula_Missoula District,2016-04-01,3.9356598008500825
blm_missoula_Missoula District,2016-05-01,4.061868064580328
blm_missoula_Missoula District,2016-06-01,3.8805172572173205
blm_missoula_Missoula District,2016-07-01,3.725708617386844
blm_missoula_Missoula District,2016-08-01,3.3775867185048147
blm_missoula_Missoula District,2016-09-01,4.213572610867755
blm_missoula_Missoula District,2016-10-01,4.238897675446666
blm_missoula_Missoula District,2016-11-01,3.9391068491543733
blm_missoula_Missoula District,2016-12-01,4.6440057738136264
blm_missoula_Missoula District,2017-01-01,3.6882782670960723
blm_missoula_Missoula District,2017-02-01,4.412502961993584
blm_missoula_Missoula District,2017-03-01,4.558147815470728
blm_missoula_Missoula District,2017-04-01,4.052517571965542
blm_missoula_Missoula District,2017-05-01,3.6064959329836914
blm_missoula_Missoula District,2017-06-01,4.30644554968723
blm_missoula_Missoula District,2017-07-01,3.219506151838287
blm_missoula_Missoula District,2017-08-01,3.182274495784323
blm_missoula_Missoula District,2017-09-01,3.743020613875273
blm_missoula_Missoula District,2017-10-01,5.073756412261189
blm_missoula_Missoula District,2017-11-01,4.7142091144800355
blm_missoula_Missoula District,2017-12-01,3.8566759114467652
blm_missoula_Missoula District,2018-01-01,4.316529481904085
blm_missoula_Missoula District,2018-02-01,5.252562018882265
blm_missoula_Missoula District,2018-03-01,4.363453084669585
blm_missoula_Missoula District,2018-04-01,4.377056781727679
blm_missoula_Missoula District,2018-05-01,3.518100737226261
blm_missoula_Missoula District,2018-06-01,4.486320778476884
blm_missoula_Missoula District,2018-07-01,3.3135711582484784
blm_missoula_Missoula District,2018-08-01,3.667085457797074
blm_missoula_Missoula District,2018-09-01,3.8923138314811743
blm_missoula_Missoula District,2018-10-01,4.007304480561033
blm_missoula_Missoula District,2018-11-01,4.124018001827519
blm_missoula_Missoula District,2018-12-01,4.480461745769372
blm_missoula_Missoula District,2019-01-01,4.203046208562175
blm_missoula_Missoula District,2019-02-01,4.52483077598279
blm_missoula_Missoula District,2019-03-01,3.4750464219556716
blm_missoula_Missoula District,2019-04-01,4.555171766599697
blm_missoula_Missoula District,2019-05-01,4.2010332282982965
blm_missoula_Missoula District,2019-06-01,4.264223331525071
blm_missoula_Missoula District,2019-07-01,3.6731534277593543
blm_missoula_Missoula District,2019-08-01,3.4604672418615596
blm_missoula_Missoula District,2019-09-01,4.277292906404869
blm_missoula_Missoula District,2019-10-01,4.717041510649977
blm_missoula_Missoula District,2019-11-01,4.146263128150501
blm_missoula_Missoula District,2019-12-01,4.0013244009729645
blm_missoula_Missoula District,2020-01-01,5.00584863272077
blm_missoula_Missoula District,2020-02-01,5.176174951938339
blm_missoula_Missoula District,2020-03-01,4.829769742288343
blm_missoula_Missoula District,2020-04-01,4.515791680512907
blm_missoula_Missoula District,2020-05-01,4.472413658389716
blm_missoula_Missoula District,2020-06-01,4.599271893586008
blm_missoula_Missoula District,2020-07-01,3.9153067191837243
blm_missoula_Missoula District,2020-08-01,3.7673590483187613
blm_missoula_Missoula District,2020-09-01,4.28144436796478
blm_missoula_Missoula District,2020-10-01,5.138141097968236
blm_missoula_Missoula District,2020-11-01,4.921742090764302
blm_missoula_Missoula District,2020-12-01,4.313903596440189
blm_missoula_Missoula District,2021-01-01,4.241601508252854
blm_missoula_Missoula District,2021-02-01,5.219421597799117
blm_missoula_Missoula District,2021-03-01,4.09625986356132
blm_missoula_Missoula District,2021-04-01,4.459767038577599
blm_missoula_Missoula District,2021-05-01,4.2763555358863226
blm_missoula_Missoula District,2021-06-01,3.8906459777848297
blm_missoula_Missoula District,2021-07-01,3.0430497231288025
blm_missoula_Missoula District,2021-08-01,3.6978036037301374
blm_missoula_Missoula District,2021-09-01,4.309820735491273
blm_missoula_Missoula District,2021-10-01,4.531954663479337
blm_missoula_Missoula District,2021-11-01,5.18059465247459
blm_missoula_Missoula District,2021-12-01,5.017519925448941
blm_missoula_Missoula District,2022-01-01,4.528089194070725
blm_missoula_Missoula District,2022-02-01,5.105503937385286
blm_missoula_Missoula District,2022-03-01,4.243914828880001
blm_missoula_Missoula District,2022-04-01,4.901346443163165
blm_missoula_Missoula District,2022-05-01,4.577189313210291
blm_missoula_Missoula District,2022-06-01,4.394484724543214
blm_missoula_Missoula District,2022-07-01,3.199502485393207
blm_missoula_Missoula District,2022-08-01,3.3224759381463023
blm_missoula_Missoula District,2022-09-01,3.569947085768034
blm_missoula_Missoula District,2022-10-01,4.040114321434167
blm_missoula_Missoula District,2022-11-01,4.255110952250344
blm_missoula_Missoula District,2022-12-01,4.2034176265817775
blm_missoula_Missoula District,2023-01-01,3.959925410646422
blm_missoula_Missoula District,2023-02-01,5.466138696704423
blm_missoula_Missoula District,2023-03-01,3.942496423160993
blm_missoula_Missoula District,2023-04-01,3.8590460450014947
blm_missoula_Missoula District,2023-05-01,3.1126349735983005
blm_missoula_Missoula District,2023-06-01,3.129402979209338
blm_missoula_Missoula District,2023-07-01,3.3556357883384687
blm_missoula_Missoula District,2023-08-01,3.63571619484781
blm_missoula_Missoula District,2023-09-01,3.782650238076422
blm_missoula_Missoula District,2023-10-01,3.66261930771841
blm_missoula_Missoula District,2023-11-01,3.918680409180895
blm_missoula_Missoula District,2023-12-01,3.757058788774929
blm_missoula_Missoula District,2024-01-01,3.738659230037708
blm_missoula_Missoula District,2024-02-01,4.1637297893299134
blm_missoula_Missoula District,2024-03-01,3.532808308464688
blm_missoula_Missoula District,2024-04-01,4.291614157474032
blm_missoula_Missoula District,2024-05-01,4.975709013282561
blm_missoula_Missoula District,2024-06-01,4.45929006320327
blm_missoula_Missoula District,2024-07-01,3.568638370376547
blm_missoula_Missoula District,2024-08-01,3.2758503935117345
blm_missoula_Missoula District,2024-09-01,3.835414197766309
blm_missoula_Missoula District,2024-10-01,4.051700021384085
blm_missoula_Missoula District,2024-11-01,4.2037534561803405
blm_missoula_Missoula District,2024-12-01,4.018733518040595
blm_missoula_Missoula District,2025-01-01,3.7049109299186846
blm_missoula_Missoula District,2025-02-01,4.080807693816282
blm_missoula_Missoula District,2025-03-01,4.286400554700362
blm_missoula_Missoula District,2025-04-01,4.050112929962111
blm_missoula_Missoula District,2025-05-01,3.7679513283629915
blm_missoula_Missoula District,2025-06-01,3.65602147779711
blm_missoula_Missoula District,2025-07-01,3.4976752147773973
blm_missoula_Missoula District,2025-08-01,3.4078020042391417
blm_missoula_Missoula District,2025-09-01,3.0764115905061318
blm_missoula_Missoula District,2025-10-01,3.3031035305566343
