id,date,value
tribes_blackfeet_Blackfeet,1979-01-01,86.58390787203018
tribes_blackfeet_Blackfeet,1979-02-01,95.36422844455667
tribes_blackfeet_Blackfeet,1979-03-01,83.80324793079673
tribes_blackfeet_Blackfeet,1979-04-01,85.12121007213854
tribes_blackfeet_Blackfeet,1979-05-01,79.59382817516588
tribes_blackfeet_Blackfeet,1979-06-01,77.4497183011547
tribes_blackfeet_Blackfeet,1979-07-01,82.46897204499267
tribes_blackfeet_Blackfeet,1979-08-01,86.50116360459698
tribes_blackfeet_Blackfeet,1979-09-01,80.12875200733203
tribes_blackfeet_Blackfeet,1979-10-01,85.69959501153258
tribes_blackfeet_Blackfeet,1979-11-01,79.74494683252622
tribes_blackfeet_Blackfeet,1979-12-01,82.84786429906
tribes_blackfeet_Blackfeet,1980-01-01,84.90498590687095
tribes_blackfeet_Blackfeet,1980-02-01,88.48366377669382
tribes_blackfeet_Blackfeet,1980-03-01,92.36844152511527
tribes_blackfeet_Blackfeet,1980-04-01,75.70433023531143
tribes_blackfeet_Blackfeet,1980-05-01,74.62722795739022
tribes_blackfeet_Blackfeet,1980-06-01,89.09680360419566
tribes_blackfeet_Blackfeet,1980-07-01,83.33814976313343
tribes_blackfeet_Blackfeet,1980-08-01,89.97602018591476
tribes_blackfeet_Blackfeet,1980-09-01,86.58158282275613
tribes_blackfeet_Blackfeet,1980-10-01,79.76825001686132
tribes_blackfeet_Blackfeet,1980-11-01,82.801164548691
tribes_blackfeet_Blackfeet,1980-12-01,78.8005004429926
tribes_blackfeet_Blackfeet,1981-01-01,85.6260864048788
tribes_blackfeet_Blackfeet,1981-02-01,76.2585453050866
tribes_blackfeet_Blackfeet,1981-03-01,83.9476580510945
tribes_blackfeet_Blackfeet,1981-04-01,73.66071539055811
tribes_blackfeet_Blackfeet,1981-05-01,86.74183957870693
tribes_blackfeet_Blackfeet,1981-06-01,86.22222977032945
tribes_blackfeet_Blackfeet,1981-07-01,83.5293046263255
tribes_blackfeet_Blackfeet,1981-08-01,84.16053907838587
tribes_blackfeet_Blackfeet,1981-09-01,81.67000755762945
tribes_blackfeet_Blackfeet,1981-10-01,86.16374304087739
tribes_blackfeet_Blackfeet,1981-11-01,85.74509147748556
tribes_blackfeet_Blackfeet,1981-12-01,91.10190751236868
tribes_blackfeet_Blackfeet,1982-01-01,92.72364106896805
tribes_blackfeet_Blackfeet,1982-02-01,78.22987595649614
tribes_blackfeet_Blackfeet,1982-03-01,97.98672854628192
tribes_blackfeet_Blackfeet,1982-04-01,80.34331808569225
tribes_blackfeet_Blackfeet,1982-05-01,79.5722861964953
tribes_blackfeet_Blackfeet,1982-06-01,88.08808998212423
tribes_blackfeet_Blackfeet,1982-07-01,88.31722634023727
tribes_blackfeet_Blackfeet,1982-08-01,90.59482267893613
tribes_blackfeet_Blackfeet,1982-09-01,86.52913232045631
tribes_blackfeet_Blackfeet,1982-10-01,89.60538392088729
tribes_blackfeet_Blackfeet,1982-11-01,91.22204734419034
tribes_blackfeet_Blackfeet,1982-12-01,86.88379738864289
tribes_blackfeet_Blackfeet,1983-01-01,91.1204447811597
tribes_blackfeet_Blackfeet,1983-02-01,88.11668319353774
tribes_blackfeet_Blackfeet,1983-03-01,93.591854513508
tribes_blackfeet_Blackfeet,1983-04-01,82.33219157179741
tribes_blackfeet_Blackfeet,1983-05-01,78.00858738868749
tribes_blackfeet_Blackfeet,1983-06-01,80.06987077895909
tribes_blackfeet_Blackfeet,1983-07-01,85.68003364458475
tribes_blackfeet_Blackfeet,1983-08-01,84.00994244231481
tribes_blackfeet_Blackfeet,1983-09-01,85.73374428596671
tribes_blackfeet_Blackfeet,1983-10-01,88.52420817335991
tribes_blackfeet_Blackfeet,1983-11-01,88.71586769138841
tribes_blackfeet_Blackfeet,1983-12-01,79.48715570528213
tribes_blackfeet_Blackfeet,1984-01-01,74.6403739876943
tribes_blackfeet_Blackfeet,1984-02-01,77.58696250392966
tribes_blackfeet_Blackfeet,1984-03-01,92.41229188823264
tribes_blackfeet_Blackfeet,1984-04-01,76.07097413224173
tribes_blackfeet_Blackfeet,1984-05-01,74.9921931088243
tribes_blackfeet_Blackfeet,1984-06-01,80.96835625008362
tribes_blackfeet_Blackfeet,1984-07-01,76.11206361256778
tribes_blackfeet_Blackfeet,1984-08-01,77.42541597967278
tribes_blackfeet_Blackfeet,1984-09-01,84.76085993797267
tribes_blackfeet_Blackfeet,1984-10-01,82.2709751390431
tribes_blackfeet_Blackfeet,1984-11-01,83.10034251104207
tribes_blackfeet_Blackfeet,1984-12-01,77.60472833293758
tribes_blackfeet_Blackfeet,1985-01-01,72.26515675026532
tribes_blackfeet_Blackfeet,1985-02-01,72.73106642074237
tribes_blackfeet_Blackfeet,1985-03-01,85.27811163636648
tribes_blackfeet_Blackfeet,1985-04-01,73.202975547477
tribes_blackfeet_Blackfeet,1985-05-01,72.66877288469985
tribes_blackfeet_Blackfeet,1985-06-01,75.58273977340629
tribes_blackfeet_Blackfeet,1985-07-01,72.45012517606831
tribes_blackfeet_Blackfeet,1985-08-01,90.41289582971024
tribes_blackfeet_Blackfeet,1985-09-01,93.11461930296737
tribes_blackfeet_Blackfeet,1985-10-01,82.11830896873997
tribes_blackfeet_Blackfeet,1985-11-01,77.3585311854811
tribes_blackfeet_Blackfeet,1985-12-01,74.26140094565474
tribes_blackfeet_Blackfeet,1986-01-01,78.19477839012669
tribes_blackfeet_Blackfeet,1986-02-01,91.57617431361926
tribes_blackfeet_Blackfeet,1986-03-01,84.56472245307818
tribes_blackfeet_Blackfeet,1986-04-01,78.7556620210273
tribes_blackfeet_Blackfeet,1986-05-01,75.56651934967738
tribes_blackfeet_Blackfeet,1986-06-01,79.45314313287605
tribes_blackfeet_Blackfeet,1986-07-01,80.6841361860162
tribes_blackfeet_Blackfeet,1986-08-01,79.80521446820264
tribes_blackfeet_Blackfeet,1986-09-01,93.39885856245206
tribes_blackfeet_Blackfeet,1986-10-01,84.29270886286209
tribes_blackfeet_Blackfeet,1986-11-01,84.35036517278245
tribes_blackfeet_Blackfeet,1986-12-01,72.33096924002312
tribes_blackfeet_Blackfeet,1987-01-01,75.52783913808327
tribes_blackfeet_Blackfeet,1987-02-01,84.37532614790686
tribes_blackfeet_Blackfeet,1987-03-01,91.55500074064351
tribes_blackfeet_Blackfeet,1987-04-01,69.53560096705885
tribes_blackfeet_Blackfeet,1987-05-01,78.1353587146219
tribes_blackfeet_Blackfeet,1987-06-01,71.92299087733439
tribes_blackfeet_Blackfeet,1987-07-01,86.65284286568698
tribes_blackfeet_Blackfeet,1987-08-01,86.30123709761389
tribes_blackfeet_Blackfeet,1987-09-01,80.11487049816951
tribes_blackfeet_Blackfeet,1987-10-01,70.65983930788083
tribes_blackfeet_Blackfeet,1987-11-01,80.12684936175063
tribes_blackfeet_Blackfeet,1987-12-01,80.04980104698983
tribes_blackfeet_Blackfeet,1988-01-01,78.07592428547062
tribes_blackfeet_Blackfeet,1988-02-01,87.51651704692405
tribes_blackfeet_Blackfeet,1988-03-01,81.90374140978948
tribes_blackfeet_Blackfeet,1988-04-01,74.6137745826756
tribes_blackfeet_Blackfeet,1988-05-01,70.81741049082856
tribes_blackfeet_Blackfeet,1988-06-01,77.1690107023335
tribes_blackfeet_Blackfeet,1988-07-01,69.68825313271998
tribes_blackfeet_Blackfeet,1988-08-01,73.05945646381814
tribes_blackfeet_Blackfeet,1988-09-01,79.75391940112527
tribes_blackfeet_Blackfeet,1988-10-01,85.91366899394554
tribes_blackfeet_Blackfeet,1988-11-01,84.03082183071467
tribes_blackfeet_Blackfeet,1988-12-01,81.72835476322261
tribes_blackfeet_Blackfeet,1989-01-01,79.94988966641361
tribes_blackfeet_Blackfeet,1989-02-01,76.02711175021516
tribes_blackfeet_Blackfeet,1989-03-01,90.85025768192936
tribes_blackfeet_Blackfeet,1989-04-01,82.04351590648633
tribes_blackfeet_Blackfeet,1989-05-01,82.3402563295408
tribes_blackfeet_Blackfeet,1989-06-01,85.00128612779591
tribes_blackfeet_Blackfeet,1989-07-01,83.72672710679981
tribes_blackfeet_Blackfeet,1989-08-01,92.89384300197096
tribes_blackfeet_Blackfeet,1989-09-01,86.55219164286574
tribes_blackfeet_Blackfeet,1989-10-01,87.87194716222754
tribes_blackfeet_Blackfeet,1989-11-01,86.29742776531063
tribes_blackfeet_Blackfeet,1989-12-01,79.08596246100996
tribes_blackfeet_Blackfeet,1990-01-01,83.80791718992468
tribes_blackfeet_Blackfeet,1990-02-01,86.45501487766771
tribes_blackfeet_Blackfeet,1990-03-01,84.78407733516606
tribes_blackfeet_Blackfeet,1990-04-01,87.76983247173432
tribes_blackfeet_Blackfeet,1990-05-01,85.33295026108554
tribes_blackfeet_Blackfeet,1990-06-01,81.35645370831773
tribes_blackfeet_Blackfeet,1990-07-01,87.31767560357918
tribes_blackfeet_Blackfeet,1990-08-01,87.01319770290426
tribes_blackfeet_Blackfeet,1990-09-01,84.16770931574852
tribes_blackfeet_Blackfeet,1990-10-01,80.81832371890273
tribes_blackfeet_Blackfeet,1990-11-01,80.35169712920167
tribes_blackfeet_Blackfeet,1990-12-01,66.73153638621987
tribes_blackfeet_Blackfeet,1991-01-01,86.39269406392694
tribes_blackfeet_Blackfeet,1991-02-01,88.26065721903761
tribes_blackfeet_Blackfeet,1991-03-01,89.4461627071851
tribes_blackfeet_Blackfeet,1991-04-01,83.01447496457732
tribes_blackfeet_Blackfeet,1991-05-01,85.19133913571432
tribes_blackfeet_Blackfeet,1991-06-01,85.04598938057956
tribes_blackfeet_Blackfeet,1991-07-01,82.3847326339652
tribes_blackfeet_Blackfeet,1991-08-01,83.46665182941037
tribes_blackfeet_Blackfeet,1991-09-01,88.68455869422111
tribes_blackfeet_Blackfeet,1991-10-01,75.77202101058612
tribes_blackfeet_Blackfeet,1991-11-01,81.12213840223339
tribes_blackfeet_Blackfeet,1991-12-01,72.18574156391021
tribes_blackfeet_Blackfeet,1992-01-01,71.1342981068511
tribes_blackfeet_Blackfeet,1992-02-01,86.15599913575333
tribes_blackfeet_Blackfeet,1992-03-01,88.15515511220993
tribes_blackfeet_Blackfeet,1992-04-01,83.95831821389395
tribes_blackfeet_Blackfeet,1992-05-01,77.47278682064248
tribes_blackfeet_Blackfeet,1992-06-01,82.4882267120222
tribes_blackfeet_Blackfeet,1992-07-01,93.28062303098913
tribes_blackfeet_Blackfeet,1992-08-01,84.36922961718416
tribes_blackfeet_Blackfeet,1992-09-01,81.48949023033386
tribes_blackfeet_Blackfeet,1992-10-01,84.64837244112198
tribes_blackfeet_Blackfeet,1992-11-01,81.97923919817084
tribes_blackfeet_Blackfeet,1992-12-01,81.54910152905607
tribes_blackfeet_Blackfeet,1993-01-01,75.05352048133607
tribes_blackfeet_Blackfeet,1993-02-01,77.02808233809797
tribes_blackfeet_Blackfeet,1993-03-01,88.75064823725452
tribes_blackfeet_Blackfeet,1993-04-01,86.02802132036044
tribes_blackfeet_Blackfeet,1993-05-01,82.971350735181
tribes_blackfeet_Blackfeet,1993-06-01,89.13330273214541
tribes_blackfeet_Blackfeet,1993-07-01,94.0310279637167
tribes_blackfeet_Blackfeet,1993-08-01,92.02943004103011
tribes_blackfeet_Blackfeet,1993-09-01,89.4088660636449
tribes_blackfeet_Blackfeet,1993-10-01,85.80645886077184
tribes_blackfeet_Blackfeet,1993-11-01,80.73634691978698
tribes_blackfeet_Blackfeet,1993-12-01,78.06426571711013
tribes_blackfeet_Blackfeet,1994-01-01,95.77580630507099
tribes_blackfeet_Blackfeet,1994-02-01,86.99867088283034
tribes_blackfeet_Blackfeet,1994-03-01,79.05082488386599
tribes_blackfeet_Blackfeet,1994-04-01,82.49054789434285
tribes_blackfeet_Blackfeet,1994-05-01,76.58807623876284
tribes_blackfeet_Blackfeet,1994-06-01,79.69300614100068
tribes_blackfeet_Blackfeet,1994-07-01,79.81485509654702
tribes_blackfeet_Blackfeet,1994-08-01,78.53707455500076
tribes_blackfeet_Blackfeet,1994-09-01,72.26380511070495
tribes_blackfeet_Blackfeet,1994-10-01,84.19252479239685
tribes_blackfeet_Blackfeet,1994-11-01,80.68092854817708
tribes_blackfeet_Blackfeet,1994-12-01,78.91275585296492
tribes_blackfeet_Blackfeet,1995-01-01,86.67898810399721
tribes_blackfeet_Blackfeet,1995-02-01,81.80954030006444
tribes_blackfeet_Blackfeet,1995-03-01,83.18711891348504
tribes_blackfeet_Blackfeet,1995-04-01,87.84177329006805
tribes_blackfeet_Blackfeet,1995-05-01,86.32537925406677
tribes_blackfeet_Blackfeet,1995-06-01,87.57086758199893
tribes_blackfeet_Blackfeet,1995-07-01,87.80232712558416
tribes_blackfeet_Blackfeet,1995-08-01,84.68254530048806
tribes_blackfeet_Blackfeet,1995-09-01,85.59643831644972
tribes_blackfeet_Blackfeet,1995-10-01,87.27462806875847
tribes_blackfeet_Blackfeet,1995-11-01,87.30968025939106
tribes_blackfeet_Blackfeet,1995-12-01,88.56311681390353
tribes_blackfeet_Blackfeet,1996-01-01,86.49599350532985
tribes_blackfeet_Blackfeet,1996-02-01,78.28264037876913
tribes_blackfeet_Blackfeet,1996-03-01,86.99468985431271
tribes_blackfeet_Blackfeet,1996-04-01,78.15068496634427
tribes_blackfeet_Blackfeet,1996-05-01,86.47339809539656
tribes_blackfeet_Blackfeet,1996-06-01,76.28616418359486
tribes_blackfeet_Blackfeet,1996-07-01,79.47058485196605
tribes_blackfeet_Blackfeet,1996-08-01,72.41494323347257
tribes_blackfeet_Blackfeet,1996-09-01,84.48439881137517
tribes_blackfeet_Blackfeet,1996-10-01,80.3668286571764
tribes_blackfeet_Blackfeet,1996-11-01,89.26555563870086
tribes_blackfeet_Blackfeet,1996-12-01,82.09848302902152
tribes_blackfeet_Blackfeet,1997-01-01,81.48854765173508
tribes_blackfeet_Blackfeet,1997-02-01,83.91947971849137
tribes_blackfeet_Blackfeet,1997-03-01,84.32702161187996
tribes_blackfeet_Blackfeet,1997-04-01,85.80859981171072
tribes_blackfeet_Blackfeet,1997-05-01,79.38884222997378
tribes_blackfeet_Blackfeet,1997-06-01,84.618949872718
tribes_blackfeet_Blackfeet,1997-07-01,86.28684645700672
tribes_blackfeet_Blackfeet,1997-08-01,86.91134190668254
tribes_blackfeet_Blackfeet,1997-09-01,80.76009145937009
tribes_blackfeet_Blackfeet,1997-10-01,86.32818525131435
tribes_blackfeet_Blackfeet,1997-11-01,86.93359977687331
tribes_blackfeet_Blackfeet,1997-12-01,74.25554570759813
tribes_blackfeet_Blackfeet,1998-01-01,87.41439091233903
tribes_blackfeet_Blackfeet,1998-02-01,92.0191617295078
tribes_blackfeet_Blackfeet,1998-03-01,91.29505066893417
tribes_blackfeet_Blackfeet,1998-04-01,81.06785379697199
tribes_blackfeet_Blackfeet,1998-05-01,75.79512450684152
tribes_blackfeet_Blackfeet,1998-06-01,91.728554050672
tribes_blackfeet_Blackfeet,1998-07-01,89.2109441016907
tribes_blackfeet_Blackfeet,1998-08-01,78.7809030018985
tribes_blackfeet_Blackfeet,1998-09-01,79.73152970614498
tribes_blackfeet_Blackfeet,1998-10-01,83.75207683267115
tribes_blackfeet_Blackfeet,1998-11-01,86.86837923581197
tribes_blackfeet_Blackfeet,1998-12-01,77.3007142924827
tribes_blackfeet_Blackfeet,1999-01-01,85.25558252203955
tribes_blackfeet_Blackfeet,1999-02-01,71.96378835913254
tribes_blackfeet_Blackfeet,1999-03-01,80.55268805865283
tribes_blackfeet_Blackfeet,1999-04-01,71.12412491889849
tribes_blackfeet_Blackfeet,1999-05-01,73.28683189496603
tribes_blackfeet_Blackfeet,1999-06-01,80.61283860576752
tribes_blackfeet_Blackfeet,1999-07-01,76.06372803640149
tribes_blackfeet_Blackfeet,1999-08-01,86.55648843773969
tribes_blackfeet_Blackfeet,1999-09-01,79.33996953049751
tribes_blackfeet_Blackfeet,1999-10-01,77.995927418748
tribes_blackfeet_Blackfeet,1999-11-01,78.17901053929438
tribes_blackfeet_Blackfeet,1999-12-01,73.58211074898776
tribes_blackfeet_Blackfeet,2000-01-01,92.49298147959252
tribes_blackfeet_Blackfeet,2000-02-01,92.31350960579093
tribes_blackfeet_Blackfeet,2000-03-01,80.75541319476959
tribes_blackfeet_Blackfeet,2000-04-01,76.64098171774111
tribes_blackfeet_Blackfeet,2000-05-01,73.30754880164857
tribes_blackfeet_Blackfeet,2000-06-01,83.39499984810885
tribes_blackfeet_Blackfeet,2000-07-01,75.83525552270619
tribes_blackfeet_Blackfeet,2000-08-01,70.49386500876788
tribes_blackfeet_Blackfeet,2000-09-01,80.0589799750341
tribes_blackfeet_Blackfeet,2000-10-01,84.53274419427463
tribes_blackfeet_Blackfeet,2000-11-01,78.33524345154088
tribes_blackfeet_Blackfeet,2000-12-01,83.54097056279988
tribes_blackfeet_Blackfeet,2001-01-01,75.45377093798494
tribes_blackfeet_Blackfeet,2001-02-01,90.57808214997593
tribes_blackfeet_Blackfeet,2001-03-01,86.26430987005364
tribes_blackfeet_Blackfeet,2001-04-01,83.66537277012655
tribes_blackfeet_Blackfeet,2001-05-01,61.84954335809298
tribes_blackfeet_Blackfeet,2001-06-01,81.29272466163113
tribes_blackfeet_Blackfeet,2001-07-01,85.63930615986864
tribes_blackfeet_Blackfeet,2001-08-01,72.40117845578825
tribes_blackfeet_Blackfeet,2001-09-01,78.86044137336347
tribes_blackfeet_Blackfeet,2001-10-01,82.45915441643702
tribes_blackfeet_Blackfeet,2001-11-01,75.09729068355473
tribes_blackfeet_Blackfeet,2001-12-01,82.84543393627149
tribes_blackfeet_Blackfeet,2002-01-01,85.5559435108481
tribes_blackfeet_Blackfeet,2002-02-01,79.23949765070388
tribes_blackfeet_Blackfeet,2002-03-01,92.07395776548343
tribes_blackfeet_Blackfeet,2002-04-01,82.71778554350274
tribes_blackfeet_Blackfeet,2002-05-01,78.91569424981941
tribes_blackfeet_Blackfeet,2002-06-01,83.02735921781357
tribes_blackfeet_Blackfeet,2002-07-01,76.00824873414759
tribes_blackfeet_Blackfeet,2002-08-01,88.43107981224583
tribes_blackfeet_Blackfeet,2002-09-01,80.91217655896052
tribes_blackfeet_Blackfeet,2002-10-01,83.5107821634371
tribes_blackfeet_Blackfeet,2002-11-01,69.39913257616296
tribes_blackfeet_Blackfeet,2002-12-01,80.71537049175942
tribes_blackfeet_Blackfeet,2003-01-01,84.93226545150966
tribes_blackfeet_Blackfeet,2003-02-01,86.6716079711914
tribes_blackfeet_Blackfeet,2003-03-01,84.66749154704891
tribes_blackfeet_Blackfeet,2003-04-01,81.04031199625094
tribes_blackfeet_Blackfeet,2003-05-01,77.18922497474983
tribes_blackfeet_Blackfeet,2003-06-01,77.83394213463073
tribes_blackfeet_Blackfeet,2003-07-01,63.06425831415882
tribes_blackfeet_Blackfeet,2003-08-01,71.42092350302221
tribes_blackfeet_Blackfeet,2003-09-01,78.83822673640839
tribes_blackfeet_Blackfeet,2003-10-01,74.9127339053916
tribes_blackfeet_Blackfeet,2003-11-01,84.54827239850884
tribes_blackfeet_Blackfeet,2003-12-01,85.69114758217171
tribes_blackfeet_Blackfeet,2004-01-01,77.19200905926151
tribes_blackfeet_Blackfeet,2004-02-01,88.16246266125545
tribes_blackfeet_Blackfeet,2004-03-01,80.80106047190488
tribes_blackfeet_Blackfeet,2004-04-01,81.29895731956447
tribes_blackfeet_Blackfeet,2004-05-01,84.95585499942031
tribes_blackfeet_Blackfeet,2004-06-01,82.85723760247775
tribes_blackfeet_Blackfeet,2004-07-01,77.96811040242513
tribes_blackfeet_Blackfeet,2004-08-01,84.73446763269433
tribes_blackfeet_Blackfeet,2004-09-01,89.80694841358759
tribes_blackfeet_Blackfeet,2004-10-01,86.49518322182573
tribes_blackfeet_Blackfeet,2004-11-01,77.26185708938668
tribes_blackfeet_Blackfeet,2004-12-01,85.75957450692512
tribes_blackfeet_Blackfeet,2005-01-01,75.06213722054817
tribes_blackfeet_Blackfeet,2005-02-01,75.36844420759645
tribes_blackfeet_Blackfeet,2005-03-01,86.43616872291042
tribes_blackfeet_Blackfeet,2005-04-01,80.2319784120882
tribes_blackfeet_Blackfeet,2005-05-01,77.43646334295403
tribes_blackfeet_Blackfeet,2005-06-01,88.43219941718394
tribes_blackfeet_Blackfeet,2005-07-01,72.66380914487796
tribes_blackfeet_Blackfeet,2005-08-01,78.00142868251017
tribes_blackfeet_Blackfeet,2005-09-01,80.38977932167924
tribes_blackfeet_Blackfeet,2005-10-01,90.99549256067841
tribes_blackfeet_Blackfeet,2005-11-01,80.46077620275489
tribes_blackfeet_Blackfeet,2005-12-01,73.33908523489896
tribes_blackfeet_Blackfeet,2006-01-01,75.55324047558928
tribes_blackfeet_Blackfeet,2006-02-01,79.61978147672191
tribes_blackfeet_Blackfeet,2006-03-01,85.92147612898317
tribes_blackfeet_Blackfeet,2006-04-01,78.12324196454053
tribes_blackfeet_Blackfeet,2006-05-01,72.57803800225803
tribes_blackfeet_Blackfeet,2006-06-01,80.01764084977103
tribes_blackfeet_Blackfeet,2006-07-01,70.80041971598585
tribes_blackfeet_Blackfeet,2006-08-01,75.18230964277433
tribes_blackfeet_Blackfeet,2006-09-01,75.50895734464741
tribes_blackfeet_Blackfeet,2006-10-01,87.10190010941736
tribes_blackfeet_Blackfeet,2006-11-01,78.91878232564012
tribes_blackfeet_Blackfeet,2006-12-01,77.54480076271649
tribes_blackfeet_Blackfeet,2007-01-01,74.66614360025484
tribes_blackfeet_Blackfeet,2007-02-01,92.44070443279666
tribes_blackfeet_Blackfeet,2007-03-01,74.62793477376302
tribes_blackfeet_Blackfeet,2007-04-01,85.22387374808255
tribes_blackfeet_Blackfeet,2007-05-01,79.76466367887035
tribes_blackfeet_Blackfeet,2007-06-01,76.73861504472009
tribes_blackfeet_Blackfeet,2007-07-01,67.39922672428497
tribes_blackfeet_Blackfeet,2007-08-01,74.14793780949562
tribes_blackfeet_Blackfeet,2007-09-01,79.45447486285205
tribes_blackfeet_Blackfeet,2007-10-01,81.31437636074955
tribes_blackfeet_Blackfeet,2007-11-01,75.49853109769082
tribes_blackfeet_Blackfeet,2007-12-01,81.4966123049662
tribes_blackfeet_Blackfeet,2008-01-01,78.43003397554023
tribes_blackfeet_Blackfeet,2008-02-01,90.03896229016726
tribes_blackfeet_Blackfeet,2008-03-01,82.32728688139893
tribes_blackfeet_Blackfeet,2008-04-01,76.97991635048226
tribes_blackfeet_Blackfeet,2008-05-01,79.46980418026719
tribes_blackfeet_Blackfeet,2008-06-01,78.4389497243106
tribes_blackfeet_Blackfeet,2008-07-01,72.52125511866181
tribes_blackfeet_Blackfeet,2008-08-01,77.04072755439097
tribes_blackfeet_Blackfeet,2008-09-01,82.47367574961763
tribes_blackfeet_Blackfeet,2008-10-01,76.96658562089755
tribes_blackfeet_Blackfeet,2008-11-01,81.71390420225657
tribes_blackfeet_Blackfeet,2008-12-01,76.71235811764791
tribes_blackfeet_Blackfeet,2009-01-01,79.75394761943382
tribes_blackfeet_Blackfeet,2009-02-01,87.54384386593892
tribes_blackfeet_Blackfeet,2009-03-01,85.37354550296313
tribes_blackfeet_Blackfeet,2009-04-01,83.30140045026666
tribes_blackfeet_Blackfeet,2009-05-01,75.1738694770151
tribes_blackfeet_Blackfeet,2009-06-01,78.44936846380364
tribes_blackfeet_Blackfeet,2009-07-01,82.48669886480184
tribes_blackfeet_Blackfeet,2009-08-01,82.84765797445219
tribes_blackfeet_Blackfeet,2009-09-01,75.7735768496718
tribes_blackfeet_Blackfeet,2009-10-01,88.4028133932314
tribes_blackfeet_Blackfeet,2009-11-01,75.59502302892676
tribes_blackfeet_Blackfeet,2009-12-01,87.87372211125343
tribes_blackfeet_Blackfeet,2010-01-01,84.30474313535647
tribes_blackfeet_Blackfeet,2010-02-01,85.8462573883196
tribes_blackfeet_Blackfeet,2010-03-01,75.93344387942797
tribes_blackfeet_Blackfeet,2010-04-01,76.31732869257121
tribes_blackfeet_Blackfeet,2010-05-01,78.21348517779346
tribes_blackfeet_Blackfeet,2010-06-01,81.15405635746647
tribes_blackfeet_Blackfeet,2010-07-01,83.73064518410321
tribes_blackfeet_Blackfeet,2010-08-01,79.59130946468545
tribes_blackfeet_Blackfeet,2010-09-01,86.39521296601318
tribes_blackfeet_Blackfeet,2010-10-01,76.9459861337322
tribes_blackfeet_Blackfeet,2010-11-01,83.65595877660463
tribes_blackfeet_Blackfeet,2010-12-01,84.71813957876266
tribes_blackfeet_Blackfeet,2011-01-01,87.25575939161048
tribes_blackfeet_Blackfeet,2011-02-01,92.00396284338547
tribes_blackfeet_Blackfeet,2011-03-01,94.15388849336807
tribes_blackfeet_Blackfeet,2011-04-01,86.15779312342814
tribes_blackfeet_Blackfeet,2011-05-01,85.50161288535759
tribes_blackfeet_Blackfeet,2011-06-01,88.49465756002627
tribes_blackfeet_Blackfeet,2011-07-01,83.43915167682248
tribes_blackfeet_Blackfeet,2011-08-01,71.188776007526
tribes_blackfeet_Blackfeet,2011-09-01,69.94819627178315
tribes_blackfeet_Blackfeet,2011-10-01,80.02769182806145
tribes_blackfeet_Blackfeet,2011-11-01,77.97487819793562
tribes_blackfeet_Blackfeet,2011-12-01,81.92683011756095
tribes_blackfeet_Blackfeet,2012-01-01,82.22918695946262
tribes_blackfeet_Blackfeet,2012-02-01,90.84493779918374
tribes_blackfeet_Blackfeet,2012-03-01,88.99529388288384
tribes_blackfeet_Blackfeet,2012-04-01,79.92780826516348
tribes_blackfeet_Blackfeet,2012-05-01,75.28399623365706
tribes_blackfeet_Blackfeet,2012-06-01,87.16822687784831
tribes_blackfeet_Blackfeet,2012-07-01,75.97209439212328
tribes_blackfeet_Blackfeet,2012-08-01,72.52766972371977
tribes_blackfeet_Blackfeet,2012-09-01,68.25686460869497
tribes_blackfeet_Blackfeet,2012-10-01,87.50848426993035
tribes_blackfeet_Blackfeet,2012-11-01,82.79718416466561
tribes_blackfeet_Blackfeet,2012-12-01,84.56135667078027
tribes_blackfeet_Blackfeet,2013-01-01,83.69924132464683
tribes_blackfeet_Blackfeet,2013-02-01,87.70008135930588
tribes_blackfeet_Blackfeet,2013-03-01,88.6431285039475
tribes_blackfeet_Blackfeet,2013-04-01,89.92773212798654
tribes_blackfeet_Blackfeet,2013-05-01,79.05487553496339
tribes_blackfeet_Blackfeet,2013-06-01,84.97875178785628
tribes_blackfeet_Blackfeet,2013-07-01,82.2075047776035
tribes_blackfeet_Blackfeet,2013-08-01,82.40078798058914
tribes_blackfeet_Blackfeet,2013-09-01,86.9094061655541
tribes_blackfeet_Blackfeet,2013-10-01,84.07702176864834
tribes_blackfeet_Blackfeet,2013-11-01,85.84560887236573
tribes_blackfeet_Blackfeet,2013-12-01,90.60446297632505
tribes_blackfeet_Blackfeet,2014-01-01,75.42970995271587
tribes_blackfeet_Blackfeet,2014-02-01,84.89368086862781
tribes_blackfeet_Blackfeet,2014-03-01,86.76655618676313
tribes_blackfeet_Blackfeet,2014-04-01,77.63417053222656
tribes_blackfeet_Blackfeet,2014-05-01,82.76460466428435
tribes_blackfeet_Blackfeet,2014-06-01,86.00081449883169
tribes_blackfeet_Blackfeet,2014-07-01,84.74390183191865
tribes_blackfeet_Blackfeet,2014-08-01,86.42567386365917
tribes_blackfeet_Blackfeet,2014-09-01,87.88912467433981
tribes_blackfeet_Blackfeet,2014-10-01,80.6126676063015
tribes_blackfeet_Blackfeet,2014-11-01,80.79524356371736
tribes_blackfeet_Blackfeet,2014-12-01,77.0299382841206
tribes_blackfeet_Blackfeet,2015-01-01,73.71503166303243
tribes_blackfeet_Blackfeet,2015-02-01,83.29684444758446
tribes_blackfeet_Blackfeet,2015-03-01,74.38520393197395
tribes_blackfeet_Blackfeet,2015-04-01,77.37945962496543
tribes_blackfeet_Blackfeet,2015-05-01,82.37057000425852
tribes_blackfeet_Blackfeet,2015-06-01,81.06163622364062
tribes_blackfeet_Blackfeet,2015-07-01,77.219509595061
tribes_blackfeet_Blackfeet,2015-08-01,71.55508168538411
tribes_blackfeet_Blackfeet,2015-09-01,77.68197098823443
tribes_blackfeet_Blackfeet,2015-10-01,78.38880542424171
tribes_blackfeet_Blackfeet,2015-11-01,78.899862960049
tribes_blackfeet_Blackfeet,2015-12-01,77.00139927972941
tribes_blackfeet_Blackfeet,2016-01-01,77.0460596999077
tribes_blackfeet_Blackfeet,2016-02-01,70.25246415508393
tribes_blackfeet_Blackfeet,2016-03-01,78.49667846122288
tribes_blackfeet_Blackfeet,2016-04-01,83.14875197737184
tribes_blackfeet_Blackfeet,2016-05-01,83.93113847845765
tribes_blackfeet_Blackfeet,2016-06-01,79.38788439258593
tribes_blackfeet_Blackfeet,2016-07-01,82.00554589049457
tribes_blackfeet_Blackfeet,2016-08-01,85.7960377697531
tribes_blackfeet_Blackfeet,2016-09-01,82.84932264563156
tribes_blackfeet_Blackfeet,2016-10-01,88.56696852592573
tribes_blackfeet_Blackfeet,2016-11-01,73.6434170013149
tribes_blackfeet_Blackfeet,2016-12-01,81.37905439611984
tribes_blackfeet_Blackfeet,2017-01-01,82.33451149997101
tribes_blackfeet_Blackfeet,2017-02-01,83.01852582469922
tribes_blackfeet_Blackfeet,2017-03-01,81.45409487371575
tribes_blackfeet_Blackfeet,2017-04-01,77.09974884660276
tribes_blackfeet_Blackfeet,2017-05-01,79.90558256732818
tribes_blackfeet_Blackfeet,2017-06-01,82.86442914292148
tribes_blackfeet_Blackfeet,2017-07-01,78.74001319223343
tribes_blackfeet_Blackfeet,2017-08-01,81.9112608138829
tribes_blackfeet_Blackfeet,2017-09-01,81.64702426788469
tribes_blackfeet_Blackfeet,2017-10-01,76.88720717059967
tribes_blackfeet_Blackfeet,2017-11-01,83.68555563661062
tribes_blackfeet_Blackfeet,2017-12-01,77.61586407874817
tribes_blackfeet_Blackfeet,2018-01-01,81.83351008097331
tribes_blackfeet_Blackfeet,2018-02-01,93.82556279500325
tribes_blackfeet_Blackfeet,2018-03-01,90.44797460129271
tribes_blackfeet_Blackfeet,2018-04-01,86.40743520379611
tribes_blackfeet_Blackfeet,2018-05-01,84.54499189821009
tribes_blackfeet_Blackfeet,2018-06-01,81.59159062006702
tribes_blackfeet_Blackfeet,2018-07-01,89.17174106754669
tribes_blackfeet_Blackfeet,2018-08-01,83.22762556380877
tribes_blackfeet_Blackfeet,2018-09-01,87.88189491724859
tribes_blackfeet_Blackfeet,2018-10-01,87.98936518142213
tribes_blackfeet_Blackfeet,2018-11-01,82.62742774998216
tribes_blackfeet_Blackfeet,2018-12-01,75.86996609761835
tribes_blackfeet_Blackfeet,2019-01-01,79.35001472577657
tribes_blackfeet_Blackfeet,2019-02-01,95.2946348495135
tribes_blackfeet_Blackfeet,2019-03-01,89.16599644700142
tribes_blackfeet_Blackfeet,2019-04-01,81.66821161905925
tribes_blackfeet_Blackfeet,2019-05-01,86.75590657970132
tribes_blackfeet_Blackfeet,2019-06-01,82.13531194538831
tribes_blackfeet_Blackfeet,2019-07-01,82.41316094246085
tribes_blackfeet_Blackfeet,2019-08-01,83.47193971398758
tribes_blackfeet_Blackfeet,2019-09-01,87.56524351633847
tribes_blackfeet_Blackfeet,2019-10-01,86.55944190177743
tribes_blackfeet_Blackfeet,2019-11-01,85.17898000429754
tribes_blackfeet_Blackfeet,2019-12-01,76.62723529066669
tribes_blackfeet_Blackfeet,2020-01-01,81.57991630519362
tribes_blackfeet_Blackfeet,2020-02-01,81.03223910397047
tribes_blackfeet_Blackfeet,2020-03-01,85.17530551022047
tribes_blackfeet_Blackfeet,2020-04-01,82.87094361814734
tribes_blackfeet_Blackfeet,2020-05-01,79.69339363760055
tribes_blackfeet_Blackfeet,2020-06-01,82.97531958802105
tribes_blackfeet_Blackfeet,2020-07-01,84.20112691731214
tribes_blackfeet_Blackfeet,2020-08-01,79.36833107308166
tribes_blackfeet_Blackfeet,2020-09-01,85.27918562170578
tribes_blackfeet_Blackfeet,2020-10-01,89.6793931063996
tribes_blackfeet_Blackfeet,2020-11-01,76.86788433545256
tribes_blackfeet_Blackfeet,2020-12-01,74.3096259217284
tribes_blackfeet_Blackfeet,2021-01-01,76.13403304635662
tribes_blackfeet_Blackfeet,2021-02-01,88.04525415429242
tribes_blackfeet_Blackfeet,2021-03-01,75.5262484093235
tribes_blackfeet_Blackfeet,2021-04-01,78.53077638530296
tribes_blackfeet_Blackfeet,2021-05-01,81.37526145482173
tribes_blackfeet_Blackfeet,2021-06-01,83.05179594205394
tribes_blackfeet_Blackfeet,2021-07-01,70.34432905885183
tribes_blackfeet_Blackfeet,2021-08-01,80.25332897656584
tribes_blackfeet_Blackfeet,2021-09-01,73.94767882290496
tribes_blackfeet_Blackfeet,2021-10-01,76.89298131585666
tribes_blackfeet_Blackfeet,2021-11-01,77.09760294875053
tribes_blackfeet_Blackfeet,2021-12-01,88.3674619317599
tribes_blackfeet_Blackfeet,2022-01-01,74.8405140741775
tribes_blackfeet_Blackfeet,2022-02-01,77.87468207372378
tribes_blackfeet_Blackfeet,2022-03-01,80.55637803796219
tribes_blackfeet_Blackfeet,2022-04-01,77.71135467807996
tribes_blackfeet_Blackfeet,2022-05-01,73.64954304803996
tribes_blackfeet_Blackfeet,2022-06-01,84.68084478160561
tribes_blackfeet_Blackfeet,2022-07-01,85.35902934313908
tribes_blackfeet_Blackfeet,2022-08-01,74.2797833969604
tribes_blackfeet_Blackfeet,2022-09-01,79.1071689901831
tribes_blackfeet_Blackfeet,2022-10-01,78.79720121758169
tribes_blackfeet_Blackfeet,2022-11-01,78.86166665760894
tribes_blackfeet_Blackfeet,2022-12-01,84.68210338784135
tribes_blackfeet_Blackfeet,2023-01-01,70.95869066072926
tribes_blackfeet_Blackfeet,2023-02-01,70.45451720773357
tribes_blackfeet_Blackfeet,2023-03-01,87.53675060185124
tribes_blackfeet_Blackfeet,2023-04-01,74.74506087281388
tribes_blackfeet_Blackfeet,2023-05-01,80.31981157276728
tribes_blackfeet_Blackfeet,2023-06-01,79.66991619650088
tribes_blackfeet_Blackfeet,2023-07-01,68.47492272015576
tribes_blackfeet_Blackfeet,2023-08-01,74.18671381527975
tribes_blackfeet_Blackfeet,2023-09-01,80.9243530726324
tribes_blackfeet_Blackfeet,2023-10-01,85.19887319765134
tribes_blackfeet_Blackfeet,2023-11-01,73.81602747146397
tribes_blackfeet_Blackfeet,2023-12-01,68.11205624445388
tribes_blackfeet_Blackfeet,2024-01-01,84.34383568262945
tribes_blackfeet_Blackfeet,2024-02-01,81.97732643231954
tribes_blackfeet_Blackfeet,2024-03-01,87.85576673185444
tribes_blackfeet_Blackfeet,2024-04-01,78.54278543550674
tribes_blackfeet_Blackfeet,2024-05-01,77.28538804076034
tribes_blackfeet_Blackfeet,2024-06-01,83.66947487609028
tribes_blackfeet_Blackfeet,2024-07-01,78.5299234346712
tribes_blackfeet_Blackfeet,2024-08-01,88.55394751840531
tribes_blackfeet_Blackfeet,2024-09-01,82.22959654298548
tribes_blackfeet_Blackfeet,2024-10-01,75.528759873621
tribes_blackfeet_Blackfeet,2024-11-01,83.48452049847607
tribes_blackfeet_Blackfeet,2024-12-01,72.20532473908168
tribes_blackfeet_Blackfeet,2025-01-01,77.31463410538626
tribes_blackfeet_Blackfeet,2025-02-01,85.92410302706504
tribes_blackfeet_Blackfeet,2025-03-01,80.85589185044101
tribes_blackfeet_Blackfeet,2025-04-01,81.37166668617562
tribes_blackfeet_Blackfeet,2025-05-01,78.80148022795376
tribes_blackfeet_Blackfeet,2025-06-01,80.18199375448705
tribes_blackfeet_Blackfeet,2025-07-01,87.31182063551253
tribes_blackfeet_Blackfeet,2025-08-01,85.69774652071739
tribes_blackfeet_Blackfeet,2025-09-01,81.98379009717131
tribes_blackfeet_Blackfeet,2025-10-01,83.19238971030876
tribes_crow_Crow,1979-01-01,87.50527916456524
tribes_crow_Crow,1979-02-01,86.32329061784242
tribes_crow_Crow,1979-03-01,85.67452245009572
tribes_crow_Crow,1979-04-01,81.72901851252506
tribes_crow_Crow,1979-05-01,82.78682087597095
tribes_crow_Crow,1979-06-01,82.43303165937725
tribes_crow_Crow,1979-07-01,78.61851118740283
tribes_crow_Crow,1979-08-01,75.087001217039
tribes_crow_Crow,1979-09-01,74.63235210117541
tribes_crow_Crow,1979-10-01,78.89040739912735
tribes_crow_Crow,1979-11-01,84.43730821107563
tribes_crow_Crow,1979-12-01,81.25849411989513
tribes_crow_Crow,1980-01-01,81.73554742963691
tribes_crow_Crow,1980-02-01,85.60091301014549
tribes_crow_Crow,1980-03-01,90.03924544234025
tribes_crow_Crow,1980-04-01,71.31687498092651
tribes_crow_Crow,1980-05-01,77.79024297312687
tribes_crow_Crow,1980-06-01,84.99138170167019
tribes_crow_Crow,1980-07-01,74.40010616026427
tribes_crow_Crow,1980-08-01,77.59532053847062
tribes_crow_Crow,1980-09-01,75.96817434461494
tribes_crow_Crow,1980-10-01,70.31658524588535
tribes_crow_Crow,1980-11-01,73.66896917318043
tribes_crow_Crow,1980-12-01,72.1912244872043
tribes_crow_Crow,1981-01-01,82.25652073559009
tribes_crow_Crow,1981-02-01,76.51209472982507
tribes_crow_Crow,1981-03-01,77.68144098081086
tribes_crow_Crow,1981-04-01,68.29831693674389
tribes_crow_Crow,1981-05-01,88.34403109550476
tribes_crow_Crow,1981-06-01,83.26407903119137
tribes_crow_Crow,1981-07-01,73.82244801521301
tribes_crow_Crow,1981-08-01,80.20535326631446
tribes_crow_Crow,1981-09-01,72.00901321360939
tribes_crow_Crow,1981-10-01,85.31602811813354
tribes_crow_Crow,1981-11-01,82.10529054466046
tribes_crow_Crow,1981-12-01,80.2819716302972
tribes_crow_Crow,1982-01-01,76.02553593484978
tribes_crow_Crow,1982-02-01,72.6639332143884
tribes_crow_Crow,1982-03-01,86.36864929450185
tribes_crow_Crow,1982-04-01,76.42731898709347
tribes_crow_Crow,1982-05-01,80.59594120477375
tribes_crow_Crow,1982-06-01,90.39533449474133
tribes_crow_Crow,1982-07-01,82.09056144639065
tribes_crow_Crow,1982-08-01,79.54076834101426
tribes_crow_Crow,1982-09-01,79.24853052591023
tribes_crow_Crow,1982-10-01,84.01643150731137
tribes_crow_Crow,1982-11-01,82.17553186416626
tribes_crow_Crow,1982-12-01,85.28814724871987
tribes_crow_Crow,1983-01-01,85.5899987722698
tribes_crow_Crow,1983-02-01,82.9471978764785
tribes_crow_Crow,1983-03-01,86.64139963451184
tribes_crow_Crow,1983-04-01,80.85548791132476
tribes_crow_Crow,1983-05-01,81.49194624549465
tribes_crow_Crow,1983-06-01,87.58820726996974
tribes_crow_Crow,1983-07-01,79.77546689384862
tribes_crow_Crow,1983-08-01,76.60761885266555
tribes_crow_Crow,1983-09-01,72.53902405186703
tribes_crow_Crow,1983-10-01,83.41212858651814
tribes_crow_Crow,1983-11-01,83.91773577740318
tribes_crow_Crow,1983-12-01,77.13589246022075
tribes_crow_Crow,1984-01-01,80.197463851226
tribes_crow_Crow,1984-02-01,84.50834856535259
tribes_crow_Crow,1984-03-01,86.83213065799914
tribes_crow_Crow,1984-04-01,78.38759316896137
tribes_crow_Crow,1984-05-01,74.46532251332935
tribes_crow_Crow,1984-06-01,82.44525756334004
tribes_crow_Crow,1984-07-01,72.15519412567741
tribes_crow_Crow,1984-08-01,72.07143464213924
tribes_crow_Crow,1984-09-01,76.01484099187348
tribes_crow_Crow,1984-10-01,81.01046793084396
tribes_crow_Crow,1984-11-01,80.1343146625318
tribes_crow_Crow,1984-12-01,87.75661074487786
tribes_crow_Crow,1985-01-01,89.88980265667564
tribes_crow_Crow,1985-02-01,80.1487253590634
tribes_crow_Crow,1985-03-01,85.77168933968795
tribes_crow_Crow,1985-04-01,69.51114049710725
tribes_crow_Crow,1985-05-01,70.94776635420949
tribes_crow_Crow,1985-06-01,73.0187062527004
tribes_crow_Crow,1985-07-01,67.47355160587712
tribes_crow_Crow,1985-08-01,77.82938760205319
tribes_crow_Crow,1985-09-01,83.26993407701191
tribes_crow_Crow,1985-10-01,75.62802405106395
tribes_crow_Crow,1985-11-01,79.54326209896489
tribes_crow_Crow,1985-12-01,79.94902896253686
tribes_crow_Crow,1986-01-01,80.38971254072692
tribes_crow_Crow,1986-02-01,85.40851146296451
tribes_crow_Crow,1986-03-01,82.23961695871856
tribes_crow_Crow,1986-04-01,81.61911751094617
tribes_crow_Crow,1986-05-01,77.82787552005367
tribes_crow_Crow,1986-06-01,78.85991215705872
tribes_crow_Crow,1986-07-01,76.47081381396244
tribes_crow_Crow,1986-08-01,73.75235033662696
tribes_crow_Crow,1986-09-01,84.08959969721343
tribes_crow_Crow,1986-10-01,82.76500961655064
tribes_crow_Crow,1986-11-01,82.73815787465949
tribes_crow_Crow,1986-12-01,81.59194596190201
tribes_crow_Crow,1987-01-01,81.29917235750901
tribes_crow_Crow,1987-02-01,82.4886276345504
tribes_crow_Crow,1987-03-01,86.15027589547007
tribes_crow_Crow,1987-04-01,71.90033449624714
tribes_crow_Crow,1987-05-01,79.61345491911236
tribes_crow_Crow,1987-06-01,76.77144752678119
tribes_crow_Crow,1987-07-01,81.47215614820782
tribes_crow_Crow,1987-08-01,76.8266022393578
tribes_crow_Crow,1987-09-01,79.15407355208146
tribes_crow_Crow,1987-10-01,71.87493104683726
tribes_crow_Crow,1987-11-01,84.58537278677288
tribes_crow_Crow,1987-12-01,79.54662023092571
tribes_crow_Crow,1988-01-01,82.25084888307671
tribes_crow_Crow,1988-02-01,80.33599707954808
tribes_crow_Crow,1988-03-01,73.85401627891942
tribes_crow_Crow,1988-04-01,69.27232464991118
tribes_crow_Crow,1988-05-01,71.29784072072883
tribes_crow_Crow,1988-06-01,67.29855263233185
tribes_crow_Crow,1988-07-01,62.74130947338907
tribes_crow_Crow,1988-08-01,64.3241457939148
tribes_crow_Crow,1988-09-01,72.03006032893532
tribes_crow_Crow,1988-10-01,77.71763054320687
tribes_crow_Crow,1988-11-01,80.09972586129841
tribes_crow_Crow,1988-12-01,81.9806557203594
tribes_crow_Crow,1989-01-01,86.65859508514404
tribes_crow_Crow,1989-02-01,74.45670240803769
tribes_crow_Crow,1989-03-01,83.14231742055793
tribes_crow_Crow,1989-04-01,77.03966558607002
tribes_crow_Crow,1989-05-01,77.52810382843018
tribes_crow_Crow,1989-06-01,86.73939137709768
tribes_crow_Crow,1989-07-01,73.61820350195232
tribes_crow_Crow,1989-08-01,82.613508193116445
tribes_crow_Crow,1989-09-01,80.2420449507864
tribes_crow_Crow,1989-10-01,82.70312506274173
tribes_crow_Crow,1989-11-01,82.38904614197581
tribes_crow_Crow,1989-12-01,82.65438234178643
tribes_crow_Crow,1990-01-01,82.44406303606536
tribes_crow_Crow,1990-02-01,81.04087749280427
tribes_crow_Crow,1990-03-01,85.4817593976071
tribes_crow_Crow,1990-04-01,86.79796610380474
tribes_crow_Crow,1990-05-01,82.7752281741092
tribes_crow_Crow,1990-06-01,78.97694079499496
tribes_crow_Crow,1990-07-01,78.04911398260217
tribes_crow_Crow,1990-08-01,76.73520808470876
tribes_crow_Crow,1990-09-01,71.8136787602776
tribes_crow_Crow,1990-10-01,76.85516243231923
tribes_crow_Crow,1990-11-01,76.9415679730867
tribes_crow_Crow,1990-12-01,73.33557933882663
tribes_crow_Crow,1991-01-01,85.32223572229084
tribes_crow_Crow,1991-02-01,84.66734608850982
tribes_crow_Crow,1991-03-01,85.60775685310364
tribes_crow_Crow,1991-04-01,84.15633770039207
tribes_crow_Crow,1991-05-01,85.82707456538552
tribes_crow_Crow,1991-06-01,88.29027404283222
tribes_crow_Crow,1991-07-01,77.19191437018544
tribes_crow_Crow,1991-08-01,72.68126590628373
tribes_crow_Crow,1991-09-01,78.37553713196202
tribes_crow_Crow,1991-10-01,74.39841357657784
tribes_crow_Crow,1991-11-01,85.97257124750237
tribes_crow_Crow,1991-12-01,82.1087171466727
tribes_crow_Crow,1992-01-01,82.70124156224101
tribes_crow_Crow,1992-02-01,83.06049230224208
tribes_crow_Crow,1992-03-01,79.37929227477626
tribes_crow_Crow,1992-04-01,78.03004922364887
tribes_crow_Crow,1992-05-01,76.12126489689476
tribes_crow_Crow,1992-06-01,83.79333871289303
tribes_crow_Crow,1992-07-01,85.02326504807723
tribes_crow_Crow,1992-08-01,75.89564961508701
tribes_crow_Crow,1992-09-01,72.56415020164691
tribes_crow_Crow,1992-10-01,78.65319932134528
tribes_crow_Crow,1992-11-01,85.74347034253572
tribes_crow_Crow,1992-12-01,79.26481342943092
tribes_crow_Crow,1993-01-01,86.70258382747048
tribes_crow_Crow,1993-02-01,86.97228033291667
tribes_crow_Crow,1993-03-01,83.13120762925399
tribes_crow_Crow,1993-04-01,84.98501644636455
tribes_crow_Crow,1993-05-01,82.29171801868237
tribes_crow_Crow,1993-06-01,85.83569632078472
tribes_crow_Crow,1993-07-01,91.18703321406716
tribes_crow_Crow,1993-08-01,85.01022414157265
tribes_crow_Crow,1993-09-01,81.18391437279551
tribes_crow_Crow,1993-10-01,80.89645573967381
tribes_crow_Crow,1993-11-01,79.43882679311852
tribes_crow_Crow,1993-12-01,81.70009024519669
tribes_crow_Crow,1994-01-01,87.32691528295216
tribes_crow_Crow,1994-02-01,79.82127024625477
tribes_crow_Crow,1994-03-01,77.2451719986765
tribes_crow_Crow,1994-04-01,78.5936348187296
tribes_crow_Crow,1994-05-01,76.11233565681859
tribes_crow_Crow,1994-06-01,77.7673298747916
tribes_crow_Crow,1994-07-01,72.54185580579858
tribes_crow_Crow,1994-08-01,71.06736525736358
tribes_crow_Crow,1994-09-01,69.15023033242477
tribes_crow_Crow,1994-10-01,83.19296479225159
tribes_crow_Crow,1994-11-01,82.94496705657558
tribes_crow_Crow,1994-12-01,82.35390498763637
tribes_crow_Crow,1995-01-01,86.34261468837136
tribes_crow_Crow,1995-02-01,76.2689203839553
tribes_crow_Crow,1995-03-01,84.27532342860573
tribes_crow_Crow,1995-04-01,89.21479168691133
tribes_crow_Crow,1995-05-01,88.82650165808828
tribes_crow_Crow,1995-06-01,86.10967117861698
tribes_crow_Crow,1995-07-01,84.91465412942986
tribes_crow_Crow,1995-08-01,72.08471461973693
tribes_crow_Crow,1995-09-01,78.19590465646041
tribes_crow_Crow,1995-10-01,78.33857152336522
tribes_crow_Crow,1995-11-01,81.005526304245
tribes_crow_Crow,1995-12-01,81.35960838669224
tribes_crow_Crow,1996-01-01,81.2557724275087
tribes_crow_Crow,1996-02-01,75.59895651591451
tribes_crow_Crow,1996-03-01,86.11021863786797
tribes_crow_Crow,1996-04-01,75.773399014222
tribes_crow_Crow,1996-05-01,84.95797965401097
tribes_crow_Crow,1996-06-01,79.53189137107448
tribes_crow_Crow,1996-07-01,72.4728353274496
tribes_crow_Crow,1996-08-01,68.4957182909313
tribes_crow_Crow,1996-09-01,77.2323519305179
tribes_crow_Crow,1996-10-01,78.48193439684417
tribes_crow_Crow,1996-11-01,85.88860193679207
tribes_crow_Crow,1996-12-01,84.95145918193616
tribes_crow_Crow,1997-01-01,83.78913943391098
tribes_crow_Crow,1997-02-01,85.50545110200581
tribes_crow_Crow,1997-03-01,76.95374586707668
tribes_crow_Crow,1997-04-01,79.60344273165653
tribes_crow_Crow,1997-05-01,74.66474953450654
tribes_crow_Crow,1997-06-01,85.67824564482036
tribes_crow_Crow,1997-07-01,83.01122655366596
tribes_crow_Crow,1997-08-01,81.72439516218085
tribes_crow_Crow,1997-09-01,79.36945166713313
tribes_crow_Crow,1997-10-01,81.02886782821857
tribes_crow_Crow,1997-11-01,80.6752959803531
tribes_crow_Crow,1997-12-01,83.65601644390507
tribes_crow_Crow,1998-01-01,85.63746276654695
tribes_crow_Crow,1998-02-01,87.29111850261688
tribes_crow_Crow,1998-03-01,87.79549016450581
tribes_crow_Crow,1998-04-01,84.05393635599236
tribes_crow_Crow,1998-05-01,76.21439931267186
tribes_crow_Crow,1998-06-01,89.87281262247186
tribes_crow_Crow,1998-07-01,80.55981531896089
tribes_crow_Crow,1998-08-01,78.52019313134645
tribes_crow_Crow,1998-09-01,78.74023583060817
tribes_crow_Crow,1998-10-01,85.42388574700607
tribes_crow_Crow,1998-11-01,81.78293335437775
tribes_crow_Crow,1998-12-01,74.64197779956616
tribes_crow_Crow,1999-01-01,83.7455114439914
tribes_crow_Crow,1999-02-01,70.51521384088616
tribes_crow_Crow,1999-03-01,75.3549395736895
tribes_crow_Crow,1999-04-01,78.64299900280803
tribes_crow_Crow,1999-05-01,79.75586798316554
tribes_crow_Crow,1999-06-01,84.47731892686141
tribes_crow_Crow,1999-07-01,73.32014541876943
tribes_crow_Crow,1999-08-01,76.45652073308041
tribes_crow_Crow,1999-09-01,76.2669408446864
tribes_crow_Crow,1999-10-01,72.13382846430729
tribes_crow_Crow,1999-11-01,65.56100334619221
tribes_crow_Crow,1999-12-01,75.57839023439507
tribes_crow_Crow,2000-01-01,86.46685609064605
tribes_crow_Crow,2000-02-01,86.93080759048462
tribes_crow_Crow,2000-03-01,78.4649458998128
tribes_crow_Crow,2000-04-01,78.26475314717544
tribes_crow_Crow,2000-05-01,79.85814414526287
tribes_crow_Crow,2000-06-01,82.9406908060375
tribes_crow_Crow,2000-07-01,74.06646859645844
tribes_crow_Crow,2000-08-01,65.68432195563065
tribes_crow_Crow,2000-09-01,73.75638161834918
tribes_crow_Crow,2000-10-01,81.46727500463787
tribes_crow_Crow,2000-11-01,86.42802630600177
tribes_crow_Crow,2000-12-01,88.28813132486846
tribes_crow_Crow,2001-01-01,88.97669235656136
tribes_crow_Crow,2001-02-01,90.41810970557363
tribes_crow_Crow,2001-03-01,84.04895478800724
tribes_crow_Crow,2001-04-01,77.62205033553273
tribes_crow_Crow,2001-05-01,62.23425825646049
tribes_crow_Crow,2001-06-01,79.0320996548
tribes_crow_Crow,2001-07-01,79.13380201866752
tribes_crow_Crow,2001-08-01,61.062070200317784
tribes_crow_Crow,2001-09-01,71.11601966305783
tribes_crow_Crow,2001-10-01,74.26360886975338
tribes_crow_Crow,2001-11-01,75.60670501307438
tribes_crow_Crow,2001-12-01,83.57977506988927
tribes_crow_Crow,2002-01-01,76.89468386926148
tribes_crow_Crow,2002-02-01,76.69594087098774
tribes_crow_Crow,2002-03-01,82.74901327333953
tribes_crow_Crow,2002-04-01,80.1897039225227
tribes_crow_Crow,2002-05-01,73.61314186296966
tribes_crow_Crow,2002-06-01,75.13167758364426
tribes_crow_Crow,2002-07-01,68.76306253985355
tribes_crow_Crow,2002-08-01,75.76481315964146
tribes_crow_Crow,2002-09-01,75.23158980670728
tribes_crow_Crow,2002-10-01,83.2219863000669
tribes_crow_Crow,2002-11-01,76.08515896295246
tribes_crow_Crow,2002-12-01,83.01881382339879
tribes_crow_Crow,2003-01-01,83.71999685387863
tribes_crow_Crow,2003-02-01,85.8308328954797
tribes_crow_Crow,2003-03-01,83.8456600841723
tribes_crow_Crow,2003-04-01,75.85404590556496
tribes_crow_Crow,2003-05-01,80.56698861875032
tribes_crow_Crow,2003-06-01,81.96596490709405
tribes_crow_Crow,2003-07-01,60.0497665969949
tribes_crow_Crow,2003-08-01,65.91217106894443
tribes_crow_Crow,2003-09-01,74.49166673735569
tribes_crow_Crow,2003-10-01,64.76947703486995
tribes_crow_Crow,2003-11-01,80.0396656362634
tribes_crow_Crow,2003-12-01,86.14197791877545
tribes_crow_Crow,2004-01-01,80.98331930762843
tribes_crow_Crow,2004-02-01,83.00029503671746
tribes_crow_Crow,2004-03-01,73.34552207746003
tribes_crow_Crow,2004-04-01,79.9984922785508
tribes_crow_Crow,2004-05-01,77.18541487267143
tribes_crow_Crow,2004-06-01,77.433212662998
tribes_crow_Crow,2004-07-01,74.18451821176629
tribes_crow_Crow,2004-08-01,73.07845399254246
tribes_crow_Crow,2004-09-01,77.90470947717365
tribes_crow_Crow,2004-10-01,82.89437597676327
tribes_crow_Crow,2004-11-01,77.44372820226769
tribes_crow_Crow,2004-12-01,74.84078952513244
tribes_crow_Crow,2005-01-01,84.43390814881576
tribes_crow_Crow,2005-02-01,75.82144025752419
tribes_crow_Crow,2005-03-01,80.68677840734783
tribes_crow_Crow,2005-04-01,75.46752727659126
tribes_crow_Crow,2005-05-01,81.52492587189926
tribes_crow_Crow,2005-06-01,83.6541227729697
tribes_crow_Crow,2005-07-01,66.09624377677315
tribes_crow_Crow,2005-08-01,70.89737900307304
tribes_crow_Crow,2005-09-01,68.75140338822415
tribes_crow_Crow,2005-10-01,83.51259022637417
tribes_crow_Crow,2005-11-01,80.49404052684181
tribes_crow_Crow,2005-12-01,78.06279709464626
tribes_crow_Crow,2006-01-01,74.65932726232629
tribes_crow_Crow,2006-02-01,68.70890504435489
tribes_crow_Crow,2006-03-01,80.41153977419201
tribes_crow_Crow,2006-04-01,75.30430387195788
tribes_crow_Crow,2006-05-01,70.36180489314229
tribes_crow_Crow,2006-06-01,67.57236843987515
tribes_crow_Crow,2006-07-01,57.206096147236075
tribes_crow_Crow,2006-08-01,59.08997242074264
tribes_crow_Crow,2006-09-01,70.20194069335335
tribes_crow_Crow,2006-10-01,84.08718180656433
tribes_crow_Crow,2006-11-01,73.55075109632392
tribes_crow_Crow,2006-12-01,76.96539682463596
tribes_crow_Crow,2007-01-01,75.64495961917073
tribes_crow_Crow,2007-02-01,84.55599146140248
tribes_crow_Crow,2007-03-01,74.12787570451435
tribes_crow_Crow,2007-04-01,79.22030161556445
tribes_crow_Crow,2007-05-01,78.86525355514728
tribes_crow_Crow,2007-06-01,70.53114597420944
tribes_crow_Crow,2007-07-01,65.37323321794209
tribes_crow_Crow,2007-08-01,64.90796375274658
tribes_crow_Crow,2007-09-01,73.63780144013856
tribes_crow_Crow,2007-10-01,79.83376489187542
tribes_crow_Crow,2007-11-01,73.17009880668239
tribes_crow_Crow,2007-12-01,76.92341355901016
tribes_crow_Crow,2008-01-01,79.72839546203613
tribes_crow_Crow,2008-02-01,81.98839611756175
tribes_crow_Crow,2008-03-01,81.42682524731285
tribes_crow_Crow,2008-04-01,75.14484093063756
tribes_crow_Crow,2008-05-01,79.47152476561696
tribes_crow_Crow,2008-06-01,78.90616223059203
tribes_crow_Crow,2008-07-01,65.38845492664136
tribes_crow_Crow,2008-08-01,62.940550666106375
tribes_crow_Crow,2008-09-01,74.56229160333935
tribes_crow_Crow,2008-10-01,75.65118315345363
tribes_crow_Crow,2008-11-01,80.92115670128872
tribes_crow_Crow,2008-12-01,80.40263162161175
tribes_crow_Crow,2009-01-01,78.83165851392243
tribes_crow_Crow,2009-02-01,82.85748927216781
tribes_crow_Crow,2009-03-01,81.53124464185615
tribes_crow_Crow,2009-04-01,82.56514788928784
tribes_crow_Crow,2009-05-01,72.75321523139351
tribes_crow_Crow,2009-06-01,81.43012597686366
tribes_crow_Crow,2009-07-01,76.12741932116057
tribes_crow_Crow,2009-08-01,76.21993292005439
tribes_crow_Crow,2009-09-01,69.31287271098087
tribes_crow_Crow,2009-10-01,84.0189727231076
tribes_crow_Crow,2009-11-01,77.44422147148533
tribes_crow_Crow,2009-12-01,83.10522594577388
tribes_crow_Crow,2010-01-01,84.86945566378142
tribes_crow_Crow,2010-02-01,89.02500584251003
tribes_crow_Crow,2010-03-01,74.28349949811634
tribes_crow_Crow,2010-04-01,73.27716578307904
tribes_crow_Crow,2010-05-01,76.63449174479435
tribes_crow_Crow,2010-06-01,77.63042210277759
tribes_crow_Crow,2010-07-01,67.34034909700092
tribes_crow_Crow,2010-08-01,66.81235130209672
tribes_crow_Crow,2010-09-01,77.43289476319363
tribes_crow_Crow,2010-10-01,68.58555813212143
tribes_crow_Crow,2010-11-01,81.07067976499859
tribes_crow_Crow,2010-12-01,83.3162508763765
tribes_crow_Crow,2011-01-01,89.88018359636006
tribes_crow_Crow,2011-02-01,87.21177742355748
tribes_crow_Crow,2011-03-01,84.8147495294872
tribes_crow_Crow,2011-04-01,83.42920500353763
tribes_crow_Crow,2011-05-01,88.99619595628036
tribes_crow_Crow,2011-06-01,88.4840844555905
tribes_crow_Crow,2011-07-01,74.74522494014941
tribes_crow_Crow,2011-08-01,65.91953002779107
tribes_crow_Crow,2011-09-01,62.185098698264675
tribes_crow_Crow,2011-10-01,70.37221989506169
tribes_crow_Crow,2011-11-01,75.19048798084259
tribes_crow_Crow,2011-12-01,82.19804222960221
tribes_crow_Crow,2012-01-01,74.91988020821621
tribes_crow_Crow,2012-02-01,81.59374993725827
tribes_crow_Crow,2012-03-01,67.78155763525712
tribes_crow_Crow,2012-04-01,69.22543859481812
tribes_crow_Crow,2012-05-01,68.26266977661534
tribes_crow_Crow,2012-06-01,64.72331135523946
tribes_crow_Crow,2012-07-01,55.06628818888413
tribes_crow_Crow,2012-08-01,53.709263475317705
tribes_crow_Crow,2012-09-01,53.24548247613405
tribes_crow_Crow,2012-10-01,77.90680164412449
tribes_crow_Crow,2012-11-01,74.54241768309944
tribes_crow_Crow,2012-12-01,80.25288113167412
tribes_crow_Crow,2013-01-01,86.25610675309834
tribes_crow_Crow,2013-02-01,88.95290766264263
tribes_crow_Crow,2013-03-01,85.4790428814135
tribes_crow_Crow,2013-04-01,82.06919402825206
tribes_crow_Crow,2013-05-01,77.54576615283364
tribes_crow_Crow,2013-06-01,82.47839923908836
tribes_crow_Crow,2013-07-01,78.70777798326392
tribes_crow_Crow,2013-08-01,68.7955591553136
tribes_crow_Crow,2013-09-01,75.80622240116722
tribes_crow_Crow,2013-10-01,88.22518050043206
tribes_crow_Crow,2013-11-01,80.64338262457596
tribes_crow_Crow,2013-12-01,92.18809415164746
tribes_crow_Crow,2014-01-01,78.63082017396626
tribes_crow_Crow,2014-02-01,84.97259744844939
tribes_crow_Crow,2014-03-01,81.94954389020016
tribes_crow_Crow,2014-04-01,78.7876863981548
tribes_crow_Crow,2014-05-01,83.41290854152881
tribes_crow_Crow,2014-06-01,83.14883225842526
tribes_crow_Crow,2014-07-01,77.48635402478669
tribes_crow_Crow,2014-08-01,83.13465099585683
tribes_crow_Crow,2014-09-01,84.38625000652515
tribes_crow_Crow,2014-10-01,80.50876469361155
tribes_crow_Crow,2014-11-01,85.73317964453446
tribes_crow_Crow,2014-12-01,82.8196254780418
tribes_crow_Crow,2015-01-01,81.56348165712859
tribes_crow_Crow,2015-02-01,78.6540764382011
tribes_crow_Crow,2015-03-01,69.48680494960986
tribes_crow_Crow,2015-04-01,74.2304221579903
tribes_crow_Crow,2015-05-01,81.14122988048352
tribes_crow_Crow,2015-06-01,81.53901858078807
tribes_crow_Crow,2015-07-01,72.56973698264675
tribes_crow_Crow,2015-08-01,69.21255842635506
tribes_crow_Crow,2015-09-01,67.49311949704823
tribes_crow_Crow,2015-10-01,76.26965204038117
tribes_crow_Crow,2015-11-01,82.13140359677766
tribes_crow_Crow,2015-12-01,80.7507481386787
tribes_crow_Crow,2016-01-01,82.72219876239174
tribes_crow_Crow,2016-02-01,70.62388268897408
tribes_crow_Crow,2016-03-01,69.53511770775444
tribes_crow_Crow,2016-04-01,81.92297167527049
tribes_crow_Crow,2016-05-01,79.6551360456567
tribes_crow_Crow,2016-06-01,76.1543091347343
tribes_crow_Crow,2016-07-01,67.48230590318379
tribes_crow_Crow,2016-08-01,70.0670309631448
tribes_crow_Crow,2016-09-01,78.9723409978967
tribes_crow_Crow,2016-10-01,81.96743425570037
tribes_crow_Crow,2016-11-01,73.22438587640461
tribes_crow_Crow,2016-12-01,83.73368520485728
tribes_crow_Crow,2017-01-01,85.90225499554684
tribes_crow_Crow,2017-02-01,79.28273044134441
tribes_crow_Crow,2017-03-01,78.36368848148145
tribes_crow_Crow,2017-04-01,78.25867864960118
tribes_crow_Crow,2017-05-01,81.11705210334377
tribes_crow_Crow,2017-06-01,78.4443584743299
tribes_crow_Crow,2017-07-01,66.24245526288685
tribes_crow_Crow,2017-08-01,68.03221031866576
tribes_crow_Crow,2017-09-01,75.46233015311391
tribes_crow_Crow,2017-10-01,74.09143152362422
tribes_crow_Crow,2017-11-01,83.60282899204053
tribes_crow_Crow,2017-12-01,78.31898862437198
tribes_crow_Crow,2018-01-01,85.44867894524022
tribes_crow_Crow,2018-02-01,94.37584001139591
tribes_crow_Crow,2018-03-01,86.4497931129054
tribes_crow_Crow,2018-04-01,88.59409002253884
tribes_crow_Crow,2018-05-01,87.01330108391612
tribes_crow_Crow,2018-06-01,91.87375549266213
tribes_crow_Crow,2018-07-01,89.08717622882442
tribes_crow_Crow,2018-08-01,82.25265288980384
tribes_crow_Crow,2018-09-01,88.29008229155289
tribes_crow_Crow,2018-10-01,88.16804966173675
tribes_crow_Crow,2018-11-01,85.44316876562019
tribes_crow_Crow,2018-12-01,76.57030987112145
tribes_crow_Crow,2019-01-01,82.86374680619491
tribes_crow_Crow,2019-02-01,94.58405189765126
tribes_crow_Crow,2019-03-01,88.06972629145572
tribes_crow_Crow,2019-04-01,82.33269730367158
tribes_crow_Crow,2019-05-01,86.19551677452891
tribes_crow_Crow,2019-06-01,87.07984655781796
tribes_crow_Crow,2019-07-01,88.86348155925148
tribes_crow_Crow,2019-08-01,85.13461374609093
tribes_crow_Crow,2019-09-01,84.60448470868562
tribes_crow_Crow,2019-10-01,87.54720392980073
tribes_crow_Crow,2019-11-01,86.79733010342247
tribes_crow_Crow,2019-12-01,76.17929752249466
tribes_crow_Crow,2020-01-01,82.22056457870885
tribes_crow_Crow,2020-02-01,85.8217615579304
tribes_crow_Crow,2020-03-01,81.79896012105439
tribes_crow_Crow,2020-04-01,82.84045492975335
tribes_crow_Crow,2020-05-01,80.99275233871059
tribes_crow_Crow,2020-06-01,80.72845388713635
tribes_crow_Crow,2020-07-01,78.97060167162041
tribes_crow_Crow,2020-08-01,68.77271330356598
tribes_crow_Crow,2020-09-01,69.3496818856189
tribes_crow_Crow,2020-10-01,79.34594132398304
tribes_crow_Crow,2020-11-01,76.57096498263509
tribes_crow_Crow,2020-12-01,79.17056973984367
tribes_crow_Crow,2021-01-01,80.75583608526932
tribes_crow_Crow,2021-02-01,88.18759391182347
tribes_crow_Crow,2021-03-01,75.83958515995427
tribes_crow_Crow,2021-04-01,81.3567708416989
tribes_crow_Crow,2021-05-01,80.94920944540124
tribes_crow_Crow,2021-06-01,68.6977246435065
tribes_crow_Crow,2021-07-01,59.392434226839164
tribes_crow_Crow,2021-08-01,72.08236413880398
tribes_crow_Crow,2021-09-01,67.92769733228181
tribes_crow_Crow,2021-10-01,78.18513897218202
tribes_crow_Crow,2021-11-01,73.24303719871922
tribes_crow_Crow,2021-12-01,84.3457555770874
tribes_crow_Crow,2022-01-01,80.38241189404538
tribes_crow_Crow,2022-02-01,84.33646628731175
tribes_crow_Crow,2022-03-01,79.63460843814046
tribes_crow_Crow,2022-04-01,80.20354150470935
tribes_crow_Crow,2022-05-01,74.93912876907147
tribes_crow_Crow,2022-06-01,79.91345391775432
tribes_crow_Crow,2022-07-01,75.38250746225056
tribes_crow_Crow,2022-08-01,67.28491630052265
tribes_crow_Crow,2022-09-01,66.28716558531711
tribes_crow_Crow,2022-10-01,75.84848260252099
tribes_crow_Crow,2022-11-01,78.62470938030042
tribes_crow_Crow,2022-12-01,85.82838489507374
tribes_crow_Crow,2023-01-01,76.26038838687695
tribes_crow_Crow,2023-02-01,72.59295109071229
tribes_crow_Crow,2023-03-01,82.14332540411698
tribes_crow_Crow,2023-04-01,69.75030702038815
tribes_crow_Crow,2023-05-01,73.57724412491447
tribes_crow_Crow,2023-06-01,85.79417217405219
tribes_crow_Crow,2023-07-01,79.58270896108527
tribes_crow_Crow,2023-08-01,76.01651112029427
tribes_crow_Crow,2023-09-01,76.77259343548825
tribes_crow_Crow,2023-10-01,84.78662453827106
tribes_crow_Crow,2023-11-01,74.19997261699878
tribes_crow_Crow,2023-12-01,72.7804116700825
tribes_crow_Crow,2024-01-01,88.67134440572639
tribes_crow_Crow,2024-02-01,83.64376149679485
tribes_crow_Crow,2024-03-01,83.30276961703049
tribes_crow_Crow,2024-04-01,72.18939145615226
tribes_crow_Crow,2024-05-01,75.46819823039205
tribes_crow_Crow,2024-06-01,81.9350493456188
tribes_crow_Crow,2024-07-01,61.298100653447605
tribes_crow_Crow,2024-08-01,69.38385514836563
tribes_crow_Crow,2024-09-01,66.5123409660239
tribes_crow_Crow,2024-10-01,68.24780342453404
tribes_crow_Crow,2024-11-01,80.49689693199961
tribes_crow_Crow,2024-12-01,70.7460792001925
tribes_crow_Crow,2025-01-01,84.26177315335525
tribes_crow_Crow,2025-02-01,83.93680103829033
tribes_crow_Crow,2025-03-01,75.60470609915883
tribes_crow_Crow,2025-04-01,81.19135957015187
tribes_crow_Crow,2025-05-01,79.49359625891636
tribes_crow_Crow,2025-06-01,83.10968189490468
tribes_crow_Crow,2025-07-01,79.19875318125675
tribes_crow_Crow,2025-08-01,72.4227028457742
tribes_crow_Crow,2025-09-01,72.37020279231824
tribes_crow_Crow,2025-10-01,75.65666130969399
tribes_flathead_Flathead,1979-01-01,87.56529587965746
tribes_flathead_Flathead,1979-02-01,84.81546332809951
tribes_flathead_Flathead,1979-03-01,91.86674065642305
tribes_flathead_Flathead,1979-04-01,89.75897424299639
tribes_flathead_Flathead,1979-05-01,80.56670494917985
tribes_flathead_Flathead,1979-06-01,75.46993593069223
tribes_flathead_Flathead,1979-07-01,75.09709312103607
tribes_flathead_Flathead,1979-08-01,76.09936210087368
tribes_flathead_Flathead,1979-09-01,84.2657416836246
tribes_flathead_Flathead,1979-10-01,88.74819204309485
tribes_flathead_Flathead,1979-11-01,94.06380961491512
tribes_flathead_Flathead,1979-12-01,97.29913151919187
tribes_flathead_Flathead,1980-01-01,91.94022503527967
tribes_flathead_Flathead,1980-02-01,91.90817558372413
tribes_flathead_Flathead,1980-03-01,97.76861943255415
tribes_flathead_Flathead,1980-04-01,88.18805864355066
tribes_flathead_Flathead,1980-05-01,88.91987775446295
tribes_flathead_Flathead,1980-06-01,91.34212449880746
tribes_flathead_Flathead,1980-07-01,80.877747294667
tribes_flathead_Flathead,1980-08-01,82.53073363251738
tribes_flathead_Flathead,1980-09-01,89.57865369188916
tribes_flathead_Flathead,1980-10-01,89.56492386283455
tribes_flathead_Flathead,1980-11-01,93.4562821650243
tribes_flathead_Flathead,1980-12-01,92.37255398257749
tribes_flathead_Flathead,1981-01-01,94.30986354115245
tribes_flathead_Flathead,1981-02-01,91.31938781319084
tribes_flathead_Flathead,1981-03-01,91.64236986768115
tribes_flathead_Flathead,1981-04-01,82.24021060650165
tribes_flathead_Flathead,1981-05-01,91.68803619552445
tribes_flathead_Flathead,1981-06-01,90.76677655649709
tribes_flathead_Flathead,1981-07-01,78.27302362630655
tribes_flathead_Flathead,1981-08-01,74.08700831905826
tribes_flathead_Flathead,1981-09-01,83.89768317505553
tribes_flathead_Flathead,1981-10-01,92.81977127410553
tribes_flathead_Flathead,1981-11-01,98.17106219700405
tribes_flathead_Flathead,1981-12-01,94.91350563803871
tribes_flathead_Flathead,1982-01-01,84.2465349134508
tribes_flathead_Flathead,1982-02-01,77.5663659965599
tribes_flathead_Flathead,1982-03-01,91.58427848396721
tribes_flathead_Flathead,1982-04-01,84.32814101334456
tribes_flathead_Flathead,1982-05-01,84.12632925431807
tribes_flathead_Flathead,1982-06-01,87.49103474879003
tribes_flathead_Flathead,1982-07-01,83.91891150422148
tribes_flathead_Flathead,1982-08-01,83.3002923818735
tribes_flathead_Flathead,1982-09-01,89.64232604058235
tribes_flathead_Flathead,1982-10-01,95.77498228471357
tribes_flathead_Flathead,1982-11-01,96.33376364655547
tribes_flathead_Flathead,1982-12-01,96.41775072537936
tribes_flathead_Flathead,1983-01-01,93.71523398095435
tribes_flathead_Flathead,1983-02-01,94.23173070215917
tribes_flathead_Flathead,1983-03-01,94.16151174608167
tribes_flathead_Flathead,1983-04-01,87.91239912431318
tribes_flathead_Flathead,1983-05-01,84.00281839056329
tribes_flathead_Flathead,1983-06-01,82.39934064005757
tribes_flathead_Flathead,1983-07-01,83.00858751234118
tribes_flathead_Flathead,1983-08-01,82.7954180581229
tribes_flathead_Flathead,1983-09-01,87.31497263646388
tribes_flathead_Flathead,1983-10-01,93.66786571125408
tribes_flathead_Flathead,1983-11-01,97.8340385562771
tribes_flathead_Flathead,1983-12-01,75.24230752672467
tribes_flathead_Flathead,1984-01-01,86.4041919708252
tribes_flathead_Flathead,1984-02-01,93.53031468653417
tribes_flathead_Flathead,1984-03-01,96.4405619443118
tribes_flathead_Flathead,1984-04-01,84.57659329424848
tribes_flathead_Flathead,1984-05-01,88.5058046906859
tribes_flathead_Flathead,1984-06-01,86.11040287227421
tribes_flathead_Flathead,1984-07-01,71.70050504705408
tribes_flathead_Flathead,1984-08-01,74.98255039047409
tribes_flathead_Flathead,1984-09-01,86.24428577213497
tribes_flathead_Flathead,1984-10-01,90.69904277088878
tribes_flathead_Flathead,1984-11-01,94.70804927113292
tribes_flathead_Flathead,1984-12-01,84.07461017566723
tribes_flathead_Flathead,1985-01-01,77.47559388129265
tribes_flathead_Flathead,1985-02-01,82.41450163034293
tribes_flathead_Flathead,1985-03-01,93.21179532480764
tribes_flathead_Flathead,1985-04-01,84.22917607066395
tribes_flathead_Flathead,1985-05-01,82.78176177726998
tribes_flathead_Flathead,1985-06-01,72.53001815670139
tribes_flathead_Flathead,1985-07-01,61.06376297919305
tribes_flathead_Flathead,1985-08-01,88.40386401165972
tribes_flathead_Flathead,1985-09-01,91.0264100923643
tribes_flathead_Flathead,1985-10-01,91.5935486803998
tribes_flathead_Flathead,1985-11-01,83.64915761842832
tribes_flathead_Flathead,1985-12-01,89.45195843623235
tribes_flathead_Flathead,1986-01-01,97.29616282536433
tribes_flathead_Flathead,1986-02-01,91.78639122679994
tribes_flathead_Flathead,1986-03-01,95.90881781525664
tribes_flathead_Flathead,1986-04-01,87.17079667730646
tribes_flathead_Flathead,1986-05-01,78.78267451695034
tribes_flathead_Flathead,1986-06-01,79.29909324645996
tribes_flathead_Flathead,1986-07-01,77.17846514104487
tribes_flathead_Flathead,1986-08-01,69.10902148026686
tribes_flathead_Flathead,1986-09-01,94.71960621089725
tribes_flathead_Flathead,1986-10-01,96.24379635905171
tribes_flathead_Flathead,1986-11-01,95.96449636103033
tribes_flathead_Flathead,1986-12-01,95.77011709946852
tribes_flathead_Flathead,1987-01-01,91.52427342173817
tribes_flathead_Flathead,1987-02-01,93.94357333340487
tribes_flathead_Flathead,1987-03-01,94.35220676464039
tribes_flathead_Flathead,1987-04-01,82.48663925338577
tribes_flathead_Flathead,1987-05-01,85.03617513048779
tribes_flathead_Flathead,1987-06-01,77.62087924663837
tribes_flathead_Flathead,1987-07-01,82.3855457515507
tribes_flathead_Flathead,1987-08-01,79.38934770521227
tribes_flathead_Flathead,1987-09-01,79.56753657414363
tribes_flathead_Flathead,1987-10-01,77.79167872208815
tribes_flathead_Flathead,1987-11-01,94.79328744490068
tribes_flathead_Flathead,1987-12-01,90.50053171011118
tribes_flathead_Flathead,1988-01-01,86.5230059990516
tribes_flathead_Flathead,1988-02-01,85.4685676910065
tribes_flathead_Flathead,1988-03-01,88.09373442681282
tribes_flathead_Flathead,1988-04-01,82.8731501023848
tribes_flathead_Flathead,1988-05-01,83.02912992959494
tribes_flathead_Flathead,1988-06-01,77.38393783569336
tribes_flathead_Flathead,1988-07-01,64.39235219850644
tribes_flathead_Flathead,1988-08-01,61.790996069436545
tribes_flathead_Flathead,1988-09-01,79.21297625656966
tribes_flathead_Flathead,1988-10-01,86.15864952841957
tribes_flathead_Flathead,1988-11-01,95.71423981215928
tribes_flathead_Flathead,1988-12-01,94.06200815557123
tribes_flathead_Flathead,1989-01-01,92.74188230325888
tribes_flathead_Flathead,1989-02-01,84.69724279969603
tribes_flathead_Flathead,1989-03-01,97.49790856078431
tribes_flathead_Flathead,1989-04-01,83.8508058485094
tribes_flathead_Flathead,1989-05-01,86.7036688877986
tribes_flathead_Flathead,1989-06-01,81.39689564966893
tribes_flathead_Flathead,1989-07-01,75.91798135736487
tribes_flathead_Flathead,1989-08-01,92.11567719428093
tribes_flathead_Flathead,1989-09-01,90.20221601213727
tribes_flathead_Flathead,1989-10-01,97.05744412181141
tribes_flathead_Flathead,1989-11-01,94.61174000750532
tribes_flathead_Flathead,1989-12-01,97.18568785111982
tribes_flathead_Flathead,1990-01-01,94.46872591710353
tribes_flathead_Flathead,1990-02-01,92.36240198324015
tribes_flathead_Flathead,1990-03-01,94.82049795297476
tribes_flathead_Flathead,1990-04-01,93.51254580571101
tribes_flathead_Flathead,1990-05-01,91.8918202159169
tribes_flathead_Flathead,1990-06-01,79.54890110728505
tribes_flathead_Flathead,1990-07-01,80.82925354255424
tribes_flathead_Flathead,1990-08-01,86.36080280765073
tribes_flathead_Flathead,1990-09-01,81.73937742002718
tribes_flathead_Flathead,1990-10-01,91.06475513584012
tribes_flathead_Flathead,1990-11-01,91.89992705544273
tribes_flathead_Flathead,1990-12-01,79.46430342538017
tribes_flathead_Flathead,1991-01-01,84.76458712986538
tribes_flathead_Flathead,1991-02-01,94.71581639300337
tribes_flathead_Flathead,1991-03-01,94.1826657305707
tribes_flathead_Flathead,1991-04-01,89.86619940956871
tribes_flathead_Flathead,1991-05-01,88.05481221125676
tribes_flathead_Flathead,1991-06-01,92.22206956213647
tribes_flathead_Flathead,1991-07-01,75.92561162173094
tribes_flathead_Flathead,1991-08-01,82.15987234849196
tribes_flathead_Flathead,1991-09-01,86.5546517424531
tribes_flathead_Flathead,1991-10-01,82.13883374811529
tribes_flathead_Flathead,1991-11-01,92.65667588370187
tribes_flathead_Flathead,1991-12-01,90.56131675217178
tribes_flathead_Flathead,1992-01-01,93.33891334114494
tribes_flathead_Flathead,1992-02-01,95.69184359875354
tribes_flathead_Flathead,1992-03-01,94.79943273355673
tribes_flathead_Flathead,1992-04-01,91.8675733084207
tribes_flathead_Flathead,1992-05-01,78.46433012826103
tribes_flathead_Flathead,1992-06-01,80.16938641307118
tribes_flathead_Flathead,1992-07-01,90.61720150119656
tribes_flathead_Flathead,1992-08-01,75.71466676481478
tribes_flathead_Flathead,1992-09-01,82.87010058727893
tribes_flathead_Flathead,1992-10-01,92.21464892796108
tribes_flathead_Flathead,1992-11-01,96.4288186293382
tribes_flathead_Flathead,1992-12-01,88.55549449711056
tribes_flathead_Flathead,1993-01-01,82.70169283269526
tribes_flathead_Flathead,1993-02-01,87.56155791649452
tribes_flathead_Flathead,1993-03-01,94.69968980223268
tribes_flathead_Flathead,1993-04-01,93.48275660420512
tribes_flathead_Flathead,1993-05-01,87.07153498471438
tribes_flathead_Flathead,1993-06-01,87.62572366064721
tribes_flathead_Flathead,1993-07-01,91.65191405160087
tribes_flathead_Flathead,1993-08-01,87.4462602845915
tribes_flathead_Flathead,1993-09-01,90.26971603225876
tribes_flathead_Flathead,1993-10-01,94.4273129767114
tribes_flathead_Flathead,1993-11-01,87.36515558682956
tribes_flathead_Flathead,1993-12-01,95.1300070626395
tribes_flathead_Flathead,1994-01-01,92.60634520813659
tribes_flathead_Flathead,1994-02-01,87.31406989464394
tribes_flathead_Flathead,1994-03-01,88.29474463829628
tribes_flathead_Flathead,1994-04-01,85.4267032958649
tribes_flathead_Flathead,1994-05-01,84.84441681746598
tribes_flathead_Flathead,1994-06-01,82.22330600612766
tribes_flathead_Flathead,1994-07-01,69.31421497889927
tribes_flathead_Flathead,1994-08-01,71.78610399267176
tribes_flathead_Flathead,1994-09-01,80.73826005956629
tribes_flathead_Flathead,1994-10-01,94.38765504857996
tribes_flathead_Flathead,1994-11-01,95.1101922255296
tribes_flathead_Flathead,1994-12-01,93.16948762830798
tribes_flathead_Flathead,1995-01-01,94.57135762225141
tribes_flathead_Flathead,1995-02-01,87.25941903250558
tribes_flathead_Flathead,1995-03-01,89.7911823608063
tribes_flathead_Flathead,1995-04-01,89.1897527883341
tribes_flathead_Flathead,1995-05-01,84.7895250425234
tribes_flathead_Flathead,1995-06-01,89.46739012330443
tribes_flathead_Flathead,1995-07-01,81.87474296905182
tribes_flathead_Flathead,1995-08-01,78.19727943755768
tribes_flathead_Flathead,1995-09-01,86.18895595676297
tribes_flathead_Flathead,1995-10-01,96.52488484225431
tribes_flathead_Flathead,1995-11-01,94.5818771320385
tribes_flathead_Flathead,1995-12-01,91.898103755909
tribes_flathead_Flathead,1996-01-01,88.00167509225699
tribes_flathead_Flathead,1996-02-01,85.51441833999131
tribes_flathead_Flathead,1996-03-01,91.570861355289
tribes_flathead_Flathead,1996-04-01,92.34412075923039
tribes_flathead_Flathead,1996-05-01,92.81989546136542
tribes_flathead_Flathead,1996-06-01,81.1585896879762
tribes_flathead_Flathead,1996-07-01,69.18223142099905
tribes_flathead_Flathead,1996-08-01,68.40272949554108
tribes_flathead_Flathead,1996-09-01,90.64664819738367
tribes_flathead_Flathead,1996-10-01,90.36978021558825
tribes_flathead_Flathead,1996-11-01,95.05108078757485
tribes_flathead_Flathead,1996-12-01,92.43988833584628
tribes_flathead_Flathead,1997-01-01,83.99205067393544
tribes_flathead_Flathead,1997-02-01,91.61510987334199
tribes_flathead_Flathead,1997-03-01,91.35345614087451
tribes_flathead_Flathead,1997-04-01,88.23053129426725
tribes_flathead_Flathead,1997-05-01,84.96884084009862
tribes_flathead_Flathead,1997-06-01,90.67726179269644
tribes_flathead_Flathead,1997-07-01,86.26742293808486
tribes_flathead_Flathead,1997-08-01,86.33960455590552
tribes_flathead_Flathead,1997-09-01,89.5660162286444
tribes_flathead_Flathead,1997-10-01,96.22227039965955
tribes_flathead_Flathead,1997-11-01,96.88783903436347
tribes_flathead_Flathead,1997-12-01,91.0439383328616
tribes_flathead_Flathead,1998-01-01,92.93862998878564
tribes_flathead_Flathead,1998-02-01,98.68542991889701
tribes_flathead_Flathead,1998-03-01,95.35815308120225
tribes_flathead_Flathead,1998-04-01,89.89975262736226
tribes_flathead_Flathead,1998-05-01,84.72182739173974
tribes_flathead_Flathead,1998-06-01,91.13264633011032
tribes_flathead_Flathead,1998-07-01,85.81055469303341
tribes_flathead_Flathead,1998-08-01,66.8155439712189
tribes_flathead_Flathead,1998-09-01,78.79985360784845
tribes_flathead_Flathead,1998-10-01,92.76071431086613
tribes_flathead_Flathead,1998-11-01,95.58010994209037
tribes_flathead_Flathead,1998-12-01,83.8965525155539
tribes_flathead_Flathead,1999-01-01,85.54002126756605
tribes_flathead_Flathead,1999-02-01,83.2476156255701
tribes_flathead_Flathead,1999-03-01,86.80168382414095
tribes_flathead_Flathead,1999-04-01,72.0993039057805
tribes_flathead_Flathead,1999-05-01,75.83364050728935
tribes_flathead_Flathead,1999-06-01,79.21022901430234
tribes_flathead_Flathead,1999-07-01,62.85462613158174
tribes_flathead_Flathead,1999-08-01,82.56989544040555
tribes_flathead_Flathead,1999-09-01,74.3668038714063
tribes_flathead_Flathead,1999-10-01,81.05904813913199
tribes_flathead_Flathead,1999-11-01,90.21881870647053
tribes_flathead_Flathead,1999-12-01,88.39859073764676
tribes_flathead_Flathead,2000-01-01,87.37155268742488
tribes_flathead_Flathead,2000-02-01,96.24710112351637
tribes_flathead_Flathead,2000-03-01,91.8968275300749
tribes_flathead_Flathead,2000-04-01,84.5754486335503
tribes_flathead_Flathead,2000-05-01,80.27441508953387
tribes_flathead_Flathead,2000-06-01,76.55781148554205
tribes_flathead_Flathead,2000-07-01,69.12430869091997
tribes_flathead_Flathead,2000-08-01,62.20000887441111
tribes_flathead_Flathead,2000-09-01,84.74537516164256
tribes_flathead_Flathead,2000-10-01,88.79672092395825
tribes_flathead_Flathead,2000-11-01,93.77511908981826
tribes_flathead_Flathead,2000-12-01,96.05800234616457
tribes_flathead_Flathead,2001-01-01,93.88994158231296
tribes_flathead_Flathead,2001-02-01,89.60655419905108
tribes_flathead_Flathead,2001-03-01,90.5982367337405
tribes_flathead_Flathead,2001-04-01,87.552582353026
tribes_flathead_Flathead,2001-05-01,69.00171013716813
tribes_flathead_Flathead,2001-06-01,81.95380969623943
tribes_flathead_Flathead,2001-07-01,75.85153315617488
tribes_flathead_Flathead,2001-08-01,65.65301299881149
tribes_flathead_Flathead,2001-09-01,73.36319586994884
tribes_flathead_Flathead,2001-10-01,87.21795463562012
tribes_flathead_Flathead,2001-11-01,90.0698716719072
tribes_flathead_Flathead,2001-12-01,84.94603882255134
tribes_flathead_Flathead,2002-01-01,87.19054404457847
tribes_flathead_Flathead,2002-02-01,85.71562004089355
tribes_flathead_Flathead,2002-03-01,92.02903229849679
tribes_flathead_Flathead,2002-04-01,83.83481671259953
tribes_flathead_Flathead,2002-05-01,77.58112360356928
tribes_flathead_Flathead,2002-06-01,81.83380950676217
tribes_flathead_Flathead,2002-07-01,66.75901275676685
tribes_flathead_Flathead,2002-08-01,73.24270643506732
tribes_flathead_Flathead,2002-09-01,75.37726196875938
tribes_flathead_Flathead,2002-10-01,79.50642508202857
tribes_flathead_Flathead,2002-11-01,86.63402928362837
tribes_flathead_Flathead,2002-12-01,88.92171214177058
tribes_flathead_Flathead,2003-01-01,88.51818506010287
tribes_flathead_Flathead,2003-02-01,87.53351641225291
tribes_flathead_Flathead,2003-03-01,88.8675469828176
tribes_flathead_Flathead,2003-04-01,87.48181309542814
tribes_flathead_Flathead,2003-05-01,81.373839032519
tribes_flathead_Flathead,2003-06-01,73.5486814058744
tribes_flathead_Flathead,2003-07-01,52.06825590657664
tribes_flathead_Flathead,2003-08-01,61.26633297218071
tribes_flathead_Flathead,2003-09-01,71.11094317593417
tribes_flathead_Flathead,2003-10-01,81.84325595478435
tribes_flathead_Flathead,2003-11-01,89.0545146229503
tribes_flathead_Flathead,2003-12-01,92.04718176873176
tribes_flathead_Flathead,2004-01-01,84.13035262810006
tribes_flathead_Flathead,2004-02-01,89.57701792035785
tribes_flathead_Flathead,2004-03-01,79.65649588029463
tribes_flathead_Flathead,2004-04-01,85.82058602636987
tribes_flathead_Flathead,2004-05-01,86.16793714250836
tribes_flathead_Flathead,2004-06-01,77.85408430833083
tribes_flathead_Flathead,2004-07-01,67.19445240104591
tribes_flathead_Flathead,2004-08-01,77.34889223287394
tribes_flathead_Flathead,2004-09-01,92.49315922076886
tribes_flathead_Flathead,2004-10-01,92.42274020268367
tribes_flathead_Flathead,2004-11-01,91.15400180187854
tribes_flathead_Flathead,2004-12-01,94.19378745948876
tribes_flathead_Flathead,2005-01-01,86.1762762593699
tribes_flathead_Flathead,2005-02-01,78.98449780390813
tribes_flathead_Flathead,2005-03-01,87.64555136712043
tribes_flathead_Flathead,2005-04-01,84.81040306929704
tribes_flathead_Flathead,2005-05-01,80.48879822531899
tribes_flathead_Flathead,2005-06-01,85.75805850605389
tribes_flathead_Flathead,2005-07-01,66.33847918877235
tribes_flathead_Flathead,2005-08-01,66.69962783436199
tribes_flathead_Flathead,2005-09-01,77.34789372538472
tribes_flathead_Flathead,2005-10-01,95.98130089896065
tribes_flathead_Flathead,2005-11-01,95.41947798676543
tribes_flathead_Flathead,2005-12-01,86.33504079462408
tribes_flathead_Flathead,2006-01-01,90.00693008925889
tribes_flathead_Flathead,2006-02-01,76.492356803391
tribes_flathead_Flathead,2006-03-01,87.10208255642063
tribes_flathead_Flathead,2006-04-01,85.86858977852287
tribes_flathead_Flathead,2006-05-01,73.14477149208824
tribes_flathead_Flathead,2006-06-01,78.52415742978945
tribes_flathead_Flathead,2006-07-01,58.980379335172884
tribes_flathead_Flathead,2006-08-01,62.84079222626738
tribes_flathead_Flathead,2006-09-01,74.34958791208791
tribes_flathead_Flathead,2006-10-01,88.70856077592451
tribes_flathead_Flathead,2006-11-01,91.63372695839013
tribes_flathead_Flathead,2006-12-01,86.93850580152575
tribes_flathead_Flathead,2007-01-01,80.30919003748632
tribes_flathead_Flathead,2007-02-01,90.53015122046837
tribes_flathead_Flathead,2007-03-01,84.30035456982287
tribes_flathead_Flathead,2007-04-01,84.1679486494798
tribes_flathead_Flathead,2007-05-01,79.51622656937484
tribes_flathead_Flathead,2007-06-01,73.24369955586863
tribes_flathead_Flathead,2007-07-01,57.283525372599506
tribes_flathead_Flathead,2007-08-01,58.28447359734839
tribes_flathead_Flathead,2007-09-01,76.8974084015731
tribes_flathead_Flathead,2007-10-01,89.6602001609383
tribes_flathead_Flathead,2007-11-01,82.71597998482841
tribes_flathead_Flathead,2007-12-01,87.52757875211947
tribes_flathead_Flathead,2008-01-01,83.5866447700249
tribes_flathead_Flathead,2008-02-01,89.80173359336433
tribes_flathead_Flathead,2008-03-01,91.88645861699031
tribes_flathead_Flathead,2008-04-01,85.24334247295673
tribes_flathead_Flathead,2008-05-01,81.62025862473708
tribes_flathead_Flathead,2008-06-01,76.04299440488711
tribes_flathead_Flathead,2008-07-01,61.85280054742163
tribes_flathead_Flathead,2008-08-01,70.96157391516716
tribes_flathead_Flathead,2008-09-01,81.20541197389036
tribes_flathead_Flathead,2008-10-01,83.4321871956626
tribes_flathead_Flathead,2008-11-01,88.62530215755923
tribes_flathead_Flathead,2008-12-01,85.55956205430921
tribes_flathead_Flathead,2009-01-01,78.0329404768053
tribes_flathead_Flathead,2009-02-01,90.13743154295199
tribes_flathead_Flathead,2009-03-01,94.21900030282828
tribes_flathead_Flathead,2009-04-01,80.56391938178093
tribes_flathead_Flathead,2009-05-01,77.93844380221525
tribes_flathead_Flathead,2009-06-01,71.31292138780866
tribes_flathead_Flathead,2009-07-01,63.6664215025011
tribes_flathead_Flathead,2009-08-01,75.2269761955345
tribes_flathead_Flathead,2009-09-01,72.24082421732473
tribes_flathead_Flathead,2009-10-01,90.53591809953961
tribes_flathead_Flathead,2009-11-01,88.20968858488314
tribes_flathead_Flathead,2009-12-01,80.57850032848316
tribes_flathead_Flathead,2010-01-01,87.62081705868898
tribes_flathead_Flathead,2010-02-01,85.79333797915952
tribes_flathead_Flathead,2010-03-01,86.56314235729175
tribes_flathead_Flathead,2010-04-01,82.05456943302364
tribes_flathead_Flathead,2010-05-01,74.25251675700093
tribes_flathead_Flathead,2010-06-01,77.2421520778111
tribes_flathead_Flathead,2010-07-01,63.31612896133255
tribes_flathead_Flathead,2010-08-01,64.85974843161446
tribes_flathead_Flathead,2010-09-01,82.90445057376401
tribes_flathead_Flathead,2010-10-01,86.453429882343
tribes_flathead_Flathead,2010-11-01,93.92730748522412
tribes_flathead_Flathead,2010-12-01,90.16869895012825
tribes_flathead_Flathead,2011-01-01,89.22781808035714
tribes_flathead_Flathead,2011-02-01,86.5039735521589
tribes_flathead_Flathead,2011-03-01,92.12414907099127
tribes_flathead_Flathead,2011-04-01,88.18657499879271
tribes_flathead_Flathead,2011-05-01,85.97515944596175
tribes_flathead_Flathead,2011-06-01,85.32267396528643
tribes_flathead_Flathead,2011-07-01,71.73126578068995
tribes_flathead_Flathead,2011-08-01,65.21074975191893
tribes_flathead_Flathead,2011-09-01,64.96555862845955
tribes_flathead_Flathead,2011-10-01,90.86631506615943
tribes_flathead_Flathead,2011-11-01,91.09326934814453
tribes_flathead_Flathead,2011-12-01,91.92770289326762
tribes_flathead_Flathead,2012-01-01,86.38197420979594
tribes_flathead_Flathead,2012-02-01,90.49323597583142
tribes_flathead_Flathead,2012-03-01,95.27881089933626
tribes_flathead_Flathead,2012-04-01,87.4981136741219
tribes_flathead_Flathead,2012-05-01,78.8785095005245
tribes_flathead_Flathead,2012-06-01,86.13712457510141
tribes_flathead_Flathead,2012-07-01,69.89598555093283
tribes_flathead_Flathead,2012-08-01,66.35711634290088
tribes_flathead_Flathead,2012-09-01,67.49710621676603
tribes_flathead_Flathead,2012-10-01,86.33276329459724
tribes_flathead_Flathead,2012-11-01,86.824615478515625
tribes_flathead_Flathead,2012-12-01,87.59774916512626
tribes_flathead_Flathead,2013-01-01,91.35812648312076
tribes_flathead_Flathead,2013-02-01,92.6313479077685
tribes_flathead_Flathead,2013-03-01,93.43073371216491
tribes_flathead_Flathead,2013-04-01,91.05186816624233
tribes_flathead_Flathead,2013-05-01,83.49294578636085
tribes_flathead_Flathead,2013-06-01,79.49990832150637
tribes_flathead_Flathead,2013-07-01,64.28364941314027
tribes_flathead_Flathead,2013-08-01,73.21213200328114
tribes_flathead_Flathead,2013-09-01,87.57245418003627
tribes_flathead_Flathead,2013-10-01,92.93679562243787
tribes_flathead_Flathead,2013-11-01,94.22738092024248
tribes_flathead_Flathead,2013-12-01,93.55088611225506
tribes_flathead_Flathead,2014-01-01,81.42517716544015
tribes_flathead_Flathead,2014-02-01,88.84165030259352
tribes_flathead_Flathead,2014-03-01,86.67080810043838
tribes_flathead_Flathead,2014-04-01,81.5473260145921
tribes_flathead_Flathead,2014-05-01,84.30419161031534
tribes_flathead_Flathead,2014-06-01,79.735503752153
tribes_flathead_Flathead,2014-07-01,70.22980333684565
tribes_flathead_Flathead,2014-08-01,78.51222107436631
tribes_flathead_Flathead,2014-09-01,84.52283896980705
tribes_flathead_Flathead,2014-10-01,90.40493627694937
tribes_flathead_Flathead,2014-11-01,90.00314119359949
tribes_flathead_Flathead,2014-12-01,89.65513120378766
tribes_flathead_Flathead,2015-01-01,85.98951610104068
tribes_flathead_Flathead,2015-02-01,82.67762965946407
tribes_flathead_Flathead,2015-03-01,89.16635066860324
tribes_flathead_Flathead,2015-04-01,87.36560442159464
tribes_flathead_Flathead,2015-05-01,82.27852697686835
tribes_flathead_Flathead,2015-06-01,73.03773804549333
tribes_flathead_Flathead,2015-07-01,62.65938507331597
tribes_flathead_Flathead,2015-08-01,60.30062920706613
tribes_flathead_Flathead,2015-09-01,74.76950555319314
tribes_flathead_Flathead,2015-10-01,86.29773131569664
tribes_flathead_Flathead,2015-11-01,86.75557700356285
tribes_flathead_Flathead,2015-12-01,87.92327180799548
tribes_flathead_Flathead,2016-01-01,82.99859962882576
tribes_flathead_Flathead,2016-02-01,79.00705765105866
tribes_flathead_Flathead,2016-03-01,90.286902123755155
tribes_flathead_Flathead,2016-04-01,83.8146245767782
tribes_flathead_Flathead,2016-05-01,82.65069102192973
tribes_flathead_Flathead,2016-06-01,79.22695962675326
tribes_flathead_Flathead,2016-07-01,74.96003176091791
tribes_flathead_Flathead,2016-08-01,75.79810346875873
tribes_flathead_Flathead,2016-09-01,86.74779302995283
tribes_flathead_Flathead,2016-10-01,93.95959763998513
tribes_flathead_Flathead,2016-11-01,89.60869969378462
tribes_flathead_Flathead,2016-12-01,82.35752394959167
tribes_flathead_Flathead,2017-01-01,93.52920050149436
tribes_flathead_Flathead,2017-02-01,86.45752565153353
tribes_flathead_Flathead,2017-03-01,84.71849512791896
tribes_flathead_Flathead,2017-04-01,78.74762815957541
tribes_flathead_Flathead,2017-05-01,82.01589861020938
tribes_flathead_Flathead,2017-06-01,83.26734419183417
tribes_flathead_Flathead,2017-07-01,68.62086144122449
tribes_flathead_Flathead,2017-08-01,69.85818863963033
tribes_flathead_Flathead,2017-09-01,82.52222541138366
tribes_flathead_Flathead,2017-10-01,88.47080823877356
tribes_flathead_Flathead,2017-11-01,92.78532967200645
tribes_flathead_Flathead,2017-12-01,86.8657834818075
tribes_flathead_Flathead,2018-01-01,84.2867687351101
tribes_flathead_Flathead,2018-02-01,89.80523945735051
tribes_flathead_Flathead,2018-03-01,91.56526947021484
tribes_flathead_Flathead,2018-04-01,87.29183150909759
tribes_flathead_Flathead,2018-05-01,87.98375595008935
tribes_flathead_Flathead,2018-06-01,85.74616295950753
tribes_flathead_Flathead,2018-07-01,76.83696393652276
tribes_flathead_Flathead,2018-08-01,74.97422884846782
tribes_flathead_Flathead,2018-09-01,81.50827841706328
tribes_flathead_Flathead,2018-10-01,92.10085956866925
tribes_flathead_Flathead,2018-11-01,93.58461537203947
tribes_flathead_Flathead,2018-12-01,87.82030315189571
tribes_flathead_Flathead,2019-01-01,87.56305361318064
tribes_flathead_Flathead,2019-02-01,96.37201730497591
tribes_flathead_Flathead,2019-03-01,94.5615650847718
tribes_flathead_Flathead,2019-04-01,84.75378206274011
tribes_flathead_Flathead,2019-05-01,81.43729184748052
tribes_flathead_Flathead,2019-06-01,78.07949636270712
tribes_flathead_Flathead,2019-07-01,69.98512043795743
tribes_flathead_Flathead,2019-08-01,70.19730578412066
tribes_flathead_Flathead,2019-09-01,82.59158425802713
tribes_flathead_Flathead,2019-10-01,90.88955162383698
tribes_flathead_Flathead,2019-11-01,92.64183134561057
tribes_flathead_Flathead,2019-12-01,85.52069322355501
tribes_flathead_Flathead,2020-01-01,86.70664655245267
tribes_flathead_Flathead,2020-02-01,83.70359980405031
tribes_flathead_Flathead,2020-03-01,90.1231123326899
tribes_flathead_Flathead,2020-04-01,85.90171252240191
tribes_flathead_Flathead,2020-05-01,87.06376281151405
tribes_flathead_Flathead,2020-06-01,85.27586069211856
tribes_flathead_Flathead,2020-07-01,75.89552462231983
tribes_flathead_Flathead,2020-08-01,73.03324168069022
tribes_flathead_Flathead,2020-09-01,83.77061340835068
tribes_flathead_Flathead,2020-10-01,91.11170680706317
tribes_flathead_Flathead,2020-11-01,91.41108963515732
tribes_flathead_Flathead,2020-12-01,90.53093761402172
tribes_flathead_Flathead,2021-01-01,85.06034203414079
tribes_flathead_Flathead,2021-02-01,84.67171310592484
tribes_flathead_Flathead,2021-03-01,84.29984929011418
tribes_flathead_Flathead,2021-04-01,84.49054942288241
tribes_flathead_Flathead,2021-05-01,84.44249379503857
tribes_flathead_Flathead,2021-06-01,85.14181296380012
tribes_flathead_Flathead,2021-07-01,67.24799706385686
tribes_flathead_Flathead,2021-08-01,73.86121055058071
tribes_flathead_Flathead,2021-09-01,82.4709524846339
tribes_flathead_Flathead,2021-10-01,84.94274193899972
tribes_flathead_Flathead,2021-11-01,88.36830591893458
tribes_flathead_Flathead,2021-12-01,87.99944179660672
tribes_flathead_Flathead,2022-01-01,88.23659167446932
tribes_flathead_Flathead,2022-02-01,84.2161597786369
tribes_flathead_Flathead,2022-03-01,84.36176891117306
tribes_flathead_Flathead,2022-04-01,86.9131044450697
tribes_flathead_Flathead,2022-05-01,87.77123373681373
tribes_flathead_Flathead,2022-06-01,85.5025823194902
tribes_flathead_Flathead,2022-07-01,80.98535090226393
tribes_flathead_Flathead,2022-08-01,75.16825582692911
tribes_flathead_Flathead,2022-09-01,83.73122726691948
tribes_flathead_Flathead,2022-10-01,87.65708099616752
tribes_flathead_Flathead,2022-11-01,89.95956043620686
tribes_flathead_Flathead,2022-12-01,93.24508138803336
tribes_flathead_Flathead,2023-01-01,89.90453728476723
tribes_flathead_Flathead,2023-02-01,81.4174844301664
tribes_flathead_Flathead,2023-03-01,83.74094294453715
tribes_flathead_Flathead,2023-04-01,81.60872715122098
tribes_flathead_Flathead,2023-05-01,82.38236431499104
tribes_flathead_Flathead,2023-06-01,77.35576919932942
tribes_flathead_Flathead,2023-07-01,61.67554940234174
tribes_flathead_Flathead,2023-08-01,69.45033674973708
tribes_flathead_Flathead,2023-09-01,82.42997259622092
tribes_flathead_Flathead,2023-10-01,90.89913160722334
tribes_flathead_Flathead,2023-11-01,92.21916649367783
tribes_flathead_Flathead,2023-12-01,87.8140021104079
tribes_flathead_Flathead,2024-01-01,91.4543690105061
tribes_flathead_Flathead,2024-02-01,86.3179045666705
tribes_flathead_Flathead,2024-03-01,87.24557784363463
tribes_flathead_Flathead,2024-04-01,83.94128208369999
tribes_flathead_Flathead,2024-05-01,81.31556190239205
tribes_flathead_Flathead,2024-06-01,84.3377290872427
tribes_flathead_Flathead,2024-07-01,71.26616453862452
tribes_flathead_Flathead,2024-08-01,83.16279685890282
tribes_flathead_Flathead,2024-09-01,83.82919422610776
tribes_flathead_Flathead,2024-10-01,91.93529787168399
tribes_flathead_Flathead,2024-11-01,87.68232595003568
tribes_flathead_Flathead,2024-12-01,85.11582783290318
tribes_flathead_Flathead,2025-01-01,88.26167159028105
tribes_flathead_Flathead,2025-02-01,87.46856358287098
tribes_flathead_Flathead,2025-03-01,84.4799186371185
tribes_flathead_Flathead,2025-04-01,87.3280128646683
tribes_flathead_Flathead,2025-05-01,86.01830910064362
tribes_flathead_Flathead,2025-06-01,79.78440467079918
tribes_flathead_Flathead,2025-07-01,73.7187168100378
tribes_flathead_Flathead,2025-08-01,76.85852552770258
tribes_flathead_Flathead,2025-09-01,80.89756421728448
tribes_flathead_Flathead,2025-10-01,88.26673526554318
tribes_fort-belknap_Fort Belknap,1979-01-01,84.61914860925009
tribes_fort-belknap_Fort Belknap,1979-02-01,95.55284464636514
tribes_fort-belknap_Fort Belknap,1979-03-01,92.12514992647392
tribes_fort-belknap_Fort Belknap,1979-04-01,90.05488391255223
tribes_fort-belknap_Fort Belknap,1979-05-01,89.2551576481309
tribes_fort-belknap_Fort Belknap,1979-06-01,88.05815887451172
tribes_fort-belknap_Fort Belknap,1979-07-01,86.55247541915539
tribes_fort-belknap_Fort Belknap,1979-08-01,84.86162784487702
tribes_fort-belknap_Fort Belknap,1979-09-01,84.28352710812591
tribes_fort-belknap_Fort Belknap,1979-10-01,83.64414880442065
tribes_fort-belknap_Fort Belknap,1979-11-01,89.16722874308742
tribes_fort-belknap_Fort Belknap,1979-12-01,87.87228060877601
tribes_fort-belknap_Fort Belknap,1980-01-01,87.36777957650118
tribes_fort-belknap_Fort Belknap,1980-02-01,93.69270275914391
tribes_fort-belknap_Fort Belknap,1980-03-01,95.39261032814203
tribes_fort-belknap_Fort Belknap,1980-04-01,72.66970940523369
tribes_fort-belknap_Fort Belknap,1980-05-01,77.89859350337538
tribes_fort-belknap_Fort Belknap,1980-06-01,92.91271307302075
tribes_fort-belknap_Fort Belknap,1980-07-01,86.17166146566701
tribes_fort-belknap_Fort Belknap,1980-08-01,89.99778676587482
tribes_fort-belknap_Fort Belknap,1980-09-01,88.40978671229163
tribes_fort-belknap_Fort Belknap,1980-10-01,83.20219434693803
tribes_fort-belknap_Fort Belknap,1980-11-01,85.38147309769032
tribes_fort-belknap_Fort Belknap,1980-12-01,84.06744174070137
tribes_fort-belknap_Fort Belknap,1981-01-01,91.279332360555955
tribes_fort-belknap_Fort Belknap,1981-02-01,83.10201394280722
tribes_fort-belknap_Fort Belknap,1981-03-01,86.11663530039233
tribes_fort-belknap_Fort Belknap,1981-04-01,76.24453462556352
tribes_fort-belknap_Fort Belknap,1981-05-01,83.67239304476006
tribes_fort-belknap_Fort Belknap,1981-06-01,92.704922609551
tribes_fort-belknap_Fort Belknap,1981-07-01,84.86243420977925
tribes_fort-belknap_Fort Belknap,1981-08-01,84.94407365488452
tribes_fort-belknap_Fort Belknap,1981-09-01,77.47519395517749
tribes_fort-belknap_Fort Belknap,1981-10-01,86.81155320101006
tribes_fort-belknap_Fort Belknap,1981-11-01,86.95490304813829
tribes_fort-belknap_Fort Belknap,1981-12-01,90.54874331452126
tribes_fort-belknap_Fort Belknap,1982-01-01,94.36946749132733
tribes_fort-belknap_Fort Belknap,1982-02-01,81.58291100346764
tribes_fort-belknap_Fort Belknap,1982-03-01,93.43480877543605
tribes_fort-belknap_Fort Belknap,1982-04-01,78.9321122280387
tribes_fort-belknap_Fort Belknap,1982-05-01,82.03820335033328
tribes_fort-belknap_Fort Belknap,1982-06-01,91.25885644069938
tribes_fort-belknap_Fort Belknap,1982-07-01,89.64251691241597
tribes_fort-belknap_Fort Belknap,1982-08-01,85.99307938509209
tribes_fort-belknap_Fort Belknap,1982-09-01,86.37499991128611
tribes_fort-belknap_Fort Belknap,1982-10-01,89.58077652509823
tribes_fort-belknap_Fort Belknap,1982-11-01,92.17579469015432
tribes_fort-belknap_Fort Belknap,1982-12-01,87.5941864723383
tribes_fort-belknap_Fort Belknap,1983-01-01,92.3305137101994
tribes_fort-belknap_Fort Belknap,1983-02-01,87.9241280223048
tribes_fort-belknap_Fort Belknap,1983-03-01,93.09028523467308
tribes_fort-belknap_Fort Belknap,1983-04-01,84.78104657905047
tribes_fort-belknap_Fort Belknap,1983-05-01,83.36357844153116
tribes_fort-belknap_Fort Belknap,1983-06-01,90.95505820873171
tribes_fort-belknap_Fort Belknap,1983-07-01,90.16569767441861
tribes_fort-belknap_Fort Belknap,1983-08-01,84.2877903871758
tribes_fort-belknap_Fort Belknap,1983-09-01,84.71141486944154
tribes_fort-belknap_Fort Belknap,1983-10-01,88.63000741115836
tribes_fort-belknap_Fort Belknap,1983-11-01,90.69546504353367
tribes_fort-belknap_Fort Belknap,1983-12-01,86.6570522840633
tribes_fort-belknap_Fort Belknap,1984-01-01,81.35189424559127
tribes_fort-belknap_Fort Belknap,1984-02-01,84.43235747758732
tribes_fort-belknap_Fort Belknap,1984-03-01,94.46672900887422
tribes_fort-belknap_Fort Belknap,1984-04-01,75.5074612817099
tribes_fort-belknap_Fort Belknap,1984-05-01,77.89975623197334
tribes_fort-belknap_Fort Belknap,1984-06-01,83.81246136510094
tribes_fort-belknap_Fort Belknap,1984-07-01,71.67788844884828
tribes_fort-belknap_Fort Belknap,1984-08-01,70.99632394036581
tribes_fort-belknap_Fort Belknap,1984-09-01,86.41410823201024
tribes_fort-belknap_Fort Belknap,1984-10-01,83.11048392362373
tribes_fort-belknap_Fort Belknap,1984-11-01,88.89346894552541
tribes_fort-belknap_Fort Belknap,1984-12-01,83.10628314350926
tribes_fort-belknap_Fort Belknap,1985-01-01,81.29975620535917
tribes_fort-belknap_Fort Belknap,1985-02-01,74.45286564494289
tribes_fort-belknap_Fort Belknap,1985-03-01,87.72846967120503
tribes_fort-belknap_Fort Belknap,1985-04-01,76.45536813070608
tribes_fort-belknap_Fort Belknap,1985-05-01,75.81305335288825
tribes_fort-belknap_Fort Belknap,1985-06-01,81.70222872357036
tribes_fort-belknap_Fort Belknap,1985-07-01,71.05232575882313
tribes_fort-belknap_Fort Belknap,1985-08-01,87.91567891143089
tribes_fort-belknap_Fort Belknap,1985-09-01,87.9658722101256
tribes_fort-belknap_Fort Belknap,1985-10-01,82.77348085891369
tribes_fort-belknap_Fort Belknap,1985-11-01,80.01587228996809
tribes_fort-belknap_Fort Belknap,1985-12-01,79.95808328584184
tribes_fort-belknap_Fort Belknap,1986-01-01,82.72766339501669
tribes_fort-belknap_Fort Belknap,1986-02-01,86.29794444594272
tribes_fort-belknap_Fort Belknap,1986-03-01,86.28366470336914
tribes_fort-belknap_Fort Belknap,1986-04-01,84.67657000519509
tribes_fort-belknap_Fort Belknap,1986-05-01,84.41596048931743
tribes_fort-belknap_Fort Belknap,1986-06-01,84.97176334469818
tribes_fort-belknap_Fort Belknap,1986-07-01,83.4251314207565
tribes_fort-belknap_Fort Belknap,1986-08-01,81.25086269822232
tribes_fort-belknap_Fort Belknap,1986-09-01,87.91124059987622
tribes_fort-belknap_Fort Belknap,1986-10-01,85.09604281048442
tribes_fort-belknap_Fort Belknap,1986-11-01,88.12846875745197
tribes_fort-belknap_Fort Belknap,1986-12-01,79.93062653652457
tribes_fort-belknap_Fort Belknap,1987-01-01,83.42558137760606
tribes_fort-belknap_Fort Belknap,1987-02-01,87.90708040636639
tribes_fort-belknap_Fort Belknap,1987-03-01,85.72906964324241
tribes_fort-belknap_Fort Belknap,1987-04-01,76.45616251923317
tribes_fort-belknap_Fort Belknap,1987-05-01,82.14688709170319
tribes_fort-belknap_Fort Belknap,1987-06-01,80.80598817869674
tribes_fort-belknap_Fort Belknap,1987-07-01,87.42655634325604
tribes_fort-belknap_Fort Belknap,1987-08-01,86.91181564331055
tribes_fort-belknap_Fort Belknap,1987-09-01,85.85523246055426
tribes_fort-belknap_Fort Belknap,1987-10-01,76.85570166831793
tribes_fort-belknap_Fort Belknap,1987-11-01,92.87025194389875
tribes_fort-belknap_Fort Belknap,1987-12-01,84.75376954189566
tribes_fort-belknap_Fort Belknap,1988-01-01,81.79306087937466
tribes_fort-belknap_Fort Belknap,1988-02-01,81.84083792220714
tribes_fort-belknap_Fort Belknap,1988-03-01,82.83857833507449
tribes_fort-belknap_Fort Belknap,1988-04-01,73.68218971962152
tribes_fort-belknap_Fort Belknap,1988-05-01,73.00061860195426
tribes_fort-belknap_Fort Belknap,1988-06-01,74.39643407422443
tribes_fort-belknap_Fort Belknap,1988-07-01,73.79593030796495
tribes_fort-belknap_Fort Belknap,1988-08-01,71.42811302806057
tribes_fort-belknap_Fort Belknap,1988-09-01,78.53381786790005
tribes_fort-belknap_Fort Belknap,1988-10-01,86.71744217983512
tribes_fort-belknap_Fort Belknap,1988-11-01,89.57641468491666
tribes_fort-belknap_Fort Belknap,1988-12-01,85.72498126362645
tribes_fort-belknap_Fort Belknap,1989-01-01,83.87800079168275
tribes_fort-belknap_Fort Belknap,1989-02-01,69.82514554400777
tribes_fort-belknap_Fort Belknap,1989-03-01,85.37121134026106
tribes_fort-belknap_Fort Belknap,1989-04-01,84.33786844652752
tribes_fort-belknap_Fort Belknap,1989-05-01,84.06059646606445
tribes_fort-belknap_Fort Belknap,1989-06-01,92.77738384867824
tribes_fort-belknap_Fort Belknap,1989-07-01,81.52539404048476
tribes_fort-belknap_Fort Belknap,1989-08-01,85.86354095991268
tribes_fort-belknap_Fort Belknap,1989-09-01,86.79670529032863
tribes_fort-belknap_Fort Belknap,1989-10-01,87.71314696378487
tribes_fort-belknap_Fort Belknap,1989-11-01,88.31955435109693
tribes_fort-belknap_Fort Belknap,1989-12-01,83.81693569449492
tribes_fort-belknap_Fort Belknap,1990-01-01,86.38148915490439
tribes_fort-belknap_Fort Belknap,1990-02-01,81.03928548236226
tribes_fort-belknap_Fort Belknap,1990-03-01,87.54486132777015
tribes_fort-belknap_Fort Belknap,1990-04-01,90.157887747121407
tribes_fort-belknap_Fort Belknap,1990-05-01,85.927738411482
tribes_fort-belknap_Fort Belknap,1990-06-01,82.98910846266635
tribes_fort-belknap_Fort Belknap,1990-07-01,88.60046856902366
tribes_fort-belknap_Fort Belknap,1990-08-01,82.41759180468182
tribes_fort-belknap_Fort Belknap,1990-09-01,80.40567815026571
tribes_fort-belknap_Fort Belknap,1990-10-01,83.2692423088606
tribes_fort-belknap_Fort Belknap,1990-11-01,88.40420563276425
tribes_fort-belknap_Fort Belknap,1990-12-01,70.6042947769165
tribes_fort-belknap_Fort Belknap,1991-01-01,81.05723926632903
tribes_fort-belknap_Fort Belknap,1991-02-01,86.93259997700535
tribes_fort-belknap_Fort Belknap,1991-03-01,89.65264449008676
tribes_fort-belknap_Fort Belknap,1991-04-01,85.45556183748467
tribes_fort-belknap_Fort Belknap,1991-05-01,92.05358212493186
tribes_fort-belknap_Fort Belknap,1991-06-01,90.70651165274687
tribes_fort-belknap_Fort Belknap,1991-07-01,88.01185301847237
tribes_fort-belknap_Fort Belknap,1991-08-01,81.60045020524845
tribes_fort-belknap_Fort Belknap,1991-09-01,84.37918640846429
tribes_fort-belknap_Fort Belknap,1991-10-01,77.70596406626147
tribes_fort-belknap_Fort Belknap,1991-11-01,90.79736399096112
tribes_fort-belknap_Fort Belknap,1991-12-01,85.93034513606581
tribes_fort-belknap_Fort Belknap,1992-01-01,84.09371753071629
tribes_fort-belknap_Fort Belknap,1992-02-01,90.02345648477244
tribes_fort-belknap_Fort Belknap,1992-03-01,87.36466607382131
tribes_fort-belknap_Fort Belknap,1992-04-01,85.47137601985487
tribes_fort-belknap_Fort Belknap,1992-05-01,81.57355574674385
tribes_fort-belknap_Fort Belknap,1992-06-01,88.87459289195925
tribes_fort-belknap_Fort Belknap,1992-07-01,93.91590371242789
tribes_fort-belknap_Fort Belknap,1992-08-01,82.99658682180005
tribes_fort-belknap_Fort Belknap,1992-09-01,83.25600757155307
tribes_fort-belknap_Fort Belknap,1992-10-01,84.10277575115825
tribes_fort-belknap_Fort Belknap,1992-11-01,86.76333347586699
tribes_fort-belknap_Fort Belknap,1992-12-01,76.48079497315163
tribes_fort-belknap_Fort Belknap,1993-01-01,88.68949752630189
tribes_fort-belknap_Fort Belknap,1993-02-01,85.9715532702069
tribes_fort-belknap_Fort Belknap,1993-03-01,88.90746413829714
tribes_fort-belknap_Fort Belknap,1993-04-01,91.46170567357262
tribes_fort-belknap_Fort Belknap,1993-05-01,86.137490649556
tribes_fort-belknap_Fort Belknap,1993-06-01,91.6988758264586
tribes_fort-belknap_Fort Belknap,1993-07-01,95.97574992512547
tribes_fort-belknap_Fort Belknap,1993-08-01,93.23306451841842
tribes_fort-belknap_Fort Belknap,1993-09-01,92.95114330912746
tribes_fort-belknap_Fort Belknap,1993-10-01,87.12680022661075
tribes_fort-belknap_Fort Belknap,1993-11-01,85.66451542876487
tribes_fort-belknap_Fort Belknap,1993-12-01,87.35423846577488
tribes_fort-belknap_Fort Belknap,1994-01-01,96.87683788565703
tribes_fort-belknap_Fort Belknap,1994-02-01,87.20888710021973
tribes_fort-belknap_Fort Belknap,1994-03-01,81.55999636095623
tribes_fort-belknap_Fort Belknap,1994-04-01,82.12494184804517
tribes_fort-belknap_Fort Belknap,1994-05-01,82.11324092953704
tribes_fort-belknap_Fort Belknap,1994-06-01,86.67763563644054
tribes_fort-belknap_Fort Belknap,1994-07-01,85.7945235939913
tribes_fort-belknap_Fort Belknap,1994-08-01,81.02560007849405
tribes_fort-belknap_Fort Belknap,1994-09-01,75.05874043841695
tribes_fort-belknap_Fort Belknap,1994-10-01,87.67181170263956
tribes_fort-belknap_Fort Belknap,1994-11-01,86.1534304507943
tribes_fort-belknap_Fort Belknap,1994-12-01,87.05054402905841
tribes_fort-belknap_Fort Belknap,1995-01-01,92.94960638534191
tribes_fort-belknap_Fort Belknap,1995-02-01,82.69740410738213
tribes_fort-belknap_Fort Belknap,1995-03-01,86.31950471567554
tribes_fort-belknap_Fort Belknap,1995-04-01,91.88238379012707
tribes_fort-belknap_Fort Belknap,1995-05-01,91.45358174346214
tribes_fort-belknap_Fort Belknap,1995-06-01,92.20428280497707
tribes_fort-belknap_Fort Belknap,1995-07-01,94.725000159685
tribes_fort-belknap_Fort Belknap,1995-08-01,85.90735182651254
tribes_fort-belknap_Fort Belknap,1995-09-01,85.16189916743788
tribes_fort-belknap_Fort Belknap,1995-10-01,88.89827471001203
tribes_fort-belknap_Fort Belknap,1995-11-01,92.18354628806891
tribes_fort-belknap_Fort Belknap,1995-12-01,97.21612912555074
tribes_fort-belknap_Fort Belknap,1996-01-01,86.09861192037893
tribes_fort-belknap_Fort Belknap,1996-02-01,77.85679633118386
tribes_fort-belknap_Fort Belknap,1996-03-01,86.6131094555522
tribes_fort-belknap_Fort Belknap,1996-04-01,80.78912788213685
tribes_fort-belknap_Fort Belknap,1996-05-01,91.50785840943803
tribes_fort-belknap_Fort Belknap,1996-06-01,86.82085272323253
tribes_fort-belknap_Fort Belknap,1996-07-01,87.11770425840865
tribes_fort-belknap_Fort Belknap,1996-08-01,75.19690564621327
tribes_fort-belknap_Fort Belknap,1996-09-01,82.91455424109171
tribes_fort-belknap_Fort Belknap,1996-10-01,83.09052893172863
tribes_fort-belknap_Fort Belknap,1996-11-01,88.98147272509198
tribes_fort-belknap_Fort Belknap,1996-12-01,85.02134278763172
tribes_fort-belknap_Fort Belknap,1997-01-01,82.4316017017808
tribes_fort-belknap_Fort Belknap,1997-02-01,82.38139511818109
tribes_fort-belknap_Fort Belknap,1997-03-01,82.33043888003327
tribes_fort-belknap_Fort Belknap,1997-04-01,77.61294564535451
tribes_fort-belknap_Fort Belknap,1997-05-01,76.15016884027526
tribes_fort-belknap_Fort Belknap,1997-06-01,83.01999992548033
tribes_fort-belknap_Fort Belknap,1997-07-01,88.12466226622115
tribes_fort-belknap_Fort Belknap,1997-08-01,85.67214908156284
tribes_fort-belknap_Fort Belknap,1997-09-01,79.7315888959308
tribes_fort-belknap_Fort Belknap,1997-10-01,86.75647017013195
tribes_fort-belknap_Fort Belknap,1997-11-01,89.67897286525992
tribes_fort-belknap_Fort Belknap,1997-12-01,84.3730870845706
tribes_fort-belknap_Fort Belknap,1998-01-01,93.611440126286
tribes_fort-belknap_Fort Belknap,1998-02-01,87.10444361664528
tribes_fort-belknap_Fort Belknap,1998-03-01,91.28478995034861
tribes_fort-belknap_Fort Belknap,1998-04-01,82.65364331977312
tribes_fort-belknap_Fort Belknap,1998-05-01,80.78480880205021
tribes_fort-belknap_Fort Belknap,1998-06-01,93.05480659839719
tribes_fort-belknap_Fort Belknap,1998-07-01,87.52588152330975
tribes_fort-belknap_Fort Belknap,1998-08-01,79.37972623248433
tribes_fort-belknap_Fort Belknap,1998-09-01,83.15253905362862
tribes_fort-belknap_Fort Belknap,1998-10-01,89.3237058950025
tribes_fort-belknap_Fort Belknap,1998-11-01,87.72395342449809
tribes_fort-belknap_Fort Belknap,1998-12-01,78.77055536314498
tribes_fort-belknap_Fort Belknap,1999-01-01,89.74030357183412
tribes_fort-belknap_Fort Belknap,1999-02-01,79.55533633121225
tribes_fort-belknap_Fort Belknap,1999-03-01,82.94047258066577
tribes_fort-belknap_Fort Belknap,1999-04-01,80.3815505449162
tribes_fort-belknap_Fort Belknap,1999-05-01,84.82398698496264
tribes_fort-belknap_Fort Belknap,1999-06-01,91.28341080421625
tribes_fort-belknap_Fort Belknap,1999-07-01,83.71382229827171
tribes_fort-belknap_Fort Belknap,1999-08-01,82.21097187663234
tribes_fort-belknap_Fort Belknap,1999-09-01,85.03525166178859
tribes_fort-belknap_Fort Belknap,1999-10-01,80.34654901194018
tribes_fort-belknap_Fort Belknap,1999-11-01,80.8582943317502
tribes_fort-belknap_Fort Belknap,1999-12-01,81.60750176185785
tribes_fort-belknap_Fort Belknap,2000-01-01,97.65622662389
tribes_fort-belknap_Fort Belknap,2000-02-01,95.3923616187517
tribes_fort-belknap_Fort Belknap,2000-03-01,85.58415208860885
tribes_fort-belknap_Fort Belknap,2000-04-01,84.21253905185434
tribes_fort-belknap_Fort Belknap,2000-05-01,82.39283566142238
tribes_fort-belknap_Fort Belknap,2000-06-01,90.54757748093716
tribes_fort-belknap_Fort Belknap,2000-07-01,82.86819222916004
tribes_fort-belknap_Fort Belknap,2000-08-01,71.9933234370032
tribes_fort-belknap_Fort Belknap,2000-09-01,81.1736046103544
tribes_fort-belknap_Fort Belknap,2000-10-01,86.96093377401662
tribes_fort-belknap_Fort Belknap,2000-11-01,89.43374048277389
tribes_fort-belknap_Fort Belknap,2000-12-01,87.30061894793843
tribes_fort-belknap_Fort Belknap,2001-01-01,88.54268566397734
tribes_fort-belknap_Fort Belknap,2001-02-01,94.97641181945801
tribes_fort-belknap_Fort Belknap,2001-03-01,89.50028131174487
tribes_fort-belknap_Fort Belknap,2001-04-01,83.79571688452432
tribes_fort-belknap_Fort Belknap,2001-05-01,66.25558926338373
tribes_fort-belknap_Fort Belknap,2001-06-01,86.4296128029047
tribes_fort-belknap_Fort Belknap,2001-07-01,88.63013857464458
tribes_fort-belknap_Fort Belknap,2001-08-01,69.31905482536139
tribes_fort-belknap_Fort Belknap,2001-09-01,81.05684120710507
tribes_fort-belknap_Fort Belknap,2001-10-01,81.80195045471191
tribes_fort-belknap_Fort Belknap,2001-11-01,79.24682180271593
tribes_fort-belknap_Fort Belknap,2001-12-01,90.7454613973928
tribes_fort-belknap_Fort Belknap,2002-01-01,90.87590026855469
tribes_fort-belknap_Fort Belknap,2002-02-01,87.16719254782033
tribes_fort-belknap_Fort Belknap,2002-03-01,94.5750377122746
tribes_fort-belknap_Fort Belknap,2002-04-01,83.96843014206998
tribes_fort-belknap_Fort Belknap,2002-05-01,79.548818455186
tribes_fort-belknap_Fort Belknap,2002-06-01,86.49176344760629
tribes_fort-belknap_Fort Belknap,2002-07-01,82.72078021737032
tribes_fort-belknap_Fort Belknap,2002-08-01,87.9615715381711
tribes_fort-belknap_Fort Belknap,2002-09-01,87.26670535775118
tribes_fort-belknap_Fort Belknap,2002-10-01,92.02319952499035
tribes_fort-belknap_Fort Belknap,2002-11-01,83.12116281376329
tribes_fort-belknap_Fort Belknap,2002-12-01,91.17500025727028
tribes_fort-belknap_Fort Belknap,2003-01-01,93.37168028188306
tribes_fort-belknap_Fort Belknap,2003-02-01,93.87944336824638
tribes_fort-belknap_Fort Belknap,2003-03-01,80.46414095856423
tribes_fort-belknap_Fort Belknap,2003-04-01,86.59439938567405
tribes_fort-belknap_Fort Belknap,2003-05-01,84.16097161936206
tribes_fort-belknap_Fort Belknap,2003-06-01,89.87585271790971
tribes_fort-belknap_Fort Belknap,2003-07-01,72.36693526423255
tribes_fort-belknap_Fort Belknap,2003-08-01,72.97610637753509
tribes_fort-belknap_Fort Belknap,2003-09-01,79.96608503474745
tribes_fort-belknap_Fort Belknap,2003-10-01,72.63902834958809
tribes_fort-belknap_Fort Belknap,2003-11-01,88.62974823352903
tribes_fort-belknap_Fort Belknap,2003-12-01,86.99896852360216
tribes_fort-belknap_Fort Belknap,2004-01-01,77.30016894673192
tribes_fort-belknap_Fort Belknap,2004-02-01,91.72319558609364
tribes_fort-belknap_Fort Belknap,2004-03-01,79.68925369617551
tribes_fort-belknap_Fort Belknap,2004-04-01,80.27974807384402
tribes_fort-belknap_Fort Belknap,2004-05-01,85.92546866660895
tribes_fort-belknap_Fort Belknap,2004-06-01,86.58098832951036
tribes_fort-belknap_Fort Belknap,2004-07-01,83.19624914124955
tribes_fort-belknap_Fort Belknap,2004-08-01,86.38137648826422
tribes_fort-belknap_Fort Belknap,2004-09-01,87.18753881232684
tribes_fort-belknap_Fort Belknap,2004-10-01,87.37160562914471
tribes_fort-belknap_Fort Belknap,2004-11-01,87.07209316519804
tribes_fort-belknap_Fort Belknap,2004-12-01,87.00384508177291
tribes_fort-belknap_Fort Belknap,2005-01-01,83.09041622073151
tribes_fort-belknap_Fort Belknap,2005-02-01,85.9923794325008
tribes_fort-belknap_Fort Belknap,2005-03-01,89.66474138304244
tribes_fort-belknap_Fort Belknap,2005-04-01,78.98377902008767
tribes_fort-belknap_Fort Belknap,2005-05-01,85.15360082581986
tribes_fort-belknap_Fort Belknap,2005-06-01,92.17343028756075
tribes_fort-belknap_Fort Belknap,2005-07-01,83.78124534252078
tribes_fort-belknap_Fort Belknap,2005-08-01,80.51575385692507
tribes_fort-belknap_Fort Belknap,2005-09-01,82.33560100821562
tribes_fort-belknap_Fort Belknap,2005-10-01,93.59407380569813
tribes_fort-belknap_Fort Belknap,2005-11-01,89.53511637310649
tribes_fort-belknap_Fort Belknap,2005-12-01,87.93989097240359
tribes_fort-belknap_Fort Belknap,2006-01-01,85.7706298828125
tribes_fort-belknap_Fort Belknap,2006-02-01,81.78158227787462
tribes_fort-belknap_Fort Belknap,2006-03-01,92.52618173111317
tribes_fort-belknap_Fort Belknap,2006-04-01,84.62085284743198
tribes_fort-belknap_Fort Belknap,2006-05-01,79.59283598079237
tribes_fort-belknap_Fort Belknap,2006-06-01,78.16445740988088
tribes_fort-belknap_Fort Belknap,2006-07-01,66.63268969779791
tribes_fort-belknap_Fort Belknap,2006-08-01,65.01324068113814
tribes_fort-belknap_Fort Belknap,2006-09-01,79.18773260781931
tribes_fort-belknap_Fort Belknap,2006-10-01,87.29664341239042
tribes_fort-belknap_Fort Belknap,2006-11-01,78.55218980478686
tribes_fort-belknap_Fort Belknap,2006-12-01,84.52863870665084
tribes_fort-belknap_Fort Belknap,2007-01-01,87.61774182874103
tribes_fort-belknap_Fort Belknap,2007-02-01,88.33039878135504
tribes_fort-belknap_Fort Belknap,2007-03-01,84.69767441860465
tribes_fort-belknap_Fort Belknap,2007-04-01,87.50133700703465
tribes_fort-belknap_Fort Belknap,2007-05-01,85.49210437508516
tribes_fort-belknap_Fort Belknap,2007-06-01,84.17397290606831
tribes_fort-belknap_Fort Belknap,2007-07-01,73.6042756812517
tribes_fort-belknap_Fort Belknap,2007-08-01,70.48677774917248
tribes_fort-belknap_Fort Belknap,2007-09-01,83.50856608013774
tribes_fort-belknap_Fort Belknap,2007-10-01,84.26320315516273
tribes_fort-belknap_Fort Belknap,2007-11-01,80.39302320258562
tribes_fort-belknap_Fort Belknap,2007-12-01,88.48428335855174
tribes_fort-belknap_Fort Belknap,2008-01-01,85.33471477863401
tribes_fort-belknap_Fort Belknap,2008-02-01,93.3286687274312
tribes_fort-belknap_Fort Belknap,2008-03-01,87.8278321998064
tribes_fort-belknap_Fort Belknap,2008-04-01,83.65081414511037
tribes_fort-belknap_Fort Belknap,2008-05-01,82.17989509050236
tribes_fort-belknap_Fort Belknap,2008-06-01,84.23362399256507
tribes_fort-belknap_Fort Belknap,2008-07-01,75.6935670985732
tribes_fort-belknap_Fort Belknap,2008-08-01,75.97653770446777
tribes_fort-belknap_Fort Belknap,2008-09-01,85.1433725135271
tribes_fort-belknap_Fort Belknap,2008-10-01,79.86929884622263
tribes_fort-belknap_Fort Belknap,2008-11-01,87.78445762811705
tribes_fort-belknap_Fort Belknap,2008-12-01,79.16911107440328
tribes_fort-belknap_Fort Belknap,2009-01-01,91.13165802179381
tribes_fort-belknap_Fort Belknap,2009-02-01,94.50502510957939
tribes_fort-belknap_Fort Belknap,2009-03-01,88.71794873614644
tribes_fort-belknap_Fort Belknap,2009-04-01,85.84308158519656
tribes_fort-belknap_Fort Belknap,2009-05-01,81.69544242149176
tribes_fort-belknap_Fort Belknap,2009-06-01,83.93796503821085
tribes_fort-belknap_Fort Belknap,2009-07-01,86.31922340393066
tribes_fort-belknap_Fort Belknap,2009-08-01,84.87966989916424
tribes_fort-belknap_Fort Belknap,2009-09-01,75.99624039406
tribes_fort-belknap_Fort Belknap,2009-10-01,91.61648541827535
tribes_fort-belknap_Fort Belknap,2009-11-01,84.3112208787785
tribes_fort-belknap_Fort Belknap,2009-12-01,94.23210804961448
tribes_fort-belknap_Fort Belknap,2010-01-01,85.9271565814351
tribes_fort-belknap_Fort Belknap,2010-02-01,92.52147009206372
tribes_fort-belknap_Fort Belknap,2010-03-01,83.96476013715878
tribes_fort-belknap_Fort Belknap,2010-04-01,81.54591112358625
tribes_fort-belknap_Fort Belknap,2010-05-01,87.96361586104992
tribes_fort-belknap_Fort Belknap,2010-06-01,88.63467056806698
tribes_fort-belknap_Fort Belknap,2010-07-01,90.4391970523568
tribes_fort-belknap_Fort Belknap,2010-08-01,82.59272335850915
tribes_fort-belknap_Fort Belknap,2010-09-01,92.37267467587493
tribes_fort-belknap_Fort Belknap,2010-10-01,86.86753565766091
tribes_fort-belknap_Fort Belknap,2010-11-01,86.94036843055902
tribes_fort-belknap_Fort Belknap,2010-12-01,89.27293688751931
tribes_fort-belknap_Fort Belknap,2011-01-01,95.90215691854787
tribes_fort-belknap_Fort Belknap,2011-02-01,94.62086792879326
tribes_fort-belknap_Fort Belknap,2011-03-01,98.55420099302779
tribes_fort-belknap_Fort Belknap,2011-04-01,95.64825594702432
tribes_fort-belknap_Fort Belknap,2011-05-01,94.29281704924827
tribes_fort-belknap_Fort Belknap,2011-06-01,95.61319750408794
tribes_fort-belknap_Fort Belknap,2011-07-01,87.83510860176973
tribes_fort-belknap_Fort Belknap,2011-08-01,74.8504877977593
tribes_fort-belknap_Fort Belknap,2011-09-01,74.82912782181141
tribes_fort-belknap_Fort Belknap,2011-10-01,78.96901733930721
tribes_fort-belknap_Fort Belknap,2011-11-01,81.88003872716149
tribes_fort-belknap_Fort Belknap,2011-12-01,88.57841323142829
tribes_fort-belknap_Fort Belknap,2012-01-01,74.51599764269451
tribes_fort-belknap_Fort Belknap,2012-02-01,85.05088225076365
tribes_fort-belknap_Fort Belknap,2012-03-01,79.14714906382007
tribes_fort-belknap_Fort Belknap,2012-04-01,80.05645357176314
tribes_fort-belknap_Fort Belknap,2012-05-01,79.45780199627544
tribes_fort-belknap_Fort Belknap,2012-06-01,88.76114330735318
tribes_fort-belknap_Fort Belknap,2012-07-01,74.3357653950536
tribes_fort-belknap_Fort Belknap,2012-08-01,65.42411833031233
tribes_fort-belknap_Fort Belknap,2012-09-01,63.002713358679486
tribes_fort-belknap_Fort Belknap,2012-10-01,87.87612529133641
tribes_fort-belknap_Fort Belknap,2012-11-01,92.90374015098395
tribes_fort-belknap_Fort Belknap,2012-12-01,88.85369456091593
tribes_fort-belknap_Fort Belknap,2013-01-01,95.2509001798408
tribes_fort-belknap_Fort Belknap,2013-02-01,96.07198923687602
tribes_fort-belknap_Fort Belknap,2013-03-01,97.04975647150084
tribes_fort-belknap_Fort Belknap,2013-04-01,91.38951545537904
tribes_fort-belknap_Fort Belknap,2013-05-01,81.32389383537824
tribes_fort-belknap_Fort Belknap,2013-06-01,93.15594957041186
tribes_fort-belknap_Fort Belknap,2013-07-01,96.1968304390131
tribes_fort-belknap_Fort Belknap,2013-08-01,81.42899468887684
tribes_fort-belknap_Fort Belknap,2013-09-01,86.42178304805311
tribes_fort-belknap_Fort Belknap,2013-10-01,83.61149672574776
tribes_fort-belknap_Fort Belknap,2013-11-01,92.00224805432697
tribes_fort-belknap_Fort Belknap,2013-12-01,94.44146688594374
tribes_fort-belknap_Fort Belknap,2014-01-01,80.86144034807072
tribes_fort-belknap_Fort Belknap,2014-02-01,91.22913183167924
tribes_fort-belknap_Fort Belknap,2014-03-01,87.41961732021598
tribes_fort-belknap_Fort Belknap,2014-04-01,82.06335240741109
tribes_fort-belknap_Fort Belknap,2014-05-01,85.05540120324423
tribes_fort-belknap_Fort Belknap,2014-06-01,89.95374027518339
tribes_fort-belknap_Fort Belknap,2014-07-01,81.77728808203409
tribes_fort-belknap_Fort Belknap,2014-08-01,86.45468884845113
tribes_fort-belknap_Fort Belknap,2014-09-01,91.55812023961266
tribes_fort-belknap_Fort Belknap,2014-10-01,87.51192793735238
tribes_fort-belknap_Fort Belknap,2014-11-01,88.98094931314158
tribes_fort-belknap_Fort Belknap,2014-12-01,80.63619644697323
tribes_fort-belknap_Fort Belknap,2015-01-01,85.10587004728096
tribes_fort-belknap_Fort Belknap,2015-02-01,84.5501244123592
tribes_fort-belknap_Fort Belknap,2015-03-01,76.35838335613872
tribes_fort-belknap_Fort Belknap,2015-04-01,78.26354669970135
tribes_fort-belknap_Fort Belknap,2015-05-01,84.14589278642521
tribes_fort-belknap_Fort Belknap,2015-06-01,83.62337218883425
tribes_fort-belknap_Fort Belknap,2015-07-01,79.22250583559968
tribes_fort-belknap_Fort Belknap,2015-08-01,75.35815835553547
tribes_fort-belknap_Fort Belknap,2015-09-01,81.8909885495208
tribes_fort-belknap_Fort Belknap,2015-10-01,81.51588528655296
tribes_fort-belknap_Fort Belknap,2015-11-01,79.93507753416549
tribes_fort-belknap_Fort Belknap,2015-12-01,86.37119266598724
tribes_fort-belknap_Fort Belknap,2016-01-01,90.5245875425117
tribes_fort-belknap_Fort Belknap,2016-02-01,74.25787894670353
tribes_fort-belknap_Fort Belknap,2016-03-01,79.35335678278014
tribes_fort-belknap_Fort Belknap,2016-04-01,89.617538807004
tribes_fort-belknap_Fort Belknap,2016-05-01,86.41369101058605
tribes_fort-belknap_Fort Belknap,2016-06-01,87.12459271453147
tribes_fort-belknap_Fort Belknap,2016-07-01,86.87089254689771
tribes_fort-belknap_Fort Belknap,2016-08-01,82.03593400467274
tribes_fort-belknap_Fort Belknap,2016-09-01,86.1153490377027
tribes_fort-belknap_Fort Belknap,2016-10-01,94.23749054309934
tribes_fort-belknap_Fort Belknap,2016-11-01,82.62759678862815
tribes_fort-belknap_Fort Belknap,2016-12-01,83.27792562440385
tribes_fort-belknap_Fort Belknap,2017-01-01,84.06614787079567
tribes_fort-belknap_Fort Belknap,2017-02-01,81.81414040853811
tribes_fort-belknap_Fort Belknap,2017-03-01,83.89863076320914
tribes_fort-belknap_Fort Belknap,2017-04-01,86.14168597376624
tribes_fort-belknap_Fort Belknap,2017-05-01,83.76614810145179
tribes_fort-belknap_Fort Belknap,2017-06-01,82.20771328238554
tribes_fort-belknap_Fort Belknap,2017-07-01,62.80847704687784
tribes_fort-belknap_Fort Belknap,2017-08-01,71.19086658122927
tribes_fort-belknap_Fort Belknap,2017-09-01,76.96707352926565
tribes_fort-belknap_Fort Belknap,2017-10-01,82.30738937023074
tribes_fort-belknap_Fort Belknap,2017-11-01,87.49736422161723
tribes_fort-belknap_Fort Belknap,2017-12-01,75.30331993103027
tribes_fort-belknap_Fort Belknap,2018-01-01,88.40562634135402
tribes_fort-belknap_Fort Belknap,2018-02-01,96.1536132014075
tribes_fort-belknap_Fort Belknap,2018-03-01,94.1453865406125
tribes_fort-belknap_Fort Belknap,2018-04-01,91.48058146099712
tribes_fort-belknap_Fort Belknap,2018-05-01,86.97271187360897
tribes_fort-belknap_Fort Belknap,2018-06-01,87.08480653097463
tribes_fort-belknap_Fort Belknap,2018-07-01,81.76785455748092
tribes_fort-belknap_Fort Belknap,2018-08-01,75.08929123989371
tribes_fort-belknap_Fort Belknap,2018-09-01,90.78612394111101
tribes_fort-belknap_Fort Belknap,2018-10-01,89.9782253087953
tribes_fort-belknap_Fort Belknap,2018-11-01,89.64077523697254
tribes_fort-belknap_Fort Belknap,2018-12-01,79.8455928979918
tribes_fort-belknap_Fort Belknap,2019-01-01,83.67665033562238
tribes_fort-belknap_Fort Belknap,2019-02-01,95.08644135053768
tribes_fort-belknap_Fort Belknap,2019-03-01,93.39838715486748
tribes_fort-belknap_Fort Belknap,2019-04-01,79.57034865091013
tribes_fort-belknap_Fort Belknap,2019-05-01,87.34444844445517
tribes_fort-belknap_Fort Belknap,2019-06-01,87.38019384339799
tribes_fort-belknap_Fort Belknap,2019-07-01,84.60069385794706
tribes_fort-belknap_Fort Belknap,2019-08-01,84.17481213946675
tribes_fort-belknap_Fort Belknap,2019-09-01,90.8752906267033
tribes_fort-belknap_Fort Belknap,2019-10-01,88.08332682764808
tribes_fort-belknap_Fort Belknap,2019-11-01,93.27379829939022
tribes_fort-belknap_Fort Belknap,2019-12-01,86.83244545515194
tribes_fort-belknap_Fort Belknap,2020-01-01,84.21239697655966
tribes_fort-belknap_Fort Belknap,2020-02-01,86.9179831660071
tribes_fort-belknap_Fort Belknap,2020-03-01,88.55030002150424
tribes_fort-belknap_Fort Belknap,2020-04-01,83.95062020767567
tribes_fort-belknap_Fort Belknap,2020-05-01,87.49851852239564
tribes_fort-belknap_Fort Belknap,2020-06-01,87.38934139872707
tribes_fort-belknap_Fort Belknap,2020-07-01,87.25465122489042
tribes_fort-belknap_Fort Belknap,2020-08-01,73.6677232343097
tribes_fort-belknap_Fort Belknap,2020-09-01,82.80513568257176
tribes_fort-belknap_Fort Belknap,2020-10-01,86.38874732616335
tribes_fort-belknap_Fort Belknap,2020-11-01,86.6727905717007
tribes_fort-belknap_Fort Belknap,2020-12-01,79.28177021825036
tribes_fort-belknap_Fort Belknap,2021-01-01,79.48051399408385
tribes_fort-belknap_Fort Belknap,2021-02-01,90.77786529895872
tribes_fort-belknap_Fort Belknap,2021-03-01,80.10941478817962
tribes_fort-belknap_Fort Belknap,2021-04-01,79.84430206653684
tribes_fort-belknap_Fort Belknap,2021-05-01,85.38747170914051
tribes_fort-belknap_Fort Belknap,2021-06-01,76.39362415047579
tribes_fort-belknap_Fort Belknap,2021-07-01,65.4155477257662
tribes_fort-belknap_Fort Belknap,2021-08-01,78.80830857920093
tribes_fort-belknap_Fort Belknap,2021-09-01,73.78279069412586
tribes_fort-belknap_Fort Belknap,2021-10-01,80.84604289919831
tribes_fort-belknap_Fort Belknap,2021-11-01,83.6490698526072
tribes_fort-belknap_Fort Belknap,2021-12-01,91.17280560870503
tribes_fort-belknap_Fort Belknap,2022-01-01,83.88405857529752
tribes_fort-belknap_Fort Belknap,2022-02-01,83.91679834765057
tribes_fort-belknap_Fort Belknap,2022-03-01,85.25024391884027
tribes_fort-belknap_Fort Belknap,2022-04-01,81.4674806373064
tribes_fort-belknap_Fort Belknap,2022-05-01,71.87198026790175
tribes_fort-belknap_Fort Belknap,2022-06-01,82.82761622584144
tribes_fort-belknap_Fort Belknap,2022-07-01,84.28525880325672
tribes_fort-belknap_Fort Belknap,2022-08-01,69.71016482419746
tribes_fort-belknap_Fort Belknap,2022-09-01,74.76060062231019
tribes_fort-belknap_Fort Belknap,2022-10-01,78.97156799671262
tribes_fort-belknap_Fort Belknap,2022-11-01,81.56959289728209
tribes_fort-belknap_Fort Belknap,2022-12-01,93.85920866145644
tribes_fort-belknap_Fort Belknap,2023-01-01,82.52288064291311
tribes_fort-belknap_Fort Belknap,2023-02-01,71.89165257298669
tribes_fort-belknap_Fort Belknap,2023-03-01,92.95376968383789
tribes_fort-belknap_Fort Belknap,2023-04-01,76.322635783705607
tribes_fort-belknap_Fort Belknap,2023-05-01,80.67946371921273
tribes_fort-belknap_Fort Belknap,2023-06-01,85.84686061947845
tribes_fort-belknap_Fort Belknap,2023-07-01,70.84384827281154
tribes_fort-belknap_Fort Belknap,2023-08-01,72.74420478732087
tribes_fort-belknap_Fort Belknap,2023-09-01,79.6298064298408
tribes_fort-belknap_Fort Belknap,2023-10-01,90.86991749253384
tribes_fort-belknap_Fort Belknap,2023-11-01,82.03414695207462
tribes_fort-belknap_Fort Belknap,2023-12-01,76.12655692876771
tribes_fort-belknap_Fort Belknap,2024-01-01,90.84517993483432
tribes_fort-belknap_Fort Belknap,2024-02-01,87.38747028971828
tribes_fort-belknap_Fort Belknap,2024-03-01,92.06582898871844
tribes_fort-belknap_Fort Belknap,2024-04-01,80.2345155228016
tribes_fort-belknap_Fort Belknap,2024-05-01,84.6476743831191
tribes_fort-belknap_Fort Belknap,2024-06-01,85.44079465644305
tribes_fort-belknap_Fort Belknap,2024-07-01,78.02083663053291
tribes_fort-belknap_Fort Belknap,2024-08-01,84.4243058492971
tribes_fort-belknap_Fort Belknap,2024-09-01,81.47451556006143
tribes_fort-belknap_Fort Belknap,2024-10-01,80.23835315260776
tribes_fort-belknap_Fort Belknap,2024-11-01,87.53147289364837
tribes_fort-belknap_Fort Belknap,2024-12-01,86.26140292855196
tribes_fort-belknap_Fort Belknap,2025-01-01,83.55110665254814
tribes_fort-belknap_Fort Belknap,2025-02-01,86.29586805299272
tribes_fort-belknap_Fort Belknap,2025-03-01,82.840097560439
tribes_fort-belknap_Fort Belknap,2025-04-01,83.11637590097827
tribes_fort-belknap_Fort Belknap,2025-05-01,81.83325204183889
tribes_fort-belknap_Fort Belknap,2025-06-01,76.04782969452614
tribes_fort-belknap_Fort Belknap,2025-07-01,83.21275329589844
tribes_fort-belknap_Fort Belknap,2025-08-01,89.14949368321618
tribes_fort-belknap_Fort Belknap,2025-09-01,81.97300423023313
tribes_fort-belknap_Fort Belknap,2025-10-01,81.09433138647745
tribes_fort-peck_Fort Peck,1979-01-01,82.53295669942943
tribes_fort-peck_Fort Peck,1979-02-01,98.85470148593238
tribes_fort-peck_Fort Peck,1979-03-01,99.22621585955676
tribes_fort-peck_Fort Peck,1979-04-01,94.94564579223014
tribes_fort-peck_Fort Peck,1979-05-01,94.92035921616402
tribes_fort-peck_Fort Peck,1979-06-01,90.99734343449678
tribes_fort-peck_Fort Peck,1979-07-01,90.30569287605093
tribes_fort-peck_Fort Peck,1979-08-01,92.51869995581922
tribes_fort-peck_Fort Peck,1979-09-01,88.09412302704632
tribes_fort-peck_Fort Peck,1979-10-01,87.68105453000658
tribes_fort-peck_Fort Peck,1979-11-01,94.87169228955574
tribes_fort-peck_Fort Peck,1979-12-01,94.03886254789866
tribes_fort-peck_Fort Peck,1980-01-01,86.08551399760238
tribes_fort-peck_Fort Peck,1980-02-01,98.16767603169036
tribes_fort-peck_Fort Peck,1980-03-01,97.81869438416663
tribes_fort-peck_Fort Peck,1980-04-01,77.99771575153177
tribes_fort-peck_Fort Peck,1980-05-01,76.10021834526772
tribes_fort-peck_Fort Peck,1980-06-01,93.27869124824021
tribes_fort-peck_Fort Peck,1980-07-01,91.81375483530628
tribes_fort-peck_Fort Peck,1980-08-01,92.51797948795326
tribes_fort-peck_Fort Peck,1980-09-01,91.81397064002435
tribes_fort-peck_Fort Peck,1980-10-01,85.45217514683551
tribes_fort-peck_Fort Peck,1980-11-01,94.72988740562788
tribes_fort-peck_Fort Peck,1980-12-01,93.08697130232294
tribes_fort-peck_Fort Peck,1981-01-01,92.38650730862432
tribes_fort-peck_Fort Peck,1981-02-01,81.98924947309413
tribes_fort-peck_Fort Peck,1981-03-01,91.02546822278431
tribes_fort-peck_Fort Peck,1981-04-01,80.24732658786418
tribes_fort-peck_Fort Peck,1981-05-01,85.17012713282242
tribes_fort-peck_Fort Peck,1981-06-01,96.09663287838906
tribes_fort-peck_Fort Peck,1981-07-01,86.50331302907463
tribes_fort-peck_Fort Peck,1981-08-01,87.60517461166769
tribes_fort-peck_Fort Peck,1981-09-01,77.6669938786179
tribes_fort-peck_Fort Peck,1981-10-01,91.41943666616268
tribes_fort-peck_Fort Peck,1981-11-01,91.23443319511091
tribes_fort-peck_Fort Peck,1981-12-01,93.85451126744098
tribes_fort-peck_Fort Peck,1982-01-01,90.1155505495023
tribes_fort-peck_Fort Peck,1982-02-01,83.98657239471797
tribes_fort-peck_Fort Peck,1982-03-01,96.91354713504488
tribes_fort-peck_Fort Peck,1982-04-01,86.10290474415632
tribes_fort-peck_Fort Peck,1982-05-01,88.79528964796243
tribes_fort-peck_Fort Peck,1982-06-01,95.42659893778173
tribes_fort-peck_Fort Peck,1982-07-01,93.2625512060175
tribes_fort-peck_Fort Peck,1982-08-01,91.30698103025279
tribes_fort-peck_Fort Peck,1982-09-01,89.57087424805927
tribes_fort-peck_Fort Peck,1982-10-01,95.38621801127839
tribes_fort-peck_Fort Peck,1982-11-01,96.02532424539478
tribes_fort-peck_Fort Peck,1982-12-01,98.06102299569221
tribes_fort-peck_Fort Peck,1983-01-01,95.16074464284829
tribes_fort-peck_Fort Peck,1983-02-01,91.85290649982072
tribes_fort-peck_Fort Peck,1983-03-01,97.16026415881369
tribes_fort-peck_Fort Peck,1983-04-01,86.7081048904135
tribes_fort-peck_Fort Peck,1983-05-01,87.118607096664
tribes_fort-peck_Fort Peck,1983-06-01,89.91383532219126
tribes_fort-peck_Fort Peck,1983-07-01,90.95063047199281
tribes_fort-peck_Fort Peck,1983-08-01,82.47651878912033
tribes_fort-peck_Fort Peck,1983-09-01,81.68506486766834
tribes_fort-peck_Fort Peck,1983-10-01,93.95249716924936
tribes_fort-peck_Fort Peck,1983-11-01,93.67650875343284
tribes_fort-peck_Fort Peck,1983-12-01,84.44475193959606
tribes_fort-peck_Fort Peck,1984-01-01,89.0887779068019
tribes_fort-peck_Fort Peck,1984-02-01,95.49244993309885
tribes_fort-peck_Fort Peck,1984-03-01,95.49688333424214
tribes_fort-peck_Fort Peck,1984-04-01,84.55527350462835
tribes_fort-peck_Fort Peck,1984-05-01,79.72878118214874
tribes_fort-peck_Fort Peck,1984-06-01,87.73534128669958
tribes_fort-peck_Fort Peck,1984-07-01,75.97771954738145
tribes_fort-peck_Fort Peck,1984-08-01,75.23700665055999
tribes_fort-peck_Fort Peck,1984-09-01,87.69175982273573
tribes_fort-peck_Fort Peck,1984-10-01,89.23185962347814
tribes_fort-peck_Fort Peck,1984-11-01,96.73773275978876
tribes_fort-peck_Fort Peck,1984-12-01,93.93847489720069
tribes_fort-peck_Fort Peck,1985-01-01,82.46153601373715
tribes_fort-peck_Fort Peck,1985-02-01,81.04335877859047
tribes_fort-peck_Fort Peck,1985-03-01,93.37003993826671
tribes_fort-peck_Fort Peck,1985-04-01,82.18204740985799
tribes_fort-peck_Fort Peck,1985-05-01,81.15212582815722
tribes_fort-peck_Fort Peck,1985-06-01,87.64271851360495
tribes_fort-peck_Fort Peck,1985-07-01,78.09359199020463
tribes_fort-peck_Fort Peck,1985-08-01,89.12356855260136
tribes_fort-peck_Fort Peck,1985-09-01,93.18872541501841
tribes_fort-peck_Fort Peck,1985-10-01,92.92088866516217
tribes_fort-peck_Fort Peck,1985-11-01,89.92302872969212
tribes_fort-peck_Fort Peck,1985-12-01,94.67507769331311
tribes_fort-peck_Fort Peck,1986-01-01,96.71002689109841
tribes_fort-peck_Fort Peck,1986-02-01,91.28109140928626
tribes_fort-peck_Fort Peck,1986-03-01,90.62899421394981
tribes_fort-peck_Fort Peck,1986-04-01,89.87805413312314
tribes_fort-peck_Fort Peck,1986-05-01,87.67739196880618
tribes_fort-peck_Fort Peck,1986-06-01,86.3571686978671
tribes_fort-peck_Fort Peck,1986-07-01,91.28753350995318
tribes_fort-peck_Fort Peck,1986-08-01,85.07525776767892
tribes_fort-peck_Fort Peck,1986-09-01,93.95357568937712
tribes_fort-peck_Fort Peck,1986-10-01,93.1923366359446
tribes_fort-peck_Fort Peck,1986-11-01,94.49161290719022
tribes_fort-peck_Fort Peck,1986-12-01,96.63970304382634
tribes_fort-peck_Fort Peck,1987-01-01,92.5376507650979
tribes_fort-peck_Fort Peck,1987-02-01,94.00051362220003
tribes_fort-peck_Fort Peck,1987-03-01,89.49648488879002
tribes_fort-peck_Fort Peck,1987-04-01,76.10227846252131
tribes_fort-peck_Fort Peck,1987-05-01,86.10719380644977
tribes_fort-peck_Fort Peck,1987-06-01,83.17061483315405
tribes_fort-peck_Fort Peck,1987-07-01,90.92863389481546
tribes_fort-peck_Fort Peck,1987-08-01,90.57259958851358
tribes_fort-peck_Fort Peck,1987-09-01,88.40003972448875
tribes_fort-peck_Fort Peck,1987-10-01,78.54752484110205
tribes_fort-peck_Fort Peck,1987-11-01,96.68798638358334
tribes_fort-peck_Fort Peck,1987-12-01,91.8234048059144
tribes_fort-peck_Fort Peck,1988-01-01,86.22261898085954
tribes_fort-peck_Fort Peck,1988-02-01,84.53517106987296
tribes_fort-peck_Fort Peck,1988-03-01,85.8459800552394
tribes_fort-peck_Fort Peck,1988-04-01,68.61370005986815
tribes_fort-peck_Fort Peck,1988-05-01,78.86353907447983
tribes_fort-peck_Fort Peck,1988-06-01,69.4690523615545
tribes_fort-peck_Fort Peck,1988-07-01,77.7827355373531
tribes_fort-peck_Fort Peck,1988-08-01,73.96476731405242
tribes_fort-peck_Fort Peck,1988-09-01,82.90565148626285
tribes_fort-peck_Fort Peck,1988-10-01,86.78053064233357
tribes_fort-peck_Fort Peck,1988-11-01,95.40200803082203
tribes_fort-peck_Fort Peck,1988-12-01,94.06832592701146
tribes_fort-peck_Fort Peck,1989-01-01,89.0376399341977
tribes_fort-peck_Fort Peck,1989-02-01,86.07900053434162
tribes_fort-peck_Fort Peck,1989-03-01,86.61559964355882
tribes_fort-peck_Fort Peck,1989-04-01,88.11004519906342
tribes_fort-peck_Fort Peck,1989-05-01,86.3089841529601
tribes_fort-peck_Fort Peck,1989-06-01,93.33914271062602
tribes_fort-peck_Fort Peck,1989-07-01,84.53043506189853
tribes_fort-peck_Fort Peck,1989-08-01,81.83271655294092
tribes_fort-peck_Fort Peck,1989-09-01,85.99838693170176
tribes_fort-peck_Fort Peck,1989-10-01,88.84977893861618
tribes_fort-peck_Fort Peck,1989-11-01,94.59748449180331
tribes_fort-peck_Fort Peck,1989-12-01,88.14062004282995
tribes_fort-peck_Fort Peck,1990-01-01,91.37887673934704
tribes_fort-peck_Fort Peck,1990-02-01,92.70041700385751
tribes_fort-peck_Fort Peck,1990-03-01,91.2258119405627
tribes_fort-peck_Fort Peck,1990-04-01,87.12507062676393
tribes_fort-peck_Fort Peck,1990-05-01,87.31785375656412
tribes_fort-peck_Fort Peck,1990-06-01,88.48760850780506
tribes_fort-peck_Fort Peck,1990-07-01,90.66362097622375
tribes_fort-peck_Fort Peck,1990-08-01,80.87283438797127
tribes_fort-peck_Fort Peck,1990-09-01,81.8404286315195
tribes_fort-peck_Fort Peck,1990-10-01,85.16041715980181
tribes_fort-peck_Fort Peck,1990-11-01,92.3067794773986
tribes_fort-peck_Fort Peck,1990-12-01,83.18893069865942
tribes_fort-peck_Fort Peck,1991-01-01,88.13976868760162
tribes_fort-peck_Fort Peck,1991-02-01,97.18574451633718
tribes_fort-peck_Fort Peck,1991-03-01,92.63345894595693
tribes_fort-peck_Fort Peck,1991-04-01,85.01825166757135
tribes_fort-peck_Fort Peck,1991-05-01,92.74301080332593
tribes_fort-peck_Fort Peck,1991-06-01,95.07239145191792
tribes_fort-peck_Fort Peck,1991-07-01,92.87045463652377
tribes_fort-peck_Fort Peck,1991-08-01,80.76253481121032
tribes_fort-peck_Fort Peck,1991-09-01,85.42241970778721
tribes_fort-peck_Fort Peck,1991-10-01,81.43550022080062
tribes_fort-peck_Fort Peck,1991-11-01,97.23687513064209
tribes_fort-peck_Fort Peck,1991-12-01,97.09270244927576
tribes_fort-peck_Fort Peck,1992-01-01,94.68866878193244
tribes_fort-peck_Fort Peck,1992-02-01,91.03516541560087
tribes_fort-peck_Fort Peck,1992-03-01,87.55405255622671
tribes_fort-peck_Fort Peck,1992-04-01,86.93133102132988
tribes_fort-peck_Fort Peck,1992-05-01,84.1726816245142
tribes_fort-peck_Fort Peck,1992-06-01,92.73544851132053
tribes_fort-peck_Fort Peck,1992-07-01,97.55142189968258
tribes_fort-peck_Fort Peck,1992-08-01,88.83951749333674
tribes_fort-peck_Fort Peck,1992-09-01,87.32701641411951
tribes_fort-peck_Fort Peck,1992-10-01,86.88131667393718
tribes_fort-peck_Fort Peck,1992-11-01,96.18180485707653
tribes_fort-peck_Fort Peck,1992-12-01,87.76561866153517
tribes_fort-peck_Fort Peck,1993-01-01,94.54018890071036
tribes_fort-peck_Fort Peck,1993-02-01,93.35697966703101
tribes_fort-peck_Fort Peck,1993-03-01,95.4561215189306
tribes_fort-peck_Fort Peck,1993-04-01,94.33402723386607
tribes_fort-peck_Fort Peck,1993-05-01,83.54292334800243
tribes_fort-peck_Fort Peck,1993-06-01,95.14954884847005
tribes_fort-peck_Fort Peck,1993-07-01,97.80665894329245
tribes_fort-peck_Fort Peck,1993-08-01,94.56596266073623
tribes_fort-peck_Fort Peck,1993-09-01,94.92641294063046
tribes_fort-peck_Fort Peck,1993-10-01,90.7435729903013
tribes_fort-peck_Fort Peck,1993-11-01,95.29012972449289
tribes_fort-peck_Fort Peck,1993-12-01,98.97459762753972
tribes_fort-peck_Fort Peck,1994-01-01,98.10280557493671
tribes_fort-peck_Fort Peck,1994-02-01,94.17338656249586
tribes_fort-peck_Fort Peck,1994-03-01,90.45631252488913
tribes_fort-peck_Fort Peck,1994-04-01,84.26930070286475
tribes_fort-peck_Fort Peck,1994-05-01,88.81784845084304
tribes_fort-peck_Fort Peck,1994-06-01,94.52637905114395
tribes_fort-peck_Fort Peck,1994-07-01,90.92896700631543
tribes_fort-peck_Fort Peck,1994-08-01,87.3820697119595
tribes_fort-peck_Fort Peck,1994-09-01,81.62272414257482
tribes_fort-peck_Fort Peck,1994-10-01,90.10315484887654
tribes_fort-peck_Fort Peck,1994-11-01,94.59976889518312
tribes_fort-peck_Fort Peck,1994-12-01,97.70655538749372
tribes_fort-peck_Fort Peck,1995-01-01,97.68945472575282
tribes_fort-peck_Fort Peck,1995-02-01,86.10203038456073
tribes_fort-peck_Fort Peck,1995-03-01,87.98679650011401
tribes_fort-peck_Fort Peck,1995-04-01,94.5352791594168
tribes_fort-peck_Fort Peck,1995-05-01,94.97305809059723
tribes_fort-peck_Fort Peck,1995-06-01,96.91914831119544
tribes_fort-peck_Fort Peck,1995-07-01,98.48452589677272
tribes_fort-peck_Fort Peck,1995-08-01,89.42084505755687
tribes_fort-peck_Fort Peck,1995-09-01,84.99697695246404
tribes_fort-peck_Fort Peck,1995-10-01,93.3956717089348
tribes_fort-peck_Fort Peck,1995-11-01,98.3003046000266
tribes_fort-peck_Fort Peck,1995-12-01,98.76177072282975
tribes_fort-peck_Fort Peck,1996-01-01,82.15798255675134
tribes_fort-peck_Fort Peck,1996-02-01,77.93295992933554
tribes_fort-peck_Fort Peck,1996-03-01,94.02631969419632
tribes_fort-peck_Fort Peck,1996-04-01,88.85965603539584
tribes_fort-peck_Fort Peck,1996-05-01,96.7726050310732
tribes_fort-peck_Fort Peck,1996-06-01,91.3692838020131
tribes_fort-peck_Fort Peck,1996-07-01,91.806861077065
tribes_fort-peck_Fort Peck,1996-08-01,80.43353546452401
tribes_fort-peck_Fort Peck,1996-09-01,89.12677950786455
tribes_fort-peck_Fort Peck,1996-10-01,87.95462592523513
tribes_fort-peck_Fort Peck,1996-11-01,95.91882120251857
tribes_fort-peck_Fort Peck,1996-12-01,94.59508766135589
tribes_fort-peck_Fort Peck,1997-01-01,86.96175971894498
tribes_fort-peck_Fort Peck,1997-02-01,99.69082050355759
tribes_fort-peck_Fort Peck,1997-03-01,91.61082348767069
tribes_fort-peck_Fort Peck,1997-04-01,79.21493504454844
tribes_fort-peck_Fort Peck,1997-05-01,81.19878280304006
tribes_fort-peck_Fort Peck,1997-06-01,84.73537492832759
tribes_fort-peck_Fort Peck,1997-07-01,94.24263968685557
tribes_fort-peck_Fort Peck,1997-08-01,89.98298682456493
tribes_fort-peck_Fort Peck,1997-09-01,83.35272433673065
tribes_fort-peck_Fort Peck,1997-10-01,86.18199341026862
tribes_fort-peck_Fort Peck,1997-11-01,95.72788513493417
tribes_fort-peck_Fort Peck,1997-12-01,95.08328137341287
tribes_fort-peck_Fort Peck,1998-01-01,97.73682111814341
tribes_fort-peck_Fort Peck,1998-02-01,95.12669803729113
tribes_fort-peck_Fort Peck,1998-03-01,95.20010365649125
tribes_fort-peck_Fort Peck,1998-04-01,86.20973479243503
tribes_fort-peck_Fort Peck,1998-05-01,86.66801472000664
tribes_fort-peck_Fort Peck,1998-06-01,94.28208131999938
tribes_fort-peck_Fort Peck,1998-07-01,91.78596696676135
tribes_fort-peck_Fort Peck,1998-08-01,88.04310904823987
tribes_fort-peck_Fort Peck,1998-09-01,87.91846577084408
tribes_fort-peck_Fort Peck,1998-10-01,93.26269302755443
tribes_fort-peck_Fort Peck,1998-11-01,96.83792440863027
tribes_fort-peck_Fort Peck,1998-12-01,93.44734472026276
tribes_fort-peck_Fort Peck,1999-01-01,99.14601816864788
tribes_fort-peck_Fort Peck,1999-02-01,99.37666789408263
tribes_fort-peck_Fort Peck,1999-03-01,91.58431320061337
tribes_fort-peck_Fort Peck,1999-04-01,85.05430903813964
tribes_fort-peck_Fort Peck,1999-05-01,90.82616122482997
tribes_fort-peck_Fort Peck,1999-06-01,96.25208689113559
tribes_fort-peck_Fort Peck,1999-07-01,93.57612546607726
tribes_fort-peck_Fort Peck,1999-08-01,89.35989297263312
tribes_fort-peck_Fort Peck,1999-09-01,92.32960514126695
tribes_fort-peck_Fort Peck,1999-10-01,89.90708481841887
tribes_fort-peck_Fort Peck,1999-11-01,87.69837007990544
tribes_fort-peck_Fort Peck,1999-12-01,97.03851311904727
tribes_fort-peck_Fort Peck,2000-01-01,99.81577964563257
tribes_fort-peck_Fort Peck,2000-02-01,97.46175989967514
tribes_fort-peck_Fort Peck,2000-03-01,92.64149340840967
tribes_fort-peck_Fort Peck,2000-04-01,88.10919920119336
tribes_fort-peck_Fort Peck,2000-05-01,86.57598377363331
tribes_fort-peck_Fort Peck,2000-06-01,95.53144389764105
tribes_fort-peck_Fort Peck,2000-07-01,93.97948250552724
tribes_fort-peck_Fort Peck,2000-08-01,85.9028928598575
tribes_fort-peck_Fort Peck,2000-09-01,84.5830004800193
tribes_fort-peck_Fort Peck,2000-10-01,87.9416189435775
tribes_fort-peck_Fort Peck,2000-11-01,98.54724756231163
tribes_fort-peck_Fort Peck,2000-12-01,89.89453636208161
tribes_fort-peck_Fort Peck,2001-01-01,92.65495336439001
tribes_fort-peck_Fort Peck,2001-02-01,97.52799133197507
tribes_fort-peck_Fort Peck,2001-03-01,92.78674206677225
tribes_fort-peck_Fort Peck,2001-04-01,87.10355335887515
tribes_fort-peck_Fort Peck,2001-05-01,78.35194047130707
tribes_fort-peck_Fort Peck,2001-06-01,94.80226734245288
tribes_fort-peck_Fort Peck,2001-07-01,94.31658761271365
tribes_fort-peck_Fort Peck,2001-08-01,80.5001691117908
tribes_fort-peck_Fort Peck,2001-09-01,86.97229000033461
tribes_fort-peck_Fort Peck,2001-10-01,84.70741217753609
tribes_fort-peck_Fort Peck,2001-11-01,88.96231813640563
tribes_fort-peck_Fort Peck,2001-12-01,98.12297357601159
tribes_fort-peck_Fort Peck,2002-01-01,96.16360460723516
tribes_fort-peck_Fort Peck,2002-02-01,95.34433173165104
tribes_fort-peck_Fort Peck,2002-03-01,94.63273303036762
tribes_fort-peck_Fort Peck,2002-04-01,89.22678499173392
tribes_fort-peck_Fort Peck,2002-05-01,80.61949698614389
tribes_fort-peck_Fort Peck,2002-06-01,88.05366598732782
tribes_fort-peck_Fort Peck,2002-07-01,86.09518047920136
tribes_fort-peck_Fort Peck,2002-08-01,89.89520237853282
tribes_fort-peck_Fort Peck,2002-09-01,85.87637339429
tribes_fort-peck_Fort Peck,2002-10-01,93.48960216799766
tribes_fort-peck_Fort Peck,2002-11-01,94.19521143311373
tribes_fort-peck_Fort Peck,2002-12-01,96.89107037074675
tribes_fort-peck_Fort Peck,2003-01-01,91.99044278269088
tribes_fort-peck_Fort Peck,2003-02-01,99.3242023164649
tribes_fort-peck_Fort Peck,2003-03-01,83.75522625143758
tribes_fort-peck_Fort Peck,2003-04-01,88.73122393096563
tribes_fort-peck_Fort Peck,2003-05-01,85.70726481791075
tribes_fort-peck_Fort Peck,2003-06-01,89.60387473582415
tribes_fort-peck_Fort Peck,2003-07-01,81.73221425477624
tribes_fort-peck_Fort Peck,2003-08-01,72.11765195068773
tribes_fort-peck_Fort Peck,2003-09-01,86.95670052671997
tribes_fort-peck_Fort Peck,2003-10-01,80.44515575531574
tribes_fort-peck_Fort Peck,2003-11-01,99.76987026104871
tribes_fort-peck_Fort Peck,2003-12-01,99.89186196883922
tribes_fort-peck_Fort Peck,2004-01-01,89.41342706567342
tribes_fort-peck_Fort Peck,2004-02-01,98.31290042057456
tribes_fort-peck_Fort Peck,2004-03-01,94.00337865994061
tribes_fort-peck_Fort Peck,2004-04-01,83.33397065241728
tribes_fort-peck_Fort Peck,2004-05-01,87.58130017069189
tribes_fort-peck_Fort Peck,2004-06-01,89.62027078231579
tribes_fort-peck_Fort Peck,2004-07-01,90.33193581156722
tribes_fort-peck_Fort Peck,2004-08-01,89.40910986111248
tribes_fort-peck_Fort Peck,2004-09-01,90.32724752926383
tribes_fort-peck_Fort Peck,2004-10-01,88.43117186260707
tribes_fort-peck_Fort Peck,2004-11-01,94.28937957815309
tribes_fort-peck_Fort Peck,2004-12-01,97.13674467186839
tribes_fort-peck_Fort Peck,2005-01-01,92.57727204401884
tribes_fort-peck_Fort Peck,2005-02-01,92.78926144517618
tribes_fort-peck_Fort Peck,2005-03-01,91.8136072433136
tribes_fort-peck_Fort Peck,2005-04-01,80.9839876952712
tribes_fort-peck_Fort Peck,2005-05-01,85.28340165707867
tribes_fort-peck_Fort Peck,2005-06-01,94.54790753721183
tribes_fort-peck_Fort Peck,2005-07-01,89.05106694565207
tribes_fort-peck_Fort Peck,2005-08-01,85.43567485777054
tribes_fort-peck_Fort Peck,2005-09-01,83.68091370248553
tribes_fort-peck_Fort Peck,2005-10-01,96.1534631022342
tribes_fort-peck_Fort Peck,2005-11-01,94.49452894956327
tribes_fort-peck_Fort Peck,2005-12-01,95.06722348595633
tribes_fort-peck_Fort Peck,2006-01-01,99.01366718892518
tribes_fort-peck_Fort Peck,2006-02-01,94.09657375380876
tribes_fort-peck_Fort Peck,2006-03-01,93.86752901545232
tribes_fort-peck_Fort Peck,2006-04-01,90.10214337963744
tribes_fort-peck_Fort Peck,2006-05-01,85.69058467651986
tribes_fort-peck_Fort Peck,2006-06-01,85.07551604398414
tribes_fort-peck_Fort Peck,2006-07-01,74.76334255883334
tribes_fort-peck_Fort Peck,2006-08-01,76.12342119297602
tribes_fort-peck_Fort Peck,2006-09-01,86.12271856575852
tribes_fort-peck_Fort Peck,2006-10-01,93.72584465272132
tribes_fort-peck_Fort Peck,2006-11-01,91.0299999540429
tribes_fort-peck_Fort Peck,2006-12-01,95.56426488163105
tribes_fort-peck_Fort Peck,2007-01-01,91.22396154774829
tribes_fort-peck_Fort Peck,2007-02-01,92.97883737631861
tribes_fort-peck_Fort Peck,2007-03-01,91.345521491191107
tribes_fort-peck_Fort Peck,2007-04-01,87.20689229432702
tribes_fort-peck_Fort Peck,2007-05-01,90.75984936760969
tribes_fort-peck_Fort Peck,2007-06-01,91.30533566289344
tribes_fort-peck_Fort Peck,2007-07-01,84.67558535141792
tribes_fort-peck_Fort Peck,2007-08-01,79.69728172289336
tribes_fort-peck_Fort Peck,2007-09-01,86.62112261518811
tribes_fort-peck_Fort Peck,2007-10-01,88.74905288360647
tribes_fort-peck_Fort Peck,2007-11-01,85.89945841884452
tribes_fort-peck_Fort Peck,2007-12-01,97.46733803273054
tribes_fort-peck_Fort Peck,2008-01-01,89.06619169748375
tribes_fort-peck_Fort Peck,2008-02-01,98.51397991664518
tribes_fort-peck_Fort Peck,2008-03-01,92.90747777741976
tribes_fort-peck_Fort Peck,2008-04-01,84.17642986471883
tribes_fort-peck_Fort Peck,2008-05-01,84.1739696238045
tribes_fort-peck_Fort Peck,2008-06-01,90.97313011156524
tribes_fort-peck_Fort Peck,2008-07-01,84.14594191343046
tribes_fort-peck_Fort Peck,2008-08-01,80.33255303087573
tribes_fort-peck_Fort Peck,2008-09-01,89.5089508030822
tribes_fort-peck_Fort Peck,2008-10-01,83.65289558371917
tribes_fort-peck_Fort Peck,2008-11-01,95.32549346562368
tribes_fort-peck_Fort Peck,2008-12-01,93.38066156584196
tribes_fort-peck_Fort Peck,2009-01-01,91.71557245399747
tribes_fort-peck_Fort Peck,2009-02-01,97.23976308238485
tribes_fort-peck_Fort Peck,2009-03-01,92.13812550191346
tribes_fort-peck_Fort Peck,2009-04-01,88.74662711051515
tribes_fort-peck_Fort Peck,2009-05-01,86.76794939638192
tribes_fort-peck_Fort Peck,2009-06-01,87.33568538142944
tribes_fort-peck_Fort Peck,2009-07-01,89.70843286401326
tribes_fort-peck_Fort Peck,2009-08-01,88.53741053598988
tribes_fort-peck_Fort Peck,2009-09-01,84.86658770824245
tribes_fort-peck_Fort Peck,2009-10-01,93.64097488067678
tribes_fort-peck_Fort Peck,2009-11-01,93.80087411948267
tribes_fort-peck_Fort Peck,2009-12-01,99.26797132927754
tribes_fort-peck_Fort Peck,2010-01-01,90.52260262994395
tribes_fort-peck_Fort Peck,2010-02-01,96.54696031754392
tribes_fort-peck_Fort Peck,2010-03-01,91.9364500868744
tribes_fort-peck_Fort Peck,2010-04-01,76.21401585096433
tribes_fort-peck_Fort Peck,2010-05-01,89.1321434627733
tribes_fort-peck_Fort Peck,2010-06-01,87.60912554074463
tribes_fort-peck_Fort Peck,2010-07-01,86.9877627222671
tribes_fort-peck_Fort Peck,2010-08-01,83.55289016439629
tribes_fort-peck_Fort Peck,2010-09-01,93.27322620062658
tribes_fort-peck_Fort Peck,2010-10-01,93.27425908638943
tribes_fort-peck_Fort Peck,2010-11-01,96.46662729847452
tribes_fort-peck_Fort Peck,2010-12-01,93.67171554436337
tribes_fort-peck_Fort Peck,2011-01-01,97.09442732499538
tribes_fort-peck_Fort Peck,2011-02-01,98.68003393389448
tribes_fort-peck_Fort Peck,2011-03-01,99.9960864175193
tribes_fort-peck_Fort Peck,2011-04-01,98.34163009979197
tribes_fort-peck_Fort Peck,2011-05-01,96.43986707451784
tribes_fort-peck_Fort Peck,2011-06-01,97.82921609378305
tribes_fort-peck_Fort Peck,2011-07-01,91.40244533325814
tribes_fort-peck_Fort Peck,2011-08-01,79.16128489692804
tribes_fort-peck_Fort Peck,2011-09-01,79.12344626283081
tribes_fort-peck_Fort Peck,2011-10-01,81.85692914004254
tribes_fort-peck_Fort Peck,2011-11-01,90.8413198119291
tribes_fort-peck_Fort Peck,2011-12-01,99.76499648505661
tribes_fort-peck_Fort Peck,2012-01-01,89.97134442014743
tribes_fort-peck_Fort Peck,2012-02-01,90.65000293299228
tribes_fort-peck_Fort Peck,2012-03-01,86.09677436428426
tribes_fort-peck_Fort Peck,2012-04-01,83.11434296222306
tribes_fort-peck_Fort Peck,2012-05-01,83.57902961898778
tribes_fort-peck_Fort Peck,2012-06-01,87.96420760566208
tribes_fort-peck_Fort Peck,2012-07-01,80.07055279365449
tribes_fort-peck_Fort Peck,2012-08-01,74.87464671126881
tribes_fort-peck_Fort Peck,2012-09-01,68.3690750199526
tribes_fort-peck_Fort Peck,2012-10-01,89.27627869426901
tribes_fort-peck_Fort Peck,2012-11-01,99.09148915608723
tribes_fort-peck_Fort Peck,2012-12-01,98.08957470734107
tribes_fort-peck_Fort Peck,2013-01-01,98.57291633102494
tribes_fort-peck_Fort Peck,2013-02-01,99.87342886109845
tribes_fort-peck_Fort Peck,2013-03-01,99.99756015577493
tribes_fort-peck_Fort Peck,2013-04-01,95.96410603531322
tribes_fort-peck_Fort Peck,2013-05-01,84.2377217481584
tribes_fort-peck_Fort Peck,2013-06-01,95.10457984162667
tribes_fort-peck_Fort Peck,2013-07-01,96.77771952672659
tribes_fort-peck_Fort Peck,2013-08-01,85.17816705590779
tribes_fort-peck_Fort Peck,2013-09-01,89.55642398117763
tribes_fort-peck_Fort Peck,2013-10-01,85.15845195169982
tribes_fort-peck_Fort Peck,2013-11-01,94.67003381151434
tribes_fort-peck_Fort Peck,2013-12-01,98.9650184256978
tribes_fort-peck_Fort Peck,2014-01-01,82.24647132111886
tribes_fort-peck_Fort Peck,2014-02-01,96.21776641484243
tribes_fort-peck_Fort Peck,2014-03-01,87.28041591741106
tribes_fort-peck_Fort Peck,2014-04-01,87.40865785498708
tribes_fort-peck_Fort Peck,2014-05-01,91.95091962733648
tribes_fort-peck_Fort Peck,2014-06-01,93.94198538688234
tribes_fort-peck_Fort Peck,2014-07-01,90.60100973681145
tribes_fort-peck_Fort Peck,2014-08-01,89.34301617101163
tribes_fort-peck_Fort Peck,2014-09-01,94.46814447651458
tribes_fort-peck_Fort Peck,2014-10-01,92.35159661927199
tribes_fort-peck_Fort Peck,2014-11-01,97.4246701080787
tribes_fort-peck_Fort Peck,2014-12-01,93.53223075802153
tribes_fort-peck_Fort Peck,2015-01-01,87.34199557489953
tribes_fort-peck_Fort Peck,2015-02-01,92.45774114515173
tribes_fort-peck_Fort Peck,2015-03-01,93.48113641884122
tribes_fort-peck_Fort Peck,2015-04-01,83.01291590656726
tribes_fort-peck_Fort Peck,2015-05-01,80.10757060301081
tribes_fort-peck_Fort Peck,2015-06-01,85.43695445310847
tribes_fort-peck_Fort Peck,2015-07-01,83.15021007557206
tribes_fort-peck_Fort Peck,2015-08-01,78.07520329044556
tribes_fort-peck_Fort Peck,2015-09-01,84.10564030164792
tribes_fort-peck_Fort Peck,2015-10-01,87.26210894641135
tribes_fort-peck_Fort Peck,2015-11-01,91.853073894675
tribes_fort-peck_Fort Peck,2015-12-01,89.58556298838452
tribes_fort-peck_Fort Peck,2016-01-01,92.44354024716037
tribes_fort-peck_Fort Peck,2016-02-01,81.04899919900394
tribes_fort-peck_Fort Peck,2016-03-01,86.85824475231912
tribes_fort-peck_Fort Peck,2016-04-01,92.89321488898418
tribes_fort-peck_Fort Peck,2016-05-01,86.39376668397546
tribes_fort-peck_Fort Peck,2016-06-01,89.36737747321476
tribes_fort-peck_Fort Peck,2016-07-01,91.08047600244306
tribes_fort-peck_Fort Peck,2016-08-01,83.59115226216325
tribes_fort-peck_Fort Peck,2016-09-01,89.9808176882981
tribes_fort-peck_Fort Peck,2016-10-01,93.50283281613525
tribes_fort-peck_Fort Peck,2016-11-01,93.03779448430147
tribes_fort-peck_Fort Peck,2016-12-01,94.63284745837629
tribes_fort-peck_Fort Peck,2017-01-01,88.80613513565709
tribes_fort-peck_Fort Peck,2017-02-01,90.01973644327593
tribes_fort-peck_Fort Peck,2017-03-01,88.37245787541475
tribes_fort-peck_Fort Peck,2017-04-01,85.93734357804816
tribes_fort-peck_Fort Peck,2017-05-01,84.79998917426353
tribes_fort-peck_Fort Peck,2017-06-01,82.77241974393326
tribes_fort-peck_Fort Peck,2017-07-01,71.72446914130661
tribes_fort-peck_Fort Peck,2017-08-01,78.37615322622955
tribes_fort-peck_Fort Peck,2017-09-01,81.65461942669502
tribes_fort-peck_Fort Peck,2017-10-01,87.59713452076146
tribes_fort-peck_Fort Peck,2017-11-01,93.97501404273328
tribes_fort-peck_Fort Peck,2017-12-01,87.5869274107131
tribes_fort-peck_Fort Peck,2018-01-01,94.59620104949487
tribes_fort-peck_Fort Peck,2018-02-01,98.48990206387644
tribes_fort-peck_Fort Peck,2018-03-01,93.41778830384644
tribes_fort-peck_Fort Peck,2018-04-01,92.91914829828615
tribes_fort-peck_Fort Peck,2018-05-01,87.89994538334622
tribes_fort-peck_Fort Peck,2018-06-01,88.8021149740203
tribes_fort-peck_Fort Peck,2018-07-01,87.53699023509792
tribes_fort-peck_Fort Peck,2018-08-01,80.75825566325696
tribes_fort-peck_Fort Peck,2018-09-01,91.69412866582725
tribes_fort-peck_Fort Peck,2018-10-01,95.23036406851057
tribes_fort-peck_Fort Peck,2018-11-01,95.6935590818247
tribes_fort-peck_Fort Peck,2018-12-01,93.13006932602316
tribes_fort-peck_Fort Peck,2019-01-01,78.57116967732128
tribes_fort-peck_Fort Peck,2019-02-01,95.16062361818885
tribes_fort-peck_Fort Peck,2019-03-01,96.45147636658851
tribes_fort-peck_Fort Peck,2019-04-01,80.08379021917301
tribes_fort-peck_Fort Peck,2019-05-01,89.01293058443795
tribes_fort-peck_Fort Peck,2019-06-01,89.67710664752373
tribes_fort-peck_Fort Peck,2019-07-01,90.26141578170854
tribes_fort-peck_Fort Peck,2019-08-01,92.18490261071426
tribes_fort-peck_Fort Peck,2019-09-01,96.39519458131741
tribes_fort-peck_Fort Peck,2019-10-01,92.45922172533477
tribes_fort-peck_Fort Peck,2019-11-01,96.11283128354351
tribes_fort-peck_Fort Peck,2019-12-01,94.83691393340703
tribes_fort-peck_Fort Peck,2020-01-01,86.33753062343436
tribes_fort-peck_Fort Peck,2020-02-01,92.94909860317276
tribes_fort-peck_Fort Peck,2020-03-01,90.2349654841544
tribes_fort-peck_Fort Peck,2020-04-01,85.20222781676729
tribes_fort-peck_Fort Peck,2020-05-01,89.92947980232046
tribes_fort-peck_Fort Peck,2020-06-01,92.06064299762552
tribes_fort-peck_Fort Peck,2020-07-01,91.86102284594438
tribes_fort-peck_Fort Peck,2020-08-01,79.3436766493744
tribes_fort-peck_Fort Peck,2020-09-01,87.1937338091597
tribes_fort-peck_Fort Peck,2020-10-01,90.97943905283351
tribes_fort-peck_Fort Peck,2020-11-01,95.83894546947705
tribes_fort-peck_Fort Peck,2020-12-01,92.81593802979755
tribes_fort-peck_Fort Peck,2021-01-01,87.63977946686462
tribes_fort-peck_Fort Peck,2021-02-01,96.33173780876973
tribes_fort-peck_Fort Peck,2021-03-01,85.84050539019951
tribes_fort-peck_Fort Peck,2021-04-01,88.0836492109218
tribes_fort-peck_Fort Peck,2021-05-01,88.47411724677949
tribes_fort-peck_Fort Peck,2021-06-01,83.38557252060943
tribes_fort-peck_Fort Peck,2021-07-01,74.70600410887432
tribes_fort-peck_Fort Peck,2021-08-01,83.27956452345485
tribes_fort-peck_Fort Peck,2021-09-01,80.84940780923652
tribes_fort-peck_Fort Peck,2021-10-01,83.65651989467253
tribes_fort-peck_Fort Peck,2021-11-01,93.05299496206939
tribes_fort-peck_Fort Peck,2021-12-01,96.24345842029035
tribes_fort-peck_Fort Peck,2022-01-01,92.31175158350601
tribes_fort-peck_Fort Peck,2022-02-01,94.08150227864583
tribes_fort-peck_Fort Peck,2022-03-01,89.68163843041951
tribes_fort-peck_Fort Peck,2022-04-01,92.08407206785456
tribes_fort-peck_Fort Peck,2022-05-01,86.10093865822213
tribes_fort-peck_Fort Peck,2022-06-01,90.08988711232865
tribes_fort-peck_Fort Peck,2022-07-01,93.9017575775508
tribes_fort-peck_Fort Peck,2022-08-01,80.72576285941548
tribes_fort-peck_Fort Peck,2022-09-01,81.77119587803048
tribes_fort-peck_Fort Peck,2022-10-01,86.86558038288769
tribes_fort-peck_Fort Peck,2022-11-01,90.51776639418755
tribes_fort-peck_Fort Peck,2022-12-01,96.5811637710597
tribes_fort-peck_Fort Peck,2023-01-01,96.34006337586999
tribes_fort-peck_Fort Peck,2023-02-01,85.43556323107931
tribes_fort-peck_Fort Peck,2023-03-01,96.52896133655219
tribes_fort-peck_Fort Peck,2023-04-01,82.95207549997191
tribes_fort-peck_Fort Peck,2023-05-01,86.33532566386835
tribes_fort-peck_Fort Peck,2023-06-01,86.92309641313634
tribes_fort-peck_Fort Peck,2023-07-01,81.63053863060657
tribes_fort-peck_Fort Peck,2023-08-01,85.38057429899419
tribes_fort-peck_Fort Peck,2023-09-01,86.42416260488545
tribes_fort-peck_Fort Peck,2023-10-01,89.9624800060808
tribes_fort-peck_Fort Peck,2023-11-01,96.11320374258077
tribes_fort-peck_Fort Peck,2023-12-01,93.05412377681829
tribes_fort-peck_Fort Peck,2024-01-01,92.96191805147278
tribes_fort-peck_Fort Peck,2024-02-01,91.1124103630053
tribes_fort-peck_Fort Peck,2024-03-01,96.5754161518439
tribes_fort-peck_Fort Peck,2024-04-01,87.83837562728856
tribes_fort-peck_Fort Peck,2024-05-01,89.01233558202959
tribes_fort-peck_Fort Peck,2024-06-01,88.3063844270916
tribes_fort-peck_Fort Peck,2024-07-01,80.58538848050758
tribes_fort-peck_Fort Peck,2024-08-01,87.96564593371603
tribes_fort-peck_Fort Peck,2024-09-01,87.641776638386
tribes_fort-peck_Fort Peck,2024-10-01,83.9903935337228
tribes_fort-peck_Fort Peck,2024-11-01,95.66075569320653
tribes_fort-peck_Fort Peck,2024-12-01,95.57862554508216
tribes_fort-peck_Fort Peck,2025-01-01,89.47944985791511
tribes_fort-peck_Fort Peck,2025-02-01,91.94047621260641
tribes_fort-peck_Fort Peck,2025-03-01,90.15920529954526
tribes_fort-peck_Fort Peck,2025-04-01,91.73124648350749
tribes_fort-peck_Fort Peck,2025-05-01,87.69482012650285
tribes_fort-peck_Fort Peck,2025-06-01,84.97912027065323
tribes_fort-peck_Fort Peck,2025-07-01,91.39086843061366
tribes_fort-peck_Fort Peck,2025-08-01,91.70644614902244
tribes_fort-peck_Fort Peck,2025-09-01,90.38824020101738
tribes_fort-peck_Fort Peck,2025-10-01,83.82906094985161
tribes_northern-cheyenne_Northern Cheyenne,1979-01-01,89.75233834584554
tribes_northern-cheyenne_Northern Cheyenne,1979-02-01,87.78934516906739
tribes_northern-cheyenne_Northern Cheyenne,1979-03-01,89.92873624165853
tribes_northern-cheyenne_Northern Cheyenne,1979-04-01,85.1124724706014
tribes_northern-cheyenne_Northern Cheyenne,1979-05-01,85.64835993448894
tribes_northern-cheyenne_Northern Cheyenne,1979-06-01,84.78594468434652
tribes_northern-cheyenne_Northern Cheyenne,1979-07-01,82.78903210957846
tribes_northern-cheyenne_Northern Cheyenne,1979-08-01,79.95943539937338
tribes_northern-cheyenne_Northern Cheyenne,1979-09-01,78.30611101786296
tribes_northern-cheyenne_Northern Cheyenne,1979-10-01,79.84750003814698
tribes_northern-cheyenne_Northern Cheyenne,1979-11-01,84.5840274810791
tribes_northern-cheyenne_Northern Cheyenne,1979-12-01,85.76032263437907
tribes_northern-cheyenne_Northern Cheyenne,1980-01-01,82.06731192270915
tribes_northern-cheyenne_Northern Cheyenne,1980-02-01,86.53474127451578
tribes_northern-cheyenne_Northern Cheyenne,1980-03-01,90.19177443186442
tribes_northern-cheyenne_Northern Cheyenne,1980-04-01,73.43558327356975
tribes_northern-cheyenne_Northern Cheyenne,1980-05-01,79.49776871999104
tribes_northern-cheyenne_Northern Cheyenne,1980-06-01,88.05661118825277
tribes_northern-cheyenne_Northern Cheyenne,1980-07-01,75.82599458694457
tribes_northern-cheyenne_Northern Cheyenne,1980-08-01,80.20083363850911
tribes_northern-cheyenne_Northern Cheyenne,1980-09-01,79.69722239176433
tribes_northern-cheyenne_Northern Cheyenne,1980-10-01,74.28212407430013
tribes_northern-cheyenne_Northern Cheyenne,1980-11-01,78.6606115023295
tribes_northern-cheyenne_Northern Cheyenne,1980-12-01,73.99709695180258
tribes_northern-cheyenne_Northern Cheyenne,1981-01-01,83.94188168843587
tribes_northern-cheyenne_Northern Cheyenne,1981-02-01,80.76422580083211
tribes_northern-cheyenne_Northern Cheyenne,1981-03-01,78.23266150156657
tribes_northern-cheyenne_Northern Cheyenne,1981-04-01,71.88358354568481
tribes_northern-cheyenne_Northern Cheyenne,1981-05-01,87.55897833506266
tribes_northern-cheyenne_Northern Cheyenne,1981-06-01,86.72700010935465
tribes_northern-cheyenne_Northern Cheyenne,1981-07-01,75.25473159154257
tribes_northern-cheyenne_Northern Cheyenne,1981-08-01,85.31252670288086
tribes_northern-cheyenne_Northern Cheyenne,1981-09-01,72.14300003051758
tribes_northern-cheyenne_Northern Cheyenne,1981-10-01,86.65793011983236
tribes_northern-cheyenne_Northern Cheyenne,1981-11-01,86.4759999593099
tribes_northern-cheyenne_Northern Cheyenne,1981-12-01,83.16981169382731
tribes_northern-cheyenne_Northern Cheyenne,1982-01-01,73.18701604207357
tribes_northern-cheyenne_Northern Cheyenne,1982-02-01,77.23116051355997
tribes_northern-cheyenne_Northern Cheyenne,1982-03-01,86.38051064809163
tribes_northern-cheyenne_Northern Cheyenne,1982-04-01,78.99413916269938
tribes_northern-cheyenne_Northern Cheyenne,1982-05-01,83.8446772257487
tribes_northern-cheyenne_Northern Cheyenne,1982-06-01,92.99108378092448
tribes_northern-cheyenne_Northern Cheyenne,1982-07-01,86.51830628712972
tribes_northern-cheyenne_Northern Cheyenne,1982-08-01,79.75596783955892
tribes_northern-cheyenne_Northern Cheyenne,1982-09-01,81.15549964904785
tribes_northern-cheyenne_Northern Cheyenne,1982-10-01,88.01198914845784
tribes_northern-cheyenne_Northern Cheyenne,1982-11-01,85.2494441986084
tribes_northern-cheyenne_Northern Cheyenne,1982-12-01,91.1036558787028
tribes_northern-cheyenne_Northern Cheyenne,1983-01-01,90.76505387624105
tribes_northern-cheyenne_Northern Cheyenne,1983-02-01,86.80336303710938
tribes_northern-cheyenne_Northern Cheyenne,1983-03-01,88.08639793395996
tribes_northern-cheyenne_Northern Cheyenne,1983-04-01,82.32694473266602
tribes_northern-cheyenne_Northern Cheyenne,1983-05-01,85.06704273223878
tribes_northern-cheyenne_Northern Cheyenne,1983-06-01,90.7575558980306
tribes_northern-cheyenne_Northern Cheyenne,1983-07-01,82.95513445536295
tribes_northern-cheyenne_Northern Cheyenne,1983-08-01,76.74567174911499
tribes_northern-cheyenne_Northern Cheyenne,1983-09-01,75.00994440714518
tribes_northern-cheyenne_Northern Cheyenne,1983-10-01,85.52298380533854
tribes_northern-cheyenne_Northern Cheyenne,1983-11-01,86.49672203063965
tribes_northern-cheyenne_Northern Cheyenne,1983-12-01,79.90709689458211
tribes_northern-cheyenne_Northern Cheyenne,1984-01-01,82.6176344871521
tribes_northern-cheyenne_Northern Cheyenne,1984-02-01,87.791322072347
tribes_northern-cheyenne_Northern Cheyenne,1984-03-01,88.96438166300456
tribes_northern-cheyenne_Northern Cheyenne,1984-04-01,82.1834166208903
tribes_northern-cheyenne_Northern Cheyenne,1984-05-01,77.05790322621664
tribes_northern-cheyenne_Northern Cheyenne,1984-06-01,84.49130573272706
tribes_northern-cheyenne_Northern Cheyenne,1984-07-01,75.29559135437012
tribes_northern-cheyenne_Northern Cheyenne,1984-08-01,73.1269892056783
tribes_northern-cheyenne_Northern Cheyenne,1984-09-01,78.58344440460205
tribes_northern-cheyenne_Northern Cheyenne,1984-10-01,83.77244606018067
tribes_northern-cheyenne_Northern Cheyenne,1984-11-01,84.25005544026693
tribes_northern-cheyenne_Northern Cheyenne,1984-12-01,89.6151881535848
tribes_northern-cheyenne_Northern Cheyenne,1985-01-01,90.95672022501627
tribes_northern-cheyenne_Northern Cheyenne,1985-02-01,81.7827086130778
tribes_northern-cheyenne_Northern Cheyenne,1985-03-01,86.68957004547119
tribes_northern-cheyenne_Northern Cheyenne,1985-04-01,74.17497215270996
tribes_northern-cheyenne_Northern Cheyenne,1985-05-01,75.5
tribes_northern-cheyenne_Northern Cheyenne,1985-06-01,75.90930550893148
tribes_northern-cheyenne_Northern Cheyenne,1985-07-01,69.55631726582845
tribes_northern-cheyenne_Northern Cheyenne,1985-08-01,80.57664000193277
tribes_northern-cheyenne_Northern Cheyenne,1985-09-01,84.2500831604004
tribes_northern-cheyenne_Northern Cheyenne,1985-10-01,78.44491923650106
tribes_northern-cheyenne_Northern Cheyenne,1985-11-01,82.01555557250977
tribes_northern-cheyenne_Northern Cheyenne,1985-12-01,84.71301097869873
tribes_northern-cheyenne_Northern Cheyenne,1986-01-01,85.33994649251302
tribes_northern-cheyenne_Northern Cheyenne,1986-02-01,84.5789286295573
tribes_northern-cheyenne_Northern Cheyenne,1986-03-01,84.48911266326904
tribes_northern-cheyenne_Northern Cheyenne,1986-04-01,84.38502775828043
tribes_northern-cheyenne_Northern Cheyenne,1986-05-01,82.32158641815185
tribes_northern-cheyenne_Northern Cheyenne,1986-06-01,81.16441669464112
tribes_northern-cheyenne_Northern Cheyenne,1986-07-01,79.75881735483806
tribes_northern-cheyenne_Northern Cheyenne,1986-08-01,76.75908638636271
tribes_northern-cheyenne_Northern Cheyenne,1986-09-01,85.7080275853475
tribes_northern-cheyenne_Northern Cheyenne,1986-10-01,84.76733894348145
tribes_northern-cheyenne_Northern Cheyenne,1986-11-01,82.75413926442464
tribes_northern-cheyenne_Northern Cheyenne,1986-12-01,86.37965075174968
tribes_northern-cheyenne_Northern Cheyenne,1987-01-01,82.4177687327067
tribes_northern-cheyenne_Northern Cheyenne,1987-02-01,84.52996997833252
tribes_northern-cheyenne_Northern Cheyenne,1987-03-01,87.91817194620768
tribes_northern-cheyenne_Northern Cheyenne,1987-04-01,74.07447249094645
tribes_northern-cheyenne_Northern Cheyenne,1987-05-01,82.28588733673095
tribes_northern-cheyenne_Northern Cheyenne,1987-06-01,78.30933354695638
tribes_northern-cheyenne_Northern Cheyenne,1987-07-01,81.23903217315674
tribes_northern-cheyenne_Northern Cheyenne,1987-08-01,78.48524188995361
tribes_northern-cheyenne_Northern Cheyenne,1987-09-01,80.15616664886474
tribes_northern-cheyenne_Northern Cheyenne,1987-10-01,74.52491916020712
tribes_northern-cheyenne_Northern Cheyenne,1987-11-01,84.81677748362223
tribes_northern-cheyenne_Northern Cheyenne,1987-12-01,80.33838710784912
tribes_northern-cheyenne_Northern Cheyenne,1988-01-01,83.85653247833253
tribes_northern-cheyenne_Northern Cheyenne,1988-02-01,79.52781613667806
tribes_northern-cheyenne_Northern Cheyenne,1988-03-01,75.55768807729085
tribes_northern-cheyenne_Northern Cheyenne,1988-04-01,70.0148889541626
tribes_northern-cheyenne_Northern Cheyenne,1988-05-01,73.3665589014689
tribes_northern-cheyenne_Northern Cheyenne,1988-06-01,65.75636126200358
tribes_northern-cheyenne_Northern Cheyenne,1988-07-01,63.90008071263631
tribes_northern-cheyenne_Northern Cheyenne,1988-08-01,65.57357517878215
tribes_northern-cheyenne_Northern Cheyenne,1988-09-01,71.97194423675538
tribes_northern-cheyenne_Northern Cheyenne,1988-10-01,76.83989245096842
tribes_northern-cheyenne_Northern Cheyenne,1988-11-01,81.6124724706014
tribes_northern-cheyenne_Northern Cheyenne,1988-12-01,83.13086001078288
tribes_northern-cheyenne_Northern Cheyenne,1989-01-01,88.45647818247477
tribes_northern-cheyenne_Northern Cheyenne,1989-02-01,75.12336301803589
tribes_northern-cheyenne_Northern Cheyenne,1989-03-01,84.57370936075846
tribes_northern-cheyenne_Northern Cheyenne,1989-04-01,77.16763877868652
tribes_northern-cheyenne_Northern Cheyenne,1989-05-01,78.65903193155924
tribes_northern-cheyenne_Northern Cheyenne,1989-06-01,87.7824167251587
tribes_northern-cheyenne_Northern Cheyenne,1989-07-01,74.09518826802572
tribes_northern-cheyenne_Northern Cheyenne,1989-08-01,84.81537679036458
tribes_northern-cheyenne_Northern Cheyenne,1989-09-01,84.25866673787435
tribes_northern-cheyenne_Northern Cheyenne,1989-10-01,84.97150522867838
tribes_northern-cheyenne_Northern Cheyenne,1989-11-01,84.71438910166422
tribes_northern-cheyenne_Northern Cheyenne,1989-12-01,83.93354848225911
tribes_northern-cheyenne_Northern Cheyenne,1990-01-01,88.05513445536296
tribes_northern-cheyenne_Northern Cheyenne,1990-02-01,84.83574390411377
tribes_northern-cheyenne_Northern Cheyenne,1990-03-01,88.55543003082275
tribes_northern-cheyenne_Northern Cheyenne,1990-04-01,87.89736099243164
tribes_northern-cheyenne_Northern Cheyenne,1990-05-01,84.01080640157063
tribes_northern-cheyenne_Northern Cheyenne,1990-06-01,82.42047214508057
tribes_northern-cheyenne_Northern Cheyenne,1990-07-01,80.61510728200277
tribes_northern-cheyenne_Northern Cheyenne,1990-08-01,82.29591375986735
tribes_northern-cheyenne_Northern Cheyenne,1990-09-01,73.74658349355062
tribes_northern-cheyenne_Northern Cheyenne,1990-10-01,82.40478496551513
tribes_northern-cheyenne_Northern Cheyenne,1990-11-01,82.53758335113525
tribes_northern-cheyenne_Northern Cheyenne,1990-12-01,81.39709679285686
tribes_northern-cheyenne_Northern Cheyenne,1991-01-01,88.99975802103678
tribes_northern-cheyenne_Northern Cheyenne,1991-02-01,88.98872000376383
tribes_northern-cheyenne_Northern Cheyenne,1991-03-01,87.37252712249756
tribes_northern-cheyenne_Northern Cheyenne,1991-04-01,85.82633323669434
tribes_northern-cheyenne_Northern Cheyenne,1991-05-01,89.81357491811117
tribes_northern-cheyenne_Northern Cheyenne,1991-06-01,92.58222204844157
tribes_northern-cheyenne_Northern Cheyenne,1991-07-01,83.16841398874918
tribes_northern-cheyenne_Northern Cheyenne,1991-08-01,76.94551070531209
tribes_northern-cheyenne_Northern Cheyenne,1991-09-01,78.72372213999431
tribes_northern-cheyenne_Northern Cheyenne,1991-10-01,77.96018822987874
tribes_northern-cheyenne_Northern Cheyenne,1991-11-01,89.37005583445232
tribes_northern-cheyenne_Northern Cheyenne,1991-12-01,86.94639790852865
tribes_northern-cheyenne_Northern Cheyenne,1992-01-01,87.68591397603353
tribes_northern-cheyenne_Northern Cheyenne,1992-02-01,84.83755760192871
tribes_northern-cheyenne_Northern Cheyenne,1992-03-01,81.34475803375244
tribes_northern-cheyenne_Northern Cheyenne,1992-04-01,81.0268611907959
tribes_northern-cheyenne_Northern Cheyenne,1992-05-01,80.18180122375489
tribes_northern-cheyenne_Northern Cheyenne,1992-06-01,87.680694580078125
tribes_northern-cheyenne_Northern Cheyenne,1992-07-01,88.49134387969971
tribes_northern-cheyenne_Northern Cheyenne,1992-08-01,80.7198387145996
tribes_northern-cheyenne_Northern Cheyenne,1992-09-01,76.49869470596313
tribes_northern-cheyenne_Northern Cheyenne,1992-10-01,79.41387055714925
tribes_northern-cheyenne_Northern Cheyenne,1992-11-01,88.6892225265503
tribes_northern-cheyenne_Northern Cheyenne,1992-12-01,85.28580665588379
tribes_northern-cheyenne_Northern Cheyenne,1993-01-01,92.97481206258138
tribes_northern-cheyenne_Northern Cheyenne,1993-02-01,93.17434508005778
tribes_northern-cheyenne_Northern Cheyenne,1993-03-01,87.65903224945069
tribes_northern-cheyenne_Northern Cheyenne,1993-04-01,88.8324722925822
tribes_northern-cheyenne_Northern Cheyenne,1993-05-01,84.77755444844564
tribes_northern-cheyenne_Northern Cheyenne,1993-06-01,86.16622231801351
tribes_northern-cheyenne_Northern Cheyenne,1993-07-01,92.80776907602946
tribes_northern-cheyenne_Northern Cheyenne,1993-08-01,88.05771528879801
tribes_northern-cheyenne_Northern Cheyenne,1993-09-01,84.78613878885905
tribes_northern-cheyenne_Northern Cheyenne,1993-10-01,83.88626340230306
tribes_northern-cheyenne_Northern Cheyenne,1993-11-01,84.37133324941
tribes_northern-cheyenne_Northern Cheyenne,1993-12-01,84.71768798828126
tribes_northern-cheyenne_Northern Cheyenne,1994-01-01,90.19139773050944
tribes_northern-cheyenne_Northern Cheyenne,1994-02-01,85.12800572713216
tribes_northern-cheyenne_Northern Cheyenne,1994-03-01,80.87572600046794
tribes_northern-cheyenne_Northern Cheyenne,1994-04-01,80.03733310699462
tribes_northern-cheyenne_Northern Cheyenne,1994-05-01,79.28591403961181
tribes_northern-cheyenne_Northern Cheyenne,1994-06-01,78.26258335113525
tribes_northern-cheyenne_Northern Cheyenne,1994-07-01,76.16201610565186
tribes_northern-cheyenne_Northern Cheyenne,1994-08-01,74.07432810465495
tribes_northern-cheyenne_Northern Cheyenne,1994-09-01,72.4837500890096
tribes_northern-cheyenne_Northern Cheyenne,1994-10-01,83.58137067159016
tribes_northern-cheyenne_Northern Cheyenne,1994-11-01,87.55480569203695
tribes_northern-cheyenne_Northern Cheyenne,1994-12-01,84.40849469502767
tribes_northern-cheyenne_Northern Cheyenne,1995-01-01,87.09252681732178
tribes_northern-cheyenne_Northern Cheyenne,1995-02-01,75.95648778279623
tribes_northern-cheyenne_Northern Cheyenne,1995-03-01,83.99177417755126
tribes_northern-cheyenne_Northern Cheyenne,1995-04-01,86.53247261047363
tribes_northern-cheyenne_Northern Cheyenne,1995-05-01,89.48755366007487
tribes_northern-cheyenne_Northern Cheyenne,1995-06-01,88.99027824401855
tribes_northern-cheyenne_Northern Cheyenne,1995-07-01,87.61647853851318
tribes_northern-cheyenne_Northern Cheyenne,1995-08-01,74.9032525698344
tribes_northern-cheyenne_Northern Cheyenne,1995-09-01,79.42108319600423
tribes_northern-cheyenne_Northern Cheyenne,1995-10-01,80.44201596577962
tribes_northern-cheyenne_Northern Cheyenne,1995-11-01,82.55550015767416
tribes_northern-cheyenne_Northern Cheyenne,1995-12-01,81.82013451258341
tribes_northern-cheyenne_Northern Cheyenne,1996-01-01,83.0029301961263
tribes_northern-cheyenne_Northern Cheyenne,1996-02-01,76.87830441792806
tribes_northern-cheyenne_Northern Cheyenne,1996-03-01,83.51129029591878
tribes_northern-cheyenne_Northern Cheyenne,1996-04-01,75.81183344523112
tribes_northern-cheyenne_Northern Cheyenne,1996-05-01,87.10102157592773
tribes_northern-cheyenne_Northern Cheyenne,1996-06-01,80.92894433339437
tribes_northern-cheyenne_Northern Cheyenne,1996-07-01,77.6583064397176
tribes_northern-cheyenne_Northern Cheyenne,1996-08-01,72.04274171193441
tribes_northern-cheyenne_Northern Cheyenne,1996-09-01,78.3700553894043
tribes_northern-cheyenne_Northern Cheyenne,1996-10-01,80.94513422648112
tribes_northern-cheyenne_Northern Cheyenne,1996-11-01,87.8058889389038
tribes_northern-cheyenne_Northern Cheyenne,1996-12-01,88.84897867838542
tribes_northern-cheyenne_Northern Cheyenne,1997-01-01,87.71295706431071
tribes_northern-cheyenne_Northern Cheyenne,1997-02-01,92.53702386220296
tribes_northern-cheyenne_Northern Cheyenne,1997-03-01,81.09822578430176
tribes_northern-cheyenne_Northern Cheyenne,1997-04-01,81.96455567677816
tribes_northern-cheyenne_Northern Cheyenne,1997-05-01,76.64846769968669
tribes_northern-cheyenne_Northern Cheyenne,1997-06-01,86.42816670735677
tribes_northern-cheyenne_Northern Cheyenne,1997-07-01,82.57473125457764
tribes_northern-cheyenne_Northern Cheyenne,1997-08-01,82.58282273610433
tribes_northern-cheyenne_Northern Cheyenne,1997-09-01,81.3866668065389
tribes_northern-cheyenne_Northern Cheyenne,1997-10-01,81.61752694447836
tribes_northern-cheyenne_Northern Cheyenne,1997-11-01,83.76177768707275
tribes_northern-cheyenne_Northern Cheyenne,1997-12-01,87.91059163411458
tribes_northern-cheyenne_Northern Cheyenne,1998-01-01,87.60198936462402
tribes_northern-cheyenne_Northern Cheyenne,1998-02-01,89.37529754638672
tribes_northern-cheyenne_Northern Cheyenne,1998-03-01,90.21639779408773
tribes_northern-cheyenne_Northern Cheyenne,1998-04-01,85.42213904062906
tribes_northern-cheyenne_Northern Cheyenne,1998-05-01,79.35540323257446
tribes_northern-cheyenne_Northern Cheyenne,1998-06-01,90.64650007883708
tribes_northern-cheyenne_Northern Cheyenne,1998-07-01,81.77287629445394
tribes_northern-cheyenne_Northern Cheyenne,1998-08-01,80.59220403035482
tribes_northern-cheyenne_Northern Cheyenne,1998-09-01,80.06994438171387
tribes_northern-cheyenne_Northern Cheyenne,1998-10-01,85.75397841135661
tribes_northern-cheyenne_Northern Cheyenne,1998-11-01,83.42108383178712
tribes_northern-cheyenne_Northern Cheyenne,1998-12-01,76.05212338765462
tribes_northern-cheyenne_Northern Cheyenne,1999-01-01,86.89852155049643
tribes_northern-cheyenne_Northern Cheyenne,1999-02-01,77.15967241923015
tribes_northern-cheyenne_Northern Cheyenne,1999-03-01,76.64852161407471
tribes_northern-cheyenne_Northern Cheyenne,1999-04-01,78.52788899739583
tribes_northern-cheyenne_Northern Cheyenne,1999-05-01,82.19768810272217
tribes_northern-cheyenne_Northern Cheyenne,1999-06-01,88.02133337656657
tribes_northern-cheyenne_Northern Cheyenne,1999-07-01,77.5186559677124
tribes_northern-cheyenne_Northern Cheyenne,1999-08-01,79.47720425923666
tribes_northern-cheyenne_Northern Cheyenne,1999-09-01,80.0989164352417
tribes_northern-cheyenne_Northern Cheyenne,1999-10-01,75.06446259816488
tribes_northern-cheyenne_Northern Cheyenne,1999-11-01,69.18774964014689
tribes_northern-cheyenne_Northern Cheyenne,1999-12-01,80.41723054250082
tribes_northern-cheyenne_Northern Cheyenne,2000-01-01,90.84217758178711
tribes_northern-cheyenne_Northern Cheyenne,2000-02-01,90.25431016286214
tribes_northern-cheyenne_Northern Cheyenne,2000-03-01,81.30056438446044
tribes_northern-cheyenne_Northern Cheyenne,2000-04-01,79.70827763875326
tribes_northern-cheyenne_Northern Cheyenne,2000-05-01,83.87991930643717
tribes_northern-cheyenne_Northern Cheyenne,2000-06-01,84.81397221883138
tribes_northern-cheyenne_Northern Cheyenne,2000-07-01,77.28612925211588
tribes_northern-cheyenne_Northern Cheyenne,2000-08-01,68.04086055755616
tribes_northern-cheyenne_Northern Cheyenne,2000-09-01,77.4977497736613
tribes_northern-cheyenne_Northern Cheyenne,2000-10-01,81.82774181365967
tribes_northern-cheyenne_Northern Cheyenne,2000-11-01,90.61661148071289
tribes_northern-cheyenne_Northern Cheyenne,2000-12-01,90.84118283589682
tribes_northern-cheyenne_Northern Cheyenne,2001-01-01,91.20653247833252
tribes_northern-cheyenne_Northern Cheyenne,2001-02-01,91.89764874776205
tribes_northern-cheyenne_Northern Cheyenne,2001-03-01,88.68830687204996
tribes_northern-cheyenne_Northern Cheyenne,2001-04-01,80.0659168879191
tribes_northern-cheyenne_Northern Cheyenne,2001-05-01,67.36131715774536
tribes_northern-cheyenne_Northern Cheyenne,2001-06-01,80.91519438425699
tribes_northern-cheyenne_Northern Cheyenne,2001-07-01,83.01618245442708
tribes_northern-cheyenne_Northern Cheyenne,2001-08-01,65.5908873240153
tribes_northern-cheyenne_Northern Cheyenne,2001-09-01,74.97291692097981
tribes_northern-cheyenne_Northern Cheyenne,2001-10-01,76.25618292490641
tribes_northern-cheyenne_Northern Cheyenne,2001-11-01,78.45133326848348
tribes_northern-cheyenne_Northern Cheyenne,2001-12-01,85.09215087890625
tribes_northern-cheyenne_Northern Cheyenne,2002-01-01,81.17846806844075
tribes_northern-cheyenne_Northern Cheyenne,2002-02-01,84.5188985188802
tribes_northern-cheyenne_Northern Cheyenne,2002-03-01,86.135564549764
tribes_northern-cheyenne_Northern Cheyenne,2002-04-01,82.04527791341145
tribes_northern-cheyenne_Northern Cheyenne,2002-05-01,74.71118313471476
tribes_northern-cheyenne_Northern Cheyenne,2002-06-01,77.94174995422364
tribes_northern-cheyenne_Northern Cheyenne,2002-07-01,69.9859141031901
tribes_northern-cheyenne_Northern Cheyenne,2002-08-01,77.9749462445577
tribes_northern-cheyenne_Northern Cheyenne,2002-09-01,76.72977794011435
tribes_northern-cheyenne_Northern Cheyenne,2002-10-01,86.20900541941324
tribes_northern-cheyenne_Northern Cheyenne,2002-11-01,80.35666691462198
tribes_northern-cheyenne_Northern Cheyenne,2002-12-01,86.36204325358072
tribes_northern-cheyenne_Northern Cheyenne,2003-01-01,84.71454327901205
tribes_northern-cheyenne_Northern Cheyenne,2003-02-01,91.23386878967285
tribes_northern-cheyenne_Northern Cheyenne,2003-03-01,83.31585998535157
tribes_northern-cheyenne_Northern Cheyenne,2003-04-01,77.66352806091308
tribes_northern-cheyenne_Northern Cheyenne,2003-05-01,82.28349456787109
tribes_northern-cheyenne_Northern Cheyenne,2003-06-01,84.6632776260376
tribes_northern-cheyenne_Northern Cheyenne,2003-07-01,65.26131715774537
tribes_northern-cheyenne_Northern Cheyenne,2003-08-01,68.66129029591879
tribes_northern-cheyenne_Northern Cheyenne,2003-09-01,77.02988926569621
tribes_northern-cheyenne_Northern Cheyenne,2003-10-01,67.25994640986124
tribes_northern-cheyenne_Northern Cheyenne,2003-11-01,84.8767497698466
tribes_northern-cheyenne_Northern Cheyenne,2003-12-01,88.85158557891846
tribes_northern-cheyenne_Northern Cheyenne,2004-01-01,83.04733861287436
tribes_northern-cheyenne_Northern Cheyenne,2004-02-01,88.35655193328857
tribes_northern-cheyenne_Northern Cheyenne,2004-03-01,74.4520967165629
tribes_northern-cheyenne_Northern Cheyenne,2004-04-01,80.68705571492514
tribes_northern-cheyenne_Northern Cheyenne,2004-05-01,79.7138708114624
tribes_northern-cheyenne_Northern Cheyenne,2004-06-01,78.25416679382325
tribes_northern-cheyenne_Northern Cheyenne,2004-07-01,75.90292987823486
tribes_northern-cheyenne_Northern Cheyenne,2004-08-01,76.30196215311686
tribes_northern-cheyenne_Northern Cheyenne,2004-09-01,78.75863908131917
tribes_northern-cheyenne_Northern Cheyenne,2004-10-01,82.85801080067952
tribes_northern-cheyenne_Northern Cheyenne,2004-11-01,81.44941670099894
tribes_northern-cheyenne_Northern Cheyenne,2004-12-01,76.29696232477824
tribes_northern-cheyenne_Northern Cheyenne,2005-01-01,82.99099496205648
tribes_northern-cheyenne_Northern Cheyenne,2005-02-01,78.35863107045492
tribes_northern-cheyenne_Northern Cheyenne,2005-03-01,80.7083335240682
tribes_northern-cheyenne_Northern Cheyenne,2005-04-01,76.80097255706787
tribes_northern-cheyenne_Northern Cheyenne,2005-05-01,83.11827958424887
tribes_northern-cheyenne_Northern Cheyenne,2005-06-01,87.15747191111247
tribes_northern-cheyenne_Northern Cheyenne,2005-07-01,69.5887633005778
tribes_northern-cheyenne_Northern Cheyenne,2005-08-01,73.39803762435913
tribes_northern-cheyenne_Northern Cheyenne,2005-09-01,70.90475015640259
tribes_northern-cheyenne_Northern Cheyenne,2005-10-01,86.10139770507813
tribes_northern-cheyenne_Northern Cheyenne,2005-11-01,83.78266646067301
tribes_northern-cheyenne_Northern Cheyenne,2005-12-01,86.00443522135417
tribes_northern-cheyenne_Northern Cheyenne,2006-01-01,80.3151346842448
tribes_northern-cheyenne_Northern Cheyenne,2006-02-01,74.5032735188802
tribes_northern-cheyenne_Northern Cheyenne,2006-03-01,81.99389788309733
tribes_northern-cheyenne_Northern Cheyenne,2006-04-01,79.17136096954346
tribes_northern-cheyenne_Northern Cheyenne,2006-05-01,76.72190869649252
tribes_northern-cheyenne_Northern Cheyenne,2006-06-01,71.35261122385661
tribes_northern-cheyenne_Northern Cheyenne,2006-07-01,60.77991959253947
tribes_northern-cheyenne_Northern Cheyenne,2006-08-01,62.81543010075887
tribes_northern-cheyenne_Northern Cheyenne,2006-09-01,75.8198335647583
tribes_northern-cheyenne_Northern Cheyenne,2006-10-01,85.26564566294353
tribes_northern-cheyenne_Northern Cheyenne,2006-11-01,77.18158299128214
tribes_northern-cheyenne_Northern Cheyenne,2006-12-01,80.22975816726685
tribes_northern-cheyenne_Northern Cheyenne,2007-01-01,81.81381702423096
tribes_northern-cheyenne_Northern Cheyenne,2007-02-01,90.28443444569906
tribes_northern-cheyenne_Northern Cheyenne,2007-03-01,79.34411271413167
tribes_northern-cheyenne_Northern Cheyenne,2007-04-01,81.89547233581543
tribes_northern-cheyenne_Northern Cheyenne,2007-05-01,80.31478474934896
tribes_northern-cheyenne_Northern Cheyenne,2007-06-01,74.09047222137451
tribes_northern-cheyenne_Northern Cheyenne,2007-07-01,69.67736568450928
tribes_northern-cheyenne_Northern Cheyenne,2007-08-01,68.0458062171936
tribes_northern-cheyenne_Northern Cheyenne,2007-09-01,74.71822236378988
tribes_northern-cheyenne_Northern Cheyenne,2007-10-01,83.45397866566977
tribes_northern-cheyenne_Northern Cheyenne,2007-11-01,77.33366673787435
tribes_northern-cheyenne_Northern Cheyenne,2007-12-01,86.80204277038574
tribes_northern-cheyenne_Northern Cheyenne,2008-01-01,87.66378981272379
tribes_northern-cheyenne_Northern Cheyenne,2008-02-01,91.51514358520508
tribes_northern-cheyenne_Northern Cheyenne,2008-03-01,85.04978504180909
tribes_northern-cheyenne_Northern Cheyenne,2008-04-01,79.2984167734782
tribes_northern-cheyenne_Northern Cheyenne,2008-05-01,81.65370985666911
tribes_northern-cheyenne_Northern Cheyenne,2008-06-01,82.05294418334961
tribes_northern-cheyenne_Northern Cheyenne,2008-07-01,69.89252735773722
tribes_northern-cheyenne_Northern Cheyenne,2008-08-01,67.29513467152914
tribes_northern-cheyenne_Northern Cheyenne,2008-09-01,77.89847240447997
tribes_northern-cheyenne_Northern Cheyenne,2008-10-01,78.19215056101481
tribes_northern-cheyenne_Northern Cheyenne,2008-11-01,85.57950000762939
tribes_northern-cheyenne_Northern Cheyenne,2008-12-01,85.97852141062418
tribes_northern-cheyenne_Northern Cheyenne,2009-01-01,83.50588671366374
tribes_northern-cheyenne_Northern Cheyenne,2009-02-01,84.91440512339274
tribes_northern-cheyenne_Northern Cheyenne,2009-03-01,84.31905930836996
tribes_northern-cheyenne_Northern Cheyenne,2009-04-01,83.51141688028972
tribes_northern-cheyenne_Northern Cheyenne,2009-05-01,77.02395184834798
tribes_northern-cheyenne_Northern Cheyenne,2009-06-01,84.05186131795247
tribes_northern-cheyenne_Northern Cheyenne,2009-07-01,79.8153761545817
tribes_northern-cheyenne_Northern Cheyenne,2009-08-01,79.63860200246175
tribes_northern-cheyenne_Northern Cheyenne,2009-09-01,75.4305555343628
tribes_northern-cheyenne_Northern Cheyenne,2009-10-01,87.91258074442545
tribes_northern-cheyenne_Northern Cheyenne,2009-11-01,81.51799996693929
tribes_northern-cheyenne_Northern Cheyenne,2009-12-01,88.46771532694498
tribes_northern-cheyenne_Northern Cheyenne,2010-01-01,86.66102155049641
tribes_northern-cheyenne_Northern Cheyenne,2010-02-01,92.09523804982503
tribes_northern-cheyenne_Northern Cheyenne,2010-03-01,77.0260212580363
tribes_northern-cheyenne_Northern Cheyenne,2010-04-01,76.1883056640625
tribes_northern-cheyenne_Northern Cheyenne,2010-05-01,80.82225805918375
tribes_northern-cheyenne_Northern Cheyenne,2010-06-01,81.01127783457439
tribes_northern-cheyenne_Northern Cheyenne,2010-07-01,73.30387077331542
tribes_northern-cheyenne_Northern Cheyenne,2010-08-01,69.6852957725525
tribes_northern-cheyenne_Northern Cheyenne,2010-09-01,80.6258887608846
tribes_northern-cheyenne_Northern Cheyenne,2010-10-01,70.82725836435954
tribes_northern-cheyenne_Northern Cheyenne,2010-11-01,81.58658326466879
tribes_northern-cheyenne_Northern Cheyenne,2010-12-01,86.67457002003988
tribes_northern-cheyenne_Northern Cheyenne,2011-01-01,91.82672023773193
tribes_northern-cheyenne_Northern Cheyenne,2011-02-01,88.24196434020996
tribes_northern-cheyenne_Northern Cheyenne,2011-03-01,86.22287610371907
tribes_northern-cheyenne_Northern Cheyenne,2011-04-01,84.61588891347249
tribes_northern-cheyenne_Northern Cheyenne,2011-05-01,89.97475783030193
tribes_northern-cheyenne_Northern Cheyenne,2011-06-01,91.82363866170247
tribes_northern-cheyenne_Northern Cheyenne,2011-07-01,80.93389828999837
tribes_northern-cheyenne_Northern Cheyenne,2011-08-01,71.55733804702759
tribes_northern-cheyenne_Northern Cheyenne,2011-09-01,68.0439169883728
tribes_northern-cheyenne_Northern Cheyenne,2011-10-01,71.47854839960733
tribes_northern-cheyenne_Northern Cheyenne,2011-11-01,76.68608353932699
tribes_northern-cheyenne_Northern Cheyenne,2011-12-01,83.94739252726237
tribes_northern-cheyenne_Northern Cheyenne,2012-01-01,75.03723125457763
tribes_northern-cheyenne_Northern Cheyenne,2012-02-01,83.58074709574382
tribes_northern-cheyenne_Northern Cheyenne,2012-03-01,68.3284678141276
tribes_northern-cheyenne_Northern Cheyenne,2012-04-01,71.1780834197998
tribes_northern-cheyenne_Northern Cheyenne,2012-05-01,71.7210479736328
tribes_northern-cheyenne_Northern Cheyenne,2012-06-01,69.07494487762452
tribes_northern-cheyenne_Northern Cheyenne,2012-07-01,59.46588710149129
tribes_northern-cheyenne_Northern Cheyenne,2012-08-01,58.137553946177164
tribes_northern-cheyenne_Northern Cheyenne,2012-09-01,56.71802778244019
tribes_northern-cheyenne_Northern Cheyenne,2012-10-01,81.99314492543539
tribes_northern-cheyenne_Northern Cheyenne,2012-11-01,79.0598889350891
tribes_northern-cheyenne_Northern Cheyenne,2012-12-01,81.48021532694499
tribes_northern-cheyenne_Northern Cheyenne,2013-01-01,90.48080609639486
tribes_northern-cheyenne_Northern Cheyenne,2013-02-01,90.01264864603678
tribes_northern-cheyenne_Northern Cheyenne,2013-03-01,86.4473923365275
tribes_northern-cheyenne_Northern Cheyenne,2013-04-01,82.95458329518637
tribes_northern-cheyenne_Northern Cheyenne,2013-05-01,78.32177384694417
tribes_northern-cheyenne_Northern Cheyenne,2013-06-01,84.93133347829183
tribes_northern-cheyenne_Northern Cheyenne,2013-07-01,84.02846794128418
tribes_northern-cheyenne_Northern Cheyenne,2013-08-01,73.26352157592774
tribes_northern-cheyenne_Northern Cheyenne,2013-09-01,79.02119445800781
tribes_northern-cheyenne_Northern Cheyenne,2013-10-01,88.73467737833658
tribes_northern-cheyenne_Northern Cheyenne,2013-11-01,82.29966659545899
tribes_northern-cheyenne_Northern Cheyenne,2013-12-01,94.26206957499186
tribes_northern-cheyenne_Northern Cheyenne,2014-01-01,80.5193551381429
tribes_northern-cheyenne_Northern Cheyenne,2014-02-01,88.51101201375326
tribes_northern-cheyenne_Northern Cheyenne,2014-03-01,85.15411256154378
tribes_northern-cheyenne_Northern Cheyenne,2014-04-01,82.67241655985514
tribes_northern-cheyenne_Northern Cheyenne,2014-05-01,86.57139765421549
tribes_northern-cheyenne_Northern Cheyenne,2014-06-01,85.19516658782959
tribes_northern-cheyenne_Northern Cheyenne,2014-07-01,79.99967727661132
tribes_northern-cheyenne_Northern Cheyenne,2014-08-01,85.00548369089762
tribes_northern-cheyenne_Northern Cheyenne,2014-09-01,85.06605574289958
tribes_northern-cheyenne_Northern Cheyenne,2014-10-01,82.657204691569
tribes_northern-cheyenne_Northern Cheyenne,2014-11-01,90.3297773996989
tribes_northern-cheyenne_Northern Cheyenne,2014-12-01,85.21397838592529
tribes_northern-cheyenne_Northern Cheyenne,2015-01-01,82.69720414479573
tribes_northern-cheyenne_Northern Cheyenne,2015-02-01,84.17041683197021
tribes_northern-cheyenne_Northern Cheyenne,2015-03-01,70.51879046758016
tribes_northern-cheyenne_Northern Cheyenne,2015-04-01,73.79605522155762
tribes_northern-cheyenne_Northern Cheyenne,2015-05-01,82.36440823872884
tribes_northern-cheyenne_Northern Cheyenne,2015-06-01,80.35669460296631
tribes_northern-cheyenne_Northern Cheyenne,2015-07-01,73.05744619369507
tribes_northern-cheyenne_Northern Cheyenne,2015-08-01,69.48583329518637
tribes_northern-cheyenne_Northern Cheyenne,2015-09-01,69.07233311335246
tribes_northern-cheyenne_Northern Cheyenne,2015-10-01,77.08685468037923
tribes_northern-cheyenne_Northern Cheyenne,2015-11-01,83.02513860066732
tribes_northern-cheyenne_Northern Cheyenne,2015-12-01,81.95287653605143
tribes_northern-cheyenne_Northern Cheyenne,2016-01-01,85.83059107462564
tribes_northern-cheyenne_Northern Cheyenne,2016-02-01,73.97181040445963
tribes_northern-cheyenne_Northern Cheyenne,2016-03-01,69.34182767868042
tribes_northern-cheyenne_Northern Cheyenne,2016-04-01,84.24258371988932
tribes_northern-cheyenne_Northern Cheyenne,2016-05-01,81.15599447886149
tribes_northern-cheyenne_Northern Cheyenne,2016-06-01,77.3472775141398
tribes_northern-cheyenne_Northern Cheyenne,2016-07-01,68.28241964975993
tribes_northern-cheyenne_Northern Cheyenne,2016-08-01,69.92532253265381
tribes_northern-cheyenne_Northern Cheyenne,2016-09-01,80.82866643269857
tribes_northern-cheyenne_Northern Cheyenne,2016-10-01,82.86809177398682
tribes_northern-cheyenne_Northern Cheyenne,2016-11-01,75.04852755864461
tribes_northern-cheyenne_Northern Cheyenne,2016-12-01,86.68309173583984
tribes_northern-cheyenne_Northern Cheyenne,2017-01-01,87.24190877278646
tribes_northern-cheyenne_Northern Cheyenne,2017-02-01,81.2079460144043
tribes_northern-cheyenne_Northern Cheyenne,2017-03-01,81.54384409586588
tribes_northern-cheyenne_Northern Cheyenne,2017-04-01,77.97011140187581
tribes_northern-cheyenne_Northern Cheyenne,2017-05-01,83.04755357106527
tribes_northern-cheyenne_Northern Cheyenne,2017-06-01,75.17894420623779
tribes_northern-cheyenne_Northern Cheyenne,2017-07-01,61.84357528686523
tribes_northern-cheyenne_Northern Cheyenne,2017-08-01,67.18728501001993
tribes_northern-cheyenne_Northern Cheyenne,2017-09-01,74.91255569458008
tribes_northern-cheyenne_Northern Cheyenne,2017-10-01,75.32330621083578
tribes_northern-cheyenne_Northern Cheyenne,2017-11-01,82.33472239176432
tribes_northern-cheyenne_Northern Cheyenne,2017-12-01,78.55387077331542
tribes_northern-cheyenne_Northern Cheyenne,2018-01-01,87.25177383422852
tribes_northern-cheyenne_Northern Cheyenne,2018-02-01,96.38107140858968
tribes_northern-cheyenne_Northern Cheyenne,2018-03-01,88.63932755788167
tribes_northern-cheyenne_Northern Cheyenne,2018-04-01,89.84883327484131
tribes_northern-cheyenne_Northern Cheyenne,2018-05-01,88.00072600046794
tribes_northern-cheyenne_Northern Cheyenne,2018-06-01,92.07947222391765
tribes_northern-cheyenne_Northern Cheyenne,2018-07-01,90.49317220052083
tribes_northern-cheyenne_Northern Cheyenne,2018-08-01,83.99260756174723
tribes_northern-cheyenne_Northern Cheyenne,2018-09-01,90.00911134084066
tribes_northern-cheyenne_Northern Cheyenne,2018-10-01,89.27556432088217
tribes_northern-cheyenne_Northern Cheyenne,2018-11-01,86.59758307139079
tribes_northern-cheyenne_Northern Cheyenne,2018-12-01,79.29217726389567
tribes_northern-cheyenne_Northern Cheyenne,2019-01-01,81.55989233652751
tribes_northern-cheyenne_Northern Cheyenne,2019-02-01,95.01488081614177
tribes_northern-cheyenne_Northern Cheyenne,2019-03-01,89.31879018147787
tribes_northern-cheyenne_Northern Cheyenne,2019-04-01,82.91152776082357
tribes_northern-cheyenne_Northern Cheyenne,2019-05-01,88.81336027781168
tribes_northern-cheyenne_Northern Cheyenne,2019-06-01,87.57644443511963
tribes_northern-cheyenne_Northern Cheyenne,2019-07-01,91.09548384348551
tribes_northern-cheyenne_Northern Cheyenne,2019-08-01,87.97758038838704
tribes_northern-cheyenne_Northern Cheyenne,2019-09-01,86.36955540974935
tribes_northern-cheyenne_Northern Cheyenne,2019-10-01,88.09626350402831
tribes_northern-cheyenne_Northern Cheyenne,2019-11-01,87.82286109924317
tribes_northern-cheyenne_Northern Cheyenne,2019-12-01,77.9390051205953
tribes_northern-cheyenne_Northern Cheyenne,2020-01-01,83.52338708241781
tribes_northern-cheyenne_Northern Cheyenne,2020-02-01,87.31959788004558
tribes_northern-cheyenne_Northern Cheyenne,2020-03-01,81.23639748891195
tribes_northern-cheyenne_Northern Cheyenne,2020-04-01,84.74452800750733
tribes_northern-cheyenne_Northern Cheyenne,2020-05-01,84.04698918660482
tribes_northern-cheyenne_Northern Cheyenne,2020-06-01,80.35416666666667
tribes_northern-cheyenne_Northern Cheyenne,2020-07-01,78.24387098948161
tribes_northern-cheyenne_Northern Cheyenne,2020-08-01,67.83897835413615
tribes_northern-cheyenne_Northern Cheyenne,2020-09-01,71.00249980290731
tribes_northern-cheyenne_Northern Cheyenne,2020-10-01,81.81370957692464
tribes_northern-cheyenne_Northern Cheyenne,2020-11-01,77.41966686248779
tribes_northern-cheyenne_Northern Cheyenne,2020-12-01,82.23067220052083
tribes_northern-cheyenne_Northern Cheyenne,2021-01-01,82.82970422108968
tribes_northern-cheyenne_Northern Cheyenne,2021-02-01,90.12178611755371
tribes_northern-cheyenne_Northern Cheyenne,2021-03-01,78.23284969329833
tribes_northern-cheyenne_Northern Cheyenne,2021-04-01,82.78561108907064
tribes_northern-cheyenne_Northern Cheyenne,2021-05-01,81.41276887257894
tribes_northern-cheyenne_Northern Cheyenne,2021-06-01,67.65502780278524
tribes_northern-cheyenne_Northern Cheyenne,2021-07-01,60.661989307403566
tribes_northern-cheyenne_Northern Cheyenne,2021-08-01,71.90782225926718
tribes_northern-cheyenne_Northern Cheyenne,2021-09-01,67.72127761840821
tribes_northern-cheyenne_Northern Cheyenne,2021-10-01,78.86494604746501
tribes_northern-cheyenne_Northern Cheyenne,2021-11-01,75.68427817026775
tribes_northern-cheyenne_Northern Cheyenne,2021-12-01,87.19016151428222
tribes_northern-cheyenne_Northern Cheyenne,2022-01-01,83.53422031402587
tribes_northern-cheyenne_Northern Cheyenne,2022-02-01,84.86422608693441
tribes_northern-cheyenne_Northern Cheyenne,2022-03-01,77.00311838785807
tribes_northern-cheyenne_Northern Cheyenne,2022-04-01,78.23405590057374
tribes_northern-cheyenne_Northern Cheyenne,2022-05-01,74.63784917195638
tribes_northern-cheyenne_Northern Cheyenne,2022-06-01,78.20108311971029
tribes_northern-cheyenne_Northern Cheyenne,2022-07-01,77.12137082417806
tribes_northern-cheyenne_Northern Cheyenne,2022-08-01,67.63341407775879
tribes_northern-cheyenne_Northern Cheyenne,2022-09-01,68.99605538050334
tribes_northern-cheyenne_Northern Cheyenne,2022-10-01,77.3698652267456
tribes_northern-cheyenne_Northern Cheyenne,2022-11-01,77.53780552546183
tribes_northern-cheyenne_Northern Cheyenne,2022-12-01,88.28045692443848
tribes_northern-cheyenne_Northern Cheyenne,2023-01-01,75.51803763707478
tribes_northern-cheyenne_Northern Cheyenne,2023-02-01,73.77532717386882
tribes_northern-cheyenne_Northern Cheyenne,2023-03-01,84.6002955754598
tribes_northern-cheyenne_Northern Cheyenne,2023-04-01,70.11069412231446
tribes_northern-cheyenne_Northern Cheyenne,2023-05-01,78.18077952067057
tribes_northern-cheyenne_Northern Cheyenne,2023-06-01,84.74555530548096
tribes_northern-cheyenne_Northern Cheyenne,2023-07-01,77.58400564193725
tribes_northern-cheyenne_Northern Cheyenne,2023-08-01,81.13096752166749
tribes_northern-cheyenne_Northern Cheyenne,2023-09-01,80.49413884480795
tribes_northern-cheyenne_Northern Cheyenne,2023-10-01,86.35924758911133
tribes_northern-cheyenne_Northern Cheyenne,2023-11-01,72.53036114374797
tribes_northern-cheyenne_Northern Cheyenne,2023-12-01,70.83462368647257
tribes_northern-cheyenne_Northern Cheyenne,2024-01-01,85.7754035949707
tribes_northern-cheyenne_Northern Cheyenne,2024-02-01,83.34278742472331
tribes_northern-cheyenne_Northern Cheyenne,2024-03-01,82.95838712056478
tribes_northern-cheyenne_Northern Cheyenne,2024-04-01,69.74883356094361
tribes_northern-cheyenne_Northern Cheyenne,2024-05-01,75.96833349863688
tribes_northern-cheyenne_Northern Cheyenne,2024-06-01,81.66477762858072
tribes_northern-cheyenne_Northern Cheyenne,2024-07-01,59.93701635996501
tribes_northern-cheyenne_Northern Cheyenne,2024-08-01,70.95123653411865
tribes_northern-cheyenne_Northern Cheyenne,2024-09-01,67.61061112085979
tribes_northern-cheyenne_Northern Cheyenne,2024-10-01,68.10276877085367
tribes_northern-cheyenne_Northern Cheyenne,2024-11-01,82.79480539957682
tribes_northern-cheyenne_Northern Cheyenne,2024-12-01,73.6063440322876
tribes_northern-cheyenne_Northern Cheyenne,2025-01-01,82.69978485107421
tribes_northern-cheyenne_Northern Cheyenne,2025-02-01,82.55794645945231
tribes_northern-cheyenne_Northern Cheyenne,2025-03-01,76.9015053431193
tribes_northern-cheyenne_Northern Cheyenne,2025-04-01,82.67647196451823
tribes_northern-cheyenne_Northern Cheyenne,2025-05-01,79.95760720570883
tribes_northern-cheyenne_Northern Cheyenne,2025-06-01,81.70319455464681
tribes_northern-cheyenne_Northern Cheyenne,2025-07-01,83.28005396525064
tribes_northern-cheyenne_Northern Cheyenne,2025-08-01,77.77298418680827
tribes_northern-cheyenne_Northern Cheyenne,2025-09-01,73.57930548985799
tribes_northern-cheyenne_Northern Cheyenne,2025-10-01,74.51479161580404
tribes_rocky-boys_Rocky Boy's,1979-01-01,85.3501901065602
tribes_rocky-boys_Rocky Boy's,1979-02-01,96.5638656616211
tribes_rocky-boys_Rocky Boy's,1979-03-01,85.97267554788029
tribes_rocky-boys_Rocky Boy's,1979-04-01,85.45313666848575
tribes_rocky-boys_Rocky Boy's,1979-05-01,84.13814073450425
tribes_rocky-boys_Rocky Boy's,1979-06-01,81.28441148645737
tribes_rocky-boys_Rocky Boy's,1979-07-01,81.71679283590878
tribes_rocky-boys_Rocky Boy's,1979-08-01,84.60370052562041
tribes_rocky-boys_Rocky Boy's,1979-09-01,78.00539196238799
tribes_rocky-boys_Rocky Boy's,1979-10-01,81.03235289629768
tribes_rocky-boys_Rocky Boy's,1979-11-01,81.16176448148839
tribes_rocky-boys_Rocky Boy's,1979-12-01,76.54629965389476
tribes_rocky-boys_Rocky Boy's,1980-01-01,82.55891822366154
tribes_rocky-boys_Rocky Boy's,1980-02-01,94.68894532147576
tribes_rocky-boys_Rocky Boy's,1980-03-01,90.98330172370461
tribes_rocky-boys_Rocky Boy's,1980-04-01,70.17882358326631
tribes_rocky-boys_Rocky Boy's,1980-05-01,77.92400404986213
tribes_rocky-boys_Rocky Boy's,1980-06-01,90.17049048928654
tribes_rocky-boys_Rocky Boy's,1980-07-01,82.07144142599667
tribes_rocky-boys_Rocky Boy's,1980-08-01,87.64629880119773
tribes_rocky-boys_Rocky Boy's,1980-09-01,84.31911782657399
tribes_rocky-boys_Rocky Boy's,1980-10-01,78.77979166367474
tribes_rocky-boys_Rocky Boy's,1980-11-01,78.14460844152114
tribes_rocky-boys_Rocky Boy's,1980-12-01,82.37523696001838
tribes_rocky-boys_Rocky Boy's,1981-01-01,83.49212466969209
tribes_rocky-boys_Rocky Boy's,1981-02-01,75.55546188354492
tribes_rocky-boys_Rocky Boy's,1981-03-01,79.39364309871898
tribes_rocky-boys_Rocky Boy's,1981-04-01,74.26343154907227
tribes_rocky-boys_Rocky Boy's,1981-05-01,84.30834871179917
tribes_rocky-boys_Rocky Boy's,1981-06-01,91.085784912109375
tribes_rocky-boys_Rocky Boy's,1981-07-01,84.49022741878734
tribes_rocky-boys_Rocky Boy's,1981-08-01,81.82969665527344
tribes_rocky-boys_Rocky Boy's,1981-09-01,77.81431422514073
tribes_rocky-boys_Rocky Boy's,1981-10-01,81.77191700654872
tribes_rocky-boys_Rocky Boy's,1981-11-01,80.50009850894703
tribes_rocky-boys_Rocky Boy's,1981-12-01,89.70882348453297
tribes_rocky-boys_Rocky Boy's,1982-01-01,89.80512327306411
tribes_rocky-boys_Rocky Boy's,1982-02-01,72.3218484766343
tribes_rocky-boys_Rocky Boy's,1982-03-01,90.00445960549747
tribes_rocky-boys_Rocky Boy's,1982-04-01,75.20852952844956
tribes_rocky-boys_Rocky Boy's,1982-05-01,77.88652734195485
tribes_rocky-boys_Rocky Boy's,1982-06-01,85.6858818951775
tribes_rocky-boys_Rocky Boy's,1982-07-01,85.76736180922565
tribes_rocky-boys_Rocky Boy's,1982-08-01,84.2999049915987
tribes_rocky-boys_Rocky Boy's,1982-09-01,83.63196047614602
tribes_rocky-boys_Rocky Boy's,1982-10-01,88.21347225413604
tribes_rocky-boys_Rocky Boy's,1982-11-01,86.61254860373104
tribes_rocky-boys_Rocky Boy's,1982-12-01,85.82438278198242
tribes_rocky-boys_Rocky Boy's,1983-01-01,89.69971555822036
tribes_rocky-boys_Rocky Boy's,1983-02-01,89.13560979506549
tribes_rocky-boys_Rocky Boy's,1983-03-01,92.65730622235466
tribes_rocky-boys_Rocky Boy's,1983-04-01,82.3067642660702
tribes_rocky-boys_Rocky Boy's,1983-05-01,81.50018916410558
tribes_rocky-boys_Rocky Boy's,1983-06-01,88.06774498434628
tribes_rocky-boys_Rocky Boy's,1983-07-01,86.35161253985237
tribes_rocky-boys_Rocky Boy's,1983-08-01,82.9962059469784
tribes_rocky-boys_Rocky Boy's,1983-09-01,84.44676500208237
tribes_rocky-boys_Rocky Boy's,1983-10-01,86.2537000319537
tribes_rocky-boys_Rocky Boy's,1983-11-01,86.51794119442211
tribes_rocky-boys_Rocky Boy's,1983-12-01,81.45218209659352
tribes_rocky-boys_Rocky Boy's,1984-01-01,76.71385170431698
tribes_rocky-boys_Rocky Boy's,1984-02-01,80.78803275613224
tribes_rocky-boys_Rocky Boy's,1984-03-01,91.36053062887753
tribes_rocky-boys_Rocky Boy's,1984-04-01,73.45049016615924
tribes_rocky-boys_Rocky Boy's,1984-05-01,75.26622368307675
tribes_rocky-boys_Rocky Boy's,1984-06-01,83.07303888657513
tribes_rocky-boys_Rocky Boy's,1984-07-01,71.31157527250402
tribes_rocky-boys_Rocky Boy's,1984-08-01,70.71432674632354
tribes_rocky-boys_Rocky Boy's,1984-09-01,83.70539205214557
tribes_rocky-boys_Rocky Boy's,1984-10-01,80.77637616325828
tribes_rocky-boys_Rocky Boy's,1984-11-01,83.2573522679946
tribes_rocky-boys_Rocky Boy's,1984-12-01,82.74857644473805
tribes_rocky-boys_Rocky Boy's,1985-01-01,81.61347288243911
tribes_rocky-boys_Rocky Boy's,1985-02-01,75.53025189568015
tribes_rocky-boys_Rocky Boy's,1985-03-01,83.72523767807904
tribes_rocky-boys_Rocky Boy's,1985-04-01,73.06588251450482
tribes_rocky-boys_Rocky Boy's,1985-05-01,71.91726707009708
tribes_rocky-boys_Rocky Boy's,1985-06-01,76.29588205674115
tribes_rocky-boys_Rocky Boy's,1985-07-01,67.25322588752297
tribes_rocky-boys_Rocky Boy's,1985-08-01,88.0563569910386
tribes_rocky-boys_Rocky Boy's,1985-09-01,88.21019565357881
tribes_rocky-boys_Rocky Boy's,1985-10-01,78.5746675379136
tribes_rocky-boys_Rocky Boy's,1985-11-01,75.8525489358341
tribes_rocky-boys_Rocky Boy's,1985-12-01,74.22457313537598
tribes_rocky-boys_Rocky Boy's,1986-01-01,77.44079679601333
tribes_rocky-boys_Rocky Boy's,1986-02-01,83.29863447301528
tribes_rocky-boys_Rocky Boy's,1986-03-01,82.78614739810719
tribes_rocky-boys_Rocky Boy's,1986-04-01,82.21656821755802
tribes_rocky-boys_Rocky Boy's,1986-05-01,77.9074956108542
tribes_rocky-boys_Rocky Boy's,1986-06-01,80.5787254782284
tribes_rocky-boys_Rocky Boy's,1986-07-01,79.88927953383502
tribes_rocky-boys_Rocky Boy's,1986-08-01,76.500379225787
tribes_rocky-boys_Rocky Boy's,1986-09-01,86.56627453074736
tribes_rocky-boys_Rocky Boy's,1986-10-01,83.11280822753906
tribes_rocky-boys_Rocky Boy's,1986-11-01,86.36715653363396
tribes_rocky-boys_Rocky Boy's,1986-12-01,76.55626184800091
tribes_rocky-boys_Rocky Boy's,1987-01-01,80.80123250624713
tribes_rocky-boys_Rocky Boy's,1987-02-01,84.53455913768096
tribes_rocky-boys_Rocky Boy's,1987-03-01,87.75702106251435
tribes_rocky-boys_Rocky Boy's,1987-04-01,72.30000035903034
tribes_rocky-boys_Rocky Boy's,1987-05-01,80.83889905144187
tribes_rocky-boys_Rocky Boy's,1987-06-01,77.87980405022117
tribes_rocky-boys_Rocky Boy's,1987-07-01,84.63045546587776
tribes_rocky-boys_Rocky Boy's,1987-08-01,84.24487641278435
tribes_rocky-boys_Rocky Boy's,1987-09-01,81.93862802842084
tribes_rocky-boys_Rocky Boy's,1987-10-01,74.1646110310274
tribes_rocky-boys_Rocky Boy's,1987-11-01,89.72411772784065
tribes_rocky-boys_Rocky Boy's,1987-12-01,78.86385188383214
tribes_rocky-boys_Rocky Boy's,1988-01-01,78.43519906436696
tribes_rocky-boys_Rocky Boy's,1988-02-01,79.56855998319737
tribes_rocky-boys_Rocky Boy's,1988-03-01,82.06072145349839
tribes_rocky-boys_Rocky Boy's,1988-04-01,70.46362731036018
tribes_rocky-boys_Rocky Boy's,1988-05-01,71.90180273617015
tribes_rocky-boys_Rocky Boy's,1988-06-01,74.14274440092198
tribes_rocky-boys_Rocky Boy's,1988-07-01,68.71498994266285
tribes_rocky-boys_Rocky Boy's,1988-08-01,69.53301687801586
tribes_rocky-boys_Rocky Boy's,1988-09-01,77.39117633595185
tribes_rocky-boys_Rocky Boy's,1988-10-01,82.32229636697208
tribes_rocky-boys_Rocky Boy's,1988-11-01,82.15558826222139
tribes_rocky-boys_Rocky Boy's,1988-12-01,80.99297893748565
tribes_rocky-boys_Rocky Boy's,1989-01-01,78.19079657161937
tribes_rocky-boys_Rocky Boy's,1989-02-01,70.6768903171315
tribes_rocky-boys_Rocky Boy's,1989-03-01,85.49838750502643
tribes_rocky-boys_Rocky Boy's,1989-04-01,82.18637219597312
tribes_rocky-boys_Rocky Boy's,1989-05-01,78.9755215364344
tribes_rocky-boys_Rocky Boy's,1989-06-01,88.48764711267808
tribes_rocky-boys_Rocky Boy's,1989-07-01,77.28586331535789
tribes_rocky-boys_Rocky Boy's,1989-08-01,84.23121485990636
tribes_rocky-boys_Rocky Boy's,1989-09-01,83.67000041288487
tribes_rocky-boys_Rocky Boy's,1989-10-01,82.11119505938362
tribes_rocky-boys_Rocky Boy's,1989-11-01,82.42735290527344
tribes_rocky-boys_Rocky Boy's,1989-12-01,81.17182114545037
tribes_rocky-boys_Rocky Boy's,1990-01-01,82.60322570800781
tribes_rocky-boys_Rocky Boy's,1990-02-01,79.21607163373162
tribes_rocky-boys_Rocky Boy's,1990-03-01,82.48149871826172
tribes_rocky-boys_Rocky Boy's,1990-04-01,88.8046080645393
tribes_rocky-boys_Rocky Boy's,1990-05-01,84.18415585686179
tribes_rocky-boys_Rocky Boy's,1990-06-01,80.41362784890568
tribes_rocky-boys_Rocky Boy's,1990-07-01,84.79516152774586
tribes_rocky-boys_Rocky Boy's,1990-08-01,80.61271330889534
tribes_rocky-boys_Rocky Boy's,1990-09-01,76.767059326171875
tribes_rocky-boys_Rocky Boy's,1990-10-01,78.47258085363052
tribes_rocky-boys_Rocky Boy's,1990-11-01,83.02813810460708
tribes_rocky-boys_Rocky Boy's,1990-12-01,67.07333968667423
tribes_rocky-boys_Rocky Boy's,1991-01-01,77.52988613353057
tribes_rocky-boys_Rocky Boy's,1991-02-01,82.29464272891774
tribes_rocky-boys_Rocky Boy's,1991-03-01,85.6431687298943
tribes_rocky-boys_Rocky Boy's,1991-04-01,81.36931475471047
tribes_rocky-boys_Rocky Boy's,1991-05-01,87.00483883128447
tribes_rocky-boys_Rocky Boy's,1991-06-01,88.65990156285903
tribes_rocky-boys_Rocky Boy's,1991-07-01,85.83908866433536
tribes_rocky-boys_Rocky Boy's,1991-08-01,78.6134724336512
tribes_rocky-boys_Rocky Boy's,1991-09-01,83.09578435561237
tribes_rocky-boys_Rocky Boy's,1991-10-01,74.71707781623391
tribes_rocky-boys_Rocky Boy's,1991-11-01,86.53872613345875
tribes_rocky-boys_Rocky Boy's,1991-12-01,77.81916494930492
tribes_rocky-boys_Rocky Boy's,1992-01-01,77.07153724221622
tribes_rocky-boys_Rocky Boy's,1992-02-01,87.04847896800322
tribes_rocky-boys_Rocky Boy's,1992-03-01,84.12808339736041
tribes_rocky-boys_Rocky Boy's,1992-04-01,82.00548979815315
tribes_rocky-boys_Rocky Boy's,1992-05-01,79.44990517111385
tribes_rocky-boys_Rocky Boy's,1992-06-01,86.55627463845646
tribes_rocky-boys_Rocky Boy's,1992-07-01,93.95493383968578
tribes_rocky-boys_Rocky Boy's,1992-08-01,80.87371871050667
tribes_rocky-boys_Rocky Boy's,1992-09-01,81.22333302217372
tribes_rocky-boys_Rocky Boy's,1992-10-01,82.25588271197151
tribes_rocky-boys_Rocky Boy's,1992-11-01,85.14549075855928
tribes_rocky-boys_Rocky Boy's,1992-12-01,72.730266122257
tribes_rocky-boys_Rocky Boy's,1993-01-01,83.90218196195714
tribes_rocky-boys_Rocky Boy's,1993-02-01,77.57006252513213
tribes_rocky-boys_Rocky Boy's,1993-03-01,85.34772311939912
tribes_rocky-boys_Rocky Boy's,1993-04-01,87.18225501565372
tribes_rocky-boys_Rocky Boy's,1993-05-01,81.89231491088867
tribes_rocky-boys_Rocky Boy's,1993-06-01,87.9954901302562
tribes_rocky-boys_Rocky Boy's,1993-07-01,94.07315018597771
tribes_rocky-boys_Rocky Boy's,1993-08-01,91.8661283605239
tribes_rocky-boys_Rocky Boy's,1993-09-01,89.80215611177333
tribes_rocky-boys_Rocky Boy's,1993-10-01,82.83889927583583
tribes_rocky-boys_Rocky Boy's,1993-11-01,78.40784196292653
tribes_rocky-boys_Rocky Boy's,1993-12-01,83.41214438045726
tribes_rocky-boys_Rocky Boy's,1994-01-01,95.19791277717141
tribes_rocky-boys_Rocky Boy's,1994-02-01,82.8293062097886
tribes_rocky-boys_Rocky Boy's,1994-03-01,77.76024695003734
tribes_rocky-boys_Rocky Boy's,1994-04-01,79.76882261388442
tribes_rocky-boys_Rocky Boy's,1994-05-01,77.36062666949104
tribes_rocky-boys_Rocky Boy's,1994-06-01,83.79225495282341
tribes_rocky-boys_Rocky Boy's,1994-07-01,82.64307403564453
tribes_rocky-boys_Rocky Boy's,1994-08-01,78.64335856718175
tribes_rocky-boys_Rocky Boy's,1994-09-01,70.49117705401252
tribes_rocky-boys_Rocky Boy's,1994-10-01,85.06527530445771
tribes_rocky-boys_Rocky Boy's,1994-11-01,82.15647080365349
tribes_rocky-boys_Rocky Boy's,1994-12-01,82.37049349616555
tribes_rocky-boys_Rocky Boy's,1995-01-01,90.02637571447036
tribes_rocky-boys_Rocky Boy's,1995-02-01,76.86911840999828
tribes_rocky-boys_Rocky Boy's,1995-03-01,82.70778027702781
tribes_rocky-boys_Rocky Boy's,1995-04-01,90.73676434685203
tribes_rocky-boys_Rocky Boy's,1995-05-01,86.78984832763672
tribes_rocky-boys_Rocky Boy's,1995-06-01,89.59509838328643
tribes_rocky-boys_Rocky Boy's,1995-07-01,91.99041792925667
tribes_rocky-boys_Rocky Boy's,1995-08-01,82.61982861687156
tribes_rocky-boys_Rocky Boy's,1995-09-01,83.84009798835305
tribes_rocky-boys_Rocky Boy's,1995-10-01,87.68510414572323
tribes_rocky-boys_Rocky Boy's,1995-11-01,85.34068612491383
tribes_rocky-boys_Rocky Boy's,1995-12-01,94.51024695003734
tribes_rocky-boys_Rocky Boy's,1996-01-01,82.70872923907112
tribes_rocky-boys_Rocky Boy's,1996-02-01,77.98580147238339
tribes_rocky-boys_Rocky Boy's,1996-03-01,87.4793171602137
tribes_rocky-boys_Rocky Boy's,1996-04-01,79.4237258013557
tribes_rocky-boys_Rocky Boy's,1996-05-01,88.39411724314971
tribes_rocky-boys_Rocky Boy's,1996-06-01,82.66372523588292
tribes_rocky-boys_Rocky Boy's,1996-07-01,84.52125257604263
tribes_rocky-boys_Rocky Boy's,1996-08-01,72.05189783432904
tribes_rocky-boys_Rocky Boy's,1996-09-01,81.33196056590361
tribes_rocky-boys_Rocky Boy's,1996-10-01,83.2970594518325
tribes_rocky-boys_Rocky Boy's,1996-11-01,87.00774473302505
tribes_rocky-boys_Rocky Boy's,1996-12-01,80.33472487505745
tribes_rocky-boys_Rocky Boy's,1997-01-01,80.29857702816234
tribes_rocky-boys_Rocky Boy's,1997-02-01,89.17373993817498
tribes_rocky-boys_Rocky Boy's,1997-03-01,83.15256163653206
tribes_rocky-boys_Rocky Boy's,1997-04-01,84.49637222290039
tribes_rocky-boys_Rocky Boy's,1997-05-01,77.00256100822898
tribes_rocky-boys_Rocky Boy's,1997-06-01,83.73009715360753
tribes_rocky-boys_Rocky Boy's,1997-07-01,86.41053143669578
tribes_rocky-boys_Rocky Boy's,1997-08-01,87.6586337370031
tribes_rocky-boys_Rocky Boy's,1997-09-01,77.40509773703182
tribes_rocky-boys_Rocky Boy's,1997-10-01,83.97409842996036
tribes_rocky-boys_Rocky Boy's,1997-11-01,84.71823501586914
tribes_rocky-boys_Rocky Boy's,1997-12-01,76.60863382676068
tribes_rocky-boys_Rocky Boy's,1998-01-01,83.16347223169663
tribes_rocky-boys_Rocky Boy's,1998-02-01,86.15084031048943
tribes_rocky-boys_Rocky Boy's,1998-03-01,86.70740060245289
tribes_rocky-boys_Rocky Boy's,1998-04-01,77.99568512860466
tribes_rocky-boys_Rocky Boy's,1998-05-01,74.65673603731044
tribes_rocky-boys_Rocky Boy's,1998-06-01,90.08666633157169
tribes_rocky-boys_Rocky Boy's,1998-07-01,85.69051204008214
tribes_rocky-boys_Rocky Boy's,1998-08-01,77.43368148803711
tribes_rocky-boys_Rocky Boy's,1998-09-01,80.21499992819393
tribes_rocky-boys_Rocky Boy's,1998-10-01,85.32656591078815
tribes_rocky-boys_Rocky Boy's,1998-11-01,83.21058856739717
tribes_rocky-boys_Rocky Boy's,1998-12-01,71.8067362168256
tribes_rocky-boys_Rocky Boy's,1999-01-01,83.44430743946748
tribes_rocky-boys_Rocky Boy's,1999-02-01,72.83130286721622
tribes_rocky-boys_Rocky Boy's,1999-03-01,76.38814051011029
tribes_rocky-boys_Rocky Boy's,1999-04-01,73.298137216007
tribes_rocky-boys_Rocky Boy's,1999-05-01,79.56831135469325
tribes_rocky-boys_Rocky Boy's,1999-06-01,85.40225556317498
tribes_rocky-boys_Rocky Boy's,1999-07-01,76.93121382769417
tribes_rocky-boys_Rocky Boy's,1999-08-01,81.308063955868
tribes_rocky-boys_Rocky Boy's,1999-09-01,80.56480385275448
tribes_rocky-boys_Rocky Boy's,1999-10-01,74.8730546165915
tribes_rocky-boys_Rocky Boy's,1999-11-01,75.12892139659209
tribes_rocky-boys_Rocky Boy's,1999-12-01,71.62542623632095
tribes_rocky-boys_Rocky Boy's,2000-01-01,94.58444011912627
tribes_rocky-boys_Rocky Boy's,2000-02-01,87.85821488324333
tribes_rocky-boys_Rocky Boy's,2000-03-01,82.70037886675667
tribes_rocky-boys_Rocky Boy's,2000-04-01,79.11921512379365
tribes_rocky-boys_Rocky Boy's,2000-05-01,77.58795053818646
tribes_rocky-boys_Rocky Boy's,2000-06-01,88.36578369140625
tribes_rocky-boys_Rocky Boy's,2000-07-01,77.19497209436753
tribes_rocky-boys_Rocky Boy's,2000-08-01,68.39554068621467
tribes_rocky-boys_Rocky Boy's,2000-09-01,78.28284297269933
tribes_rocky-boys_Rocky Boy's,2000-10-01,83.6822577083812
tribes_rocky-boys_Rocky Boy's,2000-11-01,83.00666607127471
tribes_rocky-boys_Rocky Boy's,2000-12-01,87.66242891199448
tribes_rocky-boys_Rocky Boy's,2001-01-01,80.8819741641774
tribes_rocky-boys_Rocky Boy's,2001-02-01,87.19086164586685
tribes_rocky-boys_Rocky Boy's,2001-03-01,84.31878572351792
tribes_rocky-boys_Rocky Boy's,2001-04-01,79.49196063770967
tribes_rocky-boys_Rocky Boy's,2001-05-01,61.61793192695169
tribes_rocky-boys_Rocky Boy's,2001-06-01,84.1096076965332
tribes_rocky-boys_Rocky Boy's,2001-07-01,86.23463013592888
tribes_rocky-boys_Rocky Boy's,2001-08-01,66.98481930003447
tribes_rocky-boys_Rocky Boy's,2001-09-01,79.11450890933766
tribes_rocky-boys_Rocky Boy's,2001-10-01,79.45654678344727
tribes_rocky-boys_Rocky Boy's,2001-11-01,71.18627447240493
tribes_rocky-boys_Rocky Boy's,2001-12-01,84.36793159036075
tribes_rocky-boys_Rocky Boy's,2002-01-01,84.58254309261547
tribes_rocky-boys_Rocky Boy's,2002-02-01,78.71123953426586
tribes_rocky-boys_Rocky Boy's,2002-03-01,87.86944939108456
tribes_rocky-boys_Rocky Boy's,2002-04-01,80.72607825784122
tribes_rocky-boys_Rocky Boy's,2002-05-01,76.74127085068646
tribes_rocky-boys_Rocky Boy's,2002-06-01,84.34264710370232
tribes_rocky-boys_Rocky Boy's,2002-07-01,79.05920320398667
tribes_rocky-boys_Rocky Boy's,2002-08-01,87.25265704884248
tribes_rocky-boys_Rocky Boy's,2002-09-01,83.22627415376552
tribes_rocky-boys_Rocky Boy's,2002-10-01,88.78728619743796
tribes_rocky-boys_Rocky Boy's,2002-11-01,72.12460753496956
tribes_rocky-boys_Rocky Boy's,2002-12-01,79.94781785852769
tribes_rocky-boys_Rocky Boy's,2003-01-01,81.57552135691924
tribes_rocky-boys_Rocky Boy's,2003-02-01,87.00367602180032
tribes_rocky-boys_Rocky Boy's,2003-03-01,71.58339657503016
tribes_rocky-boys_Rocky Boy's,2003-04-01,83.38245122572955
tribes_rocky-boys_Rocky Boy's,2003-05-01,82.06147990507237
tribes_rocky-boys_Rocky Boy's,2003-06-01,84.87980382582721
tribes_rocky-boys_Rocky Boy's,2003-07-01,68.35721004710479
tribes_rocky-boys_Rocky Boy's,2003-08-01,72.1109109766343
tribes_rocky-boys_Rocky Boy's,2003-09-01,75.23568590949563
tribes_rocky-boys_Rocky Boy's,2003-10-01,69.87950695262236
tribes_rocky-boys_Rocky Boy's,2003-11-01,82.75519651525161
tribes_rocky-boys_Rocky Boy's,2003-12-01,78.74516139310948
tribes_rocky-boys_Rocky Boy's,2004-01-01,71.24392812392291
tribes_rocky-boys_Rocky Boy's,2004-02-01,83.21064937815947
tribes_rocky-boys_Rocky Boy's,2004-03-01,76.99221936394187
tribes_rocky-boys_Rocky Boy's,2004-04-01,78.65029413559857
tribes_rocky-boys_Rocky Boy's,2004-05-01,85.75796980016372
tribes_rocky-boys_Rocky Boy's,2004-06-01,82.7460787156049
tribes_rocky-boys_Rocky Boy's,2004-07-01,76.24278887580422
tribes_rocky-boys_Rocky Boy's,2004-08-01,83.07903267355526
tribes_rocky-boys_Rocky Boy's,2004-09-01,86.03019647037281
tribes_rocky-boys_Rocky Boy's,2004-10-01,83.99620460061466
tribes_rocky-boys_Rocky Boy's,2004-11-01,79.30411753934972
tribes_rocky-boys_Rocky Boy's,2004-12-01,81.6766602011288
tribes_rocky-boys_Rocky Boy's,2005-01-01,72.57476335413315
tribes_rocky-boys_Rocky Boy's,2005-02-01,70.65577765072094
tribes_rocky-boys_Rocky Boy's,2005-03-01,84.06622336892521
tribes_rocky-boys_Rocky Boy's,2005-04-01,75.7799996768727
tribes_rocky-boys_Rocky Boy's,2005-05-01,78.67703942691578
tribes_rocky-boys_Rocky Boy's,2005-06-01,88.99529445872588
tribes_rocky-boys_Rocky Boy's,2005-07-01,74.5116693833295
tribes_rocky-boys_Rocky Boy's,2005-08-01,72.65417413150563
tribes_rocky-boys_Rocky Boy's,2005-09-01,82.01098026948817
tribes_rocky-boys_Rocky Boy's,2005-10-01,89.72741923612706
tribes_rocky-boys_Rocky Boy's,2005-11-01,80.78656880995807
tribes_rocky-boys_Rocky Boy's,2005-12-01,77.48823491264793
tribes_rocky-boys_Rocky Boy's,2006-01-01,75.46280827241786
tribes_rocky-boys_Rocky Boy's,2006-02-01,73.6843490600586
tribes_rocky-boys_Rocky Boy's,2006-03-01,86.64506598079906
tribes_rocky-boys_Rocky Boy's,2006-04-01,79.5723529142492
tribes_rocky-boys_Rocky Boy's,2006-05-01,79.39146019430721
tribes_rocky-boys_Rocky Boy's,2006-06-01,81.58294116749482
tribes_rocky-boys_Rocky Boy's,2006-07-01,69.25768403445973
tribes_rocky-boys_Rocky Boy's,2006-08-01,69.29857646717744
tribes_rocky-boys_Rocky Boy's,2006-09-01,77.84843175551471
tribes_rocky-boys_Rocky Boy's,2006-10-01,89.55540780460133
tribes_rocky-boys_Rocky Boy's,2006-11-01,74.98568635828354
tribes_rocky-boys_Rocky Boy's,2006-12-01,79.47229564891143
tribes_rocky-boys_Rocky Boy's,2007-01-01,76.20370012171128
tribes_rocky-boys_Rocky Boy's,2007-02-01,90.49978996725643
tribes_rocky-boys_Rocky Boy's,2007-03-01,79.54762806611903
tribes_rocky-boys_Rocky Boy's,2007-04-01,86.25843182732078
tribes_rocky-boys_Rocky Boy's,2007-05-01,81.3721062155331
tribes_rocky-boys_Rocky Boy's,2007-06-01,80.32117664112764
tribes_rocky-boys_Rocky Boy's,2007-07-01,66.6828275568345
tribes_rocky-boys_Rocky Boy's,2007-08-01,69.38595872766831
tribes_rocky-boys_Rocky Boy's,2007-09-01,84.46147088443531
tribes_rocky-boys_Rocky Boy's,2007-10-01,81.54848210951862
tribes_rocky-boys_Rocky Boy's,2007-11-01,73.67156802906709
tribes_rocky-boys_Rocky Boy's,2007-12-01,83.24810230030732
tribes_rocky-boys_Rocky Boy's,2008-01-01,80.39383293600643
tribes_rocky-boys_Rocky Boy's,2008-02-01,88.24949286965763
tribes_rocky-boys_Rocky Boy's,2008-03-01,83.13681209788604
tribes_rocky-boys_Rocky Boy's,2008-04-01,78.20607780007755
tribes_rocky-boys_Rocky Boy's,2008-05-01,84.02049322689281
tribes_rocky-boys_Rocky Boy's,2008-06-01,83.61186218261719
tribes_rocky-boys_Rocky Boy's,2008-07-01,78.85910819558536
tribes_rocky-boys_Rocky Boy's,2008-08-01,76.33927917480469
tribes_rocky-boys_Rocky Boy's,2008-09-01,84.9993138032801
tribes_rocky-boys_Rocky Boy's,2008-10-01,74.99516161750344
tribes_rocky-boys_Rocky Boy's,2008-11-01,85.8361769283519
tribes_rocky-boys_Rocky Boy's,2008-12-01,81.38112034517177
tribes_rocky-boys_Rocky Boy's,2009-01-01,81.04668011384852
tribes_rocky-boys_Rocky Boy's,2009-02-01,86.05903378654929
tribes_rocky-boys_Rocky Boy's,2009-03-01,84.20607241462258
tribes_rocky-boys_Rocky Boy's,2009-04-01,81.7109801348518
tribes_rocky-boys_Rocky Boy's,2009-05-01,77.50654624490177
tribes_rocky-boys_Rocky Boy's,2009-06-01,80.30088245167451
tribes_rocky-boys_Rocky Boy's,2009-07-01,82.96992470236385
tribes_rocky-boys_Rocky Boy's,2009-08-01,82.15721063052906
tribes_rocky-boys_Rocky Boy's,2009-09-01,77.44901948816636
tribes_rocky-boys_Rocky Boy's,2009-10-01,88.63339659746956
tribes_rocky-boys_Rocky Boy's,2009-11-01,76.97205913768096
tribes_rocky-boys_Rocky Boy's,2009-12-01,86.6125239203958
tribes_rocky-boys_Rocky Boy's,2010-01-01,81.89184031767003
tribes_rocky-boys_Rocky Boy's,2010-02-01,90.11207984475529
tribes_rocky-boys_Rocky Boy's,2010-03-01,80.67590107637294
tribes_rocky-boys_Rocky Boy's,2010-04-01,76.89901957792394
tribes_rocky-boys_Rocky Boy's,2010-05-01,85.15417502908146
tribes_rocky-boys_Rocky Boy's,2010-06-01,87.023529052734375
tribes_rocky-boys_Rocky Boy's,2010-07-01,88.34354782104492
tribes_rocky-boys_Rocky Boy's,2010-08-01,79.75806471880745
tribes_rocky-boys_Rocky Boy's,2010-09-01,87.02450942993164
tribes_rocky-boys_Rocky Boy's,2010-10-01,84.52419303445255
tribes_rocky-boys_Rocky Boy's,2010-11-01,85.45931333654067
tribes_rocky-boys_Rocky Boy's,2010-12-01,82.22789315616383
tribes_rocky-boys_Rocky Boy's,2011-01-01,91.09914577708525
tribes_rocky-boys_Rocky Boy's,2011-02-01,92.68256288416245
tribes_rocky-boys_Rocky Boy's,2011-03-01,96.42675534416648
tribes_rocky-boys_Rocky Boy's,2011-04-01,91.45911856258617
tribes_rocky-boys_Rocky Boy's,2011-05-01,90.71356717277976
tribes_rocky-boys_Rocky Boy's,2011-06-01,92.83284355612362
tribes_rocky-boys_Rocky Boy's,2011-07-01,82.79212502872242
tribes_rocky-boys_Rocky Boy's,2011-08-01,68.3707784764907
tribes_rocky-boys_Rocky Boy's,2011-09-01,68.16254896276138
tribes_rocky-boys_Rocky Boy's,2011-10-01,75.11745789471794
tribes_rocky-boys_Rocky Boy's,2011-11-01,74.87127494812012
tribes_rocky-boys_Rocky Boy's,2011-12-01,79.96660277422737
tribes_rocky-boys_Rocky Boy's,2012-01-01,74.3497152889476
tribes_rocky-boys_Rocky Boy's,2012-02-01,83.02920891256893
tribes_rocky-boys_Rocky Boy's,2012-03-01,75.81537022310145
tribes_rocky-boys_Rocky Boy's,2012-04-01,74.69931411743164
tribes_rocky-boys_Rocky Boy's,2012-05-01,75.22789338055779
tribes_rocky-boys_Rocky Boy's,2012-06-01,85.0635295194738
tribes_rocky-boys_Rocky Boy's,2012-07-01,65.67789358251235
tribes_rocky-boys_Rocky Boy's,2012-08-01,61.1154644910027
tribes_rocky-boys_Rocky Boy's,2012-09-01,58.98127466089585
tribes_rocky-boys_Rocky Boy's,2012-10-01,86.9409870820887
tribes_rocky-boys_Rocky Boy's,2012-11-01,85.0260783924776
tribes_rocky-boys_Rocky Boy's,2012-12-01,84.86736275168026
tribes_rocky-boys_Rocky Boy's,2013-01-01,88.68026621201459
tribes_rocky-boys_Rocky Boy's,2013-02-01,90.49443256153779
tribes_rocky-boys_Rocky Boy's,2013-03-01,89.98349156099208
tribes_rocky-boys_Rocky Boy's,2013-04-01,88.22607915541705
tribes_rocky-boys_Rocky Boy's,2013-05-01,79.91575039134307
tribes_rocky-boys_Rocky Boy's,2013-06-01,90.24568647496841
tribes_rocky-boys_Rocky Boy's,2013-07-01,91.58453526216395
tribes_rocky-boys_Rocky Boy's,2013-08-01,79.88273284014534
tribes_rocky-boys_Rocky Boy's,2013-09-01,84.46647083058076
tribes_rocky-boys_Rocky Boy's,2013-10-01,82.45085323558135
tribes_rocky-boys_Rocky Boy's,2013-11-01,89.06892125746784
tribes_rocky-boys_Rocky Boy's,2013-12-01,92.25512291403378
tribes_rocky-boys_Rocky Boy's,2014-01-01,75.72428871603573
tribes_rocky-boys_Rocky Boy's,2014-02-01,85.32710109037511
tribes_rocky-boys_Rocky Boy's,2014-03-01,87.13918439079734
tribes_rocky-boys_Rocky Boy's,2014-04-01,80.4692165150362
tribes_rocky-boys_Rocky Boy's,2014-05-01,88.76337724573472
tribes_rocky-boys_Rocky Boy's,2014-06-01,88.08852880141315
tribes_rocky-boys_Rocky Boy's,2014-07-01,79.80882352941177
tribes_rocky-boys_Rocky Boy's,2014-08-01,84.28159354714786
tribes_rocky-boys_Rocky Boy's,2014-09-01,88.38774490356445
tribes_rocky-boys_Rocky Boy's,2014-10-01,83.66366262996898
tribes_rocky-boys_Rocky Boy's,2014-11-01,87.70107740514419
tribes_rocky-boys_Rocky Boy's,2014-12-01,81.72817836088292
tribes_rocky-boys_Rocky Boy's,2015-01-01,78.17106269387638
tribes_rocky-boys_Rocky Boy's,2015-02-01,82.23781495935776
tribes_rocky-boys_Rocky Boy's,2015-03-01,78.92438305125518
tribes_rocky-boys_Rocky Boy's,2015-04-01,76.8706860261805
tribes_rocky-boys_Rocky Boy's,2015-05-01,81.58481979370117
tribes_rocky-boys_Rocky Boy's,2015-06-01,80.22156816370347
tribes_rocky-boys_Rocky Boy's,2015-07-01,75.9410815519445
tribes_rocky-boys_Rocky Boy's,2015-08-01,71.69800769581514
tribes_rocky-boys_Rocky Boy's,2015-09-01,81.6182351953843
tribes_rocky-boys_Rocky Boy's,2015-10-01,83.19184045230641
tribes_rocky-boys_Rocky Boy's,2015-11-01,80.33382370892693
tribes_rocky-boys_Rocky Boy's,2015-12-01,82.49980993831859
tribes_rocky-boys_Rocky Boy's,2016-01-01,81.77210661944221
tribes_rocky-boys_Rocky Boy's,2016-02-01,73.98002063526826
tribes_rocky-boys_Rocky Boy's,2016-03-01,82.28197299732881
tribes_rocky-boys_Rocky Boy's,2016-04-01,86.63196070053998
tribes_rocky-boys_Rocky Boy's,2016-05-01,89.86973437140969
tribes_rocky-boys_Rocky Boy's,2016-06-01,87.75705898509307
tribes_rocky-boys_Rocky Boy's,2016-07-01,84.76546455832089
tribes_rocky-boys_Rocky Boy's,2016-08-01,80.25123282039867
tribes_rocky-boys_Rocky Boy's,2016-09-01,87.16303948795094
tribes_rocky-boys_Rocky Boy's,2016-10-01,92.35948854334214
tribes_rocky-boys_Rocky Boy's,2016-11-01,78.31313705444336
tribes_rocky-boys_Rocky Boy's,2016-12-01,77.36290381936466
tribes_rocky-boys_Rocky Boy's,2017-01-01,83.53757095336914
tribes_rocky-boys_Rocky Boy's,2017-02-01,80.59401209214154
tribes_rocky-boys_Rocky Boy's,2017-03-01,84.59724785299862
tribes_rocky-boys_Rocky Boy's,2017-04-01,83.6917641583611
tribes_rocky-boys_Rocky Boy's,2017-05-01,84.62495197969325
tribes_rocky-boys_Rocky Boy's,2017-06-01,82.60911762013154
tribes_rocky-boys_Rocky Boy's,2017-07-01,62.11451631433823
tribes_rocky-boys_Rocky Boy's,2017-08-01,66.03140382205738
tribes_rocky-boys_Rocky Boy's,2017-09-01,74.64715643490062
tribes_rocky-boys_Rocky Boy's,2017-10-01,80.0152749454274
tribes_rocky-boys_Rocky Boy's,2017-11-01,81.20411749447094
tribes_rocky-boys_Rocky Boy's,2017-12-01,73.56650790046243
tribes_rocky-boys_Rocky Boy's,2018-01-01,81.188140869140625
tribes_rocky-boys_Rocky Boy's,2018-02-01,93.74800446454216
tribes_rocky-boys_Rocky Boy's,2018-03-01,90.72172658583698
tribes_rocky-boys_Rocky Boy's,2018-04-01,87.23156872917625
tribes_rocky-boys_Rocky Boy's,2018-05-01,88.59402174108169
tribes_rocky-boys_Rocky Boy's,2018-06-01,86.19980329625747
tribes_rocky-boys_Rocky Boy's,2018-07-01,82.07077699549058
tribes_rocky-boys_Rocky Boy's,2018-08-01,74.53111985150505
tribes_rocky-boys_Rocky Boy's,2018-09-01,87.18166687909294
tribes_rocky-boys_Rocky Boy's,2018-10-01,85.90559746237362
tribes_rocky-boys_Rocky Boy's,2018-11-01,85.56323511460248
tribes_rocky-boys_Rocky Boy's,2018-12-01,77.8519931120031
tribes_rocky-boys_Rocky Boy's,2019-01-01,79.8312146803912
tribes_rocky-boys_Rocky Boy's,2019-02-01,94.07668057610007
tribes_rocky-boys_Rocky Boy's,2019-03-01,93.34155632467831
tribes_rocky-boys_Rocky Boy's,2019-04-01,77.42382318833295
tribes_rocky-boys_Rocky Boy's,2019-05-01,84.7166036718032
tribes_rocky-boys_Rocky Boy's,2019-06-01,84.02823526719037
tribes_rocky-boys_Rocky Boy's,2019-07-01,82.35237121582031
tribes_rocky-boys_Rocky Boy's,2019-08-01,77.48074026668773
tribes_rocky-boys_Rocky Boy's,2019-09-01,86.41343172858743
tribes_rocky-boys_Rocky Boy's,2019-10-01,84.51271303962258
tribes_rocky-boys_Rocky Boy's,2019-11-01,88.60950941198013
tribes_rocky-boys_Rocky Boy's,2019-12-01,81.70891817878274
tribes_rocky-boys_Rocky Boy's,2020-01-01,84.42647036384133
tribes_rocky-boys_Rocky Boy's,2020-02-01,82.20791132309857
tribes_rocky-boys_Rocky Boy's,2020-03-01,87.10028480080997
tribes_rocky-boys_Rocky Boy's,2020-04-01,82.29460817224839
tribes_rocky-boys_Rocky Boy's,2020-05-01,86.41906985114602
tribes_rocky-boys_Rocky Boy's,2020-06-01,82.77333315681008
tribes_rocky-boys_Rocky Boy's,2020-07-01,84.09629933974323
tribes_rocky-boys_Rocky Boy's,2020-08-01,71.7682165258071
tribes_rocky-boys_Rocky Boy's,2020-09-01,83.15598050285789
tribes_rocky-boys_Rocky Boy's,2020-10-01,86.9729600794175
tribes_rocky-boys_Rocky Boy's,2020-11-01,80.65098033231847
tribes_rocky-boys_Rocky Boy's,2020-12-01,77.63975345387178
tribes_rocky-boys_Rocky Boy's,2021-01-01,76.51954448924346
tribes_rocky-boys_Rocky Boy's,2021-02-01,84.76953775742474
tribes_rocky-boys_Rocky Boy's,2021-03-01,75.35578716502471
tribes_rocky-boys_Rocky Boy's,2021-04-01,74.62627410888672
tribes_rocky-boys_Rocky Boy's,2021-05-01,84.09516166238224
tribes_rocky-boys_Rocky Boy's,2021-06-01,77.6220588684082
tribes_rocky-boys_Rocky Boy's,2021-07-01,62.92220138101017
tribes_rocky-boys_Rocky Boy's,2021-08-01,76.9737189797794
tribes_rocky-boys_Rocky Boy's,2021-09-01,70.33411766501034
tribes_rocky-boys_Rocky Boy's,2021-10-01,76.0933588813333
tribes_rocky-boys_Rocky Boy's,2021-11-01,78.13441220451804
tribes_rocky-boys_Rocky Boy's,2021-12-01,87.00531275132123
tribes_rocky-boys_Rocky Boy's,2022-01-01,78.76660335765166
tribes_rocky-boys_Rocky Boy's,2022-02-01,78.0465336967917
tribes_rocky-boys_Rocky Boy's,2022-03-01,82.35142315135283
tribes_rocky-boys_Rocky Boy's,2022-04-01,77.50862727445714
tribes_rocky-boys_Rocky Boy's,2022-05-01,74.53462982177734
tribes_rocky-boys_Rocky Boy's,2022-06-01,85.28127378575942
tribes_rocky-boys_Rocky Boy's,2022-07-01,82.97210648480583
tribes_rocky-boys_Rocky Boy's,2022-08-01,66.98908861945657
tribes_rocky-boys_Rocky Boy's,2022-09-01,75.98980443617877
tribes_rocky-boys_Rocky Boy's,2022-10-01,78.3921246248133
tribes_rocky-boys_Rocky Boy's,2022-11-01,81.560588387882
tribes_rocky-boys_Rocky Boy's,2022-12-01,91.86499045876896
tribes_rocky-boys_Rocky Boy's,2023-01-01,79.88463031544404
tribes_rocky-boys_Rocky Boy's,2023-02-01,69.29432790419635
tribes_rocky-boys_Rocky Boy's,2023-03-01,85.61707799574909
tribes_rocky-boys_Rocky Boy's,2023-04-01,72.18225479125977
tribes_rocky-boys_Rocky Boy's,2023-05-01,80.01546523150276
tribes_rocky-boys_Rocky Boy's,2023-06-01,85.71794105978573
tribes_rocky-boys_Rocky Boy's,2023-07-01,67.93282699584961
tribes_rocky-boys_Rocky Boy's,2023-08-01,74.4929796106675
tribes_rocky-boys_Rocky Boy's,2023-09-01,82.13794079948875
tribes_rocky-boys_Rocky Boy's,2023-10-01,90.09430761898265
tribes_rocky-boys_Rocky Boy's,2023-11-01,78.56931349810432
tribes_rocky-boys_Rocky Boy's,2023-12-01,74.83757041482365
tribes_rocky-boys_Rocky Boy's,2024-01-01,88.66309334250057
tribes_rocky-boys_Rocky Boy's,2024-02-01,82.98965543859146
tribes_rocky-boys_Rocky Boy's,2024-03-01,89.2251423106474
tribes_rocky-boys_Rocky Boy's,2024-04-01,80.24941186343922
tribes_rocky-boys_Rocky Boy's,2024-05-01,85.7838711458094
tribes_rocky-boys_Rocky Boy's,2024-06-01,82.91107850916245
tribes_rocky-boys_Rocky Boy's,2024-07-01,77.87912727804745
tribes_rocky-boys_Rocky Boy's,2024-08-01,79.71394729614258
tribes_rocky-boys_Rocky Boy's,2024-09-01,83.26137273451862
tribes_rocky-boys_Rocky Boy's,2024-10-01,79.59421202715706
tribes_rocky-boys_Rocky Boy's,2024-11-01,84.63852938483743
tribes_rocky-boys_Rocky Boy's,2024-12-01,78.5484816607307
tribes_rocky-boys_Rocky Boy's,2025-01-01,81.49212511848
tribes_rocky-boys_Rocky Boy's,2025-02-01,86.0377098532284
tribes_rocky-boys_Rocky Boy's,2025-03-01,79.08899419447955
tribes_rocky-boys_Rocky Boy's,2025-04-01,82.94019564460305
tribes_rocky-boys_Rocky Boy's,2025-05-01,80.9042703965131
tribes_rocky-boys_Rocky Boy's,2025-06-01,75.91529442282284
tribes_rocky-boys_Rocky Boy's,2025-07-01,82.15758985631606
tribes_rocky-boys_Rocky Boy's,2025-08-01,85.72808366663315
tribes_rocky-boys_Rocky Boy's,2025-09-01,84.57460740033318
tribes_rocky-boys_Rocky Boy's,2025-10-01,84.13480399636661
