date,id,name,variable,value
2002-07-04T06:00:00Z,tribes_northern-cheyenne_Northern Cheyenne,Northern Cheyenne,EVI,2376.8563530274373
2002-07-04T06:00:00Z,tribes_northern-cheyenne_Northern Cheyenne,Northern Cheyenne,NDVI,3967.887521318764
2002-07-04T06:00:00Z,tribes_crow_Crow,Crow,EVI,2388.6731124906237
2002-07-04T06:00:00Z,tribes_crow_Crow,Crow,NDVI,3962.3793463045213
2002-07-04T06:00:00Z,tribes_fort-peck_Fort Peck,Fort Peck,EVI,3306.202372329139
2002-07-04T06:00:00Z,tribes_fort-peck_Fort Peck,Fort Peck,NDVI,5211.195341431391
2002-07-04T06:00:00Z,tribes_fort-belknap_Fort Belknap,Fort Belknap,EVI,2799.0952827673104
2002-07-04T06:00:00Z,tribes_fort-belknap_Fort Belknap,Fort Belknap,NDVI,4633.235462231068
2002-07-04T06:00:00Z,tribes_rocky-boys_Rocky Boy's,Rocky Boy's,EVI,4000.2764585130994
2002-07-04T06:00:00Z,tribes_rocky-boys_Rocky Boy's,Rocky Boy's,NDVI,6285.391832696891
2002-07-04T06:00:00Z,tribes_blackfeet_Blackfeet,Blackfeet,EVI,3343.6499396901527
2002-07-04T06:00:00Z,tribes_blackfeet_Blackfeet,Blackfeet,NDVI,5291.091547383868
2002-07-04T06:00:00Z,tribes_flathead_Flathead,Flathead,EVI,3226.436033076327
2002-07-04T06:00:00Z,tribes_flathead_Flathead,Flathead,NDVI,6108.609396004928
2002-07-20T06:00:00Z,tribes_northern-cheyenne_Northern Cheyenne,Northern Cheyenne,EVI,2180.7979119594615
2002-07-20T06:00:00Z,tribes_northern-cheyenne_Northern Cheyenne,Northern Cheyenne,NDVI,4042.3842298813856
2002-07-20T06:00:00Z,tribes_crow_Crow,Crow,EVI,2070.67797514539
2002-07-20T06:00:00Z,tribes_crow_Crow,Crow,NDVI,3666.9064146748
2002-07-20T06:00:00Z,tribes_fort-peck_Fort Peck,Fort Peck,EVI,2733.796364667933
2002-07-20T06:00:00Z,tribes_fort-peck_Fort Peck,Fort Peck,NDVI,4582.731597691525
2002-07-20T06:00:00Z,tribes_fort-belknap_Fort Belknap,Fort Belknap,EVI,2364.015776849378
2002-07-20T06:00:00Z,tribes_fort-belknap_Fort Belknap,Fort Belknap,NDVI,3881.7397330780186
2002-07-20T06:00:00Z,tribes_rocky-boys_Rocky Boy's,Rocky Boy's,EVI,3811.744744102048
2002-07-20T06:00:00Z,tribes_rocky-boys_Rocky Boy's,Rocky Boy's,NDVI,5784.226047766394
2002-07-20T06:00:00Z,tribes_blackfeet_Blackfeet,Blackfeet,EVI,3445.484449511114
2002-07-20T06:00:00Z,tribes_blackfeet_Blackfeet,Blackfeet,NDVI,5134.926713593136
2002-07-20T06:00:00Z,tribes_flathead_Flathead,Flathead,EVI,3219.5526162418687
2002-07-20T06:00:00Z,tribes_flathead_Flathead,Flathead,NDVI,5536.985446508748
2002-08-05T06:00:00Z,tribes_northern-cheyenne_Northern Cheyenne,Northern Cheyenne,EVI,1996.4318656568935
2002-08-05T06:00:00Z,tribes_northern-cheyenne_Northern Cheyenne,Northern Cheyenne,NDVI,3973.430118414551
2002-08-05T06:00:00Z,tribes_crow_Crow,Crow,EVI,1944.7384398869908
2002-08-05T06:00:00Z,tribes_crow_Crow,Crow,NDVI,3472.177883057556
2002-08-05T06:00:00Z,tribes_fort-peck_Fort Peck,Fort Peck,EVI,2131.090704601022
2002-08-05T06:00:00Z,tribes_fort-peck_Fort Peck,Fort Peck,NDVI,4059.6008434693576
2002-08-05T06:00:00Z,tribes_fort-belknap_Fort Belknap,Fort Belknap,EVI,2417.974902724715
2002-08-05T06:00:00Z,tribes_fort-belknap_Fort Belknap,Fort Belknap,NDVI,4400.317820732225
2002-08-05T06:00:00Z,tribes_rocky-boys_Rocky Boy's,Rocky Boy's,EVI,3500.6881775471406
2002-08-05T06:00:00Z,tribes_rocky-boys_Rocky Boy's,Rocky Boy's,NDVI,5827.66356223757
2002-08-05T06:00:00Z,tribes_blackfeet_Blackfeet,Blackfeet,EVI,3020.722270241928
2002-08-05T06:00:00Z,tribes_blackfeet_Blackfeet,Blackfeet,NDVI,4894.8175539712565
2002-08-05T06:00:00Z,tribes_flathead_Flathead,Flathead,EVI,2910.98452948953
2002-08-05T06:00:00Z,tribes_flathead_Flathead,Flathead,NDVI,5394.998567787758
2002-08-21T06:00:00Z,tribes_northern-cheyenne_Northern Cheyenne,Northern Cheyenne,EVI,1884.315658608157
2002-08-21T06:00:00Z,tribes_northern-cheyenne_Northern Cheyenne,Northern Cheyenne,NDVI,3592.7696572014906
2002-08-21T06:00:00Z,tribes_crow_Crow,Crow,EVI,1902.3752638906521
2002-08-21T06:00:00Z,tribes_crow_Crow,Crow,NDVI,3211.555892932648
2002-08-21T06:00:00Z,tribes_fort-peck_Fort Peck,Fort Peck,EVI,2004.1758714816185
2002-08-21T06:00:00Z,tribes_fort-peck_Fort Peck,Fort Peck,NDVI,3784.7256897356897
2002-08-21T06:00:00Z,tribes_fort-belknap_Fort Belknap,Fort Belknap,EVI,2296.441882223885
2002-08-21T06:00:00Z,tribes_fort-belknap_Fort Belknap,Fort Belknap,NDVI,4032.377818104319
2002-08-21T06:00:00Z,tribes_rocky-boys_Rocky Boy's,Rocky Boy's,EVI,3461.341099538482
2002-08-21T06:00:00Z,tribes_rocky-boys_Rocky Boy's,Rocky Boy's,NDVI,5839.173684284411
2002-08-21T06:00:00Z,tribes_blackfeet_Blackfeet,Blackfeet,EVI,2975.417331725701
2002-08-21T06:00:00Z,tribes_blackfeet_Blackfeet,Blackfeet,NDVI,4859.110307267752
2002-08-21T06:00:00Z,tribes_flathead_Flathead,Flathead,EVI,2777.189216230627
2002-08-21T06:00:00Z,tribes_flathead_Flathead,Flathead,NDVI,5288.531326807147
2002-09-06T06:00:00Z,tribes_northern-cheyenne_Northern Cheyenne,Northern Cheyenne,EVI,1921.2746104802568
2002-09-06T06:00:00Z,tribes_northern-cheyenne_Northern Cheyenne,Northern Cheyenne,NDVI,3800.628895488792
2002-09-06T06:00:00Z,tribes_crow_Crow,Crow,EVI,1835.1575127577844
2002-09-06T06:00:00Z,tribes_crow_Crow,Crow,NDVI,3317.3641609297147
2002-09-06T06:00:00Z,tribes_fort-peck_Fort Peck,Fort Peck,EVI,1887.0342627996945
2002-09-06T06:00:00Z,tribes_fort-peck_Fort Peck,Fort Peck,NDVI,3746.6156660187917
2002-09-06T06:00:00Z,tribes_fort-belknap_Fort Belknap,Fort Belknap,EVI,2164.355423407039
2002-09-06T06:00:00Z,tribes_fort-belknap_Fort Belknap,Fort Belknap,NDVI,4154.320551652451
2002-09-06T06:00:00Z,tribes_rocky-boys_Rocky Boy's,Rocky Boy's,EVI,3299.4711795629555
2002-09-06T06:00:00Z,tribes_rocky-boys_Rocky Boy's,Rocky Boy's,NDVI,5458.531058673416
2002-09-06T06:00:00Z,tribes_blackfeet_Blackfeet,Blackfeet,EVI,2623.57884007431
2002-09-06T06:00:00Z,tribes_blackfeet_Blackfeet,Blackfeet,NDVI,4543.582928098662
2002-09-06T06:00:00Z,tribes_flathead_Flathead,Flathead,EVI,2522.2594675522378
2002-09-06T06:00:00Z,tribes_flathead_Flathead,Flathead,NDVI,5338.892521283687
2002-09-22T06:00:00Z,tribes_northern-cheyenne_Northern Cheyenne,Northern Cheyenne,EVI,2100.5266279544676
2002-09-22T06:00:00Z,tribes_northern-cheyenne_Northern Cheyenne,Northern Cheyenne,NDVI,3961.408521815973
2002-09-22T06:00:00Z,tribes_crow_Crow,Crow,EVI,1774.0096306021003
2002-09-22T06:00:00Z,tribes_crow_Crow,Crow,NDVI,3310.2525494343736
2002-09-22T06:00:00Z,tribes_fort-peck_Fort Peck,Fort Peck,EVI,1744.7798914608547
2002-09-22T06:00:00Z,tribes_fort-peck_Fort Peck,Fort Peck,NDVI,3119.9908332251407
2002-09-22T06:00:00Z,tribes_fort-belknap_Fort Belknap,Fort Belknap,EVI,1845.8708210745478
2002-09-22T06:00:00Z,tribes_fort-belknap_Fort Belknap,Fort Belknap,NDVI,3402.7854926193263
2002-09-22T06:00:00Z,tribes_rocky-boys_Rocky Boy's,Rocky Boy's,EVI,2539.7546020798654
2002-09-22T06:00:00Z,tribes_rocky-boys_Rocky Boy's,Rocky Boy's,NDVI,4889.681489539205
2002-09-22T06:00:00Z,tribes_blackfeet_Blackfeet,Blackfeet,EVI,2224.678998353346
2002-09-22T06:00:00Z,tribes_blackfeet_Blackfeet,Blackfeet,NDVI,4091.483231595726
2002-09-22T06:00:00Z,tribes_flathead_Flathead,Flathead,EVI,2285.544969899644
2002-09-22T06:00:00Z,tribes_flathead_Flathead,Flathead,NDVI,5171.817300386836
2002-10-08T06:00:00Z,tribes_northern-cheyenne_Northern Cheyenne,Northern Cheyenne,EVI,2112.5605784097575
2002-10-08T06:00:00Z,tribes_northern-cheyenne_Northern Cheyenne,Northern Cheyenne,NDVI,4192.771523238154
2002-10-08T06:00:00Z,tribes_crow_Crow,Crow,EVI,1741.6799811925111
2002-10-08T06:00:00Z,tribes_crow_Crow,Crow,NDVI,3413.917830669522
2002-10-08T06:00:00Z,tribes_fort-peck_Fort Peck,Fort Peck,EVI,1419.8707653359775
2002-10-08T06:00:00Z,tribes_fort-peck_Fort Peck,Fort Peck,NDVI,2646.934225150475
2002-10-08T06:00:00Z,tribes_fort-belknap_Fort Belknap,Fort Belknap,EVI,1635.354471574597
2002-10-08T06:00:00Z,tribes_fort-belknap_Fort Belknap,Fort Belknap,NDVI,3040.3149319005784
2002-10-08T06:00:00Z,tribes_rocky-boys_Rocky Boy's,Rocky Boy's,EVI,2029.0380123285543
2002-10-08T06:00:00Z,tribes_rocky-boys_Rocky Boy's,Rocky Boy's,NDVI,4136.041572570787
2002-10-08T06:00:00Z,tribes_blackfeet_Blackfeet,Blackfeet,EVI,1715.576142291367
2002-10-08T06:00:00Z,tribes_blackfeet_Blackfeet,Blackfeet,NDVI,3411.848326064077
2002-10-08T06:00:00Z,tribes_flathead_Flathead,Flathead,EVI,2105.79412570439
2002-10-08T06:00:00Z,tribes_flathead_Flathead,Flathead,NDVI,4803.527428330944
2002-10-24T06:00:00Z,tribes_northern-cheyenne_Northern Cheyenne,Northern Cheyenne,EVI,1937.7018899165794
2002-10-24T06:00:00Z,tribes_northern-cheyenne_Northern Cheyenne,Northern Cheyenne,NDVI,4053.1935091676933
2002-10-24T06:00:00Z,tribes_crow_Crow,Crow,EVI,1614.2664078740509
2002-10-24T06:00:00Z,tribes_crow_Crow,Crow,NDVI,3209.994659934315
2002-10-24T06:00:00Z,tribes_fort-peck_Fort Peck,Fort Peck,EVI,1145.7736673396857
2002-10-24T06:00:00Z,tribes_fort-peck_Fort Peck,Fort Peck,NDVI,2250.027126870786
2002-10-24T06:00:00Z,tribes_fort-belknap_Fort Belknap,Fort Belknap,EVI,1387.828945283118
2002-10-24T06:00:00Z,tribes_fort-belknap_Fort Belknap,Fort Belknap,NDVI,2694.0748841245445
2002-10-24T06:00:00Z,tribes_rocky-boys_Rocky Boy's,Rocky Boy's,EVI,1689.8804313119892
2002-10-24T06:00:00Z,tribes_rocky-boys_Rocky Boy's,Rocky Boy's,NDVI,3393.1773918431068
2002-10-24T06:00:00Z,tribes_blackfeet_Blackfeet,Blackfeet,EVI,1556.5647507645117
2002-10-24T06:00:00Z,tribes_blackfeet_Blackfeet,Blackfeet,NDVI,2959.8320745987658
2002-10-24T06:00:00Z,tribes_flathead_Flathead,Flathead,EVI,2022.8890462472104
2002-10-24T06:00:00Z,tribes_flathead_Flathead,Flathead,NDVI,4460.724765026085
2002-11-09T07:00:00Z,tribes_northern-cheyenne_Northern Cheyenne,Northern Cheyenne,EVI,1794.9609956892516
2002-11-09T07:00:00Z,tribes_northern-cheyenne_Northern Cheyenne,Northern Cheyenne,NDVI,3894.786330796063
2002-11-09T07:00:00Z,tribes_crow_Crow,Crow,EVI,1507.1573263861621
2002-11-09T07:00:00Z,tribes_crow_Crow,Crow,NDVI,3104.2829947389373
2002-11-09T07:00:00Z,tribes_fort-peck_Fort Peck,Fort Peck,EVI,1141.8613486129937
2002-11-09T07:00:00Z,tribes_fort-peck_Fort Peck,Fort Peck,NDVI,2341.127777744728
2002-11-09T07:00:00Z,tribes_fort-belknap_Fort Belknap,Fort Belknap,EVI,1380.8314772894148
2002-11-09T07:00:00Z,tribes_fort-belknap_Fort Belknap,Fort Belknap,NDVI,2663.850740297777
2002-11-09T07:00:00Z,tribes_rocky-boys_Rocky Boy's,Rocky Boy's,EVI,1676.42726164197
2002-11-09T07:00:00Z,tribes_rocky-boys_Rocky Boy's,Rocky Boy's,NDVI,3336.796580485251
2002-11-09T07:00:00Z,tribes_blackfeet_Blackfeet,Blackfeet,EVI,1413.0923434531721
2002-11-09T07:00:00Z,tribes_blackfeet_Blackfeet,Blackfeet,NDVI,2766.1884250644866
2002-11-09T07:00:00Z,tribes_flathead_Flathead,Flathead,EVI,1771.2619854140735
2002-11-09T07:00:00Z,tribes_flathead_Flathead,Flathead,NDVI,3946.7166982258805
2002-11-25T07:00:00Z,tribes_northern-cheyenne_Northern Cheyenne,Northern Cheyenne,EVI,1609.8466531091372
2002-11-25T07:00:00Z,tribes_northern-cheyenne_Northern Cheyenne,Northern Cheyenne,NDVI,3686.9871870259394
2002-11-25T07:00:00Z,tribes_crow_Crow,Crow,EVI,1371.5017245579318
2002-11-25T07:00:00Z,tribes_crow_Crow,Crow,NDVI,2813.6401866440406
2002-11-25T07:00:00Z,tribes_fort-peck_Fort Peck,Fort Peck,EVI,1091.7824546847041
2002-11-25T07:00:00Z,tribes_fort-peck_Fort Peck,Fort Peck,NDVI,2215.6590468428126
2002-11-25T07:00:00Z,tribes_fort-belknap_Fort Belknap,Fort Belknap,EVI,1271.2176641782255
2002-11-25T07:00:00Z,tribes_fort-belknap_Fort Belknap,Fort Belknap,NDVI,2500.4302714256205
2002-11-25T07:00:00Z,tribes_rocky-boys_Rocky Boy's,Rocky Boy's,EVI,1454.9026931618814
2002-11-25T07:00:00Z,tribes_rocky-boys_Rocky Boy's,Rocky Boy's,NDVI,3145.3727020117262
2002-11-25T07:00:00Z,tribes_blackfeet_Blackfeet,Blackfeet,EVI,1324.0225890721579
2002-11-25T07:00:00Z,tribes_blackfeet_Blackfeet,Blackfeet,NDVI,2608.746225772252
2002-11-25T07:00:00Z,tribes_flathead_Flathead,Flathead,EVI,2321.614338387889
2002-11-25T07:00:00Z,tribes_flathead_Flathead,Flathead,NDVI,4928.207233598118
2002-12-11T07:00:00Z,tribes_northern-cheyenne_Northern Cheyenne,Northern Cheyenne,EVI,1736.0199674184992
2002-12-11T07:00:00Z,tribes_northern-cheyenne_Northern Cheyenne,Northern Cheyenne,NDVI,3624.6660943543943
2002-12-11T07:00:00Z,tribes_crow_Crow,Crow,EVI,1380.7650972755346
2002-12-11T07:00:00Z,tribes_crow_Crow,Crow,NDVI,2821.6126263161054
2002-12-11T07:00:00Z,tribes_fort-peck_Fort Peck,Fort Peck,EVI,1102.7566141274913
2002-12-11T07:00:00Z,tribes_fort-peck_Fort Peck,Fort Peck,NDVI,2034.6483779576367
2002-12-11T07:00:00Z,tribes_fort-belknap_Fort Belknap,Fort Belknap,EVI,1223.0555191616295
2002-12-11T07:00:00Z,tribes_fort-belknap_Fort Belknap,Fort Belknap,NDVI,2325.035028769661
2002-12-11T07:00:00Z,tribes_rocky-boys_Rocky Boy's,Rocky Boy's,EVI,1377.0221543103764
2002-12-11T07:00:00Z,tribes_rocky-boys_Rocky Boy's,Rocky Boy's,NDVI,2931.0932576812806
2002-12-11T07:00:00Z,tribes_blackfeet_Blackfeet,Blackfeet,EVI,1381.2313323815883
2002-12-11T07:00:00Z,tribes_blackfeet_Blackfeet,Blackfeet,NDVI,2462.7979894881883
2002-12-11T07:00:00Z,tribes_flathead_Flathead,Flathead,EVI,1654.8623384098598
2002-12-11T07:00:00Z,tribes_flathead_Flathead,Flathead,NDVI,3864.4365821963343
2002-12-27T07:00:00Z,tribes_northern-cheyenne_Northern Cheyenne,Northern Cheyenne,EVI,1693.168581356652
2002-12-27T07:00:00Z,tribes_northern-cheyenne_Northern Cheyenne,Northern Cheyenne,NDVI,3649.036054721296
2002-12-27T07:00:00Z,tribes_crow_Crow,Crow,EVI,1338.930145072239
2002-12-27T07:00:00Z,tribes_crow_Crow,Crow,NDVI,2707.6351455665435
2002-12-27T07:00:00Z,tribes_fort-peck_Fort Peck,Fort Peck,EVI,1084.3120156086893
2002-12-27T07:00:00Z,tribes_fort-peck_Fort Peck,Fort Peck,NDVI,2088.2782023387767
2002-12-27T07:00:00Z,tribes_fort-belknap_Fort Belknap,Fort Belknap,EVI,1226.5572182956528
2002-12-27T07:00:00Z,tribes_fort-belknap_Fort Belknap,Fort Belknap,NDVI,2456.3889764940973
2002-12-27T07:00:00Z,tribes_rocky-boys_Rocky Boy's,Rocky Boy's,EVI,1581.6907831999247
2002-12-27T07:00:00Z,tribes_rocky-boys_Rocky Boy's,Rocky Boy's,NDVI,3129.0565885159294
2002-12-27T07:00:00Z,tribes_blackfeet_Blackfeet,Blackfeet,EVI,1320.9210802544803
2002-12-27T07:00:00Z,tribes_blackfeet_Blackfeet,Blackfeet,NDVI,2272.853456820148
2002-12-27T07:00:00Z,tribes_flathead_Flathead,Flathead,EVI,1697.392699408911
2002-12-27T07:00:00Z,tribes_flathead_Flathead,Flathead,NDVI,3810.0972737496895
2003-01-09T07:00:00Z,tribes_northern-cheyenne_Northern Cheyenne,Northern Cheyenne,EVI,1636.8861096134583
2003-01-09T07:00:00Z,tribes_northern-cheyenne_Northern Cheyenne,Northern Cheyenne,NDVI,3184.507583755714
2003-01-09T07:00:00Z,tribes_crow_Crow,Crow,EVI,1313.5247233434814
2003-01-09T07:00:00Z,tribes_crow_Crow,Crow,NDVI,2529.7641649926445
2003-01-09T07:00:00Z,tribes_fort-peck_Fort Peck,Fort Peck,EVI,1122.862408056982
2003-01-09T07:00:00Z,tribes_fort-peck_Fort Peck,Fort Peck,NDVI,1981.2115993704458
2003-01-09T07:00:00Z,tribes_fort-belknap_Fort Belknap,Fort Belknap,EVI,1215.1772393915144
2003-01-09T07:00:00Z,tribes_fort-belknap_Fort Belknap,Fort Belknap,NDVI,2246.6603984785534
2003-01-09T07:00:00Z,tribes_rocky-boys_Rocky Boy's,Rocky Boy's,EVI,1315.4943658145933
2003-01-09T07:00:00Z,tribes_rocky-boys_Rocky Boy's,Rocky Boy's,NDVI,2807.8413418338714
2003-01-09T07:00:00Z,tribes_blackfeet_Blackfeet,Blackfeet,EVI,1237.7269248103673
2003-01-09T07:00:00Z,tribes_blackfeet_Blackfeet,Blackfeet,NDVI,2158.6532919474316
2003-01-09T07:00:00Z,tribes_flathead_Flathead,Flathead,EVI,1566.3214941332224
2003-01-09T07:00:00Z,tribes_flathead_Flathead,Flathead,NDVI,3666.7303261994116
2003-01-25T07:00:00Z,tribes_northern-cheyenne_Northern Cheyenne,Northern Cheyenne,EVI,1537.1210056453308
2003-01-25T07:00:00Z,tribes_northern-cheyenne_Northern Cheyenne,Northern Cheyenne,NDVI,3013.2840642470396
2003-01-25T07:00:00Z,tribes_crow_Crow,Crow,EVI,1280.6002659708338
2003-01-25T07:00:00Z,tribes_crow_Crow,Crow,NDVI,2538.6509798431507
2003-01-25T07:00:00Z,tribes_fort-peck_Fort Peck,Fort Peck,EVI,NA
2003-01-25T07:00:00Z,tribes_fort-peck_Fort Peck,Fort Peck,NDVI,NA
2003-01-25T07:00:00Z,tribes_fort-belknap_Fort Belknap,Fort Belknap,EVI,1381.7583322107232
2003-01-25T07:00:00Z,tribes_fort-belknap_Fort Belknap,Fort Belknap,NDVI,2580.033655066344
2003-01-25T07:00:00Z,tribes_rocky-boys_Rocky Boy's,Rocky Boy's,EVI,1502.4375967628619
2003-01-25T07:00:00Z,tribes_rocky-boys_Rocky Boy's,Rocky Boy's,NDVI,2409.7528101443386
2003-01-25T07:00:00Z,tribes_blackfeet_Blackfeet,Blackfeet,EVI,1336.0732580536137
2003-01-25T07:00:00Z,tribes_blackfeet_Blackfeet,Blackfeet,NDVI,2130.771008570098
2003-01-25T07:00:00Z,tribes_flathead_Flathead,Flathead,EVI,1322.4644829333774
2003-01-25T07:00:00Z,tribes_flathead_Flathead,Flathead,NDVI,2875.6815937139286
2003-02-10T07:00:00Z,tribes_northern-cheyenne_Northern Cheyenne,Northern Cheyenne,EVI,1282.4264897552525
2003-02-10T07:00:00Z,tribes_northern-cheyenne_Northern Cheyenne,Northern Cheyenne,NDVI,2329.492097744911
2003-02-10T07:00:00Z,tribes_crow_Crow,Crow,EVI,1124.9714255365416
2003-02-10T07:00:00Z,tribes_crow_Crow,Crow,NDVI,2050.239028945639
2003-02-10T07:00:00Z,tribes_fort-peck_Fort Peck,Fort Peck,EVI,NA
2003-02-10T07:00:00Z,tribes_fort-peck_Fort Peck,Fort Peck,NDVI,NA
2003-02-10T07:00:00Z,tribes_fort-belknap_Fort Belknap,Fort Belknap,EVI,NA
2003-02-10T07:00:00Z,tribes_fort-belknap_Fort Belknap,Fort Belknap,NDVI,NA
2003-02-10T07:00:00Z,tribes_rocky-boys_Rocky Boy's,Rocky Boy's,EVI,NA
2003-02-10T07:00:00Z,tribes_rocky-boys_Rocky Boy's,Rocky Boy's,NDVI,NA
2003-02-10T07:00:00Z,tribes_blackfeet_Blackfeet,Blackfeet,EVI,1187.2217856288032
2003-02-10T07:00:00Z,tribes_blackfeet_Blackfeet,Blackfeet,NDVI,1963.111898467947
2003-02-10T07:00:00Z,tribes_flathead_Flathead,Flathead,EVI,1572.5355541669455
2003-02-10T07:00:00Z,tribes_flathead_Flathead,Flathead,NDVI,3130.282697602696
2003-02-26T07:00:00Z,tribes_northern-cheyenne_Northern Cheyenne,Northern Cheyenne,EVI,NA
2003-02-26T07:00:00Z,tribes_northern-cheyenne_Northern Cheyenne,Northern Cheyenne,NDVI,NA
2003-02-26T07:00:00Z,tribes_crow_Crow,Crow,EVI,928.7468343192752
2003-02-26T07:00:00Z,tribes_crow_Crow,Crow,NDVI,1865.2212508842308
2003-02-26T07:00:00Z,tribes_fort-peck_Fort Peck,Fort Peck,EVI,NA
2003-02-26T07:00:00Z,tribes_fort-peck_Fort Peck,Fort Peck,NDVI,NA
2003-02-26T07:00:00Z,tribes_fort-belknap_Fort Belknap,Fort Belknap,EVI,NA
2003-02-26T07:00:00Z,tribes_fort-belknap_Fort Belknap,Fort Belknap,NDVI,NA
2003-02-26T07:00:00Z,tribes_rocky-boys_Rocky Boy's,Rocky Boy's,EVI,NA
2003-02-26T07:00:00Z,tribes_rocky-boys_Rocky Boy's,Rocky Boy's,NDVI,NA
2003-02-26T07:00:00Z,tribes_blackfeet_Blackfeet,Blackfeet,EVI,NA
2003-02-26T07:00:00Z,tribes_blackfeet_Blackfeet,Blackfeet,NDVI,NA
2003-02-26T07:00:00Z,tribes_flathead_Flathead,Flathead,EVI,1371.995600679315
2003-02-26T07:00:00Z,tribes_flathead_Flathead,Flathead,NDVI,2671.204139316228
2003-03-14T07:00:00Z,tribes_northern-cheyenne_Northern Cheyenne,Northern Cheyenne,EVI,1695.7720146103927
2003-03-14T07:00:00Z,tribes_northern-cheyenne_Northern Cheyenne,Northern Cheyenne,NDVI,3027.93817402196
2003-03-14T07:00:00Z,tribes_crow_Crow,Crow,EVI,1339.827405003522
2003-03-14T07:00:00Z,tribes_crow_Crow,Crow,NDVI,2512.633601414453
2003-03-14T07:00:00Z,tribes_fort-peck_Fort Peck,Fort Peck,EVI,1020.6508525569101
2003-03-14T07:00:00Z,tribes_fort-peck_Fort Peck,Fort Peck,NDVI,2109.4343278958663
2003-03-14T07:00:00Z,tribes_fort-belknap_Fort Belknap,Fort Belknap,EVI,1271.6999322449312
2003-03-14T07:00:00Z,tribes_fort-belknap_Fort Belknap,Fort Belknap,NDVI,2457.5531644004577
2003-03-14T07:00:00Z,tribes_rocky-boys_Rocky Boy's,Rocky Boy's,EVI,1289.6067437542215
2003-03-14T07:00:00Z,tribes_rocky-boys_Rocky Boy's,Rocky Boy's,NDVI,2500.0009700157266
2003-03-14T07:00:00Z,tribes_blackfeet_Blackfeet,Blackfeet,EVI,1218.2970561040984
2003-03-14T07:00:00Z,tribes_blackfeet_Blackfeet,Blackfeet,NDVI,2142.7480246529467
2003-03-14T07:00:00Z,tribes_flathead_Flathead,Flathead,EVI,1789.0355127166692
2003-03-14T07:00:00Z,tribes_flathead_Flathead,Flathead,NDVI,3592.451813690077
2003-03-30T07:00:00Z,tribes_northern-cheyenne_Northern Cheyenne,Northern Cheyenne,EVI,1716.0440608336553
2003-03-30T07:00:00Z,tribes_northern-cheyenne_Northern Cheyenne,Northern Cheyenne,NDVI,3369.155847495312
2003-03-30T07:00:00Z,tribes_crow_Crow,Crow,EVI,1632.9640818205944
2003-03-30T07:00:00Z,tribes_crow_Crow,Crow,NDVI,2965.136897712243
2003-03-30T07:00:00Z,tribes_fort-peck_Fort Peck,Fort Peck,EVI,1146.1416422397976
2003-03-30T07:00:00Z,tribes_fort-peck_Fort Peck,Fort Peck,NDVI,2108.550995044233
2003-03-30T07:00:00Z,tribes_fort-belknap_Fort Belknap,Fort Belknap,EVI,1439.6064989706467
2003-03-30T07:00:00Z,tribes_fort-belknap_Fort Belknap,Fort Belknap,NDVI,2601.5480812540504
2003-03-30T07:00:00Z,tribes_rocky-boys_Rocky Boy's,Rocky Boy's,EVI,1496.596493948331
2003-03-30T07:00:00Z,tribes_rocky-boys_Rocky Boy's,Rocky Boy's,NDVI,2827.1760453768097
2003-03-30T07:00:00Z,tribes_blackfeet_Blackfeet,Blackfeet,EVI,1203.7128008155732
2003-03-30T07:00:00Z,tribes_blackfeet_Blackfeet,Blackfeet,NDVI,2214.265872784025
2003-03-30T07:00:00Z,tribes_flathead_Flathead,Flathead,EVI,1981.057217435468
2003-03-30T07:00:00Z,tribes_flathead_Flathead,Flathead,NDVI,4258.963506476545
2003-04-15T06:00:00Z,tribes_northern-cheyenne_Northern Cheyenne,Northern Cheyenne,EVI,2062.730849773602
2003-04-15T06:00:00Z,tribes_northern-cheyenne_Northern Cheyenne,Northern Cheyenne,NDVI,4110.199474383731
2003-04-15T06:00:00Z,tribes_crow_Crow,Crow,EVI,2081.898437182192
2003-04-15T06:00:00Z,tribes_crow_Crow,Crow,NDVI,3971.078777317032
2003-04-15T06:00:00Z,tribes_fort-peck_Fort Peck,Fort Peck,EVI,1471.1596264201435
2003-04-15T06:00:00Z,tribes_fort-peck_Fort Peck,Fort Peck,NDVI,2703.6672972403935
2003-04-15T06:00:00Z,tribes_fort-belknap_Fort Belknap,Fort Belknap,EVI,1902.357114276436
2003-04-15T06:00:00Z,tribes_fort-belknap_Fort Belknap,Fort Belknap,NDVI,3541.3343183876786
2003-04-15T06:00:00Z,tribes_rocky-boys_Rocky Boy's,Rocky Boy's,EVI,1897.355359244464
2003-04-15T06:00:00Z,tribes_rocky-boys_Rocky Boy's,Rocky Boy's,NDVI,3597.337340027515
2003-04-15T06:00:00Z,tribes_blackfeet_Blackfeet,Blackfeet,EVI,1634.4193176514652
2003-04-15T06:00:00Z,tribes_blackfeet_Blackfeet,Blackfeet,NDVI,2670.1706356660166
2003-04-15T06:00:00Z,tribes_flathead_Flathead,Flathead,EVI,2606.1612950831304
2003-04-15T06:00:00Z,tribes_flathead_Flathead,Flathead,NDVI,4813.082939294196
2003-05-01T06:00:00Z,tribes_northern-cheyenne_Northern Cheyenne,Northern Cheyenne,EVI,2619.731044261217
2003-05-01T06:00:00Z,tribes_northern-cheyenne_Northern Cheyenne,Northern Cheyenne,NDVI,4826.226320996372
2003-05-01T06:00:00Z,tribes_crow_Crow,Crow,EVI,2642.6824224599604
2003-05-01T06:00:00Z,tribes_crow_Crow,Crow,NDVI,4727.587809542488
2003-05-01T06:00:00Z,tribes_fort-peck_Fort Peck,Fort Peck,EVI,1954.2590354788692
2003-05-01T06:00:00Z,tribes_fort-peck_Fort Peck,Fort Peck,NDVI,3333.845330032654
2003-05-01T06:00:00Z,tribes_fort-belknap_Fort Belknap,Fort Belknap,EVI,2241.879336172394
2003-05-01T06:00:00Z,tribes_fort-belknap_Fort Belknap,Fort Belknap,NDVI,4092.8783389766113
2003-05-01T06:00:00Z,tribes_rocky-boys_Rocky Boy's,Rocky Boy's,EVI,2539.0073747378365
2003-05-01T06:00:00Z,tribes_rocky-boys_Rocky Boy's,Rocky Boy's,NDVI,4898.1629480277015
2003-05-01T06:00:00Z,tribes_blackfeet_Blackfeet,Blackfeet,EVI,2267.319516154601
2003-05-01T06:00:00Z,tribes_blackfeet_Blackfeet,Blackfeet,NDVI,3711.4674460276924
2003-05-01T06:00:00Z,tribes_flathead_Flathead,Flathead,EVI,3195.746829144884
2003-05-01T06:00:00Z,tribes_flathead_Flathead,Flathead,NDVI,5681.900246277457
2003-05-17T06:00:00Z,tribes_northern-cheyenne_Northern Cheyenne,Northern Cheyenne,EVI,3349.8129961250165
2003-05-17T06:00:00Z,tribes_northern-cheyenne_Northern Cheyenne,Northern Cheyenne,NDVI,5433.5839143428
2003-05-17T06:00:00Z,tribes_crow_Crow,Crow,EVI,3428.3634262835026
2003-05-17T06:00:00Z,tribes_crow_Crow,Crow,NDVI,5412.981385100581
2003-05-17T06:00:00Z,tribes_fort-peck_Fort Peck,Fort Peck,EVI,2143.1052023602706
2003-05-17T06:00:00Z,tribes_fort-peck_Fort Peck,Fort Peck,NDVI,3893.5557458745866
2003-05-17T06:00:00Z,tribes_fort-belknap_Fort Belknap,Fort Belknap,EVI,2558.6326513390795
2003-05-17T06:00:00Z,tribes_fort-belknap_Fort Belknap,Fort Belknap,NDVI,4437.218931297243
2003-05-17T06:00:00Z,tribes_rocky-boys_Rocky Boy's,Rocky Boy's,EVI,3314.3920957855858
2003-05-17T06:00:00Z,tribes_rocky-boys_Rocky Boy's,Rocky Boy's,NDVI,5553.81553823213
2003-05-17T06:00:00Z,tribes_blackfeet_Blackfeet,Blackfeet,EVI,3011.7374471914027
2003-05-17T06:00:00Z,tribes_blackfeet_Blackfeet,Blackfeet,NDVI,4787.14647690448
2003-05-17T06:00:00Z,tribes_flathead_Flathead,Flathead,EVI,3500.889357065783
2003-05-17T06:00:00Z,tribes_flathead_Flathead,Flathead,NDVI,5902.368430644361
2003-06-02T06:00:00Z,tribes_northern-cheyenne_Northern Cheyenne,Northern Cheyenne,EVI,3291.977086496038
2003-06-02T06:00:00Z,tribes_northern-cheyenne_Northern Cheyenne,Northern Cheyenne,NDVI,5836.919381665214
2003-06-02T06:00:00Z,tribes_crow_Crow,Crow,EVI,3476.532265522745
2003-06-02T06:00:00Z,tribes_crow_Crow,Crow,NDVI,5872.581601971049
2003-06-02T06:00:00Z,tribes_fort-peck_Fort Peck,Fort Peck,EVI,2810.6773713298962
2003-06-02T06:00:00Z,tribes_fort-peck_Fort Peck,Fort Peck,NDVI,4932.481692099314
2003-06-02T06:00:00Z,tribes_fort-belknap_Fort Belknap,Fort Belknap,EVI,2644.6843126663125
2003-06-02T06:00:00Z,tribes_fort-belknap_Fort Belknap,Fort Belknap,NDVI,4525.351213877733
2003-06-02T06:00:00Z,tribes_rocky-boys_Rocky Boy's,Rocky Boy's,EVI,3883.250176288687
2003-06-02T06:00:00Z,tribes_rocky-boys_Rocky Boy's,Rocky Boy's,NDVI,6281.97179598701
2003-06-02T06:00:00Z,tribes_blackfeet_Blackfeet,Blackfeet,EVI,3638.685985410311
2003-06-02T06:00:00Z,tribes_blackfeet_Blackfeet,Blackfeet,NDVI,5677.933848484501
2003-06-02T06:00:00Z,tribes_flathead_Flathead,Flathead,EVI,3400.306055977605
2003-06-02T06:00:00Z,tribes_flathead_Flathead,Flathead,NDVI,5806.702131004775
2003-06-18T06:00:00Z,tribes_northern-cheyenne_Northern Cheyenne,Northern Cheyenne,EVI,3469.1270785170886
2003-06-18T06:00:00Z,tribes_northern-cheyenne_Northern Cheyenne,Northern Cheyenne,NDVI,5643.781378113508
2003-06-18T06:00:00Z,tribes_crow_Crow,Crow,EVI,3337.432256500895
2003-06-18T06:00:00Z,tribes_crow_Crow,Crow,NDVI,5219.1081371637565
2003-06-18T06:00:00Z,tribes_fort-peck_Fort Peck,Fort Peck,EVI,3293.9487193289388
2003-06-18T06:00:00Z,tribes_fort-peck_Fort Peck,Fort Peck,NDVI,5510.471489656447
2003-06-18T06:00:00Z,tribes_fort-belknap_Fort Belknap,Fort Belknap,EVI,2727.8576472253794
2003-06-18T06:00:00Z,tribes_fort-belknap_Fort Belknap,Fort Belknap,NDVI,4340.058225196909
2003-06-18T06:00:00Z,tribes_rocky-boys_Rocky Boy's,Rocky Boy's,EVI,4014.204250064556
2003-06-18T06:00:00Z,tribes_rocky-boys_Rocky Boy's,Rocky Boy's,NDVI,6314.983727259732
2003-06-18T06:00:00Z,tribes_blackfeet_Blackfeet,Blackfeet,EVI,3766.2067114878846
2003-06-18T06:00:00Z,tribes_blackfeet_Blackfeet,Blackfeet,NDVI,5789.973790367752
2003-06-18T06:00:00Z,tribes_flathead_Flathead,Flathead,EVI,3208.188696038727
2003-06-18T06:00:00Z,tribes_flathead_Flathead,Flathead,NDVI,5762.8033215759415
2003-07-04T06:00:00Z,tribes_northern-cheyenne_Northern Cheyenne,Northern Cheyenne,EVI,2873.0248734031857
2003-07-04T06:00:00Z,tribes_northern-cheyenne_Northern Cheyenne,Northern Cheyenne,NDVI,4768.161377467997
2003-07-04T06:00:00Z,tribes_crow_Crow,Crow,EVI,2762.782976485863
2003-07-04T06:00:00Z,tribes_crow_Crow,Crow,NDVI,4304.1194928668065
2003-07-04T06:00:00Z,tribes_fort-peck_Fort Peck,Fort Peck,EVI,3003.273273575847
2003-07-04T06:00:00Z,tribes_fort-peck_Fort Peck,Fort Peck,NDVI,5074.131046475859
2003-07-04T06:00:00Z,tribes_fort-belknap_Fort Belknap,Fort Belknap,EVI,2235.2883048305257
2003-07-04T06:00:00Z,tribes_fort-belknap_Fort Belknap,Fort Belknap,NDVI,3849.471410865162
2003-07-04T06:00:00Z,tribes_rocky-boys_Rocky Boy's,Rocky Boy's,EVI,3708.8533695338897
2003-07-04T06:00:00Z,tribes_rocky-boys_Rocky Boy's,Rocky Boy's,NDVI,5681.859156598313
2003-07-04T06:00:00Z,tribes_blackfeet_Blackfeet,Blackfeet,EVI,3478.761173950143
2003-07-04T06:00:00Z,tribes_blackfeet_Blackfeet,Blackfeet,NDVI,5344.566044766154
2003-07-04T06:00:00Z,tribes_flathead_Flathead,Flathead,EVI,2946.7558794882852
2003-07-04T06:00:00Z,tribes_flathead_Flathead,Flathead,NDVI,5236.432065817124
2003-07-20T06:00:00Z,tribes_northern-cheyenne_Northern Cheyenne,Northern Cheyenne,EVI,2359.7334752350466
2003-07-20T06:00:00Z,tribes_northern-cheyenne_Northern Cheyenne,Northern Cheyenne,NDVI,4065.2629742221293
2003-07-20T06:00:00Z,tribes_crow_Crow,Crow,EVI,2269.2734708047465
2003-07-20T06:00:00Z,tribes_crow_Crow,Crow,NDVI,3569.8257424531616
2003-07-20T06:00:00Z,tribes_fort-peck_Fort Peck,Fort Peck,EVI,2472.703529362354
2003-07-20T06:00:00Z,tribes_fort-peck_Fort Peck,Fort Peck,NDVI,4142.554629264624
2003-07-20T06:00:00Z,tribes_fort-belknap_Fort Belknap,Fort Belknap,EVI,1888.331665971024
2003-07-20T06:00:00Z,tribes_fort-belknap_Fort Belknap,Fort Belknap,NDVI,3006.1367284056655
2003-07-20T06:00:00Z,tribes_rocky-boys_Rocky Boy's,Rocky Boy's,EVI,2922.504070196875
2003-07-20T06:00:00Z,tribes_rocky-boys_Rocky Boy's,Rocky Boy's,NDVI,4712.63239922467
2003-07-20T06:00:00Z,tribes_blackfeet_Blackfeet,Blackfeet,EVI,2886.1000946228337
2003-07-20T06:00:00Z,tribes_blackfeet_Blackfeet,Blackfeet,NDVI,4476.759745563346
2003-07-20T06:00:00Z,tribes_flathead_Flathead,Flathead,EVI,2616.325007694186
2003-07-20T06:00:00Z,tribes_flathead_Flathead,Flathead,NDVI,4911.694727878268
2003-08-05T06:00:00Z,tribes_northern-cheyenne_Northern Cheyenne,Northern Cheyenne,EVI,2141.5300917081026
2003-08-05T06:00:00Z,tribes_northern-cheyenne_Northern Cheyenne,Northern Cheyenne,NDVI,3725.0853795215553
2003-08-05T06:00:00Z,tribes_crow_Crow,Crow,EVI,2014.7128883296964
2003-08-05T06:00:00Z,tribes_crow_Crow,Crow,NDVI,3289.734569972023
2003-08-05T06:00:00Z,tribes_fort-peck_Fort Peck,Fort Peck,EVI,1890.715335575796
2003-08-05T06:00:00Z,tribes_fort-peck_Fort Peck,Fort Peck,NDVI,3328.805633032472
2003-08-05T06:00:00Z,tribes_fort-belknap_Fort Belknap,Fort Belknap,EVI,1706.1119419778236
2003-08-05T06:00:00Z,tribes_fort-belknap_Fort Belknap,Fort Belknap,NDVI,2891.1980489879975
2003-08-05T06:00:00Z,tribes_rocky-boys_Rocky Boy's,Rocky Boy's,EVI,2531.387990742881
2003-08-05T06:00:00Z,tribes_rocky-boys_Rocky Boy's,Rocky Boy's,NDVI,4197.78987870248
2003-08-05T06:00:00Z,tribes_blackfeet_Blackfeet,Blackfeet,EVI,2384.866373981286
2003-08-05T06:00:00Z,tribes_blackfeet_Blackfeet,Blackfeet,NDVI,3783.8346168404614
2003-08-05T06:00:00Z,tribes_flathead_Flathead,Flathead,EVI,2543.334893519287
2003-08-05T06:00:00Z,tribes_flathead_Flathead,Flathead,NDVI,4777.3324015222215
2003-08-21T06:00:00Z,tribes_northern-cheyenne_Northern Cheyenne,Northern Cheyenne,EVI,1924.969357738831
2003-08-21T06:00:00Z,tribes_northern-cheyenne_Northern Cheyenne,Northern Cheyenne,NDVI,3454.250317937669
2003-08-21T06:00:00Z,tribes_crow_Crow,Crow,EVI,1840.7239573979775
2003-08-21T06:00:00Z,tribes_crow_Crow,Crow,NDVI,3107.2486549148057
2003-08-21T06:00:00Z,tribes_fort-peck_Fort Peck,Fort Peck,EVI,1669.302087247496
2003-08-21T06:00:00Z,tribes_fort-peck_Fort Peck,Fort Peck,NDVI,2670.4679334144153
2003-08-21T06:00:00Z,tribes_fort-belknap_Fort Belknap,Fort Belknap,EVI,1502.988022033131
2003-08-21T06:00:00Z,tribes_fort-belknap_Fort Belknap,Fort Belknap,NDVI,2575.1501626690288
2003-08-21T06:00:00Z,tribes_rocky-boys_Rocky Boy's,Rocky Boy's,EVI,1982.7290627365437
2003-08-21T06:00:00Z,tribes_rocky-boys_Rocky Boy's,Rocky Boy's,NDVI,3499.0425355284046
2003-08-21T06:00:00Z,tribes_blackfeet_Blackfeet,Blackfeet,EVI,2079.0086312606463
2003-08-21T06:00:00Z,tribes_blackfeet_Blackfeet,Blackfeet,NDVI,3423.023021377696
2003-08-21T06:00:00Z,tribes_flathead_Flathead,Flathead,EVI,2391.7932808058395
2003-08-21T06:00:00Z,tribes_flathead_Flathead,Flathead,NDVI,4843.326494590245
2003-09-06T06:00:00Z,tribes_northern-cheyenne_Northern Cheyenne,Northern Cheyenne,EVI,2005.9383165134557
2003-09-06T06:00:00Z,tribes_northern-cheyenne_Northern Cheyenne,Northern Cheyenne,NDVI,3404.3681859056437
2003-09-06T06:00:00Z,tribes_crow_Crow,Crow,EVI,1824.7571400165452
2003-09-06T06:00:00Z,tribes_crow_Crow,Crow,NDVI,2986.9959862081505
2003-09-06T06:00:00Z,tribes_fort-peck_Fort Peck,Fort Peck,EVI,1548.0770389756324
2003-09-06T06:00:00Z,tribes_fort-peck_Fort Peck,Fort Peck,NDVI,2640.777553805849
2003-09-06T06:00:00Z,tribes_fort-belknap_Fort Belknap,Fort Belknap,EVI,1532.5246707212639
2003-09-06T06:00:00Z,tribes_fort-belknap_Fort Belknap,Fort Belknap,NDVI,2607.577997528094
2003-09-06T06:00:00Z,tribes_rocky-boys_Rocky Boy's,Rocky Boy's,EVI,1895.3281140192955
2003-09-06T06:00:00Z,tribes_rocky-boys_Rocky Boy's,Rocky Boy's,NDVI,3227.8461354826795
2003-09-06T06:00:00Z,tribes_blackfeet_Blackfeet,Blackfeet,EVI,2046.7660256082222
2003-09-06T06:00:00Z,tribes_blackfeet_Blackfeet,Blackfeet,NDVI,3226.206730073315
2003-09-06T06:00:00Z,tribes_flathead_Flathead,Flathead,EVI,2344.3704584397183
2003-09-06T06:00:00Z,tribes_flathead_Flathead,Flathead,NDVI,4715.682227027669
2003-09-22T06:00:00Z,tribes_northern-cheyenne_Northern Cheyenne,Northern Cheyenne,EVI,1813.9367953325434
2003-09-22T06:00:00Z,tribes_northern-cheyenne_Northern Cheyenne,Northern Cheyenne,NDVI,3288.05941836676
2003-09-22T06:00:00Z,tribes_crow_Crow,Crow,EVI,1612.664158154504
2003-09-22T06:00:00Z,tribes_crow_Crow,Crow,NDVI,2791.6391051078485
2003-09-22T06:00:00Z,tribes_fort-peck_Fort Peck,Fort Peck,EVI,1416.1232407657158
2003-09-22T06:00:00Z,tribes_fort-peck_Fort Peck,Fort Peck,NDVI,2315.595751290049
2003-09-22T06:00:00Z,tribes_fort-belknap_Fort Belknap,Fort Belknap,EVI,1370.0651850664522
2003-09-22T06:00:00Z,tribes_fort-belknap_Fort Belknap,Fort Belknap,NDVI,2381.1373019421735
2003-09-22T06:00:00Z,tribes_rocky-boys_Rocky Boy's,Rocky Boy's,EVI,1859.6256236953682
2003-09-22T06:00:00Z,tribes_rocky-boys_Rocky Boy's,Rocky Boy's,NDVI,3475.4970367604374
2003-09-22T06:00:00Z,tribes_blackfeet_Blackfeet,Blackfeet,EVI,1719.1806244555162
2003-09-22T06:00:00Z,tribes_blackfeet_Blackfeet,Blackfeet,NDVI,3179.7362944106285
2003-09-22T06:00:00Z,tribes_flathead_Flathead,Flathead,EVI,2244.886159757818
2003-09-22T06:00:00Z,tribes_flathead_Flathead,Flathead,NDVI,4703.885250913672
2003-10-08T06:00:00Z,tribes_northern-cheyenne_Northern Cheyenne,Northern Cheyenne,EVI,1537.2308890685968
2003-10-08T06:00:00Z,tribes_northern-cheyenne_Northern Cheyenne,Northern Cheyenne,NDVI,3072.712838589237
2003-10-08T06:00:00Z,tribes_crow_Crow,Crow,EVI,1446.0617202226517
2003-10-08T06:00:00Z,tribes_crow_Crow,Crow,NDVI,2555.975389548542
2003-10-08T06:00:00Z,tribes_fort-peck_Fort Peck,Fort Peck,EVI,1334.5847625052922
2003-10-08T06:00:00Z,tribes_fort-peck_Fort Peck,Fort Peck,NDVI,2205.4687187672653
2003-10-08T06:00:00Z,tribes_fort-belknap_Fort Belknap,Fort Belknap,EVI,1286.9604085501037
2003-10-08T06:00:00Z,tribes_fort-belknap_Fort Belknap,Fort Belknap,NDVI,2275.163689030465
2003-10-08T06:00:00Z,tribes_rocky-boys_Rocky Boy's,Rocky Boy's,EVI,1590.7780908113305
2003-10-08T06:00:00Z,tribes_rocky-boys_Rocky Boy's,Rocky Boy's,NDVI,2987.8102854952863
2003-10-08T06:00:00Z,tribes_blackfeet_Blackfeet,Blackfeet,EVI,1547.91303345426
2003-10-08T06:00:00Z,tribes_blackfeet_Blackfeet,Blackfeet,NDVI,2687.9566280773515
2003-10-08T06:00:00Z,tribes_flathead_Flathead,Flathead,EVI,2077.8014762012403
2003-10-08T06:00:00Z,tribes_flathead_Flathead,Flathead,NDVI,4428.7716300370275
2003-10-24T06:00:00Z,tribes_northern-cheyenne_Northern Cheyenne,Northern Cheyenne,EVI,1617.988723095362
2003-10-24T06:00:00Z,tribes_northern-cheyenne_Northern Cheyenne,Northern Cheyenne,NDVI,3124.5414120320356
2003-10-24T06:00:00Z,tribes_crow_Crow,Crow,EVI,1424.605834300028
2003-10-24T06:00:00Z,tribes_crow_Crow,Crow,NDVI,2575.0018353215655
2003-10-24T06:00:00Z,tribes_fort-peck_Fort Peck,Fort Peck,EVI,1231.8312925245837
2003-10-24T06:00:00Z,tribes_fort-peck_Fort Peck,Fort Peck,NDVI,1978.4660380535638
2003-10-24T06:00:00Z,tribes_fort-belknap_Fort Belknap,Fort Belknap,EVI,1393.019113825577
2003-10-24T06:00:00Z,tribes_fort-belknap_Fort Belknap,Fort Belknap,NDVI,2186.069185831525
2003-10-24T06:00:00Z,tribes_rocky-boys_Rocky Boy's,Rocky Boy's,EVI,1648.9266380211793
2003-10-24T06:00:00Z,tribes_rocky-boys_Rocky Boy's,Rocky Boy's,NDVI,2557.0521795955888
2003-10-24T06:00:00Z,tribes_blackfeet_Blackfeet,Blackfeet,EVI,1516.3647385295951
2003-10-24T06:00:00Z,tribes_blackfeet_Blackfeet,Blackfeet,NDVI,2662.4649022506574
2003-10-24T06:00:00Z,tribes_flathead_Flathead,Flathead,EVI,1926.841330811007
2003-10-24T06:00:00Z,tribes_flathead_Flathead,Flathead,NDVI,4457.221723224774
2003-11-09T07:00:00Z,tribes_northern-cheyenne_Northern Cheyenne,Northern Cheyenne,EVI,1478.639742543692
2003-11-09T07:00:00Z,tribes_northern-cheyenne_Northern Cheyenne,Northern Cheyenne,NDVI,2940.426984730706
2003-11-09T07:00:00Z,tribes_crow_Crow,Crow,EVI,1230.886330338764
2003-11-09T07:00:00Z,tribes_crow_Crow,Crow,NDVI,2173.756780587829
2003-11-09T07:00:00Z,tribes_fort-peck_Fort Peck,Fort Peck,EVI,NA
2003-11-09T07:00:00Z,tribes_fort-peck_Fort Peck,Fort Peck,NDVI,NA
2003-11-09T07:00:00Z,tribes_fort-belknap_Fort Belknap,Fort Belknap,EVI,1089.5053521583573
2003-11-09T07:00:00Z,tribes_fort-belknap_Fort Belknap,Fort Belknap,NDVI,1809.9926397881961
2003-11-09T07:00:00Z,tribes_rocky-boys_Rocky Boy's,Rocky Boy's,EVI,NA
2003-11-09T07:00:00Z,tribes_rocky-boys_Rocky Boy's,Rocky Boy's,NDVI,NA
2003-11-09T07:00:00Z,tribes_blackfeet_Blackfeet,Blackfeet,EVI,1093.6625380540863
2003-11-09T07:00:00Z,tribes_blackfeet_Blackfeet,Blackfeet,NDVI,1731.9012101338571
2003-11-09T07:00:00Z,tribes_flathead_Flathead,Flathead,EVI,1487.198203735687
2003-11-09T07:00:00Z,tribes_flathead_Flathead,Flathead,NDVI,3431.946166905103
2003-11-25T07:00:00Z,tribes_northern-cheyenne_Northern Cheyenne,Northern Cheyenne,EVI,1090.0177737382005
2003-11-25T07:00:00Z,tribes_northern-cheyenne_Northern Cheyenne,Northern Cheyenne,NDVI,2625.727311057169
2003-11-25T07:00:00Z,tribes_crow_Crow,Crow,EVI,1083.604132894691
2003-11-25T07:00:00Z,tribes_crow_Crow,Crow,NDVI,2057.684823798383
2003-11-25T07:00:00Z,tribes_fort-peck_Fort Peck,Fort Peck,EVI,NA
2003-11-25T07:00:00Z,tribes_fort-peck_Fort Peck,Fort Peck,NDVI,NA
2003-11-25T07:00:00Z,tribes_fort-belknap_Fort Belknap,Fort Belknap,EVI,1189.1252007332776
2003-11-25T07:00:00Z,tribes_fort-belknap_Fort Belknap,Fort Belknap,NDVI,2163.686193559908
2003-11-25T07:00:00Z,tribes_rocky-boys_Rocky Boy's,Rocky Boy's,EVI,1114.3256625083718
2003-11-25T07:00:00Z,tribes_rocky-boys_Rocky Boy's,Rocky Boy's,NDVI,2070.0981700399757
2003-11-25T07:00:00Z,tribes_blackfeet_Blackfeet,Blackfeet,EVI,1129.150423634248
2003-11-25T07:00:00Z,tribes_blackfeet_Blackfeet,Blackfeet,NDVI,1848.0167200303424
2003-11-25T07:00:00Z,tribes_flathead_Flathead,Flathead,EVI,1627.5078743612687
2003-11-25T07:00:00Z,tribes_flathead_Flathead,Flathead,NDVI,3380.950422096148
2003-12-11T07:00:00Z,tribes_northern-cheyenne_Northern Cheyenne,Northern Cheyenne,EVI,1354.5804454089648
2003-12-11T07:00:00Z,tribes_northern-cheyenne_Northern Cheyenne,Northern Cheyenne,NDVI,2504.4089790775943
2003-12-11T07:00:00Z,tribes_crow_Crow,Crow,EVI,1056.2205515355517
2003-12-11T07:00:00Z,tribes_crow_Crow,Crow,NDVI,1893.2656488061905
2003-12-11T07:00:00Z,tribes_fort-peck_Fort Peck,Fort Peck,EVI,NA
2003-12-11T07:00:00Z,tribes_fort-peck_Fort Peck,Fort Peck,NDVI,NA
2003-12-11T07:00:00Z,tribes_fort-belknap_Fort Belknap,Fort Belknap,EVI,1077.3770043833538
2003-12-11T07:00:00Z,tribes_fort-belknap_Fort Belknap,Fort Belknap,NDVI,2021.2681545848377
2003-12-11T07:00:00Z,tribes_rocky-boys_Rocky Boy's,Rocky Boy's,EVI,1093.8175101232052
2003-12-11T07:00:00Z,tribes_rocky-boys_Rocky Boy's,Rocky Boy's,NDVI,2040.9758503481935
2003-12-11T07:00:00Z,tribes_blackfeet_Blackfeet,Blackfeet,EVI,1120.9713641958874
2003-12-11T07:00:00Z,tribes_blackfeet_Blackfeet,Blackfeet,NDVI,1825.4718598012182
2003-12-11T07:00:00Z,tribes_flathead_Flathead,Flathead,EVI,1558.107690231586
2003-12-11T07:00:00Z,tribes_flathead_Flathead,Flathead,NDVI,3346.443877004507
2003-12-27T07:00:00Z,tribes_northern-cheyenne_Northern Cheyenne,Northern Cheyenne,EVI,NA
2003-12-27T07:00:00Z,tribes_northern-cheyenne_Northern Cheyenne,Northern Cheyenne,NDVI,NA
2003-12-27T07:00:00Z,tribes_crow_Crow,Crow,EVI,NA
2003-12-27T07:00:00Z,tribes_crow_Crow,Crow,NDVI,NA
2003-12-27T07:00:00Z,tribes_fort-peck_Fort Peck,Fort Peck,EVI,NA
2003-12-27T07:00:00Z,tribes_fort-peck_Fort Peck,Fort Peck,NDVI,NA
2003-12-27T07:00:00Z,tribes_fort-belknap_Fort Belknap,Fort Belknap,EVI,NA
2003-12-27T07:00:00Z,tribes_fort-belknap_Fort Belknap,Fort Belknap,NDVI,NA
2003-12-27T07:00:00Z,tribes_rocky-boys_Rocky Boy's,Rocky Boy's,EVI,NA
2003-12-27T07:00:00Z,tribes_rocky-boys_Rocky Boy's,Rocky Boy's,NDVI,NA
2003-12-27T07:00:00Z,tribes_blackfeet_Blackfeet,Blackfeet,EVI,NA
2003-12-27T07:00:00Z,tribes_blackfeet_Blackfeet,Blackfeet,NDVI,NA
2003-12-27T07:00:00Z,tribes_flathead_Flathead,Flathead,EVI,NA
2003-12-27T07:00:00Z,tribes_flathead_Flathead,Flathead,NDVI,NA
2004-01-09T07:00:00Z,tribes_northern-cheyenne_Northern Cheyenne,Northern Cheyenne,EVI,NA
2004-01-09T07:00:00Z,tribes_northern-cheyenne_Northern Cheyenne,Northern Cheyenne,NDVI,NA
2004-01-09T07:00:00Z,tribes_crow_Crow,Crow,EVI,1069.1240777910514
2004-01-09T07:00:00Z,tribes_crow_Crow,Crow,NDVI,1821.2117442880512
2004-01-09T07:00:00Z,tribes_fort-peck_Fort Peck,Fort Peck,EVI,NA
2004-01-09T07:00:00Z,tribes_fort-peck_Fort Peck,Fort Peck,NDVI,NA
2004-01-09T07:00:00Z,tribes_fort-belknap_Fort Belknap,Fort Belknap,EVI,NA
2004-01-09T07:00:00Z,tribes_fort-belknap_Fort Belknap,Fort Belknap,NDVI,NA
2004-01-09T07:00:00Z,tribes_rocky-boys_Rocky Boy's,Rocky Boy's,EVI,NA
2004-01-09T07:00:00Z,tribes_rocky-boys_Rocky Boy's,Rocky Boy's,NDVI,NA
2004-01-09T07:00:00Z,tribes_blackfeet_Blackfeet,Blackfeet,EVI,1041.6724980866445
2004-01-09T07:00:00Z,tribes_blackfeet_Blackfeet,Blackfeet,NDVI,1695.7604479807774
2004-01-09T07:00:00Z,tribes_flathead_Flathead,Flathead,EVI,1247.568345323741
2004-01-09T07:00:00Z,tribes_flathead_Flathead,Flathead,NDVI,3583
2004-01-25T07:00:00Z,tribes_northern-cheyenne_Northern Cheyenne,Northern Cheyenne,EVI,NA
2004-01-25T07:00:00Z,tribes_northern-cheyenne_Northern Cheyenne,Northern Cheyenne,NDVI,NA
2004-01-25T07:00:00Z,tribes_crow_Crow,Crow,EVI,1094.6536138667063
2004-01-25T07:00:00Z,tribes_crow_Crow,Crow,NDVI,1773.5992116087439
2004-01-25T07:00:00Z,tribes_fort-peck_Fort Peck,Fort Peck,EVI,NA
2004-01-25T07:00:00Z,tribes_fort-peck_Fort Peck,Fort Peck,NDVI,NA
2004-01-25T07:00:00Z,tribes_fort-belknap_Fort Belknap,Fort Belknap,EVI,NA
2004-01-25T07:00:00Z,tribes_fort-belknap_Fort Belknap,Fort Belknap,NDVI,NA
2004-01-25T07:00:00Z,tribes_rocky-boys_Rocky Boy's,Rocky Boy's,EVI,NA
2004-01-25T07:00:00Z,tribes_rocky-boys_Rocky Boy's,Rocky Boy's,NDVI,NA
2004-01-25T07:00:00Z,tribes_blackfeet_Blackfeet,Blackfeet,EVI,NA
2004-01-25T07:00:00Z,tribes_blackfeet_Blackfeet,Blackfeet,NDVI,NA
2004-01-25T07:00:00Z,tribes_flathead_Flathead,Flathead,EVI,1524.1559633027523
2004-01-25T07:00:00Z,tribes_flathead_Flathead,Flathead,NDVI,2828.429416987274
2004-02-10T07:00:00Z,tribes_northern-cheyenne_Northern Cheyenne,Northern Cheyenne,EVI,1080.6532792353469
2004-02-10T07:00:00Z,tribes_northern-cheyenne_Northern Cheyenne,Northern Cheyenne,NDVI,1957.1533342576815
2004-02-10T07:00:00Z,tribes_crow_Crow,Crow,EVI,1037.0573464895854
2004-02-10T07:00:00Z,tribes_crow_Crow,Crow,NDVI,1768.1500955840752
2004-02-10T07:00:00Z,tribes_fort-peck_Fort Peck,Fort Peck,EVI,NA
2004-02-10T07:00:00Z,tribes_fort-peck_Fort Peck,Fort Peck,NDVI,NA
2004-02-10T07:00:00Z,tribes_fort-belknap_Fort Belknap,Fort Belknap,EVI,NA
2004-02-10T07:00:00Z,tribes_fort-belknap_Fort Belknap,Fort Belknap,NDVI,NA
2004-02-10T07:00:00Z,tribes_rocky-boys_Rocky Boy's,Rocky Boy's,EVI,NA
2004-02-10T07:00:00Z,tribes_rocky-boys_Rocky Boy's,Rocky Boy's,NDVI,NA
2004-02-10T07:00:00Z,tribes_blackfeet_Blackfeet,Blackfeet,EVI,1024.4881983829039
2004-02-10T07:00:00Z,tribes_blackfeet_Blackfeet,Blackfeet,NDVI,1713.3549844261975
2004-02-10T07:00:00Z,tribes_flathead_Flathead,Flathead,EVI,1243.1871314715572
2004-02-10T07:00:00Z,tribes_flathead_Flathead,Flathead,NDVI,2640.3960555835088
2004-02-26T07:00:00Z,tribes_northern-cheyenne_Northern Cheyenne,Northern Cheyenne,EVI,1293.949319039683
2004-02-26T07:00:00Z,tribes_northern-cheyenne_Northern Cheyenne,Northern Cheyenne,NDVI,2377.264451853835
2004-02-26T07:00:00Z,tribes_crow_Crow,Crow,EVI,1083.566425477157
2004-02-26T07:00:00Z,tribes_crow_Crow,Crow,NDVI,1869.768344266437
2004-02-26T07:00:00Z,tribes_fort-peck_Fort Peck,Fort Peck,EVI,NA
2004-02-26T07:00:00Z,tribes_fort-peck_Fort Peck,Fort Peck,NDVI,NA
2004-02-26T07:00:00Z,tribes_fort-belknap_Fort Belknap,Fort Belknap,EVI,1113.3843906610705
2004-02-26T07:00:00Z,tribes_fort-belknap_Fort Belknap,Fort Belknap,NDVI,1881.4517705168848
2004-02-26T07:00:00Z,tribes_rocky-boys_Rocky Boy's,Rocky Boy's,EVI,1173
2004-02-26T07:00:00Z,tribes_rocky-boys_Rocky Boy's,Rocky Boy's,NDVI,1624
2004-02-26T07:00:00Z,tribes_blackfeet_Blackfeet,Blackfeet,EVI,1156.8126445303394
2004-02-26T07:00:00Z,tribes_blackfeet_Blackfeet,Blackfeet,NDVI,1769.2166707072797
2004-02-26T07:00:00Z,tribes_flathead_Flathead,Flathead,EVI,1710.723506474737
2004-02-26T07:00:00Z,tribes_flathead_Flathead,Flathead,NDVI,3072.186154958756
2004-03-13T07:00:00Z,tribes_northern-cheyenne_Northern Cheyenne,Northern Cheyenne,EVI,1350.980251694103
2004-03-13T07:00:00Z,tribes_northern-cheyenne_Northern Cheyenne,Northern Cheyenne,NDVI,2732.075653811784
2004-03-13T07:00:00Z,tribes_crow_Crow,Crow,EVI,1277.3244179598114
2004-03-13T07:00:00Z,tribes_crow_Crow,Crow,NDVI,2237.752458508296
2004-03-13T07:00:00Z,tribes_fort-peck_Fort Peck,Fort Peck,EVI,884.153419658434
2004-03-13T07:00:00Z,tribes_fort-peck_Fort Peck,Fort Peck,NDVI,1591.763946638037
2004-03-13T07:00:00Z,tribes_fort-belknap_Fort Belknap,Fort Belknap,EVI,1168.808513250742
2004-03-13T07:00:00Z,tribes_fort-belknap_Fort Belknap,Fort Belknap,NDVI,2137.1466980414707
2004-03-13T07:00:00Z,tribes_rocky-boys_Rocky Boy's,Rocky Boy's,EVI,1182.7692887868636
2004-03-13T07:00:00Z,tribes_rocky-boys_Rocky Boy's,Rocky Boy's,NDVI,2202.5850079036168
2004-03-13T07:00:00Z,tribes_blackfeet_Blackfeet,Blackfeet,EVI,1174.777728029863
2004-03-13T07:00:00Z,tribes_blackfeet_Blackfeet,Blackfeet,NDVI,1864.7328898468209
2004-03-13T07:00:00Z,tribes_flathead_Flathead,Flathead,EVI,1976.6084707221507
2004-03-13T07:00:00Z,tribes_flathead_Flathead,Flathead,NDVI,3856.0890389675205
2004-03-29T07:00:00Z,tribes_northern-cheyenne_Northern Cheyenne,Northern Cheyenne,EVI,1642.0105213293848
2004-03-29T07:00:00Z,tribes_northern-cheyenne_Northern Cheyenne,Northern Cheyenne,NDVI,3025.2790230593796
2004-03-29T07:00:00Z,tribes_crow_Crow,Crow,EVI,1711.3255765189933
2004-03-29T07:00:00Z,tribes_crow_Crow,Crow,NDVI,2980.320115726957
2004-03-29T07:00:00Z,tribes_fort-peck_Fort Peck,Fort Peck,EVI,1037.0744857339826
2004-03-29T07:00:00Z,tribes_fort-peck_Fort Peck,Fort Peck,NDVI,1865.6279667145227
2004-03-29T07:00:00Z,tribes_fort-belknap_Fort Belknap,Fort Belknap,EVI,1345.1194914307614
2004-03-29T07:00:00Z,tribes_fort-belknap_Fort Belknap,Fort Belknap,NDVI,2363.418502045781
2004-03-29T07:00:00Z,tribes_rocky-boys_Rocky Boy's,Rocky Boy's,EVI,1458.232631194245
2004-03-29T07:00:00Z,tribes_rocky-boys_Rocky Boy's,Rocky Boy's,NDVI,2753.7198125091095
2004-03-29T07:00:00Z,tribes_blackfeet_Blackfeet,Blackfeet,EVI,1339.4668050596988
2004-03-29T07:00:00Z,tribes_blackfeet_Blackfeet,Blackfeet,NDVI,2304.557771937152
2004-03-29T07:00:00Z,tribes_flathead_Flathead,Flathead,EVI,2410.6406494802923
2004-03-29T07:00:00Z,tribes_flathead_Flathead,Flathead,NDVI,4671.8150259699705
2004-04-14T06:00:00Z,tribes_northern-cheyenne_Northern Cheyenne,Northern Cheyenne,EVI,1818.0290457488472
2004-04-14T06:00:00Z,tribes_northern-cheyenne_Northern Cheyenne,Northern Cheyenne,NDVI,3548.459501575681
2004-04-14T06:00:00Z,tribes_crow_Crow,Crow,EVI,2078.3629316618167
2004-04-14T06:00:00Z,tribes_crow_Crow,Crow,NDVI,3437.751511687033
2004-04-14T06:00:00Z,tribes_fort-peck_Fort Peck,Fort Peck,EVI,1250.6215854972993
2004-04-14T06:00:00Z,tribes_fort-peck_Fort Peck,Fort Peck,NDVI,2195.0935873745857
2004-04-14T06:00:00Z,tribes_fort-belknap_Fort Belknap,Fort Belknap,EVI,1735.9950789985812
2004-04-14T06:00:00Z,tribes_fort-belknap_Fort Belknap,Fort Belknap,NDVI,2788.6607087511893
2004-04-14T06:00:00Z,tribes_rocky-boys_Rocky Boy's,Rocky Boy's,EVI,1985.5710919436951
2004-04-14T06:00:00Z,tribes_rocky-boys_Rocky Boy's,Rocky Boy's,NDVI,3631.334050169145
2004-04-14T06:00:00Z,tribes_blackfeet_Blackfeet,Blackfeet,EVI,1580.9019834417193
2004-04-14T06:00:00Z,tribes_blackfeet_Blackfeet,Blackfeet,NDVI,2704.540014355158
2004-04-14T06:00:00Z,tribes_flathead_Flathead,Flathead,EVI,2717.053469099213
2004-04-14T06:00:00Z,tribes_flathead_Flathead,Flathead,NDVI,5210.092079149975
2004-04-30T06:00:00Z,tribes_northern-cheyenne_Northern Cheyenne,Northern Cheyenne,EVI,2084.8225829402822
2004-04-30T06:00:00Z,tribes_northern-cheyenne_Northern Cheyenne,Northern Cheyenne,NDVI,3646.594868184531
2004-04-30T06:00:00Z,tribes_crow_Crow,Crow,EVI,2353.640702862453
2004-04-30T06:00:00Z,tribes_crow_Crow,Crow,NDVI,3788.9748584912595
2004-04-30T06:00:00Z,tribes_fort-peck_Fort Peck,Fort Peck,EVI,1538.6564614427043
2004-04-30T06:00:00Z,tribes_fort-peck_Fort Peck,Fort Peck,NDVI,2516.4333664053775
2004-04-30T06:00:00Z,tribes_fort-belknap_Fort Belknap,Fort Belknap,EVI,1876.348110396606
2004-04-30T06:00:00Z,tribes_fort-belknap_Fort Belknap,Fort Belknap,NDVI,3125.4392816211907
2004-04-30T06:00:00Z,tribes_rocky-boys_Rocky Boy's,Rocky Boy's,EVI,2561.8004199408606
2004-04-30T06:00:00Z,tribes_rocky-boys_Rocky Boy's,Rocky Boy's,NDVI,4360.3985976896
2004-04-30T06:00:00Z,tribes_blackfeet_Blackfeet,Blackfeet,EVI,2001.1248210647484
2004-04-30T06:00:00Z,tribes_blackfeet_Blackfeet,Blackfeet,NDVI,3081.674284926751
2004-04-30T06:00:00Z,tribes_flathead_Flathead,Flathead,EVI,3027.687570671637
2004-04-30T06:00:00Z,tribes_flathead_Flathead,Flathead,NDVI,5387.011482565748
2004-05-16T06:00:00Z,tribes_northern-cheyenne_Northern Cheyenne,Northern Cheyenne,EVI,2385.7597496187054
2004-05-16T06:00:00Z,tribes_northern-cheyenne_Northern Cheyenne,Northern Cheyenne,NDVI,3754.722220322598
2004-05-16T06:00:00Z,tribes_crow_Crow,Crow,EVI,2748.315298273748
2004-05-16T06:00:00Z,tribes_crow_Crow,Crow,NDVI,4291.708497405795
2004-05-16T06:00:00Z,tribes_fort-peck_Fort Peck,Fort Peck,EVI,1904.2078786147147
2004-05-16T06:00:00Z,tribes_fort-peck_Fort Peck,Fort Peck,NDVI,3103.230183900038
2004-05-16T06:00:00Z,tribes_fort-belknap_Fort Belknap,Fort Belknap,EVI,2391.7658971977025
2004-05-16T06:00:00Z,tribes_fort-belknap_Fort Belknap,Fort Belknap,NDVI,3811.4144880238014
2004-05-16T06:00:00Z,tribes_rocky-boys_Rocky Boy's,Rocky Boy's,EVI,2714.9705664609373
2004-05-16T06:00:00Z,tribes_rocky-boys_Rocky Boy's,Rocky Boy's,NDVI,4094.612495011048
2004-05-16T06:00:00Z,tribes_blackfeet_Blackfeet,Blackfeet,EVI,2383.39658813962
2004-05-16T06:00:00Z,tribes_blackfeet_Blackfeet,Blackfeet,NDVI,4007.735184901039
2004-05-16T06:00:00Z,tribes_flathead_Flathead,Flathead,EVI,3443.9637424227876
2004-05-16T06:00:00Z,tribes_flathead_Flathead,Flathead,NDVI,5449.706873118427
2004-06-01T06:00:00Z,tribes_northern-cheyenne_Northern Cheyenne,Northern Cheyenne,EVI,2301.9720573638256
2004-06-01T06:00:00Z,tribes_northern-cheyenne_Northern Cheyenne,Northern Cheyenne,NDVI,4000.878219295692
2004-06-01T06:00:00Z,tribes_crow_Crow,Crow,EVI,2710.8928309174457
2004-06-01T06:00:00Z,tribes_crow_Crow,Crow,NDVI,4330.600108503794
2004-06-01T06:00:00Z,tribes_fort-peck_Fort Peck,Fort Peck,EVI,2311.9884031274873
2004-06-01T06:00:00Z,tribes_fort-peck_Fort Peck,Fort Peck,NDVI,3902.6378961827645
2004-06-01T06:00:00Z,tribes_fort-belknap_Fort Belknap,Fort Belknap,EVI,2939.8327302954353
2004-06-01T06:00:00Z,tribes_fort-belknap_Fort Belknap,Fort Belknap,NDVI,4603.140768115737
2004-06-01T06:00:00Z,tribes_rocky-boys_Rocky Boy's,Rocky Boy's,EVI,3592.0652272713987
2004-06-01T06:00:00Z,tribes_rocky-boys_Rocky Boy's,Rocky Boy's,NDVI,5741.759056192741
2004-06-01T06:00:00Z,tribes_blackfeet_Blackfeet,Blackfeet,EVI,2867.948312657859
2004-06-01T06:00:00Z,tribes_blackfeet_Blackfeet,Blackfeet,NDVI,4574.147439844026
2004-06-01T06:00:00Z,tribes_flathead_Flathead,Flathead,EVI,3599.07488672284
2004-06-01T06:00:00Z,tribes_flathead_Flathead,Flathead,NDVI,6000.349818327075
2004-06-17T06:00:00Z,tribes_northern-cheyenne_Northern Cheyenne,Northern Cheyenne,EVI,2456.557481861696
2004-06-17T06:00:00Z,tribes_northern-cheyenne_Northern Cheyenne,Northern Cheyenne,NDVI,3926.3720266892424
2004-06-17T06:00:00Z,tribes_crow_Crow,Crow,EVI,2706.5908192324728
2004-06-17T06:00:00Z,tribes_crow_Crow,Crow,NDVI,4202.213361767512
2004-06-17T06:00:00Z,tribes_fort-peck_Fort Peck,Fort Peck,EVI,3302.96074046314
2004-06-17T06:00:00Z,tribes_fort-peck_Fort Peck,Fort Peck,NDVI,5500.741267933868
2004-06-17T06:00:00Z,tribes_fort-belknap_Fort Belknap,Fort Belknap,EVI,3321.8790471008047
2004-06-17T06:00:00Z,tribes_fort-belknap_Fort Belknap,Fort Belknap,NDVI,5095.276767448694
2004-06-17T06:00:00Z,tribes_rocky-boys_Rocky Boy's,Rocky Boy's,EVI,4008.138869414504
2004-06-17T06:00:00Z,tribes_rocky-boys_Rocky Boy's,Rocky Boy's,NDVI,6591.3445254631315
2004-06-17T06:00:00Z,tribes_blackfeet_Blackfeet,Blackfeet,EVI,3452.4639518093845
2004-06-17T06:00:00Z,tribes_blackfeet_Blackfeet,Blackfeet,NDVI,5211.534297015401
2004-06-17T06:00:00Z,tribes_flathead_Flathead,Flathead,EVI,3296.731875201601
2004-06-17T06:00:00Z,tribes_flathead_Flathead,Flathead,NDVI,6068.956923559926
2004-07-03T06:00:00Z,tribes_northern-cheyenne_Northern Cheyenne,Northern Cheyenne,EVI,2175.737651217643
2004-07-03T06:00:00Z,tribes_northern-cheyenne_Northern Cheyenne,Northern Cheyenne,NDVI,3868.6585018867413
2004-07-03T06:00:00Z,tribes_crow_Crow,Crow,EVI,2514.468647602515
2004-07-03T06:00:00Z,tribes_crow_Crow,Crow,NDVI,4191.049138480068
2004-07-03T06:00:00Z,tribes_fort-peck_Fort Peck,Fort Peck,EVI,3762.1343996670566
2004-07-03T06:00:00Z,tribes_fort-peck_Fort Peck,Fort Peck,NDVI,5983.056459760177
2004-07-03T06:00:00Z,tribes_fort-belknap_Fort Belknap,Fort Belknap,EVI,2891.4778279482975
2004-07-03T06:00:00Z,tribes_fort-belknap_Fort Belknap,Fort Belknap,NDVI,4874.762424049633
2004-07-03T06:00:00Z,tribes_rocky-boys_Rocky Boy's,Rocky Boy's,EVI,3893.5866862528173
2004-07-03T06:00:00Z,tribes_rocky-boys_Rocky Boy's,Rocky Boy's,NDVI,6476.7906214290015
2004-07-03T06:00:00Z,tribes_blackfeet_Blackfeet,Blackfeet,EVI,3381.8877187562102
2004-07-03T06:00:00Z,tribes_blackfeet_Blackfeet,Blackfeet,NDVI,5559.661991730006
2004-07-03T06:00:00Z,tribes_flathead_Flathead,Flathead,EVI,3302.671074689383
2004-07-03T06:00:00Z,tribes_flathead_Flathead,Flathead,NDVI,5754.379767497705
2004-07-19T06:00:00Z,tribes_northern-cheyenne_Northern Cheyenne,Northern Cheyenne,EVI,2101.896694727438
2004-07-19T06:00:00Z,tribes_northern-cheyenne_Northern Cheyenne,Northern Cheyenne,NDVI,3794.148921651403
2004-07-19T06:00:00Z,tribes_crow_Crow,Crow,EVI,2354.1513517307826
2004-07-19T06:00:00Z,tribes_crow_Crow,Crow,NDVI,3817.0432831439084
2004-07-19T06:00:00Z,tribes_fort-peck_Fort Peck,Fort Peck,EVI,3507.71075779336
2004-07-19T06:00:00Z,tribes_fort-peck_Fort Peck,Fort Peck,NDVI,5340.311372091099
2004-07-19T06:00:00Z,tribes_fort-belknap_Fort Belknap,Fort Belknap,EVI,2552.442447668498
2004-07-19T06:00:00Z,tribes_fort-belknap_Fort Belknap,Fort Belknap,NDVI,4179.0020845520285
2004-07-19T06:00:00Z,tribes_rocky-boys_Rocky Boy's,Rocky Boy's,EVI,3439.101627027549
2004-07-19T06:00:00Z,tribes_rocky-boys_Rocky Boy's,Rocky Boy's,NDVI,5626.3458079534275
2004-07-19T06:00:00Z,tribes_blackfeet_Blackfeet,Blackfeet,EVI,2880.6676775997726
2004-07-19T06:00:00Z,tribes_blackfeet_Blackfeet,Blackfeet,NDVI,4836.318416469228
2004-07-19T06:00:00Z,tribes_flathead_Flathead,Flathead,EVI,2845.8708918207967
2004-07-19T06:00:00Z,tribes_flathead_Flathead,Flathead,NDVI,5560.894278446457
2004-08-04T06:00:00Z,tribes_northern-cheyenne_Northern Cheyenne,Northern Cheyenne,EVI,1920.8105911888094
2004-08-04T06:00:00Z,tribes_northern-cheyenne_Northern Cheyenne,Northern Cheyenne,NDVI,3541.2712977070537
2004-08-04T06:00:00Z,tribes_crow_Crow,Crow,EVI,2003.7275076400008
2004-08-04T06:00:00Z,tribes_crow_Crow,Crow,NDVI,3527.2187002534906
2004-08-04T06:00:00Z,tribes_fort-peck_Fort Peck,Fort Peck,EVI,2668.1246608449514
2004-08-04T06:00:00Z,tribes_fort-peck_Fort Peck,Fort Peck,NDVI,4872.371695082502
2004-08-04T06:00:00Z,tribes_fort-belknap_Fort Belknap,Fort Belknap,EVI,2192.8814016143638
2004-08-04T06:00:00Z,tribes_fort-belknap_Fort Belknap,Fort Belknap,NDVI,3843.2531652011194
2004-08-04T06:00:00Z,tribes_rocky-boys_Rocky Boy's,Rocky Boy's,EVI,3004.917039057726
2004-08-04T06:00:00Z,tribes_rocky-boys_Rocky Boy's,Rocky Boy's,NDVI,5395.441593730178
2004-08-04T06:00:00Z,tribes_blackfeet_Blackfeet,Blackfeet,EVI,2598.036341835601
2004-08-04T06:00:00Z,tribes_blackfeet_Blackfeet,Blackfeet,NDVI,4328.161963040881
2004-08-04T06:00:00Z,tribes_flathead_Flathead,Flathead,EVI,2807.5827525895807
2004-08-04T06:00:00Z,tribes_flathead_Flathead,Flathead,NDVI,5288.076688326172
2004-08-20T06:00:00Z,tribes_northern-cheyenne_Northern Cheyenne,Northern Cheyenne,EVI,1873.987653152011
2004-08-20T06:00:00Z,tribes_northern-cheyenne_Northern Cheyenne,Northern Cheyenne,NDVI,3538.0135048434904
2004-08-20T06:00:00Z,tribes_crow_Crow,Crow,EVI,1998.418636492099
2004-08-20T06:00:00Z,tribes_crow_Crow,Crow,NDVI,3357.5354757216105
2004-08-20T06:00:00Z,tribes_fort-peck_Fort Peck,Fort Peck,EVI,2098.776818507271
2004-08-20T06:00:00Z,tribes_fort-peck_Fort Peck,Fort Peck,NDVI,3848.9600596349674
2004-08-20T06:00:00Z,tribes_fort-belknap_Fort Belknap,Fort Belknap,EVI,2053.2644463054176
2004-08-20T06:00:00Z,tribes_fort-belknap_Fort Belknap,Fort Belknap,NDVI,3552.502680963172
2004-08-20T06:00:00Z,tribes_rocky-boys_Rocky Boy's,Rocky Boy's,EVI,2863.1132164059527
2004-08-20T06:00:00Z,tribes_rocky-boys_Rocky Boy's,Rocky Boy's,NDVI,5088.597541218597
2004-08-20T06:00:00Z,tribes_blackfeet_Blackfeet,Blackfeet,EVI,2341.2529408632918
2004-08-20T06:00:00Z,tribes_blackfeet_Blackfeet,Blackfeet,NDVI,4384.589468528724
2004-08-20T06:00:00Z,tribes_flathead_Flathead,Flathead,EVI,2635.573002261488
2004-08-20T06:00:00Z,tribes_flathead_Flathead,Flathead,NDVI,5224.016929439437
2004-09-05T06:00:00Z,tribes_northern-cheyenne_Northern Cheyenne,Northern Cheyenne,EVI,1737.8021078689644
2004-09-05T06:00:00Z,tribes_northern-cheyenne_Northern Cheyenne,Northern Cheyenne,NDVI,3547.9689206022163
2004-09-05T06:00:00Z,tribes_crow_Crow,Crow,EVI,1882.7995616897722
2004-09-05T06:00:00Z,tribes_crow_Crow,Crow,NDVI,3168.1891022017726
2004-09-05T06:00:00Z,tribes_fort-peck_Fort Peck,Fort Peck,EVI,1895.707375531244
2004-09-05T06:00:00Z,tribes_fort-peck_Fort Peck,Fort Peck,NDVI,3337.1949676414774
2004-09-05T06:00:00Z,tribes_fort-belknap_Fort Belknap,Fort Belknap,EVI,1987.099008272037
2004-09-05T06:00:00Z,tribes_fort-belknap_Fort Belknap,Fort Belknap,NDVI,3370.9391462890876
2004-09-05T06:00:00Z,tribes_rocky-boys_Rocky Boy's,Rocky Boy's,EVI,2679.9806029959404
2004-09-05T06:00:00Z,tribes_rocky-boys_Rocky Boy's,Rocky Boy's,NDVI,4882.346155728885
2004-09-05T06:00:00Z,tribes_blackfeet_Blackfeet,Blackfeet,EVI,2148.0398517267035
2004-09-05T06:00:00Z,tribes_blackfeet_Blackfeet,Blackfeet,NDVI,3819.220270911574
2004-09-05T06:00:00Z,tribes_flathead_Flathead,Flathead,EVI,2648.9819921132193
2004-09-05T06:00:00Z,tribes_flathead_Flathead,Flathead,NDVI,5239.544112841011
2004-09-21T06:00:00Z,tribes_northern-cheyenne_Northern Cheyenne,Northern Cheyenne,EVI,1782.2362093005909
2004-09-21T06:00:00Z,tribes_northern-cheyenne_Northern Cheyenne,Northern Cheyenne,NDVI,3554.0632858726112
2004-09-21T06:00:00Z,tribes_crow_Crow,Crow,EVI,1791.7542452945963
2004-09-21T06:00:00Z,tribes_crow_Crow,Crow,NDVI,3345.744914455648
2004-09-21T06:00:00Z,tribes_fort-peck_Fort Peck,Fort Peck,EVI,1589.0706288275583
2004-09-21T06:00:00Z,tribes_fort-peck_Fort Peck,Fort Peck,NDVI,2852.136662541796
2004-09-21T06:00:00Z,tribes_fort-belknap_Fort Belknap,Fort Belknap,EVI,1730.0053040096911
2004-09-21T06:00:00Z,tribes_fort-belknap_Fort Belknap,Fort Belknap,NDVI,3334.077268933166
2004-09-21T06:00:00Z,tribes_rocky-boys_Rocky Boy's,Rocky Boy's,EVI,2379.189156281346
2004-09-21T06:00:00Z,tribes_rocky-boys_Rocky Boy's,Rocky Boy's,NDVI,4617.219951351836
2004-09-21T06:00:00Z,tribes_blackfeet_Blackfeet,Blackfeet,EVI,1949.8314058171509
2004-09-21T06:00:00Z,tribes_blackfeet_Blackfeet,Blackfeet,NDVI,3634.2912634427285
2004-09-21T06:00:00Z,tribes_flathead_Flathead,Flathead,EVI,2665.0812762064043
2004-09-21T06:00:00Z,tribes_flathead_Flathead,Flathead,NDVI,5767.363629983712
2004-10-07T06:00:00Z,tribes_northern-cheyenne_Northern Cheyenne,Northern Cheyenne,EVI,1816.8725096375806
2004-10-07T06:00:00Z,tribes_northern-cheyenne_Northern Cheyenne,Northern Cheyenne,NDVI,3843.1123412990764
2004-10-07T06:00:00Z,tribes_crow_Crow,Crow,EVI,1869.3250796141826
2004-10-07T06:00:00Z,tribes_crow_Crow,Crow,NDVI,3518.6557414748704
2004-10-07T06:00:00Z,tribes_fort-peck_Fort Peck,Fort Peck,EVI,1404.195732522291
2004-10-07T06:00:00Z,tribes_fort-peck_Fort Peck,Fort Peck,NDVI,2407.850851250887
2004-10-07T06:00:00Z,tribes_fort-belknap_Fort Belknap,Fort Belknap,EVI,1502.0464830204505
2004-10-07T06:00:00Z,tribes_fort-belknap_Fort Belknap,Fort Belknap,NDVI,2601.9823776513103
2004-10-07T06:00:00Z,tribes_rocky-boys_Rocky Boy's,Rocky Boy's,EVI,2126.7620582600985
2004-10-07T06:00:00Z,tribes_rocky-boys_Rocky Boy's,Rocky Boy's,NDVI,4041.7850563877973
2004-10-07T06:00:00Z,tribes_blackfeet_Blackfeet,Blackfeet,EVI,1628.5883781048194
2004-10-07T06:00:00Z,tribes_blackfeet_Blackfeet,Blackfeet,NDVI,3072.0931639335067
2004-10-07T06:00:00Z,tribes_flathead_Flathead,Flathead,EVI,2525.702152153414
2004-10-07T06:00:00Z,tribes_flathead_Flathead,Flathead,NDVI,5377.437457876255
2004-10-23T06:00:00Z,tribes_northern-cheyenne_Northern Cheyenne,Northern Cheyenne,EVI,1697.1632547254926
2004-10-23T06:00:00Z,tribes_northern-cheyenne_Northern Cheyenne,Northern Cheyenne,NDVI,3896.7376074843105
2004-10-23T06:00:00Z,tribes_crow_Crow,Crow,EVI,1644.755085589975
2004-10-23T06:00:00Z,tribes_crow_Crow,Crow,NDVI,3274.3495403087663
2004-10-23T06:00:00Z,tribes_fort-peck_Fort Peck,Fort Peck,EVI,1157.847479731771
2004-10-23T06:00:00Z,tribes_fort-peck_Fort Peck,Fort Peck,NDVI,2303.5954657533157
2004-10-23T06:00:00Z,tribes_fort-belknap_Fort Belknap,Fort Belknap,EVI,1367.3029830177752
2004-10-23T06:00:00Z,tribes_fort-belknap_Fort Belknap,Fort Belknap,NDVI,2701.977127345228
2004-10-23T06:00:00Z,tribes_rocky-boys_Rocky Boy's,Rocky Boy's,EVI,1731.4995736117487
2004-10-23T06:00:00Z,tribes_rocky-boys_Rocky Boy's,Rocky Boy's,NDVI,3502.9541090187813
2004-10-23T06:00:00Z,tribes_blackfeet_Blackfeet,Blackfeet,EVI,1380.7647501901445
2004-10-23T06:00:00Z,tribes_blackfeet_Blackfeet,Blackfeet,NDVI,2576.9206730513188
2004-10-23T06:00:00Z,tribes_flathead_Flathead,Flathead,EVI,2469.838473688619
2004-10-23T06:00:00Z,tribes_flathead_Flathead,Flathead,NDVI,4996.504295913616
2004-11-08T07:00:00Z,tribes_northern-cheyenne_Northern Cheyenne,Northern Cheyenne,EVI,1561.559611605211
2004-11-08T07:00:00Z,tribes_northern-cheyenne_Northern Cheyenne,Northern Cheyenne,NDVI,3614.159166166809
2004-11-08T07:00:00Z,tribes_crow_Crow,Crow,EVI,1607.2225622895296
2004-11-08T07:00:00Z,tribes_crow_Crow,Crow,NDVI,3354.598659053496
2004-11-08T07:00:00Z,tribes_fort-peck_Fort Peck,Fort Peck,EVI,1098.0565153722273
2004-11-08T07:00:00Z,tribes_fort-peck_Fort Peck,Fort Peck,NDVI,2176.4806733157266
2004-11-08T07:00:00Z,tribes_fort-belknap_Fort Belknap,Fort Belknap,EVI,1210.4041307618195
2004-11-08T07:00:00Z,tribes_fort-belknap_Fort Belknap,Fort Belknap,NDVI,2449.745993501871
2004-11-08T07:00:00Z,tribes_rocky-boys_Rocky Boy's,Rocky Boy's,EVI,1495.7034130955142
2004-11-08T07:00:00Z,tribes_rocky-boys_Rocky Boy's,Rocky Boy's,NDVI,3332.962571996494
2004-11-08T07:00:00Z,tribes_blackfeet_Blackfeet,Blackfeet,EVI,1346.6542159689443
2004-11-08T07:00:00Z,tribes_blackfeet_Blackfeet,Blackfeet,NDVI,2677.5481714715274
2004-11-08T07:00:00Z,tribes_flathead_Flathead,Flathead,EVI,2178.78399524092
2004-11-08T07:00:00Z,tribes_flathead_Flathead,Flathead,NDVI,5141.525744556518
2004-11-24T07:00:00Z,tribes_northern-cheyenne_Northern Cheyenne,Northern Cheyenne,EVI,1659.7605914900469
2004-11-24T07:00:00Z,tribes_northern-cheyenne_Northern Cheyenne,Northern Cheyenne,NDVI,3367.8396342935034
2004-11-24T07:00:00Z,tribes_crow_Crow,Crow,EVI,1524.355178879475
2004-11-24T07:00:00Z,tribes_crow_Crow,Crow,NDVI,2840.3106511349188
2004-11-24T07:00:00Z,tribes_fort-peck_Fort Peck,Fort Peck,EVI,1198.6437957118033
2004-11-24T07:00:00Z,tribes_fort-peck_Fort Peck,Fort Peck,NDVI,2038.6097353031957
2004-11-24T07:00:00Z,tribes_fort-belknap_Fort Belknap,Fort Belknap,EVI,1245.8088346375387
2004-11-24T07:00:00Z,tribes_fort-belknap_Fort Belknap,Fort Belknap,NDVI,2238.7125179915115
2004-11-24T07:00:00Z,tribes_rocky-boys_Rocky Boy's,Rocky Boy's,EVI,1235.9227651183658
2004-11-24T07:00:00Z,tribes_rocky-boys_Rocky Boy's,Rocky Boy's,NDVI,2284.459188118912
2004-11-24T07:00:00Z,tribes_blackfeet_Blackfeet,Blackfeet,EVI,1091.9468170002626
2004-11-24T07:00:00Z,tribes_blackfeet_Blackfeet,Blackfeet,NDVI,1982.7550277999098
2004-11-24T07:00:00Z,tribes_flathead_Flathead,Flathead,EVI,1907.6962965250368
2004-11-24T07:00:00Z,tribes_flathead_Flathead,Flathead,NDVI,3533.8702505062843
2004-12-10T07:00:00Z,tribes_northern-cheyenne_Northern Cheyenne,Northern Cheyenne,EVI,1504.2088091774408
2004-12-10T07:00:00Z,tribes_northern-cheyenne_Northern Cheyenne,Northern Cheyenne,NDVI,3500.045902088912
2004-12-10T07:00:00Z,tribes_crow_Crow,Crow,EVI,1477.8683073620145
2004-12-10T07:00:00Z,tribes_crow_Crow,Crow,NDVI,2835.76333030607
2004-12-10T07:00:00Z,tribes_fort-peck_Fort Peck,Fort Peck,EVI,1181.1173141179593
2004-12-10T07:00:00Z,tribes_fort-peck_Fort Peck,Fort Peck,NDVI,2075.226267348662
2004-12-10T07:00:00Z,tribes_fort-belknap_Fort Belknap,Fort Belknap,EVI,1124.9227640201273
2004-12-10T07:00:00Z,tribes_fort-belknap_Fort Belknap,Fort Belknap,NDVI,2226.787374961257
2004-12-10T07:00:00Z,tribes_rocky-boys_Rocky Boy's,Rocky Boy's,EVI,1286.3871537341918
2004-12-10T07:00:00Z,tribes_rocky-boys_Rocky Boy's,Rocky Boy's,NDVI,2746.7514013615496
2004-12-10T07:00:00Z,tribes_blackfeet_Blackfeet,Blackfeet,EVI,1166.1257327207904
2004-12-10T07:00:00Z,tribes_blackfeet_Blackfeet,Blackfeet,NDVI,2202.3650186694244
2004-12-10T07:00:00Z,tribes_flathead_Flathead,Flathead,EVI,2009.7553769885942
2004-12-10T07:00:00Z,tribes_flathead_Flathead,Flathead,NDVI,4350.553843381608
2004-12-26T07:00:00Z,tribes_northern-cheyenne_Northern Cheyenne,Northern Cheyenne,EVI,1249.4490216349302
2004-12-26T07:00:00Z,tribes_northern-cheyenne_Northern Cheyenne,Northern Cheyenne,NDVI,2654.7226992276383
2004-12-26T07:00:00Z,tribes_crow_Crow,Crow,EVI,1244.8550968306274
2004-12-26T07:00:00Z,tribes_crow_Crow,Crow,NDVI,2470.1179406459046
2004-12-26T07:00:00Z,tribes_fort-peck_Fort Peck,Fort Peck,EVI,NA
2004-12-26T07:00:00Z,tribes_fort-peck_Fort Peck,Fort Peck,NDVI,NA
2004-12-26T07:00:00Z,tribes_fort-belknap_Fort Belknap,Fort Belknap,EVI,1588.5412013118455
2004-12-26T07:00:00Z,tribes_fort-belknap_Fort Belknap,Fort Belknap,NDVI,2920.341874125523
2004-12-26T07:00:00Z,tribes_rocky-boys_Rocky Boy's,Rocky Boy's,EVI,1255.0529033272248
2004-12-26T07:00:00Z,tribes_rocky-boys_Rocky Boy's,Rocky Boy's,NDVI,2134.9808807867216
2004-12-26T07:00:00Z,tribes_blackfeet_Blackfeet,Blackfeet,EVI,1194.1472175609376
2004-12-26T07:00:00Z,tribes_blackfeet_Blackfeet,Blackfeet,NDVI,2100.853526901552
2004-12-26T07:00:00Z,tribes_flathead_Flathead,Flathead,EVI,NA
2004-12-26T07:00:00Z,tribes_flathead_Flathead,Flathead,NDVI,NA
2005-01-09T07:00:00Z,tribes_northern-cheyenne_Northern Cheyenne,Northern Cheyenne,EVI,1585.7256028963823
2005-01-09T07:00:00Z,tribes_northern-cheyenne_Northern Cheyenne,Northern Cheyenne,NDVI,3282.9590264085823
2005-01-09T07:00:00Z,tribes_crow_Crow,Crow,EVI,1390.756450978954
2005-01-09T07:00:00Z,tribes_crow_Crow,Crow,NDVI,2857.954502405591
2005-01-09T07:00:00Z,tribes_fort-peck_Fort Peck,Fort Peck,EVI,NA
2005-01-09T07:00:00Z,tribes_fort-peck_Fort Peck,Fort Peck,NDVI,NA
2005-01-09T07:00:00Z,tribes_fort-belknap_Fort Belknap,Fort Belknap,EVI,1112.9962487445464
2005-01-09T07:00:00Z,tribes_fort-belknap_Fort Belknap,Fort Belknap,NDVI,2115.4249818198073
2005-01-09T07:00:00Z,tribes_rocky-boys_Rocky Boy's,Rocky Boy's,EVI,1355.0607013398144
2005-01-09T07:00:00Z,tribes_rocky-boys_Rocky Boy's,Rocky Boy's,NDVI,2663.280837496011
2005-01-09T07:00:00Z,tribes_blackfeet_Blackfeet,Blackfeet,EVI,1794.4250147746507
2005-01-09T07:00:00Z,tribes_blackfeet_Blackfeet,Blackfeet,NDVI,2989.4520866019852
2005-01-09T07:00:00Z,tribes_flathead_Flathead,Flathead,EVI,2192.478083310974
2005-01-09T07:00:00Z,tribes_flathead_Flathead,Flathead,NDVI,4517.530186559167
2005-01-25T07:00:00Z,tribes_northern-cheyenne_Northern Cheyenne,Northern Cheyenne,EVI,1441.9574760492783
2005-01-25T07:00:00Z,tribes_northern-cheyenne_Northern Cheyenne,Northern Cheyenne,NDVI,3145.305786557129
2005-01-25T07:00:00Z,tribes_crow_Crow,Crow,EVI,1362.720475228829
2005-01-25T07:00:00Z,tribes_crow_Crow,Crow,NDVI,2793.1001849693257
2005-01-25T07:00:00Z,tribes_fort-peck_Fort Peck,Fort Peck,EVI,971.8303888603559
2005-01-25T07:00:00Z,tribes_fort-peck_Fort Peck,Fort Peck,NDVI,1712.2046217928519
2005-01-25T07:00:00Z,tribes_fort-belknap_Fort Belknap,Fort Belknap,EVI,1221.1926160117735
2005-01-25T07:00:00Z,tribes_fort-belknap_Fort Belknap,Fort Belknap,NDVI,2253.121049247562
2005-01-25T07:00:00Z,tribes_rocky-boys_Rocky Boy's,Rocky Boy's,EVI,1402.2727935695566
2005-01-25T07:00:00Z,tribes_rocky-boys_Rocky Boy's,Rocky Boy's,NDVI,2750.5384865562005
2005-01-25T07:00:00Z,tribes_blackfeet_Blackfeet,Blackfeet,EVI,1239.6539446406694
2005-01-25T07:00:00Z,tribes_blackfeet_Blackfeet,Blackfeet,NDVI,2287.2996958993085
2005-01-25T07:00:00Z,tribes_flathead_Flathead,Flathead,EVI,1878.9928877600235
2005-01-25T07:00:00Z,tribes_flathead_Flathead,Flathead,NDVI,4125.776169536305
2005-02-10T07:00:00Z,tribes_northern-cheyenne_Northern Cheyenne,Northern Cheyenne,EVI,1485.264715861366
2005-02-10T07:00:00Z,tribes_northern-cheyenne_Northern Cheyenne,Northern Cheyenne,NDVI,2812.288498817118
2005-02-10T07:00:00Z,tribes_crow_Crow,Crow,EVI,1412.3758503719068
2005-02-10T07:00:00Z,tribes_crow_Crow,Crow,NDVI,2487.019925796028
2005-02-10T07:00:00Z,tribes_fort-peck_Fort Peck,Fort Peck,EVI,954.5893368996977
2005-02-10T07:00:00Z,tribes_fort-peck_Fort Peck,Fort Peck,NDVI,1638.503500034401
2005-02-10T07:00:00Z,tribes_fort-belknap_Fort Belknap,Fort Belknap,EVI,1108.2351668922595
2005-02-10T07:00:00Z,tribes_fort-belknap_Fort Belknap,Fort Belknap,NDVI,2118.4007465536906
2005-02-10T07:00:00Z,tribes_rocky-boys_Rocky Boy's,Rocky Boy's,EVI,1356.443942495072
2005-02-10T07:00:00Z,tribes_rocky-boys_Rocky Boy's,Rocky Boy's,NDVI,2728.2517610939067
2005-02-10T07:00:00Z,tribes_blackfeet_Blackfeet,Blackfeet,EVI,1142.962459501082
2005-02-10T07:00:00Z,tribes_blackfeet_Blackfeet,Blackfeet,NDVI,1977.78326430091
2005-02-10T07:00:00Z,tribes_flathead_Flathead,Flathead,EVI,1894.0972644855403
2005-02-10T07:00:00Z,tribes_flathead_Flathead,Flathead,NDVI,4154.314595371559
2005-02-26T07:00:00Z,tribes_northern-cheyenne_Northern Cheyenne,Northern Cheyenne,EVI,1402.8329611336276
2005-02-26T07:00:00Z,tribes_northern-cheyenne_Northern Cheyenne,Northern Cheyenne,NDVI,2844.8123287209482
2005-02-26T07:00:00Z,tribes_crow_Crow,Crow,EVI,1380.1824271636751
2005-02-26T07:00:00Z,tribes_crow_Crow,Crow,NDVI,2635.9475466211184
2005-02-26T07:00:00Z,tribes_fort-peck_Fort Peck,Fort Peck,EVI,1003.4216432961309
2005-02-26T07:00:00Z,tribes_fort-peck_Fort Peck,Fort Peck,NDVI,1772.877653466744
2005-02-26T07:00:00Z,tribes_fort-belknap_Fort Belknap,Fort Belknap,EVI,1227.8901243708667
2005-02-26T07:00:00Z,tribes_fort-belknap_Fort Belknap,Fort Belknap,NDVI,2106.0166052233485
2005-02-26T07:00:00Z,tribes_rocky-boys_Rocky Boy's,Rocky Boy's,EVI,1524.4526694496203
2005-02-26T07:00:00Z,tribes_rocky-boys_Rocky Boy's,Rocky Boy's,NDVI,2781.0346473106833
2005-02-26T07:00:00Z,tribes_blackfeet_Blackfeet,Blackfeet,EVI,1291.0894591829033
2005-02-26T07:00:00Z,tribes_blackfeet_Blackfeet,Blackfeet,NDVI,2279.329817348557
2005-02-26T07:00:00Z,tribes_flathead_Flathead,Flathead,EVI,1937.9596426700489
2005-02-26T07:00:00Z,tribes_flathead_Flathead,Flathead,NDVI,4209.199343431243
2005-03-14T07:00:00Z,tribes_northern-cheyenne_Northern Cheyenne,Northern Cheyenne,EVI,1561.981908367449
2005-03-14T07:00:00Z,tribes_northern-cheyenne_Northern Cheyenne,Northern Cheyenne,NDVI,3203.524488424476
2005-03-14T07:00:00Z,tribes_crow_Crow,Crow,EVI,1584.4237365305876
2005-03-14T07:00:00Z,tribes_crow_Crow,Crow,NDVI,2831.8591114971564
2005-03-14T07:00:00Z,tribes_fort-peck_Fort Peck,Fort Peck,EVI,968.7602615817675
2005-03-14T07:00:00Z,tribes_fort-peck_Fort Peck,Fort Peck,NDVI,1902.857057363403
2005-03-14T07:00:00Z,tribes_fort-belknap_Fort Belknap,Fort Belknap,EVI,1282.1676917693458
2005-03-14T07:00:00Z,tribes_fort-belknap_Fort Belknap,Fort Belknap,NDVI,2055.0683369996905
2005-03-14T07:00:00Z,tribes_rocky-boys_Rocky Boy's,Rocky Boy's,EVI,NA
2005-03-14T07:00:00Z,tribes_rocky-boys_Rocky Boy's,Rocky Boy's,NDVI,NA
2005-03-14T07:00:00Z,tribes_blackfeet_Blackfeet,Blackfeet,EVI,1056.017045751263
2005-03-14T07:00:00Z,tribes_blackfeet_Blackfeet,Blackfeet,NDVI,1865.5982276337834
2005-03-14T07:00:00Z,tribes_flathead_Flathead,Flathead,EVI,1921.8542609398899
2005-03-14T07:00:00Z,tribes_flathead_Flathead,Flathead,NDVI,3864.8182581464794
2005-03-30T07:00:00Z,tribes_northern-cheyenne_Northern Cheyenne,Northern Cheyenne,EVI,1617.9676276037483
2005-03-30T07:00:00Z,tribes_northern-cheyenne_Northern Cheyenne,Northern Cheyenne,NDVI,3316.6208906080246
2005-03-30T07:00:00Z,tribes_crow_Crow,Crow,EVI,2011.1274909378114
2005-03-30T07:00:00Z,tribes_crow_Crow,Crow,NDVI,3302.579923903074
2005-03-30T07:00:00Z,tribes_fort-peck_Fort Peck,Fort Peck,EVI,1148.8510952184329
2005-03-30T07:00:00Z,tribes_fort-peck_Fort Peck,Fort Peck,NDVI,2115.660578161987
2005-03-30T07:00:00Z,tribes_fort-belknap_Fort Belknap,Fort Belknap,EVI,1569.8893177530092
2005-03-30T07:00:00Z,tribes_fort-belknap_Fort Belknap,Fort Belknap,NDVI,2561.093521301799
2005-03-30T07:00:00Z,tribes_rocky-boys_Rocky Boy's,Rocky Boy's,EVI,1485.9317353374859
2005-03-30T07:00:00Z,tribes_rocky-boys_Rocky Boy's,Rocky Boy's,NDVI,2649.74860273778
2005-03-30T07:00:00Z,tribes_blackfeet_Blackfeet,Blackfeet,EVI,1206.6879334400303
2005-03-30T07:00:00Z,tribes_blackfeet_Blackfeet,Blackfeet,NDVI,2167.412797182885
2005-03-30T07:00:00Z,tribes_flathead_Flathead,Flathead,EVI,2024.5500395083884
2005-03-30T07:00:00Z,tribes_flathead_Flathead,Flathead,NDVI,4121.207519314015
2005-04-15T06:00:00Z,tribes_northern-cheyenne_Northern Cheyenne,Northern Cheyenne,EVI,2053.9228789178414
2005-04-15T06:00:00Z,tribes_northern-cheyenne_Northern Cheyenne,Northern Cheyenne,NDVI,3760.1959063979402
2005-04-15T06:00:00Z,tribes_crow_Crow,Crow,EVI,2383.8833236024607
2005-04-15T06:00:00Z,tribes_crow_Crow,Crow,NDVI,3870.9963963280484
2005-04-15T06:00:00Z,tribes_fort-peck_Fort Peck,Fort Peck,EVI,1365.9359369234714
2005-04-15T06:00:00Z,tribes_fort-peck_Fort Peck,Fort Peck,NDVI,2304.459257544799
2005-04-15T06:00:00Z,tribes_fort-belknap_Fort Belknap,Fort Belknap,EVI,1758.4768361045105
2005-04-15T06:00:00Z,tribes_fort-belknap_Fort Belknap,Fort Belknap,NDVI,3088.817646703883
2005-04-15T06:00:00Z,tribes_rocky-boys_Rocky Boy's,Rocky Boy's,EVI,1820.65851997412
2005-04-15T06:00:00Z,tribes_rocky-boys_Rocky Boy's,Rocky Boy's,NDVI,3582.5198823170917
2005-04-15T06:00:00Z,tribes_blackfeet_Blackfeet,Blackfeet,EVI,1620.3953492407004
2005-04-15T06:00:00Z,tribes_blackfeet_Blackfeet,Blackfeet,NDVI,2854.6442239863236
2005-04-15T06:00:00Z,tribes_flathead_Flathead,Flathead,EVI,2732.6928079073296
2005-04-15T06:00:00Z,tribes_flathead_Flathead,Flathead,NDVI,5217.21580290723
2005-05-01T06:00:00Z,tribes_northern-cheyenne_Northern Cheyenne,Northern Cheyenne,EVI,2354.928691578687
2005-05-01T06:00:00Z,tribes_northern-cheyenne_Northern Cheyenne,Northern Cheyenne,NDVI,4237.552029714343
2005-05-01T06:00:00Z,tribes_crow_Crow,Crow,EVI,2502.946282045488
2005-05-01T06:00:00Z,tribes_crow_Crow,Crow,NDVI,4376.701347108674
2005-05-01T06:00:00Z,tribes_fort-peck_Fort Peck,Fort Peck,EVI,1449.8286160799184
2005-05-01T06:00:00Z,tribes_fort-peck_Fort Peck,Fort Peck,NDVI,2598.955012495947
2005-05-01T06:00:00Z,tribes_fort-belknap_Fort Belknap,Fort Belknap,EVI,2013.0972206530657
2005-05-01T06:00:00Z,tribes_fort-belknap_Fort Belknap,Fort Belknap,NDVI,3538.2923870321038
2005-05-01T06:00:00Z,tribes_rocky-boys_Rocky Boy's,Rocky Boy's,EVI,2015.0452536076234
2005-05-01T06:00:00Z,tribes_rocky-boys_Rocky Boy's,Rocky Boy's,NDVI,3649.702847374203
2005-05-01T06:00:00Z,tribes_blackfeet_Blackfeet,Blackfeet,EVI,1913.3839363993477
2005-05-01T06:00:00Z,tribes_blackfeet_Blackfeet,Blackfeet,NDVI,3322.6074502249244
2005-05-01T06:00:00Z,tribes_flathead_Flathead,Flathead,EVI,3017.2093072158686
2005-05-01T06:00:00Z,tribes_flathead_Flathead,Flathead,NDVI,5212.6621468640105
2005-05-17T06:00:00Z,tribes_northern-cheyenne_Northern Cheyenne,Northern Cheyenne,EVI,2753.315381382899
2005-05-17T06:00:00Z,tribes_northern-cheyenne_Northern Cheyenne,Northern Cheyenne,NDVI,4887.389224122167
2005-05-17T06:00:00Z,tribes_crow_Crow,Crow,EVI,3208.564622814979
2005-05-17T06:00:00Z,tribes_crow_Crow,Crow,NDVI,5374.875861349724
2005-05-17T06:00:00Z,tribes_fort-peck_Fort Peck,Fort Peck,EVI,1935.777654912366
2005-05-17T06:00:00Z,tribes_fort-peck_Fort Peck,Fort Peck,NDVI,3067.369986169275
2005-05-17T06:00:00Z,tribes_fort-belknap_Fort Belknap,Fort Belknap,EVI,2336.8131766342017
2005-05-17T06:00:00Z,tribes_fort-belknap_Fort Belknap,Fort Belknap,NDVI,4034.153769395006
2005-05-17T06:00:00Z,tribes_rocky-boys_Rocky Boy's,Rocky Boy's,EVI,2899.141185442626
2005-05-17T06:00:00Z,tribes_rocky-boys_Rocky Boy's,Rocky Boy's,NDVI,5308.915565899352
2005-05-17T06:00:00Z,tribes_blackfeet_Blackfeet,Blackfeet,EVI,2617.847912493685
2005-05-17T06:00:00Z,tribes_blackfeet_Blackfeet,Blackfeet,NDVI,4239.174469168619
2005-05-17T06:00:00Z,tribes_flathead_Flathead,Flathead,EVI,3334.1507132027414
2005-05-17T06:00:00Z,tribes_flathead_Flathead,Flathead,NDVI,5939.694700025852
2005-06-02T06:00:00Z,tribes_northern-cheyenne_Northern Cheyenne,Northern Cheyenne,EVI,3518.8591897419738
2005-06-02T06:00:00Z,tribes_northern-cheyenne_Northern Cheyenne,Northern Cheyenne,NDVI,5576.519245330728
2005-06-02T06:00:00Z,tribes_crow_Crow,Crow,EVI,3637.589155287814
2005-06-02T06:00:00Z,tribes_crow_Crow,Crow,NDVI,5539.935147533798
2005-06-02T06:00:00Z,tribes_fort-peck_Fort Peck,Fort Peck,EVI,3108.9229433773003
2005-06-02T06:00:00Z,tribes_fort-peck_Fort Peck,Fort Peck,NDVI,5043.65112815743
2005-06-02T06:00:00Z,tribes_fort-belknap_Fort Belknap,Fort Belknap,EVI,3021.3658344085047
2005-06-02T06:00:00Z,tribes_fort-belknap_Fort Belknap,Fort Belknap,NDVI,4735.253824525432
2005-06-02T06:00:00Z,tribes_rocky-boys_Rocky Boy's,Rocky Boy's,EVI,3792.2709170826747
2005-06-02T06:00:00Z,tribes_rocky-boys_Rocky Boy's,Rocky Boy's,NDVI,5883.616030453351
2005-06-02T06:00:00Z,tribes_blackfeet_Blackfeet,Blackfeet,EVI,3318.7626846712583
2005-06-02T06:00:00Z,tribes_blackfeet_Blackfeet,Blackfeet,NDVI,5653.594708662594
2005-06-02T06:00:00Z,tribes_flathead_Flathead,Flathead,EVI,4132.176670139962
2005-06-02T06:00:00Z,tribes_flathead_Flathead,Flathead,NDVI,6786.6254994261635
2005-06-18T06:00:00Z,tribes_northern-cheyenne_Northern Cheyenne,Northern Cheyenne,EVI,3449.1255113407847
2005-06-18T06:00:00Z,tribes_northern-cheyenne_Northern Cheyenne,Northern Cheyenne,NDVI,5693.546479462942
2005-06-18T06:00:00Z,tribes_crow_Crow,Crow,EVI,3393.986691492035
2005-06-18T06:00:00Z,tribes_crow_Crow,Crow,NDVI,5545.139390715509
2005-06-18T06:00:00Z,tribes_fort-peck_Fort Peck,Fort Peck,EVI,3432.0156835761545
2005-06-18T06:00:00Z,tribes_fort-peck_Fort Peck,Fort Peck,NDVI,5727.33241329724
2005-06-18T06:00:00Z,tribes_fort-belknap_Fort Belknap,Fort Belknap,EVI,3125.2442993615623
2005-06-18T06:00:00Z,tribes_fort-belknap_Fort Belknap,Fort Belknap,NDVI,4948.146274992382
2005-06-18T06:00:00Z,tribes_rocky-boys_Rocky Boy's,Rocky Boy's,EVI,4159.684985536692
2005-06-18T06:00:00Z,tribes_rocky-boys_Rocky Boy's,Rocky Boy's,NDVI,6572.408224058076
2005-06-18T06:00:00Z,tribes_blackfeet_Blackfeet,Blackfeet,EVI,3544.988696042244
2005-06-18T06:00:00Z,tribes_blackfeet_Blackfeet,Blackfeet,NDVI,5661.846942137603
2005-06-18T06:00:00Z,tribes_flathead_Flathead,Flathead,EVI,3483.6309271223663
2005-06-18T06:00:00Z,tribes_flathead_Flathead,Flathead,NDVI,5999.038085615873
2005-07-04T06:00:00Z,tribes_northern-cheyenne_Northern Cheyenne,Northern Cheyenne,EVI,3267.4704999815754
2005-07-04T06:00:00Z,tribes_northern-cheyenne_Northern Cheyenne,Northern Cheyenne,NDVI,5342.592531540121
2005-07-04T06:00:00Z,tribes_crow_Crow,Crow,EVI,3032.6128833219423
2005-07-04T06:00:00Z,tribes_crow_Crow,Crow,NDVI,4976.780253551109
2005-07-04T06:00:00Z,tribes_fort-peck_Fort Peck,Fort Peck,EVI,3375.2264518466677
2005-07-04T06:00:00Z,tribes_fort-peck_Fort Peck,Fort Peck,NDVI,5544.5389891710065
2005-07-04T06:00:00Z,tribes_fort-belknap_Fort Belknap,Fort Belknap,EVI,2784.82377745543
2005-07-04T06:00:00Z,tribes_fort-belknap_Fort Belknap,Fort Belknap,NDVI,4703.383724661513
2005-07-04T06:00:00Z,tribes_rocky-boys_Rocky Boy's,Rocky Boy's,EVI,3935.1736071387577
2005-07-04T06:00:00Z,tribes_rocky-boys_Rocky Boy's,Rocky Boy's,NDVI,6556.615013656646
2005-07-04T06:00:00Z,tribes_blackfeet_Blackfeet,Blackfeet,EVI,3780.991501432117
2005-07-04T06:00:00Z,tribes_blackfeet_Blackfeet,Blackfeet,NDVI,5846.954164820429
2005-07-04T06:00:00Z,tribes_flathead_Flathead,Flathead,EVI,3086.7895741694065
2005-07-04T06:00:00Z,tribes_flathead_Flathead,Flathead,NDVI,5835.070502040884
2005-07-20T06:00:00Z,tribes_northern-cheyenne_Northern Cheyenne,Northern Cheyenne,EVI,2843.9778527306535
2005-07-20T06:00:00Z,tribes_northern-cheyenne_Northern Cheyenne,Northern Cheyenne,NDVI,4730.7603366190915
2005-07-20T06:00:00Z,tribes_crow_Crow,Crow,EVI,2502.020969087428
2005-07-20T06:00:00Z,tribes_crow_Crow,Crow,NDVI,4118.019961608283
2005-07-20T06:00:00Z,tribes_fort-peck_Fort Peck,Fort Peck,EVI,2523.78294782148
2005-07-20T06:00:00Z,tribes_fort-peck_Fort Peck,Fort Peck,NDVI,4477.387832520695
2005-07-20T06:00:00Z,tribes_fort-belknap_Fort Belknap,Fort Belknap,EVI,2236.8805803571236
2005-07-20T06:00:00Z,tribes_fort-belknap_Fort Belknap,Fort Belknap,NDVI,3792.084514394219
2005-07-20T06:00:00Z,tribes_rocky-boys_Rocky Boy's,Rocky Boy's,EVI,3376.215082251987
2005-07-20T06:00:00Z,tribes_rocky-boys_Rocky Boy's,Rocky Boy's,NDVI,5551.664676254485
2005-07-20T06:00:00Z,tribes_blackfeet_Blackfeet,Blackfeet,EVI,3262.347964344218
2005-07-20T06:00:00Z,tribes_blackfeet_Blackfeet,Blackfeet,NDVI,5191.601010860678
2005-07-20T06:00:00Z,tribes_flathead_Flathead,Flathead,EVI,2951.919096594285
2005-07-20T06:00:00Z,tribes_flathead_Flathead,Flathead,NDVI,5566.050604824462
2005-08-05T06:00:00Z,tribes_northern-cheyenne_Northern Cheyenne,Northern Cheyenne,EVI,2410.8779960890724
2005-08-05T06:00:00Z,tribes_northern-cheyenne_Northern Cheyenne,Northern Cheyenne,NDVI,4362.45087187174
2005-08-05T06:00:00Z,tribes_crow_Crow,Crow,EVI,2170.8175363895994
2005-08-05T06:00:00Z,tribes_crow_Crow,Crow,NDVI,3788.3536526413445
2005-08-05T06:00:00Z,tribes_fort-peck_Fort Peck,Fort Peck,EVI,2025.2364436107364
2005-08-05T06:00:00Z,tribes_fort-peck_Fort Peck,Fort Peck,NDVI,3402.705770732607
2005-08-05T06:00:00Z,tribes_fort-belknap_Fort Belknap,Fort Belknap,EVI,1913.9822432217309
2005-08-05T06:00:00Z,tribes_fort-belknap_Fort Belknap,Fort Belknap,NDVI,3266.6686332601234
2005-08-05T06:00:00Z,tribes_rocky-boys_Rocky Boy's,Rocky Boy's,EVI,2923.3048143820442
2005-08-05T06:00:00Z,tribes_rocky-boys_Rocky Boy's,Rocky Boy's,NDVI,5047.730887959025
2005-08-05T06:00:00Z,tribes_blackfeet_Blackfeet,Blackfeet,EVI,2775.434881535506
2005-08-05T06:00:00Z,tribes_blackfeet_Blackfeet,Blackfeet,NDVI,4731.861257874677
2005-08-05T06:00:00Z,tribes_flathead_Flathead,Flathead,EVI,2649.0110466326205
2005-08-05T06:00:00Z,tribes_flathead_Flathead,Flathead,NDVI,5250.645012311697
2005-08-21T06:00:00Z,tribes_northern-cheyenne_Northern Cheyenne,Northern Cheyenne,EVI,2235.393174186365
2005-08-21T06:00:00Z,tribes_northern-cheyenne_Northern Cheyenne,Northern Cheyenne,NDVI,4155.030630604907
2005-08-21T06:00:00Z,tribes_crow_Crow,Crow,EVI,1959.4910139649048
2005-08-21T06:00:00Z,tribes_crow_Crow,Crow,NDVI,3533.5560025991776
2005-08-21T06:00:00Z,tribes_fort-peck_Fort Peck,Fort Peck,EVI,1920.1635222901646
2005-08-21T06:00:00Z,tribes_fort-peck_Fort Peck,Fort Peck,NDVI,3209.710585816675
2005-08-21T06:00:00Z,tribes_fort-belknap_Fort Belknap,Fort Belknap,EVI,1697.9005886181426
2005-08-21T06:00:00Z,tribes_fort-belknap_Fort Belknap,Fort Belknap,NDVI,2979.825952668016
2005-08-21T06:00:00Z,tribes_rocky-boys_Rocky Boy's,Rocky Boy's,EVI,2474.727562832077
2005-08-21T06:00:00Z,tribes_rocky-boys_Rocky Boy's,Rocky Boy's,NDVI,4420.107651563454
2005-08-21T06:00:00Z,tribes_blackfeet_Blackfeet,Blackfeet,EVI,2506.4655812628534
2005-08-21T06:00:00Z,tribes_blackfeet_Blackfeet,Blackfeet,NDVI,4294.4034884530165
2005-08-21T06:00:00Z,tribes_flathead_Flathead,Flathead,EVI,2507.199124715423
2005-08-21T06:00:00Z,tribes_flathead_Flathead,Flathead,NDVI,4952.489763887177
2005-09-06T06:00:00Z,tribes_northern-cheyenne_Northern Cheyenne,Northern Cheyenne,EVI,2094.0008278974883
2005-09-06T06:00:00Z,tribes_northern-cheyenne_Northern Cheyenne,Northern Cheyenne,NDVI,3757.436103255041
2005-09-06T06:00:00Z,tribes_crow_Crow,Crow,EVI,1803.3941109947298
2005-09-06T06:00:00Z,tribes_crow_Crow,Crow,NDVI,3215.6048356695983
2005-09-06T06:00:00Z,tribes_fort-peck_Fort Peck,Fort Peck,EVI,1706.27290026205
2005-09-06T06:00:00Z,tribes_fort-peck_Fort Peck,Fort Peck,NDVI,2787.9052390960715
2005-09-06T06:00:00Z,tribes_fort-belknap_Fort Belknap,Fort Belknap,EVI,1626.3944162485723
2005-09-06T06:00:00Z,tribes_fort-belknap_Fort Belknap,Fort Belknap,NDVI,2778.8442534004953
2005-09-06T06:00:00Z,tribes_rocky-boys_Rocky Boy's,Rocky Boy's,EVI,2332.7298878774623
2005-09-06T06:00:00Z,tribes_rocky-boys_Rocky Boy's,Rocky Boy's,NDVI,4387.195522221942
2005-09-06T06:00:00Z,tribes_blackfeet_Blackfeet,Blackfeet,EVI,2219.714337828383
2005-09-06T06:00:00Z,tribes_blackfeet_Blackfeet,Blackfeet,NDVI,4090.227709980526
2005-09-06T06:00:00Z,tribes_flathead_Flathead,Flathead,EVI,2421.2727159936994
2005-09-06T06:00:00Z,tribes_flathead_Flathead,Flathead,NDVI,4851.85995485693
2005-09-22T06:00:00Z,tribes_northern-cheyenne_Northern Cheyenne,Northern Cheyenne,EVI,1926.0494161998572
2005-09-22T06:00:00Z,tribes_northern-cheyenne_Northern Cheyenne,Northern Cheyenne,NDVI,3508.695521650863
2005-09-22T06:00:00Z,tribes_crow_Crow,Crow,EVI,1652.5909054093177
2005-09-22T06:00:00Z,tribes_crow_Crow,Crow,NDVI,2997.1708489125303
2005-09-22T06:00:00Z,tribes_fort-peck_Fort Peck,Fort Peck,EVI,1519.249942687219
2005-09-22T06:00:00Z,tribes_fort-peck_Fort Peck,Fort Peck,NDVI,2612.224497801957
2005-09-22T06:00:00Z,tribes_fort-belknap_Fort Belknap,Fort Belknap,EVI,1493.2691397973083
2005-09-22T06:00:00Z,tribes_fort-belknap_Fort Belknap,Fort Belknap,NDVI,2888.540683952355
2005-09-22T06:00:00Z,tribes_rocky-boys_Rocky Boy's,Rocky Boy's,EVI,2046.4730091019348
2005-09-22T06:00:00Z,tribes_rocky-boys_Rocky Boy's,Rocky Boy's,NDVI,3821.266342590279
2005-09-22T06:00:00Z,tribes_blackfeet_Blackfeet,Blackfeet,EVI,2138.338975832955
2005-09-22T06:00:00Z,tribes_blackfeet_Blackfeet,Blackfeet,NDVI,3693.1170566570618
2005-09-22T06:00:00Z,tribes_flathead_Flathead,Flathead,EVI,2424.937811153949
2005-09-22T06:00:00Z,tribes_flathead_Flathead,Flathead,NDVI,4900.734353551664
2005-10-08T06:00:00Z,tribes_northern-cheyenne_Northern Cheyenne,Northern Cheyenne,EVI,1736.2946380857227
2005-10-08T06:00:00Z,tribes_northern-cheyenne_Northern Cheyenne,Northern Cheyenne,NDVI,3509.872909536442
2005-10-08T06:00:00Z,tribes_crow_Crow,Crow,EVI,1678.889321523556
2005-10-08T06:00:00Z,tribes_crow_Crow,Crow,NDVI,3133.5020019955314
2005-10-08T06:00:00Z,tribes_fort-peck_Fort Peck,Fort Peck,EVI,1296.4811431705639
2005-10-08T06:00:00Z,tribes_fort-peck_Fort Peck,Fort Peck,NDVI,2426.868961403221
2005-10-08T06:00:00Z,tribes_fort-belknap_Fort Belknap,Fort Belknap,EVI,1421.1711456988455
2005-10-08T06:00:00Z,tribes_fort-belknap_Fort Belknap,Fort Belknap,NDVI,2704.9067200562804
2005-10-08T06:00:00Z,tribes_rocky-boys_Rocky Boy's,Rocky Boy's,EVI,1635.5813561311622
2005-10-08T06:00:00Z,tribes_rocky-boys_Rocky Boy's,Rocky Boy's,NDVI,3517.8011847285366
2005-10-08T06:00:00Z,tribes_blackfeet_Blackfeet,Blackfeet,EVI,1764.1144574290067
2005-10-08T06:00:00Z,tribes_blackfeet_Blackfeet,Blackfeet,NDVI,3339.194187908384
2005-10-08T06:00:00Z,tribes_flathead_Flathead,Flathead,EVI,2300.5057397062233
2005-10-08T06:00:00Z,tribes_flathead_Flathead,Flathead,NDVI,5040.092717267718
2005-10-24T06:00:00Z,tribes_northern-cheyenne_Northern Cheyenne,Northern Cheyenne,EVI,1732.9435301972003
2005-10-24T06:00:00Z,tribes_northern-cheyenne_Northern Cheyenne,Northern Cheyenne,NDVI,3458.124489884284
2005-10-24T06:00:00Z,tribes_crow_Crow,Crow,EVI,1634.9245917791502
2005-10-24T06:00:00Z,tribes_crow_Crow,Crow,NDVI,3137.6699763042425
2005-10-24T06:00:00Z,tribes_fort-peck_Fort Peck,Fort Peck,EVI,1267.14722389285
2005-10-24T06:00:00Z,tribes_fort-peck_Fort Peck,Fort Peck,NDVI,2172.548699108253
2005-10-24T06:00:00Z,tribes_fort-belknap_Fort Belknap,Fort Belknap,EVI,1297.0413949733265
2005-10-24T06:00:00Z,tribes_fort-belknap_Fort Belknap,Fort Belknap,NDVI,2724.5590989604366
2005-10-24T06:00:00Z,tribes_rocky-boys_Rocky Boy's,Rocky Boy's,EVI,1507.013545802283
2005-10-24T06:00:00Z,tribes_rocky-boys_Rocky Boy's,Rocky Boy's,NDVI,3281.057332897094
2005-10-24T06:00:00Z,tribes_blackfeet_Blackfeet,Blackfeet,EVI,1560.8669007972283
2005-10-24T06:00:00Z,tribes_blackfeet_Blackfeet,Blackfeet,NDVI,2713.755358969618
2005-10-24T06:00:00Z,tribes_flathead_Flathead,Flathead,EVI,2314.5796043477694
2005-10-24T06:00:00Z,tribes_flathead_Flathead,Flathead,NDVI,5280.354979477495
2005-11-09T07:00:00Z,tribes_northern-cheyenne_Northern Cheyenne,Northern Cheyenne,EVI,1569.7766351273508
2005-11-09T07:00:00Z,tribes_northern-cheyenne_Northern Cheyenne,Northern Cheyenne,NDVI,3476.071295771166
2005-11-09T07:00:00Z,tribes_crow_Crow,Crow,EVI,1541.020349204902
2005-11-09T07:00:00Z,tribes_crow_Crow,Crow,NDVI,2840.549205454709
2005-11-09T07:00:00Z,tribes_fort-peck_Fort Peck,Fort Peck,EVI,1135.643391014628
2005-11-09T07:00:00Z,tribes_fort-peck_Fort Peck,Fort Peck,NDVI,2154.6522927433234
2005-11-09T07:00:00Z,tribes_fort-belknap_Fort Belknap,Fort Belknap,EVI,1243.2308352869518
2005-11-09T07:00:00Z,tribes_fort-belknap_Fort Belknap,Fort Belknap,NDVI,2252.2481467943794
2005-11-09T07:00:00Z,tribes_rocky-boys_Rocky Boy's,Rocky Boy's,EVI,1389.3183191717212
2005-11-09T07:00:00Z,tribes_rocky-boys_Rocky Boy's,Rocky Boy's,NDVI,2815.7509677807475
2005-11-09T07:00:00Z,tribes_blackfeet_Blackfeet,Blackfeet,EVI,1458.563556940495
2005-11-09T07:00:00Z,tribes_blackfeet_Blackfeet,Blackfeet,NDVI,2558.598397790646
2005-11-09T07:00:00Z,tribes_flathead_Flathead,Flathead,EVI,2341.073759616152
2005-11-09T07:00:00Z,tribes_flathead_Flathead,Flathead,NDVI,4514.554566652324
2005-11-25T07:00:00Z,tribes_northern-cheyenne_Northern Cheyenne,Northern Cheyenne,EVI,NA
2005-11-25T07:00:00Z,tribes_northern-cheyenne_Northern Cheyenne,Northern Cheyenne,NDVI,NA
2005-11-25T07:00:00Z,tribes_crow_Crow,Crow,EVI,1404.812586508417
2005-11-25T07:00:00Z,tribes_crow_Crow,Crow,NDVI,2646.5490800996567
2005-11-25T07:00:00Z,tribes_fort-peck_Fort Peck,Fort Peck,EVI,1126.7416665090916
2005-11-25T07:00:00Z,tribes_fort-peck_Fort Peck,Fort Peck,NDVI,1902.4766056309868
2005-11-25T07:00:00Z,tribes_fort-belknap_Fort Belknap,Fort Belknap,EVI,820.2499387675036
2005-11-25T07:00:00Z,tribes_fort-belknap_Fort Belknap,Fort Belknap,NDVI,1627.0060414106931
2005-11-25T07:00:00Z,tribes_rocky-boys_Rocky Boy's,Rocky Boy's,EVI,NA
2005-11-25T07:00:00Z,tribes_rocky-boys_Rocky Boy's,Rocky Boy's,NDVI,NA
2005-11-25T07:00:00Z,tribes_blackfeet_Blackfeet,Blackfeet,EVI,1140.1704422166467
2005-11-25T07:00:00Z,tribes_blackfeet_Blackfeet,Blackfeet,NDVI,2119.612775646867
2005-11-25T07:00:00Z,tribes_flathead_Flathead,Flathead,EVI,2165.8073725182753
2005-11-25T07:00:00Z,tribes_flathead_Flathead,Flathead,NDVI,3989.239972805532
2005-12-11T07:00:00Z,tribes_northern-cheyenne_Northern Cheyenne,Northern Cheyenne,EVI,NA
2005-12-11T07:00:00Z,tribes_northern-cheyenne_Northern Cheyenne,Northern Cheyenne,NDVI,NA
2005-12-11T07:00:00Z,tribes_crow_Crow,Crow,EVI,1478.0737039956823
2005-12-11T07:00:00Z,tribes_crow_Crow,Crow,NDVI,2535.375539794887
2005-12-11T07:00:00Z,tribes_fort-peck_Fort Peck,Fort Peck,EVI,1162.9194700739456
2005-12-11T07:00:00Z,tribes_fort-peck_Fort Peck,Fort Peck,NDVI,1946.5454993695846
2005-12-11T07:00:00Z,tribes_fort-belknap_Fort Belknap,Fort Belknap,EVI,1078.2893882480732
2005-12-11T07:00:00Z,tribes_fort-belknap_Fort Belknap,Fort Belknap,NDVI,2047.1850081099021
2005-12-11T07:00:00Z,tribes_rocky-boys_Rocky Boy's,Rocky Boy's,EVI,NA
2005-12-11T07:00:00Z,tribes_rocky-boys_Rocky Boy's,Rocky Boy's,NDVI,NA
2005-12-11T07:00:00Z,tribes_blackfeet_Blackfeet,Blackfeet,EVI,1103.7904393724732
2005-12-11T07:00:00Z,tribes_blackfeet_Blackfeet,Blackfeet,NDVI,2015.6137253350348
2005-12-11T07:00:00Z,tribes_flathead_Flathead,Flathead,EVI,1022.709229155742
2005-12-11T07:00:00Z,tribes_flathead_Flathead,Flathead,NDVI,1886.9514944939697
2005-12-27T07:00:00Z,tribes_northern-cheyenne_Northern Cheyenne,Northern Cheyenne,EVI,1229.8799549068008
2005-12-27T07:00:00Z,tribes_northern-cheyenne_Northern Cheyenne,Northern Cheyenne,NDVI,2492.1628546266343
2005-12-27T07:00:00Z,tribes_crow_Crow,Crow,EVI,1354.086180525493
2005-12-27T07:00:00Z,tribes_crow_Crow,Crow,NDVI,2593.553998318981
2005-12-27T07:00:00Z,tribes_fort-peck_Fort Peck,Fort Peck,EVI,1122.1018615162716
2005-12-27T07:00:00Z,tribes_fort-peck_Fort Peck,Fort Peck,NDVI,1922.8198544236184
2005-12-27T07:00:00Z,tribes_fort-belknap_Fort Belknap,Fort Belknap,EVI,1134.6927258833202
2005-12-27T07:00:00Z,tribes_fort-belknap_Fort Belknap,Fort Belknap,NDVI,2069.5059206179217
2005-12-27T07:00:00Z,tribes_rocky-boys_Rocky Boy's,Rocky Boy's,EVI,1079.4162978820032
2005-12-27T07:00:00Z,tribes_rocky-boys_Rocky Boy's,Rocky Boy's,NDVI,2158.1920649444082
2005-12-27T07:00:00Z,tribes_blackfeet_Blackfeet,Blackfeet,EVI,1232.6748850762094
2005-12-27T07:00:00Z,tribes_blackfeet_Blackfeet,Blackfeet,NDVI,2154.701918901663
2005-12-27T07:00:00Z,tribes_flathead_Flathead,Flathead,EVI,1671.026762369821
2005-12-27T07:00:00Z,tribes_flathead_Flathead,Flathead,NDVI,3741.0140146888657
2006-01-09T07:00:00Z,tribes_northern-cheyenne_Northern Cheyenne,Northern Cheyenne,EVI,1363.5908673417412
2006-01-09T07:00:00Z,tribes_northern-cheyenne_Northern Cheyenne,Northern Cheyenne,NDVI,2843.86987827168
2006-01-09T07:00:00Z,tribes_crow_Crow,Crow,EVI,1309.8037671539794
2006-01-09T07:00:00Z,tribes_crow_Crow,Crow,NDVI,2558.3764319229103
2006-01-09T07:00:00Z,tribes_fort-peck_Fort Peck,Fort Peck,EVI,926.8222346356182
2006-01-09T07:00:00Z,tribes_fort-peck_Fort Peck,Fort Peck,NDVI,1808.1344250956686
2006-01-09T07:00:00Z,tribes_fort-belknap_Fort Belknap,Fort Belknap,EVI,1116.9150333091038
2006-01-09T07:00:00Z,tribes_fort-belknap_Fort Belknap,Fort Belknap,NDVI,2201.3747304566373
2006-01-09T07:00:00Z,tribes_rocky-boys_Rocky Boy's,Rocky Boy's,EVI,890.0159839566727
2006-01-09T07:00:00Z,tribes_rocky-boys_Rocky Boy's,Rocky Boy's,NDVI,1940.4192008082425
2006-01-09T07:00:00Z,tribes_blackfeet_Blackfeet,Blackfeet,EVI,1195.5332413949036
2006-01-09T07:00:00Z,tribes_blackfeet_Blackfeet,Blackfeet,NDVI,2066.646543859138
2006-01-09T07:00:00Z,tribes_flathead_Flathead,Flathead,EVI,1624.2068708520587
2006-01-09T07:00:00Z,tribes_flathead_Flathead,Flathead,NDVI,3445.5746955877476
2006-01-25T07:00:00Z,tribes_northern-cheyenne_Northern Cheyenne,Northern Cheyenne,EVI,1408.6292575560226
2006-01-25T07:00:00Z,tribes_northern-cheyenne_Northern Cheyenne,Northern Cheyenne,NDVI,2949.609046291168
2006-01-25T07:00:00Z,tribes_crow_Crow,Crow,EVI,1319.7418305578358
2006-01-25T07:00:00Z,tribes_crow_Crow,Crow,NDVI,2490.2444284307235
2006-01-25T07:00:00Z,tribes_fort-peck_Fort Peck,Fort Peck,EVI,944.6464115079646
2006-01-25T07:00:00Z,tribes_fort-peck_Fort Peck,Fort Peck,NDVI,1861.1168500552528
2006-01-25T07:00:00Z,tribes_fort-belknap_Fort Belknap,Fort Belknap,EVI,1140.29358461595
2006-01-25T07:00:00Z,tribes_fort-belknap_Fort Belknap,Fort Belknap,NDVI,2087.835104263757
2006-01-25T07:00:00Z,tribes_rocky-boys_Rocky Boy's,Rocky Boy's,EVI,1141.1414753577758
2006-01-25T07:00:00Z,tribes_rocky-boys_Rocky Boy's,Rocky Boy's,NDVI,2167.3307736442803
2006-01-25T07:00:00Z,tribes_blackfeet_Blackfeet,Blackfeet,EVI,1240.1480112928248
2006-01-25T07:00:00Z,tribes_blackfeet_Blackfeet,Blackfeet,NDVI,1997.90728875766
2006-01-25T07:00:00Z,tribes_flathead_Flathead,Flathead,EVI,1658.4304880895995
2006-01-25T07:00:00Z,tribes_flathead_Flathead,Flathead,NDVI,3406.863429613444
2006-02-10T07:00:00Z,tribes_northern-cheyenne_Northern Cheyenne,Northern Cheyenne,EVI,1356.7132116551527
2006-02-10T07:00:00Z,tribes_northern-cheyenne_Northern Cheyenne,Northern Cheyenne,NDVI,2619.317378139315
2006-02-10T07:00:00Z,tribes_crow_Crow,Crow,EVI,1245.063436400082
2006-02-10T07:00:00Z,tribes_crow_Crow,Crow,NDVI,2227.966186568469
2006-02-10T07:00:00Z,tribes_fort-peck_Fort Peck,Fort Peck,EVI,971.9369231941399
2006-02-10T07:00:00Z,tribes_fort-peck_Fort Peck,Fort Peck,NDVI,1743.8224823478524
2006-02-10T07:00:00Z,tribes_fort-belknap_Fort Belknap,Fort Belknap,EVI,1097.2924309748778
2006-02-10T07:00:00Z,tribes_fort-belknap_Fort Belknap,Fort Belknap,NDVI,1967.5128174336865
2006-02-10T07:00:00Z,tribes_rocky-boys_Rocky Boy's,Rocky Boy's,EVI,1099.01562701505
2006-02-10T07:00:00Z,tribes_rocky-boys_Rocky Boy's,Rocky Boy's,NDVI,2027.8036973239593
2006-02-10T07:00:00Z,tribes_blackfeet_Blackfeet,Blackfeet,EVI,1187.450991229291
2006-02-10T07:00:00Z,tribes_blackfeet_Blackfeet,Blackfeet,NDVI,1997.9450622773677
2006-02-10T07:00:00Z,tribes_flathead_Flathead,Flathead,EVI,1651.834753638529
2006-02-10T07:00:00Z,tribes_flathead_Flathead,Flathead,NDVI,3563.429667064871
2006-02-26T07:00:00Z,tribes_northern-cheyenne_Northern Cheyenne,Northern Cheyenne,EVI,1421.3302570696576
2006-02-26T07:00:00Z,tribes_northern-cheyenne_Northern Cheyenne,Northern Cheyenne,NDVI,2778.1966748668356
2006-02-26T07:00:00Z,tribes_crow_Crow,Crow,EVI,1334.057053066995
2006-02-26T07:00:00Z,tribes_crow_Crow,Crow,NDVI,2470.25343264151
2006-02-26T07:00:00Z,tribes_fort-peck_Fort Peck,Fort Peck,EVI,943.5556550993372
2006-02-26T07:00:00Z,tribes_fort-peck_Fort Peck,Fort Peck,NDVI,1775.6500871094918
2006-02-26T07:00:00Z,tribes_fort-belknap_Fort Belknap,Fort Belknap,EVI,1180.8298966916593
2006-02-26T07:00:00Z,tribes_fort-belknap_Fort Belknap,Fort Belknap,NDVI,2312.961916987763
2006-02-26T07:00:00Z,tribes_rocky-boys_Rocky Boy's,Rocky Boy's,EVI,1079.3601284406673
2006-02-26T07:00:00Z,tribes_rocky-boys_Rocky Boy's,Rocky Boy's,NDVI,2032.8717621426558
2006-02-26T07:00:00Z,tribes_blackfeet_Blackfeet,Blackfeet,EVI,1002.6666097087084
2006-02-26T07:00:00Z,tribes_blackfeet_Blackfeet,Blackfeet,NDVI,1736.5186757774393
2006-02-26T07:00:00Z,tribes_flathead_Flathead,Flathead,EVI,1698.627808109746
2006-02-26T07:00:00Z,tribes_flathead_Flathead,Flathead,NDVI,3432.350308232158
2006-03-14T07:00:00Z,tribes_northern-cheyenne_Northern Cheyenne,Northern Cheyenne,EVI,1386.3128367499473
2006-03-14T07:00:00Z,tribes_northern-cheyenne_Northern Cheyenne,Northern Cheyenne,NDVI,2690.3895713649476
2006-03-14T07:00:00Z,tribes_crow_Crow,Crow,EVI,1379.5642103375694
2006-03-14T07:00:00Z,tribes_crow_Crow,Crow,NDVI,2499.9003959159336
2006-03-14T07:00:00Z,tribes_fort-peck_Fort Peck,Fort Peck,EVI,942.3070511496987
2006-03-14T07:00:00Z,tribes_fort-peck_Fort Peck,Fort Peck,NDVI,1835.520056826675
2006-03-14T07:00:00Z,tribes_fort-belknap_Fort Belknap,Fort Belknap,EVI,1079.4574685467474
2006-03-14T07:00:00Z,tribes_fort-belknap_Fort Belknap,Fort Belknap,NDVI,1972.4463746825543
2006-03-14T07:00:00Z,tribes_rocky-boys_Rocky Boy's,Rocky Boy's,EVI,1068.3990797088559
2006-03-14T07:00:00Z,tribes_rocky-boys_Rocky Boy's,Rocky Boy's,NDVI,1985.5111727539584
2006-03-14T07:00:00Z,tribes_blackfeet_Blackfeet,Blackfeet,EVI,1030.8478234419185
2006-03-14T07:00:00Z,tribes_blackfeet_Blackfeet,Blackfeet,NDVI,1784.6528472960385
2006-03-14T07:00:00Z,tribes_flathead_Flathead,Flathead,EVI,1651.881933347469
2006-03-14T07:00:00Z,tribes_flathead_Flathead,Flathead,NDVI,3168.6141017405494
2006-03-30T07:00:00Z,tribes_northern-cheyenne_Northern Cheyenne,Northern Cheyenne,EVI,1886.6433327919187
2006-03-30T07:00:00Z,tribes_northern-cheyenne_Northern Cheyenne,Northern Cheyenne,NDVI,3312.0853808789943
2006-03-30T07:00:00Z,tribes_crow_Crow,Crow,EVI,1871.500721586689
2006-03-30T07:00:00Z,tribes_crow_Crow,Crow,NDVI,3197.446657225308
2006-03-30T07:00:00Z,tribes_fort-peck_Fort Peck,Fort Peck,EVI,1095.8760572835586
2006-03-30T07:00:00Z,tribes_fort-peck_Fort Peck,Fort Peck,NDVI,1893.2257096084634
2006-03-30T07:00:00Z,tribes_fort-belknap_Fort Belknap,Fort Belknap,EVI,1571.96122670864
2006-03-30T07:00:00Z,tribes_fort-belknap_Fort Belknap,Fort Belknap,NDVI,2788.915120257107
2006-03-30T07:00:00Z,tribes_rocky-boys_Rocky Boy's,Rocky Boy's,EVI,1452.6733944347352
2006-03-30T07:00:00Z,tribes_rocky-boys_Rocky Boy's,Rocky Boy's,NDVI,2822.0942105166073
2006-03-30T07:00:00Z,tribes_blackfeet_Blackfeet,Blackfeet,EVI,1181.6929564429747
2006-03-30T07:00:00Z,tribes_blackfeet_Blackfeet,Blackfeet,NDVI,2172.3583540054065
2006-03-30T07:00:00Z,tribes_flathead_Flathead,Flathead,EVI,2440.919563429198
2006-03-30T07:00:00Z,tribes_flathead_Flathead,Flathead,NDVI,4305.436189982939
2006-04-15T06:00:00Z,tribes_northern-cheyenne_Northern Cheyenne,Northern Cheyenne,EVI,2229.6387547386494
2006-04-15T06:00:00Z,tribes_northern-cheyenne_Northern Cheyenne,Northern Cheyenne,NDVI,4105.729012204892
2006-04-15T06:00:00Z,tribes_crow_Crow,Crow,EVI,2443.3470810405374
2006-04-15T06:00:00Z,tribes_crow_Crow,Crow,NDVI,4321.781805736065
2006-04-15T06:00:00Z,tribes_fort-peck_Fort Peck,Fort Peck,EVI,1352.437259753081
2006-04-15T06:00:00Z,tribes_fort-peck_Fort Peck,Fort Peck,NDVI,2410.871604460806
2006-04-15T06:00:00Z,tribes_fort-belknap_Fort Belknap,Fort Belknap,EVI,1948.7246858613591
2006-04-15T06:00:00Z,tribes_fort-belknap_Fort Belknap,Fort Belknap,NDVI,3494.006820099258
2006-04-15T06:00:00Z,tribes_rocky-boys_Rocky Boy's,Rocky Boy's,EVI,1953.621832010955
2006-04-15T06:00:00Z,tribes_rocky-boys_Rocky Boy's,Rocky Boy's,NDVI,3749.4616447560215
2006-04-15T06:00:00Z,tribes_blackfeet_Blackfeet,Blackfeet,EVI,1603.6049247034562
2006-04-15T06:00:00Z,tribes_blackfeet_Blackfeet,Blackfeet,NDVI,2710.1992650673797
2006-04-15T06:00:00Z,tribes_flathead_Flathead,Flathead,EVI,2637.7193659992963
2006-04-15T06:00:00Z,tribes_flathead_Flathead,Flathead,NDVI,5013.973881575571
2006-05-01T06:00:00Z,tribes_northern-cheyenne_Northern Cheyenne,Northern Cheyenne,EVI,2584.5993886091355
2006-05-01T06:00:00Z,tribes_northern-cheyenne_Northern Cheyenne,Northern Cheyenne,NDVI,4587.151753339621
2006-05-01T06:00:00Z,tribes_crow_Crow,Crow,EVI,2786.1010100516173
2006-05-01T06:00:00Z,tribes_crow_Crow,Crow,NDVI,4718.270367323609
2006-05-01T06:00:00Z,tribes_fort-peck_Fort Peck,Fort Peck,EVI,1654.2845984081775
2006-05-01T06:00:00Z,tribes_fort-peck_Fort Peck,Fort Peck,NDVI,2869.6887617990365
2006-05-01T06:00:00Z,tribes_fort-belknap_Fort Belknap,Fort Belknap,EVI,2329.565134720816
2006-05-01T06:00:00Z,tribes_fort-belknap_Fort Belknap,Fort Belknap,NDVI,4004.5114532890334
2006-05-01T06:00:00Z,tribes_rocky-boys_Rocky Boy's,Rocky Boy's,EVI,2452.7712847825305
2006-05-01T06:00:00Z,tribes_rocky-boys_Rocky Boy's,Rocky Boy's,NDVI,4464.172272756645
2006-05-01T06:00:00Z,tribes_blackfeet_Blackfeet,Blackfeet,EVI,2070.1259658926806
2006-05-01T06:00:00Z,tribes_blackfeet_Blackfeet,Blackfeet,NDVI,3623.1428691312467
2006-05-01T06:00:00Z,tribes_flathead_Flathead,Flathead,EVI,3267.994160411672
2006-05-01T06:00:00Z,tribes_flathead_Flathead,Flathead,NDVI,5600.226607878107
2006-05-17T06:00:00Z,tribes_northern-cheyenne_Northern Cheyenne,Northern Cheyenne,EVI,3133.8076504732094
2006-05-17T06:00:00Z,tribes_northern-cheyenne_Northern Cheyenne,Northern Cheyenne,NDVI,5681.920949037645
2006-05-17T06:00:00Z,tribes_crow_Crow,Crow,EVI,3305.678510295248
2006-05-17T06:00:00Z,tribes_crow_Crow,Crow,NDVI,5433.652995919063
2006-05-17T06:00:00Z,tribes_fort-peck_Fort Peck,Fort Peck,EVI,1984.9698971781468
2006-05-17T06:00:00Z,tribes_fort-peck_Fort Peck,Fort Peck,NDVI,3245.7471033068914
2006-05-17T06:00:00Z,tribes_fort-belknap_Fort Belknap,Fort Belknap,EVI,2702.735182025472
2006-05-17T06:00:00Z,tribes_fort-belknap_Fort Belknap,Fort Belknap,NDVI,4685.6850146113675
2006-05-17T06:00:00Z,tribes_rocky-boys_Rocky Boy's,Rocky Boy's,EVI,3866.8188602376317
2006-05-17T06:00:00Z,tribes_rocky-boys_Rocky Boy's,Rocky Boy's,NDVI,5910.986122078176
2006-05-17T06:00:00Z,tribes_blackfeet_Blackfeet,Blackfeet,EVI,2793.9156106909372
2006-05-17T06:00:00Z,tribes_blackfeet_Blackfeet,Blackfeet,NDVI,4444.81680927076
2006-05-17T06:00:00Z,tribes_flathead_Flathead,Flathead,EVI,3391.3764267019355
2006-05-17T06:00:00Z,tribes_flathead_Flathead,Flathead,NDVI,6087.450375605126
2006-06-02T06:00:00Z,tribes_northern-cheyenne_Northern Cheyenne,Northern Cheyenne,EVI,3076.9276988481597
2006-06-02T06:00:00Z,tribes_northern-cheyenne_Northern Cheyenne,Northern Cheyenne,NDVI,5250.54619423479
2006-06-02T06:00:00Z,tribes_crow_Crow,Crow,EVI,3049.6890041702654
2006-06-02T06:00:00Z,tribes_crow_Crow,Crow,NDVI,4998.225606575858
2006-06-02T06:00:00Z,tribes_fort-peck_Fort Peck,Fort Peck,EVI,2481.566544603708
2006-06-02T06:00:00Z,tribes_fort-peck_Fort Peck,Fort Peck,NDVI,4080.2697831911473
2006-06-02T06:00:00Z,tribes_fort-belknap_Fort Belknap,Fort Belknap,EVI,3261.0988998856515
2006-06-02T06:00:00Z,tribes_fort-belknap_Fort Belknap,Fort Belknap,NDVI,4941.3038554014265
2006-06-02T06:00:00Z,tribes_rocky-boys_Rocky Boy's,Rocky Boy's,EVI,4337.893788351506
2006-06-02T06:00:00Z,tribes_rocky-boys_Rocky Boy's,Rocky Boy's,NDVI,6245.823120607944
2006-06-02T06:00:00Z,tribes_blackfeet_Blackfeet,Blackfeet,EVI,3595.322835979843
2006-06-02T06:00:00Z,tribes_blackfeet_Blackfeet,Blackfeet,NDVI,5663.729556349283
2006-06-02T06:00:00Z,tribes_flathead_Flathead,Flathead,EVI,3940.3333750988404
2006-06-02T06:00:00Z,tribes_flathead_Flathead,Flathead,NDVI,6366.796767727288
2006-06-18T06:00:00Z,tribes_northern-cheyenne_Northern Cheyenne,Northern Cheyenne,EVI,2798.161027114342
2006-06-18T06:00:00Z,tribes_northern-cheyenne_Northern Cheyenne,Northern Cheyenne,NDVI,4862.152001625808
2006-06-18T06:00:00Z,tribes_crow_Crow,Crow,EVI,2737.064171394293
2006-06-18T06:00:00Z,tribes_crow_Crow,Crow,NDVI,4506.17960154365
2006-06-18T06:00:00Z,tribes_fort-peck_Fort Peck,Fort Peck,EVI,3092.667361889576
2006-06-18T06:00:00Z,tribes_fort-peck_Fort Peck,Fort Peck,NDVI,4905.8124692864085
2006-06-18T06:00:00Z,tribes_fort-belknap_Fort Belknap,Fort Belknap,EVI,2746.4658968401445
2006-06-18T06:00:00Z,tribes_fort-belknap_Fort Belknap,Fort Belknap,NDVI,4903.606965332966
2006-06-18T06:00:00Z,tribes_rocky-boys_Rocky Boy's,Rocky Boy's,EVI,4211.3711216282745
2006-06-18T06:00:00Z,tribes_rocky-boys_Rocky Boy's,Rocky Boy's,NDVI,6578.159847524227
2006-06-18T06:00:00Z,tribes_blackfeet_Blackfeet,Blackfeet,EVI,3711.6000864354164
2006-06-18T06:00:00Z,tribes_blackfeet_Blackfeet,Blackfeet,NDVI,5672.558406779858
2006-06-18T06:00:00Z,tribes_flathead_Flathead,Flathead,EVI,3672.181787950243
2006-06-18T06:00:00Z,tribes_flathead_Flathead,Flathead,NDVI,6208.607502729626
2006-07-04T06:00:00Z,tribes_northern-cheyenne_Northern Cheyenne,Northern Cheyenne,EVI,2412.464186962121
2006-07-04T06:00:00Z,tribes_northern-cheyenne_Northern Cheyenne,Northern Cheyenne,NDVI,4104.549039933243
2006-07-04T06:00:00Z,tribes_crow_Crow,Crow,EVI,2335.6363333649724
2006-07-04T06:00:00Z,tribes_crow_Crow,Crow,NDVI,3786.930402829946
2006-07-04T06:00:00Z,tribes_fort-peck_Fort Peck,Fort Peck,EVI,2412.8966400671247
2006-07-04T06:00:00Z,tribes_fort-peck_Fort Peck,Fort Peck,NDVI,3899.712026713915
2006-07-04T06:00:00Z,tribes_fort-belknap_Fort Belknap,Fort Belknap,EVI,2192.9896814809736
2006-07-04T06:00:00Z,tribes_fort-belknap_Fort Belknap,Fort Belknap,NDVI,3826.0464349991075
2006-07-04T06:00:00Z,tribes_rocky-boys_Rocky Boy's,Rocky Boy's,EVI,3692.756639044833
2006-07-04T06:00:00Z,tribes_rocky-boys_Rocky Boy's,Rocky Boy's,NDVI,5670.815989779665
2006-07-04T06:00:00Z,tribes_blackfeet_Blackfeet,Blackfeet,EVI,3419.0857383857833
2006-07-04T06:00:00Z,tribes_blackfeet_Blackfeet,Blackfeet,NDVI,5759.878771661373
2006-07-04T06:00:00Z,tribes_flathead_Flathead,Flathead,EVI,3535.206700681919
2006-07-04T06:00:00Z,tribes_flathead_Flathead,Flathead,NDVI,6050.879315961359
2006-07-20T06:00:00Z,tribes_northern-cheyenne_Northern Cheyenne,Northern Cheyenne,EVI,2168.9709221330972
2006-07-20T06:00:00Z,tribes_northern-cheyenne_Northern Cheyenne,Northern Cheyenne,NDVI,3781.7772807943957
2006-07-20T06:00:00Z,tribes_crow_Crow,Crow,EVI,2073.4856966841207
2006-07-20T06:00:00Z,tribes_crow_Crow,Crow,NDVI,3310.160789591565
2006-07-20T06:00:00Z,tribes_fort-peck_Fort Peck,Fort Peck,EVI,1944.7994972474855
2006-07-20T06:00:00Z,tribes_fort-peck_Fort Peck,Fort Peck,NDVI,3192.4830902091285
2006-07-20T06:00:00Z,tribes_fort-belknap_Fort Belknap,Fort Belknap,EVI,1916.029364167304
2006-07-20T06:00:00Z,tribes_fort-belknap_Fort Belknap,Fort Belknap,NDVI,3258.723894210595
2006-07-20T06:00:00Z,tribes_rocky-boys_Rocky Boy's,Rocky Boy's,EVI,3068.202427276025
2006-07-20T06:00:00Z,tribes_rocky-boys_Rocky Boy's,Rocky Boy's,NDVI,4798.068943331303
2006-07-20T06:00:00Z,tribes_blackfeet_Blackfeet,Blackfeet,EVI,2888.005185329468
2006-07-20T06:00:00Z,tribes_blackfeet_Blackfeet,Blackfeet,NDVI,4732.75333300618
2006-07-20T06:00:00Z,tribes_flathead_Flathead,Flathead,EVI,2959.573471308779
2006-07-20T06:00:00Z,tribes_flathead_Flathead,Flathead,NDVI,5420.200841612051
2006-08-05T06:00:00Z,tribes_northern-cheyenne_Northern Cheyenne,Northern Cheyenne,EVI,2094.1778094958445
2006-08-05T06:00:00Z,tribes_northern-cheyenne_Northern Cheyenne,Northern Cheyenne,NDVI,3608.479849972645
2006-08-05T06:00:00Z,tribes_crow_Crow,Crow,EVI,1894.0128351937617
2006-08-05T06:00:00Z,tribes_crow_Crow,Crow,NDVI,3111.4620698927406
2006-08-05T06:00:00Z,tribes_fort-peck_Fort Peck,Fort Peck,EVI,1645.5435423567244
2006-08-05T06:00:00Z,tribes_fort-peck_Fort Peck,Fort Peck,NDVI,2833.4082073508152
2006-08-05T06:00:00Z,tribes_fort-belknap_Fort Belknap,Fort Belknap,EVI,1748.8959510239067
2006-08-05T06:00:00Z,tribes_fort-belknap_Fort Belknap,Fort Belknap,NDVI,2967.242189908397
2006-08-05T06:00:00Z,tribes_rocky-boys_Rocky Boy's,Rocky Boy's,EVI,2650.106097864056
2006-08-05T06:00:00Z,tribes_rocky-boys_Rocky Boy's,Rocky Boy's,NDVI,4190.858695024326
2006-08-05T06:00:00Z,tribes_blackfeet_Blackfeet,Blackfeet,EVI,2423.1295091915727
2006-08-05T06:00:00Z,tribes_blackfeet_Blackfeet,Blackfeet,NDVI,4014.9267018933283
2006-08-05T06:00:00Z,tribes_flathead_Flathead,Flathead,EVI,2750.176885918586
2006-08-05T06:00:00Z,tribes_flathead_Flathead,Flathead,NDVI,5273.7206740270985
2006-08-21T06:00:00Z,tribes_northern-cheyenne_Northern Cheyenne,Northern Cheyenne,EVI,1916.1964306857583
2006-08-21T06:00:00Z,tribes_northern-cheyenne_Northern Cheyenne,Northern Cheyenne,NDVI,3379.7900631828124
2006-08-21T06:00:00Z,tribes_crow_Crow,Crow,EVI,1726.1248661931115
2006-08-21T06:00:00Z,tribes_crow_Crow,Crow,NDVI,2901.8511910780358
2006-08-21T06:00:00Z,tribes_fort-peck_Fort Peck,Fort Peck,EVI,1500.3080821759472
2006-08-21T06:00:00Z,tribes_fort-peck_Fort Peck,Fort Peck,NDVI,2556.5100666508897
2006-08-21T06:00:00Z,tribes_fort-belknap_Fort Belknap,Fort Belknap,EVI,1574.3758270343717
2006-08-21T06:00:00Z,tribes_fort-belknap_Fort Belknap,Fort Belknap,NDVI,2771.122434135778
2006-08-21T06:00:00Z,tribes_rocky-boys_Rocky Boy's,Rocky Boy's,EVI,2350.943757572159
2006-08-21T06:00:00Z,tribes_rocky-boys_Rocky Boy's,Rocky Boy's,NDVI,4189.750522653706
2006-08-21T06:00:00Z,tribes_blackfeet_Blackfeet,Blackfeet,EVI,2199.2682031301347
2006-08-21T06:00:00Z,tribes_blackfeet_Blackfeet,Blackfeet,NDVI,3668.0078188633843
2006-08-21T06:00:00Z,tribes_flathead_Flathead,Flathead,EVI,2644.5459771558403
2006-08-21T06:00:00Z,tribes_flathead_Flathead,Flathead,NDVI,4987.578949618809
2006-09-06T06:00:00Z,tribes_northern-cheyenne_Northern Cheyenne,Northern Cheyenne,EVI,1782.127922798165
2006-09-06T06:00:00Z,tribes_northern-cheyenne_Northern Cheyenne,Northern Cheyenne,NDVI,3125.3052399992
2006-09-06T06:00:00Z,tribes_crow_Crow,Crow,EVI,1511.323661156813
2006-09-06T06:00:00Z,tribes_crow_Crow,Crow,NDVI,2648.898112937815
2006-09-06T06:00:00Z,tribes_fort-peck_Fort Peck,Fort Peck,EVI,1431.8018797611905
2006-09-06T06:00:00Z,tribes_fort-peck_Fort Peck,Fort Peck,NDVI,2403.806190672357
2006-09-06T06:00:00Z,tribes_fort-belknap_Fort Belknap,Fort Belknap,EVI,1533.3641800719613
2006-09-06T06:00:00Z,tribes_fort-belknap_Fort Belknap,Fort Belknap,NDVI,2882.74431498143
2006-09-06T06:00:00Z,tribes_rocky-boys_Rocky Boy's,Rocky Boy's,EVI,1992.3103980375188
2006-09-06T06:00:00Z,tribes_rocky-boys_Rocky Boy's,Rocky Boy's,NDVI,3638.425907050546
2006-09-06T06:00:00Z,tribes_blackfeet_Blackfeet,Blackfeet,EVI,1824.622850397509
2006-09-06T06:00:00Z,tribes_blackfeet_Blackfeet,Blackfeet,NDVI,3261.5534469456106
2006-09-06T06:00:00Z,tribes_flathead_Flathead,Flathead,EVI,2561.712819788381
2006-09-06T06:00:00Z,tribes_flathead_Flathead,Flathead,NDVI,4753.319210432961
2006-09-22T06:00:00Z,tribes_northern-cheyenne_Northern Cheyenne,Northern Cheyenne,EVI,1822.5944053939336
2006-09-22T06:00:00Z,tribes_northern-cheyenne_Northern Cheyenne,Northern Cheyenne,NDVI,3252.9757587529252
2006-09-22T06:00:00Z,tribes_crow_Crow,Crow,EVI,1737.3173410413506
2006-09-22T06:00:00Z,tribes_crow_Crow,Crow,NDVI,2889.1740762232944
2006-09-22T06:00:00Z,tribes_fort-peck_Fort Peck,Fort Peck,EVI,1311.9331330861303
2006-09-22T06:00:00Z,tribes_fort-peck_Fort Peck,Fort Peck,NDVI,2525.589477117919
2006-09-22T06:00:00Z,tribes_fort-belknap_Fort Belknap,Fort Belknap,EVI,1591.072087640437
2006-09-22T06:00:00Z,tribes_fort-belknap_Fort Belknap,Fort Belknap,NDVI,2906.0821635901843
2006-09-22T06:00:00Z,tribes_rocky-boys_Rocky Boy's,Rocky Boy's,EVI,2058.7021049978007
2006-09-22T06:00:00Z,tribes_rocky-boys_Rocky Boy's,Rocky Boy's,NDVI,3834.14182199817
2006-09-22T06:00:00Z,tribes_blackfeet_Blackfeet,Blackfeet,EVI,1728.2607598669706
2006-09-22T06:00:00Z,tribes_blackfeet_Blackfeet,Blackfeet,NDVI,3259.192297370178
2006-09-22T06:00:00Z,tribes_flathead_Flathead,Flathead,EVI,2428.374485651524
2006-09-22T06:00:00Z,tribes_flathead_Flathead,Flathead,NDVI,5308.995337369312
2006-10-08T06:00:00Z,tribes_northern-cheyenne_Northern Cheyenne,Northern Cheyenne,EVI,1719.8015279317663
2006-10-08T06:00:00Z,tribes_northern-cheyenne_Northern Cheyenne,Northern Cheyenne,NDVI,3688.8126051573654
2006-10-08T06:00:00Z,tribes_crow_Crow,Crow,EVI,1802.5569398624978
2006-10-08T06:00:00Z,tribes_crow_Crow,Crow,NDVI,3535.6380492012254
2006-10-08T06:00:00Z,tribes_fort-peck_Fort Peck,Fort Peck,EVI,1294.872699323359
2006-10-08T06:00:00Z,tribes_fort-peck_Fort Peck,Fort Peck,NDVI,2519.6921944614533
2006-10-08T06:00:00Z,tribes_fort-belknap_Fort Belknap,Fort Belknap,EVI,1650.1608701577054
2006-10-08T06:00:00Z,tribes_fort-belknap_Fort Belknap,Fort Belknap,NDVI,3175.738587826824
2006-10-08T06:00:00Z,tribes_rocky-boys_Rocky Boy's,Rocky Boy's,EVI,1953.5420508863292
2006-10-08T06:00:00Z,tribes_rocky-boys_Rocky Boy's,Rocky Boy's,NDVI,3867.6780562618374
2006-10-08T06:00:00Z,tribes_blackfeet_Blackfeet,Blackfeet,EVI,1644.8340103016594
2006-10-08T06:00:00Z,tribes_blackfeet_Blackfeet,Blackfeet,NDVI,3051.2214063186807
2006-10-08T06:00:00Z,tribes_flathead_Flathead,Flathead,EVI,2448.934499017559
2006-10-08T06:00:00Z,tribes_flathead_Flathead,Flathead,NDVI,5220.236054150004
2006-10-24T06:00:00Z,tribes_northern-cheyenne_Northern Cheyenne,Northern Cheyenne,EVI,1660.2356468801847
2006-10-24T06:00:00Z,tribes_northern-cheyenne_Northern Cheyenne,Northern Cheyenne,NDVI,3660.667418149526
2006-10-24T06:00:00Z,tribes_crow_Crow,Crow,EVI,1785.1574130670006
2006-10-24T06:00:00Z,tribes_crow_Crow,Crow,NDVI,3510.8531682218395
2006-10-24T06:00:00Z,tribes_fort-peck_Fort Peck,Fort Peck,EVI,1212.4798218312574
2006-10-24T06:00:00Z,tribes_fort-peck_Fort Peck,Fort Peck,NDVI,2381.7875991876085
2006-10-24T06:00:00Z,tribes_fort-belknap_Fort Belknap,Fort Belknap,EVI,1556.5986083046673
2006-10-24T06:00:00Z,tribes_fort-belknap_Fort Belknap,Fort Belknap,NDVI,2894.4721084431994
2006-10-24T06:00:00Z,tribes_rocky-boys_Rocky Boy's,Rocky Boy's,EVI,1795.4047732028848
2006-10-24T06:00:00Z,tribes_rocky-boys_Rocky Boy's,Rocky Boy's,NDVI,3054.3690708894555
2006-10-24T06:00:00Z,tribes_blackfeet_Blackfeet,Blackfeet,EVI,1382.0844963095717
2006-10-24T06:00:00Z,tribes_blackfeet_Blackfeet,Blackfeet,NDVI,2531.407686085608
2006-10-24T06:00:00Z,tribes_flathead_Flathead,Flathead,EVI,2514.623747989978
2006-10-24T06:00:00Z,tribes_flathead_Flathead,Flathead,NDVI,4729.454958296738
2006-11-09T07:00:00Z,tribes_northern-cheyenne_Northern Cheyenne,Northern Cheyenne,EVI,1672.9221732014287
2006-11-09T07:00:00Z,tribes_northern-cheyenne_Northern Cheyenne,Northern Cheyenne,NDVI,3588.8383373342117
2006-11-09T07:00:00Z,tribes_crow_Crow,Crow,EVI,1743.218898609204
2006-11-09T07:00:00Z,tribes_crow_Crow,Crow,NDVI,3258.4176505528912
2006-11-09T07:00:00Z,tribes_fort-peck_Fort Peck,Fort Peck,EVI,1161.6934187122622
2006-11-09T07:00:00Z,tribes_fort-peck_Fort Peck,Fort Peck,NDVI,2332.727671168102
2006-11-09T07:00:00Z,tribes_fort-belknap_Fort Belknap,Fort Belknap,EVI,1510.0420382632003
2006-11-09T07:00:00Z,tribes_fort-belknap_Fort Belknap,Fort Belknap,NDVI,2736.1053663333064
2006-11-09T07:00:00Z,tribes_rocky-boys_Rocky Boy's,Rocky Boy's,EVI,1623.447700221695
2006-11-09T07:00:00Z,tribes_rocky-boys_Rocky Boy's,Rocky Boy's,NDVI,3327.7731851519743
2006-11-09T07:00:00Z,tribes_blackfeet_Blackfeet,Blackfeet,EVI,1295.708596326762
2006-11-09T07:00:00Z,tribes_blackfeet_Blackfeet,Blackfeet,NDVI,2344.1595849133464
2006-11-09T07:00:00Z,tribes_flathead_Flathead,Flathead,EVI,2466.9215951943834
2006-11-09T07:00:00Z,tribes_flathead_Flathead,Flathead,NDVI,4459.6698176016
2006-11-25T07:00:00Z,tribes_northern-cheyenne_Northern Cheyenne,Northern Cheyenne,EVI,1634.3562679207457
2006-11-25T07:00:00Z,tribes_northern-cheyenne_Northern Cheyenne,Northern Cheyenne,NDVI,3559.299989382326
2006-11-25T07:00:00Z,tribes_crow_Crow,Crow,EVI,1615.1775302024669
2006-11-25T07:00:00Z,tribes_crow_Crow,Crow,NDVI,3141.632232146199
2006-11-25T07:00:00Z,tribes_fort-peck_Fort Peck,Fort Peck,EVI,1274.620419717643
2006-11-25T07:00:00Z,tribes_fort-peck_Fort Peck,Fort Peck,NDVI,2552.562540662911
2006-11-25T07:00:00Z,tribes_fort-belknap_Fort Belknap,Fort Belknap,EVI,875.8458420172577
2006-11-25T07:00:00Z,tribes_fort-belknap_Fort Belknap,Fort Belknap,NDVI,2869.7279941080938
2006-11-25T07:00:00Z,tribes_rocky-boys_Rocky Boy's,Rocky Boy's,EVI,NA
2006-11-25T07:00:00Z,tribes_rocky-boys_Rocky Boy's,Rocky Boy's,NDVI,NA
2006-11-25T07:00:00Z,tribes_blackfeet_Blackfeet,Blackfeet,EVI,1119.7284867632331
2006-11-25T07:00:00Z,tribes_blackfeet_Blackfeet,Blackfeet,NDVI,1874.2722363118967
2006-11-25T07:00:00Z,tribes_flathead_Flathead,Flathead,EVI,NA
2006-11-25T07:00:00Z,tribes_flathead_Flathead,Flathead,NDVI,NA
2006-12-11T07:00:00Z,tribes_northern-cheyenne_Northern Cheyenne,Northern Cheyenne,EVI,1615.6923017572042
2006-12-11T07:00:00Z,tribes_northern-cheyenne_Northern Cheyenne,Northern Cheyenne,NDVI,3259.8996720834893
2006-12-11T07:00:00Z,tribes_crow_Crow,Crow,EVI,1550.7703098930606
2006-12-11T07:00:00Z,tribes_crow_Crow,Crow,NDVI,2988.1795846028544
2006-12-11T07:00:00Z,tribes_fort-peck_Fort Peck,Fort Peck,EVI,1008.047453789081
2006-12-11T07:00:00Z,tribes_fort-peck_Fort Peck,Fort Peck,NDVI,1868.8070172277485
2006-12-11T07:00:00Z,tribes_fort-belknap_Fort Belknap,Fort Belknap,EVI,1239.1187752978988
2006-12-11T07:00:00Z,tribes_fort-belknap_Fort Belknap,Fort Belknap,NDVI,2157.342043177169
2006-12-11T07:00:00Z,tribes_rocky-boys_Rocky Boy's,Rocky Boy's,EVI,1346.1523861899202
2006-12-11T07:00:00Z,tribes_rocky-boys_Rocky Boy's,Rocky Boy's,NDVI,2217.2313202499936
2006-12-11T07:00:00Z,tribes_blackfeet_Blackfeet,Blackfeet,EVI,1102.5219297782187
2006-12-11T07:00:00Z,tribes_blackfeet_Blackfeet,Blackfeet,NDVI,1820.7896308248557
2006-12-11T07:00:00Z,tribes_flathead_Flathead,Flathead,EVI,1961.2295238384702
2006-12-11T07:00:00Z,tribes_flathead_Flathead,Flathead,NDVI,3680.660491016109
2006-12-27T07:00:00Z,tribes_northern-cheyenne_Northern Cheyenne,Northern Cheyenne,EVI,1666.9004982341885
2006-12-27T07:00:00Z,tribes_northern-cheyenne_Northern Cheyenne,Northern Cheyenne,NDVI,3029.526764155232
2006-12-27T07:00:00Z,tribes_crow_Crow,Crow,EVI,1529.601339157803
2006-12-27T07:00:00Z,tribes_crow_Crow,Crow,NDVI,2612.735607773761
2006-12-27T07:00:00Z,tribes_fort-peck_Fort Peck,Fort Peck,EVI,NA
2006-12-27T07:00:00Z,tribes_fort-peck_Fort Peck,Fort Peck,NDVI,NA
2006-12-27T07:00:00Z,tribes_fort-belknap_Fort Belknap,Fort Belknap,EVI,1369.0516789738758
2006-12-27T07:00:00Z,tribes_fort-belknap_Fort Belknap,Fort Belknap,NDVI,2382.509476808794
2006-12-27T07:00:00Z,tribes_rocky-boys_Rocky Boy's,Rocky Boy's,EVI,1393.089837208979
2006-12-27T07:00:00Z,tribes_rocky-boys_Rocky Boy's,Rocky Boy's,NDVI,2454.8713282068043
2006-12-27T07:00:00Z,tribes_blackfeet_Blackfeet,Blackfeet,EVI,1067.6402358927262
2006-12-27T07:00:00Z,tribes_blackfeet_Blackfeet,Blackfeet,NDVI,1781.6951008022895
2006-12-27T07:00:00Z,tribes_flathead_Flathead,Flathead,EVI,1694.2101998337469
2006-12-27T07:00:00Z,tribes_flathead_Flathead,Flathead,NDVI,3342.565948764976
2007-01-09T07:00:00Z,tribes_northern-cheyenne_Northern Cheyenne,Northern Cheyenne,EVI,1196.6808652231055
2007-01-09T07:00:00Z,tribes_northern-cheyenne_Northern Cheyenne,Northern Cheyenne,NDVI,2351.3381864005655
2007-01-09T07:00:00Z,tribes_crow_Crow,Crow,EVI,1302.34954385618
2007-01-09T07:00:00Z,tribes_crow_Crow,Crow,NDVI,2458.591873509766
2007-01-09T07:00:00Z,tribes_fort-peck_Fort Peck,Fort Peck,EVI,948.9532529000146
2007-01-09T07:00:00Z,tribes_fort-peck_Fort Peck,Fort Peck,NDVI,1648.3198796966585
2007-01-09T07:00:00Z,tribes_fort-belknap_Fort Belknap,Fort Belknap,EVI,1161.6661206606989
2007-01-09T07:00:00Z,tribes_fort-belknap_Fort Belknap,Fort Belknap,NDVI,2135.0608640066
2007-01-09T07:00:00Z,tribes_rocky-boys_Rocky Boy's,Rocky Boy's,EVI,1100.4290236692602
2007-01-09T07:00:00Z,tribes_rocky-boys_Rocky Boy's,Rocky Boy's,NDVI,2184.7741881381157
2007-01-09T07:00:00Z,tribes_blackfeet_Blackfeet,Blackfeet,EVI,1094.9997888710736
2007-01-09T07:00:00Z,tribes_blackfeet_Blackfeet,Blackfeet,NDVI,1733.9279610838337
2007-01-09T07:00:00Z,tribes_flathead_Flathead,Flathead,EVI,1711.4064257518103
2007-01-09T07:00:00Z,tribes_flathead_Flathead,Flathead,NDVI,3089.022340271508
2007-01-25T07:00:00Z,tribes_northern-cheyenne_Northern Cheyenne,Northern Cheyenne,EVI,1233.3700100797862
2007-01-25T07:00:00Z,tribes_northern-cheyenne_Northern Cheyenne,Northern Cheyenne,NDVI,2533.6897497117707
2007-01-25T07:00:00Z,tribes_crow_Crow,Crow,EVI,1255.342112462318
2007-01-25T07:00:00Z,tribes_crow_Crow,Crow,NDVI,2460.7410061986793
2007-01-25T07:00:00Z,tribes_fort-peck_Fort Peck,Fort Peck,EVI,962.0935953931137
2007-01-25T07:00:00Z,tribes_fort-peck_Fort Peck,Fort Peck,NDVI,1776.0673588799757
2007-01-25T07:00:00Z,tribes_fort-belknap_Fort Belknap,Fort Belknap,EVI,1135.5237954960285
2007-01-25T07:00:00Z,tribes_fort-belknap_Fort Belknap,Fort Belknap,NDVI,2118.2640703289326
2007-01-25T07:00:00Z,tribes_rocky-boys_Rocky Boy's,Rocky Boy's,EVI,1199.9153193521656
2007-01-25T07:00:00Z,tribes_rocky-boys_Rocky Boy's,Rocky Boy's,NDVI,2005.9040316425771
2007-01-25T07:00:00Z,tribes_blackfeet_Blackfeet,Blackfeet,EVI,1077.3014836427062
2007-01-25T07:00:00Z,tribes_blackfeet_Blackfeet,Blackfeet,NDVI,1798.5940585310689
2007-01-25T07:00:00Z,tribes_flathead_Flathead,Flathead,EVI,1501.4143474931957
2007-01-25T07:00:00Z,tribes_flathead_Flathead,Flathead,NDVI,3365.266973167739
2007-02-10T07:00:00Z,tribes_northern-cheyenne_Northern Cheyenne,Northern Cheyenne,EVI,1073.5033261263334
2007-02-10T07:00:00Z,tribes_northern-cheyenne_Northern Cheyenne,Northern Cheyenne,NDVI,2201.292811002555
2007-02-10T07:00:00Z,tribes_crow_Crow,Crow,EVI,1200.8772724694795
2007-02-10T07:00:00Z,tribes_crow_Crow,Crow,NDVI,2452.7497543221543
2007-02-10T07:00:00Z,tribes_fort-peck_Fort Peck,Fort Peck,EVI,1084.1992236342091
2007-02-10T07:00:00Z,tribes_fort-peck_Fort Peck,Fort Peck,NDVI,2046.1427205491766
2007-02-10T07:00:00Z,tribes_fort-belknap_Fort Belknap,Fort Belknap,EVI,1153.5207691041894
2007-02-10T07:00:00Z,tribes_fort-belknap_Fort Belknap,Fort Belknap,NDVI,2066.6932719901506
2007-02-10T07:00:00Z,tribes_rocky-boys_Rocky Boy's,Rocky Boy's,EVI,1143.1538215311057
2007-02-10T07:00:00Z,tribes_rocky-boys_Rocky Boy's,Rocky Boy's,NDVI,2122.3412968428297
2007-02-10T07:00:00Z,tribes_blackfeet_Blackfeet,Blackfeet,EVI,1057.9166917396058
2007-02-10T07:00:00Z,tribes_blackfeet_Blackfeet,Blackfeet,NDVI,1667.0094840634574
2007-02-10T07:00:00Z,tribes_flathead_Flathead,Flathead,EVI,1424.1025795943585
2007-02-10T07:00:00Z,tribes_flathead_Flathead,Flathead,NDVI,2870.226084542182
2007-02-26T07:00:00Z,tribes_northern-cheyenne_Northern Cheyenne,Northern Cheyenne,EVI,1337.7447440224346
2007-02-26T07:00:00Z,tribes_northern-cheyenne_Northern Cheyenne,Northern Cheyenne,NDVI,2568.7148289001702
2007-02-26T07:00:00Z,tribes_crow_Crow,Crow,EVI,1259.9339139839435
2007-02-26T07:00:00Z,tribes_crow_Crow,Crow,NDVI,2482.071371329046
2007-02-26T07:00:00Z,tribes_fort-peck_Fort Peck,Fort Peck,EVI,1027.6540435920908
2007-02-26T07:00:00Z,tribes_fort-peck_Fort Peck,Fort Peck,NDVI,2016.1844093436737
2007-02-26T07:00:00Z,tribes_fort-belknap_Fort Belknap,Fort Belknap,EVI,1322.5875642131123
2007-02-26T07:00:00Z,tribes_fort-belknap_Fort Belknap,Fort Belknap,NDVI,2475.74663691989
2007-02-26T07:00:00Z,tribes_rocky-boys_Rocky Boy's,Rocky Boy's,EVI,1253.8166097935848
2007-02-26T07:00:00Z,tribes_rocky-boys_Rocky Boy's,Rocky Boy's,NDVI,2455.1893983382447
2007-02-26T07:00:00Z,tribes_blackfeet_Blackfeet,Blackfeet,EVI,1097.1845771937128
2007-02-26T07:00:00Z,tribes_blackfeet_Blackfeet,Blackfeet,NDVI,1887.1835237374237
2007-02-26T07:00:00Z,tribes_flathead_Flathead,Flathead,EVI,1691.9526823621459
2007-02-26T07:00:00Z,tribes_flathead_Flathead,Flathead,NDVI,3532.2023604972487
2007-03-14T06:00:00Z,tribes_northern-cheyenne_Northern Cheyenne,Northern Cheyenne,EVI,1678.3321615179414
2007-03-14T06:00:00Z,tribes_northern-cheyenne_Northern Cheyenne,Northern Cheyenne,NDVI,3230.28326174779
2007-03-14T06:00:00Z,tribes_crow_Crow,Crow,EVI,1694.4353252951007
2007-03-14T06:00:00Z,tribes_crow_Crow,Crow,NDVI,3269.741689782238
2007-03-14T06:00:00Z,tribes_fort-peck_Fort Peck,Fort Peck,EVI,1068.719010942431
2007-03-14T06:00:00Z,tribes_fort-peck_Fort Peck,Fort Peck,NDVI,2061.023468027668
2007-03-14T06:00:00Z,tribes_fort-belknap_Fort Belknap,Fort Belknap,EVI,1393.18324314096
2007-03-14T06:00:00Z,tribes_fort-belknap_Fort Belknap,Fort Belknap,NDVI,2609.4265471039107
2007-03-14T06:00:00Z,tribes_rocky-boys_Rocky Boy's,Rocky Boy's,EVI,1556.999668452953
2007-03-14T06:00:00Z,tribes_rocky-boys_Rocky Boy's,Rocky Boy's,NDVI,2957.3270103582117
2007-03-14T06:00:00Z,tribes_blackfeet_Blackfeet,Blackfeet,EVI,1230.2792874835272
2007-03-14T06:00:00Z,tribes_blackfeet_Blackfeet,Blackfeet,NDVI,2178.8879405949474
2007-03-14T06:00:00Z,tribes_flathead_Flathead,Flathead,EVI,2290.8083611431957
2007-03-14T06:00:00Z,tribes_flathead_Flathead,Flathead,NDVI,4621.611274261793
2007-03-30T06:00:00Z,tribes_northern-cheyenne_Northern Cheyenne,Northern Cheyenne,EVI,1643.2077141879918
2007-03-30T06:00:00Z,tribes_northern-cheyenne_Northern Cheyenne,Northern Cheyenne,NDVI,2900.297916907038
2007-03-30T06:00:00Z,tribes_crow_Crow,Crow,EVI,1885.3911220534883
2007-03-30T06:00:00Z,tribes_crow_Crow,Crow,NDVI,3274.436737946419
2007-03-30T06:00:00Z,tribes_fort-peck_Fort Peck,Fort Peck,EVI,1169.2980305223487
2007-03-30T06:00:00Z,tribes_fort-peck_Fort Peck,Fort Peck,NDVI,2204.7036062737166
2007-03-30T06:00:00Z,tribes_fort-belknap_Fort Belknap,Fort Belknap,EVI,1533.6731900079142
2007-03-30T06:00:00Z,tribes_fort-belknap_Fort Belknap,Fort Belknap,NDVI,2730.36132411184
2007-03-30T06:00:00Z,tribes_rocky-boys_Rocky Boy's,Rocky Boy's,EVI,1885.7655956535275
2007-03-30T06:00:00Z,tribes_rocky-boys_Rocky Boy's,Rocky Boy's,NDVI,2993.2538963021166
2007-03-30T06:00:00Z,tribes_blackfeet_Blackfeet,Blackfeet,EVI,1299.9000064091942
2007-03-30T06:00:00Z,tribes_blackfeet_Blackfeet,Blackfeet,NDVI,2109.2256297849012
2007-03-30T06:00:00Z,tribes_flathead_Flathead,Flathead,EVI,2548.914701341223
2007-03-30T06:00:00Z,tribes_flathead_Flathead,Flathead,NDVI,4764.311885253726
2007-04-15T06:00:00Z,tribes_northern-cheyenne_Northern Cheyenne,Northern Cheyenne,EVI,2262.2191922758325
2007-04-15T06:00:00Z,tribes_northern-cheyenne_Northern Cheyenne,Northern Cheyenne,NDVI,4098.183977047874
2007-04-15T06:00:00Z,tribes_crow_Crow,Crow,EVI,2510.0570967869157
2007-04-15T06:00:00Z,tribes_crow_Crow,Crow,NDVI,4245.867923443377
2007-04-15T06:00:00Z,tribes_fort-peck_Fort Peck,Fort Peck,EVI,1584.7355815122476
2007-04-15T06:00:00Z,tribes_fort-peck_Fort Peck,Fort Peck,NDVI,2736.5163214245736
2007-04-15T06:00:00Z,tribes_fort-belknap_Fort Belknap,Fort Belknap,EVI,1884.5123860700755
2007-04-15T06:00:00Z,tribes_fort-belknap_Fort Belknap,Fort Belknap,NDVI,3320.305574781077
2007-04-15T06:00:00Z,tribes_rocky-boys_Rocky Boy's,Rocky Boy's,EVI,2041.2496951016815
2007-04-15T06:00:00Z,tribes_rocky-boys_Rocky Boy's,Rocky Boy's,NDVI,3641.938996745226
2007-04-15T06:00:00Z,tribes_blackfeet_Blackfeet,Blackfeet,EVI,1534.6040589172596
2007-04-15T06:00:00Z,tribes_blackfeet_Blackfeet,Blackfeet,NDVI,2615.452065107219
2007-04-15T06:00:00Z,tribes_flathead_Flathead,Flathead,EVI,2837.9980427557134
2007-04-15T06:00:00Z,tribes_flathead_Flathead,Flathead,NDVI,5175.597642707722
2007-05-01T06:00:00Z,tribes_northern-cheyenne_Northern Cheyenne,Northern Cheyenne,EVI,2883.6448884149877
2007-05-01T06:00:00Z,tribes_northern-cheyenne_Northern Cheyenne,Northern Cheyenne,NDVI,4939.621139579468
2007-05-01T06:00:00Z,tribes_crow_Crow,Crow,EVI,3218.7182752444874
2007-05-01T06:00:00Z,tribes_crow_Crow,Crow,NDVI,5250.964728858255
2007-05-01T06:00:00Z,tribes_fort-peck_Fort Peck,Fort Peck,EVI,1977.2502303910562
2007-05-01T06:00:00Z,tribes_fort-peck_Fort Peck,Fort Peck,NDVI,3418.3717314884843
2007-05-01T06:00:00Z,tribes_fort-belknap_Fort Belknap,Fort Belknap,EVI,2594.2465640296264
2007-05-01T06:00:00Z,tribes_fort-belknap_Fort Belknap,Fort Belknap,NDVI,4323.292816585107
2007-05-01T06:00:00Z,tribes_rocky-boys_Rocky Boy's,Rocky Boy's,EVI,3006.732012690673
2007-05-01T06:00:00Z,tribes_rocky-boys_Rocky Boy's,Rocky Boy's,NDVI,5041.235517096792
2007-05-01T06:00:00Z,tribes_blackfeet_Blackfeet,Blackfeet,EVI,2068.495821585564
2007-05-01T06:00:00Z,tribes_blackfeet_Blackfeet,Blackfeet,NDVI,3530.8957312412913
2007-05-01T06:00:00Z,tribes_flathead_Flathead,Flathead,EVI,3531.378701228553
2007-05-01T06:00:00Z,tribes_flathead_Flathead,Flathead,NDVI,5820.1686931431605
2007-05-17T06:00:00Z,tribes_northern-cheyenne_Northern Cheyenne,Northern Cheyenne,EVI,3388.5157784880835
2007-05-17T06:00:00Z,tribes_northern-cheyenne_Northern Cheyenne,Northern Cheyenne,NDVI,5891.473546081846
2007-05-17T06:00:00Z,tribes_crow_Crow,Crow,EVI,3732.9841932958293
2007-05-17T06:00:00Z,tribes_crow_Crow,Crow,NDVI,5792.834811736353
2007-05-17T06:00:00Z,tribes_fort-peck_Fort Peck,Fort Peck,EVI,2446.7983532515877
2007-05-17T06:00:00Z,tribes_fort-peck_Fort Peck,Fort Peck,NDVI,4129.3002839055225
2007-05-17T06:00:00Z,tribes_fort-belknap_Fort Belknap,Fort Belknap,EVI,3042.696519744503
2007-05-17T06:00:00Z,tribes_fort-belknap_Fort Belknap,Fort Belknap,NDVI,4967.799626239059
2007-05-17T06:00:00Z,tribes_rocky-boys_Rocky Boy's,Rocky Boy's,EVI,3898.6212067124898
2007-05-17T06:00:00Z,tribes_rocky-boys_Rocky Boy's,Rocky Boy's,NDVI,6592.96985968217
2007-05-17T06:00:00Z,tribes_blackfeet_Blackfeet,Blackfeet,EVI,2687.033346864073
2007-05-17T06:00:00Z,tribes_blackfeet_Blackfeet,Blackfeet,NDVI,4407.271911476159
2007-05-17T06:00:00Z,tribes_flathead_Flathead,Flathead,EVI,3372.7394885170406
2007-05-17T06:00:00Z,tribes_flathead_Flathead,Flathead,NDVI,6157.300055956204
2007-06-02T06:00:00Z,tribes_northern-cheyenne_Northern Cheyenne,Northern Cheyenne,EVI,4018.7051320052533
2007-06-02T06:00:00Z,tribes_northern-cheyenne_Northern Cheyenne,Northern Cheyenne,NDVI,6116.447436144147
2007-06-02T06:00:00Z,tribes_crow_Crow,Crow,EVI,3916.925074036046
2007-06-02T06:00:00Z,tribes_crow_Crow,Crow,NDVI,6101.078283079046
2007-06-02T06:00:00Z,tribes_fort-peck_Fort Peck,Fort Peck,EVI,3019.08173536236
2007-06-02T06:00:00Z,tribes_fort-peck_Fort Peck,Fort Peck,NDVI,4890.969505795412
2007-06-02T06:00:00Z,tribes_fort-belknap_Fort Belknap,Fort Belknap,EVI,3295.8610514111183
2007-06-02T06:00:00Z,tribes_fort-belknap_Fort Belknap,Fort Belknap,NDVI,5623.196138825793
2007-06-02T06:00:00Z,tribes_rocky-boys_Rocky Boy's,Rocky Boy's,EVI,4706.797383860588
2007-06-02T06:00:00Z,tribes_rocky-boys_Rocky Boy's,Rocky Boy's,NDVI,6909.291077795968
2007-06-02T06:00:00Z,tribes_blackfeet_Blackfeet,Blackfeet,EVI,3190.362016770696
2007-06-02T06:00:00Z,tribes_blackfeet_Blackfeet,Blackfeet,NDVI,4922.453239256549
2007-06-02T06:00:00Z,tribes_flathead_Flathead,Flathead,EVI,3737.768579886508
2007-06-02T06:00:00Z,tribes_flathead_Flathead,Flathead,NDVI,6152.536886968919
2007-06-18T06:00:00Z,tribes_northern-cheyenne_Northern Cheyenne,Northern Cheyenne,EVI,3393.5005172904002
2007-06-18T06:00:00Z,tribes_northern-cheyenne_Northern Cheyenne,Northern Cheyenne,NDVI,5743.168533985542
2007-06-18T06:00:00Z,tribes_crow_Crow,Crow,EVI,3474.4246778944625
2007-06-18T06:00:00Z,tribes_crow_Crow,Crow,NDVI,5511.093116307746
2007-06-18T06:00:00Z,tribes_fort-peck_Fort Peck,Fort Peck,EVI,3652.7980525258595
2007-06-18T06:00:00Z,tribes_fort-peck_Fort Peck,Fort Peck,NDVI,5757.037896384454
2007-06-18T06:00:00Z,tribes_fort-belknap_Fort Belknap,Fort Belknap,EVI,3300.741985839777
2007-06-18T06:00:00Z,tribes_fort-belknap_Fort Belknap,Fort Belknap,NDVI,5272.671316563758
2007-06-18T06:00:00Z,tribes_rocky-boys_Rocky Boy's,Rocky Boy's,EVI,4428.4946608679065
2007-06-18T06:00:00Z,tribes_rocky-boys_Rocky Boy's,Rocky Boy's,NDVI,6669.483428932685
2007-06-18T06:00:00Z,tribes_blackfeet_Blackfeet,Blackfeet,EVI,3108.228809195064
2007-06-18T06:00:00Z,tribes_blackfeet_Blackfeet,Blackfeet,NDVI,4892.021579251658
2007-06-18T06:00:00Z,tribes_flathead_Flathead,Flathead,EVI,3223.9175651971645
2007-06-18T06:00:00Z,tribes_flathead_Flathead,Flathead,NDVI,6007.477753995913
2007-07-04T06:00:00Z,tribes_northern-cheyenne_Northern Cheyenne,Northern Cheyenne,EVI,2924.636382859829
2007-07-04T06:00:00Z,tribes_northern-cheyenne_Northern Cheyenne,Northern Cheyenne,NDVI,4925.742988371545
2007-07-04T06:00:00Z,tribes_crow_Crow,Crow,EVI,2837.0918523705477
2007-07-04T06:00:00Z,tribes_crow_Crow,Crow,NDVI,4640.260360857479
2007-07-04T06:00:00Z,tribes_fort-peck_Fort Peck,Fort Peck,EVI,3244.3043380099934
2007-07-04T06:00:00Z,tribes_fort-peck_Fort Peck,Fort Peck,NDVI,5377.310887910615
2007-07-04T06:00:00Z,tribes_fort-belknap_Fort Belknap,Fort Belknap,EVI,2765.583891259449
2007-07-04T06:00:00Z,tribes_fort-belknap_Fort Belknap,Fort Belknap,NDVI,4605.75059162296
2007-07-04T06:00:00Z,tribes_rocky-boys_Rocky Boy's,Rocky Boy's,EVI,3967.4261320263167
2007-07-04T06:00:00Z,tribes_rocky-boys_Rocky Boy's,Rocky Boy's,NDVI,6241.233073512421
2007-07-04T06:00:00Z,tribes_blackfeet_Blackfeet,Blackfeet,EVI,2906.003030721777
2007-07-04T06:00:00Z,tribes_blackfeet_Blackfeet,Blackfeet,NDVI,4357.141568638118
2007-07-04T06:00:00Z,tribes_flathead_Flathead,Flathead,EVI,3078.6336388553705
2007-07-04T06:00:00Z,tribes_flathead_Flathead,Flathead,NDVI,5371.958212774297
2007-07-20T06:00:00Z,tribes_northern-cheyenne_Northern Cheyenne,Northern Cheyenne,EVI,2413.1227876871853
2007-07-20T06:00:00Z,tribes_northern-cheyenne_Northern Cheyenne,Northern Cheyenne,NDVI,4317.905683035666
2007-07-20T06:00:00Z,tribes_crow_Crow,Crow,EVI,2505.177529936841
2007-07-20T06:00:00Z,tribes_crow_Crow,Crow,NDVI,4035.036350585374
2007-07-20T06:00:00Z,tribes_fort-peck_Fort Peck,Fort Peck,EVI,2403.447156486318
2007-07-20T06:00:00Z,tribes_fort-peck_Fort Peck,Fort Peck,NDVI,4025.2877635587447
2007-07-20T06:00:00Z,tribes_fort-belknap_Fort Belknap,Fort Belknap,EVI,2149.0676859111773
2007-07-20T06:00:00Z,tribes_fort-belknap_Fort Belknap,Fort Belknap,NDVI,3597.261100185312
2007-07-20T06:00:00Z,tribes_rocky-boys_Rocky Boy's,Rocky Boy's,EVI,3308.2301899858885
2007-07-20T06:00:00Z,tribes_rocky-boys_Rocky Boy's,Rocky Boy's,NDVI,5374.006896281383
2007-07-20T06:00:00Z,tribes_blackfeet_Blackfeet,Blackfeet,EVI,2383.3517142842857
2007-07-20T06:00:00Z,tribes_blackfeet_Blackfeet,Blackfeet,NDVI,3709.803458972258
2007-07-20T06:00:00Z,tribes_flathead_Flathead,Flathead,EVI,2762.9050674638493
2007-07-20T06:00:00Z,tribes_flathead_Flathead,Flathead,NDVI,5133.468385879308
2007-08-05T06:00:00Z,tribes_northern-cheyenne_Northern Cheyenne,Northern Cheyenne,EVI,2295.8554736947235
2007-08-05T06:00:00Z,tribes_northern-cheyenne_Northern Cheyenne,Northern Cheyenne,NDVI,4198.109905052731
2007-08-05T06:00:00Z,tribes_crow_Crow,Crow,EVI,2174.298672596558
2007-08-05T06:00:00Z,tribes_crow_Crow,Crow,NDVI,3732.258369551789
2007-08-05T06:00:00Z,tribes_fort-peck_Fort Peck,Fort Peck,EVI,1972.729009533856
2007-08-05T06:00:00Z,tribes_fort-peck_Fort Peck,Fort Peck,NDVI,3137.629224293453
2007-08-05T06:00:00Z,tribes_fort-belknap_Fort Belknap,Fort Belknap,EVI,1927.2008448571485
2007-08-05T06:00:00Z,tribes_fort-belknap_Fort Belknap,Fort Belknap,NDVI,3284.3642312045113
2007-08-05T06:00:00Z,tribes_rocky-boys_Rocky Boy's,Rocky Boy's,EVI,2841.270070104862
2007-08-05T06:00:00Z,tribes_rocky-boys_Rocky Boy's,Rocky Boy's,NDVI,4826.966076469154
2007-08-05T06:00:00Z,tribes_blackfeet_Blackfeet,Blackfeet,EVI,2131.686880063357
2007-08-05T06:00:00Z,tribes_blackfeet_Blackfeet,Blackfeet,NDVI,3350.605160202289
2007-08-05T06:00:00Z,tribes_flathead_Flathead,Flathead,EVI,2645.383284883582
2007-08-05T06:00:00Z,tribes_flathead_Flathead,Flathead,NDVI,4764.643067392212
2007-08-21T06:00:00Z,tribes_northern-cheyenne_Northern Cheyenne,Northern Cheyenne,EVI,2168.822879800606
2007-08-21T06:00:00Z,tribes_northern-cheyenne_Northern Cheyenne,Northern Cheyenne,NDVI,3967.482955970692
2007-08-21T06:00:00Z,tribes_crow_Crow,Crow,EVI,2027.575306133284
2007-08-21T06:00:00Z,tribes_crow_Crow,Crow,NDVI,3464.8468929697865
2007-08-21T06:00:00Z,tribes_fort-peck_Fort Peck,Fort Peck,EVI,1812.0890580345235
2007-08-21T06:00:00Z,tribes_fort-peck_Fort Peck,Fort Peck,NDVI,3004.8501134208705
2007-08-21T06:00:00Z,tribes_fort-belknap_Fort Belknap,Fort Belknap,EVI,1768.2525321709443
2007-08-21T06:00:00Z,tribes_fort-belknap_Fort Belknap,Fort Belknap,NDVI,2775.610474259019
2007-08-21T06:00:00Z,tribes_rocky-boys_Rocky Boy's,Rocky Boy's,EVI,2611.0930287035612
2007-08-21T06:00:00Z,tribes_rocky-boys_Rocky Boy's,Rocky Boy's,NDVI,4370.956538069206
2007-08-21T06:00:00Z,tribes_blackfeet_Blackfeet,Blackfeet,EVI,1935.7429878500793
2007-08-21T06:00:00Z,tribes_blackfeet_Blackfeet,Blackfeet,NDVI,3200.6214881814026
2007-08-21T06:00:00Z,tribes_flathead_Flathead,Flathead,EVI,2384.716638582021
2007-08-21T06:00:00Z,tribes_flathead_Flathead,Flathead,NDVI,4845.2620084661485
2007-09-06T06:00:00Z,tribes_northern-cheyenne_Northern Cheyenne,Northern Cheyenne,EVI,1824.5196633894004
2007-09-06T06:00:00Z,tribes_northern-cheyenne_Northern Cheyenne,Northern Cheyenne,NDVI,3730.4532422316165
2007-09-06T06:00:00Z,tribes_crow_Crow,Crow,EVI,1731.6545275252802
2007-09-06T06:00:00Z,tribes_crow_Crow,Crow,NDVI,3289.1901233154767
2007-09-06T06:00:00Z,tribes_fort-peck_Fort Peck,Fort Peck,EVI,1653.6784081461012
2007-09-06T06:00:00Z,tribes_fort-peck_Fort Peck,Fort Peck,NDVI,2992.59035181861
2007-09-06T06:00:00Z,tribes_fort-belknap_Fort Belknap,Fort Belknap,EVI,1570.3017632606577
2007-09-06T06:00:00Z,tribes_fort-belknap_Fort Belknap,Fort Belknap,NDVI,2932.121153903225
2007-09-06T06:00:00Z,tribes_rocky-boys_Rocky Boy's,Rocky Boy's,EVI,2037.3271659728018
2007-09-06T06:00:00Z,tribes_rocky-boys_Rocky Boy's,Rocky Boy's,NDVI,3921.0092064268956
2007-09-06T06:00:00Z,tribes_blackfeet_Blackfeet,Blackfeet,EVI,1895.134601132345
2007-09-06T06:00:00Z,tribes_blackfeet_Blackfeet,Blackfeet,NDVI,2972.6003922271584
2007-09-06T06:00:00Z,tribes_flathead_Flathead,Flathead,EVI,2309.1588083449897
2007-09-06T06:00:00Z,tribes_flathead_Flathead,Flathead,NDVI,4612.042915173195
2007-09-22T06:00:00Z,tribes_northern-cheyenne_Northern Cheyenne,Northern Cheyenne,EVI,1800.1990693769533
2007-09-22T06:00:00Z,tribes_northern-cheyenne_Northern Cheyenne,Northern Cheyenne,NDVI,3995.0547108300752
2007-09-22T06:00:00Z,tribes_crow_Crow,Crow,EVI,1680.847120445502
2007-09-22T06:00:00Z,tribes_crow_Crow,Crow,NDVI,3305.671363449024
2007-09-22T06:00:00Z,tribes_fort-peck_Fort Peck,Fort Peck,EVI,1436.6458340272202
2007-09-22T06:00:00Z,tribes_fort-peck_Fort Peck,Fort Peck,NDVI,2562.956507637958
2007-09-22T06:00:00Z,tribes_fort-belknap_Fort Belknap,Fort Belknap,EVI,1475.482085850196
2007-09-22T06:00:00Z,tribes_fort-belknap_Fort Belknap,Fort Belknap,NDVI,2932.90266377397
2007-09-22T06:00:00Z,tribes_rocky-boys_Rocky Boy's,Rocky Boy's,EVI,1725.183371198475
2007-09-22T06:00:00Z,tribes_rocky-boys_Rocky Boy's,Rocky Boy's,NDVI,3492.1818903185035
2007-09-22T06:00:00Z,tribes_blackfeet_Blackfeet,Blackfeet,EVI,1622.7112941212654
2007-09-22T06:00:00Z,tribes_blackfeet_Blackfeet,Blackfeet,NDVI,2811.573982436104
2007-09-22T06:00:00Z,tribes_flathead_Flathead,Flathead,EVI,2133.4112068933687
2007-09-22T06:00:00Z,tribes_flathead_Flathead,Flathead,NDVI,4754.507544064587
2007-10-08T06:00:00Z,tribes_northern-cheyenne_Northern Cheyenne,Northern Cheyenne,EVI,1662.0294917538054
2007-10-08T06:00:00Z,tribes_northern-cheyenne_Northern Cheyenne,Northern Cheyenne,NDVI,3795.2587677022934
2007-10-08T06:00:00Z,tribes_crow_Crow,Crow,EVI,1619.6274671796486
2007-10-08T06:00:00Z,tribes_crow_Crow,Crow,NDVI,3313.096521751013
2007-10-08T06:00:00Z,tribes_fort-peck_Fort Peck,Fort Peck,EVI,1297.6535038362886
2007-10-08T06:00:00Z,tribes_fort-peck_Fort Peck,Fort Peck,NDVI,2499.1688985499663
2007-10-08T06:00:00Z,tribes_fort-belknap_Fort Belknap,Fort Belknap,EVI,1449.7819377871845
2007-10-08T06:00:00Z,tribes_fort-belknap_Fort Belknap,Fort Belknap,NDVI,2803.991644917094
2007-10-08T06:00:00Z,tribes_rocky-boys_Rocky Boy's,Rocky Boy's,EVI,1693.1853784221782
2007-10-08T06:00:00Z,tribes_rocky-boys_Rocky Boy's,Rocky Boy's,NDVI,3482.4350178399345
2007-10-08T06:00:00Z,tribes_blackfeet_Blackfeet,Blackfeet,EVI,1489.8948822581176
2007-10-08T06:00:00Z,tribes_blackfeet_Blackfeet,Blackfeet,NDVI,2693.5891498110536
2007-10-08T06:00:00Z,tribes_flathead_Flathead,Flathead,EVI,2200.765179396087
2007-10-08T06:00:00Z,tribes_flathead_Flathead,Flathead,NDVI,4949.9687072614515
2007-10-24T06:00:00Z,tribes_northern-cheyenne_Northern Cheyenne,Northern Cheyenne,EVI,1719.3846579295778
2007-10-24T06:00:00Z,tribes_northern-cheyenne_Northern Cheyenne,Northern Cheyenne,NDVI,3697.046449883721
2007-10-24T06:00:00Z,tribes_crow_Crow,Crow,EVI,1664.556676797736
2007-10-24T06:00:00Z,tribes_crow_Crow,Crow,NDVI,3209.7113740130944
2007-10-24T06:00:00Z,tribes_fort-peck_Fort Peck,Fort Peck,EVI,1287.4113958005196
2007-10-24T06:00:00Z,tribes_fort-peck_Fort Peck,Fort Peck,NDVI,2419.7855835004416
2007-10-24T06:00:00Z,tribes_fort-belknap_Fort Belknap,Fort Belknap,EVI,1348.3024320391776
2007-10-24T06:00:00Z,tribes_fort-belknap_Fort Belknap,Fort Belknap,NDVI,2499.0501447183265
2007-10-24T06:00:00Z,tribes_rocky-boys_Rocky Boy's,Rocky Boy's,EVI,1638.5087387709204
2007-10-24T06:00:00Z,tribes_rocky-boys_Rocky Boy's,Rocky Boy's,NDVI,3228.9793816621464
2007-10-24T06:00:00Z,tribes_blackfeet_Blackfeet,Blackfeet,EVI,1512.6803892041619
2007-10-24T06:00:00Z,tribes_blackfeet_Blackfeet,Blackfeet,NDVI,2646.0110898401035
2007-10-24T06:00:00Z,tribes_flathead_Flathead,Flathead,EVI,2127.042059692259
2007-10-24T06:00:00Z,tribes_flathead_Flathead,Flathead,NDVI,4687.735104290131
2007-11-09T07:00:00Z,tribes_northern-cheyenne_Northern Cheyenne,Northern Cheyenne,EVI,1645.6566497985193
2007-11-09T07:00:00Z,tribes_northern-cheyenne_Northern Cheyenne,Northern Cheyenne,NDVI,3585.296952956399
2007-11-09T07:00:00Z,tribes_crow_Crow,Crow,EVI,1725.9905486864784
2007-11-09T07:00:00Z,tribes_crow_Crow,Crow,NDVI,3150.917297811443
2007-11-09T07:00:00Z,tribes_fort-peck_Fort Peck,Fort Peck,EVI,1296.575619630352
2007-11-09T07:00:00Z,tribes_fort-peck_Fort Peck,Fort Peck,NDVI,2234.9093505125365
2007-11-09T07:00:00Z,tribes_fort-belknap_Fort Belknap,Fort Belknap,EVI,1310.523694467065
2007-11-09T07:00:00Z,tribes_fort-belknap_Fort Belknap,Fort Belknap,NDVI,2253.309536191363
2007-11-09T07:00:00Z,tribes_rocky-boys_Rocky Boy's,Rocky Boy's,EVI,1623.1707757684553
2007-11-09T07:00:00Z,tribes_rocky-boys_Rocky Boy's,Rocky Boy's,NDVI,2883.7731647646483
2007-11-09T07:00:00Z,tribes_blackfeet_Blackfeet,Blackfeet,EVI,1418.673770646575
2007-11-09T07:00:00Z,tribes_blackfeet_Blackfeet,Blackfeet,NDVI,2330.2400156272947
2007-11-09T07:00:00Z,tribes_flathead_Flathead,Flathead,EVI,1909.0563364350762
2007-11-09T07:00:00Z,tribes_flathead_Flathead,Flathead,NDVI,4034.19493746985
2007-11-25T07:00:00Z,tribes_northern-cheyenne_Northern Cheyenne,Northern Cheyenne,EVI,1691.5869519468588
2007-11-25T07:00:00Z,tribes_northern-cheyenne_Northern Cheyenne,Northern Cheyenne,NDVI,3295.988177449569
2007-11-25T07:00:00Z,tribes_crow_Crow,Crow,EVI,1389.712005025807
2007-11-25T07:00:00Z,tribes_crow_Crow,Crow,NDVI,2612.468010179999
2007-11-25T07:00:00Z,tribes_fort-peck_Fort Peck,Fort Peck,EVI,1132.880398322976
2007-11-25T07:00:00Z,tribes_fort-peck_Fort Peck,Fort Peck,NDVI,2015.9412869786047
2007-11-25T07:00:00Z,tribes_fort-belknap_Fort Belknap,Fort Belknap,EVI,1320.2100748505434
2007-11-25T07:00:00Z,tribes_fort-belknap_Fort Belknap,Fort Belknap,NDVI,2210.171334127509
2007-11-25T07:00:00Z,tribes_rocky-boys_Rocky Boy's,Rocky Boy's,EVI,1647.5282708782306
2007-11-25T07:00:00Z,tribes_rocky-boys_Rocky Boy's,Rocky Boy's,NDVI,2402.0565984555456
2007-11-25T07:00:00Z,tribes_blackfeet_Blackfeet,Blackfeet,EVI,1228.887065977209
2007-11-25T07:00:00Z,tribes_blackfeet_Blackfeet,Blackfeet,NDVI,1987.210119674692
2007-11-25T07:00:00Z,tribes_flathead_Flathead,Flathead,EVI,1786.470739269042
2007-11-25T07:00:00Z,tribes_flathead_Flathead,Flathead,NDVI,3581.902166775789
2007-12-11T07:00:00Z,tribes_northern-cheyenne_Northern Cheyenne,Northern Cheyenne,EVI,1592.6820909989317
2007-12-11T07:00:00Z,tribes_northern-cheyenne_Northern Cheyenne,Northern Cheyenne,NDVI,3258.1325480612
2007-12-11T07:00:00Z,tribes_crow_Crow,Crow,EVI,1357.938808841086
2007-12-11T07:00:00Z,tribes_crow_Crow,Crow,NDVI,2474.668556850308
2007-12-11T07:00:00Z,tribes_fort-peck_Fort Peck,Fort Peck,EVI,1116.9114812450646
2007-12-11T07:00:00Z,tribes_fort-peck_Fort Peck,Fort Peck,NDVI,1976.5141128240564
2007-12-11T07:00:00Z,tribes_fort-belknap_Fort Belknap,Fort Belknap,EVI,1215.749683357016
2007-12-11T07:00:00Z,tribes_fort-belknap_Fort Belknap,Fort Belknap,NDVI,1998.5316735593592
2007-12-11T07:00:00Z,tribes_rocky-boys_Rocky Boy's,Rocky Boy's,EVI,1244.8012678960959
2007-12-11T07:00:00Z,tribes_rocky-boys_Rocky Boy's,Rocky Boy's,NDVI,2021.6968013108233
2007-12-11T07:00:00Z,tribes_blackfeet_Blackfeet,Blackfeet,EVI,1136.1556107373233
2007-12-11T07:00:00Z,tribes_blackfeet_Blackfeet,Blackfeet,NDVI,1859.3253042239264
2007-12-11T07:00:00Z,tribes_flathead_Flathead,Flathead,EVI,1960.320637425055
2007-12-11T07:00:00Z,tribes_flathead_Flathead,Flathead,NDVI,3185.2363521615653
2007-12-27T07:00:00Z,tribes_northern-cheyenne_Northern Cheyenne,Northern Cheyenne,EVI,NA
2007-12-27T07:00:00Z,tribes_northern-cheyenne_Northern Cheyenne,Northern Cheyenne,NDVI,NA
2007-12-27T07:00:00Z,tribes_crow_Crow,Crow,EVI,1281.044779336517
2007-12-27T07:00:00Z,tribes_crow_Crow,Crow,NDVI,2153.621474822422
2007-12-27T07:00:00Z,tribes_fort-peck_Fort Peck,Fort Peck,EVI,1089.7391008038026
2007-12-27T07:00:00Z,tribes_fort-peck_Fort Peck,Fort Peck,NDVI,1942.234845086033
2007-12-27T07:00:00Z,tribes_fort-belknap_Fort Belknap,Fort Belknap,EVI,1198.726604277129
2007-12-27T07:00:00Z,tribes_fort-belknap_Fort Belknap,Fort Belknap,NDVI,2129.952249177714
2007-12-27T07:00:00Z,tribes_rocky-boys_Rocky Boy's,Rocky Boy's,EVI,1015.7095097295329
2007-12-27T07:00:00Z,tribes_rocky-boys_Rocky Boy's,Rocky Boy's,NDVI,1941.6811375978975
2007-12-27T07:00:00Z,tribes_blackfeet_Blackfeet,Blackfeet,EVI,1051.5411365168573
2007-12-27T07:00:00Z,tribes_blackfeet_Blackfeet,Blackfeet,NDVI,1724.2634187427207
2007-12-27T07:00:00Z,tribes_flathead_Flathead,Flathead,EVI,1541.9431092055902
2007-12-27T07:00:00Z,tribes_flathead_Flathead,Flathead,NDVI,3063.4517871129983
2008-01-09T07:00:00Z,tribes_northern-cheyenne_Northern Cheyenne,Northern Cheyenne,EVI,NA
2008-01-09T07:00:00Z,tribes_northern-cheyenne_Northern Cheyenne,Northern Cheyenne,NDVI,NA
2008-01-09T07:00:00Z,tribes_crow_Crow,Crow,EVI,1282.1322053581443
2008-01-09T07:00:00Z,tribes_crow_Crow,Crow,NDVI,2022.8165553042325
2008-01-09T07:00:00Z,tribes_fort-peck_Fort Peck,Fort Peck,EVI,1068.4785953668377
2008-01-09T07:00:00Z,tribes_fort-peck_Fort Peck,Fort Peck,NDVI,1881.646074513291
2008-01-09T07:00:00Z,tribes_fort-belknap_Fort Belknap,Fort Belknap,EVI,1138.387383855697
2008-01-09T07:00:00Z,tribes_fort-belknap_Fort Belknap,Fort Belknap,NDVI,2120.0691050867126
2008-01-09T07:00:00Z,tribes_rocky-boys_Rocky Boy's,Rocky Boy's,EVI,1198.3829203181824
2008-01-09T07:00:00Z,tribes_rocky-boys_Rocky Boy's,Rocky Boy's,NDVI,2000.5519922774456
2008-01-09T07:00:00Z,tribes_blackfeet_Blackfeet,Blackfeet,EVI,1105.9875166332376
2008-01-09T07:00:00Z,tribes_blackfeet_Blackfeet,Blackfeet,NDVI,1850.4438749071455
2008-01-09T07:00:00Z,tribes_flathead_Flathead,Flathead,EVI,1730.9202874877492
2008-01-09T07:00:00Z,tribes_flathead_Flathead,Flathead,NDVI,3145.4655341391704
2008-01-25T07:00:00Z,tribes_northern-cheyenne_Northern Cheyenne,Northern Cheyenne,EVI,NA
2008-01-25T07:00:00Z,tribes_northern-cheyenne_Northern Cheyenne,Northern Cheyenne,NDVI,NA
2008-01-25T07:00:00Z,tribes_crow_Crow,Crow,EVI,1007.3061366806137
2008-01-25T07:00:00Z,tribes_crow_Crow,Crow,NDVI,1770.0467224546721
2008-01-25T07:00:00Z,tribes_fort-peck_Fort Peck,Fort Peck,EVI,722.1111111111111
2008-01-25T07:00:00Z,tribes_fort-peck_Fort Peck,Fort Peck,NDVI,1456.2648273273273
2008-01-25T07:00:00Z,tribes_fort-belknap_Fort Belknap,Fort Belknap,EVI,NA
2008-01-25T07:00:00Z,tribes_fort-belknap_Fort Belknap,Fort Belknap,NDVI,NA
2008-01-25T07:00:00Z,tribes_rocky-boys_Rocky Boy's,Rocky Boy's,EVI,1161.8110750071376
2008-01-25T07:00:00Z,tribes_rocky-boys_Rocky Boy's,Rocky Boy's,NDVI,1785.5770600791302
2008-01-25T07:00:00Z,tribes_blackfeet_Blackfeet,Blackfeet,EVI,NA
2008-01-25T07:00:00Z,tribes_blackfeet_Blackfeet,Blackfeet,NDVI,NA
2008-01-25T07:00:00Z,tribes_flathead_Flathead,Flathead,EVI,NA
2008-01-25T07:00:00Z,tribes_flathead_Flathead,Flathead,NDVI,NA
2008-02-10T07:00:00Z,tribes_northern-cheyenne_Northern Cheyenne,Northern Cheyenne,EVI,NA
2008-02-10T07:00:00Z,tribes_northern-cheyenne_Northern Cheyenne,Northern Cheyenne,NDVI,NA
2008-02-10T07:00:00Z,tribes_crow_Crow,Crow,EVI,1102.52181311332
2008-02-10T07:00:00Z,tribes_crow_Crow,Crow,NDVI,1913.2196646815632
2008-02-10T07:00:00Z,tribes_fort-peck_Fort Peck,Fort Peck,EVI,1032.095260552353
2008-02-10T07:00:00Z,tribes_fort-peck_Fort Peck,Fort Peck,NDVI,1849.1876777089828
2008-02-10T07:00:00Z,tribes_fort-belknap_Fort Belknap,Fort Belknap,EVI,1053.4011982473942
2008-02-10T07:00:00Z,tribes_fort-belknap_Fort Belknap,Fort Belknap,NDVI,1801.5898995147256
2008-02-10T07:00:00Z,tribes_rocky-boys_Rocky Boy's,Rocky Boy's,EVI,897.9675620736895
2008-02-10T07:00:00Z,tribes_rocky-boys_Rocky Boy's,Rocky Boy's,NDVI,1722.1403248834265
2008-02-10T07:00:00Z,tribes_blackfeet_Blackfeet,Blackfeet,EVI,926.1684156638853
2008-02-10T07:00:00Z,tribes_blackfeet_Blackfeet,Blackfeet,NDVI,1437.0767020501692
2008-02-10T07:00:00Z,tribes_flathead_Flathead,Flathead,EVI,1627.6844347974782
2008-02-10T07:00:00Z,tribes_flathead_Flathead,Flathead,NDVI,3031.7117762447506
2008-02-26T07:00:00Z,tribes_northern-cheyenne_Northern Cheyenne,Northern Cheyenne,EVI,1138.182904417159
2008-02-26T07:00:00Z,tribes_northern-cheyenne_Northern Cheyenne,Northern Cheyenne,NDVI,2317.893462042061
2008-02-26T07:00:00Z,tribes_crow_Crow,Crow,EVI,1199.6571597491707
2008-02-26T07:00:00Z,tribes_crow_Crow,Crow,NDVI,2234.1276907933825
2008-02-26T07:00:00Z,tribes_fort-peck_Fort Peck,Fort Peck,EVI,1067.302061661472
2008-02-26T07:00:00Z,tribes_fort-peck_Fort Peck,Fort Peck,NDVI,1868.7546187505816
2008-02-26T07:00:00Z,tribes_fort-belknap_Fort Belknap,Fort Belknap,EVI,1083.851916378809
2008-02-26T07:00:00Z,tribes_fort-belknap_Fort Belknap,Fort Belknap,NDVI,2021.8043733855359
2008-02-26T07:00:00Z,tribes_rocky-boys_Rocky Boy's,Rocky Boy's,EVI,1086.2825435417144
2008-02-26T07:00:00Z,tribes_rocky-boys_Rocky Boy's,Rocky Boy's,NDVI,1961.3550739471136
2008-02-26T07:00:00Z,tribes_blackfeet_Blackfeet,Blackfeet,EVI,1011.8815954187528
2008-02-26T07:00:00Z,tribes_blackfeet_Blackfeet,Blackfeet,NDVI,1690.2070332952894
2008-02-26T07:00:00Z,tribes_flathead_Flathead,Flathead,EVI,1621.4106318741076
2008-02-26T07:00:00Z,tribes_flathead_Flathead,Flathead,NDVI,3132.7419386150664
2008-03-13T06:00:00Z,tribes_northern-cheyenne_Northern Cheyenne,Northern Cheyenne,EVI,1433.941130420893
2008-03-13T06:00:00Z,tribes_northern-cheyenne_Northern Cheyenne,Northern Cheyenne,NDVI,2888.9490725357537
2008-03-13T06:00:00Z,tribes_crow_Crow,Crow,EVI,1309.3607408839023
2008-03-13T06:00:00Z,tribes_crow_Crow,Crow,NDVI,2303.3894389784264
2008-03-13T06:00:00Z,tribes_fort-peck_Fort Peck,Fort Peck,EVI,1103.166075240416
2008-03-13T06:00:00Z,tribes_fort-peck_Fort Peck,Fort Peck,NDVI,1847.4427434703225
2008-03-13T06:00:00Z,tribes_fort-belknap_Fort Belknap,Fort Belknap,EVI,1163.8084370034596
2008-03-13T06:00:00Z,tribes_fort-belknap_Fort Belknap,Fort Belknap,NDVI,2011.4502134388938
2008-03-13T06:00:00Z,tribes_rocky-boys_Rocky Boy's,Rocky Boy's,EVI,1181.6961816390694
2008-03-13T06:00:00Z,tribes_rocky-boys_Rocky Boy's,Rocky Boy's,NDVI,2032.0731362323916
2008-03-13T06:00:00Z,tribes_blackfeet_Blackfeet,Blackfeet,EVI,1021.4475377793741
2008-03-13T06:00:00Z,tribes_blackfeet_Blackfeet,Blackfeet,NDVI,1753.0368727010678
2008-03-13T06:00:00Z,tribes_flathead_Flathead,Flathead,EVI,1834.5693659232686
2008-03-13T06:00:00Z,tribes_flathead_Flathead,Flathead,NDVI,3369.250061936072
2008-03-29T06:00:00Z,tribes_northern-cheyenne_Northern Cheyenne,Northern Cheyenne,EVI,1506.9471559769154
2008-03-29T06:00:00Z,tribes_northern-cheyenne_Northern Cheyenne,Northern Cheyenne,NDVI,3170.179671253542
2008-03-29T06:00:00Z,tribes_crow_Crow,Crow,EVI,1438.9486755505502
2008-03-29T06:00:00Z,tribes_crow_Crow,Crow,NDVI,2528.584220070075
2008-03-29T06:00:00Z,tribes_fort-peck_Fort Peck,Fort Peck,EVI,1096.9126653268281
2008-03-29T06:00:00Z,tribes_fort-peck_Fort Peck,Fort Peck,NDVI,2046.866241306046
2008-03-29T06:00:00Z,tribes_fort-belknap_Fort Belknap,Fort Belknap,EVI,1288.6391436114448
2008-03-29T06:00:00Z,tribes_fort-belknap_Fort Belknap,Fort Belknap,NDVI,2073.5631354446955
2008-03-29T06:00:00Z,tribes_rocky-boys_Rocky Boy's,Rocky Boy's,EVI,1336.748559877318
2008-03-29T06:00:00Z,tribes_rocky-boys_Rocky Boy's,Rocky Boy's,NDVI,2142.517639165056
2008-03-29T06:00:00Z,tribes_blackfeet_Blackfeet,Blackfeet,EVI,1093.1004212259795
2008-03-29T06:00:00Z,tribes_blackfeet_Blackfeet,Blackfeet,NDVI,1788.6260173897663
2008-03-29T06:00:00Z,tribes_flathead_Flathead,Flathead,EVI,2020.1844160417288
2008-03-29T06:00:00Z,tribes_flathead_Flathead,Flathead,NDVI,3742.2307100822504
2008-04-14T06:00:00Z,tribes_northern-cheyenne_Northern Cheyenne,Northern Cheyenne,EVI,1625.484337898965
2008-04-14T06:00:00Z,tribes_northern-cheyenne_Northern Cheyenne,Northern Cheyenne,NDVI,3366.762341294314
2008-04-14T06:00:00Z,tribes_crow_Crow,Crow,EVI,1792.459703589459
2008-04-14T06:00:00Z,tribes_crow_Crow,Crow,NDVI,3039.281062365123
2008-04-14T06:00:00Z,tribes_fort-peck_Fort Peck,Fort Peck,EVI,1205.4263613911926
2008-04-14T06:00:00Z,tribes_fort-peck_Fort Peck,Fort Peck,NDVI,2130.7917693406444
2008-04-14T06:00:00Z,tribes_fort-belknap_Fort Belknap,Fort Belknap,EVI,1394.303118173225
2008-04-14T06:00:00Z,tribes_fort-belknap_Fort Belknap,Fort Belknap,NDVI,2347.2384463906174
2008-04-14T06:00:00Z,tribes_rocky-boys_Rocky Boy's,Rocky Boy's,EVI,1452.3686975800217
2008-04-14T06:00:00Z,tribes_rocky-boys_Rocky Boy's,Rocky Boy's,NDVI,2301.9824187353297
2008-04-14T06:00:00Z,tribes_blackfeet_Blackfeet,Blackfeet,EVI,1246.490691844773
2008-04-14T06:00:00Z,tribes_blackfeet_Blackfeet,Blackfeet,NDVI,1990.497137202881
2008-04-14T06:00:00Z,tribes_flathead_Flathead,Flathead,EVI,2358.8067299854474
2008-04-14T06:00:00Z,tribes_flathead_Flathead,Flathead,NDVI,4156.042698266984
2008-04-30T06:00:00Z,tribes_northern-cheyenne_Northern Cheyenne,Northern Cheyenne,EVI,2084.3366613869925
2008-04-30T06:00:00Z,tribes_northern-cheyenne_Northern Cheyenne,Northern Cheyenne,NDVI,3528.897127765744
2008-04-30T06:00:00Z,tribes_crow_Crow,Crow,EVI,2139.179442928527
2008-04-30T06:00:00Z,tribes_crow_Crow,Crow,NDVI,3755.4130805692953
2008-04-30T06:00:00Z,tribes_fort-peck_Fort Peck,Fort Peck,EVI,1403.7838673698577
2008-04-30T06:00:00Z,tribes_fort-peck_Fort Peck,Fort Peck,NDVI,2438.999089221096
2008-04-30T06:00:00Z,tribes_fort-belknap_Fort Belknap,Fort Belknap,EVI,1463.7012155680563
2008-04-30T06:00:00Z,tribes_fort-belknap_Fort Belknap,Fort Belknap,NDVI,2522.5690130078624
2008-04-30T06:00:00Z,tribes_rocky-boys_Rocky Boy's,Rocky Boy's,EVI,1933.1171906290858
2008-04-30T06:00:00Z,tribes_rocky-boys_Rocky Boy's,Rocky Boy's,NDVI,2999.8170905644474
2008-04-30T06:00:00Z,tribes_blackfeet_Blackfeet,Blackfeet,EVI,1570.5696859348202
2008-04-30T06:00:00Z,tribes_blackfeet_Blackfeet,Blackfeet,NDVI,2524.896817581337
2008-04-30T06:00:00Z,tribes_flathead_Flathead,Flathead,EVI,2640.1879101052727
2008-04-30T06:00:00Z,tribes_flathead_Flathead,Flathead,NDVI,4888.112349055181
2008-05-16T06:00:00Z,tribes_northern-cheyenne_Northern Cheyenne,Northern Cheyenne,EVI,2358.078805131304
2008-05-16T06:00:00Z,tribes_northern-cheyenne_Northern Cheyenne,Northern Cheyenne,NDVI,4187.656229082074
2008-05-16T06:00:00Z,tribes_crow_Crow,Crow,EVI,2642.9339088804813
2008-05-16T06:00:00Z,tribes_crow_Crow,Crow,NDVI,4288.162677202287
2008-05-16T06:00:00Z,tribes_fort-peck_Fort Peck,Fort Peck,EVI,1861.8529454163715
2008-05-16T06:00:00Z,tribes_fort-peck_Fort Peck,Fort Peck,NDVI,3066.779091428915
2008-05-16T06:00:00Z,tribes_fort-belknap_Fort Belknap,Fort Belknap,EVI,1750.6830115933542
2008-05-16T06:00:00Z,tribes_fort-belknap_Fort Belknap,Fort Belknap,NDVI,2858.123941521313
2008-05-16T06:00:00Z,tribes_rocky-boys_Rocky Boy's,Rocky Boy's,EVI,2410.0834109824896
2008-05-16T06:00:00Z,tribes_rocky-boys_Rocky Boy's,Rocky Boy's,NDVI,4066.637817339922
2008-05-16T06:00:00Z,tribes_blackfeet_Blackfeet,Blackfeet,EVI,2027.5670439906112
2008-05-16T06:00:00Z,tribes_blackfeet_Blackfeet,Blackfeet,NDVI,3481.3658810518373
2008-05-16T06:00:00Z,tribes_flathead_Flathead,Flathead,EVI,3044.3339954767443
2008-05-16T06:00:00Z,tribes_flathead_Flathead,Flathead,NDVI,5455.532541237713
2008-06-01T06:00:00Z,tribes_northern-cheyenne_Northern Cheyenne,Northern Cheyenne,EVI,3169.1896571213865
2008-06-01T06:00:00Z,tribes_northern-cheyenne_Northern Cheyenne,Northern Cheyenne,NDVI,5724.150562032948
2008-06-01T06:00:00Z,tribes_crow_Crow,Crow,EVI,3472.622494611055
2008-06-01T06:00:00Z,tribes_crow_Crow,Crow,NDVI,5431.62040314717
2008-06-01T06:00:00Z,tribes_fort-peck_Fort Peck,Fort Peck,EVI,2661.918052409921
2008-06-01T06:00:00Z,tribes_fort-peck_Fort Peck,Fort Peck,NDVI,4759.189871286153
2008-06-01T06:00:00Z,tribes_fort-belknap_Fort Belknap,Fort Belknap,EVI,2660.2433631818353
2008-06-01T06:00:00Z,tribes_fort-belknap_Fort Belknap,Fort Belknap,NDVI,4523.614098674173
2008-06-01T06:00:00Z,tribes_rocky-boys_Rocky Boy's,Rocky Boy's,EVI,3612.479539259373
2008-06-01T06:00:00Z,tribes_rocky-boys_Rocky Boy's,Rocky Boy's,NDVI,5737.774717291909
2008-06-01T06:00:00Z,tribes_blackfeet_Blackfeet,Blackfeet,EVI,2987.228655304012
2008-06-01T06:00:00Z,tribes_blackfeet_Blackfeet,Blackfeet,NDVI,4713.780744542963
2008-06-01T06:00:00Z,tribes_flathead_Flathead,Flathead,EVI,3399.282494873928
2008-06-01T06:00:00Z,tribes_flathead_Flathead,Flathead,NDVI,5995.394984979864
2008-06-17T06:00:00Z,tribes_northern-cheyenne_Northern Cheyenne,Northern Cheyenne,EVI,3261.5594379637027
2008-06-17T06:00:00Z,tribes_northern-cheyenne_Northern Cheyenne,Northern Cheyenne,NDVI,5859.661516590298
2008-06-17T06:00:00Z,tribes_crow_Crow,Crow,EVI,3375.7900150067258
2008-06-17T06:00:00Z,tribes_crow_Crow,Crow,NDVI,5644.408064809705
2008-06-17T06:00:00Z,tribes_fort-peck_Fort Peck,Fort Peck,EVI,2980.318980472457
2008-06-17T06:00:00Z,tribes_fort-peck_Fort Peck,Fort Peck,NDVI,5034.339136057418
2008-06-17T06:00:00Z,tribes_fort-belknap_Fort Belknap,Fort Belknap,EVI,2610.3770480518806
2008-06-17T06:00:00Z,tribes_fort-belknap_Fort Belknap,Fort Belknap,NDVI,4671.605461815055
2008-06-17T06:00:00Z,tribes_rocky-boys_Rocky Boy's,Rocky Boy's,EVI,3831.723215081426
2008-06-17T06:00:00Z,tribes_rocky-boys_Rocky Boy's,Rocky Boy's,NDVI,6336.832200184512
2008-06-17T06:00:00Z,tribes_blackfeet_Blackfeet,Blackfeet,EVI,3486.5432339750055
2008-06-17T06:00:00Z,tribes_blackfeet_Blackfeet,Blackfeet,NDVI,5292.203482840056
2008-06-17T06:00:00Z,tribes_flathead_Flathead,Flathead,EVI,3498.9377716837057
2008-06-17T06:00:00Z,tribes_flathead_Flathead,Flathead,NDVI,5884.3882280355765
2008-07-03T06:00:00Z,tribes_northern-cheyenne_Northern Cheyenne,Northern Cheyenne,EVI,3171.600403376035
2008-07-03T06:00:00Z,tribes_northern-cheyenne_Northern Cheyenne,Northern Cheyenne,NDVI,5468.981966343395
2008-07-03T06:00:00Z,tribes_crow_Crow,Crow,EVI,3157.721353755486
2008-07-03T06:00:00Z,tribes_crow_Crow,Crow,NDVI,5108.0827049091595
2008-07-03T06:00:00Z,tribes_fort-peck_Fort Peck,Fort Peck,EVI,2713.8552913688422
2008-07-03T06:00:00Z,tribes_fort-peck_Fort Peck,Fort Peck,NDVI,4203.085809397655
2008-07-03T06:00:00Z,tribes_fort-belknap_Fort Belknap,Fort Belknap,EVI,2652.5789734485725
2008-07-03T06:00:00Z,tribes_fort-belknap_Fort Belknap,Fort Belknap,NDVI,4378.517549645205
2008-07-03T06:00:00Z,tribes_rocky-boys_Rocky Boy's,Rocky Boy's,EVI,3751.1943771056094
2008-07-03T06:00:00Z,tribes_rocky-boys_Rocky Boy's,Rocky Boy's,NDVI,5968.639719215936
2008-07-03T06:00:00Z,tribes_blackfeet_Blackfeet,Blackfeet,EVI,3418.138918564937
2008-07-03T06:00:00Z,tribes_blackfeet_Blackfeet,Blackfeet,NDVI,5502.949199361746
2008-07-03T06:00:00Z,tribes_flathead_Flathead,Flathead,EVI,3164.8215826947758
2008-07-03T06:00:00Z,tribes_flathead_Flathead,Flathead,NDVI,5674.004851598837
2008-07-19T06:00:00Z,tribes_northern-cheyenne_Northern Cheyenne,Northern Cheyenne,EVI,2768.8797546798423
2008-07-19T06:00:00Z,tribes_northern-cheyenne_Northern Cheyenne,Northern Cheyenne,NDVI,4920.4994889549635
2008-07-19T06:00:00Z,tribes_crow_Crow,Crow,EVI,2576.179557860167
2008-07-19T06:00:00Z,tribes_crow_Crow,Crow,NDVI,4312.610926796028
2008-07-19T06:00:00Z,tribes_fort-peck_Fort Peck,Fort Peck,EVI,2112.214279740785
2008-07-19T06:00:00Z,tribes_fort-peck_Fort Peck,Fort Peck,NDVI,3578.189911403063
2008-07-19T06:00:00Z,tribes_fort-belknap_Fort Belknap,Fort Belknap,EVI,2319.4588278512265
2008-07-19T06:00:00Z,tribes_fort-belknap_Fort Belknap,Fort Belknap,NDVI,3976.386847206577
2008-07-19T06:00:00Z,tribes_rocky-boys_Rocky Boy's,Rocky Boy's,EVI,3419.3559236046535
2008-07-19T06:00:00Z,tribes_rocky-boys_Rocky Boy's,Rocky Boy's,NDVI,5497.060988038317
2008-07-19T06:00:00Z,tribes_blackfeet_Blackfeet,Blackfeet,EVI,3236.1783488334663
2008-07-19T06:00:00Z,tribes_blackfeet_Blackfeet,Blackfeet,NDVI,5215.189429081243
2008-07-19T06:00:00Z,tribes_flathead_Flathead,Flathead,EVI,2950.6982527560403
2008-07-19T06:00:00Z,tribes_flathead_Flathead,Flathead,NDVI,5363.727274253418
2008-08-04T06:00:00Z,tribes_northern-cheyenne_Northern Cheyenne,Northern Cheyenne,EVI,2370.199236043744
2008-08-04T06:00:00Z,tribes_northern-cheyenne_Northern Cheyenne,Northern Cheyenne,NDVI,4577.8545343215255
2008-08-04T06:00:00Z,tribes_crow_Crow,Crow,EVI,2206.0092440855474
2008-08-04T06:00:00Z,tribes_crow_Crow,Crow,NDVI,3673.1102771892606
2008-08-04T06:00:00Z,tribes_fort-peck_Fort Peck,Fort Peck,EVI,1773.982392434586
2008-08-04T06:00:00Z,tribes_fort-peck_Fort Peck,Fort Peck,NDVI,3135.9949513822335
2008-08-04T06:00:00Z,tribes_fort-belknap_Fort Belknap,Fort Belknap,EVI,2011.25001101318
2008-08-04T06:00:00Z,tribes_fort-belknap_Fort Belknap,Fort Belknap,NDVI,3596.8484296461893
2008-08-04T06:00:00Z,tribes_rocky-boys_Rocky Boy's,Rocky Boy's,EVI,2886.8224565049018
2008-08-04T06:00:00Z,tribes_rocky-boys_Rocky Boy's,Rocky Boy's,NDVI,4903.07905559301
2008-08-04T06:00:00Z,tribes_blackfeet_Blackfeet,Blackfeet,EVI,2823.4490876142495
2008-08-04T06:00:00Z,tribes_blackfeet_Blackfeet,Blackfeet,NDVI,4588.822154366532
2008-08-04T06:00:00Z,tribes_flathead_Flathead,Flathead,EVI,2596.077974166937
2008-08-04T06:00:00Z,tribes_flathead_Flathead,Flathead,NDVI,5109.306589648225
2008-08-20T06:00:00Z,tribes_northern-cheyenne_Northern Cheyenne,Northern Cheyenne,EVI,2306.0968236614594
2008-08-20T06:00:00Z,tribes_northern-cheyenne_Northern Cheyenne,Northern Cheyenne,NDVI,4083.048760753118
2008-08-20T06:00:00Z,tribes_crow_Crow,Crow,EVI,1954.3940862055344
2008-08-20T06:00:00Z,tribes_crow_Crow,Crow,NDVI,3336.589904598775
2008-08-20T06:00:00Z,tribes_fort-peck_Fort Peck,Fort Peck,EVI,1622.0520198392128
2008-08-20T06:00:00Z,tribes_fort-peck_Fort Peck,Fort Peck,NDVI,2871.07853488173
2008-08-20T06:00:00Z,tribes_fort-belknap_Fort Belknap,Fort Belknap,EVI,1898.1846886834203
2008-08-20T06:00:00Z,tribes_fort-belknap_Fort Belknap,Fort Belknap,NDVI,3305.563587996929
2008-08-20T06:00:00Z,tribes_rocky-boys_Rocky Boy's,Rocky Boy's,EVI,2601.6494118569162
2008-08-20T06:00:00Z,tribes_rocky-boys_Rocky Boy's,Rocky Boy's,NDVI,4491.4052995168895
2008-08-20T06:00:00Z,tribes_blackfeet_Blackfeet,Blackfeet,EVI,2591.307730193306
2008-08-20T06:00:00Z,tribes_blackfeet_Blackfeet,Blackfeet,NDVI,4013.623764353335
2008-08-20T06:00:00Z,tribes_flathead_Flathead,Flathead,EVI,2615.629150890932
2008-08-20T06:00:00Z,tribes_flathead_Flathead,Flathead,NDVI,4976.500954179668
2008-09-05T06:00:00Z,tribes_northern-cheyenne_Northern Cheyenne,Northern Cheyenne,EVI,2019.8590520889584
2008-09-05T06:00:00Z,tribes_northern-cheyenne_Northern Cheyenne,Northern Cheyenne,NDVI,4166.5632953996455
2008-09-05T06:00:00Z,tribes_crow_Crow,Crow,EVI,1833.6432887050814
2008-09-05T06:00:00Z,tribes_crow_Crow,Crow,NDVI,3422.5513075354506
2008-09-05T06:00:00Z,tribes_fort-peck_Fort Peck,Fort Peck,EVI,1499.4447386529287
2008-09-05T06:00:00Z,tribes_fort-peck_Fort Peck,Fort Peck,NDVI,2854.069976837211
2008-09-05T06:00:00Z,tribes_fort-belknap_Fort Belknap,Fort Belknap,EVI,1937.5936598142055
2008-09-05T06:00:00Z,tribes_fort-belknap_Fort Belknap,Fort Belknap,NDVI,3558.4847140712945
2008-09-05T06:00:00Z,tribes_rocky-boys_Rocky Boy's,Rocky Boy's,EVI,2352.6215799282945
2008-09-05T06:00:00Z,tribes_rocky-boys_Rocky Boy's,Rocky Boy's,NDVI,4504.121175654452
2008-09-05T06:00:00Z,tribes_blackfeet_Blackfeet,Blackfeet,EVI,2219.6504876731938
2008-09-05T06:00:00Z,tribes_blackfeet_Blackfeet,Blackfeet,NDVI,3879.8048776885503
2008-09-05T06:00:00Z,tribes_flathead_Flathead,Flathead,EVI,2443.7389087988918
2008-09-05T06:00:00Z,tribes_flathead_Flathead,Flathead,NDVI,4883.329909269462
2008-09-21T06:00:00Z,tribes_northern-cheyenne_Northern Cheyenne,Northern Cheyenne,EVI,2059.156442972723
2008-09-21T06:00:00Z,tribes_northern-cheyenne_Northern Cheyenne,Northern Cheyenne,NDVI,3898.482583822351
2008-09-21T06:00:00Z,tribes_crow_Crow,Crow,EVI,1993.8173556818717
2008-09-21T06:00:00Z,tribes_crow_Crow,Crow,NDVI,3708.4471752490454
2008-09-21T06:00:00Z,tribes_fort-peck_Fort Peck,Fort Peck,EVI,1538.1802755025276
2008-09-21T06:00:00Z,tribes_fort-peck_Fort Peck,Fort Peck,NDVI,2725.83667176473
2008-09-21T06:00:00Z,tribes_fort-belknap_Fort Belknap,Fort Belknap,EVI,2018.3220378546353
2008-09-21T06:00:00Z,tribes_fort-belknap_Fort Belknap,Fort Belknap,NDVI,3630.732897254221
2008-09-21T06:00:00Z,tribes_rocky-boys_Rocky Boy's,Rocky Boy's,EVI,2177.3992618052
2008-09-21T06:00:00Z,tribes_rocky-boys_Rocky Boy's,Rocky Boy's,NDVI,4271.8988294689525
2008-09-21T06:00:00Z,tribes_blackfeet_Blackfeet,Blackfeet,EVI,1937.7847602705256
2008-09-21T06:00:00Z,tribes_blackfeet_Blackfeet,Blackfeet,NDVI,3447.429333253173
2008-09-21T06:00:00Z,tribes_flathead_Flathead,Flathead,EVI,2377.698660543875
2008-09-21T06:00:00Z,tribes_flathead_Flathead,Flathead,NDVI,4978.235956497456
2008-10-07T06:00:00Z,tribes_northern-cheyenne_Northern Cheyenne,Northern Cheyenne,EVI,1869.347592387348
2008-10-07T06:00:00Z,tribes_northern-cheyenne_Northern Cheyenne,Northern Cheyenne,NDVI,3942.204010046563
2008-10-07T06:00:00Z,tribes_crow_Crow,Crow,EVI,2053.0125766584206
2008-10-07T06:00:00Z,tribes_crow_Crow,Crow,NDVI,3827.880172030124
2008-10-07T06:00:00Z,tribes_fort-peck_Fort Peck,Fort Peck,EVI,1358.030484031099
2008-10-07T06:00:00Z,tribes_fort-peck_Fort Peck,Fort Peck,NDVI,2681.0206474749325
2008-10-07T06:00:00Z,tribes_fort-belknap_Fort Belknap,Fort Belknap,EVI,1881.4308960250946
2008-10-07T06:00:00Z,tribes_fort-belknap_Fort Belknap,Fort Belknap,NDVI,3532.176979099726
2008-10-07T06:00:00Z,tribes_rocky-boys_Rocky Boy's,Rocky Boy's,EVI,2115.421031107504
2008-10-07T06:00:00Z,tribes_rocky-boys_Rocky Boy's,Rocky Boy's,NDVI,3829.5737393604945
2008-10-07T06:00:00Z,tribes_blackfeet_Blackfeet,Blackfeet,EVI,1793.3845650179262
2008-10-07T06:00:00Z,tribes_blackfeet_Blackfeet,Blackfeet,NDVI,3100.410795486337
2008-10-07T06:00:00Z,tribes_flathead_Flathead,Flathead,EVI,2358.543691596702
2008-10-07T06:00:00Z,tribes_flathead_Flathead,Flathead,NDVI,4831.693854395428
2008-10-23T06:00:00Z,tribes_northern-cheyenne_Northern Cheyenne,Northern Cheyenne,EVI,1819.8366795298505
2008-10-23T06:00:00Z,tribes_northern-cheyenne_Northern Cheyenne,Northern Cheyenne,NDVI,3628.160215139431
2008-10-23T06:00:00Z,tribes_crow_Crow,Crow,EVI,1929.4992110098258
2008-10-23T06:00:00Z,tribes_crow_Crow,Crow,NDVI,3552.426933511424
2008-10-23T06:00:00Z,tribes_fort-peck_Fort Peck,Fort Peck,EVI,1223.07329504156
2008-10-23T06:00:00Z,tribes_fort-peck_Fort Peck,Fort Peck,NDVI,2485.312375864382
2008-10-23T06:00:00Z,tribes_fort-belknap_Fort Belknap,Fort Belknap,EVI,1624.131836751034
2008-10-23T06:00:00Z,tribes_fort-belknap_Fort Belknap,Fort Belknap,NDVI,3205.2358815675466
2008-10-23T06:00:00Z,tribes_rocky-boys_Rocky Boy's,Rocky Boy's,EVI,1636.5864996509194
2008-10-23T06:00:00Z,tribes_rocky-boys_Rocky Boy's,Rocky Boy's,NDVI,3360.103867920152
2008-10-23T06:00:00Z,tribes_blackfeet_Blackfeet,Blackfeet,EVI,1537.0352398530167
2008-10-23T06:00:00Z,tribes_blackfeet_Blackfeet,Blackfeet,NDVI,2774.9412125930603
2008-10-23T06:00:00Z,tribes_flathead_Flathead,Flathead,EVI,2071.690217075538
2008-10-23T06:00:00Z,tribes_flathead_Flathead,Flathead,NDVI,4500.367528659923
2008-11-08T07:00:00Z,tribes_northern-cheyenne_Northern Cheyenne,Northern Cheyenne,EVI,1789.6040674234819
2008-11-08T07:00:00Z,tribes_northern-cheyenne_Northern Cheyenne,Northern Cheyenne,NDVI,3622.331517450044
2008-11-08T07:00:00Z,tribes_crow_Crow,Crow,EVI,1782.84259261712
2008-11-08T07:00:00Z,tribes_crow_Crow,Crow,NDVI,3283.6008128501576
2008-11-08T07:00:00Z,tribes_fort-peck_Fort Peck,Fort Peck,EVI,1248.921740561777
2008-11-08T07:00:00Z,tribes_fort-peck_Fort Peck,Fort Peck,NDVI,2406.9425042107223
2008-11-08T07:00:00Z,tribes_fort-belknap_Fort Belknap,Fort Belknap,EVI,1451.3497416288205
2008-11-08T07:00:00Z,tribes_fort-belknap_Fort Belknap,Fort Belknap,NDVI,2871.002479597791
2008-11-08T07:00:00Z,tribes_rocky-boys_Rocky Boy's,Rocky Boy's,EVI,1522.2462374720517
2008-11-08T07:00:00Z,tribes_rocky-boys_Rocky Boy's,Rocky Boy's,NDVI,3160.9125969957163
2008-11-08T07:00:00Z,tribes_blackfeet_Blackfeet,Blackfeet,EVI,1508.024395804196
2008-11-08T07:00:00Z,tribes_blackfeet_Blackfeet,Blackfeet,NDVI,2484.568414077706
2008-11-08T07:00:00Z,tribes_flathead_Flathead,Flathead,EVI,1839.4597685493088
2008-11-08T07:00:00Z,tribes_flathead_Flathead,Flathead,NDVI,4334.276383013753
2008-11-24T07:00:00Z,tribes_northern-cheyenne_Northern Cheyenne,Northern Cheyenne,EVI,1632.689023396853
2008-11-24T07:00:00Z,tribes_northern-cheyenne_Northern Cheyenne,Northern Cheyenne,NDVI,3531.1714415618376
2008-11-24T07:00:00Z,tribes_crow_Crow,Crow,EVI,1676.5242250303752
2008-11-24T07:00:00Z,tribes_crow_Crow,Crow,NDVI,3072.2025878299632
2008-11-24T07:00:00Z,tribes_fort-peck_Fort Peck,Fort Peck,EVI,1113.5294644560902
2008-11-24T07:00:00Z,tribes_fort-peck_Fort Peck,Fort Peck,NDVI,2191.0541498832968
2008-11-24T07:00:00Z,tribes_fort-belknap_Fort Belknap,Fort Belknap,EVI,1337.3431537409895
2008-11-24T07:00:00Z,tribes_fort-belknap_Fort Belknap,Fort Belknap,NDVI,2546.6775887357894
2008-11-24T07:00:00Z,tribes_rocky-boys_Rocky Boy's,Rocky Boy's,EVI,1346.3866546233448
2008-11-24T07:00:00Z,tribes_rocky-boys_Rocky Boy's,Rocky Boy's,NDVI,2455.0711859610356
2008-11-24T07:00:00Z,tribes_blackfeet_Blackfeet,Blackfeet,EVI,1370.8536980209324
2008-11-24T07:00:00Z,tribes_blackfeet_Blackfeet,Blackfeet,NDVI,2296.2578577699746
2008-11-24T07:00:00Z,tribes_flathead_Flathead,Flathead,EVI,1830.955964213667
2008-11-24T07:00:00Z,tribes_flathead_Flathead,Flathead,NDVI,4242.625564852893
2008-12-10T07:00:00Z,tribes_northern-cheyenne_Northern Cheyenne,Northern Cheyenne,EVI,1527.661055237207
2008-12-10T07:00:00Z,tribes_northern-cheyenne_Northern Cheyenne,Northern Cheyenne,NDVI,3185.236563560822
2008-12-10T07:00:00Z,tribes_crow_Crow,Crow,EVI,1617.0021995087534
2008-12-10T07:00:00Z,tribes_crow_Crow,Crow,NDVI,2905.877650893268
2008-12-10T07:00:00Z,tribes_fort-peck_Fort Peck,Fort Peck,EVI,NA
2008-12-10T07:00:00Z,tribes_fort-peck_Fort Peck,Fort Peck,NDVI,NA
2008-12-10T07:00:00Z,tribes_fort-belknap_Fort Belknap,Fort Belknap,EVI,666.4597895029751
2008-12-10T07:00:00Z,tribes_fort-belknap_Fort Belknap,Fort Belknap,NDVI,2296.2577712849975
2008-12-10T07:00:00Z,tribes_rocky-boys_Rocky Boy's,Rocky Boy's,EVI,NA
2008-12-10T07:00:00Z,tribes_rocky-boys_Rocky Boy's,Rocky Boy's,NDVI,NA
2008-12-10T07:00:00Z,tribes_blackfeet_Blackfeet,Blackfeet,EVI,1680.6737171906657
2008-12-10T07:00:00Z,tribes_blackfeet_Blackfeet,Blackfeet,NDVI,2185.469693767942
2008-12-10T07:00:00Z,tribes_flathead_Flathead,Flathead,EVI,1785.2520972694842
2008-12-10T07:00:00Z,tribes_flathead_Flathead,Flathead,NDVI,3787.911329725284
2008-12-26T07:00:00Z,tribes_northern-cheyenne_Northern Cheyenne,Northern Cheyenne,EVI,NA
2008-12-26T07:00:00Z,tribes_northern-cheyenne_Northern Cheyenne,Northern Cheyenne,NDVI,NA
2008-12-26T07:00:00Z,tribes_crow_Crow,Crow,EVI,NA
2008-12-26T07:00:00Z,tribes_crow_Crow,Crow,NDVI,NA
2008-12-26T07:00:00Z,tribes_fort-peck_Fort Peck,Fort Peck,EVI,NA
2008-12-26T07:00:00Z,tribes_fort-peck_Fort Peck,Fort Peck,NDVI,NA
2008-12-26T07:00:00Z,tribes_fort-belknap_Fort Belknap,Fort Belknap,EVI,NA
2008-12-26T07:00:00Z,tribes_fort-belknap_Fort Belknap,Fort Belknap,NDVI,NA
2008-12-26T07:00:00Z,tribes_rocky-boys_Rocky Boy's,Rocky Boy's,EVI,NA
2008-12-26T07:00:00Z,tribes_rocky-boys_Rocky Boy's,Rocky Boy's,NDVI,NA
2008-12-26T07:00:00Z,tribes_blackfeet_Blackfeet,Blackfeet,EVI,NA
2008-12-26T07:00:00Z,tribes_blackfeet_Blackfeet,Blackfeet,NDVI,NA
2008-12-26T07:00:00Z,tribes_flathead_Flathead,Flathead,EVI,NA
2008-12-26T07:00:00Z,tribes_flathead_Flathead,Flathead,NDVI,NA
2009-01-09T07:00:00Z,tribes_northern-cheyenne_Northern Cheyenne,Northern Cheyenne,EVI,1194.7980786485432
2009-01-09T07:00:00Z,tribes_northern-cheyenne_Northern Cheyenne,Northern Cheyenne,NDVI,2439.1821277325553
2009-01-09T07:00:00Z,tribes_crow_Crow,Crow,EVI,1339.404365703671
2009-01-09T07:00:00Z,tribes_crow_Crow,Crow,NDVI,2515.426353314951
2009-01-09T07:00:00Z,tribes_fort-peck_Fort Peck,Fort Peck,EVI,NA
2009-01-09T07:00:00Z,tribes_fort-peck_Fort Peck,Fort Peck,NDVI,NA
2009-01-09T07:00:00Z,tribes_fort-belknap_Fort Belknap,Fort Belknap,EVI,NA
2009-01-09T07:00:00Z,tribes_fort-belknap_Fort Belknap,Fort Belknap,NDVI,NA
2009-01-09T07:00:00Z,tribes_rocky-boys_Rocky Boy's,Rocky Boy's,EVI,NA
2009-01-09T07:00:00Z,tribes_rocky-boys_Rocky Boy's,Rocky Boy's,NDVI,NA
2009-01-09T07:00:00Z,tribes_blackfeet_Blackfeet,Blackfeet,EVI,1025.3701290988672
2009-01-09T07:00:00Z,tribes_blackfeet_Blackfeet,Blackfeet,NDVI,1563.6622422419937
2009-01-09T07:00:00Z,tribes_flathead_Flathead,Flathead,EVI,1611.4795394385326
2009-01-09T07:00:00Z,tribes_flathead_Flathead,Flathead,NDVI,3340.834747266283
2009-01-25T07:00:00Z,tribes_northern-cheyenne_Northern Cheyenne,Northern Cheyenne,EVI,1223.0579943442522
2009-01-25T07:00:00Z,tribes_northern-cheyenne_Northern Cheyenne,Northern Cheyenne,NDVI,2578.2236059118263
2009-01-25T07:00:00Z,tribes_crow_Crow,Crow,EVI,1297.2655778976457
2009-01-25T07:00:00Z,tribes_crow_Crow,Crow,NDVI,2417.687310838919
2009-01-25T07:00:00Z,tribes_fort-peck_Fort Peck,Fort Peck,EVI,NA
2009-01-25T07:00:00Z,tribes_fort-peck_Fort Peck,Fort Peck,NDVI,NA
2009-01-25T07:00:00Z,tribes_fort-belknap_Fort Belknap,Fort Belknap,EVI,1064.6835496913243
2009-01-25T07:00:00Z,tribes_fort-belknap_Fort Belknap,Fort Belknap,NDVI,1960.0352023434955
2009-01-25T07:00:00Z,tribes_rocky-boys_Rocky Boy's,Rocky Boy's,EVI,NA
2009-01-25T07:00:00Z,tribes_rocky-boys_Rocky Boy's,Rocky Boy's,NDVI,NA
2009-01-25T07:00:00Z,tribes_blackfeet_Blackfeet,Blackfeet,EVI,1145.9719295415841
2009-01-25T07:00:00Z,tribes_blackfeet_Blackfeet,Blackfeet,NDVI,1726.675049372379
2009-01-25T07:00:00Z,tribes_flathead_Flathead,Flathead,EVI,1644.6878983505362
2009-01-25T07:00:00Z,tribes_flathead_Flathead,Flathead,NDVI,3157.474643640199
2009-02-10T07:00:00Z,tribes_northern-cheyenne_Northern Cheyenne,Northern Cheyenne,EVI,1458.6704980564778
2009-02-10T07:00:00Z,tribes_northern-cheyenne_Northern Cheyenne,Northern Cheyenne,NDVI,2473.926266443052
2009-02-10T07:00:00Z,tribes_crow_Crow,Crow,EVI,1455.938505735323
2009-02-10T07:00:00Z,tribes_crow_Crow,Crow,NDVI,2408.594770269532
2009-02-10T07:00:00Z,tribes_fort-peck_Fort Peck,Fort Peck,EVI,NA
2009-02-10T07:00:00Z,tribes_fort-peck_Fort Peck,Fort Peck,NDVI,NA
2009-02-10T07:00:00Z,tribes_fort-belknap_Fort Belknap,Fort Belknap,EVI,1129.819042561214
2009-02-10T07:00:00Z,tribes_fort-belknap_Fort Belknap,Fort Belknap,NDVI,2013.3127041517262
2009-02-10T07:00:00Z,tribes_rocky-boys_Rocky Boy's,Rocky Boy's,EVI,NA
2009-02-10T07:00:00Z,tribes_rocky-boys_Rocky Boy's,Rocky Boy's,NDVI,NA
2009-02-10T07:00:00Z,tribes_blackfeet_Blackfeet,Blackfeet,EVI,1095.4048933560734
2009-02-10T07:00:00Z,tribes_blackfeet_Blackfeet,Blackfeet,NDVI,1741.4252742355268
2009-02-10T07:00:00Z,tribes_flathead_Flathead,Flathead,EVI,1549.873031648509
2009-02-10T07:00:00Z,tribes_flathead_Flathead,Flathead,NDVI,2999.4620702164457
2009-02-26T07:00:00Z,tribes_northern-cheyenne_Northern Cheyenne,Northern Cheyenne,EVI,1549.6605670174058
2009-02-26T07:00:00Z,tribes_northern-cheyenne_Northern Cheyenne,Northern Cheyenne,NDVI,2869.734481675014
2009-02-26T07:00:00Z,tribes_crow_Crow,Crow,EVI,1359.7256128798028
2009-02-26T07:00:00Z,tribes_crow_Crow,Crow,NDVI,2480.6743053450427
2009-02-26T07:00:00Z,tribes_fort-peck_Fort Peck,Fort Peck,EVI,NA
2009-02-26T07:00:00Z,tribes_fort-peck_Fort Peck,Fort Peck,NDVI,NA
2009-02-26T07:00:00Z,tribes_fort-belknap_Fort Belknap,Fort Belknap,EVI,1299.73760986038
2009-02-26T07:00:00Z,tribes_fort-belknap_Fort Belknap,Fort Belknap,NDVI,2273.9531499459913
2009-02-26T07:00:00Z,tribes_rocky-boys_Rocky Boy's,Rocky Boy's,EVI,NA
2009-02-26T07:00:00Z,tribes_rocky-boys_Rocky Boy's,Rocky Boy's,NDVI,NA
2009-02-26T07:00:00Z,tribes_blackfeet_Blackfeet,Blackfeet,EVI,1021.0868521548141
2009-02-26T07:00:00Z,tribes_blackfeet_Blackfeet,Blackfeet,NDVI,1736.237264575728
2009-02-26T07:00:00Z,tribes_flathead_Flathead,Flathead,EVI,89.48334728033473
2009-02-26T07:00:00Z,tribes_flathead_Flathead,Flathead,NDVI,717.5069456066946
2009-03-14T06:00:00Z,tribes_northern-cheyenne_Northern Cheyenne,Northern Cheyenne,EVI,1454.8739231994807
2009-03-14T06:00:00Z,tribes_northern-cheyenne_Northern Cheyenne,Northern Cheyenne,NDVI,3019.709134865861
2009-03-14T06:00:00Z,tribes_crow_Crow,Crow,EVI,1384.2649348159152
2009-03-14T06:00:00Z,tribes_crow_Crow,Crow,NDVI,2658.8581331913606
2009-03-14T06:00:00Z,tribes_fort-peck_Fort Peck,Fort Peck,EVI,887.7961798556956
2009-03-14T06:00:00Z,tribes_fort-peck_Fort Peck,Fort Peck,NDVI,1897.5299826094458
2009-03-14T06:00:00Z,tribes_fort-belknap_Fort Belknap,Fort Belknap,EVI,1158.6976602525713
2009-03-14T06:00:00Z,tribes_fort-belknap_Fort Belknap,Fort Belknap,NDVI,2240.8942351811315
2009-03-14T06:00:00Z,tribes_rocky-boys_Rocky Boy's,Rocky Boy's,EVI,921.1181605137309
2009-03-14T06:00:00Z,tribes_rocky-boys_Rocky Boy's,Rocky Boy's,NDVI,1796.651557412305
2009-03-14T06:00:00Z,tribes_blackfeet_Blackfeet,Blackfeet,EVI,1044.1879125416713
2009-03-14T06:00:00Z,tribes_blackfeet_Blackfeet,Blackfeet,NDVI,1783.89151909972
2009-03-14T06:00:00Z,tribes_flathead_Flathead,Flathead,EVI,1914.9200886700532
2009-03-14T06:00:00Z,tribes_flathead_Flathead,Flathead,NDVI,3299.1868751307866
2009-03-30T06:00:00Z,tribes_northern-cheyenne_Northern Cheyenne,Northern Cheyenne,EVI,1639.7995460761351
2009-03-30T06:00:00Z,tribes_northern-cheyenne_Northern Cheyenne,Northern Cheyenne,NDVI,3112.72961715856
2009-03-30T06:00:00Z,tribes_crow_Crow,Crow,EVI,1609.0987041980825
2009-03-30T06:00:00Z,tribes_crow_Crow,Crow,NDVI,2972.362366612635
2009-03-30T06:00:00Z,tribes_fort-peck_Fort Peck,Fort Peck,EVI,1012.0710536700711
2009-03-30T06:00:00Z,tribes_fort-peck_Fort Peck,Fort Peck,NDVI,1990.2489327430928
2009-03-30T06:00:00Z,tribes_fort-belknap_Fort Belknap,Fort Belknap,EVI,1361.6511802203945
2009-03-30T06:00:00Z,tribes_fort-belknap_Fort Belknap,Fort Belknap,NDVI,2560.3934235077477
2009-03-30T06:00:00Z,tribes_rocky-boys_Rocky Boy's,Rocky Boy's,EVI,1265.3688509862507
2009-03-30T06:00:00Z,tribes_rocky-boys_Rocky Boy's,Rocky Boy's,NDVI,2305.84612658853
2009-03-30T06:00:00Z,tribes_blackfeet_Blackfeet,Blackfeet,EVI,1077.2011251687597
2009-03-30T06:00:00Z,tribes_blackfeet_Blackfeet,Blackfeet,NDVI,1825.917101601521
2009-03-30T06:00:00Z,tribes_flathead_Flathead,Flathead,EVI,1990.7380543513548
2009-03-30T06:00:00Z,tribes_flathead_Flathead,Flathead,NDVI,3693.0130255620516
2009-04-15T06:00:00Z,tribes_northern-cheyenne_Northern Cheyenne,Northern Cheyenne,EVI,1760.7693586801915
2009-04-15T06:00:00Z,tribes_northern-cheyenne_Northern Cheyenne,Northern Cheyenne,NDVI,3379.0552234606566
2009-04-15T06:00:00Z,tribes_crow_Crow,Crow,EVI,1859.1343995916595
2009-04-15T06:00:00Z,tribes_crow_Crow,Crow,NDVI,3567.307867502129
2009-04-15T06:00:00Z,tribes_fort-peck_Fort Peck,Fort Peck,EVI,1250.7533098295246
2009-04-15T06:00:00Z,tribes_fort-peck_Fort Peck,Fort Peck,NDVI,2378.947089757727
2009-04-15T06:00:00Z,tribes_fort-belknap_Fort Belknap,Fort Belknap,EVI,1586.7575132260317
2009-04-15T06:00:00Z,tribes_fort-belknap_Fort Belknap,Fort Belknap,NDVI,2900.386771073871
2009-04-15T06:00:00Z,tribes_rocky-boys_Rocky Boy's,Rocky Boy's,EVI,1508.4234617090667
2009-04-15T06:00:00Z,tribes_rocky-boys_Rocky Boy's,Rocky Boy's,NDVI,2860.5859250675294
2009-04-15T06:00:00Z,tribes_blackfeet_Blackfeet,Blackfeet,EVI,1209.7868163154394
2009-04-15T06:00:00Z,tribes_blackfeet_Blackfeet,Blackfeet,NDVI,2089.8984335038786
2009-04-15T06:00:00Z,tribes_flathead_Flathead,Flathead,EVI,2572.844693327204
2009-04-15T06:00:00Z,tribes_flathead_Flathead,Flathead,NDVI,4584.954253903844
2009-05-01T06:00:00Z,tribes_northern-cheyenne_Northern Cheyenne,Northern Cheyenne,EVI,2398.808403663717
2009-05-01T06:00:00Z,tribes_northern-cheyenne_Northern Cheyenne,Northern Cheyenne,NDVI,4626.263523724917
2009-05-01T06:00:00Z,tribes_crow_Crow,Crow,EVI,2706.156530451038
2009-05-01T06:00:00Z,tribes_crow_Crow,Crow,NDVI,4678.917323281984
2009-05-01T06:00:00Z,tribes_fort-peck_Fort Peck,Fort Peck,EVI,1566.2973287376888
2009-05-01T06:00:00Z,tribes_fort-peck_Fort Peck,Fort Peck,NDVI,2764.961832167099
2009-05-01T06:00:00Z,tribes_fort-belknap_Fort Belknap,Fort Belknap,EVI,2226.0727064326834
2009-05-01T06:00:00Z,tribes_fort-belknap_Fort Belknap,Fort Belknap,NDVI,3914.3692563112872
2009-05-01T06:00:00Z,tribes_rocky-boys_Rocky Boy's,Rocky Boy's,EVI,2251.700204717492
2009-05-01T06:00:00Z,tribes_rocky-boys_Rocky Boy's,Rocky Boy's,NDVI,4277.947907313956
2009-05-01T06:00:00Z,tribes_blackfeet_Blackfeet,Blackfeet,EVI,1540.9571910504544
2009-05-01T06:00:00Z,tribes_blackfeet_Blackfeet,Blackfeet,NDVI,2504.4939157071103
2009-05-01T06:00:00Z,tribes_flathead_Flathead,Flathead,EVI,2916.303839995529
2009-05-01T06:00:00Z,tribes_flathead_Flathead,Flathead,NDVI,4901.2680194674185
2009-05-17T06:00:00Z,tribes_northern-cheyenne_Northern Cheyenne,Northern Cheyenne,EVI,2847.293995852451
2009-05-17T06:00:00Z,tribes_northern-cheyenne_Northern Cheyenne,Northern Cheyenne,NDVI,5075.772040673986
2009-05-17T06:00:00Z,tribes_crow_Crow,Crow,EVI,3095.53218196733
2009-05-17T06:00:00Z,tribes_crow_Crow,Crow,NDVI,5083.4258638388255
2009-05-17T06:00:00Z,tribes_fort-peck_Fort Peck,Fort Peck,EVI,2041.261616275668
2009-05-17T06:00:00Z,tribes_fort-peck_Fort Peck,Fort Peck,NDVI,3514.9452786225606
2009-05-17T06:00:00Z,tribes_fort-belknap_Fort Belknap,Fort Belknap,EVI,2511.3086323453103
2009-05-17T06:00:00Z,tribes_fort-belknap_Fort Belknap,Fort Belknap,NDVI,4382.406181337052
2009-05-17T06:00:00Z,tribes_rocky-boys_Rocky Boy's,Rocky Boy's,EVI,2761.283422847184
2009-05-17T06:00:00Z,tribes_rocky-boys_Rocky Boy's,Rocky Boy's,NDVI,4771.611065613451
2009-05-17T06:00:00Z,tribes_blackfeet_Blackfeet,Blackfeet,EVI,2319.8033040486093
2009-05-17T06:00:00Z,tribes_blackfeet_Blackfeet,Blackfeet,NDVI,3770.235287249476
2009-05-17T06:00:00Z,tribes_flathead_Flathead,Flathead,EVI,3255.5947906803403
2009-05-17T06:00:00Z,tribes_flathead_Flathead,Flathead,NDVI,5642.243155385391
2009-06-02T06:00:00Z,tribes_northern-cheyenne_Northern Cheyenne,Northern Cheyenne,EVI,3277.7666560250796
2009-06-02T06:00:00Z,tribes_northern-cheyenne_Northern Cheyenne,Northern Cheyenne,NDVI,5145.36233257327
2009-06-02T06:00:00Z,tribes_crow_Crow,Crow,EVI,3436.875119156082
2009-06-02T06:00:00Z,tribes_crow_Crow,Crow,NDVI,5245.205583365249
2009-06-02T06:00:00Z,tribes_fort-peck_Fort Peck,Fort Peck,EVI,2371.183685736612
2009-06-02T06:00:00Z,tribes_fort-peck_Fort Peck,Fort Peck,NDVI,4028.730536869195
2009-06-02T06:00:00Z,tribes_fort-belknap_Fort Belknap,Fort Belknap,EVI,2834.9382591641556
2009-06-02T06:00:00Z,tribes_fort-belknap_Fort Belknap,Fort Belknap,NDVI,4539.74750336042
2009-06-02T06:00:00Z,tribes_rocky-boys_Rocky Boy's,Rocky Boy's,EVI,3453.8504022371885
2009-06-02T06:00:00Z,tribes_rocky-boys_Rocky Boy's,Rocky Boy's,NDVI,5588.723578475518
2009-06-02T06:00:00Z,tribes_blackfeet_Blackfeet,Blackfeet,EVI,2853.018274435536
2009-06-02T06:00:00Z,tribes_blackfeet_Blackfeet,Blackfeet,NDVI,4457.807148957188
2009-06-02T06:00:00Z,tribes_flathead_Flathead,Flathead,EVI,3207.0933099121658
2009-06-02T06:00:00Z,tribes_flathead_Flathead,Flathead,NDVI,5710.680147247587
2009-06-18T06:00:00Z,tribes_northern-cheyenne_Northern Cheyenne,Northern Cheyenne,EVI,3258.301226012397
2009-06-18T06:00:00Z,tribes_northern-cheyenne_Northern Cheyenne,Northern Cheyenne,NDVI,5484.510958078193
2009-06-18T06:00:00Z,tribes_crow_Crow,Crow,EVI,3314.637735446424
2009-06-18T06:00:00Z,tribes_crow_Crow,Crow,NDVI,5511.8829697724395
2009-06-18T06:00:00Z,tribes_fort-peck_Fort Peck,Fort Peck,EVI,2712.0767587274836
2009-06-18T06:00:00Z,tribes_fort-peck_Fort Peck,Fort Peck,NDVI,4489.992896105961
2009-06-18T06:00:00Z,tribes_fort-belknap_Fort Belknap,Fort Belknap,EVI,2931.37618728021
2009-06-18T06:00:00Z,tribes_fort-belknap_Fort Belknap,Fort Belknap,NDVI,5113.557456005496
2009-06-18T06:00:00Z,tribes_rocky-boys_Rocky Boy's,Rocky Boy's,EVI,3812.6036185245052
2009-06-18T06:00:00Z,tribes_rocky-boys_Rocky Boy's,Rocky Boy's,NDVI,6299.646340790675
2009-06-18T06:00:00Z,tribes_blackfeet_Blackfeet,Blackfeet,EVI,3425.7946029698355
2009-06-18T06:00:00Z,tribes_blackfeet_Blackfeet,Blackfeet,NDVI,5191.6649443069655
2009-06-18T06:00:00Z,tribes_flathead_Flathead,Flathead,EVI,3118.299340655067
2009-06-18T06:00:00Z,tribes_flathead_Flathead,Flathead,NDVI,5479.736632762142
2009-07-04T06:00:00Z,tribes_northern-cheyenne_Northern Cheyenne,Northern Cheyenne,EVI,3140.798802949351
2009-07-04T06:00:00Z,tribes_northern-cheyenne_Northern Cheyenne,Northern Cheyenne,NDVI,5439.084773953252
2009-07-04T06:00:00Z,tribes_crow_Crow,Crow,EVI,3078.6479688545946
2009-07-04T06:00:00Z,tribes_crow_Crow,Crow,NDVI,5005.5782096826615
2009-07-04T06:00:00Z,tribes_fort-peck_Fort Peck,Fort Peck,EVI,2877.9988794024657
2009-07-04T06:00:00Z,tribes_fort-peck_Fort Peck,Fort Peck,NDVI,4703.584606771021
2009-07-04T06:00:00Z,tribes_fort-belknap_Fort Belknap,Fort Belknap,EVI,2830.385832571369
2009-07-04T06:00:00Z,tribes_fort-belknap_Fort Belknap,Fort Belknap,NDVI,4664.666110576392
2009-07-04T06:00:00Z,tribes_rocky-boys_Rocky Boy's,Rocky Boy's,EVI,3517.8418933943058
2009-07-04T06:00:00Z,tribes_rocky-boys_Rocky Boy's,Rocky Boy's,NDVI,5902.72382746542
2009-07-04T06:00:00Z,tribes_blackfeet_Blackfeet,Blackfeet,EVI,3553.784299525046
2009-07-04T06:00:00Z,tribes_blackfeet_Blackfeet,Blackfeet,NDVI,5534.800421546951
2009-07-04T06:00:00Z,tribes_flathead_Flathead,Flathead,EVI,2899.7551138418003
2009-07-04T06:00:00Z,tribes_flathead_Flathead,Flathead,NDVI,5230.166512434757
2009-07-20T06:00:00Z,tribes_northern-cheyenne_Northern Cheyenne,Northern Cheyenne,EVI,2767.510482374385
2009-07-20T06:00:00Z,tribes_northern-cheyenne_Northern Cheyenne,Northern Cheyenne,NDVI,4686.911168249763
2009-07-20T06:00:00Z,tribes_crow_Crow,Crow,EVI,2575.8886714169284
2009-07-20T06:00:00Z,tribes_crow_Crow,Crow,NDVI,4131.920167971977
2009-07-20T06:00:00Z,tribes_fort-peck_Fort Peck,Fort Peck,EVI,2702.947483609682
2009-07-20T06:00:00Z,tribes_fort-peck_Fort Peck,Fort Peck,NDVI,4285.196371350558
2009-07-20T06:00:00Z,tribes_fort-belknap_Fort Belknap,Fort Belknap,EVI,2264.142983601393
2009-07-20T06:00:00Z,tribes_fort-belknap_Fort Belknap,Fort Belknap,NDVI,3950.8361090621556
2009-07-20T06:00:00Z,tribes_rocky-boys_Rocky Boy's,Rocky Boy's,EVI,3294.967173860562
2009-07-20T06:00:00Z,tribes_rocky-boys_Rocky Boy's,Rocky Boy's,NDVI,5255.916244798541
2009-07-20T06:00:00Z,tribes_blackfeet_Blackfeet,Blackfeet,EVI,3284.6036603682696
2009-07-20T06:00:00Z,tribes_blackfeet_Blackfeet,Blackfeet,NDVI,5191.655977681598
2009-07-20T06:00:00Z,tribes_flathead_Flathead,Flathead,EVI,2789.1005677852286
2009-07-20T06:00:00Z,tribes_flathead_Flathead,Flathead,NDVI,5329.54644928867
2009-08-05T06:00:00Z,tribes_northern-cheyenne_Northern Cheyenne,Northern Cheyenne,EVI,2410.4975183458205
2009-08-05T06:00:00Z,tribes_northern-cheyenne_Northern Cheyenne,Northern Cheyenne,NDVI,4575.746933627303
2009-08-05T06:00:00Z,tribes_crow_Crow,Crow,EVI,2128.663012195033
2009-08-05T06:00:00Z,tribes_crow_Crow,Crow,NDVI,3897.7347418746126
2009-08-05T06:00:00Z,tribes_fort-peck_Fort Peck,Fort Peck,EVI,1987.86230834034
2009-08-05T06:00:00Z,tribes_fort-peck_Fort Peck,Fort Peck,NDVI,3648.3456277912305
2009-08-05T06:00:00Z,tribes_fort-belknap_Fort Belknap,Fort Belknap,EVI,2144.5697161119315
2009-08-05T06:00:00Z,tribes_fort-belknap_Fort Belknap,Fort Belknap,NDVI,4168.139836194303
2009-08-05T06:00:00Z,tribes_rocky-boys_Rocky Boy's,Rocky Boy's,EVI,2833.318120440162
2009-08-05T06:00:00Z,tribes_rocky-boys_Rocky Boy's,Rocky Boy's,NDVI,5386.369444775172
2009-08-05T06:00:00Z,tribes_blackfeet_Blackfeet,Blackfeet,EVI,3249.920362602045
2009-08-05T06:00:00Z,tribes_blackfeet_Blackfeet,Blackfeet,NDVI,5247.297109829721
2009-08-05T06:00:00Z,tribes_flathead_Flathead,Flathead,EVI,2794.8208596955997
2009-08-05T06:00:00Z,tribes_flathead_Flathead,Flathead,NDVI,5255.390244894501
2009-08-21T06:00:00Z,tribes_northern-cheyenne_Northern Cheyenne,Northern Cheyenne,EVI,2158.75001957986
2009-08-21T06:00:00Z,tribes_northern-cheyenne_Northern Cheyenne,Northern Cheyenne,NDVI,4207.837225199581
2009-08-21T06:00:00Z,tribes_crow_Crow,Crow,EVI,1973.3546653938652
2009-08-21T06:00:00Z,tribes_crow_Crow,Crow,NDVI,3550.379992751709
2009-08-21T06:00:00Z,tribes_fort-peck_Fort Peck,Fort Peck,EVI,1941.6652178274653
2009-08-21T06:00:00Z,tribes_fort-peck_Fort Peck,Fort Peck,NDVI,3523.527843689994
2009-08-21T06:00:00Z,tribes_fort-belknap_Fort Belknap,Fort Belknap,EVI,1950.904845953144
2009-08-21T06:00:00Z,tribes_fort-belknap_Fort Belknap,Fort Belknap,NDVI,3710.283736652174
2009-08-21T06:00:00Z,tribes_rocky-boys_Rocky Boy's,Rocky Boy's,EVI,2616.421510674677
2009-08-21T06:00:00Z,tribes_rocky-boys_Rocky Boy's,Rocky Boy's,NDVI,4945.767293646758
2009-08-21T06:00:00Z,tribes_blackfeet_Blackfeet,Blackfeet,EVI,2716.132466089456
2009-08-21T06:00:00Z,tribes_blackfeet_Blackfeet,Blackfeet,NDVI,4598.299818961757
2009-08-21T06:00:00Z,tribes_flathead_Flathead,Flathead,EVI,2745.933183347455
2009-08-21T06:00:00Z,tribes_flathead_Flathead,Flathead,NDVI,5312.010635817133
2009-09-06T06:00:00Z,tribes_northern-cheyenne_Northern Cheyenne,Northern Cheyenne,EVI,2034.555326771738
2009-09-06T06:00:00Z,tribes_northern-cheyenne_Northern Cheyenne,Northern Cheyenne,NDVI,3866.9646902108093
2009-09-06T06:00:00Z,tribes_crow_Crow,Crow,EVI,1811.344575808274
2009-09-06T06:00:00Z,tribes_crow_Crow,Crow,NDVI,3249.7547014434035
2009-09-06T06:00:00Z,tribes_fort-peck_Fort Peck,Fort Peck,EVI,1730.884350480222
2009-09-06T06:00:00Z,tribes_fort-peck_Fort Peck,Fort Peck,NDVI,3206.9568199424384
2009-09-06T06:00:00Z,tribes_fort-belknap_Fort Belknap,Fort Belknap,EVI,1867.7226425028202
2009-09-06T06:00:00Z,tribes_fort-belknap_Fort Belknap,Fort Belknap,NDVI,3252.6627076984523
2009-09-06T06:00:00Z,tribes_rocky-boys_Rocky Boy's,Rocky Boy's,EVI,2442.7710978697123
2009-09-06T06:00:00Z,tribes_rocky-boys_Rocky Boy's,Rocky Boy's,NDVI,4394.179932946032
2009-09-06T06:00:00Z,tribes_blackfeet_Blackfeet,Blackfeet,EVI,2258.114633774766
2009-09-06T06:00:00Z,tribes_blackfeet_Blackfeet,Blackfeet,NDVI,3920.8420410016874
2009-09-06T06:00:00Z,tribes_flathead_Flathead,Flathead,EVI,2551.155526223078
2009-09-06T06:00:00Z,tribes_flathead_Flathead,Flathead,NDVI,5179.549938548514
2009-09-22T06:00:00Z,tribes_northern-cheyenne_Northern Cheyenne,Northern Cheyenne,EVI,1898.4493519806258
2009-09-22T06:00:00Z,tribes_northern-cheyenne_Northern Cheyenne,Northern Cheyenne,NDVI,3638.9035292720064
2009-09-22T06:00:00Z,tribes_crow_Crow,Crow,EVI,1677.48629404421
2009-09-22T06:00:00Z,tribes_crow_Crow,Crow,NDVI,3030.750051501203
2009-09-22T06:00:00Z,tribes_fort-peck_Fort Peck,Fort Peck,EVI,1614.2067900385277
2009-09-22T06:00:00Z,tribes_fort-peck_Fort Peck,Fort Peck,NDVI,3000.095508489372
2009-09-22T06:00:00Z,tribes_fort-belknap_Fort Belknap,Fort Belknap,EVI,1571.0549312736382
2009-09-22T06:00:00Z,tribes_fort-belknap_Fort Belknap,Fort Belknap,NDVI,2901.9073227288313
2009-09-22T06:00:00Z,tribes_rocky-boys_Rocky Boy's,Rocky Boy's,EVI,2107.9342589362063
2009-09-22T06:00:00Z,tribes_rocky-boys_Rocky Boy's,Rocky Boy's,NDVI,4027.054998736873
2009-09-22T06:00:00Z,tribes_blackfeet_Blackfeet,Blackfeet,EVI,2024.578836685299
2009-09-22T06:00:00Z,tribes_blackfeet_Blackfeet,Blackfeet,NDVI,3570.511921354926
2009-09-22T06:00:00Z,tribes_flathead_Flathead,Flathead,EVI,2381.398966012494
2009-09-22T06:00:00Z,tribes_flathead_Flathead,Flathead,NDVI,5017.2273074705145
2009-10-08T06:00:00Z,tribes_northern-cheyenne_Northern Cheyenne,Northern Cheyenne,EVI,1645.1315835277426
2009-10-08T06:00:00Z,tribes_northern-cheyenne_Northern Cheyenne,Northern Cheyenne,NDVI,3551.28400910532
2009-10-08T06:00:00Z,tribes_crow_Crow,Crow,EVI,1364.4193131116417
2009-10-08T06:00:00Z,tribes_crow_Crow,Crow,NDVI,2664.7902171286573
2009-10-08T06:00:00Z,tribes_fort-peck_Fort Peck,Fort Peck,EVI,1278.5991433351821
2009-10-08T06:00:00Z,tribes_fort-peck_Fort Peck,Fort Peck,NDVI,2701.3647182680884
2009-10-08T06:00:00Z,tribes_fort-belknap_Fort Belknap,Fort Belknap,EVI,1467.7302848436009
2009-10-08T06:00:00Z,tribes_fort-belknap_Fort Belknap,Fort Belknap,NDVI,2966.0302106056947
2009-10-08T06:00:00Z,tribes_rocky-boys_Rocky Boy's,Rocky Boy's,EVI,1623.3486392775903
2009-10-08T06:00:00Z,tribes_rocky-boys_Rocky Boy's,Rocky Boy's,NDVI,3539.608749542605
2009-10-08T06:00:00Z,tribes_blackfeet_Blackfeet,Blackfeet,EVI,1716.4014379599441
2009-10-08T06:00:00Z,tribes_blackfeet_Blackfeet,Blackfeet,NDVI,3001.9420892521493
2009-10-08T06:00:00Z,tribes_flathead_Flathead,Flathead,EVI,1984.07593918124
2009-10-08T06:00:00Z,tribes_flathead_Flathead,Flathead,NDVI,3904.0927016191727
2009-10-24T06:00:00Z,tribes_northern-cheyenne_Northern Cheyenne,Northern Cheyenne,EVI,1739.2243812153283
2009-10-24T06:00:00Z,tribes_northern-cheyenne_Northern Cheyenne,Northern Cheyenne,NDVI,3435.819637559463
2009-10-24T06:00:00Z,tribes_crow_Crow,Crow,EVI,1408.9538955056437
2009-10-24T06:00:00Z,tribes_crow_Crow,Crow,NDVI,2677.1956767976567
2009-10-24T06:00:00Z,tribes_fort-peck_Fort Peck,Fort Peck,EVI,1226.7936163596491
2009-10-24T06:00:00Z,tribes_fort-peck_Fort Peck,Fort Peck,NDVI,2552.987725094898
2009-10-24T06:00:00Z,tribes_fort-belknap_Fort Belknap,Fort Belknap,EVI,1385.0601184956201
2009-10-24T06:00:00Z,tribes_fort-belknap_Fort Belknap,Fort Belknap,NDVI,2584.072849396885
2009-10-24T06:00:00Z,tribes_rocky-boys_Rocky Boy's,Rocky Boy's,EVI,1456.2021467603981
2009-10-24T06:00:00Z,tribes_rocky-boys_Rocky Boy's,Rocky Boy's,NDVI,2842.0580838890337
2009-10-24T06:00:00Z,tribes_blackfeet_Blackfeet,Blackfeet,EVI,1508.2871624875868
2009-10-24T06:00:00Z,tribes_blackfeet_Blackfeet,Blackfeet,NDVI,2595.379957144178
2009-10-24T06:00:00Z,tribes_flathead_Flathead,Flathead,EVI,2099.304912885652
2009-10-24T06:00:00Z,tribes_flathead_Flathead,Flathead,NDVI,4520.449281959684
2009-11-09T07:00:00Z,tribes_northern-cheyenne_Northern Cheyenne,Northern Cheyenne,EVI,1591.16792692692
2009-11-09T07:00:00Z,tribes_northern-cheyenne_Northern Cheyenne,Northern Cheyenne,NDVI,3492.140762171186
2009-11-09T07:00:00Z,tribes_crow_Crow,Crow,EVI,1443.3014953215675
2009-11-09T07:00:00Z,tribes_crow_Crow,Crow,NDVI,2725.3079078490405
2009-11-09T07:00:00Z,tribes_fort-peck_Fort Peck,Fort Peck,EVI,1106.0798697545565
2009-11-09T07:00:00Z,tribes_fort-peck_Fort Peck,Fort Peck,NDVI,2219.7441223310007
2009-11-09T07:00:00Z,tribes_fort-belknap_Fort Belknap,Fort Belknap,EVI,1233.4056831498876
2009-11-09T07:00:00Z,tribes_fort-belknap_Fort Belknap,Fort Belknap,NDVI,2421.3801975906886
2009-11-09T07:00:00Z,tribes_rocky-boys_Rocky Boy's,Rocky Boy's,EVI,1385.6018901333312
2009-11-09T07:00:00Z,tribes_rocky-boys_Rocky Boy's,Rocky Boy's,NDVI,2772.1287239132175
2009-11-09T07:00:00Z,tribes_blackfeet_Blackfeet,Blackfeet,EVI,1325.103359073802
2009-11-09T07:00:00Z,tribes_blackfeet_Blackfeet,Blackfeet,NDVI,2281.214093886247
2009-11-09T07:00:00Z,tribes_flathead_Flathead,Flathead,EVI,1882.3252234620334
2009-11-09T07:00:00Z,tribes_flathead_Flathead,Flathead,NDVI,4270.295282797216
2009-11-25T07:00:00Z,tribes_northern-cheyenne_Northern Cheyenne,Northern Cheyenne,EVI,1555.6486590472296
2009-11-25T07:00:00Z,tribes_northern-cheyenne_Northern Cheyenne,Northern Cheyenne,NDVI,3335.8237161909815
2009-11-25T07:00:00Z,tribes_crow_Crow,Crow,EVI,1371.302195346105
2009-11-25T07:00:00Z,tribes_crow_Crow,Crow,NDVI,2659.687819978215
2009-11-25T07:00:00Z,tribes_fort-peck_Fort Peck,Fort Peck,EVI,1180.9421194507268
2009-11-25T07:00:00Z,tribes_fort-peck_Fort Peck,Fort Peck,NDVI,2199.35597875478
2009-11-25T07:00:00Z,tribes_fort-belknap_Fort Belknap,Fort Belknap,EVI,1214.7797054437654
2009-11-25T07:00:00Z,tribes_fort-belknap_Fort Belknap,Fort Belknap,NDVI,2360.9209749815677
2009-11-25T07:00:00Z,tribes_rocky-boys_Rocky Boy's,Rocky Boy's,EVI,1129.6104754075234
2009-11-25T07:00:00Z,tribes_rocky-boys_Rocky Boy's,Rocky Boy's,NDVI,2284.6455462328227
2009-11-25T07:00:00Z,tribes_blackfeet_Blackfeet,Blackfeet,EVI,1417.7674964122098
2009-11-25T07:00:00Z,tribes_blackfeet_Blackfeet,Blackfeet,NDVI,2212.7709320795593
2009-11-25T07:00:00Z,tribes_flathead_Flathead,Flathead,EVI,1935.9113601086779
2009-11-25T07:00:00Z,tribes_flathead_Flathead,Flathead,NDVI,4033.0881217077535
2009-12-11T07:00:00Z,tribes_northern-cheyenne_Northern Cheyenne,Northern Cheyenne,EVI,NA
2009-12-11T07:00:00Z,tribes_northern-cheyenne_Northern Cheyenne,Northern Cheyenne,NDVI,NA
2009-12-11T07:00:00Z,tribes_crow_Crow,Crow,EVI,NA
2009-12-11T07:00:00Z,tribes_crow_Crow,Crow,NDVI,NA
2009-12-11T07:00:00Z,tribes_fort-peck_Fort Peck,Fort Peck,EVI,NA
2009-12-11T07:00:00Z,tribes_fort-peck_Fort Peck,Fort Peck,NDVI,NA
2009-12-11T07:00:00Z,tribes_fort-belknap_Fort Belknap,Fort Belknap,EVI,NA
2009-12-11T07:00:00Z,tribes_fort-belknap_Fort Belknap,Fort Belknap,NDVI,NA
2009-12-11T07:00:00Z,tribes_rocky-boys_Rocky Boy's,Rocky Boy's,EVI,NA
2009-12-11T07:00:00Z,tribes_rocky-boys_Rocky Boy's,Rocky Boy's,NDVI,NA
2009-12-11T07:00:00Z,tribes_blackfeet_Blackfeet,Blackfeet,EVI,NA
2009-12-11T07:00:00Z,tribes_blackfeet_Blackfeet,Blackfeet,NDVI,NA
2009-12-11T07:00:00Z,tribes_flathead_Flathead,Flathead,EVI,1678.425633253951
2009-12-11T07:00:00Z,tribes_flathead_Flathead,Flathead,NDVI,3114.2825106444398
2009-12-27T07:00:00Z,tribes_northern-cheyenne_Northern Cheyenne,Northern Cheyenne,EVI,NA
2009-12-27T07:00:00Z,tribes_northern-cheyenne_Northern Cheyenne,Northern Cheyenne,NDVI,NA
2009-12-27T07:00:00Z,tribes_crow_Crow,Crow,EVI,NA
2009-12-27T07:00:00Z,tribes_crow_Crow,Crow,NDVI,NA
2009-12-27T07:00:00Z,tribes_fort-peck_Fort Peck,Fort Peck,EVI,NA
2009-12-27T07:00:00Z,tribes_fort-peck_Fort Peck,Fort Peck,NDVI,NA
2009-12-27T07:00:00Z,tribes_fort-belknap_Fort Belknap,Fort Belknap,EVI,NA
2009-12-27T07:00:00Z,tribes_fort-belknap_Fort Belknap,Fort Belknap,NDVI,NA
2009-12-27T07:00:00Z,tribes_rocky-boys_Rocky Boy's,Rocky Boy's,EVI,NA
2009-12-27T07:00:00Z,tribes_rocky-boys_Rocky Boy's,Rocky Boy's,NDVI,NA
2009-12-27T07:00:00Z,tribes_blackfeet_Blackfeet,Blackfeet,EVI,224
2009-12-27T07:00:00Z,tribes_blackfeet_Blackfeet,Blackfeet,NDVI,4653
2009-12-27T07:00:00Z,tribes_flathead_Flathead,Flathead,EVI,1617.4100508017095
2009-12-27T07:00:00Z,tribes_flathead_Flathead,Flathead,NDVI,3565.556880532352
2010-01-09T07:00:00Z,tribes_northern-cheyenne_Northern Cheyenne,Northern Cheyenne,EVI,NA
2010-01-09T07:00:00Z,tribes_northern-cheyenne_Northern Cheyenne,Northern Cheyenne,NDVI,NA
2010-01-09T07:00:00Z,tribes_crow_Crow,Crow,EVI,1122.5679067070018
2010-01-09T07:00:00Z,tribes_crow_Crow,Crow,NDVI,2365.4253745686715
2010-01-09T07:00:00Z,tribes_fort-peck_Fort Peck,Fort Peck,EVI,NA
2010-01-09T07:00:00Z,tribes_fort-peck_Fort Peck,Fort Peck,NDVI,NA
2010-01-09T07:00:00Z,tribes_fort-belknap_Fort Belknap,Fort Belknap,EVI,1517.361354444071
2010-01-09T07:00:00Z,tribes_fort-belknap_Fort Belknap,Fort Belknap,NDVI,2986.15944093702
2010-01-09T07:00:00Z,tribes_rocky-boys_Rocky Boy's,Rocky Boy's,EVI,NA
2010-01-09T07:00:00Z,tribes_rocky-boys_Rocky Boy's,Rocky Boy's,NDVI,NA
2010-01-09T07:00:00Z,tribes_blackfeet_Blackfeet,Blackfeet,EVI,974.0105761347256
2010-01-09T07:00:00Z,tribes_blackfeet_Blackfeet,Blackfeet,NDVI,1749.280800921466
2010-01-09T07:00:00Z,tribes_flathead_Flathead,Flathead,EVI,1715.5906783440396
2010-01-09T07:00:00Z,tribes_flathead_Flathead,Flathead,NDVI,3459.512890339599
2010-01-25T07:00:00Z,tribes_northern-cheyenne_Northern Cheyenne,Northern Cheyenne,EVI,NA
2010-01-25T07:00:00Z,tribes_northern-cheyenne_Northern Cheyenne,Northern Cheyenne,NDVI,NA
2010-01-25T07:00:00Z,tribes_crow_Crow,Crow,EVI,NA
2010-01-25T07:00:00Z,tribes_crow_Crow,Crow,NDVI,NA
2010-01-25T07:00:00Z,tribes_fort-peck_Fort Peck,Fort Peck,EVI,NA
2010-01-25T07:00:00Z,tribes_fort-peck_Fort Peck,Fort Peck,NDVI,NA
2010-01-25T07:00:00Z,tribes_fort-belknap_Fort Belknap,Fort Belknap,EVI,NA
2010-01-25T07:00:00Z,tribes_fort-belknap_Fort Belknap,Fort Belknap,NDVI,NA
2010-01-25T07:00:00Z,tribes_rocky-boys_Rocky Boy's,Rocky Boy's,EVI,NA
2010-01-25T07:00:00Z,tribes_rocky-boys_Rocky Boy's,Rocky Boy's,NDVI,NA
2010-01-25T07:00:00Z,tribes_blackfeet_Blackfeet,Blackfeet,EVI,NA
2010-01-25T07:00:00Z,tribes_blackfeet_Blackfeet,Blackfeet,NDVI,NA
2010-01-25T07:00:00Z,tribes_flathead_Flathead,Flathead,EVI,NA
2010-01-25T07:00:00Z,tribes_flathead_Flathead,Flathead,NDVI,NA
2010-02-10T07:00:00Z,tribes_northern-cheyenne_Northern Cheyenne,Northern Cheyenne,EVI,NA
2010-02-10T07:00:00Z,tribes_northern-cheyenne_Northern Cheyenne,Northern Cheyenne,NDVI,NA
2010-02-10T07:00:00Z,tribes_crow_Crow,Crow,EVI,NA
2010-02-10T07:00:00Z,tribes_crow_Crow,Crow,NDVI,NA
2010-02-10T07:00:00Z,tribes_fort-peck_Fort Peck,Fort Peck,EVI,NA
2010-02-10T07:00:00Z,tribes_fort-peck_Fort Peck,Fort Peck,NDVI,NA
2010-02-10T07:00:00Z,tribes_fort-belknap_Fort Belknap,Fort Belknap,EVI,NA
2010-02-10T07:00:00Z,tribes_fort-belknap_Fort Belknap,Fort Belknap,NDVI,NA
2010-02-10T07:00:00Z,tribes_rocky-boys_Rocky Boy's,Rocky Boy's,EVI,NA
2010-02-10T07:00:00Z,tribes_rocky-boys_Rocky Boy's,Rocky Boy's,NDVI,NA
2010-02-10T07:00:00Z,tribes_blackfeet_Blackfeet,Blackfeet,EVI,1174.1429600964395
2010-02-10T07:00:00Z,tribes_blackfeet_Blackfeet,Blackfeet,NDVI,1806.242107515986
2010-02-10T07:00:00Z,tribes_flathead_Flathead,Flathead,EVI,1526.719442227555
2010-02-10T07:00:00Z,tribes_flathead_Flathead,Flathead,NDVI,3367.8244904043986
2010-02-26T07:00:00Z,tribes_northern-cheyenne_Northern Cheyenne,Northern Cheyenne,EVI,1389.6538236617519
2010-02-26T07:00:00Z,tribes_northern-cheyenne_Northern Cheyenne,Northern Cheyenne,NDVI,2617.49054014083
2010-02-26T07:00:00Z,tribes_crow_Crow,Crow,EVI,1207.369272138809
2010-02-26T07:00:00Z,tribes_crow_Crow,Crow,NDVI,2264.3139993741474
2010-02-26T07:00:00Z,tribes_fort-peck_Fort Peck,Fort Peck,EVI,NA
2010-02-26T07:00:00Z,tribes_fort-peck_Fort Peck,Fort Peck,NDVI,NA
2010-02-26T07:00:00Z,tribes_fort-belknap_Fort Belknap,Fort Belknap,EVI,1601.8067581347923
2010-02-26T07:00:00Z,tribes_fort-belknap_Fort Belknap,Fort Belknap,NDVI,2600.282069852601
2010-02-26T07:00:00Z,tribes_rocky-boys_Rocky Boy's,Rocky Boy's,EVI,NA
2010-02-26T07:00:00Z,tribes_rocky-boys_Rocky Boy's,Rocky Boy's,NDVI,NA
2010-02-26T07:00:00Z,tribes_blackfeet_Blackfeet,Blackfeet,EVI,1091.3723701887784
2010-02-26T07:00:00Z,tribes_blackfeet_Blackfeet,Blackfeet,NDVI,1899.8982137522569
2010-02-26T07:00:00Z,tribes_flathead_Flathead,Flathead,EVI,1777.3020611776346
2010-02-26T07:00:00Z,tribes_flathead_Flathead,Flathead,NDVI,3732.853419815423
2010-03-14T07:00:00Z,tribes_northern-cheyenne_Northern Cheyenne,Northern Cheyenne,EVI,1538.433874645817
2010-03-14T07:00:00Z,tribes_northern-cheyenne_Northern Cheyenne,Northern Cheyenne,NDVI,3274.7321374468147
2010-03-14T07:00:00Z,tribes_crow_Crow,Crow,EVI,1528.658642906395
2010-03-14T07:00:00Z,tribes_crow_Crow,Crow,NDVI,2594.6148623337212
2010-03-14T07:00:00Z,tribes_fort-peck_Fort Peck,Fort Peck,EVI,983.1216208152572
2010-03-14T07:00:00Z,tribes_fort-peck_Fort Peck,Fort Peck,NDVI,1904.0519460644653
2010-03-14T07:00:00Z,tribes_fort-belknap_Fort Belknap,Fort Belknap,EVI,1209.394864519371
2010-03-14T07:00:00Z,tribes_fort-belknap_Fort Belknap,Fort Belknap,NDVI,2313.9605944673767
2010-03-14T07:00:00Z,tribes_rocky-boys_Rocky Boy's,Rocky Boy's,EVI,1159.6473545101649
2010-03-14T07:00:00Z,tribes_rocky-boys_Rocky Boy's,Rocky Boy's,NDVI,2029.502242848939
2010-03-14T07:00:00Z,tribes_blackfeet_Blackfeet,Blackfeet,EVI,1137.8415464389523
2010-03-14T07:00:00Z,tribes_blackfeet_Blackfeet,Blackfeet,NDVI,2000.2493646918508
2010-03-14T07:00:00Z,tribes_flathead_Flathead,Flathead,EVI,1840.730892020251
2010-03-14T07:00:00Z,tribes_flathead_Flathead,Flathead,NDVI,3849.2874720767954
2010-03-30T06:00:00Z,tribes_northern-cheyenne_Northern Cheyenne,Northern Cheyenne,EVI,1694.869090340103
2010-03-30T06:00:00Z,tribes_northern-cheyenne_Northern Cheyenne,Northern Cheyenne,NDVI,3477.1301671939655
2010-03-30T06:00:00Z,tribes_crow_Crow,Crow,EVI,1941.7769746956446
2010-03-30T06:00:00Z,tribes_crow_Crow,Crow,NDVI,3111.9702942867343
2010-03-30T06:00:00Z,tribes_fort-peck_Fort Peck,Fort Peck,EVI,1134.395077396577
2010-03-30T06:00:00Z,tribes_fort-peck_Fort Peck,Fort Peck,NDVI,2168.0748109650785
2010-03-30T06:00:00Z,tribes_fort-belknap_Fort Belknap,Fort Belknap,EVI,1358.9492964054598
2010-03-30T06:00:00Z,tribes_fort-belknap_Fort Belknap,Fort Belknap,NDVI,2667.693447438388
2010-03-30T06:00:00Z,tribes_rocky-boys_Rocky Boy's,Rocky Boy's,EVI,1478.8453852362743
2010-03-30T06:00:00Z,tribes_rocky-boys_Rocky Boy's,Rocky Boy's,NDVI,2748.989771643897
2010-03-30T06:00:00Z,tribes_blackfeet_Blackfeet,Blackfeet,EVI,1214.7578045433238
2010-03-30T06:00:00Z,tribes_blackfeet_Blackfeet,Blackfeet,NDVI,2015.8171716225331
2010-03-30T06:00:00Z,tribes_flathead_Flathead,Flathead,EVI,2208.0331462972767
2010-03-30T06:00:00Z,tribes_flathead_Flathead,Flathead,NDVI,4004.4330611685837
2010-04-15T06:00:00Z,tribes_northern-cheyenne_Northern Cheyenne,Northern Cheyenne,EVI,2073.640133311567
2010-04-15T06:00:00Z,tribes_northern-cheyenne_Northern Cheyenne,Northern Cheyenne,NDVI,4067.817494048967
2010-04-15T06:00:00Z,tribes_crow_Crow,Crow,EVI,2222.3969477104292
2010-04-15T06:00:00Z,tribes_crow_Crow,Crow,NDVI,4089.575845351449
2010-04-15T06:00:00Z,tribes_fort-peck_Fort Peck,Fort Peck,EVI,1404.6276069794383
2010-04-15T06:00:00Z,tribes_fort-peck_Fort Peck,Fort Peck,NDVI,2517.1871642498504
2010-04-15T06:00:00Z,tribes_fort-belknap_Fort Belknap,Fort Belknap,EVI,1784.082510884347
2010-04-15T06:00:00Z,tribes_fort-belknap_Fort Belknap,Fort Belknap,NDVI,3261.9297722174847
2010-04-15T06:00:00Z,tribes_rocky-boys_Rocky Boy's,Rocky Boy's,EVI,1723.7578612699035
2010-04-15T06:00:00Z,tribes_rocky-boys_Rocky Boy's,Rocky Boy's,NDVI,3004.417476767004
2010-04-15T06:00:00Z,tribes_blackfeet_Blackfeet,Blackfeet,EVI,1513.8177311225359
2010-04-15T06:00:00Z,tribes_blackfeet_Blackfeet,Blackfeet,NDVI,2584.309273828483
2010-04-15T06:00:00Z,tribes_flathead_Flathead,Flathead,EVI,2616.0679321152115
2010-04-15T06:00:00Z,tribes_flathead_Flathead,Flathead,NDVI,4637.304619723821
2010-05-01T06:00:00Z,tribes_northern-cheyenne_Northern Cheyenne,Northern Cheyenne,EVI,2561.59548894478
2010-05-01T06:00:00Z,tribes_northern-cheyenne_Northern Cheyenne,Northern Cheyenne,NDVI,5175.855679992283
2010-05-01T06:00:00Z,tribes_crow_Crow,Crow,EVI,2866.249711289511
2010-05-01T06:00:00Z,tribes_crow_Crow,Crow,NDVI,4864.121427461497
2010-05-01T06:00:00Z,tribes_fort-peck_Fort Peck,Fort Peck,EVI,1612.9302082379184
2010-05-01T06:00:00Z,tribes_fort-peck_Fort Peck,Fort Peck,NDVI,2970.002992144007
2010-05-01T06:00:00Z,tribes_fort-belknap_Fort Belknap,Fort Belknap,EVI,2177.4447450789253
2010-05-01T06:00:00Z,tribes_fort-belknap_Fort Belknap,Fort Belknap,NDVI,3601.070097421698
2010-05-01T06:00:00Z,tribes_rocky-boys_Rocky Boy's,Rocky Boy's,EVI,2388.3665845120345
2010-05-01T06:00:00Z,tribes_rocky-boys_Rocky Boy's,Rocky Boy's,NDVI,4026.5034595489997
2010-05-01T06:00:00Z,tribes_blackfeet_Blackfeet,Blackfeet,EVI,1840.8815241602035
2010-05-01T06:00:00Z,tribes_blackfeet_Blackfeet,Blackfeet,NDVI,2980.1122824211984
2010-05-01T06:00:00Z,tribes_flathead_Flathead,Flathead,EVI,2908.419853829678
2010-05-01T06:00:00Z,tribes_flathead_Flathead,Flathead,NDVI,5370.927193560659
2010-05-17T06:00:00Z,tribes_northern-cheyenne_Northern Cheyenne,Northern Cheyenne,EVI,3312.2380252468247
2010-05-17T06:00:00Z,tribes_northern-cheyenne_Northern Cheyenne,Northern Cheyenne,NDVI,5256.2369043274775
2010-05-17T06:00:00Z,tribes_crow_Crow,Crow,EVI,3346.557748554605
2010-05-17T06:00:00Z,tribes_crow_Crow,Crow,NDVI,5309.385661540152
2010-05-17T06:00:00Z,tribes_fort-peck_Fort Peck,Fort Peck,EVI,2010.367428956013
2010-05-17T06:00:00Z,tribes_fort-peck_Fort Peck,Fort Peck,NDVI,3633.7665662875
2010-05-17T06:00:00Z,tribes_fort-belknap_Fort Belknap,Fort Belknap,EVI,2310.0060218871045
2010-05-17T06:00:00Z,tribes_fort-belknap_Fort Belknap,Fort Belknap,NDVI,4138.241140965268
2010-05-17T06:00:00Z,tribes_rocky-boys_Rocky Boy's,Rocky Boy's,EVI,2964.2906329960038
2010-05-17T06:00:00Z,tribes_rocky-boys_Rocky Boy's,Rocky Boy's,NDVI,5207.477552743747
2010-05-17T06:00:00Z,tribes_blackfeet_Blackfeet,Blackfeet,EVI,2287.556515247124
2010-05-17T06:00:00Z,tribes_blackfeet_Blackfeet,Blackfeet,NDVI,3909.4531236399266
2010-05-17T06:00:00Z,tribes_flathead_Flathead,Flathead,EVI,3252.6434584878057
2010-05-17T06:00:00Z,tribes_flathead_Flathead,Flathead,NDVI,5234.776730178707
2010-06-02T06:00:00Z,tribes_northern-cheyenne_Northern Cheyenne,Northern Cheyenne,EVI,3705.336433899058
2010-06-02T06:00:00Z,tribes_northern-cheyenne_Northern Cheyenne,Northern Cheyenne,NDVI,6165.483440290173
2010-06-02T06:00:00Z,tribes_crow_Crow,Crow,EVI,3910.4441746535654
2010-06-02T06:00:00Z,tribes_crow_Crow,Crow,NDVI,6089.094765251023
2010-06-02T06:00:00Z,tribes_fort-peck_Fort Peck,Fort Peck,EVI,3228.141359243497
2010-06-02T06:00:00Z,tribes_fort-peck_Fort Peck,Fort Peck,NDVI,5326.982921904874
2010-06-02T06:00:00Z,tribes_fort-belknap_Fort Belknap,Fort Belknap,EVI,3310.164294553905
2010-06-02T06:00:00Z,tribes_fort-belknap_Fort Belknap,Fort Belknap,NDVI,4972.250635891237
2010-06-02T06:00:00Z,tribes_rocky-boys_Rocky Boy's,Rocky Boy's,EVI,3923.3212292221247
2010-06-02T06:00:00Z,tribes_rocky-boys_Rocky Boy's,Rocky Boy's,NDVI,6099.928007566739
2010-06-02T06:00:00Z,tribes_blackfeet_Blackfeet,Blackfeet,EVI,2850.5947819094367
2010-06-02T06:00:00Z,tribes_blackfeet_Blackfeet,Blackfeet,NDVI,4536.089795708731
2010-06-02T06:00:00Z,tribes_flathead_Flathead,Flathead,EVI,3461.072247915201
2010-06-02T06:00:00Z,tribes_flathead_Flathead,Flathead,NDVI,5951.7784211413955
2010-06-18T06:00:00Z,tribes_northern-cheyenne_Northern Cheyenne,Northern Cheyenne,EVI,3644.8682021859026
2010-06-18T06:00:00Z,tribes_northern-cheyenne_Northern Cheyenne,Northern Cheyenne,NDVI,5922.675180590851
2010-06-18T06:00:00Z,tribes_crow_Crow,Crow,EVI,3821.491543010166
2010-06-18T06:00:00Z,tribes_crow_Crow,Crow,NDVI,6060.7103523659625
2010-06-18T06:00:00Z,tribes_fort-peck_Fort Peck,Fort Peck,EVI,3852.686531618274
2010-06-18T06:00:00Z,tribes_fort-peck_Fort Peck,Fort Peck,NDVI,6009.043580653897
2010-06-18T06:00:00Z,tribes_fort-belknap_Fort Belknap,Fort Belknap,EVI,3225.405274807503
2010-06-18T06:00:00Z,tribes_fort-belknap_Fort Belknap,Fort Belknap,NDVI,5411.213569113702
2010-06-18T06:00:00Z,tribes_rocky-boys_Rocky Boy's,Rocky Boy's,EVI,4261.559153761793
2010-06-18T06:00:00Z,tribes_rocky-boys_Rocky Boy's,Rocky Boy's,NDVI,6745.719013395187
2010-06-18T06:00:00Z,tribes_blackfeet_Blackfeet,Blackfeet,EVI,3428.7295951989945
2010-06-18T06:00:00Z,tribes_blackfeet_Blackfeet,Blackfeet,NDVI,5487.774387712683
2010-06-18T06:00:00Z,tribes_flathead_Flathead,Flathead,EVI,3552.6511704085196
2010-06-18T06:00:00Z,tribes_flathead_Flathead,Flathead,NDVI,6119.670558217868
2010-07-04T06:00:00Z,tribes_northern-cheyenne_Northern Cheyenne,Northern Cheyenne,EVI,3614.768753325232
2010-07-04T06:00:00Z,tribes_northern-cheyenne_Northern Cheyenne,Northern Cheyenne,NDVI,5633.280882488415
2010-07-04T06:00:00Z,tribes_crow_Crow,Crow,EVI,3402.577997792536
2010-07-04T06:00:00Z,tribes_crow_Crow,Crow,NDVI,5263.318310453497
2010-07-04T06:00:00Z,tribes_fort-peck_Fort Peck,Fort Peck,EVI,3874.943709129583
2010-07-04T06:00:00Z,tribes_fort-peck_Fort Peck,Fort Peck,NDVI,5828.705466113726
2010-07-04T06:00:00Z,tribes_fort-belknap_Fort Belknap,Fort Belknap,EVI,3070.1712250142928
2010-07-04T06:00:00Z,tribes_fort-belknap_Fort Belknap,Fort Belknap,NDVI,4957.513425167987
2010-07-04T06:00:00Z,tribes_rocky-boys_Rocky Boy's,Rocky Boy's,EVI,4368.652440058476
2010-07-04T06:00:00Z,tribes_rocky-boys_Rocky Boy's,Rocky Boy's,NDVI,6585.984851716471
2010-07-04T06:00:00Z,tribes_blackfeet_Blackfeet,Blackfeet,EVI,3637.9960367252147
2010-07-04T06:00:00Z,tribes_blackfeet_Blackfeet,Blackfeet,NDVI,5744.3725864386315
2010-07-04T06:00:00Z,tribes_flathead_Flathead,Flathead,EVI,3274.495906224932
2010-07-04T06:00:00Z,tribes_flathead_Flathead,Flathead,NDVI,5957.064970850432
2010-07-20T06:00:00Z,tribes_northern-cheyenne_Northern Cheyenne,Northern Cheyenne,EVI,3108.001478243501
2010-07-20T06:00:00Z,tribes_northern-cheyenne_Northern Cheyenne,Northern Cheyenne,NDVI,5365.64485311178
2010-07-20T06:00:00Z,tribes_crow_Crow,Crow,EVI,2838.1759791824998
2010-07-20T06:00:00Z,tribes_crow_Crow,Crow,NDVI,4565.764849524318
2010-07-20T06:00:00Z,tribes_fort-peck_Fort Peck,Fort Peck,EVI,2989.7433854320298
2010-07-20T06:00:00Z,tribes_fort-peck_Fort Peck,Fort Peck,NDVI,4831.347744536971
2010-07-20T06:00:00Z,tribes_fort-belknap_Fort Belknap,Fort Belknap,EVI,2786.723626737324
2010-07-20T06:00:00Z,tribes_fort-belknap_Fort Belknap,Fort Belknap,NDVI,4678.834944260716
2010-07-20T06:00:00Z,tribes_rocky-boys_Rocky Boy's,Rocky Boy's,EVI,4103.294483822565
2010-07-20T06:00:00Z,tribes_rocky-boys_Rocky Boy's,Rocky Boy's,NDVI,6353.0376201541685
2010-07-20T06:00:00Z,tribes_blackfeet_Blackfeet,Blackfeet,EVI,3517.348000975324
2010-07-20T06:00:00Z,tribes_blackfeet_Blackfeet,Blackfeet,NDVI,5762.982690844685
2010-07-20T06:00:00Z,tribes_flathead_Flathead,Flathead,EVI,2996.271387248288
2010-07-20T06:00:00Z,tribes_flathead_Flathead,Flathead,NDVI,5693.856223269398
2010-08-05T06:00:00Z,tribes_northern-cheyenne_Northern Cheyenne,Northern Cheyenne,EVI,2835.271435576486
2010-08-05T06:00:00Z,tribes_northern-cheyenne_Northern Cheyenne,Northern Cheyenne,NDVI,4983.350196865272
2010-08-05T06:00:00Z,tribes_crow_Crow,Crow,EVI,2558.7644824479635
2010-08-05T06:00:00Z,tribes_crow_Crow,Crow,NDVI,4217.134056979597
2010-08-05T06:00:00Z,tribes_fort-peck_Fort Peck,Fort Peck,EVI,2329.7116055848555
2010-08-05T06:00:00Z,tribes_fort-peck_Fort Peck,Fort Peck,NDVI,4026.9738923953796
2010-08-05T06:00:00Z,tribes_fort-belknap_Fort Belknap,Fort Belknap,EVI,2343.6442478201047
2010-08-05T06:00:00Z,tribes_fort-belknap_Fort Belknap,Fort Belknap,NDVI,4132.589409511952
2010-08-05T06:00:00Z,tribes_rocky-boys_Rocky Boy's,Rocky Boy's,EVI,3608.653808620651
2010-08-05T06:00:00Z,tribes_rocky-boys_Rocky Boy's,Rocky Boy's,NDVI,5975.122664318381
2010-08-05T06:00:00Z,tribes_blackfeet_Blackfeet,Blackfeet,EVI,3387.121737125553
2010-08-05T06:00:00Z,tribes_blackfeet_Blackfeet,Blackfeet,NDVI,5635.230528712013
2010-08-05T06:00:00Z,tribes_flathead_Flathead,Flathead,EVI,2861.5458958866698
2010-08-05T06:00:00Z,tribes_flathead_Flathead,Flathead,NDVI,5428.070092322143
2010-08-21T06:00:00Z,tribes_northern-cheyenne_Northern Cheyenne,Northern Cheyenne,EVI,2424.1798752844365
2010-08-21T06:00:00Z,tribes_northern-cheyenne_Northern Cheyenne,Northern Cheyenne,NDVI,4528.874035387995
2010-08-21T06:00:00Z,tribes_crow_Crow,Crow,EVI,2230.1287864031524
2010-08-21T06:00:00Z,tribes_crow_Crow,Crow,NDVI,3854.412176967793
2010-08-21T06:00:00Z,tribes_fort-peck_Fort Peck,Fort Peck,EVI,2087.5231043097465
2010-08-21T06:00:00Z,tribes_fort-peck_Fort Peck,Fort Peck,NDVI,3807.177763470801
2010-08-21T06:00:00Z,tribes_fort-belknap_Fort Belknap,Fort Belknap,EVI,2175.1543572424525
2010-08-21T06:00:00Z,tribes_fort-belknap_Fort Belknap,Fort Belknap,NDVI,3849.794109776463
2010-08-21T06:00:00Z,tribes_rocky-boys_Rocky Boy's,Rocky Boy's,EVI,3252.3396460203744
2010-08-21T06:00:00Z,tribes_rocky-boys_Rocky Boy's,Rocky Boy's,NDVI,5531.632095343132
2010-08-21T06:00:00Z,tribes_blackfeet_Blackfeet,Blackfeet,EVI,2793.348627551064
2010-08-21T06:00:00Z,tribes_blackfeet_Blackfeet,Blackfeet,NDVI,4862.430528167648
2010-08-21T06:00:00Z,tribes_flathead_Flathead,Flathead,EVI,2633.1811901286173
2010-08-21T06:00:00Z,tribes_flathead_Flathead,Flathead,NDVI,5482.022048982788
2010-09-06T06:00:00Z,tribes_northern-cheyenne_Northern Cheyenne,Northern Cheyenne,EVI,2263.240054962465
2010-09-06T06:00:00Z,tribes_northern-cheyenne_Northern Cheyenne,Northern Cheyenne,NDVI,4373.891644518434
2010-09-06T06:00:00Z,tribes_crow_Crow,Crow,EVI,2180.859437201364
2010-09-06T06:00:00Z,tribes_crow_Crow,Crow,NDVI,4043.363207970183
2010-09-06T06:00:00Z,tribes_fort-peck_Fort Peck,Fort Peck,EVI,1940.2144345989166
2010-09-06T06:00:00Z,tribes_fort-peck_Fort Peck,Fort Peck,NDVI,3535.177352987317
2010-09-06T06:00:00Z,tribes_fort-belknap_Fort Belknap,Fort Belknap,EVI,2005.525013411823
2010-09-06T06:00:00Z,tribes_fort-belknap_Fort Belknap,Fort Belknap,NDVI,3980.0777953766055
2010-09-06T06:00:00Z,tribes_rocky-boys_Rocky Boy's,Rocky Boy's,EVI,2951.1782237840753
2010-09-06T06:00:00Z,tribes_rocky-boys_Rocky Boy's,Rocky Boy's,NDVI,5651.066356371607
2010-09-06T06:00:00Z,tribes_blackfeet_Blackfeet,Blackfeet,EVI,2489.9579753761204
2010-09-06T06:00:00Z,tribes_blackfeet_Blackfeet,Blackfeet,NDVI,4498.032283924115
2010-09-06T06:00:00Z,tribes_flathead_Flathead,Flathead,EVI,2697.2512283324163
2010-09-06T06:00:00Z,tribes_flathead_Flathead,Flathead,NDVI,5319.658539103238
2010-09-22T06:00:00Z,tribes_northern-cheyenne_Northern Cheyenne,Northern Cheyenne,EVI,1949.4146580614347
2010-09-22T06:00:00Z,tribes_northern-cheyenne_Northern Cheyenne,Northern Cheyenne,NDVI,3961.6861743377744
2010-09-22T06:00:00Z,tribes_crow_Crow,Crow,EVI,1944.0756378392225
2010-09-22T06:00:00Z,tribes_crow_Crow,Crow,NDVI,3718.1276975384876
2010-09-22T06:00:00Z,tribes_fort-peck_Fort Peck,Fort Peck,EVI,1686.1230349804575
2010-09-22T06:00:00Z,tribes_fort-peck_Fort Peck,Fort Peck,NDVI,3224.4183511916126
2010-09-22T06:00:00Z,tribes_fort-belknap_Fort Belknap,Fort Belknap,EVI,2037.871804801758
2010-09-22T06:00:00Z,tribes_fort-belknap_Fort Belknap,Fort Belknap,NDVI,4095.792130119824
2010-09-22T06:00:00Z,tribes_rocky-boys_Rocky Boy's,Rocky Boy's,EVI,2413.473981801936
2010-09-22T06:00:00Z,tribes_rocky-boys_Rocky Boy's,Rocky Boy's,NDVI,4901.4445795605325
2010-09-22T06:00:00Z,tribes_blackfeet_Blackfeet,Blackfeet,EVI,2059.779161518039
2010-09-22T06:00:00Z,tribes_blackfeet_Blackfeet,Blackfeet,NDVI,4054.7409129554258
2010-09-22T06:00:00Z,tribes_flathead_Flathead,Flathead,EVI,2538.856594482129
2010-09-22T06:00:00Z,tribes_flathead_Flathead,Flathead,NDVI,5482.349943292998
2010-10-08T06:00:00Z,tribes_northern-cheyenne_Northern Cheyenne,Northern Cheyenne,EVI,1903.7640942591422
2010-10-08T06:00:00Z,tribes_northern-cheyenne_Northern Cheyenne,Northern Cheyenne,NDVI,4220.776768452564
2010-10-08T06:00:00Z,tribes_crow_Crow,Crow,EVI,1888.8090642771133
2010-10-08T06:00:00Z,tribes_crow_Crow,Crow,NDVI,3890.582627118278
2010-10-08T06:00:00Z,tribes_fort-peck_Fort Peck,Fort Peck,EVI,1590.2058359510381
2010-10-08T06:00:00Z,tribes_fort-peck_Fort Peck,Fort Peck,NDVI,3175.014577749617
2010-10-08T06:00:00Z,tribes_fort-belknap_Fort Belknap,Fort Belknap,EVI,1990.5476109844803
2010-10-08T06:00:00Z,tribes_fort-belknap_Fort Belknap,Fort Belknap,NDVI,3902.9250182929145
2010-10-08T06:00:00Z,tribes_rocky-boys_Rocky Boy's,Rocky Boy's,EVI,2339.5084695509736
2010-10-08T06:00:00Z,tribes_rocky-boys_Rocky Boy's,Rocky Boy's,NDVI,4526.005440906237
2010-10-08T06:00:00Z,tribes_blackfeet_Blackfeet,Blackfeet,EVI,1855.287153164371
2010-10-08T06:00:00Z,tribes_blackfeet_Blackfeet,Blackfeet,NDVI,3441.2480305482263
2010-10-08T06:00:00Z,tribes_flathead_Flathead,Flathead,EVI,2537.601840066071
2010-10-08T06:00:00Z,tribes_flathead_Flathead,Flathead,NDVI,5320.1130201531205
2010-10-24T06:00:00Z,tribes_northern-cheyenne_Northern Cheyenne,Northern Cheyenne,EVI,1658.9858266840597
2010-10-24T06:00:00Z,tribes_northern-cheyenne_Northern Cheyenne,Northern Cheyenne,NDVI,3496.474517535645
2010-10-24T06:00:00Z,tribes_crow_Crow,Crow,EVI,1530.0311790590001
2010-10-24T06:00:00Z,tribes_crow_Crow,Crow,NDVI,2927.0421215162123
2010-10-24T06:00:00Z,tribes_fort-peck_Fort Peck,Fort Peck,EVI,1353.1184204929275
2010-10-24T06:00:00Z,tribes_fort-peck_Fort Peck,Fort Peck,NDVI,2739.4988089720773
2010-10-24T06:00:00Z,tribes_fort-belknap_Fort Belknap,Fort Belknap,EVI,1552.4353262150128
2010-10-24T06:00:00Z,tribes_fort-belknap_Fort Belknap,Fort Belknap,NDVI,3102.01574593934
2010-10-24T06:00:00Z,tribes_rocky-boys_Rocky Boy's,Rocky Boy's,EVI,1725.8240727895707
2010-10-24T06:00:00Z,tribes_rocky-boys_Rocky Boy's,Rocky Boy's,NDVI,3611.646259389397
2010-10-24T06:00:00Z,tribes_blackfeet_Blackfeet,Blackfeet,EVI,1689.5585385539798
2010-10-24T06:00:00Z,tribes_blackfeet_Blackfeet,Blackfeet,NDVI,3134.814596541948
2010-10-24T06:00:00Z,tribes_flathead_Flathead,Flathead,EVI,2207.521732962061
2010-10-24T06:00:00Z,tribes_flathead_Flathead,Flathead,NDVI,4974.016993932148
2010-11-09T07:00:00Z,tribes_northern-cheyenne_Northern Cheyenne,Northern Cheyenne,EVI,1619.7398720874833
2010-11-09T07:00:00Z,tribes_northern-cheyenne_Northern Cheyenne,Northern Cheyenne,NDVI,3682.3554456087218
2010-11-09T07:00:00Z,tribes_crow_Crow,Crow,EVI,1321.0400448203516
2010-11-09T07:00:00Z,tribes_crow_Crow,Crow,NDVI,2855.9980505849103
2010-11-09T07:00:00Z,tribes_fort-peck_Fort Peck,Fort Peck,EVI,1309.6473488786778
2010-11-09T07:00:00Z,tribes_fort-peck_Fort Peck,Fort Peck,NDVI,2660.0925290123328
2010-11-09T07:00:00Z,tribes_fort-belknap_Fort Belknap,Fort Belknap,EVI,1480.9419010996273
2010-11-09T07:00:00Z,tribes_fort-belknap_Fort Belknap,Fort Belknap,NDVI,2733.876955233652
2010-11-09T07:00:00Z,tribes_rocky-boys_Rocky Boy's,Rocky Boy's,EVI,1735.6186128469335
2010-11-09T07:00:00Z,tribes_rocky-boys_Rocky Boy's,Rocky Boy's,NDVI,2786.40614384638
2010-11-09T07:00:00Z,tribes_blackfeet_Blackfeet,Blackfeet,EVI,1581.5368924884108
2010-11-09T07:00:00Z,tribes_blackfeet_Blackfeet,Blackfeet,NDVI,2803.29034270058
2010-11-09T07:00:00Z,tribes_flathead_Flathead,Flathead,EVI,2122.015874331652
2010-11-09T07:00:00Z,tribes_flathead_Flathead,Flathead,NDVI,3906.421812256313
2010-11-25T07:00:00Z,tribes_northern-cheyenne_Northern Cheyenne,Northern Cheyenne,EVI,NA
2010-11-25T07:00:00Z,tribes_northern-cheyenne_Northern Cheyenne,Northern Cheyenne,NDVI,NA
2010-11-25T07:00:00Z,tribes_crow_Crow,Crow,EVI,NA
2010-11-25T07:00:00Z,tribes_crow_Crow,Crow,NDVI,NA
2010-11-25T07:00:00Z,tribes_fort-peck_Fort Peck,Fort Peck,EVI,NA
2010-11-25T07:00:00Z,tribes_fort-peck_Fort Peck,Fort Peck,NDVI,NA
2010-11-25T07:00:00Z,tribes_fort-belknap_Fort Belknap,Fort Belknap,EVI,NA
2010-11-25T07:00:00Z,tribes_fort-belknap_Fort Belknap,Fort Belknap,NDVI,NA
2010-11-25T07:00:00Z,tribes_rocky-boys_Rocky Boy's,Rocky Boy's,EVI,NA
2010-11-25T07:00:00Z,tribes_rocky-boys_Rocky Boy's,Rocky Boy's,NDVI,NA
2010-11-25T07:00:00Z,tribes_blackfeet_Blackfeet,Blackfeet,EVI,NA
2010-11-25T07:00:00Z,tribes_blackfeet_Blackfeet,Blackfeet,NDVI,NA
2010-11-25T07:00:00Z,tribes_flathead_Flathead,Flathead,EVI,NA
2010-11-25T07:00:00Z,tribes_flathead_Flathead,Flathead,NDVI,NA
2010-12-11T07:00:00Z,tribes_northern-cheyenne_Northern Cheyenne,Northern Cheyenne,EVI,1087.9032258064517
2010-12-11T07:00:00Z,tribes_northern-cheyenne_Northern Cheyenne,Northern Cheyenne,NDVI,1644.741935483871
2010-12-11T07:00:00Z,tribes_crow_Crow,Crow,EVI,1154.8248065212526
2010-12-11T07:00:00Z,tribes_crow_Crow,Crow,NDVI,2141.2957084337713
2010-12-11T07:00:00Z,tribes_fort-peck_Fort Peck,Fort Peck,EVI,NA
2010-12-11T07:00:00Z,tribes_fort-peck_Fort Peck,Fort Peck,NDVI,NA
2010-12-11T07:00:00Z,tribes_fort-belknap_Fort Belknap,Fort Belknap,EVI,NA
2010-12-11T07:00:00Z,tribes_fort-belknap_Fort Belknap,Fort Belknap,NDVI,NA
2010-12-11T07:00:00Z,tribes_rocky-boys_Rocky Boy's,Rocky Boy's,EVI,NA
2010-12-11T07:00:00Z,tribes_rocky-boys_Rocky Boy's,Rocky Boy's,NDVI,NA
2010-12-11T07:00:00Z,tribes_blackfeet_Blackfeet,Blackfeet,EVI,1210.4212855146716
2010-12-11T07:00:00Z,tribes_blackfeet_Blackfeet,Blackfeet,NDVI,2158.2519795062876
2010-12-11T07:00:00Z,tribes_flathead_Flathead,Flathead,EVI,1862.840177019906
2010-12-11T07:00:00Z,tribes_flathead_Flathead,Flathead,NDVI,3686.4303646355766
2010-12-27T07:00:00Z,tribes_northern-cheyenne_Northern Cheyenne,Northern Cheyenne,EVI,NA
2010-12-27T07:00:00Z,tribes_northern-cheyenne_Northern Cheyenne,Northern Cheyenne,NDVI,NA
2010-12-27T07:00:00Z,tribes_crow_Crow,Crow,EVI,NA
2010-12-27T07:00:00Z,tribes_crow_Crow,Crow,NDVI,NA
2010-12-27T07:00:00Z,tribes_fort-peck_Fort Peck,Fort Peck,EVI,NA
2010-12-27T07:00:00Z,tribes_fort-peck_Fort Peck,Fort Peck,NDVI,NA
2010-12-27T07:00:00Z,tribes_fort-belknap_Fort Belknap,Fort Belknap,EVI,NA
2010-12-27T07:00:00Z,tribes_fort-belknap_Fort Belknap,Fort Belknap,NDVI,NA
2010-12-27T07:00:00Z,tribes_rocky-boys_Rocky Boy's,Rocky Boy's,EVI,NA
2010-12-27T07:00:00Z,tribes_rocky-boys_Rocky Boy's,Rocky Boy's,NDVI,NA
2010-12-27T07:00:00Z,tribes_blackfeet_Blackfeet,Blackfeet,EVI,NA
2010-12-27T07:00:00Z,tribes_blackfeet_Blackfeet,Blackfeet,NDVI,NA
2010-12-27T07:00:00Z,tribes_flathead_Flathead,Flathead,EVI,65.13636363636364
2010-12-27T07:00:00Z,tribes_flathead_Flathead,Flathead,NDVI,2402.6363636363635
2011-01-09T07:00:00Z,tribes_northern-cheyenne_Northern Cheyenne,Northern Cheyenne,EVI,NA
2011-01-09T07:00:00Z,tribes_northern-cheyenne_Northern Cheyenne,Northern Cheyenne,NDVI,NA
2011-01-09T07:00:00Z,tribes_crow_Crow,Crow,EVI,1129.1973716565121
2011-01-09T07:00:00Z,tribes_crow_Crow,Crow,NDVI,2174.5132919865578
2011-01-09T07:00:00Z,tribes_fort-peck_Fort Peck,Fort Peck,EVI,NA
2011-01-09T07:00:00Z,tribes_fort-peck_Fort Peck,Fort Peck,NDVI,NA
2011-01-09T07:00:00Z,tribes_fort-belknap_Fort Belknap,Fort Belknap,EVI,NA
2011-01-09T07:00:00Z,tribes_fort-belknap_Fort Belknap,Fort Belknap,NDVI,NA
2011-01-09T07:00:00Z,tribes_rocky-boys_Rocky Boy's,Rocky Boy's,EVI,NA
2011-01-09T07:00:00Z,tribes_rocky-boys_Rocky Boy's,Rocky Boy's,NDVI,NA
2011-01-09T07:00:00Z,tribes_blackfeet_Blackfeet,Blackfeet,EVI,1129.5888129054883
2011-01-09T07:00:00Z,tribes_blackfeet_Blackfeet,Blackfeet,NDVI,1807.7331229177626
2011-01-09T07:00:00Z,tribes_flathead_Flathead,Flathead,EVI,1638.359854095828
2011-01-09T07:00:00Z,tribes_flathead_Flathead,Flathead,NDVI,3221.321598989038
2011-01-25T07:00:00Z,tribes_northern-cheyenne_Northern Cheyenne,Northern Cheyenne,EVI,952.7872073578595
2011-01-25T07:00:00Z,tribes_northern-cheyenne_Northern Cheyenne,Northern Cheyenne,NDVI,2074.5491917502786
2011-01-25T07:00:00Z,tribes_crow_Crow,Crow,EVI,1064.913468968727
2011-01-25T07:00:00Z,tribes_crow_Crow,Crow,NDVI,2047.6678421189765
2011-01-25T07:00:00Z,tribes_fort-peck_Fort Peck,Fort Peck,EVI,NA
2011-01-25T07:00:00Z,tribes_fort-peck_Fort Peck,Fort Peck,NDVI,NA
2011-01-25T07:00:00Z,tribes_fort-belknap_Fort Belknap,Fort Belknap,EVI,NA
2011-01-25T07:00:00Z,tribes_fort-belknap_Fort Belknap,Fort Belknap,NDVI,NA
2011-01-25T07:00:00Z,tribes_rocky-boys_Rocky Boy's,Rocky Boy's,EVI,NA
2011-01-25T07:00:00Z,tribes_rocky-boys_Rocky Boy's,Rocky Boy's,NDVI,NA
2011-01-25T07:00:00Z,tribes_blackfeet_Blackfeet,Blackfeet,EVI,825.3775267538645
2011-01-25T07:00:00Z,tribes_blackfeet_Blackfeet,Blackfeet,NDVI,1660.9114149821642
2011-01-25T07:00:00Z,tribes_flathead_Flathead,Flathead,EVI,NA
2011-01-25T07:00:00Z,tribes_flathead_Flathead,Flathead,NDVI,NA
2011-02-10T07:00:00Z,tribes_northern-cheyenne_Northern Cheyenne,Northern Cheyenne,EVI,1115.4373834205423
2011-02-10T07:00:00Z,tribes_northern-cheyenne_Northern Cheyenne,Northern Cheyenne,NDVI,2242.926903549512
2011-02-10T07:00:00Z,tribes_crow_Crow,Crow,EVI,1150.9741841443558
2011-02-10T07:00:00Z,tribes_crow_Crow,Crow,NDVI,2058.488024103396
2011-02-10T07:00:00Z,tribes_fort-peck_Fort Peck,Fort Peck,EVI,NA
2011-02-10T07:00:00Z,tribes_fort-peck_Fort Peck,Fort Peck,NDVI,NA
2011-02-10T07:00:00Z,tribes_fort-belknap_Fort Belknap,Fort Belknap,EVI,867.6842391229058
2011-02-10T07:00:00Z,tribes_fort-belknap_Fort Belknap,Fort Belknap,NDVI,1689.2114697602394
2011-02-10T07:00:00Z,tribes_rocky-boys_Rocky Boy's,Rocky Boy's,EVI,NA
2011-02-10T07:00:00Z,tribes_rocky-boys_Rocky Boy's,Rocky Boy's,NDVI,NA
2011-02-10T07:00:00Z,tribes_blackfeet_Blackfeet,Blackfeet,EVI,1071.295772461141
2011-02-10T07:00:00Z,tribes_blackfeet_Blackfeet,Blackfeet,NDVI,1859.7552861246943
2011-02-10T07:00:00Z,tribes_flathead_Flathead,Flathead,EVI,1670.8207487643867
2011-02-10T07:00:00Z,tribes_flathead_Flathead,Flathead,NDVI,3127.964566706477
2011-02-26T07:00:00Z,tribes_northern-cheyenne_Northern Cheyenne,Northern Cheyenne,EVI,1256.5349033011585
2011-02-26T07:00:00Z,tribes_northern-cheyenne_Northern Cheyenne,Northern Cheyenne,NDVI,2227.247487338898
2011-02-26T07:00:00Z,tribes_crow_Crow,Crow,EVI,1152.3320372605444
2011-02-26T07:00:00Z,tribes_crow_Crow,Crow,NDVI,2089.8113727760224
2011-02-26T07:00:00Z,tribes_fort-peck_Fort Peck,Fort Peck,EVI,NA
2011-02-26T07:00:00Z,tribes_fort-peck_Fort Peck,Fort Peck,NDVI,NA
2011-02-26T07:00:00Z,tribes_fort-belknap_Fort Belknap,Fort Belknap,EVI,1198.5208857579912
2011-02-26T07:00:00Z,tribes_fort-belknap_Fort Belknap,Fort Belknap,NDVI,1984.9292944755837
2011-02-26T07:00:00Z,tribes_rocky-boys_Rocky Boy's,Rocky Boy's,EVI,NA
2011-02-26T07:00:00Z,tribes_rocky-boys_Rocky Boy's,Rocky Boy's,NDVI,NA
2011-02-26T07:00:00Z,tribes_blackfeet_Blackfeet,Blackfeet,EVI,916.6935458912828
2011-02-26T07:00:00Z,tribes_blackfeet_Blackfeet,Blackfeet,NDVI,1599.8746551270365
2011-02-26T07:00:00Z,tribes_flathead_Flathead,Flathead,EVI,1597.9868718866041
2011-02-26T07:00:00Z,tribes_flathead_Flathead,Flathead,NDVI,3070.342387276231
2011-03-14T06:00:00Z,tribes_northern-cheyenne_Northern Cheyenne,Northern Cheyenne,EVI,1415.4342015326731
2011-03-14T06:00:00Z,tribes_northern-cheyenne_Northern Cheyenne,Northern Cheyenne,NDVI,2570.1683637450046
2011-03-14T06:00:00Z,tribes_crow_Crow,Crow,EVI,1213.8028605691045
2011-03-14T06:00:00Z,tribes_crow_Crow,Crow,NDVI,2282.9040530659568
2011-03-14T06:00:00Z,tribes_fort-peck_Fort Peck,Fort Peck,EVI,NA
2011-03-14T06:00:00Z,tribes_fort-peck_Fort Peck,Fort Peck,NDVI,NA
2011-03-14T06:00:00Z,tribes_fort-belknap_Fort Belknap,Fort Belknap,EVI,1255.9096457435437
2011-03-14T06:00:00Z,tribes_fort-belknap_Fort Belknap,Fort Belknap,NDVI,2049.8919358475855
2011-03-14T06:00:00Z,tribes_rocky-boys_Rocky Boy's,Rocky Boy's,EVI,1080.5141076232321
2011-03-14T06:00:00Z,tribes_rocky-boys_Rocky Boy's,Rocky Boy's,NDVI,2119.6822919541205
2011-03-14T06:00:00Z,tribes_blackfeet_Blackfeet,Blackfeet,EVI,1065.3832123801196
2011-03-14T06:00:00Z,tribes_blackfeet_Blackfeet,Blackfeet,NDVI,1831.0311516846627
2011-03-14T06:00:00Z,tribes_flathead_Flathead,Flathead,EVI,1760.6654564315352
2011-03-14T06:00:00Z,tribes_flathead_Flathead,Flathead,NDVI,3235.348328133992
2011-03-30T06:00:00Z,tribes_northern-cheyenne_Northern Cheyenne,Northern Cheyenne,EVI,1565.5794852256445
2011-03-30T06:00:00Z,tribes_northern-cheyenne_Northern Cheyenne,Northern Cheyenne,NDVI,3329.650231316874
2011-03-30T06:00:00Z,tribes_crow_Crow,Crow,EVI,1460.9429875466203
2011-03-30T06:00:00Z,tribes_crow_Crow,Crow,NDVI,2861.870829692836
2011-03-30T06:00:00Z,tribes_fort-peck_Fort Peck,Fort Peck,EVI,892.1206057893232
2011-03-30T06:00:00Z,tribes_fort-peck_Fort Peck,Fort Peck,NDVI,1837.5420545008901
2011-03-30T06:00:00Z,tribes_fort-belknap_Fort Belknap,Fort Belknap,EVI,1345.9310199710753
2011-03-30T06:00:00Z,tribes_fort-belknap_Fort Belknap,Fort Belknap,NDVI,2251.263007227047
2011-03-30T06:00:00Z,tribes_rocky-boys_Rocky Boy's,Rocky Boy's,EVI,1271.0456459503946
2011-03-30T06:00:00Z,tribes_rocky-boys_Rocky Boy's,Rocky Boy's,NDVI,2401.0069079731356
2011-03-30T06:00:00Z,tribes_blackfeet_Blackfeet,Blackfeet,EVI,1145.2595108212984
2011-03-30T06:00:00Z,tribes_blackfeet_Blackfeet,Blackfeet,NDVI,2028.8695906659127
2011-03-30T06:00:00Z,tribes_flathead_Flathead,Flathead,EVI,2275.8840977095642
2011-03-30T06:00:00Z,tribes_flathead_Flathead,Flathead,NDVI,4114.08197384981
2011-04-15T06:00:00Z,tribes_northern-cheyenne_Northern Cheyenne,Northern Cheyenne,EVI,1748.8140992166448
2011-04-15T06:00:00Z,tribes_northern-cheyenne_Northern Cheyenne,Northern Cheyenne,NDVI,3401.404731314645
2011-04-15T06:00:00Z,tribes_crow_Crow,Crow,EVI,1796.1575567264144
2011-04-15T06:00:00Z,tribes_crow_Crow,Crow,NDVI,3140.329878467579
2011-04-15T06:00:00Z,tribes_fort-peck_Fort Peck,Fort Peck,EVI,1157.2310110250257
2011-04-15T06:00:00Z,tribes_fort-peck_Fort Peck,Fort Peck,NDVI,2176.1323556465136
2011-04-15T06:00:00Z,tribes_fort-belknap_Fort Belknap,Fort Belknap,EVI,1544.834158699854
2011-04-15T06:00:00Z,tribes_fort-belknap_Fort Belknap,Fort Belknap,NDVI,2606.309012179395
2011-04-15T06:00:00Z,tribes_rocky-boys_Rocky Boy's,Rocky Boy's,EVI,1799.2599208796664
2011-04-15T06:00:00Z,tribes_rocky-boys_Rocky Boy's,Rocky Boy's,NDVI,2754.7292734026837
2011-04-15T06:00:00Z,tribes_blackfeet_Blackfeet,Blackfeet,EVI,1246.531300283814
2011-04-15T06:00:00Z,tribes_blackfeet_Blackfeet,Blackfeet,NDVI,2142.1365818928307
2011-04-15T06:00:00Z,tribes_flathead_Flathead,Flathead,EVI,2546.2169144783165
2011-04-15T06:00:00Z,tribes_flathead_Flathead,Flathead,NDVI,4585.123956075641
2011-05-01T06:00:00Z,tribes_northern-cheyenne_Northern Cheyenne,Northern Cheyenne,EVI,2291.7801111344006
2011-05-01T06:00:00Z,tribes_northern-cheyenne_Northern Cheyenne,Northern Cheyenne,NDVI,4488.803598937691
2011-05-01T06:00:00Z,tribes_crow_Crow,Crow,EVI,2398.426334158541
2011-05-01T06:00:00Z,tribes_crow_Crow,Crow,NDVI,4415.717890316076
2011-05-01T06:00:00Z,tribes_fort-peck_Fort Peck,Fort Peck,EVI,1661.0654202395456
2011-05-01T06:00:00Z,tribes_fort-peck_Fort Peck,Fort Peck,NDVI,3068.2767139251287
2011-05-01T06:00:00Z,tribes_fort-belknap_Fort Belknap,Fort Belknap,EVI,2113.90809466388
2011-05-01T06:00:00Z,tribes_fort-belknap_Fort Belknap,Fort Belknap,NDVI,3723.103332953535
2011-05-01T06:00:00Z,tribes_rocky-boys_Rocky Boy's,Rocky Boy's,EVI,2056.264454679002
2011-05-01T06:00:00Z,tribes_rocky-boys_Rocky Boy's,Rocky Boy's,NDVI,3782.5042374345444
2011-05-01T06:00:00Z,tribes_blackfeet_Blackfeet,Blackfeet,EVI,1763.1510645275832
2011-05-01T06:00:00Z,tribes_blackfeet_Blackfeet,Blackfeet,NDVI,2895.7202793510787
2011-05-01T06:00:00Z,tribes_flathead_Flathead,Flathead,EVI,3006.595468010599
2011-05-01T06:00:00Z,tribes_flathead_Flathead,Flathead,NDVI,5198.206581056756
2011-05-17T06:00:00Z,tribes_northern-cheyenne_Northern Cheyenne,Northern Cheyenne,EVI,3091.029863933206
2011-05-17T06:00:00Z,tribes_northern-cheyenne_Northern Cheyenne,Northern Cheyenne,NDVI,5076.3016816358095
2011-05-17T06:00:00Z,tribes_crow_Crow,Crow,EVI,3029.3793009518313
2011-05-17T06:00:00Z,tribes_crow_Crow,Crow,NDVI,4899.189642372898
2011-05-17T06:00:00Z,tribes_fort-peck_Fort Peck,Fort Peck,EVI,2134.1455578125006
2011-05-17T06:00:00Z,tribes_fort-peck_Fort Peck,Fort Peck,NDVI,3494.629304192494
2011-05-17T06:00:00Z,tribes_fort-belknap_Fort Belknap,Fort Belknap,EVI,2784.152998797772
2011-05-17T06:00:00Z,tribes_fort-belknap_Fort Belknap,Fort Belknap,NDVI,5013.661689517825
2011-05-17T06:00:00Z,tribes_rocky-boys_Rocky Boy's,Rocky Boy's,EVI,2773.850087727866
2011-05-17T06:00:00Z,tribes_rocky-boys_Rocky Boy's,Rocky Boy's,NDVI,5115.535563365064
2011-05-17T06:00:00Z,tribes_blackfeet_Blackfeet,Blackfeet,EVI,2365.0465890445716
2011-05-17T06:00:00Z,tribes_blackfeet_Blackfeet,Blackfeet,NDVI,3423.637791592254
2011-05-17T06:00:00Z,tribes_flathead_Flathead,Flathead,EVI,3394.8765012973313
2011-05-17T06:00:00Z,tribes_flathead_Flathead,Flathead,NDVI,5654.567218410563
2011-06-02T06:00:00Z,tribes_northern-cheyenne_Northern Cheyenne,Northern Cheyenne,EVI,3804.0594915320885
2011-06-02T06:00:00Z,tribes_northern-cheyenne_Northern Cheyenne,Northern Cheyenne,NDVI,6041.479308031696
2011-06-02T06:00:00Z,tribes_crow_Crow,Crow,EVI,3633.2104931172757
2011-06-02T06:00:00Z,tribes_crow_Crow,Crow,NDVI,5722.2844302607255
2011-06-02T06:00:00Z,tribes_fort-peck_Fort Peck,Fort Peck,EVI,2430.682279238069
2011-06-02T06:00:00Z,tribes_fort-peck_Fort Peck,Fort Peck,NDVI,4175.438455832744
2011-06-02T06:00:00Z,tribes_fort-belknap_Fort Belknap,Fort Belknap,EVI,3113.046830105736
2011-06-02T06:00:00Z,tribes_fort-belknap_Fort Belknap,Fort Belknap,NDVI,5368.268625245959
2011-06-02T06:00:00Z,tribes_rocky-boys_Rocky Boy's,Rocky Boy's,EVI,3610.125024512903
2011-06-02T06:00:00Z,tribes_rocky-boys_Rocky Boy's,Rocky Boy's,NDVI,6099.696588259881
2011-06-02T06:00:00Z,tribes_blackfeet_Blackfeet,Blackfeet,EVI,2780.8142340013032
2011-06-02T06:00:00Z,tribes_blackfeet_Blackfeet,Blackfeet,NDVI,4836.714290481548
2011-06-02T06:00:00Z,tribes_flathead_Flathead,Flathead,EVI,3777.3403004706743
2011-06-02T06:00:00Z,tribes_flathead_Flathead,Flathead,NDVI,6010.817655539101
2011-06-18T06:00:00Z,tribes_northern-cheyenne_Northern Cheyenne,Northern Cheyenne,EVI,3703.3993513004325
2011-06-18T06:00:00Z,tribes_northern-cheyenne_Northern Cheyenne,Northern Cheyenne,NDVI,6247.747155445698
2011-06-18T06:00:00Z,tribes_crow_Crow,Crow,EVI,3944.922640209163
2011-06-18T06:00:00Z,tribes_crow_Crow,Crow,NDVI,6393.8567927459935
2011-06-18T06:00:00Z,tribes_fort-peck_Fort Peck,Fort Peck,EVI,3445.901545155985
2011-06-18T06:00:00Z,tribes_fort-peck_Fort Peck,Fort Peck,NDVI,5458.085254674939
2011-06-18T06:00:00Z,tribes_fort-belknap_Fort Belknap,Fort Belknap,EVI,3596.8580245002804
2011-06-18T06:00:00Z,tribes_fort-belknap_Fort Belknap,Fort Belknap,NDVI,5819.339980103635
2011-06-18T06:00:00Z,tribes_rocky-boys_Rocky Boy's,Rocky Boy's,EVI,4792.96245004794
2011-06-18T06:00:00Z,tribes_rocky-boys_Rocky Boy's,Rocky Boy's,NDVI,6900.920849522132
2011-06-18T06:00:00Z,tribes_blackfeet_Blackfeet,Blackfeet,EVI,3639.2908805922666
2011-06-18T06:00:00Z,tribes_blackfeet_Blackfeet,Blackfeet,NDVI,5614.424428931359
2011-06-18T06:00:00Z,tribes_flathead_Flathead,Flathead,EVI,3771.392131604566
2011-06-18T06:00:00Z,tribes_flathead_Flathead,Flathead,NDVI,6247.000734069732
2011-07-04T06:00:00Z,tribes_northern-cheyenne_Northern Cheyenne,Northern Cheyenne,EVI,3701.7709055532
2011-07-04T06:00:00Z,tribes_northern-cheyenne_Northern Cheyenne,Northern Cheyenne,NDVI,6215.662068876022
2011-07-04T06:00:00Z,tribes_crow_Crow,Crow,EVI,3619.1551046171576
2011-07-04T06:00:00Z,tribes_crow_Crow,Crow,NDVI,5730.177070684231
2011-07-04T06:00:00Z,tribes_fort-peck_Fort Peck,Fort Peck,EVI,3635.66379333197
2011-07-04T06:00:00Z,tribes_fort-peck_Fort Peck,Fort Peck,NDVI,5759.941034273121
2011-07-04T06:00:00Z,tribes_fort-belknap_Fort Belknap,Fort Belknap,EVI,3274.148205805525
2011-07-04T06:00:00Z,tribes_fort-belknap_Fort Belknap,Fort Belknap,NDVI,5302.690250155826
2011-07-04T06:00:00Z,tribes_rocky-boys_Rocky Boy's,Rocky Boy's,EVI,4425.670732350626
2011-07-04T06:00:00Z,tribes_rocky-boys_Rocky Boy's,Rocky Boy's,NDVI,6655.31515491994
2011-07-04T06:00:00Z,tribes_blackfeet_Blackfeet,Blackfeet,EVI,3810.187959304121
2011-07-04T06:00:00Z,tribes_blackfeet_Blackfeet,Blackfeet,NDVI,5705.453613168792
2011-07-04T06:00:00Z,tribes_flathead_Flathead,Flathead,EVI,3622.8661807668173
2011-07-04T06:00:00Z,tribes_flathead_Flathead,Flathead,NDVI,6099.162072392379
2011-07-20T06:00:00Z,tribes_northern-cheyenne_Northern Cheyenne,Northern Cheyenne,EVI,3308.7823370316182
2011-07-20T06:00:00Z,tribes_northern-cheyenne_Northern Cheyenne,Northern Cheyenne,NDVI,5435.810910757504
2011-07-20T06:00:00Z,tribes_crow_Crow,Crow,EVI,3065.055584699979
2011-07-20T06:00:00Z,tribes_crow_Crow,Crow,NDVI,4887.330594966372
2011-07-20T06:00:00Z,tribes_fort-peck_Fort Peck,Fort Peck,EVI,3504.397415663097
2011-07-20T06:00:00Z,tribes_fort-peck_Fort Peck,Fort Peck,NDVI,5519.128272749664
2011-07-20T06:00:00Z,tribes_fort-belknap_Fort Belknap,Fort Belknap,EVI,3094.7210875047585
2011-07-20T06:00:00Z,tribes_fort-belknap_Fort Belknap,Fort Belknap,NDVI,5078.654509184368
2011-07-20T06:00:00Z,tribes_rocky-boys_Rocky Boy's,Rocky Boy's,EVI,4112.398409637824
2011-07-20T06:00:00Z,tribes_rocky-boys_Rocky Boy's,Rocky Boy's,NDVI,6395.356921540544
2011-07-20T06:00:00Z,tribes_blackfeet_Blackfeet,Blackfeet,EVI,3621.0133392551234
2011-07-20T06:00:00Z,tribes_blackfeet_Blackfeet,Blackfeet,NDVI,5443.063188784185
2011-07-20T06:00:00Z,tribes_flathead_Flathead,Flathead,EVI,3303.686334661982
2011-07-20T06:00:00Z,tribes_flathead_Flathead,Flathead,NDVI,5846.76320401376
2011-08-05T06:00:00Z,tribes_northern-cheyenne_Northern Cheyenne,Northern Cheyenne,EVI,2926.929672438945
2011-08-05T06:00:00Z,tribes_northern-cheyenne_Northern Cheyenne,Northern Cheyenne,NDVI,5145.545753727145
2011-08-05T06:00:00Z,tribes_crow_Crow,Crow,EVI,2666.2259817223285
2011-08-05T06:00:00Z,tribes_crow_Crow,Crow,NDVI,4390.753214978877
2011-08-05T06:00:00Z,tribes_fort-peck_Fort Peck,Fort Peck,EVI,2796.9300507778653
2011-08-05T06:00:00Z,tribes_fort-peck_Fort Peck,Fort Peck,NDVI,4601.99621752407
2011-08-05T06:00:00Z,tribes_fort-belknap_Fort Belknap,Fort Belknap,EVI,2631.5945558225676
2011-08-05T06:00:00Z,tribes_fort-belknap_Fort Belknap,Fort Belknap,NDVI,4452.41777607685
2011-08-05T06:00:00Z,tribes_rocky-boys_Rocky Boy's,Rocky Boy's,EVI,3670.891215862173
2011-08-05T06:00:00Z,tribes_rocky-boys_Rocky Boy's,Rocky Boy's,NDVI,5779.140267340333
2011-08-05T06:00:00Z,tribes_blackfeet_Blackfeet,Blackfeet,EVI,3107.885181168101
2011-08-05T06:00:00Z,tribes_blackfeet_Blackfeet,Blackfeet,NDVI,5050.697263048552
2011-08-05T06:00:00Z,tribes_flathead_Flathead,Flathead,EVI,3010.140886938592
2011-08-05T06:00:00Z,tribes_flathead_Flathead,Flathead,NDVI,5549.31838376008
2011-08-21T06:00:00Z,tribes_northern-cheyenne_Northern Cheyenne,Northern Cheyenne,EVI,2583.202696004231
2011-08-21T06:00:00Z,tribes_northern-cheyenne_Northern Cheyenne,Northern Cheyenne,NDVI,4647.0690869978625
2011-08-21T06:00:00Z,tribes_crow_Crow,Crow,EVI,2348.9944519863643
2011-08-21T06:00:00Z,tribes_crow_Crow,Crow,NDVI,3978.653826035503
2011-08-21T06:00:00Z,tribes_fort-peck_Fort Peck,Fort Peck,EVI,2258.442895116043
2011-08-21T06:00:00Z,tribes_fort-peck_Fort Peck,Fort Peck,NDVI,3932.4284050938054
2011-08-21T06:00:00Z,tribes_fort-belknap_Fort Belknap,Fort Belknap,EVI,2322.3588678764177
2011-08-21T06:00:00Z,tribes_fort-belknap_Fort Belknap,Fort Belknap,NDVI,4026.86773144923
2011-08-21T06:00:00Z,tribes_rocky-boys_Rocky Boy's,Rocky Boy's,EVI,3167.520275954026
2011-08-21T06:00:00Z,tribes_rocky-boys_Rocky Boy's,Rocky Boy's,NDVI,5009.873745401307
2011-08-21T06:00:00Z,tribes_blackfeet_Blackfeet,Blackfeet,EVI,2604.8017140669253
2011-08-21T06:00:00Z,tribes_blackfeet_Blackfeet,Blackfeet,NDVI,4242.9087359585
2011-08-21T06:00:00Z,tribes_flathead_Flathead,Flathead,EVI,2757.4453409370535
2011-08-21T06:00:00Z,tribes_flathead_Flathead,Flathead,NDVI,5250.180131464703
2011-09-06T06:00:00Z,tribes_northern-cheyenne_Northern Cheyenne,Northern Cheyenne,EVI,2330.832974879983
2011-09-06T06:00:00Z,tribes_northern-cheyenne_Northern Cheyenne,Northern Cheyenne,NDVI,4306.131054571336
2011-09-06T06:00:00Z,tribes_crow_Crow,Crow,EVI,2162.4664440192273
2011-09-06T06:00:00Z,tribes_crow_Crow,Crow,NDVI,3650.144019949636
2011-09-06T06:00:00Z,tribes_fort-peck_Fort Peck,Fort Peck,EVI,2014.374799806525
2011-09-06T06:00:00Z,tribes_fort-peck_Fort Peck,Fort Peck,NDVI,3328.7546301718844
2011-09-06T06:00:00Z,tribes_fort-belknap_Fort Belknap,Fort Belknap,EVI,2119.8699465828618
2011-09-06T06:00:00Z,tribes_fort-belknap_Fort Belknap,Fort Belknap,NDVI,3627.0821078339727
2011-09-06T06:00:00Z,tribes_rocky-boys_Rocky Boy's,Rocky Boy's,EVI,2687.7086100272045
2011-09-06T06:00:00Z,tribes_rocky-boys_Rocky Boy's,Rocky Boy's,NDVI,4602.687240379911
2011-09-06T06:00:00Z,tribes_blackfeet_Blackfeet,Blackfeet,EVI,2318.02671554898
2011-09-06T06:00:00Z,tribes_blackfeet_Blackfeet,Blackfeet,NDVI,3882.1793650231066
2011-09-06T06:00:00Z,tribes_flathead_Flathead,Flathead,EVI,2480.7284243565805
2011-09-06T06:00:00Z,tribes_flathead_Flathead,Flathead,NDVI,5122.543719715339
2011-09-22T06:00:00Z,tribes_northern-cheyenne_Northern Cheyenne,Northern Cheyenne,EVI,2143.9943006555523
2011-09-22T06:00:00Z,tribes_northern-cheyenne_Northern Cheyenne,Northern Cheyenne,NDVI,3971.659163563107
2011-09-22T06:00:00Z,tribes_crow_Crow,Crow,EVI,1937.0722099890859
2011-09-22T06:00:00Z,tribes_crow_Crow,Crow,NDVI,3387.2419493634693
2011-09-22T06:00:00Z,tribes_fort-peck_Fort Peck,Fort Peck,EVI,1691.919941538992
2011-09-22T06:00:00Z,tribes_fort-peck_Fort Peck,Fort Peck,NDVI,2847.1329010380045
2011-09-22T06:00:00Z,tribes_fort-belknap_Fort Belknap,Fort Belknap,EVI,1869.0070107539468
2011-09-22T06:00:00Z,tribes_fort-belknap_Fort Belknap,Fort Belknap,NDVI,3182.610182433602
2011-09-22T06:00:00Z,tribes_rocky-boys_Rocky Boy's,Rocky Boy's,EVI,2473.7395268795276
2011-09-22T06:00:00Z,tribes_rocky-boys_Rocky Boy's,Rocky Boy's,NDVI,4093.3740875359454
2011-09-22T06:00:00Z,tribes_blackfeet_Blackfeet,Blackfeet,EVI,2176.0593127213174
2011-09-22T06:00:00Z,tribes_blackfeet_Blackfeet,Blackfeet,NDVI,3506.9687359879786
2011-09-22T06:00:00Z,tribes_flathead_Flathead,Flathead,EVI,2431.3801158045494
2011-09-22T06:00:00Z,tribes_flathead_Flathead,Flathead,NDVI,4992.248475946775
2011-10-08T06:00:00Z,tribes_northern-cheyenne_Northern Cheyenne,Northern Cheyenne,EVI,1964.8478410698842
2011-10-08T06:00:00Z,tribes_northern-cheyenne_Northern Cheyenne,Northern Cheyenne,NDVI,3918.0142900455194
2011-10-08T06:00:00Z,tribes_crow_Crow,Crow,EVI,1776.3685715538784
2011-10-08T06:00:00Z,tribes_crow_Crow,Crow,NDVI,3320.539981273832
2011-10-08T06:00:00Z,tribes_fort-peck_Fort Peck,Fort Peck,EVI,1565.5198364913226
2011-10-08T06:00:00Z,tribes_fort-peck_Fort Peck,Fort Peck,NDVI,2662.3286664540065
2011-10-08T06:00:00Z,tribes_fort-belknap_Fort Belknap,Fort Belknap,EVI,1762.0182102848023
2011-10-08T06:00:00Z,tribes_fort-belknap_Fort Belknap,Fort Belknap,NDVI,3141.0322862889443
2011-10-08T06:00:00Z,tribes_rocky-boys_Rocky Boy's,Rocky Boy's,EVI,2162.3407545037035
2011-10-08T06:00:00Z,tribes_rocky-boys_Rocky Boy's,Rocky Boy's,NDVI,4013.9455858725123
2011-10-08T06:00:00Z,tribes_blackfeet_Blackfeet,Blackfeet,EVI,1757.3961504809197
2011-10-08T06:00:00Z,tribes_blackfeet_Blackfeet,Blackfeet,NDVI,3158.8155429354097
2011-10-08T06:00:00Z,tribes_flathead_Flathead,Flathead,EVI,2382.286142219632
2011-10-08T06:00:00Z,tribes_flathead_Flathead,Flathead,NDVI,5211.22630513817
2011-10-24T06:00:00Z,tribes_northern-cheyenne_Northern Cheyenne,Northern Cheyenne,EVI,2158.7059579077595
2011-10-24T06:00:00Z,tribes_northern-cheyenne_Northern Cheyenne,Northern Cheyenne,NDVI,3776.8571372458346
2011-10-24T06:00:00Z,tribes_crow_Crow,Crow,EVI,1854.0278363757739
2011-10-24T06:00:00Z,tribes_crow_Crow,Crow,NDVI,3116.0458562456706
2011-10-24T06:00:00Z,tribes_fort-peck_Fort Peck,Fort Peck,EVI,1480.5671033021938
2011-10-24T06:00:00Z,tribes_fort-peck_Fort Peck,Fort Peck,NDVI,2532.1472372234625
2011-10-24T06:00:00Z,tribes_fort-belknap_Fort Belknap,Fort Belknap,EVI,1647.5722813194693
2011-10-24T06:00:00Z,tribes_fort-belknap_Fort Belknap,Fort Belknap,NDVI,2752.0928365557743
2011-10-24T06:00:00Z,tribes_rocky-boys_Rocky Boy's,Rocky Boy's,EVI,1937.2993553748893
2011-10-24T06:00:00Z,tribes_rocky-boys_Rocky Boy's,Rocky Boy's,NDVI,3404.4418554696094
2011-10-24T06:00:00Z,tribes_blackfeet_Blackfeet,Blackfeet,EVI,1564.9182762993905
2011-10-24T06:00:00Z,tribes_blackfeet_Blackfeet,Blackfeet,NDVI,2685.0750849476567
2011-10-24T06:00:00Z,tribes_flathead_Flathead,Flathead,EVI,2419.3203957364153
2011-10-24T06:00:00Z,tribes_flathead_Flathead,Flathead,NDVI,4754.995156574171
2011-11-09T07:00:00Z,tribes_northern-cheyenne_Northern Cheyenne,Northern Cheyenne,EVI,1921.2379018438648
2011-11-09T07:00:00Z,tribes_northern-cheyenne_Northern Cheyenne,Northern Cheyenne,NDVI,3632.4529783154535
2011-11-09T07:00:00Z,tribes_crow_Crow,Crow,EVI,1589.741708002725
2011-11-09T07:00:00Z,tribes_crow_Crow,Crow,NDVI,2732.1698097754693
2011-11-09T07:00:00Z,tribes_fort-peck_Fort Peck,Fort Peck,EVI,1331.667353470061
2011-11-09T07:00:00Z,tribes_fort-peck_Fort Peck,Fort Peck,NDVI,2415.7487063481008
2011-11-09T07:00:00Z,tribes_fort-belknap_Fort Belknap,Fort Belknap,EVI,1468.361101386327
2011-11-09T07:00:00Z,tribes_fort-belknap_Fort Belknap,Fort Belknap,NDVI,2226.25330426688
2011-11-09T07:00:00Z,tribes_rocky-boys_Rocky Boy's,Rocky Boy's,EVI,1684.112569118326
2011-11-09T07:00:00Z,tribes_rocky-boys_Rocky Boy's,Rocky Boy's,NDVI,2667.7412157699646
2011-11-09T07:00:00Z,tribes_blackfeet_Blackfeet,Blackfeet,EVI,1459.4138503713727
2011-11-09T07:00:00Z,tribes_blackfeet_Blackfeet,Blackfeet,NDVI,2189.658366490907
2011-11-09T07:00:00Z,tribes_flathead_Flathead,Flathead,EVI,2020.8008181598216
2011-11-09T07:00:00Z,tribes_flathead_Flathead,Flathead,NDVI,4165.232166450777
2011-11-25T07:00:00Z,tribes_northern-cheyenne_Northern Cheyenne,Northern Cheyenne,EVI,1616.188349038327
2011-11-25T07:00:00Z,tribes_northern-cheyenne_Northern Cheyenne,Northern Cheyenne,NDVI,3013.7656184245375
2011-11-25T07:00:00Z,tribes_crow_Crow,Crow,EVI,1434.1778245101702
2011-11-25T07:00:00Z,tribes_crow_Crow,Crow,NDVI,2603.7151546546306
2011-11-25T07:00:00Z,tribes_fort-peck_Fort Peck,Fort Peck,EVI,1331.0514106663666
2011-11-25T07:00:00Z,tribes_fort-peck_Fort Peck,Fort Peck,NDVI,2216.4903492510734
2011-11-25T07:00:00Z,tribes_fort-belknap_Fort Belknap,Fort Belknap,EVI,1352.853463184277
2011-11-25T07:00:00Z,tribes_fort-belknap_Fort Belknap,Fort Belknap,NDVI,2265.5362154092622
2011-11-25T07:00:00Z,tribes_rocky-boys_Rocky Boy's,Rocky Boy's,EVI,1232.8530854069838
2011-11-25T07:00:00Z,tribes_rocky-boys_Rocky Boy's,Rocky Boy's,NDVI,2086.9737216565986
2011-11-25T07:00:00Z,tribes_blackfeet_Blackfeet,Blackfeet,EVI,1223.7024716664914
2011-11-25T07:00:00Z,tribes_blackfeet_Blackfeet,Blackfeet,NDVI,1837.8715798778303
2011-11-25T07:00:00Z,tribes_flathead_Flathead,Flathead,EVI,1857.2423200875448
2011-11-25T07:00:00Z,tribes_flathead_Flathead,Flathead,NDVI,3691.7303970639846
2011-12-11T07:00:00Z,tribes_northern-cheyenne_Northern Cheyenne,Northern Cheyenne,EVI,1592.7114834649954
2011-12-11T07:00:00Z,tribes_northern-cheyenne_Northern Cheyenne,Northern Cheyenne,NDVI,2835.6976798234123
2011-12-11T07:00:00Z,tribes_crow_Crow,Crow,EVI,1271.905077971255
2011-12-11T07:00:00Z,tribes_crow_Crow,Crow,NDVI,2155.1736185086693
2011-12-11T07:00:00Z,tribes_fort-peck_Fort Peck,Fort Peck,EVI,1495.7975172615336
2011-12-11T07:00:00Z,tribes_fort-peck_Fort Peck,Fort Peck,NDVI,2110.564503873939
2011-12-11T07:00:00Z,tribes_fort-belknap_Fort Belknap,Fort Belknap,EVI,1363.5138574474547
2011-12-11T07:00:00Z,tribes_fort-belknap_Fort Belknap,Fort Belknap,NDVI,2185.6263789894583
2011-12-11T07:00:00Z,tribes_rocky-boys_Rocky Boy's,Rocky Boy's,EVI,1355.0012632299224
2011-12-11T07:00:00Z,tribes_rocky-boys_Rocky Boy's,Rocky Boy's,NDVI,2151.2431031756646
2011-12-11T07:00:00Z,tribes_blackfeet_Blackfeet,Blackfeet,EVI,1219.5295089163553
2011-12-11T07:00:00Z,tribes_blackfeet_Blackfeet,Blackfeet,NDVI,1882.3654031771339
2011-12-11T07:00:00Z,tribes_flathead_Flathead,Flathead,EVI,1802.8697349995862
2011-12-11T07:00:00Z,tribes_flathead_Flathead,Flathead,NDVI,3656.7116255403657
2011-12-27T07:00:00Z,tribes_northern-cheyenne_Northern Cheyenne,Northern Cheyenne,EVI,1639.8594619650507
2011-12-27T07:00:00Z,tribes_northern-cheyenne_Northern Cheyenne,Northern Cheyenne,NDVI,3357.0270754531925
2011-12-27T07:00:00Z,tribes_crow_Crow,Crow,EVI,1319.8667511822446
2011-12-27T07:00:00Z,tribes_crow_Crow,Crow,NDVI,2426.822254132838
2011-12-27T07:00:00Z,tribes_fort-peck_Fort Peck,Fort Peck,EVI,1156.0935239851808
2011-12-27T07:00:00Z,tribes_fort-peck_Fort Peck,Fort Peck,NDVI,2079.144201883806
2011-12-27T07:00:00Z,tribes_fort-belknap_Fort Belknap,Fort Belknap,EVI,1260.5030046452707
2011-12-27T07:00:00Z,tribes_fort-belknap_Fort Belknap,Fort Belknap,NDVI,2221.5878248102485
2011-12-27T07:00:00Z,tribes_rocky-boys_Rocky Boy's,Rocky Boy's,EVI,1446.0948103375115
2011-12-27T07:00:00Z,tribes_rocky-boys_Rocky Boy's,Rocky Boy's,NDVI,2486.5338788387166
2011-12-27T07:00:00Z,tribes_blackfeet_Blackfeet,Blackfeet,EVI,1386.145844182881
2011-12-27T07:00:00Z,tribes_blackfeet_Blackfeet,Blackfeet,NDVI,2071.204148317301
2011-12-27T07:00:00Z,tribes_flathead_Flathead,Flathead,EVI,1687.837054817167
2011-12-27T07:00:00Z,tribes_flathead_Flathead,Flathead,NDVI,3428.9601377487434
2012-01-09T07:00:00Z,tribes_northern-cheyenne_Northern Cheyenne,Northern Cheyenne,EVI,1835.5318865818556
2012-01-09T07:00:00Z,tribes_northern-cheyenne_Northern Cheyenne,Northern Cheyenne,NDVI,3380.9618880706917
2012-01-09T07:00:00Z,tribes_crow_Crow,Crow,EVI,1544.0420584465728
2012-01-09T07:00:00Z,tribes_crow_Crow,Crow,NDVI,2396.9507570571986
2012-01-09T07:00:00Z,tribes_fort-peck_Fort Peck,Fort Peck,EVI,1437.9530622361572
2012-01-09T07:00:00Z,tribes_fort-peck_Fort Peck,Fort Peck,NDVI,2035.83280709505
2012-01-09T07:00:00Z,tribes_fort-belknap_Fort Belknap,Fort Belknap,EVI,1267.2180850836758
2012-01-09T07:00:00Z,tribes_fort-belknap_Fort Belknap,Fort Belknap,NDVI,2112.393482856517
2012-01-09T07:00:00Z,tribes_rocky-boys_Rocky Boy's,Rocky Boy's,EVI,1426.9876651867157
2012-01-09T07:00:00Z,tribes_rocky-boys_Rocky Boy's,Rocky Boy's,NDVI,1953.2210814539706
2012-01-09T07:00:00Z,tribes_blackfeet_Blackfeet,Blackfeet,EVI,1681.1017108197534
2012-01-09T07:00:00Z,tribes_blackfeet_Blackfeet,Blackfeet,NDVI,2705.3735840311856
2012-01-09T07:00:00Z,tribes_flathead_Flathead,Flathead,EVI,1591.0097844962
2012-01-09T07:00:00Z,tribes_flathead_Flathead,Flathead,NDVI,3221.0922247901026
2012-01-25T07:00:00Z,tribes_northern-cheyenne_Northern Cheyenne,Northern Cheyenne,EVI,1508.9712179810742
2012-01-25T07:00:00Z,tribes_northern-cheyenne_Northern Cheyenne,Northern Cheyenne,NDVI,2727.448006368732
2012-01-25T07:00:00Z,tribes_crow_Crow,Crow,EVI,1271.6773482827466
2012-01-25T07:00:00Z,tribes_crow_Crow,Crow,NDVI,2217.47372060737
2012-01-25T07:00:00Z,tribes_fort-peck_Fort Peck,Fort Peck,EVI,1223.0151185928714
2012-01-25T07:00:00Z,tribes_fort-peck_Fort Peck,Fort Peck,NDVI,2055.7966148118544
2012-01-25T07:00:00Z,tribes_fort-belknap_Fort Belknap,Fort Belknap,EVI,1320.0104023021208
2012-01-25T07:00:00Z,tribes_fort-belknap_Fort Belknap,Fort Belknap,NDVI,2103.2481064010813
2012-01-25T07:00:00Z,tribes_rocky-boys_Rocky Boy's,Rocky Boy's,EVI,1316.301005942332
2012-01-25T07:00:00Z,tribes_rocky-boys_Rocky Boy's,Rocky Boy's,NDVI,2212.9225915038733
2012-01-25T07:00:00Z,tribes_blackfeet_Blackfeet,Blackfeet,EVI,1174.2498718445681
2012-01-25T07:00:00Z,tribes_blackfeet_Blackfeet,Blackfeet,NDVI,1811.7075099301103
2012-01-25T07:00:00Z,tribes_flathead_Flathead,Flathead,EVI,1495.0974638312812
2012-01-25T07:00:00Z,tribes_flathead_Flathead,Flathead,NDVI,3334.081822315797
2012-02-10T07:00:00Z,tribes_northern-cheyenne_Northern Cheyenne,Northern Cheyenne,EVI,1352.3682506356492
2012-02-10T07:00:00Z,tribes_northern-cheyenne_Northern Cheyenne,Northern Cheyenne,NDVI,2579.2878742462976
2012-02-10T07:00:00Z,tribes_crow_Crow,Crow,EVI,1234.1216764978635
2012-02-10T07:00:00Z,tribes_crow_Crow,Crow,NDVI,2135.8219182648727
2012-02-10T07:00:00Z,tribes_fort-peck_Fort Peck,Fort Peck,EVI,1173.5624129274497
2012-02-10T07:00:00Z,tribes_fort-peck_Fort Peck,Fort Peck,NDVI,2065.7380372733123
2012-02-10T07:00:00Z,tribes_fort-belknap_Fort Belknap,Fort Belknap,EVI,1316.946354221497
2012-02-10T07:00:00Z,tribes_fort-belknap_Fort Belknap,Fort Belknap,NDVI,2036.537176644432
2012-02-10T07:00:00Z,tribes_rocky-boys_Rocky Boy's,Rocky Boy's,EVI,1395.9575044055912
2012-02-10T07:00:00Z,tribes_rocky-boys_Rocky Boy's,Rocky Boy's,NDVI,1992.531484287933
2012-02-10T07:00:00Z,tribes_blackfeet_Blackfeet,Blackfeet,EVI,1197.912400669901
2012-02-10T07:00:00Z,tribes_blackfeet_Blackfeet,Blackfeet,NDVI,1785.1721030819026
2012-02-10T07:00:00Z,tribes_flathead_Flathead,Flathead,EVI,1193.8998968008257
2012-02-10T07:00:00Z,tribes_flathead_Flathead,Flathead,NDVI,2310.235294117647
2012-02-26T07:00:00Z,tribes_northern-cheyenne_Northern Cheyenne,Northern Cheyenne,EVI,1435.4288690068788
2012-02-26T07:00:00Z,tribes_northern-cheyenne_Northern Cheyenne,Northern Cheyenne,NDVI,2846.037060893616
2012-02-26T07:00:00Z,tribes_crow_Crow,Crow,EVI,1244.049371050662
2012-02-26T07:00:00Z,tribes_crow_Crow,Crow,NDVI,2274.1027474154725
2012-02-26T07:00:00Z,tribes_fort-peck_Fort Peck,Fort Peck,EVI,1108.8635206969432
2012-02-26T07:00:00Z,tribes_fort-peck_Fort Peck,Fort Peck,NDVI,1996.8817186584179
2012-02-26T07:00:00Z,tribes_fort-belknap_Fort Belknap,Fort Belknap,EVI,1270.8134968405882
2012-02-26T07:00:00Z,tribes_fort-belknap_Fort Belknap,Fort Belknap,NDVI,2137.022756329648
2012-02-26T07:00:00Z,tribes_rocky-boys_Rocky Boy's,Rocky Boy's,EVI,1284.4555105049
2012-02-26T07:00:00Z,tribes_rocky-boys_Rocky Boy's,Rocky Boy's,NDVI,2007.3609554394045
2012-02-26T07:00:00Z,tribes_blackfeet_Blackfeet,Blackfeet,EVI,1176.3989196780149
2012-02-26T07:00:00Z,tribes_blackfeet_Blackfeet,Blackfeet,NDVI,1846.3736486138648
2012-02-26T07:00:00Z,tribes_flathead_Flathead,Flathead,EVI,1446.4974136993094
2012-02-26T07:00:00Z,tribes_flathead_Flathead,Flathead,NDVI,2804.0389509811785
2012-03-13T06:00:00Z,tribes_northern-cheyenne_Northern Cheyenne,Northern Cheyenne,EVI,1722.1985526731773
2012-03-13T06:00:00Z,tribes_northern-cheyenne_Northern Cheyenne,Northern Cheyenne,NDVI,3085.509755359669
2012-03-13T06:00:00Z,tribes_crow_Crow,Crow,EVI,1593.4042359936798
2012-03-13T06:00:00Z,tribes_crow_Crow,Crow,NDVI,2682.8637831283745
2012-03-13T06:00:00Z,tribes_fort-peck_Fort Peck,Fort Peck,EVI,1237.8823634910036
2012-03-13T06:00:00Z,tribes_fort-peck_Fort Peck,Fort Peck,NDVI,2016.1752950557025
2012-03-13T06:00:00Z,tribes_fort-belknap_Fort Belknap,Fort Belknap,EVI,1435.1509409967307
2012-03-13T06:00:00Z,tribes_fort-belknap_Fort Belknap,Fort Belknap,NDVI,2201.610870160367
2012-03-13T06:00:00Z,tribes_rocky-boys_Rocky Boy's,Rocky Boy's,EVI,1338.2860182014088
2012-03-13T06:00:00Z,tribes_rocky-boys_Rocky Boy's,Rocky Boy's,NDVI,2108.9721523488092
2012-03-13T06:00:00Z,tribes_blackfeet_Blackfeet,Blackfeet,EVI,1223.093003629336
2012-03-13T06:00:00Z,tribes_blackfeet_Blackfeet,Blackfeet,NDVI,1887.4865658260671
2012-03-13T06:00:00Z,tribes_flathead_Flathead,Flathead,EVI,1796.432018437425
2012-03-13T06:00:00Z,tribes_flathead_Flathead,Flathead,NDVI,3249.2611769344808
2012-03-29T06:00:00Z,tribes_northern-cheyenne_Northern Cheyenne,Northern Cheyenne,EVI,1869.229170626021
2012-03-29T06:00:00Z,tribes_northern-cheyenne_Northern Cheyenne,Northern Cheyenne,NDVI,3492.3119728757506
2012-03-29T06:00:00Z,tribes_crow_Crow,Crow,EVI,1949.3463819134513
2012-03-29T06:00:00Z,tribes_crow_Crow,Crow,NDVI,3237.1207706181012
2012-03-29T06:00:00Z,tribes_fort-peck_Fort Peck,Fort Peck,EVI,1388.7227951484126
2012-03-29T06:00:00Z,tribes_fort-peck_Fort Peck,Fort Peck,NDVI,2288.3373538725536
2012-03-29T06:00:00Z,tribes_fort-belknap_Fort Belknap,Fort Belknap,EVI,1581.0869581029172
2012-03-29T06:00:00Z,tribes_fort-belknap_Fort Belknap,Fort Belknap,NDVI,2677.5839732195554
2012-03-29T06:00:00Z,tribes_rocky-boys_Rocky Boy's,Rocky Boy's,EVI,1556.051349219548
2012-03-29T06:00:00Z,tribes_rocky-boys_Rocky Boy's,Rocky Boy's,NDVI,2796.4531924441903
2012-03-29T06:00:00Z,tribes_blackfeet_Blackfeet,Blackfeet,EVI,1243.2218935826204
2012-03-29T06:00:00Z,tribes_blackfeet_Blackfeet,Blackfeet,NDVI,2003.3848660541323
2012-03-29T06:00:00Z,tribes_flathead_Flathead,Flathead,EVI,1812.1762910206241
2012-03-29T06:00:00Z,tribes_flathead_Flathead,Flathead,NDVI,3611.9255876548714
2012-04-14T06:00:00Z,tribes_northern-cheyenne_Northern Cheyenne,Northern Cheyenne,EVI,2204.1998385419793
2012-04-14T06:00:00Z,tribes_northern-cheyenne_Northern Cheyenne,Northern Cheyenne,NDVI,3994.292804587205
2012-04-14T06:00:00Z,tribes_crow_Crow,Crow,EVI,2479.8964151311293
2012-04-14T06:00:00Z,tribes_crow_Crow,Crow,NDVI,3977.6417440671207
2012-04-14T06:00:00Z,tribes_fort-peck_Fort Peck,Fort Peck,EVI,1438.0874032122542
2012-04-14T06:00:00Z,tribes_fort-peck_Fort Peck,Fort Peck,NDVI,2533.4911405644893
2012-04-14T06:00:00Z,tribes_fort-belknap_Fort Belknap,Fort Belknap,EVI,1930.805678361389
2012-04-14T06:00:00Z,tribes_fort-belknap_Fort Belknap,Fort Belknap,NDVI,2938.159288128276
2012-04-14T06:00:00Z,tribes_rocky-boys_Rocky Boy's,Rocky Boy's,EVI,2012.07774496927
2012-04-14T06:00:00Z,tribes_rocky-boys_Rocky Boy's,Rocky Boy's,NDVI,3548.269499396624
2012-04-14T06:00:00Z,tribes_blackfeet_Blackfeet,Blackfeet,EVI,1497.9161165295081
2012-04-14T06:00:00Z,tribes_blackfeet_Blackfeet,Blackfeet,NDVI,2398.1889839232686
2012-04-14T06:00:00Z,tribes_flathead_Flathead,Flathead,EVI,2615.5298088333
2012-04-14T06:00:00Z,tribes_flathead_Flathead,Flathead,NDVI,4933.069790948289
2012-04-30T06:00:00Z,tribes_northern-cheyenne_Northern Cheyenne,Northern Cheyenne,EVI,2506.401076736559
2012-04-30T06:00:00Z,tribes_northern-cheyenne_Northern Cheyenne,Northern Cheyenne,NDVI,4364.28857308769
2012-04-30T06:00:00Z,tribes_crow_Crow,Crow,EVI,2797.5651310530584
2012-04-30T06:00:00Z,tribes_crow_Crow,Crow,NDVI,4553.285111527442
2012-04-30T06:00:00Z,tribes_fort-peck_Fort Peck,Fort Peck,EVI,1959.5237372358922
2012-04-30T06:00:00Z,tribes_fort-peck_Fort Peck,Fort Peck,NDVI,3262.435302749285
2012-04-30T06:00:00Z,tribes_fort-belknap_Fort Belknap,Fort Belknap,EVI,2412.0552963274026
2012-04-30T06:00:00Z,tribes_fort-belknap_Fort Belknap,Fort Belknap,NDVI,3908.6718017380404
2012-04-30T06:00:00Z,tribes_rocky-boys_Rocky Boy's,Rocky Boy's,EVI,2645.4966558675555
2012-04-30T06:00:00Z,tribes_rocky-boys_Rocky Boy's,Rocky Boy's,NDVI,4413.097466372531
2012-04-30T06:00:00Z,tribes_blackfeet_Blackfeet,Blackfeet,EVI,1980.4428039207523
2012-04-30T06:00:00Z,tribes_blackfeet_Blackfeet,Blackfeet,NDVI,3269.0987414244955
2012-04-30T06:00:00Z,tribes_flathead_Flathead,Flathead,EVI,3270.7326005704977
2012-04-30T06:00:00Z,tribes_flathead_Flathead,Flathead,NDVI,5524.245191033784
2012-05-16T06:00:00Z,tribes_northern-cheyenne_Northern Cheyenne,Northern Cheyenne,EVI,2690.8783757902183
2012-05-16T06:00:00Z,tribes_northern-cheyenne_Northern Cheyenne,Northern Cheyenne,NDVI,4697.081247357198
2012-05-16T06:00:00Z,tribes_crow_Crow,Crow,EVI,2885.4061506128974
2012-05-16T06:00:00Z,tribes_crow_Crow,Crow,NDVI,4772.312290083842
2012-05-16T06:00:00Z,tribes_fort-peck_Fort Peck,Fort Peck,EVI,2341.580266006554
2012-05-16T06:00:00Z,tribes_fort-peck_Fort Peck,Fort Peck,NDVI,3911.5448825875687
2012-05-16T06:00:00Z,tribes_fort-belknap_Fort Belknap,Fort Belknap,EVI,2718.1503601994536
2012-05-16T06:00:00Z,tribes_fort-belknap_Fort Belknap,Fort Belknap,NDVI,4640.896201152447
2012-05-16T06:00:00Z,tribes_rocky-boys_Rocky Boy's,Rocky Boy's,EVI,3305.0741996094157
2012-05-16T06:00:00Z,tribes_rocky-boys_Rocky Boy's,Rocky Boy's,NDVI,5588.21864204328
2012-05-16T06:00:00Z,tribes_blackfeet_Blackfeet,Blackfeet,EVI,2701.2863212214165
2012-05-16T06:00:00Z,tribes_blackfeet_Blackfeet,Blackfeet,NDVI,3977.879313381866
2012-05-16T06:00:00Z,tribes_flathead_Flathead,Flathead,EVI,3612.0046662670893
2012-05-16T06:00:00Z,tribes_flathead_Flathead,Flathead,NDVI,5957.907484430352
2012-06-01T06:00:00Z,tribes_northern-cheyenne_Northern Cheyenne,Northern Cheyenne,EVI,2838.7045084520487
2012-06-01T06:00:00Z,tribes_northern-cheyenne_Northern Cheyenne,Northern Cheyenne,NDVI,4893.373132635745
2012-06-01T06:00:00Z,tribes_crow_Crow,Crow,EVI,3118.364334227533
2012-06-01T06:00:00Z,tribes_crow_Crow,Crow,NDVI,5077.645837130563
2012-06-01T06:00:00Z,tribes_fort-peck_Fort Peck,Fort Peck,EVI,3146.743975591811
2012-06-01T06:00:00Z,tribes_fort-peck_Fort Peck,Fort Peck,NDVI,5176.168089861796
2012-06-01T06:00:00Z,tribes_fort-belknap_Fort Belknap,Fort Belknap,EVI,3200.228901018228
2012-06-01T06:00:00Z,tribes_fort-belknap_Fort Belknap,Fort Belknap,NDVI,5079.990201611394
2012-06-01T06:00:00Z,tribes_rocky-boys_Rocky Boy's,Rocky Boy's,EVI,4100.291535004588
2012-06-01T06:00:00Z,tribes_rocky-boys_Rocky Boy's,Rocky Boy's,NDVI,6209.856483313126
2012-06-01T06:00:00Z,tribes_blackfeet_Blackfeet,Blackfeet,EVI,3226.0425675264773
2012-06-01T06:00:00Z,tribes_blackfeet_Blackfeet,Blackfeet,NDVI,5015.59139840403
2012-06-01T06:00:00Z,tribes_flathead_Flathead,Flathead,EVI,3777.3284021605896
2012-06-01T06:00:00Z,tribes_flathead_Flathead,Flathead,NDVI,6250.98004905872
2012-06-17T06:00:00Z,tribes_northern-cheyenne_Northern Cheyenne,Northern Cheyenne,EVI,2646.081613574658
2012-06-17T06:00:00Z,tribes_northern-cheyenne_Northern Cheyenne,Northern Cheyenne,NDVI,4477.442712234184
2012-06-17T06:00:00Z,tribes_crow_Crow,Crow,EVI,2806.1422173947253
2012-06-17T06:00:00Z,tribes_crow_Crow,Crow,NDVI,4533.168434586798
2012-06-17T06:00:00Z,tribes_fort-peck_Fort Peck,Fort Peck,EVI,3665.6662286326596
2012-06-17T06:00:00Z,tribes_fort-peck_Fort Peck,Fort Peck,NDVI,5773.6339579351925
2012-06-17T06:00:00Z,tribes_fort-belknap_Fort Belknap,Fort Belknap,EVI,3099.9303347572923
2012-06-17T06:00:00Z,tribes_fort-belknap_Fort Belknap,Fort Belknap,NDVI,5138.660860304295
2012-06-17T06:00:00Z,tribes_rocky-boys_Rocky Boy's,Rocky Boy's,EVI,4200.939600137068
2012-06-17T06:00:00Z,tribes_rocky-boys_Rocky Boy's,Rocky Boy's,NDVI,6546.912765897675
2012-06-17T06:00:00Z,tribes_blackfeet_Blackfeet,Blackfeet,EVI,3579.6274530029186
2012-06-17T06:00:00Z,tribes_blackfeet_Blackfeet,Blackfeet,NDVI,5633.681387424882
2012-06-17T06:00:00Z,tribes_flathead_Flathead,Flathead,EVI,3515.4620945922334
2012-06-17T06:00:00Z,tribes_flathead_Flathead,Flathead,NDVI,6425.72575856059
2012-07-03T06:00:00Z,tribes_northern-cheyenne_Northern Cheyenne,Northern Cheyenne,EVI,2233.422974266855
2012-07-03T06:00:00Z,tribes_northern-cheyenne_Northern Cheyenne,Northern Cheyenne,NDVI,3950.108255016193
2012-07-03T06:00:00Z,tribes_crow_Crow,Crow,EVI,2336.5146812106145
2012-07-03T06:00:00Z,tribes_crow_Crow,Crow,NDVI,3841.7184038202204
2012-07-03T06:00:00Z,tribes_fort-peck_Fort Peck,Fort Peck,EVI,3264.3419510155427
2012-07-03T06:00:00Z,tribes_fort-peck_Fort Peck,Fort Peck,NDVI,5260.214958348213
2012-07-03T06:00:00Z,tribes_fort-belknap_Fort Belknap,Fort Belknap,EVI,2627.7639290899333
2012-07-03T06:00:00Z,tribes_fort-belknap_Fort Belknap,Fort Belknap,NDVI,4457.170291004904
2012-07-03T06:00:00Z,tribes_rocky-boys_Rocky Boy's,Rocky Boy's,EVI,3901.9249708709576
2012-07-03T06:00:00Z,tribes_rocky-boys_Rocky Boy's,Rocky Boy's,NDVI,6068.848399119276
2012-07-03T06:00:00Z,tribes_blackfeet_Blackfeet,Blackfeet,EVI,3682.834240982593
2012-07-03T06:00:00Z,tribes_blackfeet_Blackfeet,Blackfeet,NDVI,5567.000907375346
2012-07-03T06:00:00Z,tribes_flathead_Flathead,Flathead,EVI,3417.818625538335
2012-07-03T06:00:00Z,tribes_flathead_Flathead,Flathead,NDVI,6057.881114930868
2012-07-19T06:00:00Z,tribes_northern-cheyenne_Northern Cheyenne,Northern Cheyenne,EVI,2108.178177024676
2012-07-19T06:00:00Z,tribes_northern-cheyenne_Northern Cheyenne,Northern Cheyenne,NDVI,3718.983616925748
2012-07-19T06:00:00Z,tribes_crow_Crow,Crow,EVI,2134.3468911028476
2012-07-19T06:00:00Z,tribes_crow_Crow,Crow,NDVI,3540.6032300270895
2012-07-19T06:00:00Z,tribes_fort-peck_Fort Peck,Fort Peck,EVI,2572.5261216952854
2012-07-19T06:00:00Z,tribes_fort-peck_Fort Peck,Fort Peck,NDVI,4207.363938598193
2012-07-19T06:00:00Z,tribes_fort-belknap_Fort Belknap,Fort Belknap,EVI,2401.4014387850616
2012-07-19T06:00:00Z,tribes_fort-belknap_Fort Belknap,Fort Belknap,NDVI,3923.282972393293
2012-07-19T06:00:00Z,tribes_rocky-boys_Rocky Boy's,Rocky Boy's,EVI,3596.959542647289
2012-07-19T06:00:00Z,tribes_rocky-boys_Rocky Boy's,Rocky Boy's,NDVI,5450.221460380796
2012-07-19T06:00:00Z,tribes_blackfeet_Blackfeet,Blackfeet,EVI,3091.8841349497343
2012-07-19T06:00:00Z,tribes_blackfeet_Blackfeet,Blackfeet,NDVI,5085.852457074412
2012-07-19T06:00:00Z,tribes_flathead_Flathead,Flathead,EVI,3115.6394525310407
2012-07-19T06:00:00Z,tribes_flathead_Flathead,Flathead,NDVI,5935.466131638799
2012-08-04T06:00:00Z,tribes_northern-cheyenne_Northern Cheyenne,Northern Cheyenne,EVI,1889.5847555655873
2012-08-04T06:00:00Z,tribes_northern-cheyenne_Northern Cheyenne,Northern Cheyenne,NDVI,3454.0418697107066
2012-08-04T06:00:00Z,tribes_crow_Crow,Crow,EVI,1891.059218678392
2012-08-04T06:00:00Z,tribes_crow_Crow,Crow,NDVI,3254.3120538480903
2012-08-04T06:00:00Z,tribes_fort-peck_Fort Peck,Fort Peck,EVI,1937.445037694128
2012-08-04T06:00:00Z,tribes_fort-peck_Fort Peck,Fort Peck,NDVI,3341.9093031751777
2012-08-04T06:00:00Z,tribes_fort-belknap_Fort Belknap,Fort Belknap,EVI,1946.9452016050236
2012-08-04T06:00:00Z,tribes_fort-belknap_Fort Belknap,Fort Belknap,NDVI,3482.2694259201585
2012-08-04T06:00:00Z,tribes_rocky-boys_Rocky Boy's,Rocky Boy's,EVI,2786.6522880691173
2012-08-04T06:00:00Z,tribes_rocky-boys_Rocky Boy's,Rocky Boy's,NDVI,4934.9251562191685
2012-08-04T06:00:00Z,tribes_blackfeet_Blackfeet,Blackfeet,EVI,2640.287867251305
2012-08-04T06:00:00Z,tribes_blackfeet_Blackfeet,Blackfeet,NDVI,4299.005735514698
2012-08-04T06:00:00Z,tribes_flathead_Flathead,Flathead,EVI,2993.510124425054
2012-08-04T06:00:00Z,tribes_flathead_Flathead,Flathead,NDVI,5471.225917476727
2012-08-20T06:00:00Z,tribes_northern-cheyenne_Northern Cheyenne,Northern Cheyenne,EVI,1815.6177834705632
2012-08-20T06:00:00Z,tribes_northern-cheyenne_Northern Cheyenne,Northern Cheyenne,NDVI,3300.3801277982225
2012-08-20T06:00:00Z,tribes_crow_Crow,Crow,EVI,1765.353084501565
2012-08-20T06:00:00Z,tribes_crow_Crow,Crow,NDVI,2956.781739907952
2012-08-20T06:00:00Z,tribes_fort-peck_Fort Peck,Fort Peck,EVI,1756.0276901426191
2012-08-20T06:00:00Z,tribes_fort-peck_Fort Peck,Fort Peck,NDVI,2998.626635183315
2012-08-20T06:00:00Z,tribes_fort-belknap_Fort Belknap,Fort Belknap,EVI,1820.4131165690972
2012-08-20T06:00:00Z,tribes_fort-belknap_Fort Belknap,Fort Belknap,NDVI,3202.956567639665
2012-08-20T06:00:00Z,tribes_rocky-boys_Rocky Boy's,Rocky Boy's,EVI,2545.423255644222
2012-08-20T06:00:00Z,tribes_rocky-boys_Rocky Boy's,Rocky Boy's,NDVI,4540.018326129206
2012-08-20T06:00:00Z,tribes_blackfeet_Blackfeet,Blackfeet,EVI,2304.918662686541
2012-08-20T06:00:00Z,tribes_blackfeet_Blackfeet,Blackfeet,NDVI,3881.940248425881
2012-08-20T06:00:00Z,tribes_flathead_Flathead,Flathead,EVI,2713.2500771818295
2012-08-20T06:00:00Z,tribes_flathead_Flathead,Flathead,NDVI,5177.451979643867
2012-09-05T06:00:00Z,tribes_northern-cheyenne_Northern Cheyenne,Northern Cheyenne,EVI,1740.7645876234608
2012-09-05T06:00:00Z,tribes_northern-cheyenne_Northern Cheyenne,Northern Cheyenne,NDVI,3208.546199508281
2012-09-05T06:00:00Z,tribes_crow_Crow,Crow,EVI,1681.2823478133942
2012-09-05T06:00:00Z,tribes_crow_Crow,Crow,NDVI,2909.0866836884093
2012-09-05T06:00:00Z,tribes_fort-peck_Fort Peck,Fort Peck,EVI,1690.189880163741
2012-09-05T06:00:00Z,tribes_fort-peck_Fort Peck,Fort Peck,NDVI,2764.3469085242364
2012-09-05T06:00:00Z,tribes_fort-belknap_Fort Belknap,Fort Belknap,EVI,1701.3850361463196
2012-09-05T06:00:00Z,tribes_fort-belknap_Fort Belknap,Fort Belknap,NDVI,2970.1304807096094
2012-09-05T06:00:00Z,tribes_rocky-boys_Rocky Boy's,Rocky Boy's,EVI,2314.3555713335713
2012-09-05T06:00:00Z,tribes_rocky-boys_Rocky Boy's,Rocky Boy's,NDVI,4281.706738171334
2012-09-05T06:00:00Z,tribes_blackfeet_Blackfeet,Blackfeet,EVI,2074.4309298659177
2012-09-05T06:00:00Z,tribes_blackfeet_Blackfeet,Blackfeet,NDVI,3623.060794305996
2012-09-05T06:00:00Z,tribes_flathead_Flathead,Flathead,EVI,2553.513931941295
2012-09-05T06:00:00Z,tribes_flathead_Flathead,Flathead,NDVI,4869.443759960602
2012-09-21T06:00:00Z,tribes_northern-cheyenne_Northern Cheyenne,Northern Cheyenne,EVI,1594.4917640724673
2012-09-21T06:00:00Z,tribes_northern-cheyenne_Northern Cheyenne,Northern Cheyenne,NDVI,2923.062853956168
2012-09-21T06:00:00Z,tribes_crow_Crow,Crow,EVI,1554.9907376574072
2012-09-21T06:00:00Z,tribes_crow_Crow,Crow,NDVI,2691.214774514401
2012-09-21T06:00:00Z,tribes_fort-peck_Fort Peck,Fort Peck,EVI,1495.619669937392
2012-09-21T06:00:00Z,tribes_fort-peck_Fort Peck,Fort Peck,NDVI,2484.126736612412
2012-09-21T06:00:00Z,tribes_fort-belknap_Fort Belknap,Fort Belknap,EVI,1563.016710119742
2012-09-21T06:00:00Z,tribes_fort-belknap_Fort Belknap,Fort Belknap,NDVI,2718.4333636331244
2012-09-21T06:00:00Z,tribes_rocky-boys_Rocky Boy's,Rocky Boy's,EVI,2046.0244722018695
2012-09-21T06:00:00Z,tribes_rocky-boys_Rocky Boy's,Rocky Boy's,NDVI,3491.8580069436453
2012-09-21T06:00:00Z,tribes_blackfeet_Blackfeet,Blackfeet,EVI,1828.41887982324
2012-09-21T06:00:00Z,tribes_blackfeet_Blackfeet,Blackfeet,NDVI,3024.041052304369
2012-09-21T06:00:00Z,tribes_flathead_Flathead,Flathead,EVI,2422.0660184058975
2012-09-21T06:00:00Z,tribes_flathead_Flathead,Flathead,NDVI,4640.68879556397
2012-10-07T06:00:00Z,tribes_northern-cheyenne_Northern Cheyenne,Northern Cheyenne,EVI,1735.9354265811205
2012-10-07T06:00:00Z,tribes_northern-cheyenne_Northern Cheyenne,Northern Cheyenne,NDVI,3136.60509964015
2012-10-07T06:00:00Z,tribes_crow_Crow,Crow,EVI,1553.0385930150444
2012-10-07T06:00:00Z,tribes_crow_Crow,Crow,NDVI,2702.0827623805576
2012-10-07T06:00:00Z,tribes_fort-peck_Fort Peck,Fort Peck,EVI,1451.4920957566153
2012-10-07T06:00:00Z,tribes_fort-peck_Fort Peck,Fort Peck,NDVI,2304.647924876454
2012-10-07T06:00:00Z,tribes_fort-belknap_Fort Belknap,Fort Belknap,EVI,1441.139618327621
2012-10-07T06:00:00Z,tribes_fort-belknap_Fort Belknap,Fort Belknap,NDVI,2597.5959188731895
2012-10-07T06:00:00Z,tribes_rocky-boys_Rocky Boy's,Rocky Boy's,EVI,1696.1770944312846
2012-10-07T06:00:00Z,tribes_rocky-boys_Rocky Boy's,Rocky Boy's,NDVI,3189.129876170504
2012-10-07T06:00:00Z,tribes_blackfeet_Blackfeet,Blackfeet,EVI,1571.065371634268
2012-10-07T06:00:00Z,tribes_blackfeet_Blackfeet,Blackfeet,NDVI,2732.521096032576
2012-10-07T06:00:00Z,tribes_flathead_Flathead,Flathead,EVI,2215.5054902854567
2012-10-07T06:00:00Z,tribes_flathead_Flathead,Flathead,NDVI,4605.644059035993
2012-10-23T06:00:00Z,tribes_northern-cheyenne_Northern Cheyenne,Northern Cheyenne,EVI,1585.1108634496127
2012-10-23T06:00:00Z,tribes_northern-cheyenne_Northern Cheyenne,Northern Cheyenne,NDVI,3114.8540123631365
2012-10-23T06:00:00Z,tribes_crow_Crow,Crow,EVI,1444.8293574838096
2012-10-23T06:00:00Z,tribes_crow_Crow,Crow,NDVI,2612.0483394695116
2012-10-23T06:00:00Z,tribes_fort-peck_Fort Peck,Fort Peck,EVI,1408.8757383428508
2012-10-23T06:00:00Z,tribes_fort-peck_Fort Peck,Fort Peck,NDVI,2275.3091385857824
2012-10-23T06:00:00Z,tribes_fort-belknap_Fort Belknap,Fort Belknap,EVI,1501.6983518180687
2012-10-23T06:00:00Z,tribes_fort-belknap_Fort Belknap,Fort Belknap,NDVI,2564.812457411555
2012-10-23T06:00:00Z,tribes_rocky-boys_Rocky Boy's,Rocky Boy's,EVI,1888.3168403350576
2012-10-23T06:00:00Z,tribes_rocky-boys_Rocky Boy's,Rocky Boy's,NDVI,2951.716568163633
2012-10-23T06:00:00Z,tribes_blackfeet_Blackfeet,Blackfeet,EVI,1423.238061676726
2012-10-23T06:00:00Z,tribes_blackfeet_Blackfeet,Blackfeet,NDVI,2540.9652483447294
2012-10-23T06:00:00Z,tribes_flathead_Flathead,Flathead,EVI,1653.096430544049
2012-10-23T06:00:00Z,tribes_flathead_Flathead,Flathead,NDVI,3761.8057959412363
2012-11-08T07:00:00Z,tribes_northern-cheyenne_Northern Cheyenne,Northern Cheyenne,EVI,1603.1861034928831
2012-11-08T07:00:00Z,tribes_northern-cheyenne_Northern Cheyenne,Northern Cheyenne,NDVI,3179.343183746979
2012-11-08T07:00:00Z,tribes_crow_Crow,Crow,EVI,1297.8943181643078
2012-11-08T07:00:00Z,tribes_crow_Crow,Crow,NDVI,2442.586832499521
2012-11-08T07:00:00Z,tribes_fort-peck_Fort Peck,Fort Peck,EVI,NA
2012-11-08T07:00:00Z,tribes_fort-peck_Fort Peck,Fort Peck,NDVI,NA
2012-11-08T07:00:00Z,tribes_fort-belknap_Fort Belknap,Fort Belknap,EVI,1107.118088175445
2012-11-08T07:00:00Z,tribes_fort-belknap_Fort Belknap,Fort Belknap,NDVI,2191.401119039614
2012-11-08T07:00:00Z,tribes_rocky-boys_Rocky Boy's,Rocky Boy's,EVI,1499.2239124762557
2012-11-08T07:00:00Z,tribes_rocky-boys_Rocky Boy's,Rocky Boy's,NDVI,2678.5451435089644
2012-11-08T07:00:00Z,tribes_blackfeet_Blackfeet,Blackfeet,EVI,1636.1336072477575
2012-11-08T07:00:00Z,tribes_blackfeet_Blackfeet,Blackfeet,NDVI,2396.4332562947507
2012-11-08T07:00:00Z,tribes_flathead_Flathead,Flathead,EVI,1953.2870901312665
2012-11-08T07:00:00Z,tribes_flathead_Flathead,Flathead,NDVI,4119.162500503671
2012-11-24T07:00:00Z,tribes_northern-cheyenne_Northern Cheyenne,Northern Cheyenne,EVI,1964.4471666154911
2012-11-24T07:00:00Z,tribes_northern-cheyenne_Northern Cheyenne,Northern Cheyenne,NDVI,3551.56893006674
2012-11-24T07:00:00Z,tribes_crow_Crow,Crow,EVI,1307.4824903593128
2012-11-24T07:00:00Z,tribes_crow_Crow,Crow,NDVI,2413.7548789491707
2012-11-24T07:00:00Z,tribes_fort-peck_Fort Peck,Fort Peck,EVI,1092.6279829250911
2012-11-24T07:00:00Z,tribes_fort-peck_Fort Peck,Fort Peck,NDVI,1865.6749788856298
2012-11-24T07:00:00Z,tribes_fort-belknap_Fort Belknap,Fort Belknap,EVI,1193.4995523309003
2012-11-24T07:00:00Z,tribes_fort-belknap_Fort Belknap,Fort Belknap,NDVI,2261.2950070034367
2012-11-24T07:00:00Z,tribes_rocky-boys_Rocky Boy's,Rocky Boy's,EVI,1285.283031623425
2012-11-24T07:00:00Z,tribes_rocky-boys_Rocky Boy's,Rocky Boy's,NDVI,2579.9828978454357
2012-11-24T07:00:00Z,tribes_blackfeet_Blackfeet,Blackfeet,EVI,1153.068942582171
2012-11-24T07:00:00Z,tribes_blackfeet_Blackfeet,Blackfeet,NDVI,2048.5908489871463
2012-11-24T07:00:00Z,tribes_flathead_Flathead,Flathead,EVI,1643.4637534635597
2012-11-24T07:00:00Z,tribes_flathead_Flathead,Flathead,NDVI,3477.9887656859005
2012-12-10T07:00:00Z,tribes_northern-cheyenne_Northern Cheyenne,Northern Cheyenne,EVI,1128.320161671908
2012-12-10T07:00:00Z,tribes_northern-cheyenne_Northern Cheyenne,Northern Cheyenne,NDVI,2100.3892518763378
2012-12-10T07:00:00Z,tribes_crow_Crow,Crow,EVI,1078.6052606718702
2012-12-10T07:00:00Z,tribes_crow_Crow,Crow,NDVI,1966.392632371928
2012-12-10T07:00:00Z,tribes_fort-peck_Fort Peck,Fort Peck,EVI,NA
2012-12-10T07:00:00Z,tribes_fort-peck_Fort Peck,Fort Peck,NDVI,NA
2012-12-10T07:00:00Z,tribes_fort-belknap_Fort Belknap,Fort Belknap,EVI,NA
2012-12-10T07:00:00Z,tribes_fort-belknap_Fort Belknap,Fort Belknap,NDVI,NA
2012-12-10T07:00:00Z,tribes_rocky-boys_Rocky Boy's,Rocky Boy's,EVI,NA
2012-12-10T07:00:00Z,tribes_rocky-boys_Rocky Boy's,Rocky Boy's,NDVI,NA
2012-12-10T07:00:00Z,tribes_blackfeet_Blackfeet,Blackfeet,EVI,1088.0548303646362
2012-12-10T07:00:00Z,tribes_blackfeet_Blackfeet,Blackfeet,NDVI,1782.6354008795645
2012-12-10T07:00:00Z,tribes_flathead_Flathead,Flathead,EVI,1998.0690152121697
2012-12-10T07:00:00Z,tribes_flathead_Flathead,Flathead,NDVI,3575.1869479256875
2012-12-26T07:00:00Z,tribes_northern-cheyenne_Northern Cheyenne,Northern Cheyenne,EVI,NA
2012-12-26T07:00:00Z,tribes_northern-cheyenne_Northern Cheyenne,Northern Cheyenne,NDVI,NA
2012-12-26T07:00:00Z,tribes_crow_Crow,Crow,EVI,1056.7960088487678
2012-12-26T07:00:00Z,tribes_crow_Crow,Crow,NDVI,1750.1434651363832
2012-12-26T07:00:00Z,tribes_fort-peck_Fort Peck,Fort Peck,EVI,NA
2012-12-26T07:00:00Z,tribes_fort-peck_Fort Peck,Fort Peck,NDVI,NA
2012-12-26T07:00:00Z,tribes_fort-belknap_Fort Belknap,Fort Belknap,EVI,NA
2012-12-26T07:00:00Z,tribes_fort-belknap_Fort Belknap,Fort Belknap,NDVI,NA
2012-12-26T07:00:00Z,tribes_rocky-boys_Rocky Boy's,Rocky Boy's,EVI,NA
2012-12-26T07:00:00Z,tribes_rocky-boys_Rocky Boy's,Rocky Boy's,NDVI,NA
2012-12-26T07:00:00Z,tribes_blackfeet_Blackfeet,Blackfeet,EVI,1296
2012-12-26T07:00:00Z,tribes_blackfeet_Blackfeet,Blackfeet,NDVI,2338
2012-12-26T07:00:00Z,tribes_flathead_Flathead,Flathead,EVI,NA
2012-12-26T07:00:00Z,tribes_flathead_Flathead,Flathead,NDVI,NA
2013-01-09T07:00:00Z,tribes_northern-cheyenne_Northern Cheyenne,Northern Cheyenne,EVI,1061.9232487928746
2013-01-09T07:00:00Z,tribes_northern-cheyenne_Northern Cheyenne,Northern Cheyenne,NDVI,2145.6305687711406
2013-01-09T07:00:00Z,tribes_crow_Crow,Crow,EVI,1037.6260178187804
2013-01-09T07:00:00Z,tribes_crow_Crow,Crow,NDVI,1915.3256252127549
2013-01-09T07:00:00Z,tribes_fort-peck_Fort Peck,Fort Peck,EVI,NA
2013-01-09T07:00:00Z,tribes_fort-peck_Fort Peck,Fort Peck,NDVI,NA
2013-01-09T07:00:00Z,tribes_fort-belknap_Fort Belknap,Fort Belknap,EVI,NA
2013-01-09T07:00:00Z,tribes_fort-belknap_Fort Belknap,Fort Belknap,NDVI,NA
2013-01-09T07:00:00Z,tribes_rocky-boys_Rocky Boy's,Rocky Boy's,EVI,NA
2013-01-09T07:00:00Z,tribes_rocky-boys_Rocky Boy's,Rocky Boy's,NDVI,NA
2013-01-09T07:00:00Z,tribes_blackfeet_Blackfeet,Blackfeet,EVI,997.4548782720117
2013-01-09T07:00:00Z,tribes_blackfeet_Blackfeet,Blackfeet,NDVI,1531.3758008420282
2013-01-09T07:00:00Z,tribes_flathead_Flathead,Flathead,EVI,16.487179487179485
2013-01-09T07:00:00Z,tribes_flathead_Flathead,Flathead,NDVI,9.384615384615385
2013-01-25T07:00:00Z,tribes_northern-cheyenne_Northern Cheyenne,Northern Cheyenne,EVI,1003.6618856088946
2013-01-25T07:00:00Z,tribes_northern-cheyenne_Northern Cheyenne,Northern Cheyenne,NDVI,2061.9738956014803
2013-01-25T07:00:00Z,tribes_crow_Crow,Crow,EVI,1001.5538690169823
2013-01-25T07:00:00Z,tribes_crow_Crow,Crow,NDVI,1776.7264268788888
2013-01-25T07:00:00Z,tribes_fort-peck_Fort Peck,Fort Peck,EVI,NA
2013-01-25T07:00:00Z,tribes_fort-peck_Fort Peck,Fort Peck,NDVI,NA
2013-01-25T07:00:00Z,tribes_fort-belknap_Fort Belknap,Fort Belknap,EVI,1015.2447963132262
2013-01-25T07:00:00Z,tribes_fort-belknap_Fort Belknap,Fort Belknap,NDVI,1793.4673909989258
2013-01-25T07:00:00Z,tribes_rocky-boys_Rocky Boy's,Rocky Boy's,EVI,NA
2013-01-25T07:00:00Z,tribes_rocky-boys_Rocky Boy's,Rocky Boy's,NDVI,NA
2013-01-25T07:00:00Z,tribes_blackfeet_Blackfeet,Blackfeet,EVI,1009.8463591843995
2013-01-25T07:00:00Z,tribes_blackfeet_Blackfeet,Blackfeet,NDVI,1670.6524397459218
2013-01-25T07:00:00Z,tribes_flathead_Flathead,Flathead,EVI,1664.9479123574827
2013-01-25T07:00:00Z,tribes_flathead_Flathead,Flathead,NDVI,3240.6315440868657
2013-02-10T07:00:00Z,tribes_northern-cheyenne_Northern Cheyenne,Northern Cheyenne,EVI,1032.2290756390594
2013-02-10T07:00:00Z,tribes_northern-cheyenne_Northern Cheyenne,Northern Cheyenne,NDVI,2049.1733020012534
2013-02-10T07:00:00Z,tribes_crow_Crow,Crow,EVI,945.3741108573496
2013-02-10T07:00:00Z,tribes_crow_Crow,Crow,NDVI,1847.308292740143
2013-02-10T07:00:00Z,tribes_fort-peck_Fort Peck,Fort Peck,EVI,NA
2013-02-10T07:00:00Z,tribes_fort-peck_Fort Peck,Fort Peck,NDVI,NA
2013-02-10T07:00:00Z,tribes_fort-belknap_Fort Belknap,Fort Belknap,EVI,900.0990696695668
2013-02-10T07:00:00Z,tribes_fort-belknap_Fort Belknap,Fort Belknap,NDVI,1607.2181457476827
2013-02-10T07:00:00Z,tribes_rocky-boys_Rocky Boy's,Rocky Boy's,EVI,NA
2013-02-10T07:00:00Z,tribes_rocky-boys_Rocky Boy's,Rocky Boy's,NDVI,NA
2013-02-10T07:00:00Z,tribes_blackfeet_Blackfeet,Blackfeet,EVI,1058.630610666691
2013-02-10T07:00:00Z,tribes_blackfeet_Blackfeet,Blackfeet,NDVI,1758.5330971891437
2013-02-10T07:00:00Z,tribes_flathead_Flathead,Flathead,EVI,1588.0197993534132
2013-02-10T07:00:00Z,tribes_flathead_Flathead,Flathead,NDVI,3098.012869200711
2013-02-26T07:00:00Z,tribes_northern-cheyenne_Northern Cheyenne,Northern Cheyenne,EVI,1063.3043546497913
2013-02-26T07:00:00Z,tribes_northern-cheyenne_Northern Cheyenne,Northern Cheyenne,NDVI,2038.5976429859195
2013-02-26T07:00:00Z,tribes_crow_Crow,Crow,EVI,1015.1039824056443
2013-02-26T07:00:00Z,tribes_crow_Crow,Crow,NDVI,1702.8343847326444
2013-02-26T07:00:00Z,tribes_fort-peck_Fort Peck,Fort Peck,EVI,NA
2013-02-26T07:00:00Z,tribes_fort-peck_Fort Peck,Fort Peck,NDVI,NA
2013-02-26T07:00:00Z,tribes_fort-belknap_Fort Belknap,Fort Belknap,EVI,896.1080638713028
2013-02-26T07:00:00Z,tribes_fort-belknap_Fort Belknap,Fort Belknap,NDVI,1731.0819534564519
2013-02-26T07:00:00Z,tribes_rocky-boys_Rocky Boy's,Rocky Boy's,EVI,NA
2013-02-26T07:00:00Z,tribes_rocky-boys_Rocky Boy's,Rocky Boy's,NDVI,NA
2013-02-26T07:00:00Z,tribes_blackfeet_Blackfeet,Blackfeet,EVI,1027.1836371792692
2013-02-26T07:00:00Z,tribes_blackfeet_Blackfeet,Blackfeet,NDVI,1667.8036860238492
2013-02-26T07:00:00Z,tribes_flathead_Flathead,Flathead,EVI,1725.9892290557966
2013-02-26T07:00:00Z,tribes_flathead_Flathead,Flathead,NDVI,3397.1400711017645
2013-03-14T06:00:00Z,tribes_northern-cheyenne_Northern Cheyenne,Northern Cheyenne,EVI,1316.9663253729236
2013-03-14T06:00:00Z,tribes_northern-cheyenne_Northern Cheyenne,Northern Cheyenne,NDVI,2594.5710853494907
2013-03-14T06:00:00Z,tribes_crow_Crow,Crow,EVI,1132.2873113304126
2013-03-14T06:00:00Z,tribes_crow_Crow,Crow,NDVI,2053.154056898578
2013-03-14T06:00:00Z,tribes_fort-peck_Fort Peck,Fort Peck,EVI,NA
2013-03-14T06:00:00Z,tribes_fort-peck_Fort Peck,Fort Peck,NDVI,NA
2013-03-14T06:00:00Z,tribes_fort-belknap_Fort Belknap,Fort Belknap,EVI,1058.0239748415363
2013-03-14T06:00:00Z,tribes_fort-belknap_Fort Belknap,Fort Belknap,NDVI,1959.69238948214
2013-03-14T06:00:00Z,tribes_rocky-boys_Rocky Boy's,Rocky Boy's,EVI,1054.2146401386215
2013-03-14T06:00:00Z,tribes_rocky-boys_Rocky Boy's,Rocky Boy's,NDVI,2001.8059383728141
2013-03-14T06:00:00Z,tribes_blackfeet_Blackfeet,Blackfeet,EVI,1071.4608186427708
2013-03-14T06:00:00Z,tribes_blackfeet_Blackfeet,Blackfeet,NDVI,1842.643633459903
2013-03-14T06:00:00Z,tribes_flathead_Flathead,Flathead,EVI,1950.3316010980775
2013-03-14T06:00:00Z,tribes_flathead_Flathead,Flathead,NDVI,3603.5492321365487
2013-03-30T06:00:00Z,tribes_northern-cheyenne_Northern Cheyenne,Northern Cheyenne,EVI,1551.2745212880711
2013-03-30T06:00:00Z,tribes_northern-cheyenne_Northern Cheyenne,Northern Cheyenne,NDVI,3316.6054778176194
2013-03-30T06:00:00Z,tribes_crow_Crow,Crow,EVI,1370.109883607578
2013-03-30T06:00:00Z,tribes_crow_Crow,Crow,NDVI,2321.9498031833577
2013-03-30T06:00:00Z,tribes_fort-peck_Fort Peck,Fort Peck,EVI,922.0419182548497
2013-03-30T06:00:00Z,tribes_fort-peck_Fort Peck,Fort Peck,NDVI,1765.5075884791222
2013-03-30T06:00:00Z,tribes_fort-belknap_Fort Belknap,Fort Belknap,EVI,1273.8236315027775
2013-03-30T06:00:00Z,tribes_fort-belknap_Fort Belknap,Fort Belknap,NDVI,2442.000424303998
2013-03-30T06:00:00Z,tribes_rocky-boys_Rocky Boy's,Rocky Boy's,EVI,1358.06632676272
2013-03-30T06:00:00Z,tribes_rocky-boys_Rocky Boy's,Rocky Boy's,NDVI,2524.24268252918
2013-03-30T06:00:00Z,tribes_blackfeet_Blackfeet,Blackfeet,EVI,1198.8325881396006
2013-03-30T06:00:00Z,tribes_blackfeet_Blackfeet,Blackfeet,NDVI,1959.4628152531461
2013-03-30T06:00:00Z,tribes_flathead_Flathead,Flathead,EVI,2191.7800203439706
2013-03-30T06:00:00Z,tribes_flathead_Flathead,Flathead,NDVI,4177.416324837351
2013-04-15T06:00:00Z,tribes_northern-cheyenne_Northern Cheyenne,Northern Cheyenne,EVI,1901.2806261192563
2013-04-15T06:00:00Z,tribes_northern-cheyenne_Northern Cheyenne,Northern Cheyenne,NDVI,3455.9342102287765
2013-04-15T06:00:00Z,tribes_crow_Crow,Crow,EVI,1714.4612761177054
2013-04-15T06:00:00Z,tribes_crow_Crow,Crow,NDVI,2861.50574087061
2013-04-15T06:00:00Z,tribes_fort-peck_Fort Peck,Fort Peck,EVI,1073.53012775128
2013-04-15T06:00:00Z,tribes_fort-peck_Fort Peck,Fort Peck,NDVI,1814.1954331606166
2013-04-15T06:00:00Z,tribes_fort-belknap_Fort Belknap,Fort Belknap,EVI,1511.3474399464947
2013-04-15T06:00:00Z,tribes_fort-belknap_Fort Belknap,Fort Belknap,NDVI,2497.5749131887324
2013-04-15T06:00:00Z,tribes_rocky-boys_Rocky Boy's,Rocky Boy's,EVI,1710.8751867501903
2013-04-15T06:00:00Z,tribes_rocky-boys_Rocky Boy's,Rocky Boy's,NDVI,2862.2694456136073
2013-04-15T06:00:00Z,tribes_blackfeet_Blackfeet,Blackfeet,EVI,1368.2977469489567
2013-04-15T06:00:00Z,tribes_blackfeet_Blackfeet,Blackfeet,NDVI,2187.67052673736
2013-04-15T06:00:00Z,tribes_flathead_Flathead,Flathead,EVI,2628.785040276925
2013-04-15T06:00:00Z,tribes_flathead_Flathead,Flathead,NDVI,4725.446290295539
2013-05-01T06:00:00Z,tribes_northern-cheyenne_Northern Cheyenne,Northern Cheyenne,EVI,2142.3856526628733
2013-05-01T06:00:00Z,tribes_northern-cheyenne_Northern Cheyenne,Northern Cheyenne,NDVI,3872.6935318626415
2013-05-01T06:00:00Z,tribes_crow_Crow,Crow,EVI,2152.6982533064947
2013-05-01T06:00:00Z,tribes_crow_Crow,Crow,NDVI,3600.2374253152143
2013-05-01T06:00:00Z,tribes_fort-peck_Fort Peck,Fort Peck,EVI,1260.614456033407
2013-05-01T06:00:00Z,tribes_fort-peck_Fort Peck,Fort Peck,NDVI,2194.428511314645
2013-05-01T06:00:00Z,tribes_fort-belknap_Fort Belknap,Fort Belknap,EVI,1785.2495888285657
2013-05-01T06:00:00Z,tribes_fort-belknap_Fort Belknap,Fort Belknap,NDVI,3193.7792370888815
2013-05-01T06:00:00Z,tribes_rocky-boys_Rocky Boy's,Rocky Boy's,EVI,2160.831555431056
2013-05-01T06:00:00Z,tribes_rocky-boys_Rocky Boy's,Rocky Boy's,NDVI,3860.344943220925
2013-05-01T06:00:00Z,tribes_blackfeet_Blackfeet,Blackfeet,EVI,1901.1760656895021
2013-05-01T06:00:00Z,tribes_blackfeet_Blackfeet,Blackfeet,NDVI,3232.6881317720026
2013-05-01T06:00:00Z,tribes_flathead_Flathead,Flathead,EVI,2929.214730412509
2013-05-01T06:00:00Z,tribes_flathead_Flathead,Flathead,NDVI,5306.98543492105
2013-05-17T06:00:00Z,tribes_northern-cheyenne_Northern Cheyenne,Northern Cheyenne,EVI,2761.0871355070344
2013-05-17T06:00:00Z,tribes_northern-cheyenne_Northern Cheyenne,Northern Cheyenne,NDVI,4826.7634176870215
2013-05-17T06:00:00Z,tribes_crow_Crow,Crow,EVI,2740.9736284729292
2013-05-17T06:00:00Z,tribes_crow_Crow,Crow,NDVI,4446.616018742654
2013-05-17T06:00:00Z,tribes_fort-peck_Fort Peck,Fort Peck,EVI,1974.1785604026154
2013-05-17T06:00:00Z,tribes_fort-peck_Fort Peck,Fort Peck,NDVI,3156.5803412343425
2013-05-17T06:00:00Z,tribes_fort-belknap_Fort Belknap,Fort Belknap,EVI,2461.541088990672
2013-05-17T06:00:00Z,tribes_fort-belknap_Fort Belknap,Fort Belknap,NDVI,4118.400259033365
2013-05-17T06:00:00Z,tribes_rocky-boys_Rocky Boy's,Rocky Boy's,EVI,2853.9921086025784
2013-05-17T06:00:00Z,tribes_rocky-boys_Rocky Boy's,Rocky Boy's,NDVI,4769.907265195886
2013-05-17T06:00:00Z,tribes_blackfeet_Blackfeet,Blackfeet,EVI,2590.7588861074682
2013-05-17T06:00:00Z,tribes_blackfeet_Blackfeet,Blackfeet,NDVI,4058.3596708544906
2013-05-17T06:00:00Z,tribes_flathead_Flathead,Flathead,EVI,3466.340869397471
2013-05-17T06:00:00Z,tribes_flathead_Flathead,Flathead,NDVI,5684.89772587911
2013-06-02T06:00:00Z,tribes_northern-cheyenne_Northern Cheyenne,Northern Cheyenne,EVI,3251.8104280570064
2013-06-02T06:00:00Z,tribes_northern-cheyenne_Northern Cheyenne,Northern Cheyenne,NDVI,5450.825520127355
2013-06-02T06:00:00Z,tribes_crow_Crow,Crow,EVI,3325.2434795366394
2013-06-02T06:00:00Z,tribes_crow_Crow,Crow,NDVI,5312.835565906022
2013-06-02T06:00:00Z,tribes_fort-peck_Fort Peck,Fort Peck,EVI,2980.458112560367
2013-06-02T06:00:00Z,tribes_fort-peck_Fort Peck,Fort Peck,NDVI,4905.534336532595
2013-06-02T06:00:00Z,tribes_fort-belknap_Fort Belknap,Fort Belknap,EVI,3016.719319628418
2013-06-02T06:00:00Z,tribes_fort-belknap_Fort Belknap,Fort Belknap,NDVI,5149.9991338427135
2013-06-02T06:00:00Z,tribes_rocky-boys_Rocky Boy's,Rocky Boy's,EVI,3964.5171262655035
2013-06-02T06:00:00Z,tribes_rocky-boys_Rocky Boy's,Rocky Boy's,NDVI,6428.46086378276
2013-06-02T06:00:00Z,tribes_blackfeet_Blackfeet,Blackfeet,EVI,3382.7520450109164
2013-06-02T06:00:00Z,tribes_blackfeet_Blackfeet,Blackfeet,NDVI,5579.401627762105
2013-06-02T06:00:00Z,tribes_flathead_Flathead,Flathead,EVI,3447.322644591517
2013-06-02T06:00:00Z,tribes_flathead_Flathead,Flathead,NDVI,6280.265814680373
2013-06-18T06:00:00Z,tribes_northern-cheyenne_Northern Cheyenne,Northern Cheyenne,EVI,3410.1314269136824
2013-06-18T06:00:00Z,tribes_northern-cheyenne_Northern Cheyenne,Northern Cheyenne,NDVI,5468.349931049258
2013-06-18T06:00:00Z,tribes_crow_Crow,Crow,EVI,3393.5672810114147
2013-06-18T06:00:00Z,tribes_crow_Crow,Crow,NDVI,5417.614761507237
2013-06-18T06:00:00Z,tribes_fort-peck_Fort Peck,Fort Peck,EVI,3793.6917755603063
2013-06-18T06:00:00Z,tribes_fort-peck_Fort Peck,Fort Peck,NDVI,5801.340767924546
2013-06-18T06:00:00Z,tribes_fort-belknap_Fort Belknap,Fort Belknap,EVI,3348.723384442171
2013-06-18T06:00:00Z,tribes_fort-belknap_Fort Belknap,Fort Belknap,NDVI,5506.000097474556
2013-06-18T06:00:00Z,tribes_rocky-boys_Rocky Boy's,Rocky Boy's,EVI,4513.016252296321
2013-06-18T06:00:00Z,tribes_rocky-boys_Rocky Boy's,Rocky Boy's,NDVI,6691.43708207005
2013-06-18T06:00:00Z,tribes_blackfeet_Blackfeet,Blackfeet,EVI,4169.193086785311
2013-06-18T06:00:00Z,tribes_blackfeet_Blackfeet,Blackfeet,NDVI,6129.075507742847
2013-06-18T06:00:00Z,tribes_flathead_Flathead,Flathead,EVI,3338.1397414917124
2013-06-18T06:00:00Z,tribes_flathead_Flathead,Flathead,NDVI,6067.745350295094
2013-07-04T06:00:00Z,tribes_northern-cheyenne_Northern Cheyenne,Northern Cheyenne,EVI,2963.9639656274926
2013-07-04T06:00:00Z,tribes_northern-cheyenne_Northern Cheyenne,Northern Cheyenne,NDVI,4844.95252132855
2013-07-04T06:00:00Z,tribes_crow_Crow,Crow,EVI,2842.6354273683783
2013-07-04T06:00:00Z,tribes_crow_Crow,Crow,NDVI,4671.818607862489
2013-07-04T06:00:00Z,tribes_fort-peck_Fort Peck,Fort Peck,EVI,3997.7105951214676
2013-07-04T06:00:00Z,tribes_fort-peck_Fort Peck,Fort Peck,NDVI,6079.046895749034
2013-07-04T06:00:00Z,tribes_fort-belknap_Fort Belknap,Fort Belknap,EVI,3112.6144497355044
2013-07-04T06:00:00Z,tribes_fort-belknap_Fort Belknap,Fort Belknap,NDVI,5348.897403739478
2013-07-04T06:00:00Z,tribes_rocky-boys_Rocky Boy's,Rocky Boy's,EVI,4229.245537931641
2013-07-04T06:00:00Z,tribes_rocky-boys_Rocky Boy's,Rocky Boy's,NDVI,6614.041551748785
2013-07-04T06:00:00Z,tribes_blackfeet_Blackfeet,Blackfeet,EVI,3816.0734479786424
2013-07-04T06:00:00Z,tribes_blackfeet_Blackfeet,Blackfeet,NDVI,6034.3893153076015
2013-07-04T06:00:00Z,tribes_flathead_Flathead,Flathead,EVI,3199.359921596883
2013-07-04T06:00:00Z,tribes_flathead_Flathead,Flathead,NDVI,5715.885445491895
2013-07-20T06:00:00Z,tribes_northern-cheyenne_Northern Cheyenne,Northern Cheyenne,EVI,2726.269614306048
2013-07-20T06:00:00Z,tribes_northern-cheyenne_Northern Cheyenne,Northern Cheyenne,NDVI,4468.81923127773
2013-07-20T06:00:00Z,tribes_crow_Crow,Crow,EVI,2572.0241164997806
2013-07-20T06:00:00Z,tribes_crow_Crow,Crow,NDVI,4154.271617329056
2013-07-20T06:00:00Z,tribes_fort-peck_Fort Peck,Fort Peck,EVI,3565.7476486027817
2013-07-20T06:00:00Z,tribes_fort-peck_Fort Peck,Fort Peck,NDVI,5811.248815949203
2013-07-20T06:00:00Z,tribes_fort-belknap_Fort Belknap,Fort Belknap,EVI,2961.2721143553435
2013-07-20T06:00:00Z,tribes_fort-belknap_Fort Belknap,Fort Belknap,NDVI,5056.629796065182
2013-07-20T06:00:00Z,tribes_rocky-boys_Rocky Boy's,Rocky Boy's,EVI,3883.8611570098574
2013-07-20T06:00:00Z,tribes_rocky-boys_Rocky Boy's,Rocky Boy's,NDVI,6058.115481339603
2013-07-20T06:00:00Z,tribes_blackfeet_Blackfeet,Blackfeet,EVI,3154.8831063517596
2013-07-20T06:00:00Z,tribes_blackfeet_Blackfeet,Blackfeet,NDVI,5082.774952375545
2013-07-20T06:00:00Z,tribes_flathead_Flathead,Flathead,EVI,2886.780464651366
2013-07-20T06:00:00Z,tribes_flathead_Flathead,Flathead,NDVI,5293.916747879767
2013-08-05T06:00:00Z,tribes_northern-cheyenne_Northern Cheyenne,Northern Cheyenne,EVI,2361.123192197766
2013-08-05T06:00:00Z,tribes_northern-cheyenne_Northern Cheyenne,Northern Cheyenne,NDVI,4409.9525485441245
2013-08-05T06:00:00Z,tribes_crow_Crow,Crow,EVI,2236.8174712121345
2013-08-05T06:00:00Z,tribes_crow_Crow,Crow,NDVI,3746.301790502334
2013-08-05T06:00:00Z,tribes_fort-peck_Fort Peck,Fort Peck,EVI,2869.8988079392425
2013-08-05T06:00:00Z,tribes_fort-peck_Fort Peck,Fort Peck,NDVI,4830.507763213345
2013-08-05T06:00:00Z,tribes_fort-belknap_Fort Belknap,Fort Belknap,EVI,2762.188317122132
2013-08-05T06:00:00Z,tribes_fort-belknap_Fort Belknap,Fort Belknap,NDVI,4749.750754205362
2013-08-05T06:00:00Z,tribes_rocky-boys_Rocky Boy's,Rocky Boy's,EVI,3491.4163317109596
2013-08-05T06:00:00Z,tribes_rocky-boys_Rocky Boy's,Rocky Boy's,NDVI,5647.536124962228
2013-08-05T06:00:00Z,tribes_blackfeet_Blackfeet,Blackfeet,EVI,2803.38095038751
2013-08-05T06:00:00Z,tribes_blackfeet_Blackfeet,Blackfeet,NDVI,4667.733520633404
2013-08-05T06:00:00Z,tribes_flathead_Flathead,Flathead,EVI,2625.0362962366894
2013-08-05T06:00:00Z,tribes_flathead_Flathead,Flathead,NDVI,5153.232834423531
2013-08-21T06:00:00Z,tribes_northern-cheyenne_Northern Cheyenne,Northern Cheyenne,EVI,2290.3076794523627
2013-08-21T06:00:00Z,tribes_northern-cheyenne_Northern Cheyenne,Northern Cheyenne,NDVI,4095.9366427653113
2013-08-21T06:00:00Z,tribes_crow_Crow,Crow,EVI,2189.903677863565
2013-08-21T06:00:00Z,tribes_crow_Crow,Crow,NDVI,3620.341372167912
2013-08-21T06:00:00Z,tribes_fort-peck_Fort Peck,Fort Peck,EVI,2358.8092100337735
2013-08-21T06:00:00Z,tribes_fort-peck_Fort Peck,Fort Peck,NDVI,4187.6887584026745
2013-08-21T06:00:00Z,tribes_fort-belknap_Fort Belknap,Fort Belknap,EVI,2470.336677902049
2013-08-21T06:00:00Z,tribes_fort-belknap_Fort Belknap,Fort Belknap,NDVI,4252.7423283399785
2013-08-21T06:00:00Z,tribes_rocky-boys_Rocky Boy's,Rocky Boy's,EVI,2977.704939597629
2013-08-21T06:00:00Z,tribes_rocky-boys_Rocky Boy's,Rocky Boy's,NDVI,4907.34432139254
2013-08-21T06:00:00Z,tribes_blackfeet_Blackfeet,Blackfeet,EVI,2542.6856798940385
2013-08-21T06:00:00Z,tribes_blackfeet_Blackfeet,Blackfeet,NDVI,4151.892734356705
2013-08-21T06:00:00Z,tribes_flathead_Flathead,Flathead,EVI,2608.6051033731787
2013-08-21T06:00:00Z,tribes_flathead_Flathead,Flathead,NDVI,5020.358022187208
2013-09-06T06:00:00Z,tribes_northern-cheyenne_Northern Cheyenne,Northern Cheyenne,EVI,2114.480021259138
2013-09-06T06:00:00Z,tribes_northern-cheyenne_Northern Cheyenne,Northern Cheyenne,NDVI,4238.706572442236
2013-09-06T06:00:00Z,tribes_crow_Crow,Crow,EVI,2012.6409384410044
2013-09-06T06:00:00Z,tribes_crow_Crow,Crow,NDVI,3804.976874234954
2013-09-06T06:00:00Z,tribes_fort-peck_Fort Peck,Fort Peck,EVI,2147.224435520945
2013-09-06T06:00:00Z,tribes_fort-peck_Fort Peck,Fort Peck,NDVI,3831.9375578299346
2013-09-06T06:00:00Z,tribes_fort-belknap_Fort Belknap,Fort Belknap,EVI,2245.744099536412
2013-09-06T06:00:00Z,tribes_fort-belknap_Fort Belknap,Fort Belknap,NDVI,4360.281823172639
2013-09-06T06:00:00Z,tribes_rocky-boys_Rocky Boy's,Rocky Boy's,EVI,2701.953105755093
2013-09-06T06:00:00Z,tribes_rocky-boys_Rocky Boy's,Rocky Boy's,NDVI,5184.293588978682
2013-09-06T06:00:00Z,tribes_blackfeet_Blackfeet,Blackfeet,EVI,2244.5025712064844
2013-09-06T06:00:00Z,tribes_blackfeet_Blackfeet,Blackfeet,NDVI,4250.8940323130655
2013-09-06T06:00:00Z,tribes_flathead_Flathead,Flathead,EVI,2493.417064864541
2013-09-06T06:00:00Z,tribes_flathead_Flathead,Flathead,NDVI,5182.098613400485
2013-09-22T06:00:00Z,tribes_northern-cheyenne_Northern Cheyenne,Northern Cheyenne,EVI,2339.2025275975716
2013-09-22T06:00:00Z,tribes_northern-cheyenne_Northern Cheyenne,Northern Cheyenne,NDVI,4368.438667653181
2013-09-22T06:00:00Z,tribes_crow_Crow,Crow,EVI,2350.2454344047865
2013-09-22T06:00:00Z,tribes_crow_Crow,Crow,NDVI,4101.292291699191
2013-09-22T06:00:00Z,tribes_fort-peck_Fort Peck,Fort Peck,EVI,1846.6957467661384
2013-09-22T06:00:00Z,tribes_fort-peck_Fort Peck,Fort Peck,NDVI,3534.6304628539638
2013-09-22T06:00:00Z,tribes_fort-belknap_Fort Belknap,Fort Belknap,EVI,2204.545733067625
2013-09-22T06:00:00Z,tribes_fort-belknap_Fort Belknap,Fort Belknap,NDVI,4402.777319372537
2013-09-22T06:00:00Z,tribes_rocky-boys_Rocky Boy's,Rocky Boy's,EVI,2586.6413183540835
2013-09-22T06:00:00Z,tribes_rocky-boys_Rocky Boy's,Rocky Boy's,NDVI,5100.311654706343
2013-09-22T06:00:00Z,tribes_blackfeet_Blackfeet,Blackfeet,EVI,2407.0131743055663
2013-09-22T06:00:00Z,tribes_blackfeet_Blackfeet,Blackfeet,NDVI,3939.8238652645064
2013-09-22T06:00:00Z,tribes_flathead_Flathead,Flathead,EVI,2693.655492515546
2013-09-22T06:00:00Z,tribes_flathead_Flathead,Flathead,NDVI,5137.876900891276
2013-10-08T06:00:00Z,tribes_northern-cheyenne_Northern Cheyenne,Northern Cheyenne,EVI,2126.991647718961
2013-10-08T06:00:00Z,tribes_northern-cheyenne_Northern Cheyenne,Northern Cheyenne,NDVI,4605.414994319646
2013-10-08T06:00:00Z,tribes_crow_Crow,Crow,EVI,2077.566621283252
2013-10-08T06:00:00Z,tribes_crow_Crow,Crow,NDVI,3986.3181132420727
2013-10-08T06:00:00Z,tribes_fort-peck_Fort Peck,Fort Peck,EVI,1652.9205296689197
2013-10-08T06:00:00Z,tribes_fort-peck_Fort Peck,Fort Peck,NDVI,3104.3066108731437
2013-10-08T06:00:00Z,tribes_fort-belknap_Fort Belknap,Fort Belknap,EVI,2025.3001037597903
2013-10-08T06:00:00Z,tribes_fort-belknap_Fort Belknap,Fort Belknap,NDVI,3619.3878226942534
2013-10-08T06:00:00Z,tribes_rocky-boys_Rocky Boy's,Rocky Boy's,EVI,2437.0583891959805
2013-10-08T06:00:00Z,tribes_rocky-boys_Rocky Boy's,Rocky Boy's,NDVI,4023.7171505551164
2013-10-08T06:00:00Z,tribes_blackfeet_Blackfeet,Blackfeet,EVI,1889.4597083798706
2013-10-08T06:00:00Z,tribes_blackfeet_Blackfeet,Blackfeet,NDVI,3384.41291949746
2013-10-08T06:00:00Z,tribes_flathead_Flathead,Flathead,EVI,2468.0973865482674
2013-10-08T06:00:00Z,tribes_flathead_Flathead,Flathead,NDVI,5071.9324060291
2013-10-24T06:00:00Z,tribes_northern-cheyenne_Northern Cheyenne,Northern Cheyenne,EVI,1935.8658763400442
2013-10-24T06:00:00Z,tribes_northern-cheyenne_Northern Cheyenne,Northern Cheyenne,NDVI,4232.329106322472
2013-10-24T06:00:00Z,tribes_crow_Crow,Crow,EVI,2038.2664032572227
2013-10-24T06:00:00Z,tribes_crow_Crow,Crow,NDVI,3966.3026068196045
2013-10-24T06:00:00Z,tribes_fort-peck_Fort Peck,Fort Peck,EVI,1474.5695220086648
2013-10-24T06:00:00Z,tribes_fort-peck_Fort Peck,Fort Peck,NDVI,2819.4324828159615
2013-10-24T06:00:00Z,tribes_fort-belknap_Fort Belknap,Fort Belknap,EVI,1617.296010720218
2013-10-24T06:00:00Z,tribes_fort-belknap_Fort Belknap,Fort Belknap,NDVI,3277.3332566224162
2013-10-24T06:00:00Z,tribes_rocky-boys_Rocky Boy's,Rocky Boy's,EVI,1876.5443855486424
2013-10-24T06:00:00Z,tribes_rocky-boys_Rocky Boy's,Rocky Boy's,NDVI,3830.548747802469
2013-10-24T06:00:00Z,tribes_blackfeet_Blackfeet,Blackfeet,EVI,1686.9923371990683
2013-10-24T06:00:00Z,tribes_blackfeet_Blackfeet,Blackfeet,NDVI,3092.523215673667
2013-10-24T06:00:00Z,tribes_flathead_Flathead,Flathead,EVI,2266.519318944075
2013-10-24T06:00:00Z,tribes_flathead_Flathead,Flathead,NDVI,4864.667974707693
2013-11-09T07:00:00Z,tribes_northern-cheyenne_Northern Cheyenne,Northern Cheyenne,EVI,1853.8488815133067
2013-11-09T07:00:00Z,tribes_northern-cheyenne_Northern Cheyenne,Northern Cheyenne,NDVI,3863.9869559821773
2013-11-09T07:00:00Z,tribes_crow_Crow,Crow,EVI,1851.0248821417679
2013-11-09T07:00:00Z,tribes_crow_Crow,Crow,NDVI,3571.263587484145
2013-11-09T07:00:00Z,tribes_fort-peck_Fort Peck,Fort Peck,EVI,1377.6489319693062
2013-11-09T07:00:00Z,tribes_fort-peck_Fort Peck,Fort Peck,NDVI,2636.194963433886
2013-11-09T07:00:00Z,tribes_fort-belknap_Fort Belknap,Fort Belknap,EVI,1631.4608860156823
2013-11-09T07:00:00Z,tribes_fort-belknap_Fort Belknap,Fort Belknap,NDVI,2901.5151027342818
2013-11-09T07:00:00Z,tribes_rocky-boys_Rocky Boy's,Rocky Boy's,EVI,1738.4305098594969
2013-11-09T07:00:00Z,tribes_rocky-boys_Rocky Boy's,Rocky Boy's,NDVI,2952.995579223233
2013-11-09T07:00:00Z,tribes_blackfeet_Blackfeet,Blackfeet,EVI,1680.1943879956123
2013-11-09T07:00:00Z,tribes_blackfeet_Blackfeet,Blackfeet,NDVI,2543.298045987141
2013-11-09T07:00:00Z,tribes_flathead_Flathead,Flathead,EVI,1952.1325108670683
2013-11-09T07:00:00Z,tribes_flathead_Flathead,Flathead,NDVI,4467.478909976228
2013-11-25T07:00:00Z,tribes_northern-cheyenne_Northern Cheyenne,Northern Cheyenne,EVI,1742.2644849890248
2013-11-25T07:00:00Z,tribes_northern-cheyenne_Northern Cheyenne,Northern Cheyenne,NDVI,3903.262434671184
2013-11-25T07:00:00Z,tribes_crow_Crow,Crow,EVI,1790.8261568736389
2013-11-25T07:00:00Z,tribes_crow_Crow,Crow,NDVI,3271.826704346056
2013-11-25T07:00:00Z,tribes_fort-peck_Fort Peck,Fort Peck,EVI,1460.947430729071
2013-11-25T07:00:00Z,tribes_fort-peck_Fort Peck,Fort Peck,NDVI,2486.150852211051
2013-11-25T07:00:00Z,tribes_fort-belknap_Fort Belknap,Fort Belknap,EVI,1423.54557713538
2013-11-25T07:00:00Z,tribes_fort-belknap_Fort Belknap,Fort Belknap,NDVI,2768.221669008829
2013-11-25T07:00:00Z,tribes_rocky-boys_Rocky Boy's,Rocky Boy's,EVI,1644.5734635565857
2013-11-25T07:00:00Z,tribes_rocky-boys_Rocky Boy's,Rocky Boy's,NDVI,2861.782862856354
2013-11-25T07:00:00Z,tribes_blackfeet_Blackfeet,Blackfeet,EVI,1369.5419642102424
2013-11-25T07:00:00Z,tribes_blackfeet_Blackfeet,Blackfeet,NDVI,2246.941541880662
2013-11-25T07:00:00Z,tribes_flathead_Flathead,Flathead,EVI,1726.0503978282736
2013-11-25T07:00:00Z,tribes_flathead_Flathead,Flathead,NDVI,4200.341605702109
2013-12-11T07:00:00Z,tribes_northern-cheyenne_Northern Cheyenne,Northern Cheyenne,EVI,NA
2013-12-11T07:00:00Z,tribes_northern-cheyenne_Northern Cheyenne,Northern Cheyenne,NDVI,NA
2013-12-11T07:00:00Z,tribes_crow_Crow,Crow,EVI,1182.0584615384616
2013-12-11T07:00:00Z,tribes_crow_Crow,Crow,NDVI,4876.315824175824
2013-12-11T07:00:00Z,tribes_fort-peck_Fort Peck,Fort Peck,EVI,NA
2013-12-11T07:00:00Z,tribes_fort-peck_Fort Peck,Fort Peck,NDVI,NA
2013-12-11T07:00:00Z,tribes_fort-belknap_Fort Belknap,Fort Belknap,EVI,NA
2013-12-11T07:00:00Z,tribes_fort-belknap_Fort Belknap,Fort Belknap,NDVI,NA
2013-12-11T07:00:00Z,tribes_rocky-boys_Rocky Boy's,Rocky Boy's,EVI,NA
2013-12-11T07:00:00Z,tribes_rocky-boys_Rocky Boy's,Rocky Boy's,NDVI,NA
2013-12-11T07:00:00Z,tribes_blackfeet_Blackfeet,Blackfeet,EVI,1265.4018723829283
2013-12-11T07:00:00Z,tribes_blackfeet_Blackfeet,Blackfeet,NDVI,2044.2470614759513
2013-12-11T07:00:00Z,tribes_flathead_Flathead,Flathead,EVI,1670.2083818930835
2013-12-11T07:00:00Z,tribes_flathead_Flathead,Flathead,NDVI,3498.5690628061816
2013-12-27T07:00:00Z,tribes_northern-cheyenne_Northern Cheyenne,Northern Cheyenne,EVI,NA
2013-12-27T07:00:00Z,tribes_northern-cheyenne_Northern Cheyenne,Northern Cheyenne,NDVI,NA
2013-12-27T07:00:00Z,tribes_crow_Crow,Crow,EVI,NA
2013-12-27T07:00:00Z,tribes_crow_Crow,Crow,NDVI,NA
2013-12-27T07:00:00Z,tribes_fort-peck_Fort Peck,Fort Peck,EVI,NA
2013-12-27T07:00:00Z,tribes_fort-peck_Fort Peck,Fort Peck,NDVI,NA
2013-12-27T07:00:00Z,tribes_fort-belknap_Fort Belknap,Fort Belknap,EVI,NA
2013-12-27T07:00:00Z,tribes_fort-belknap_Fort Belknap,Fort Belknap,NDVI,NA
2013-12-27T07:00:00Z,tribes_rocky-boys_Rocky Boy's,Rocky Boy's,EVI,NA
2013-12-27T07:00:00Z,tribes_rocky-boys_Rocky Boy's,Rocky Boy's,NDVI,NA
2013-12-27T07:00:00Z,tribes_blackfeet_Blackfeet,Blackfeet,EVI,993.351353520256
2013-12-27T07:00:00Z,tribes_blackfeet_Blackfeet,Blackfeet,NDVI,1930.1315712002076
2013-12-27T07:00:00Z,tribes_flathead_Flathead,Flathead,EVI,1480.1621579111725
2013-12-27T07:00:00Z,tribes_flathead_Flathead,Flathead,NDVI,2923.1214255848795
2014-01-09T07:00:00Z,tribes_northern-cheyenne_Northern Cheyenne,Northern Cheyenne,EVI,1220.6046878800785
2014-01-09T07:00:00Z,tribes_northern-cheyenne_Northern Cheyenne,Northern Cheyenne,NDVI,2335.427749991857
2014-01-09T07:00:00Z,tribes_crow_Crow,Crow,EVI,1375.312526597921
2014-01-09T07:00:00Z,tribes_crow_Crow,Crow,NDVI,2568.8063346696736
2014-01-09T07:00:00Z,tribes_fort-peck_Fort Peck,Fort Peck,EVI,1175.4594186724212
2014-01-09T07:00:00Z,tribes_fort-peck_Fort Peck,Fort Peck,NDVI,1956.2546141349874
2014-01-09T07:00:00Z,tribes_fort-belknap_Fort Belknap,Fort Belknap,EVI,1219.8263518467004
2014-01-09T07:00:00Z,tribes_fort-belknap_Fort Belknap,Fort Belknap,NDVI,2190.361524079575
2014-01-09T07:00:00Z,tribes_rocky-boys_Rocky Boy's,Rocky Boy's,EVI,1145.1263450663266
2014-01-09T07:00:00Z,tribes_rocky-boys_Rocky Boy's,Rocky Boy's,NDVI,2168.9008048161754
2014-01-09T07:00:00Z,tribes_blackfeet_Blackfeet,Blackfeet,EVI,1156.112621549505
2014-01-09T07:00:00Z,tribes_blackfeet_Blackfeet,Blackfeet,NDVI,2116.615182803547
2014-01-09T07:00:00Z,tribes_flathead_Flathead,Flathead,EVI,1743.155563301044
2014-01-09T07:00:00Z,tribes_flathead_Flathead,Flathead,NDVI,3555.5724667060845
2014-01-25T07:00:00Z,tribes_northern-cheyenne_Northern Cheyenne,Northern Cheyenne,EVI,1317.6333457057744
2014-01-25T07:00:00Z,tribes_northern-cheyenne_Northern Cheyenne,Northern Cheyenne,NDVI,2455.824563946244
2014-01-25T07:00:00Z,tribes_crow_Crow,Crow,EVI,1393.5013083013905
2014-01-25T07:00:00Z,tribes_crow_Crow,Crow,NDVI,2521.67143089337
2014-01-25T07:00:00Z,tribes_fort-peck_Fort Peck,Fort Peck,EVI,1239.1268478802365
2014-01-25T07:00:00Z,tribes_fort-peck_Fort Peck,Fort Peck,NDVI,2036.1548181341043
2014-01-25T07:00:00Z,tribes_fort-belknap_Fort Belknap,Fort Belknap,EVI,1218.1690357661612
2014-01-25T07:00:00Z,tribes_fort-belknap_Fort Belknap,Fort Belknap,NDVI,2213.041406265071
2014-01-25T07:00:00Z,tribes_rocky-boys_Rocky Boy's,Rocky Boy's,EVI,1130.6776850623346
2014-01-25T07:00:00Z,tribes_rocky-boys_Rocky Boy's,Rocky Boy's,NDVI,2138.249303198385
2014-01-25T07:00:00Z,tribes_blackfeet_Blackfeet,Blackfeet,EVI,1135.4287022943563
2014-01-25T07:00:00Z,tribes_blackfeet_Blackfeet,Blackfeet,NDVI,2130.2435513343535
2014-01-25T07:00:00Z,tribes_flathead_Flathead,Flathead,EVI,1556.005552104126
2014-01-25T07:00:00Z,tribes_flathead_Flathead,Flathead,NDVI,3178.269701637203
2014-02-10T07:00:00Z,tribes_northern-cheyenne_Northern Cheyenne,Northern Cheyenne,EVI,1336.2268948070878
2014-02-10T07:00:00Z,tribes_northern-cheyenne_Northern Cheyenne,Northern Cheyenne,NDVI,2491.290594672838
2014-02-10T07:00:00Z,tribes_crow_Crow,Crow,EVI,1396.5356122003989
2014-02-10T07:00:00Z,tribes_crow_Crow,Crow,NDVI,2620.3421806918027
2014-02-10T07:00:00Z,tribes_fort-peck_Fort Peck,Fort Peck,EVI,1256.547859722695
2014-02-10T07:00:00Z,tribes_fort-peck_Fort Peck,Fort Peck,NDVI,2167.3882794054625
2014-02-10T07:00:00Z,tribes_fort-belknap_Fort Belknap,Fort Belknap,EVI,1253.9370067294237
2014-02-10T07:00:00Z,tribes_fort-belknap_Fort Belknap,Fort Belknap,NDVI,2179.6923255494107
2014-02-10T07:00:00Z,tribes_rocky-boys_Rocky Boy's,Rocky Boy's,EVI,1123.233199252647
2014-02-10T07:00:00Z,tribes_rocky-boys_Rocky Boy's,Rocky Boy's,NDVI,2231.9759283786293
2014-02-10T07:00:00Z,tribes_blackfeet_Blackfeet,Blackfeet,EVI,1135.0781272797317
2014-02-10T07:00:00Z,tribes_blackfeet_Blackfeet,Blackfeet,NDVI,1763.2723949358294
2014-02-10T07:00:00Z,tribes_flathead_Flathead,Flathead,EVI,NA
2014-02-10T07:00:00Z,tribes_flathead_Flathead,Flathead,NDVI,NA
2014-02-26T07:00:00Z,tribes_northern-cheyenne_Northern Cheyenne,Northern Cheyenne,EVI,1334.595328198521
2014-02-26T07:00:00Z,tribes_northern-cheyenne_Northern Cheyenne,Northern Cheyenne,NDVI,2476.2468818440884
2014-02-26T07:00:00Z,tribes_crow_Crow,Crow,EVI,1414.7498470528349
2014-02-26T07:00:00Z,tribes_crow_Crow,Crow,NDVI,2643.807446236278
2014-02-26T07:00:00Z,tribes_fort-peck_Fort Peck,Fort Peck,EVI,1216.9306589890714
2014-02-26T07:00:00Z,tribes_fort-peck_Fort Peck,Fort Peck,NDVI,2128.0677927664938
2014-02-26T07:00:00Z,tribes_fort-belknap_Fort Belknap,Fort Belknap,EVI,1290.009324080034
2014-02-26T07:00:00Z,tribes_fort-belknap_Fort Belknap,Fort Belknap,NDVI,2209.9684590848024
2014-02-26T07:00:00Z,tribes_rocky-boys_Rocky Boy's,Rocky Boy's,EVI,1249.3878296046478
2014-02-26T07:00:00Z,tribes_rocky-boys_Rocky Boy's,Rocky Boy's,NDVI,2219.2583420764167
2014-02-26T07:00:00Z,tribes_blackfeet_Blackfeet,Blackfeet,EVI,1121.954723474172
2014-02-26T07:00:00Z,tribes_blackfeet_Blackfeet,Blackfeet,NDVI,2078.6243562970494
2014-02-26T07:00:00Z,tribes_flathead_Flathead,Flathead,EVI,1438.8329008437922
2014-02-26T07:00:00Z,tribes_flathead_Flathead,Flathead,NDVI,2957.1596412576355
2014-03-14T06:00:00Z,tribes_northern-cheyenne_Northern Cheyenne,Northern Cheyenne,EVI,1456.4014070769017
2014-03-14T06:00:00Z,tribes_northern-cheyenne_Northern Cheyenne,Northern Cheyenne,NDVI,2841.890947932586
2014-03-14T06:00:00Z,tribes_crow_Crow,Crow,EVI,1572.7675688120544
2014-03-14T06:00:00Z,tribes_crow_Crow,Crow,NDVI,2921.5561276918534
2014-03-14T06:00:00Z,tribes_fort-peck_Fort Peck,Fort Peck,EVI,1226.2302332601093
2014-03-14T06:00:00Z,tribes_fort-peck_Fort Peck,Fort Peck,NDVI,2032.4806975639817
2014-03-14T06:00:00Z,tribes_fort-belknap_Fort Belknap,Fort Belknap,EVI,1282.7157123222344
2014-03-14T06:00:00Z,tribes_fort-belknap_Fort Belknap,Fort Belknap,NDVI,2234.010333588157
2014-03-14T06:00:00Z,tribes_rocky-boys_Rocky Boy's,Rocky Boy's,EVI,1247.5466630397489
2014-03-14T06:00:00Z,tribes_rocky-boys_Rocky Boy's,Rocky Boy's,NDVI,2272.011651867738
2014-03-14T06:00:00Z,tribes_blackfeet_Blackfeet,Blackfeet,EVI,1145.6221335420548
2014-03-14T06:00:00Z,tribes_blackfeet_Blackfeet,Blackfeet,NDVI,2068.1145977264523
2014-03-14T06:00:00Z,tribes_flathead_Flathead,Flathead,EVI,1730.1147501433916
2014-03-14T06:00:00Z,tribes_flathead_Flathead,Flathead,NDVI,3410.070272453862
2014-03-30T06:00:00Z,tribes_northern-cheyenne_Northern Cheyenne,Northern Cheyenne,EVI,1794.403118016679
2014-03-30T06:00:00Z,tribes_northern-cheyenne_Northern Cheyenne,Northern Cheyenne,NDVI,3339.0504299167483
2014-03-30T06:00:00Z,tribes_crow_Crow,Crow,EVI,1886.1793527636423
2014-03-30T06:00:00Z,tribes_crow_Crow,Crow,NDVI,3308.8820247013264
2014-03-30T06:00:00Z,tribes_fort-peck_Fort Peck,Fort Peck,EVI,1234.5712924179725
2014-03-30T06:00:00Z,tribes_fort-peck_Fort Peck,Fort Peck,NDVI,2036.9624328400262
2014-03-30T06:00:00Z,tribes_fort-belknap_Fort Belknap,Fort Belknap,EVI,1272.6066159829645
2014-03-30T06:00:00Z,tribes_fort-belknap_Fort Belknap,Fort Belknap,NDVI,2372.357652304839
2014-03-30T06:00:00Z,tribes_rocky-boys_Rocky Boy's,Rocky Boy's,EVI,1295.5169998675835
2014-03-30T06:00:00Z,tribes_rocky-boys_Rocky Boy's,Rocky Boy's,NDVI,2401.3256248441126
2014-03-30T06:00:00Z,tribes_blackfeet_Blackfeet,Blackfeet,EVI,1315.507195638277
2014-03-30T06:00:00Z,tribes_blackfeet_Blackfeet,Blackfeet,NDVI,2210.3826409185854
2014-03-30T06:00:00Z,tribes_flathead_Flathead,Flathead,EVI,2211.9598759166984
2014-03-30T06:00:00Z,tribes_flathead_Flathead,Flathead,NDVI,4218.26025478866
2014-04-15T06:00:00Z,tribes_northern-cheyenne_Northern Cheyenne,Northern Cheyenne,EVI,1953.0037330218104
2014-04-15T06:00:00Z,tribes_northern-cheyenne_Northern Cheyenne,Northern Cheyenne,NDVI,3852.8654622343774
2014-04-15T06:00:00Z,tribes_crow_Crow,Crow,EVI,2065.317996433187
2014-04-15T06:00:00Z,tribes_crow_Crow,Crow,NDVI,3718.5434119804154
2014-04-15T06:00:00Z,tribes_fort-peck_Fort Peck,Fort Peck,EVI,1277.08166657596
2014-04-15T06:00:00Z,tribes_fort-peck_Fort Peck,Fort Peck,NDVI,2259.2276288416256
2014-04-15T06:00:00Z,tribes_fort-belknap_Fort Belknap,Fort Belknap,EVI,1461.7657493716074
2014-04-15T06:00:00Z,tribes_fort-belknap_Fort Belknap,Fort Belknap,NDVI,2706.473609432695
2014-04-15T06:00:00Z,tribes_rocky-boys_Rocky Boy's,Rocky Boy's,EVI,1714.941992916888
2014-04-15T06:00:00Z,tribes_rocky-boys_Rocky Boy's,Rocky Boy's,NDVI,3335.6002337574128
2014-04-15T06:00:00Z,tribes_blackfeet_Blackfeet,Blackfeet,EVI,1533.2175573245604
2014-04-15T06:00:00Z,tribes_blackfeet_Blackfeet,Blackfeet,NDVI,2525.3381597853668
2014-04-15T06:00:00Z,tribes_flathead_Flathead,Flathead,EVI,2616.226226829111
2014-04-15T06:00:00Z,tribes_flathead_Flathead,Flathead,NDVI,4847.418238821182
2014-05-01T06:00:00Z,tribes_northern-cheyenne_Northern Cheyenne,Northern Cheyenne,EVI,2688.7331474617317
2014-05-01T06:00:00Z,tribes_northern-cheyenne_Northern Cheyenne,Northern Cheyenne,NDVI,4940.495647266083
2014-05-01T06:00:00Z,tribes_crow_Crow,Crow,EVI,2679.700003336032
2014-05-01T06:00:00Z,tribes_crow_Crow,Crow,NDVI,4370.532102405076
2014-05-01T06:00:00Z,tribes_fort-peck_Fort Peck,Fort Peck,EVI,1441.2422297961864
2014-05-01T06:00:00Z,tribes_fort-peck_Fort Peck,Fort Peck,NDVI,2524.786741579216
2014-05-01T06:00:00Z,tribes_fort-belknap_Fort Belknap,Fort Belknap,EVI,2031.7170486462167
2014-05-01T06:00:00Z,tribes_fort-belknap_Fort Belknap,Fort Belknap,NDVI,3826.0627627106733
2014-05-01T06:00:00Z,tribes_rocky-boys_Rocky Boy's,Rocky Boy's,EVI,2148.9305891735494
2014-05-01T06:00:00Z,tribes_rocky-boys_Rocky Boy's,Rocky Boy's,NDVI,3935.5860436024923
2014-05-01T06:00:00Z,tribes_blackfeet_Blackfeet,Blackfeet,EVI,1699.252757028808
2014-05-01T06:00:00Z,tribes_blackfeet_Blackfeet,Blackfeet,NDVI,2913.8247178953366
2014-05-01T06:00:00Z,tribes_flathead_Flathead,Flathead,EVI,2754.6405735115104
2014-05-01T06:00:00Z,tribes_flathead_Flathead,Flathead,NDVI,5242.45794831356
2014-05-17T06:00:00Z,tribes_northern-cheyenne_Northern Cheyenne,Northern Cheyenne,EVI,3471.514220828416
2014-05-17T06:00:00Z,tribes_northern-cheyenne_Northern Cheyenne,Northern Cheyenne,NDVI,5771.09739873818
2014-05-17T06:00:00Z,tribes_crow_Crow,Crow,EVI,3738.3806925303647
2014-05-17T06:00:00Z,tribes_crow_Crow,Crow,NDVI,5747.122771409028
2014-05-17T06:00:00Z,tribes_fort-peck_Fort Peck,Fort Peck,EVI,2075.4103407323796
2014-05-17T06:00:00Z,tribes_fort-peck_Fort Peck,Fort Peck,NDVI,3456.7541853574403
2014-05-17T06:00:00Z,tribes_fort-belknap_Fort Belknap,Fort Belknap,EVI,2794.4653924460385
2014-05-17T06:00:00Z,tribes_fort-belknap_Fort Belknap,Fort Belknap,NDVI,4657.052512157943
2014-05-17T06:00:00Z,tribes_rocky-boys_Rocky Boy's,Rocky Boy's,EVI,3056.742575492793
2014-05-17T06:00:00Z,tribes_rocky-boys_Rocky Boy's,Rocky Boy's,NDVI,5225.261915937377
2014-05-17T06:00:00Z,tribes_blackfeet_Blackfeet,Blackfeet,EVI,2945.926025666355
2014-05-17T06:00:00Z,tribes_blackfeet_Blackfeet,Blackfeet,NDVI,4553.039412993344
2014-05-17T06:00:00Z,tribes_flathead_Flathead,Flathead,EVI,3395.621659383162
2014-05-17T06:00:00Z,tribes_flathead_Flathead,Flathead,NDVI,5705.010878825156
2014-06-02T06:00:00Z,tribes_northern-cheyenne_Northern Cheyenne,Northern Cheyenne,EVI,3808.183243429736
2014-06-02T06:00:00Z,tribes_northern-cheyenne_Northern Cheyenne,Northern Cheyenne,NDVI,6164.4761275398605
2014-06-02T06:00:00Z,tribes_crow_Crow,Crow,EVI,3948.49207433757
2014-06-02T06:00:00Z,tribes_crow_Crow,Crow,NDVI,6053.549216082673
2014-06-02T06:00:00Z,tribes_fort-peck_Fort Peck,Fort Peck,EVI,2888.3086647065093
2014-06-02T06:00:00Z,tribes_fort-peck_Fort Peck,Fort Peck,NDVI,4873.094460241599
2014-06-02T06:00:00Z,tribes_fort-belknap_Fort Belknap,Fort Belknap,EVI,2831.569112028169
2014-06-02T06:00:00Z,tribes_fort-belknap_Fort Belknap,Fort Belknap,NDVI,4569.16744955618
2014-06-02T06:00:00Z,tribes_rocky-boys_Rocky Boy's,Rocky Boy's,EVI,3609.183200552127
2014-06-02T06:00:00Z,tribes_rocky-boys_Rocky Boy's,Rocky Boy's,NDVI,5640.128726192758
2014-06-02T06:00:00Z,tribes_blackfeet_Blackfeet,Blackfeet,EVI,3118.0123518467376
2014-06-02T06:00:00Z,tribes_blackfeet_Blackfeet,Blackfeet,NDVI,5053.7767582773595
2014-06-02T06:00:00Z,tribes_flathead_Flathead,Flathead,EVI,3447.3316300332976
2014-06-02T06:00:00Z,tribes_flathead_Flathead,Flathead,NDVI,6273.828278673639
2014-06-18T06:00:00Z,tribes_northern-cheyenne_Northern Cheyenne,Northern Cheyenne,EVI,3560.8174279845157
2014-06-18T06:00:00Z,tribes_northern-cheyenne_Northern Cheyenne,Northern Cheyenne,NDVI,6025.317405564305
2014-06-18T06:00:00Z,tribes_crow_Crow,Crow,EVI,3599.126431297515
2014-06-18T06:00:00Z,tribes_crow_Crow,Crow,NDVI,5882.776717425425
2014-06-18T06:00:00Z,tribes_fort-peck_Fort Peck,Fort Peck,EVI,3588.6722339225926
2014-06-18T06:00:00Z,tribes_fort-peck_Fort Peck,Fort Peck,NDVI,5901.355666286966
2014-06-18T06:00:00Z,tribes_fort-belknap_Fort Belknap,Fort Belknap,EVI,3072.3450821182614
2014-06-18T06:00:00Z,tribes_fort-belknap_Fort Belknap,Fort Belknap,NDVI,5025.005878710393
2014-06-18T06:00:00Z,tribes_rocky-boys_Rocky Boy's,Rocky Boy's,EVI,4233.619367450473
2014-06-18T06:00:00Z,tribes_rocky-boys_Rocky Boy's,Rocky Boy's,NDVI,6442.640180545591
2014-06-18T06:00:00Z,tribes_blackfeet_Blackfeet,Blackfeet,EVI,3700.8011144486572
2014-06-18T06:00:00Z,tribes_blackfeet_Blackfeet,Blackfeet,NDVI,5754.904305702059
2014-06-18T06:00:00Z,tribes_flathead_Flathead,Flathead,EVI,3380.7852584021134
2014-06-18T06:00:00Z,tribes_flathead_Flathead,Flathead,NDVI,5893.123805608766
2014-07-04T06:00:00Z,tribes_northern-cheyenne_Northern Cheyenne,Northern Cheyenne,EVI,3183.37657262724
2014-07-04T06:00:00Z,tribes_northern-cheyenne_Northern Cheyenne,Northern Cheyenne,NDVI,5373.827992353894
2014-07-04T06:00:00Z,tribes_crow_Crow,Crow,EVI,3194.6531562086893
2014-07-04T06:00:00Z,tribes_crow_Crow,Crow,NDVI,5220.396733788746
2014-07-04T06:00:00Z,tribes_fort-peck_Fort Peck,Fort Peck,EVI,3685.021194953013
2014-07-04T06:00:00Z,tribes_fort-peck_Fort Peck,Fort Peck,NDVI,5824.5466731702845
2014-07-04T06:00:00Z,tribes_fort-belknap_Fort Belknap,Fort Belknap,EVI,2718.0269531469094
2014-07-04T06:00:00Z,tribes_fort-belknap_Fort Belknap,Fort Belknap,NDVI,4653.361420470749
2014-07-04T06:00:00Z,tribes_rocky-boys_Rocky Boy's,Rocky Boy's,EVI,4022.761622793703
2014-07-04T06:00:00Z,tribes_rocky-boys_Rocky Boy's,Rocky Boy's,NDVI,6490.5501054992965
2014-07-04T06:00:00Z,tribes_blackfeet_Blackfeet,Blackfeet,EVI,3713.7538808502422
2014-07-04T06:00:00Z,tribes_blackfeet_Blackfeet,Blackfeet,NDVI,5862.151206830984
2014-07-04T06:00:00Z,tribes_flathead_Flathead,Flathead,EVI,3106.8462522980817
2014-07-04T06:00:00Z,tribes_flathead_Flathead,Flathead,NDVI,5801.463494315408
2014-07-20T06:00:00Z,tribes_northern-cheyenne_Northern Cheyenne,Northern Cheyenne,EVI,2783.1558014715006
2014-07-20T06:00:00Z,tribes_northern-cheyenne_Northern Cheyenne,Northern Cheyenne,NDVI,4793.055139253438
2014-07-20T06:00:00Z,tribes_crow_Crow,Crow,EVI,2720.616954329208
2014-07-20T06:00:00Z,tribes_crow_Crow,Crow,NDVI,4505.254002325447
2014-07-20T06:00:00Z,tribes_fort-peck_Fort Peck,Fort Peck,EVI,2915.004898886273
2014-07-20T06:00:00Z,tribes_fort-peck_Fort Peck,Fort Peck,NDVI,4893.934454214772
2014-07-20T06:00:00Z,tribes_fort-belknap_Fort Belknap,Fort Belknap,EVI,2579.2797595839893
2014-07-20T06:00:00Z,tribes_fort-belknap_Fort Belknap,Fort Belknap,NDVI,4057.8812925341235
2014-07-20T06:00:00Z,tribes_rocky-boys_Rocky Boy's,Rocky Boy's,EVI,3661.7181523411846
2014-07-20T06:00:00Z,tribes_rocky-boys_Rocky Boy's,Rocky Boy's,NDVI,5674.668914070208
2014-07-20T06:00:00Z,tribes_blackfeet_Blackfeet,Blackfeet,EVI,3316.3534780473046
2014-07-20T06:00:00Z,tribes_blackfeet_Blackfeet,Blackfeet,NDVI,5397.167638923196
2014-07-20T06:00:00Z,tribes_flathead_Flathead,Flathead,EVI,2909.613720929347
2014-07-20T06:00:00Z,tribes_flathead_Flathead,Flathead,NDVI,5582.106529988613
2014-08-05T06:00:00Z,tribes_northern-cheyenne_Northern Cheyenne,Northern Cheyenne,EVI,2384.104782146196
2014-08-05T06:00:00Z,tribes_northern-cheyenne_Northern Cheyenne,Northern Cheyenne,NDVI,4323.571663426659
2014-08-05T06:00:00Z,tribes_crow_Crow,Crow,EVI,2308.089995999216
2014-08-05T06:00:00Z,tribes_crow_Crow,Crow,NDVI,4069.3065549898392
2014-08-05T06:00:00Z,tribes_fort-peck_Fort Peck,Fort Peck,EVI,2227.9485868508673
2014-08-05T06:00:00Z,tribes_fort-peck_Fort Peck,Fort Peck,NDVI,3873.03080773164
2014-08-05T06:00:00Z,tribes_fort-belknap_Fort Belknap,Fort Belknap,EVI,2163.136054108653
2014-08-05T06:00:00Z,tribes_fort-belknap_Fort Belknap,Fort Belknap,NDVI,3672.8043242001654
2014-08-05T06:00:00Z,tribes_rocky-boys_Rocky Boy's,Rocky Boy's,EVI,3262.257921049038
2014-08-05T06:00:00Z,tribes_rocky-boys_Rocky Boy's,Rocky Boy's,NDVI,5090.527439138773
2014-08-05T06:00:00Z,tribes_blackfeet_Blackfeet,Blackfeet,EVI,3016.320164951344
2014-08-05T06:00:00Z,tribes_blackfeet_Blackfeet,Blackfeet,NDVI,4814.988494488187
2014-08-05T06:00:00Z,tribes_flathead_Flathead,Flathead,EVI,2761.5577408020395
2014-08-05T06:00:00Z,tribes_flathead_Flathead,Flathead,NDVI,5124.5399274464025
2014-08-21T06:00:00Z,tribes_northern-cheyenne_Northern Cheyenne,Northern Cheyenne,EVI,2239.3914948982265
2014-08-21T06:00:00Z,tribes_northern-cheyenne_Northern Cheyenne,Northern Cheyenne,NDVI,4681.5647795193845
2014-08-21T06:00:00Z,tribes_crow_Crow,Crow,EVI,2319.183747494769
2014-08-21T06:00:00Z,tribes_crow_Crow,Crow,NDVI,4236.326661677002
2014-08-21T06:00:00Z,tribes_fort-peck_Fort Peck,Fort Peck,EVI,1775.0674527479498
2014-08-21T06:00:00Z,tribes_fort-peck_Fort Peck,Fort Peck,NDVI,3616.5881745906895
2014-08-21T06:00:00Z,tribes_fort-belknap_Fort Belknap,Fort Belknap,EVI,2087.390180091473
2014-08-21T06:00:00Z,tribes_fort-belknap_Fort Belknap,Fort Belknap,NDVI,3750.74219788575
2014-08-21T06:00:00Z,tribes_rocky-boys_Rocky Boy's,Rocky Boy's,EVI,2971.8915658986507
2014-08-21T06:00:00Z,tribes_rocky-boys_Rocky Boy's,Rocky Boy's,NDVI,5174.976001051534
2014-08-21T06:00:00Z,tribes_blackfeet_Blackfeet,Blackfeet,EVI,2601.961239267415
2014-08-21T06:00:00Z,tribes_blackfeet_Blackfeet,Blackfeet,NDVI,4569.801918815669
2014-08-21T06:00:00Z,tribes_flathead_Flathead,Flathead,EVI,2766.63288719942
2014-08-21T06:00:00Z,tribes_flathead_Flathead,Flathead,NDVI,5321.549180594126
2014-09-06T06:00:00Z,tribes_northern-cheyenne_Northern Cheyenne,Northern Cheyenne,EVI,2252.288045484923
2014-09-06T06:00:00Z,tribes_northern-cheyenne_Northern Cheyenne,Northern Cheyenne,NDVI,4486.525230660886
2014-09-06T06:00:00Z,tribes_crow_Crow,Crow,EVI,2293.6883228608763
2014-09-06T06:00:00Z,tribes_crow_Crow,Crow,NDVI,4291.72589330985
2014-09-06T06:00:00Z,tribes_fort-peck_Fort Peck,Fort Peck,EVI,1862.3890728902265
2014-09-06T06:00:00Z,tribes_fort-peck_Fort Peck,Fort Peck,NDVI,3603.8406740911264
2014-09-06T06:00:00Z,tribes_fort-belknap_Fort Belknap,Fort Belknap,EVI,2182.555956725129
2014-09-06T06:00:00Z,tribes_fort-belknap_Fort Belknap,Fort Belknap,NDVI,4217.663632177696
2014-09-06T06:00:00Z,tribes_rocky-boys_Rocky Boy's,Rocky Boy's,EVI,2901.6005915558835
2014-09-06T06:00:00Z,tribes_rocky-boys_Rocky Boy's,Rocky Boy's,NDVI,5410.374779004432
2014-09-06T06:00:00Z,tribes_blackfeet_Blackfeet,Blackfeet,EVI,2367.16890960294
2014-09-06T06:00:00Z,tribes_blackfeet_Blackfeet,Blackfeet,NDVI,4436.258106303847
2014-09-06T06:00:00Z,tribes_flathead_Flathead,Flathead,EVI,2446.3568142288764
2014-09-06T06:00:00Z,tribes_flathead_Flathead,Flathead,NDVI,5190.347085460804
2014-09-22T06:00:00Z,tribes_northern-cheyenne_Northern Cheyenne,Northern Cheyenne,EVI,2125.492613249282
2014-09-22T06:00:00Z,tribes_northern-cheyenne_Northern Cheyenne,Northern Cheyenne,NDVI,4633.193153279592
2014-09-22T06:00:00Z,tribes_crow_Crow,Crow,EVI,2209.2277846812367
2014-09-22T06:00:00Z,tribes_crow_Crow,Crow,NDVI,4488.21760224734
2014-09-22T06:00:00Z,tribes_fort-peck_Fort Peck,Fort Peck,EVI,1797.4278695117737
2014-09-22T06:00:00Z,tribes_fort-peck_Fort Peck,Fort Peck,NDVI,3486.960609355532
2014-09-22T06:00:00Z,tribes_fort-belknap_Fort Belknap,Fort Belknap,EVI,2360.3020896997955
2014-09-22T06:00:00Z,tribes_fort-belknap_Fort Belknap,Fort Belknap,NDVI,4548.564961080041
2014-09-22T06:00:00Z,tribes_rocky-boys_Rocky Boy's,Rocky Boy's,EVI,2675.3061508746237
2014-09-22T06:00:00Z,tribes_rocky-boys_Rocky Boy's,Rocky Boy's,NDVI,5118.227447041968
2014-09-22T06:00:00Z,tribes_blackfeet_Blackfeet,Blackfeet,EVI,2106.601874370425
2014-09-22T06:00:00Z,tribes_blackfeet_Blackfeet,Blackfeet,NDVI,3916.5798273740425
2014-09-22T06:00:00Z,tribes_flathead_Flathead,Flathead,EVI,2430.716327204686
2014-09-22T06:00:00Z,tribes_flathead_Flathead,Flathead,NDVI,4784.458108967504
2014-10-08T06:00:00Z,tribes_northern-cheyenne_Northern Cheyenne,Northern Cheyenne,EVI,1999.5935274846136
2014-10-08T06:00:00Z,tribes_northern-cheyenne_Northern Cheyenne,Northern Cheyenne,NDVI,4186.668824733566
2014-10-08T06:00:00Z,tribes_crow_Crow,Crow,EVI,2055.0364640288303
2014-10-08T06:00:00Z,tribes_crow_Crow,Crow,NDVI,4051.2170849507925
2014-10-08T06:00:00Z,tribes_fort-peck_Fort Peck,Fort Peck,EVI,1723.7842844536372
2014-10-08T06:00:00Z,tribes_fort-peck_Fort Peck,Fort Peck,NDVI,3290.8242008472353
2014-10-08T06:00:00Z,tribes_fort-belknap_Fort Belknap,Fort Belknap,EVI,2289.014867972051
2014-10-08T06:00:00Z,tribes_fort-belknap_Fort Belknap,Fort Belknap,NDVI,4527.736852436685
2014-10-08T06:00:00Z,tribes_rocky-boys_Rocky Boy's,Rocky Boy's,EVI,2439.472992536265
2014-10-08T06:00:00Z,tribes_rocky-boys_Rocky Boy's,Rocky Boy's,NDVI,4873.064589843689
2014-10-08T06:00:00Z,tribes_blackfeet_Blackfeet,Blackfeet,EVI,1887.555815911336
2014-10-08T06:00:00Z,tribes_blackfeet_Blackfeet,Blackfeet,NDVI,3519.5450125967036
2014-10-08T06:00:00Z,tribes_flathead_Flathead,Flathead,EVI,2159.652388186189
2014-10-08T06:00:00Z,tribes_flathead_Flathead,Flathead,NDVI,4818.389019260672
2014-10-24T06:00:00Z,tribes_northern-cheyenne_Northern Cheyenne,Northern Cheyenne,EVI,1825.3573019989813
2014-10-24T06:00:00Z,tribes_northern-cheyenne_Northern Cheyenne,Northern Cheyenne,NDVI,4091.5802331188506
2014-10-24T06:00:00Z,tribes_crow_Crow,Crow,EVI,1870.9603291821413
2014-10-24T06:00:00Z,tribes_crow_Crow,Crow,NDVI,3739.164835616364
2014-10-24T06:00:00Z,tribes_fort-peck_Fort Peck,Fort Peck,EVI,1646.3266382784598
2014-10-24T06:00:00Z,tribes_fort-peck_Fort Peck,Fort Peck,NDVI,3053.436610239932
2014-10-24T06:00:00Z,tribes_fort-belknap_Fort Belknap,Fort Belknap,EVI,2134.4391016509558
2014-10-24T06:00:00Z,tribes_fort-belknap_Fort Belknap,Fort Belknap,NDVI,4304.822711539045
2014-10-24T06:00:00Z,tribes_rocky-boys_Rocky Boy's,Rocky Boy's,EVI,2147.6162572946296
2014-10-24T06:00:00Z,tribes_rocky-boys_Rocky Boy's,Rocky Boy's,NDVI,4430.09336348594
2014-10-24T06:00:00Z,tribes_blackfeet_Blackfeet,Blackfeet,EVI,1710.7707304836715
2014-10-24T06:00:00Z,tribes_blackfeet_Blackfeet,Blackfeet,NDVI,3071.7778884761906
2014-10-24T06:00:00Z,tribes_flathead_Flathead,Flathead,EVI,2394.383487115661
2014-10-24T06:00:00Z,tribes_flathead_Flathead,Flathead,NDVI,4876.37020541329
2014-11-09T07:00:00Z,tribes_northern-cheyenne_Northern Cheyenne,Northern Cheyenne,EVI,1509.220950699274
2014-11-09T07:00:00Z,tribes_northern-cheyenne_Northern Cheyenne,Northern Cheyenne,NDVI,2776.8514371743468
2014-11-09T07:00:00Z,tribes_crow_Crow,Crow,EVI,1585.9653909103279
2014-11-09T07:00:00Z,tribes_crow_Crow,Crow,NDVI,2982.6396266461256
2014-11-09T07:00:00Z,tribes_fort-peck_Fort Peck,Fort Peck,EVI,1717.3464314986613
2014-11-09T07:00:00Z,tribes_fort-peck_Fort Peck,Fort Peck,NDVI,2799.8328588885956
2014-11-09T07:00:00Z,tribes_fort-belknap_Fort Belknap,Fort Belknap,EVI,2074.244584738048
2014-11-09T07:00:00Z,tribes_fort-belknap_Fort Belknap,Fort Belknap,NDVI,3111.1188009608236
2014-11-09T07:00:00Z,tribes_rocky-boys_Rocky Boy's,Rocky Boy's,EVI,1830.8765564364626
2014-11-09T07:00:00Z,tribes_rocky-boys_Rocky Boy's,Rocky Boy's,NDVI,3414.4014244792365
2014-11-09T07:00:00Z,tribes_blackfeet_Blackfeet,Blackfeet,EVI,1494.5991385399877
2014-11-09T07:00:00Z,tribes_blackfeet_Blackfeet,Blackfeet,NDVI,2603.585202300593
2014-11-09T07:00:00Z,tribes_flathead_Flathead,Flathead,EVI,1716.4189178678703
2014-11-09T07:00:00Z,tribes_flathead_Flathead,Flathead,NDVI,3786.78004627901
2014-11-25T07:00:00Z,tribes_northern-cheyenne_Northern Cheyenne,Northern Cheyenne,EVI,1772.413391307258
2014-11-25T07:00:00Z,tribes_northern-cheyenne_Northern Cheyenne,Northern Cheyenne,NDVI,3487.8799746541567
2014-11-25T07:00:00Z,tribes_crow_Crow,Crow,EVI,1647.1516025100193
2014-11-25T07:00:00Z,tribes_crow_Crow,Crow,NDVI,2602.209129951192
2014-11-25T07:00:00Z,tribes_fort-peck_Fort Peck,Fort Peck,EVI,1223.771286181475
2014-11-25T07:00:00Z,tribes_fort-peck_Fort Peck,Fort Peck,NDVI,2561.0604803561723
2014-11-25T07:00:00Z,tribes_fort-belknap_Fort Belknap,Fort Belknap,EVI,1673.7587752745308
2014-11-25T07:00:00Z,tribes_fort-belknap_Fort Belknap,Fort Belknap,NDVI,3064.825192886583
2014-11-25T07:00:00Z,tribes_rocky-boys_Rocky Boy's,Rocky Boy's,EVI,1683.6503835370875
2014-11-25T07:00:00Z,tribes_rocky-boys_Rocky Boy's,Rocky Boy's,NDVI,3153.4644869833623
2014-11-25T07:00:00Z,tribes_blackfeet_Blackfeet,Blackfeet,EVI,1448.4792749698292
2014-11-25T07:00:00Z,tribes_blackfeet_Blackfeet,Blackfeet,NDVI,2606.3786209171826
2014-11-25T07:00:00Z,tribes_flathead_Flathead,Flathead,EVI,442.6756389342034
2014-11-25T07:00:00Z,tribes_flathead_Flathead,Flathead,NDVI,3711.8269439912997
2014-12-11T07:00:00Z,tribes_northern-cheyenne_Northern Cheyenne,Northern Cheyenne,EVI,1632.247229060974
2014-12-11T07:00:00Z,tribes_northern-cheyenne_Northern Cheyenne,Northern Cheyenne,NDVI,2936.257553569902
2014-12-11T07:00:00Z,tribes_crow_Crow,Crow,EVI,1682.6279942767037
2014-12-11T07:00:00Z,tribes_crow_Crow,Crow,NDVI,2618.2933774636144
2014-12-11T07:00:00Z,tribes_fort-peck_Fort Peck,Fort Peck,EVI,1390.8668926134133
2014-12-11T07:00:00Z,tribes_fort-peck_Fort Peck,Fort Peck,NDVI,2448.3994922490288
2014-12-11T07:00:00Z,tribes_fort-belknap_Fort Belknap,Fort Belknap,EVI,1376.0422260422674
2014-12-11T07:00:00Z,tribes_fort-belknap_Fort Belknap,Fort Belknap,NDVI,2664.0549720675012
2014-12-11T07:00:00Z,tribes_rocky-boys_Rocky Boy's,Rocky Boy's,EVI,1576.9171178048312
2014-12-11T07:00:00Z,tribes_rocky-boys_Rocky Boy's,Rocky Boy's,NDVI,2729.0596423997845
2014-12-11T07:00:00Z,tribes_blackfeet_Blackfeet,Blackfeet,EVI,1367.6782511989127
2014-12-11T07:00:00Z,tribes_blackfeet_Blackfeet,Blackfeet,NDVI,2277.009612702265
2014-12-11T07:00:00Z,tribes_flathead_Flathead,Flathead,EVI,1470.1739169395616
2014-12-11T07:00:00Z,tribes_flathead_Flathead,Flathead,NDVI,3653.134921636573
2014-12-27T07:00:00Z,tribes_northern-cheyenne_Northern Cheyenne,Northern Cheyenne,EVI,NA
2014-12-27T07:00:00Z,tribes_northern-cheyenne_Northern Cheyenne,Northern Cheyenne,NDVI,NA
2014-12-27T07:00:00Z,tribes_crow_Crow,Crow,EVI,NA
2014-12-27T07:00:00Z,tribes_crow_Crow,Crow,NDVI,NA
2014-12-27T07:00:00Z,tribes_fort-peck_Fort Peck,Fort Peck,EVI,1151.7791351043525
2014-12-27T07:00:00Z,tribes_fort-peck_Fort Peck,Fort Peck,NDVI,2871.046041660646
2014-12-27T07:00:00Z,tribes_fort-belknap_Fort Belknap,Fort Belknap,EVI,1402.5072674228525
2014-12-27T07:00:00Z,tribes_fort-belknap_Fort Belknap,Fort Belknap,NDVI,2409.2245218807966
2014-12-27T07:00:00Z,tribes_rocky-boys_Rocky Boy's,Rocky Boy's,EVI,NA
2014-12-27T07:00:00Z,tribes_rocky-boys_Rocky Boy's,Rocky Boy's,NDVI,NA
2014-12-27T07:00:00Z,tribes_blackfeet_Blackfeet,Blackfeet,EVI,NA
2014-12-27T07:00:00Z,tribes_blackfeet_Blackfeet,Blackfeet,NDVI,NA
2014-12-27T07:00:00Z,tribes_flathead_Flathead,Flathead,EVI,112
2014-12-27T07:00:00Z,tribes_flathead_Flathead,Flathead,NDVI,641
2015-01-09T07:00:00Z,tribes_northern-cheyenne_Northern Cheyenne,Northern Cheyenne,EVI,NA
2015-01-09T07:00:00Z,tribes_northern-cheyenne_Northern Cheyenne,Northern Cheyenne,NDVI,NA
2015-01-09T07:00:00Z,tribes_crow_Crow,Crow,EVI,1371.2377249676765
2015-01-09T07:00:00Z,tribes_crow_Crow,Crow,NDVI,2441.393218568895
2015-01-09T07:00:00Z,tribes_fort-peck_Fort Peck,Fort Peck,EVI,1120.5592813000687
2015-01-09T07:00:00Z,tribes_fort-peck_Fort Peck,Fort Peck,NDVI,2067.644897128761
2015-01-09T07:00:00Z,tribes_fort-belknap_Fort Belknap,Fort Belknap,EVI,1365.3109122495093
2015-01-09T07:00:00Z,tribes_fort-belknap_Fort Belknap,Fort Belknap,NDVI,2376.0741149962305
2015-01-09T07:00:00Z,tribes_rocky-boys_Rocky Boy's,Rocky Boy's,EVI,NA
2015-01-09T07:00:00Z,tribes_rocky-boys_Rocky Boy's,Rocky Boy's,NDVI,NA
2015-01-09T07:00:00Z,tribes_blackfeet_Blackfeet,Blackfeet,EVI,1062.7754736828358
2015-01-09T07:00:00Z,tribes_blackfeet_Blackfeet,Blackfeet,NDVI,1908.4139549045588
2015-01-09T07:00:00Z,tribes_flathead_Flathead,Flathead,EVI,1244.0646167557932
2015-01-09T07:00:00Z,tribes_flathead_Flathead,Flathead,NDVI,2188.8008021390374
2015-01-25T07:00:00Z,tribes_northern-cheyenne_Northern Cheyenne,Northern Cheyenne,EVI,1395.6821579433752
2015-01-25T07:00:00Z,tribes_northern-cheyenne_Northern Cheyenne,Northern Cheyenne,NDVI,3060.85235427757
2015-01-25T07:00:00Z,tribes_crow_Crow,Crow,EVI,1231.859535081574
2015-01-25T07:00:00Z,tribes_crow_Crow,Crow,NDVI,2533.2140464951067
2015-01-25T07:00:00Z,tribes_fort-peck_Fort Peck,Fort Peck,EVI,1141.4151669554171
2015-01-25T07:00:00Z,tribes_fort-peck_Fort Peck,Fort Peck,NDVI,2240.331259317731
2015-01-25T07:00:00Z,tribes_fort-belknap_Fort Belknap,Fort Belknap,EVI,1338.8831242162096
2015-01-25T07:00:00Z,tribes_fort-belknap_Fort Belknap,Fort Belknap,NDVI,2812.888927933668
2015-01-25T07:00:00Z,tribes_rocky-boys_Rocky Boy's,Rocky Boy's,EVI,1293.632594967944
2015-01-25T07:00:00Z,tribes_rocky-boys_Rocky Boy's,Rocky Boy's,NDVI,2554.910076590023
2015-01-25T07:00:00Z,tribes_blackfeet_Blackfeet,Blackfeet,EVI,1201.0453081166008
2015-01-25T07:00:00Z,tribes_blackfeet_Blackfeet,Blackfeet,NDVI,2241.6595799325796
2015-01-25T07:00:00Z,tribes_flathead_Flathead,Flathead,EVI,1609.8050398875212
2015-01-25T07:00:00Z,tribes_flathead_Flathead,Flathead,NDVI,3664.2814104045788
2015-02-10T07:00:00Z,tribes_northern-cheyenne_Northern Cheyenne,Northern Cheyenne,EVI,1538.080088247472
2015-02-10T07:00:00Z,tribes_northern-cheyenne_Northern Cheyenne,Northern Cheyenne,NDVI,3071.941705006865
2015-02-10T07:00:00Z,tribes_crow_Crow,Crow,EVI,1341.8304253681058
2015-02-10T07:00:00Z,tribes_crow_Crow,Crow,NDVI,2555.6600538060743
2015-02-10T07:00:00Z,tribes_fort-peck_Fort Peck,Fort Peck,EVI,1136.7639262187688
2015-02-10T07:00:00Z,tribes_fort-peck_Fort Peck,Fort Peck,NDVI,2121.067807855264
2015-02-10T07:00:00Z,tribes_fort-belknap_Fort Belknap,Fort Belknap,EVI,1372.088901845999
2015-02-10T07:00:00Z,tribes_fort-belknap_Fort Belknap,Fort Belknap,NDVI,2706.886442011083
2015-02-10T07:00:00Z,tribes_rocky-boys_Rocky Boy's,Rocky Boy's,EVI,1338.8387531084343
2015-02-10T07:00:00Z,tribes_rocky-boys_Rocky Boy's,Rocky Boy's,NDVI,2691.0052278936496
2015-02-10T07:00:00Z,tribes_blackfeet_Blackfeet,Blackfeet,EVI,1247.752566188085
2015-02-10T07:00:00Z,tribes_blackfeet_Blackfeet,Blackfeet,NDVI,2318.982497955683
2015-02-10T07:00:00Z,tribes_flathead_Flathead,Flathead,EVI,1869.4569331220077
2015-02-10T07:00:00Z,tribes_flathead_Flathead,Flathead,NDVI,3983.6129373623935
2015-02-26T07:00:00Z,tribes_northern-cheyenne_Northern Cheyenne,Northern Cheyenne,EVI,1485.8118875529708
2015-02-26T07:00:00Z,tribes_northern-cheyenne_Northern Cheyenne,Northern Cheyenne,NDVI,2934.409808040307
2015-02-26T07:00:00Z,tribes_crow_Crow,Crow,EVI,1326.252067522316
2015-02-26T07:00:00Z,tribes_crow_Crow,Crow,NDVI,2468.8793129125934
2015-02-26T07:00:00Z,tribes_fort-peck_Fort Peck,Fort Peck,EVI,1139.9795371035507
2015-02-26T07:00:00Z,tribes_fort-peck_Fort Peck,Fort Peck,NDVI,2152.0658962380685
2015-02-26T07:00:00Z,tribes_fort-belknap_Fort Belknap,Fort Belknap,EVI,1340.344941028398
2015-02-26T07:00:00Z,tribes_fort-belknap_Fort Belknap,Fort Belknap,NDVI,2507.3234318596114
2015-02-26T07:00:00Z,tribes_rocky-boys_Rocky Boy's,Rocky Boy's,EVI,1377.7716966351559
2015-02-26T07:00:00Z,tribes_rocky-boys_Rocky Boy's,Rocky Boy's,NDVI,2564.499243538526
2015-02-26T07:00:00Z,tribes_blackfeet_Blackfeet,Blackfeet,EVI,1183.2114103625986
2015-02-26T07:00:00Z,tribes_blackfeet_Blackfeet,Blackfeet,NDVI,2125.8039849681886
2015-02-26T07:00:00Z,tribes_flathead_Flathead,Flathead,EVI,1946.9579767389246
2015-02-26T07:00:00Z,tribes_flathead_Flathead,Flathead,NDVI,3984.9203516600446
2015-03-14T06:00:00Z,tribes_northern-cheyenne_Northern Cheyenne,Northern Cheyenne,EVI,1718.5551233594354
2015-03-14T06:00:00Z,tribes_northern-cheyenne_Northern Cheyenne,Northern Cheyenne,NDVI,3289.243469752612
2015-03-14T06:00:00Z,tribes_crow_Crow,Crow,EVI,1654.8230835090753
2015-03-14T06:00:00Z,tribes_crow_Crow,Crow,NDVI,2930.450855742886
2015-03-14T06:00:00Z,tribes_fort-peck_Fort Peck,Fort Peck,EVI,1187.3397981735914
2015-03-14T06:00:00Z,tribes_fort-peck_Fort Peck,Fort Peck,NDVI,2293.7678241302915
2015-03-14T06:00:00Z,tribes_fort-belknap_Fort Belknap,Fort Belknap,EVI,1492.3842276026726
2015-03-14T06:00:00Z,tribes_fort-belknap_Fort Belknap,Fort Belknap,NDVI,2732.4638319020014
2015-03-14T06:00:00Z,tribes_rocky-boys_Rocky Boy's,Rocky Boy's,EVI,1585.0205855842748
2015-03-14T06:00:00Z,tribes_rocky-boys_Rocky Boy's,Rocky Boy's,NDVI,2953.176448868346
2015-03-14T06:00:00Z,tribes_blackfeet_Blackfeet,Blackfeet,EVI,1380.3456144991737
2015-03-14T06:00:00Z,tribes_blackfeet_Blackfeet,Blackfeet,NDVI,2409.7292683909677
2015-03-14T06:00:00Z,tribes_flathead_Flathead,Flathead,EVI,2430.2581685214927
2015-03-14T06:00:00Z,tribes_flathead_Flathead,Flathead,NDVI,4738.882930023275
2015-03-30T06:00:00Z,tribes_northern-cheyenne_Northern Cheyenne,Northern Cheyenne,EVI,1779.414471949858
2015-03-30T06:00:00Z,tribes_northern-cheyenne_Northern Cheyenne,Northern Cheyenne,NDVI,3446.412403049396
2015-03-30T06:00:00Z,tribes_crow_Crow,Crow,EVI,1900.0733601045908
2015-03-30T06:00:00Z,tribes_crow_Crow,Crow,NDVI,3479.35288369396
2015-03-30T06:00:00Z,tribes_fort-peck_Fort Peck,Fort Peck,EVI,1329.664247572055
2015-03-30T06:00:00Z,tribes_fort-peck_Fort Peck,Fort Peck,NDVI,2369.3588561518904
2015-03-30T06:00:00Z,tribes_fort-belknap_Fort Belknap,Fort Belknap,EVI,1796.492993808124
2015-03-30T06:00:00Z,tribes_fort-belknap_Fort Belknap,Fort Belknap,NDVI,3227.3979929714224
2015-03-30T06:00:00Z,tribes_rocky-boys_Rocky Boy's,Rocky Boy's,EVI,1864.216167001143
2015-03-30T06:00:00Z,tribes_rocky-boys_Rocky Boy's,Rocky Boy's,NDVI,3434.7882363653525
2015-03-30T06:00:00Z,tribes_blackfeet_Blackfeet,Blackfeet,EVI,1535.1507863711377
2015-03-30T06:00:00Z,tribes_blackfeet_Blackfeet,Blackfeet,NDVI,2680.5245320524778
2015-03-30T06:00:00Z,tribes_flathead_Flathead,Flathead,EVI,2543.641057731982
2015-03-30T06:00:00Z,tribes_flathead_Flathead,Flathead,NDVI,4731.695520204956
2015-04-15T06:00:00Z,tribes_northern-cheyenne_Northern Cheyenne,Northern Cheyenne,EVI,1995.886940403819
2015-04-15T06:00:00Z,tribes_northern-cheyenne_Northern Cheyenne,Northern Cheyenne,NDVI,3770.737780174823
2015-04-15T06:00:00Z,tribes_crow_Crow,Crow,EVI,2331.7137408610515
2015-04-15T06:00:00Z,tribes_crow_Crow,Crow,NDVI,3937.820795223789
2015-04-15T06:00:00Z,tribes_fort-peck_Fort Peck,Fort Peck,EVI,1480.3404510608395
2015-04-15T06:00:00Z,tribes_fort-peck_Fort Peck,Fort Peck,NDVI,2592.3583022385974
2015-04-15T06:00:00Z,tribes_fort-belknap_Fort Belknap,Fort Belknap,EVI,2131.729170114845
2015-04-15T06:00:00Z,tribes_fort-belknap_Fort Belknap,Fort Belknap,NDVI,3696.7303080005695
2015-04-15T06:00:00Z,tribes_rocky-boys_Rocky Boy's,Rocky Boy's,EVI,2194.371894196756
2015-04-15T06:00:00Z,tribes_rocky-boys_Rocky Boy's,Rocky Boy's,NDVI,4072.5984795697605
2015-04-15T06:00:00Z,tribes_blackfeet_Blackfeet,Blackfeet,EVI,1992.6019550501308
2015-04-15T06:00:00Z,tribes_blackfeet_Blackfeet,Blackfeet,NDVI,3395.0377400425928
2015-04-15T06:00:00Z,tribes_flathead_Flathead,Flathead,EVI,2896.4307610277583
2015-04-15T06:00:00Z,tribes_flathead_Flathead,Flathead,NDVI,5275.427612931995
2015-05-01T06:00:00Z,tribes_northern-cheyenne_Northern Cheyenne,Northern Cheyenne,EVI,2384.2902245908326
2015-05-01T06:00:00Z,tribes_northern-cheyenne_Northern Cheyenne,Northern Cheyenne,NDVI,3967.7417155882035
2015-05-01T06:00:00Z,tribes_crow_Crow,Crow,EVI,2623.3351217197564
2015-05-01T06:00:00Z,tribes_crow_Crow,Crow,NDVI,4217.977636446542
2015-05-01T06:00:00Z,tribes_fort-peck_Fort Peck,Fort Peck,EVI,1793.3212161774775
2015-05-01T06:00:00Z,tribes_fort-peck_Fort Peck,Fort Peck,NDVI,3047.069445455942
2015-05-01T06:00:00Z,tribes_fort-belknap_Fort Belknap,Fort Belknap,EVI,2545.4513918948437
2015-05-01T06:00:00Z,tribes_fort-belknap_Fort Belknap,Fort Belknap,NDVI,4077.447234312378
2015-05-01T06:00:00Z,tribes_rocky-boys_Rocky Boy's,Rocky Boy's,EVI,2530.1933191965186
2015-05-01T06:00:00Z,tribes_rocky-boys_Rocky Boy's,Rocky Boy's,NDVI,4285.079203498558
2015-05-01T06:00:00Z,tribes_blackfeet_Blackfeet,Blackfeet,EVI,2251.889896701293
2015-05-01T06:00:00Z,tribes_blackfeet_Blackfeet,Blackfeet,NDVI,3643.5622691524236
2015-05-01T06:00:00Z,tribes_flathead_Flathead,Flathead,EVI,2956.085531110265
2015-05-01T06:00:00Z,tribes_flathead_Flathead,Flathead,NDVI,5364.691238611704
2015-05-17T06:00:00Z,tribes_northern-cheyenne_Northern Cheyenne,Northern Cheyenne,EVI,2560.834798372371
2015-05-17T06:00:00Z,tribes_northern-cheyenne_Northern Cheyenne,Northern Cheyenne,NDVI,4506.924841648028
2015-05-17T06:00:00Z,tribes_crow_Crow,Crow,EVI,3037.8645474843743
2015-05-17T06:00:00Z,tribes_crow_Crow,Crow,NDVI,5057.443691866311
2015-05-17T06:00:00Z,tribes_fort-peck_Fort Peck,Fort Peck,EVI,2258.31029710187
2015-05-17T06:00:00Z,tribes_fort-peck_Fort Peck,Fort Peck,NDVI,3569.990838130169
2015-05-17T06:00:00Z,tribes_fort-belknap_Fort Belknap,Fort Belknap,EVI,2688.044712385137
2015-05-17T06:00:00Z,tribes_fort-belknap_Fort Belknap,Fort Belknap,NDVI,4530.84361913454
2015-05-17T06:00:00Z,tribes_rocky-boys_Rocky Boy's,Rocky Boy's,EVI,3235.157469020568
2015-05-17T06:00:00Z,tribes_rocky-boys_Rocky Boy's,Rocky Boy's,NDVI,5550.52055915653
2015-05-17T06:00:00Z,tribes_blackfeet_Blackfeet,Blackfeet,EVI,2359.2499609469214
2015-05-17T06:00:00Z,tribes_blackfeet_Blackfeet,Blackfeet,NDVI,4095.347121268637
2015-05-17T06:00:00Z,tribes_flathead_Flathead,Flathead,EVI,3112.868045924525
2015-05-17T06:00:00Z,tribes_flathead_Flathead,Flathead,NDVI,5632.144949765925
2015-06-02T06:00:00Z,tribes_northern-cheyenne_Northern Cheyenne,Northern Cheyenne,EVI,2747.7553010287825
2015-06-02T06:00:00Z,tribes_northern-cheyenne_Northern Cheyenne,Northern Cheyenne,NDVI,5147.89875281642
2015-06-02T06:00:00Z,tribes_crow_Crow,Crow,EVI,3336.020060600861
2015-06-02T06:00:00Z,tribes_crow_Crow,Crow,NDVI,5626.9802806790585
2015-06-02T06:00:00Z,tribes_fort-peck_Fort Peck,Fort Peck,EVI,3324.454705519651
2015-06-02T06:00:00Z,tribes_fort-peck_Fort Peck,Fort Peck,NDVI,5227.842116808304
2015-06-02T06:00:00Z,tribes_fort-belknap_Fort Belknap,Fort Belknap,EVI,3122.8934776893343
2015-06-02T06:00:00Z,tribes_fort-belknap_Fort Belknap,Fort Belknap,NDVI,5611.102118460314
2015-06-02T06:00:00Z,tribes_rocky-boys_Rocky Boy's,Rocky Boy's,EVI,3982.2523462827417
2015-06-02T06:00:00Z,tribes_rocky-boys_Rocky Boy's,Rocky Boy's,NDVI,6497.606550687205
2015-06-02T06:00:00Z,tribes_blackfeet_Blackfeet,Blackfeet,EVI,3621.910822161608
2015-06-02T06:00:00Z,tribes_blackfeet_Blackfeet,Blackfeet,NDVI,5578.879343712238
2015-06-02T06:00:00Z,tribes_flathead_Flathead,Flathead,EVI,3269.5346832735845
2015-06-02T06:00:00Z,tribes_flathead_Flathead,Flathead,NDVI,5755.921664341165
2015-06-18T06:00:00Z,tribes_northern-cheyenne_Northern Cheyenne,Northern Cheyenne,EVI,2798.854387702048
2015-06-18T06:00:00Z,tribes_northern-cheyenne_Northern Cheyenne,Northern Cheyenne,NDVI,5099.010170362252
2015-06-18T06:00:00Z,tribes_crow_Crow,Crow,EVI,3288.8835800216393
2015-06-18T06:00:00Z,tribes_crow_Crow,Crow,NDVI,5335.394725989878
2015-06-18T06:00:00Z,tribes_fort-peck_Fort Peck,Fort Peck,EVI,3622.4208886276465
2015-06-18T06:00:00Z,tribes_fort-peck_Fort Peck,Fort Peck,NDVI,5826.185058534769
2015-06-18T06:00:00Z,tribes_fort-belknap_Fort Belknap,Fort Belknap,EVI,2808.1766790403217
2015-06-18T06:00:00Z,tribes_fort-belknap_Fort Belknap,Fort Belknap,NDVI,4639.367353036478
2015-06-18T06:00:00Z,tribes_rocky-boys_Rocky Boy's,Rocky Boy's,EVI,4144.1061622330035
2015-06-18T06:00:00Z,tribes_rocky-boys_Rocky Boy's,Rocky Boy's,NDVI,5952.9042581574095
2015-06-18T06:00:00Z,tribes_blackfeet_Blackfeet,Blackfeet,EVI,3607.631582375204
2015-06-18T06:00:00Z,tribes_blackfeet_Blackfeet,Blackfeet,NDVI,5573.694998392893
2015-06-18T06:00:00Z,tribes_flathead_Flathead,Flathead,EVI,2959.063332437785
2015-06-18T06:00:00Z,tribes_flathead_Flathead,Flathead,NDVI,5141.831949059358
2015-07-04T06:00:00Z,tribes_northern-cheyenne_Northern Cheyenne,Northern Cheyenne,EVI,2588.3023428772985
2015-07-04T06:00:00Z,tribes_northern-cheyenne_Northern Cheyenne,Northern Cheyenne,NDVI,4507.948556561795
2015-07-04T06:00:00Z,tribes_crow_Crow,Crow,EVI,2839.1352428660243
2015-07-04T06:00:00Z,tribes_crow_Crow,Crow,NDVI,4751.037738191031
2015-07-04T06:00:00Z,tribes_fort-peck_Fort Peck,Fort Peck,EVI,3335.375817392116
2015-07-04T06:00:00Z,tribes_fort-peck_Fort Peck,Fort Peck,NDVI,5245.734828890033
2015-07-04T06:00:00Z,tribes_fort-belknap_Fort Belknap,Fort Belknap,EVI,2564.2718133037
2015-07-04T06:00:00Z,tribes_fort-belknap_Fort Belknap,Fort Belknap,NDVI,4532.462319074769
2015-07-04T06:00:00Z,tribes_rocky-boys_Rocky Boy's,Rocky Boy's,EVI,3465.0065665603443
2015-07-04T06:00:00Z,tribes_rocky-boys_Rocky Boy's,Rocky Boy's,NDVI,5504.455216683473
2015-07-04T06:00:00Z,tribes_blackfeet_Blackfeet,Blackfeet,EVI,3457.3890541427936
2015-07-04T06:00:00Z,tribes_blackfeet_Blackfeet,Blackfeet,NDVI,5306.770662829586
2015-07-04T06:00:00Z,tribes_flathead_Flathead,Flathead,EVI,2955.8425137733107
2015-07-04T06:00:00Z,tribes_flathead_Flathead,Flathead,NDVI,5000.191421314343
2015-07-20T06:00:00Z,tribes_northern-cheyenne_Northern Cheyenne,Northern Cheyenne,EVI,2345.0344041368858
2015-07-20T06:00:00Z,tribes_northern-cheyenne_Northern Cheyenne,Northern Cheyenne,NDVI,4140.208830545904
2015-07-20T06:00:00Z,tribes_crow_Crow,Crow,EVI,2504.216214090485
2015-07-20T06:00:00Z,tribes_crow_Crow,Crow,NDVI,4178.720065432875
2015-07-20T06:00:00Z,tribes_fort-peck_Fort Peck,Fort Peck,EVI,2451.928061987949
2015-07-20T06:00:00Z,tribes_fort-peck_Fort Peck,Fort Peck,NDVI,4125.2317791591495
2015-07-20T06:00:00Z,tribes_fort-belknap_Fort Belknap,Fort Belknap,EVI,2325.422537750764
2015-07-20T06:00:00Z,tribes_fort-belknap_Fort Belknap,Fort Belknap,NDVI,3935.0846846322247
2015-07-20T06:00:00Z,tribes_rocky-boys_Rocky Boy's,Rocky Boy's,EVI,3203.944950578327
2015-07-20T06:00:00Z,tribes_rocky-boys_Rocky Boy's,Rocky Boy's,NDVI,5091.343911832111
2015-07-20T06:00:00Z,tribes_blackfeet_Blackfeet,Blackfeet,EVI,2831.9276098422574
2015-07-20T06:00:00Z,tribes_blackfeet_Blackfeet,Blackfeet,NDVI,4556.010333857464
2015-07-20T06:00:00Z,tribes_flathead_Flathead,Flathead,EVI,2586.617047129974
2015-07-20T06:00:00Z,tribes_flathead_Flathead,Flathead,NDVI,5055.047591377633
2015-08-05T06:00:00Z,tribes_northern-cheyenne_Northern Cheyenne,Northern Cheyenne,EVI,2089.25139433142
2015-08-05T06:00:00Z,tribes_northern-cheyenne_Northern Cheyenne,Northern Cheyenne,NDVI,4002.7655111526155
2015-08-05T06:00:00Z,tribes_crow_Crow,Crow,EVI,2174.529536533703
2015-08-05T06:00:00Z,tribes_crow_Crow,Crow,NDVI,3936.6121523449474
2015-08-05T06:00:00Z,tribes_fort-peck_Fort Peck,Fort Peck,EVI,2071.6576412302297
2015-08-05T06:00:00Z,tribes_fort-peck_Fort Peck,Fort Peck,NDVI,3481.7140820324366
2015-08-05T06:00:00Z,tribes_fort-belknap_Fort Belknap,Fort Belknap,EVI,2382.766966830061
2015-08-05T06:00:00Z,tribes_fort-belknap_Fort Belknap,Fort Belknap,NDVI,4213.492165412842
2015-08-05T06:00:00Z,tribes_rocky-boys_Rocky Boy's,Rocky Boy's,EVI,3161.2106240157864
2015-08-05T06:00:00Z,tribes_rocky-boys_Rocky Boy's,Rocky Boy's,NDVI,5429.3593420075995
2015-08-05T06:00:00Z,tribes_blackfeet_Blackfeet,Blackfeet,EVI,2514.0595380679656
2015-08-05T06:00:00Z,tribes_blackfeet_Blackfeet,Blackfeet,NDVI,4045.0202405499695
2015-08-05T06:00:00Z,tribes_flathead_Flathead,Flathead,EVI,2688.6159534519443
2015-08-05T06:00:00Z,tribes_flathead_Flathead,Flathead,NDVI,4735.748965987508
2015-08-21T06:00:00Z,tribes_northern-cheyenne_Northern Cheyenne,Northern Cheyenne,EVI,1889.5741162237625
2015-08-21T06:00:00Z,tribes_northern-cheyenne_Northern Cheyenne,Northern Cheyenne,NDVI,3667.477289550352
2015-08-21T06:00:00Z,tribes_crow_Crow,Crow,EVI,1999.0842414547194
2015-08-21T06:00:00Z,tribes_crow_Crow,Crow,NDVI,3459.3152910185413
2015-08-21T06:00:00Z,tribes_fort-peck_Fort Peck,Fort Peck,EVI,1911.99869179449
2015-08-21T06:00:00Z,tribes_fort-peck_Fort Peck,Fort Peck,NDVI,3406.7374616018274
2015-08-21T06:00:00Z,tribes_fort-belknap_Fort Belknap,Fort Belknap,EVI,2497.9903876205917
2015-08-21T06:00:00Z,tribes_fort-belknap_Fort Belknap,Fort Belknap,NDVI,4345.952423500921
2015-08-21T06:00:00Z,tribes_rocky-boys_Rocky Boy's,Rocky Boy's,EVI,3015.561932393377
2015-08-21T06:00:00Z,tribes_rocky-boys_Rocky Boy's,Rocky Boy's,NDVI,5077.696546831795
2015-08-21T06:00:00Z,tribes_blackfeet_Blackfeet,Blackfeet,EVI,2232.0624995721832
2015-08-21T06:00:00Z,tribes_blackfeet_Blackfeet,Blackfeet,NDVI,3719.8897905480967
2015-08-21T06:00:00Z,tribes_flathead_Flathead,Flathead,EVI,2533.7676571752813
2015-08-21T06:00:00Z,tribes_flathead_Flathead,Flathead,NDVI,4609.875594540613
2015-09-06T06:00:00Z,tribes_northern-cheyenne_Northern Cheyenne,Northern Cheyenne,EVI,2036.3920290683257
2015-09-06T06:00:00Z,tribes_northern-cheyenne_Northern Cheyenne,Northern Cheyenne,NDVI,3772.800487447253
2015-09-06T06:00:00Z,tribes_crow_Crow,Crow,EVI,1925.0668102034836
2015-09-06T06:00:00Z,tribes_crow_Crow,Crow,NDVI,3417.456617214165
2015-09-06T06:00:00Z,tribes_fort-peck_Fort Peck,Fort Peck,EVI,1709.2452266904218
2015-09-06T06:00:00Z,tribes_fort-peck_Fort Peck,Fort Peck,NDVI,3042.340094522083
2015-09-06T06:00:00Z,tribes_fort-belknap_Fort Belknap,Fort Belknap,EVI,2092.381930755399
2015-09-06T06:00:00Z,tribes_fort-belknap_Fort Belknap,Fort Belknap,NDVI,4048.4739976401906
2015-09-06T06:00:00Z,tribes_rocky-boys_Rocky Boy's,Rocky Boy's,EVI,2663.4346623621955
2015-09-06T06:00:00Z,tribes_rocky-boys_Rocky Boy's,Rocky Boy's,NDVI,5100.861578700752
2015-09-06T06:00:00Z,tribes_blackfeet_Blackfeet,Blackfeet,EVI,2073.7567044165085
2015-09-06T06:00:00Z,tribes_blackfeet_Blackfeet,Blackfeet,NDVI,3603.241936944012
2015-09-06T06:00:00Z,tribes_flathead_Flathead,Flathead,EVI,2504.682979033719
2015-09-06T06:00:00Z,tribes_flathead_Flathead,Flathead,NDVI,4712.0657038035815
2015-09-22T06:00:00Z,tribes_northern-cheyenne_Northern Cheyenne,Northern Cheyenne,EVI,1782.530636749137
2015-09-22T06:00:00Z,tribes_northern-cheyenne_Northern Cheyenne,Northern Cheyenne,NDVI,3814.0576962761475
2015-09-22T06:00:00Z,tribes_crow_Crow,Crow,EVI,1698.3621649052898
2015-09-22T06:00:00Z,tribes_crow_Crow,Crow,NDVI,3288.6832749939967
2015-09-22T06:00:00Z,tribes_fort-peck_Fort Peck,Fort Peck,EVI,1424.8265203374822
2015-09-22T06:00:00Z,tribes_fort-peck_Fort Peck,Fort Peck,NDVI,2771.722497305908
2015-09-22T06:00:00Z,tribes_fort-belknap_Fort Belknap,Fort Belknap,EVI,2007.9276091808595
2015-09-22T06:00:00Z,tribes_fort-belknap_Fort Belknap,Fort Belknap,NDVI,3838.6123715479002
2015-09-22T06:00:00Z,tribes_rocky-boys_Rocky Boy's,Rocky Boy's,EVI,2455.775553563679
2015-09-22T06:00:00Z,tribes_rocky-boys_Rocky Boy's,Rocky Boy's,NDVI,4481.738830930164
2015-09-22T06:00:00Z,tribes_blackfeet_Blackfeet,Blackfeet,EVI,1974.2042965717496
2015-09-22T06:00:00Z,tribes_blackfeet_Blackfeet,Blackfeet,NDVI,3460.982853411111
2015-09-22T06:00:00Z,tribes_flathead_Flathead,Flathead,EVI,2340.5934993966853
2015-09-22T06:00:00Z,tribes_flathead_Flathead,Flathead,NDVI,4897.351903204608
2015-10-08T06:00:00Z,tribes_northern-cheyenne_Northern Cheyenne,Northern Cheyenne,EVI,1766.664103726503
2015-10-08T06:00:00Z,tribes_northern-cheyenne_Northern Cheyenne,Northern Cheyenne,NDVI,3790.3237490801175
2015-10-08T06:00:00Z,tribes_crow_Crow,Crow,EVI,1615.3076591925121
2015-10-08T06:00:00Z,tribes_crow_Crow,Crow,NDVI,3233.0636899883034
2015-10-08T06:00:00Z,tribes_fort-peck_Fort Peck,Fort Peck,EVI,1353.6229674688443
2015-10-08T06:00:00Z,tribes_fort-peck_Fort Peck,Fort Peck,NDVI,2729.4659892488594
2015-10-08T06:00:00Z,tribes_fort-belknap_Fort Belknap,Fort Belknap,EVI,1880.7379343401044
2015-10-08T06:00:00Z,tribes_fort-belknap_Fort Belknap,Fort Belknap,NDVI,3770.586565040346
2015-10-08T06:00:00Z,tribes_rocky-boys_Rocky Boy's,Rocky Boy's,EVI,2160.3025602634966
2015-10-08T06:00:00Z,tribes_rocky-boys_Rocky Boy's,Rocky Boy's,NDVI,4390.552980735559
2015-10-08T06:00:00Z,tribes_blackfeet_Blackfeet,Blackfeet,EVI,1826.2979879979305
2015-10-08T06:00:00Z,tribes_blackfeet_Blackfeet,Blackfeet,NDVI,3309.113133497845
2015-10-08T06:00:00Z,tribes_flathead_Flathead,Flathead,EVI,2336.259143233946
2015-10-08T06:00:00Z,tribes_flathead_Flathead,Flathead,NDVI,4694.553964619776
2015-10-24T06:00:00Z,tribes_northern-cheyenne_Northern Cheyenne,Northern Cheyenne,EVI,1696.8696146868112
2015-10-24T06:00:00Z,tribes_northern-cheyenne_Northern Cheyenne,Northern Cheyenne,NDVI,3685.0235629682647
2015-10-24T06:00:00Z,tribes_crow_Crow,Crow,EVI,1537.4046485685947
2015-10-24T06:00:00Z,tribes_crow_Crow,Crow,NDVI,3295.916941325968
2015-10-24T06:00:00Z,tribes_fort-peck_Fort Peck,Fort Peck,EVI,1271.050765282856
2015-10-24T06:00:00Z,tribes_fort-peck_Fort Peck,Fort Peck,NDVI,2643.577679848836
2015-10-24T06:00:00Z,tribes_fort-belknap_Fort Belknap,Fort Belknap,EVI,1872.8536569327596
2015-10-24T06:00:00Z,tribes_fort-belknap_Fort Belknap,Fort Belknap,NDVI,3162.664378074769
2015-10-24T06:00:00Z,tribes_rocky-boys_Rocky Boy's,Rocky Boy's,EVI,1973.2283209880266
2015-10-24T06:00:00Z,tribes_rocky-boys_Rocky Boy's,Rocky Boy's,NDVI,3982.699395262479
2015-10-24T06:00:00Z,tribes_blackfeet_Blackfeet,Blackfeet,EVI,1815.6651779169
2015-10-24T06:00:00Z,tribes_blackfeet_Blackfeet,Blackfeet,NDVI,2946.8739306167995
2015-10-24T06:00:00Z,tribes_flathead_Flathead,Flathead,EVI,2429.8808726487946
2015-10-24T06:00:00Z,tribes_flathead_Flathead,Flathead,NDVI,4677.497704969013
2015-11-09T07:00:00Z,tribes_northern-cheyenne_Northern Cheyenne,Northern Cheyenne,EVI,1612.6650085149408
2015-11-09T07:00:00Z,tribes_northern-cheyenne_Northern Cheyenne,Northern Cheyenne,NDVI,3652.4196834820773
2015-11-09T07:00:00Z,tribes_crow_Crow,Crow,EVI,1483.904945922387
2015-11-09T07:00:00Z,tribes_crow_Crow,Crow,NDVI,2998.3308374395674
2015-11-09T07:00:00Z,tribes_fort-peck_Fort Peck,Fort Peck,EVI,1258.6383450150922
2015-11-09T07:00:00Z,tribes_fort-peck_Fort Peck,Fort Peck,NDVI,2550.7596487566893
2015-11-09T07:00:00Z,tribes_fort-belknap_Fort Belknap,Fort Belknap,EVI,1535.542396581261
2015-11-09T07:00:00Z,tribes_fort-belknap_Fort Belknap,Fort Belknap,NDVI,2829.7771534357203
2015-11-09T07:00:00Z,tribes_rocky-boys_Rocky Boy's,Rocky Boy's,EVI,1774.7551173097431
2015-11-09T07:00:00Z,tribes_rocky-boys_Rocky Boy's,Rocky Boy's,NDVI,3532.7826453728358
2015-11-09T07:00:00Z,tribes_blackfeet_Blackfeet,Blackfeet,EVI,1812.8836699562528
2015-11-09T07:00:00Z,tribes_blackfeet_Blackfeet,Blackfeet,NDVI,3115.6353607251285
2015-11-09T07:00:00Z,tribes_flathead_Flathead,Flathead,EVI,2144.9511074478232
2015-11-09T07:00:00Z,tribes_flathead_Flathead,Flathead,NDVI,4512.68724134098
2015-11-25T07:00:00Z,tribes_northern-cheyenne_Northern Cheyenne,Northern Cheyenne,EVI,1727.1631747667222
2015-11-25T07:00:00Z,tribes_northern-cheyenne_Northern Cheyenne,Northern Cheyenne,NDVI,3535.5646530281165
2015-11-25T07:00:00Z,tribes_crow_Crow,Crow,EVI,1364.659877474422
2015-11-25T07:00:00Z,tribes_crow_Crow,Crow,NDVI,2534.3362603460873
2015-11-25T07:00:00Z,tribes_fort-peck_Fort Peck,Fort Peck,EVI,1242.807570562261
2015-11-25T07:00:00Z,tribes_fort-peck_Fort Peck,Fort Peck,NDVI,2216.3938662109854
2015-11-25T07:00:00Z,tribes_fort-belknap_Fort Belknap,Fort Belknap,EVI,1383.752486605249
2015-11-25T07:00:00Z,tribes_fort-belknap_Fort Belknap,Fort Belknap,NDVI,2519.524554798237
2015-11-25T07:00:00Z,tribes_rocky-boys_Rocky Boy's,Rocky Boy's,EVI,1583.1196152128957
2015-11-25T07:00:00Z,tribes_rocky-boys_Rocky Boy's,Rocky Boy's,NDVI,2827.795975974556
2015-11-25T07:00:00Z,tribes_blackfeet_Blackfeet,Blackfeet,EVI,998.3161810805141
2015-11-25T07:00:00Z,tribes_blackfeet_Blackfeet,Blackfeet,NDVI,2192.1807349068504
2015-11-25T07:00:00Z,tribes_flathead_Flathead,Flathead,EVI,2068.5334239556173
2015-11-25T07:00:00Z,tribes_flathead_Flathead,Flathead,NDVI,5288.627745530286
2015-12-11T07:00:00Z,tribes_northern-cheyenne_Northern Cheyenne,Northern Cheyenne,EVI,1695.8302652885704
2015-12-11T07:00:00Z,tribes_northern-cheyenne_Northern Cheyenne,Northern Cheyenne,NDVI,3788.815201418695
2015-12-11T07:00:00Z,tribes_crow_Crow,Crow,EVI,1496.9752702214441
2015-12-11T07:00:00Z,tribes_crow_Crow,Crow,NDVI,2639.6910460978884
2015-12-11T07:00:00Z,tribes_fort-peck_Fort Peck,Fort Peck,EVI,1239.7374862081533
2015-12-11T07:00:00Z,tribes_fort-peck_Fort Peck,Fort Peck,NDVI,2622.8608696711003
2015-12-11T07:00:00Z,tribes_fort-belknap_Fort Belknap,Fort Belknap,EVI,NA
2015-12-11T07:00:00Z,tribes_fort-belknap_Fort Belknap,Fort Belknap,NDVI,NA
2015-12-11T07:00:00Z,tribes_rocky-boys_Rocky Boy's,Rocky Boy's,EVI,1460.4065583847475
2015-12-11T07:00:00Z,tribes_rocky-boys_Rocky Boy's,Rocky Boy's,NDVI,2539.884537441094
2015-12-11T07:00:00Z,tribes_blackfeet_Blackfeet,Blackfeet,EVI,1372.2534432450125
2015-12-11T07:00:00Z,tribes_blackfeet_Blackfeet,Blackfeet,NDVI,2343.7798392130417
2015-12-11T07:00:00Z,tribes_flathead_Flathead,Flathead,EVI,1881.7433331771101
2015-12-11T07:00:00Z,tribes_flathead_Flathead,Flathead,NDVI,3720.0044757932233
2015-12-27T07:00:00Z,tribes_northern-cheyenne_Northern Cheyenne,Northern Cheyenne,EVI,NA
2015-12-27T07:00:00Z,tribes_northern-cheyenne_Northern Cheyenne,Northern Cheyenne,NDVI,NA
2015-12-27T07:00:00Z,tribes_crow_Crow,Crow,EVI,NA
2015-12-27T07:00:00Z,tribes_crow_Crow,Crow,NDVI,NA
2015-12-27T07:00:00Z,tribes_fort-peck_Fort Peck,Fort Peck,EVI,NA
2015-12-27T07:00:00Z,tribes_fort-peck_Fort Peck,Fort Peck,NDVI,NA
2015-12-27T07:00:00Z,tribes_fort-belknap_Fort Belknap,Fort Belknap,EVI,NA
2015-12-27T07:00:00Z,tribes_fort-belknap_Fort Belknap,Fort Belknap,NDVI,NA
2015-12-27T07:00:00Z,tribes_rocky-boys_Rocky Boy's,Rocky Boy's,EVI,NA
2015-12-27T07:00:00Z,tribes_rocky-boys_Rocky Boy's,Rocky Boy's,NDVI,NA
2015-12-27T07:00:00Z,tribes_blackfeet_Blackfeet,Blackfeet,EVI,NA
2015-12-27T07:00:00Z,tribes_blackfeet_Blackfeet,Blackfeet,NDVI,NA
2015-12-27T07:00:00Z,tribes_flathead_Flathead,Flathead,EVI,NA
2015-12-27T07:00:00Z,tribes_flathead_Flathead,Flathead,NDVI,NA
2016-01-09T07:00:00Z,tribes_northern-cheyenne_Northern Cheyenne,Northern Cheyenne,EVI,NA
2016-01-09T07:00:00Z,tribes_northern-cheyenne_Northern Cheyenne,Northern Cheyenne,NDVI,NA
2016-01-09T07:00:00Z,tribes_crow_Crow,Crow,EVI,NA
2016-01-09T07:00:00Z,tribes_crow_Crow,Crow,NDVI,NA
2016-01-09T07:00:00Z,tribes_fort-peck_Fort Peck,Fort Peck,EVI,NA
2016-01-09T07:00:00Z,tribes_fort-peck_Fort Peck,Fort Peck,NDVI,NA
2016-01-09T07:00:00Z,tribes_fort-belknap_Fort Belknap,Fort Belknap,EVI,NA
2016-01-09T07:00:00Z,tribes_fort-belknap_Fort Belknap,Fort Belknap,NDVI,NA
2016-01-09T07:00:00Z,tribes_rocky-boys_Rocky Boy's,Rocky Boy's,EVI,NA
2016-01-09T07:00:00Z,tribes_rocky-boys_Rocky Boy's,Rocky Boy's,NDVI,NA
2016-01-09T07:00:00Z,tribes_blackfeet_Blackfeet,Blackfeet,EVI,655.5742618886635
2016-01-09T07:00:00Z,tribes_blackfeet_Blackfeet,Blackfeet,NDVI,2033.171850349335
2016-01-09T07:00:00Z,tribes_flathead_Flathead,Flathead,EVI,NA
2016-01-09T07:00:00Z,tribes_flathead_Flathead,Flathead,NDVI,NA
2016-01-25T07:00:00Z,tribes_northern-cheyenne_Northern Cheyenne,Northern Cheyenne,EVI,1241.0351674412195
2016-01-25T07:00:00Z,tribes_northern-cheyenne_Northern Cheyenne,Northern Cheyenne,NDVI,2333.2880489578642
2016-01-25T07:00:00Z,tribes_crow_Crow,Crow,EVI,1145.7590228703127
2016-01-25T07:00:00Z,tribes_crow_Crow,Crow,NDVI,2206.0360709293404
2016-01-25T07:00:00Z,tribes_fort-peck_Fort Peck,Fort Peck,EVI,1037.176296309586
2016-01-25T07:00:00Z,tribes_fort-peck_Fort Peck,Fort Peck,NDVI,2080.0581005592944
2016-01-25T07:00:00Z,tribes_fort-belknap_Fort Belknap,Fort Belknap,EVI,1211.5188635855343
2016-01-25T07:00:00Z,tribes_fort-belknap_Fort Belknap,Fort Belknap,NDVI,2325.2798669953863
2016-01-25T07:00:00Z,tribes_rocky-boys_Rocky Boy's,Rocky Boy's,EVI,1249.3315334191248
2016-01-25T07:00:00Z,tribes_rocky-boys_Rocky Boy's,Rocky Boy's,NDVI,2329.704521896783
2016-01-25T07:00:00Z,tribes_blackfeet_Blackfeet,Blackfeet,EVI,1183.3756922702744
2016-01-25T07:00:00Z,tribes_blackfeet_Blackfeet,Blackfeet,NDVI,2123.6115325488054
2016-01-25T07:00:00Z,tribes_flathead_Flathead,Flathead,EVI,1697.6821388028309
2016-01-25T07:00:00Z,tribes_flathead_Flathead,Flathead,NDVI,3610.9068467105335
2016-02-10T07:00:00Z,tribes_northern-cheyenne_Northern Cheyenne,Northern Cheyenne,EVI,1509.633666807428
2016-02-10T07:00:00Z,tribes_northern-cheyenne_Northern Cheyenne,Northern Cheyenne,NDVI,3071.721574532929
2016-02-10T07:00:00Z,tribes_crow_Crow,Crow,EVI,1320.8318412555557
2016-02-10T07:00:00Z,tribes_crow_Crow,Crow,NDVI,2482.3784942762327
2016-02-10T07:00:00Z,tribes_fort-peck_Fort Peck,Fort Peck,EVI,995.2076256817902
2016-02-10T07:00:00Z,tribes_fort-peck_Fort Peck,Fort Peck,NDVI,2182.2245368763733
2016-02-10T07:00:00Z,tribes_fort-belknap_Fort Belknap,Fort Belknap,EVI,1255.2427983983296
2016-02-10T07:00:00Z,tribes_fort-belknap_Fort Belknap,Fort Belknap,NDVI,2330.01080934818
2016-02-10T07:00:00Z,tribes_rocky-boys_Rocky Boy's,Rocky Boy's,EVI,1417.0288930660702
2016-02-10T07:00:00Z,tribes_rocky-boys_Rocky Boy's,Rocky Boy's,NDVI,2511.320703824415
2016-02-10T07:00:00Z,tribes_blackfeet_Blackfeet,Blackfeet,EVI,1256.1515904089774
2016-02-10T07:00:00Z,tribes_blackfeet_Blackfeet,Blackfeet,NDVI,2205.5468523525624
2016-02-10T07:00:00Z,tribes_flathead_Flathead,Flathead,EVI,1901.5464824817536
2016-02-10T07:00:00Z,tribes_flathead_Flathead,Flathead,NDVI,4168.839391733493
2016-02-26T07:00:00Z,tribes_northern-cheyenne_Northern Cheyenne,Northern Cheyenne,EVI,1607.4648857026618
2016-02-26T07:00:00Z,tribes_northern-cheyenne_Northern Cheyenne,Northern Cheyenne,NDVI,3232.7752221120336
2016-02-26T07:00:00Z,tribes_crow_Crow,Crow,EVI,1483.8596919432002
2016-02-26T07:00:00Z,tribes_crow_Crow,Crow,NDVI,2602.324201846044
2016-02-26T07:00:00Z,tribes_fort-peck_Fort Peck,Fort Peck,EVI,1073.8368320447369
2016-02-26T07:00:00Z,tribes_fort-peck_Fort Peck,Fort Peck,NDVI,2258.0414075121275
2016-02-26T07:00:00Z,tribes_fort-belknap_Fort Belknap,Fort Belknap,EVI,1377.5974381647502
2016-02-26T07:00:00Z,tribes_fort-belknap_Fort Belknap,Fort Belknap,NDVI,2563.8790961844397
2016-02-26T07:00:00Z,tribes_rocky-boys_Rocky Boy's,Rocky Boy's,EVI,1530.3917525581642
2016-02-26T07:00:00Z,tribes_rocky-boys_Rocky Boy's,Rocky Boy's,NDVI,2879.0480005064155
2016-02-26T07:00:00Z,tribes_blackfeet_Blackfeet,Blackfeet,EVI,1331.6173476411086
2016-02-26T07:00:00Z,tribes_blackfeet_Blackfeet,Blackfeet,NDVI,2314.684492634729
2016-02-26T07:00:00Z,tribes_flathead_Flathead,Flathead,EVI,2359.2106552433465
2016-02-26T07:00:00Z,tribes_flathead_Flathead,Flathead,NDVI,4317.509889319225
2016-03-13T07:00:00Z,tribes_northern-cheyenne_Northern Cheyenne,Northern Cheyenne,EVI,1745.1836990049244
2016-03-13T07:00:00Z,tribes_northern-cheyenne_Northern Cheyenne,Northern Cheyenne,NDVI,3210.2023575431067
2016-03-13T07:00:00Z,tribes_crow_Crow,Crow,EVI,1599.1547453379023
2016-03-13T07:00:00Z,tribes_crow_Crow,Crow,NDVI,2794.8229459133677
2016-03-13T07:00:00Z,tribes_fort-peck_Fort Peck,Fort Peck,EVI,1190.6527227687836
2016-03-13T07:00:00Z,tribes_fort-peck_Fort Peck,Fort Peck,NDVI,2292.877435349685
2016-03-13T07:00:00Z,tribes_fort-belknap_Fort Belknap,Fort Belknap,EVI,1450.8424160124641
2016-03-13T07:00:00Z,tribes_fort-belknap_Fort Belknap,Fort Belknap,NDVI,2560.2731137969718
2016-03-13T07:00:00Z,tribes_rocky-boys_Rocky Boy's,Rocky Boy's,EVI,1690.1050353881458
2016-03-13T07:00:00Z,tribes_rocky-boys_Rocky Boy's,Rocky Boy's,NDVI,2978.02422515973
2016-03-13T07:00:00Z,tribes_blackfeet_Blackfeet,Blackfeet,EVI,1386.79215425905
2016-03-13T07:00:00Z,tribes_blackfeet_Blackfeet,Blackfeet,NDVI,2357.1951184286927
2016-03-13T07:00:00Z,tribes_flathead_Flathead,Flathead,EVI,2248.4089380106398
2016-03-13T07:00:00Z,tribes_flathead_Flathead,Flathead,NDVI,4439.903155399118
2016-03-29T06:00:00Z,tribes_northern-cheyenne_Northern Cheyenne,Northern Cheyenne,EVI,1779.6132730382444
2016-03-29T06:00:00Z,tribes_northern-cheyenne_Northern Cheyenne,Northern Cheyenne,NDVI,3578.0910751828023
2016-03-29T06:00:00Z,tribes_crow_Crow,Crow,EVI,1971.4588790081366
2016-03-29T06:00:00Z,tribes_crow_Crow,Crow,NDVI,3278.6402664146103
2016-03-29T06:00:00Z,tribes_fort-peck_Fort Peck,Fort Peck,EVI,1281.8353261333457
2016-03-29T06:00:00Z,tribes_fort-peck_Fort Peck,Fort Peck,NDVI,2456.8240523559234
2016-03-29T06:00:00Z,tribes_fort-belknap_Fort Belknap,Fort Belknap,EVI,1787.3175087686104
2016-03-29T06:00:00Z,tribes_fort-belknap_Fort Belknap,Fort Belknap,NDVI,2925.1446705254725
2016-03-29T06:00:00Z,tribes_rocky-boys_Rocky Boy's,Rocky Boy's,EVI,2007.5574478638962
2016-03-29T06:00:00Z,tribes_rocky-boys_Rocky Boy's,Rocky Boy's,NDVI,3548.156537858918
2016-03-29T06:00:00Z,tribes_blackfeet_Blackfeet,Blackfeet,EVI,1616.3796133803696
2016-03-29T06:00:00Z,tribes_blackfeet_Blackfeet,Blackfeet,NDVI,2807.5034082989414
2016-03-29T06:00:00Z,tribes_flathead_Flathead,Flathead,EVI,2692.479005132533
2016-03-29T06:00:00Z,tribes_flathead_Flathead,Flathead,NDVI,5046.700943300944
2016-04-14T06:00:00Z,tribes_northern-cheyenne_Northern Cheyenne,Northern Cheyenne,EVI,2132.9846142901915
2016-04-14T06:00:00Z,tribes_northern-cheyenne_Northern Cheyenne,Northern Cheyenne,NDVI,4343.7720845033155
2016-04-14T06:00:00Z,tribes_crow_Crow,Crow,EVI,2296.1052537979494
2016-04-14T06:00:00Z,tribes_crow_Crow,Crow,NDVI,4188.088752726332
2016-04-14T06:00:00Z,tribes_fort-peck_Fort Peck,Fort Peck,EVI,1617.217163592277
2016-04-14T06:00:00Z,tribes_fort-peck_Fort Peck,Fort Peck,NDVI,2663.227405761614
2016-04-14T06:00:00Z,tribes_fort-belknap_Fort Belknap,Fort Belknap,EVI,1950.0736517331668
2016-04-14T06:00:00Z,tribes_fort-belknap_Fort Belknap,Fort Belknap,NDVI,3435.3751121567693
2016-04-14T06:00:00Z,tribes_rocky-boys_Rocky Boy's,Rocky Boy's,EVI,2236.422986450349
2016-04-14T06:00:00Z,tribes_rocky-boys_Rocky Boy's,Rocky Boy's,NDVI,3727.3767287505943
2016-04-14T06:00:00Z,tribes_blackfeet_Blackfeet,Blackfeet,EVI,1838.0839977336782
2016-04-14T06:00:00Z,tribes_blackfeet_Blackfeet,Blackfeet,NDVI,3104.498584053006
2016-04-14T06:00:00Z,tribes_flathead_Flathead,Flathead,EVI,2999.3018825894037
2016-04-14T06:00:00Z,tribes_flathead_Flathead,Flathead,NDVI,5720.8183153873015
2016-04-30T06:00:00Z,tribes_northern-cheyenne_Northern Cheyenne,Northern Cheyenne,EVI,2435.6837330035537
2016-04-30T06:00:00Z,tribes_northern-cheyenne_Northern Cheyenne,Northern Cheyenne,NDVI,4467.016184463362
2016-04-30T06:00:00Z,tribes_crow_Crow,Crow,EVI,2803.0227915482783
2016-04-30T06:00:00Z,tribes_crow_Crow,Crow,NDVI,4742.869885701691
2016-04-30T06:00:00Z,tribes_fort-peck_Fort Peck,Fort Peck,EVI,1752.3396858453334
2016-04-30T06:00:00Z,tribes_fort-peck_Fort Peck,Fort Peck,NDVI,2934.0761064651047
2016-04-30T06:00:00Z,tribes_fort-belknap_Fort Belknap,Fort Belknap,EVI,2513.7711585343013
2016-04-30T06:00:00Z,tribes_fort-belknap_Fort Belknap,Fort Belknap,NDVI,4243.673728329721
2016-04-30T06:00:00Z,tribes_rocky-boys_Rocky Boy's,Rocky Boy's,EVI,3150.3667944595345
2016-04-30T06:00:00Z,tribes_rocky-boys_Rocky Boy's,Rocky Boy's,NDVI,5334.772772299876
2016-04-30T06:00:00Z,tribes_blackfeet_Blackfeet,Blackfeet,EVI,2456.203970024472
2016-04-30T06:00:00Z,tribes_blackfeet_Blackfeet,Blackfeet,NDVI,4187.203561374895
2016-04-30T06:00:00Z,tribes_flathead_Flathead,Flathead,EVI,3415.6625983036606
2016-04-30T06:00:00Z,tribes_flathead_Flathead,Flathead,NDVI,6246.520407402357
2016-05-16T06:00:00Z,tribes_northern-cheyenne_Northern Cheyenne,Northern Cheyenne,EVI,2692.5046013825736
2016-05-16T06:00:00Z,tribes_northern-cheyenne_Northern Cheyenne,Northern Cheyenne,NDVI,4802.786061707426
2016-05-16T06:00:00Z,tribes_crow_Crow,Crow,EVI,3442.7830173104057
2016-05-16T06:00:00Z,tribes_crow_Crow,Crow,NDVI,5296.05776019427
2016-05-16T06:00:00Z,tribes_fort-peck_Fort Peck,Fort Peck,EVI,2847.28157107593
2016-05-16T06:00:00Z,tribes_fort-peck_Fort Peck,Fort Peck,NDVI,4335.338591602345
2016-05-16T06:00:00Z,tribes_fort-belknap_Fort Belknap,Fort Belknap,EVI,3112.7869341582646
2016-05-16T06:00:00Z,tribes_fort-belknap_Fort Belknap,Fort Belknap,NDVI,4826.110710112811
2016-05-16T06:00:00Z,tribes_rocky-boys_Rocky Boy's,Rocky Boy's,EVI,4097.9508926463
2016-05-16T06:00:00Z,tribes_rocky-boys_Rocky Boy's,Rocky Boy's,NDVI,5942.152563816558
2016-05-16T06:00:00Z,tribes_blackfeet_Blackfeet,Blackfeet,EVI,3217.109756114795
2016-05-16T06:00:00Z,tribes_blackfeet_Blackfeet,Blackfeet,NDVI,5024.437041428861
2016-05-16T06:00:00Z,tribes_flathead_Flathead,Flathead,EVI,3692.77012364977
2016-05-16T06:00:00Z,tribes_flathead_Flathead,Flathead,NDVI,6287.559155916979
2016-06-01T06:00:00Z,tribes_northern-cheyenne_Northern Cheyenne,Northern Cheyenne,EVI,3329.9669810849705
2016-06-01T06:00:00Z,tribes_northern-cheyenne_Northern Cheyenne,Northern Cheyenne,NDVI,5178.7542118473175
2016-06-01T06:00:00Z,tribes_crow_Crow,Crow,EVI,3589.3533139576152
2016-06-01T06:00:00Z,tribes_crow_Crow,Crow,NDVI,5390.375265556892
2016-06-01T06:00:00Z,tribes_fort-peck_Fort Peck,Fort Peck,EVI,3013.949435470774
2016-06-01T06:00:00Z,tribes_fort-peck_Fort Peck,Fort Peck,NDVI,4937.63257405648
2016-06-01T06:00:00Z,tribes_fort-belknap_Fort Belknap,Fort Belknap,EVI,3471.841544667992
2016-06-01T06:00:00Z,tribes_fort-belknap_Fort Belknap,Fort Belknap,NDVI,5413.778723136815
2016-06-01T06:00:00Z,tribes_rocky-boys_Rocky Boy's,Rocky Boy's,EVI,4749.691143947125
2016-06-01T06:00:00Z,tribes_rocky-boys_Rocky Boy's,Rocky Boy's,NDVI,6793.227546922433
2016-06-01T06:00:00Z,tribes_blackfeet_Blackfeet,Blackfeet,EVI,3680.4684406206375
2016-06-01T06:00:00Z,tribes_blackfeet_Blackfeet,Blackfeet,NDVI,5546.133229638546
2016-06-01T06:00:00Z,tribes_flathead_Flathead,Flathead,EVI,3350.5112568036757
2016-06-01T06:00:00Z,tribes_flathead_Flathead,Flathead,NDVI,6007.0071853317695
2016-06-17T06:00:00Z,tribes_northern-cheyenne_Northern Cheyenne,Northern Cheyenne,EVI,2982.5694514432985
2016-06-17T06:00:00Z,tribes_northern-cheyenne_Northern Cheyenne,Northern Cheyenne,NDVI,5213.076475847609
2016-06-17T06:00:00Z,tribes_crow_Crow,Crow,EVI,3040.4787924821094
2016-06-17T06:00:00Z,tribes_crow_Crow,Crow,NDVI,4746.958665781393
2016-06-17T06:00:00Z,tribes_fort-peck_Fort Peck,Fort Peck,EVI,3905.424044104017
2016-06-17T06:00:00Z,tribes_fort-peck_Fort Peck,Fort Peck,NDVI,6022.488375212469
2016-06-17T06:00:00Z,tribes_fort-belknap_Fort Belknap,Fort Belknap,EVI,3347.879485915429
2016-06-17T06:00:00Z,tribes_fort-belknap_Fort Belknap,Fort Belknap,NDVI,5443.465486471279
2016-06-17T06:00:00Z,tribes_rocky-boys_Rocky Boy's,Rocky Boy's,EVI,4603.57068768657
2016-06-17T06:00:00Z,tribes_rocky-boys_Rocky Boy's,Rocky Boy's,NDVI,6656.840882755564
2016-06-17T06:00:00Z,tribes_blackfeet_Blackfeet,Blackfeet,EVI,3783.733754753762
2016-06-17T06:00:00Z,tribes_blackfeet_Blackfeet,Blackfeet,NDVI,5655.550120442092
2016-06-17T06:00:00Z,tribes_flathead_Flathead,Flathead,EVI,3315.28296086631
2016-06-17T06:00:00Z,tribes_flathead_Flathead,Flathead,NDVI,5613.94866089007
2016-07-03T06:00:00Z,tribes_northern-cheyenne_Northern Cheyenne,Northern Cheyenne,EVI,2666.7204489080923
2016-07-03T06:00:00Z,tribes_northern-cheyenne_Northern Cheyenne,Northern Cheyenne,NDVI,4393.751538297247
2016-07-03T06:00:00Z,tribes_crow_Crow,Crow,EVI,2780.231843855013
2016-07-03T06:00:00Z,tribes_crow_Crow,Crow,NDVI,4213.449113026811
2016-07-03T06:00:00Z,tribes_fort-peck_Fort Peck,Fort Peck,EVI,3992.5978673284326
2016-07-03T06:00:00Z,tribes_fort-peck_Fort Peck,Fort Peck,NDVI,6197.368895482573
2016-07-03T06:00:00Z,tribes_fort-belknap_Fort Belknap,Fort Belknap,EVI,3430.192755774026
2016-07-03T06:00:00Z,tribes_fort-belknap_Fort Belknap,Fort Belknap,NDVI,5409.098265029766
2016-07-03T06:00:00Z,tribes_rocky-boys_Rocky Boy's,Rocky Boy's,EVI,4280.252802295469
2016-07-03T06:00:00Z,tribes_rocky-boys_Rocky Boy's,Rocky Boy's,NDVI,6393.982848003332
2016-07-03T06:00:00Z,tribes_blackfeet_Blackfeet,Blackfeet,EVI,3397.008544405656
2016-07-03T06:00:00Z,tribes_blackfeet_Blackfeet,Blackfeet,NDVI,5126.5505285039535
2016-07-03T06:00:00Z,tribes_flathead_Flathead,Flathead,EVI,2929.6096089007956
2016-07-03T06:00:00Z,tribes_flathead_Flathead,Flathead,NDVI,5489.103267593424
2016-07-19T06:00:00Z,tribes_northern-cheyenne_Northern Cheyenne,Northern Cheyenne,EVI,2358.672697497211
2016-07-19T06:00:00Z,tribes_northern-cheyenne_Northern Cheyenne,Northern Cheyenne,NDVI,4129.844523415136
2016-07-19T06:00:00Z,tribes_crow_Crow,Crow,EVI,2336.713010391546
2016-07-19T06:00:00Z,tribes_crow_Crow,Crow,NDVI,3652.8072670925517
2016-07-19T06:00:00Z,tribes_fort-peck_Fort Peck,Fort Peck,EVI,3505.1291878219004
2016-07-19T06:00:00Z,tribes_fort-peck_Fort Peck,Fort Peck,NDVI,5671.332383390495
2016-07-19T06:00:00Z,tribes_fort-belknap_Fort Belknap,Fort Belknap,EVI,3040.7499185077613
2016-07-19T06:00:00Z,tribes_fort-belknap_Fort Belknap,Fort Belknap,NDVI,4968.899774968501
2016-07-19T06:00:00Z,tribes_rocky-boys_Rocky Boy's,Rocky Boy's,EVI,4100.76202588248
2016-07-19T06:00:00Z,tribes_rocky-boys_Rocky Boy's,Rocky Boy's,NDVI,6226.6008055613465
2016-07-19T06:00:00Z,tribes_blackfeet_Blackfeet,Blackfeet,EVI,2838.493233108285
2016-07-19T06:00:00Z,tribes_blackfeet_Blackfeet,Blackfeet,NDVI,4544.803065983109
2016-07-19T06:00:00Z,tribes_flathead_Flathead,Flathead,EVI,2902.320959820309
2016-07-19T06:00:00Z,tribes_flathead_Flathead,Flathead,NDVI,5313.757059681595
2016-08-04T06:00:00Z,tribes_northern-cheyenne_Northern Cheyenne,Northern Cheyenne,EVI,2247.0030306467474
2016-08-04T06:00:00Z,tribes_northern-cheyenne_Northern Cheyenne,Northern Cheyenne,NDVI,3941.3601987032343
2016-08-04T06:00:00Z,tribes_crow_Crow,Crow,EVI,2212.666458390196
2016-08-04T06:00:00Z,tribes_crow_Crow,Crow,NDVI,3611.0579364207506
2016-08-04T06:00:00Z,tribes_fort-peck_Fort Peck,Fort Peck,EVI,2579.1067201069873
2016-08-04T06:00:00Z,tribes_fort-peck_Fort Peck,Fort Peck,NDVI,4269.426670688169
2016-08-04T06:00:00Z,tribes_fort-belknap_Fort Belknap,Fort Belknap,EVI,2850.2988180442094
2016-08-04T06:00:00Z,tribes_fort-belknap_Fort Belknap,Fort Belknap,NDVI,4873.885990213507
2016-08-04T06:00:00Z,tribes_rocky-boys_Rocky Boy's,Rocky Boy's,EVI,3841.0241760158515
2016-08-04T06:00:00Z,tribes_rocky-boys_Rocky Boy's,Rocky Boy's,NDVI,5800.869905041021
2016-08-04T06:00:00Z,tribes_blackfeet_Blackfeet,Blackfeet,EVI,2592.4669908594446
2016-08-04T06:00:00Z,tribes_blackfeet_Blackfeet,Blackfeet,NDVI,4429.376047367083
2016-08-04T06:00:00Z,tribes_flathead_Flathead,Flathead,EVI,2775.590252450165
2016-08-04T06:00:00Z,tribes_flathead_Flathead,Flathead,NDVI,5085.3784398751495
2016-08-20T06:00:00Z,tribes_northern-cheyenne_Northern Cheyenne,Northern Cheyenne,EVI,2083.8719379635413
2016-08-20T06:00:00Z,tribes_northern-cheyenne_Northern Cheyenne,Northern Cheyenne,NDVI,3938.999453331445
2016-08-20T06:00:00Z,tribes_crow_Crow,Crow,EVI,2124.58171331976
2016-08-20T06:00:00Z,tribes_crow_Crow,Crow,NDVI,3641.1351786545515
2016-08-20T06:00:00Z,tribes_fort-peck_Fort Peck,Fort Peck,EVI,2094.328002878478
2016-08-20T06:00:00Z,tribes_fort-peck_Fort Peck,Fort Peck,NDVI,3572.584982644798
2016-08-20T06:00:00Z,tribes_fort-belknap_Fort Belknap,Fort Belknap,EVI,2508.366210588876
2016-08-20T06:00:00Z,tribes_fort-belknap_Fort Belknap,Fort Belknap,NDVI,4591.323195854476
2016-08-20T06:00:00Z,tribes_rocky-boys_Rocky Boy's,Rocky Boy's,EVI,3331.4097501989063
2016-08-20T06:00:00Z,tribes_rocky-boys_Rocky Boy's,Rocky Boy's,NDVI,5929.003059981338
2016-08-20T06:00:00Z,tribes_blackfeet_Blackfeet,Blackfeet,EVI,2510.393185426823
2016-08-20T06:00:00Z,tribes_blackfeet_Blackfeet,Blackfeet,NDVI,4158.894247868384
2016-08-20T06:00:00Z,tribes_flathead_Flathead,Flathead,EVI,2728.8673252967305
2016-08-20T06:00:00Z,tribes_flathead_Flathead,Flathead,NDVI,4956.356052967092
2016-09-05T06:00:00Z,tribes_northern-cheyenne_Northern Cheyenne,Northern Cheyenne,EVI,2362.5277692950626
2016-09-05T06:00:00Z,tribes_northern-cheyenne_Northern Cheyenne,Northern Cheyenne,NDVI,4135.932091502616
2016-09-05T06:00:00Z,tribes_crow_Crow,Crow,EVI,2294.96584589204
2016-09-05T06:00:00Z,tribes_crow_Crow,Crow,NDVI,3908.9547211029226
2016-09-05T06:00:00Z,tribes_fort-peck_Fort Peck,Fort Peck,EVI,1855.3644631075708
2016-09-05T06:00:00Z,tribes_fort-peck_Fort Peck,Fort Peck,NDVI,3201.327071437133
2016-09-05T06:00:00Z,tribes_fort-belknap_Fort Belknap,Fort Belknap,EVI,2287.499216762493
2016-09-05T06:00:00Z,tribes_fort-belknap_Fort Belknap,Fort Belknap,NDVI,4390.830516133387
2016-09-05T06:00:00Z,tribes_rocky-boys_Rocky Boy's,Rocky Boy's,EVI,2842.378247440159
2016-09-05T06:00:00Z,tribes_rocky-boys_Rocky Boy's,Rocky Boy's,NDVI,5362.755241364004
2016-09-05T06:00:00Z,tribes_blackfeet_Blackfeet,Blackfeet,EVI,2119.4861517097393
2016-09-05T06:00:00Z,tribes_blackfeet_Blackfeet,Blackfeet,NDVI,3723.495410383386
2016-09-05T06:00:00Z,tribes_flathead_Flathead,Flathead,EVI,2395.985023483339
2016-09-05T06:00:00Z,tribes_flathead_Flathead,Flathead,NDVI,4976.5163369796
2016-09-21T06:00:00Z,tribes_northern-cheyenne_Northern Cheyenne,Northern Cheyenne,EVI,2192.984997289562
2016-09-21T06:00:00Z,tribes_northern-cheyenne_Northern Cheyenne,Northern Cheyenne,NDVI,4543.9431513704485
2016-09-21T06:00:00Z,tribes_crow_Crow,Crow,EVI,2363.8443387853977
2016-09-21T06:00:00Z,tribes_crow_Crow,Crow,NDVI,4539.527985725757
2016-09-21T06:00:00Z,tribes_fort-peck_Fort Peck,Fort Peck,EVI,1529.6043558032804
2016-09-21T06:00:00Z,tribes_fort-peck_Fort Peck,Fort Peck,NDVI,2914.5234276796195
2016-09-21T06:00:00Z,tribes_fort-belknap_Fort Belknap,Fort Belknap,EVI,2040.343446890345
2016-09-21T06:00:00Z,tribes_fort-belknap_Fort Belknap,Fort Belknap,NDVI,4009.427045787458
2016-09-21T06:00:00Z,tribes_rocky-boys_Rocky Boy's,Rocky Boy's,EVI,2477.7205271502953
2016-09-21T06:00:00Z,tribes_rocky-boys_Rocky Boy's,Rocky Boy's,NDVI,4733.168931290934
2016-09-21T06:00:00Z,tribes_blackfeet_Blackfeet,Blackfeet,EVI,1857.0556416334207
2016-09-21T06:00:00Z,tribes_blackfeet_Blackfeet,Blackfeet,NDVI,3521.5874475044084
2016-09-21T06:00:00Z,tribes_flathead_Flathead,Flathead,EVI,2241.569465115535
2016-09-21T06:00:00Z,tribes_flathead_Flathead,Flathead,NDVI,4944.651060735124
2016-10-07T06:00:00Z,tribes_northern-cheyenne_Northern Cheyenne,Northern Cheyenne,EVI,2168.6837270061187
2016-10-07T06:00:00Z,tribes_northern-cheyenne_Northern Cheyenne,Northern Cheyenne,NDVI,4683.383142422314
2016-10-07T06:00:00Z,tribes_crow_Crow,Crow,EVI,2317.898171489989
2016-10-07T06:00:00Z,tribes_crow_Crow,Crow,NDVI,4553.274739116642
2016-10-07T06:00:00Z,tribes_fort-peck_Fort Peck,Fort Peck,EVI,1544.2075466797305
2016-10-07T06:00:00Z,tribes_fort-peck_Fort Peck,Fort Peck,NDVI,3009.522968957454
2016-10-07T06:00:00Z,tribes_fort-belknap_Fort Belknap,Fort Belknap,EVI,1778.30709427168
2016-10-07T06:00:00Z,tribes_fort-belknap_Fort Belknap,Fort Belknap,NDVI,3474.923623389115
2016-10-07T06:00:00Z,tribes_rocky-boys_Rocky Boy's,Rocky Boy's,EVI,2042.0056988751953
2016-10-07T06:00:00Z,tribes_rocky-boys_Rocky Boy's,Rocky Boy's,NDVI,3994.0312289245826
2016-10-07T06:00:00Z,tribes_blackfeet_Blackfeet,Blackfeet,EVI,1765.71146686226
2016-10-07T06:00:00Z,tribes_blackfeet_Blackfeet,Blackfeet,NDVI,3093.5805892671938
2016-10-07T06:00:00Z,tribes_flathead_Flathead,Flathead,EVI,2827.703422503659
2016-10-07T06:00:00Z,tribes_flathead_Flathead,Flathead,NDVI,5173.883830047593
2016-10-23T06:00:00Z,tribes_northern-cheyenne_Northern Cheyenne,Northern Cheyenne,EVI,2002.6441267418318
2016-10-23T06:00:00Z,tribes_northern-cheyenne_Northern Cheyenne,Northern Cheyenne,NDVI,4318.431249293465
2016-10-23T06:00:00Z,tribes_crow_Crow,Crow,EVI,2081.3513446664615
2016-10-23T06:00:00Z,tribes_crow_Crow,Crow,NDVI,4080.6797995913016
2016-10-23T06:00:00Z,tribes_fort-peck_Fort Peck,Fort Peck,EVI,1443.9481461357555
2016-10-23T06:00:00Z,tribes_fort-peck_Fort Peck,Fort Peck,NDVI,2806.6893305686453
2016-10-23T06:00:00Z,tribes_fort-belknap_Fort Belknap,Fort Belknap,EVI,1563.396801055508
2016-10-23T06:00:00Z,tribes_fort-belknap_Fort Belknap,Fort Belknap,NDVI,3168.7118251521997
2016-10-23T06:00:00Z,tribes_rocky-boys_Rocky Boy's,Rocky Boy's,EVI,1925.5763420701742
2016-10-23T06:00:00Z,tribes_rocky-boys_Rocky Boy's,Rocky Boy's,NDVI,3837.203718276923
2016-10-23T06:00:00Z,tribes_blackfeet_Blackfeet,Blackfeet,EVI,1597.6346334461632
2016-10-23T06:00:00Z,tribes_blackfeet_Blackfeet,Blackfeet,NDVI,3119.41433893425
2016-10-23T06:00:00Z,tribes_flathead_Flathead,Flathead,EVI,2081.4217825621586
2016-10-23T06:00:00Z,tribes_flathead_Flathead,Flathead,NDVI,5086.176678764248
2016-11-08T07:00:00Z,tribes_northern-cheyenne_Northern Cheyenne,Northern Cheyenne,EVI,1942.1216247515872
2016-11-08T07:00:00Z,tribes_northern-cheyenne_Northern Cheyenne,Northern Cheyenne,NDVI,4361.8833972407165
2016-11-08T07:00:00Z,tribes_crow_Crow,Crow,EVI,2078.001855599497
2016-11-08T07:00:00Z,tribes_crow_Crow,Crow,NDVI,4247.918942118595
2016-11-08T07:00:00Z,tribes_fort-peck_Fort Peck,Fort Peck,EVI,1399.3311435605597
2016-11-08T07:00:00Z,tribes_fort-peck_Fort Peck,Fort Peck,NDVI,2921.872019123479
2016-11-08T07:00:00Z,tribes_fort-belknap_Fort Belknap,Fort Belknap,EVI,1528.1109245957348
2016-11-08T07:00:00Z,tribes_fort-belknap_Fort Belknap,Fort Belknap,NDVI,3256.5006684994228
2016-11-08T07:00:00Z,tribes_rocky-boys_Rocky Boy's,Rocky Boy's,EVI,1957.215965324874
2016-11-08T07:00:00Z,tribes_rocky-boys_Rocky Boy's,Rocky Boy's,NDVI,3615.835162558622
2016-11-08T07:00:00Z,tribes_blackfeet_Blackfeet,Blackfeet,EVI,1662.294964088399
2016-11-08T07:00:00Z,tribes_blackfeet_Blackfeet,Blackfeet,NDVI,3013.4426293525057
2016-11-08T07:00:00Z,tribes_flathead_Flathead,Flathead,EVI,2278.447288847775
2016-11-08T07:00:00Z,tribes_flathead_Flathead,Flathead,NDVI,5026.764457203171
2016-11-24T07:00:00Z,tribes_northern-cheyenne_Northern Cheyenne,Northern Cheyenne,EVI,2025.5183462313196
2016-11-24T07:00:00Z,tribes_northern-cheyenne_Northern Cheyenne,Northern Cheyenne,NDVI,4013.0920450557487
2016-11-24T07:00:00Z,tribes_crow_Crow,Crow,EVI,1888.2419103697894
2016-11-24T07:00:00Z,tribes_crow_Crow,Crow,NDVI,3543.5434497332544
2016-11-24T07:00:00Z,tribes_fort-peck_Fort Peck,Fort Peck,EVI,1660.5798224400467
2016-11-24T07:00:00Z,tribes_fort-peck_Fort Peck,Fort Peck,NDVI,2752.1550576856307
2016-11-24T07:00:00Z,tribes_fort-belknap_Fort Belknap,Fort Belknap,EVI,1502.5811838134916
2016-11-24T07:00:00Z,tribes_fort-belknap_Fort Belknap,Fort Belknap,NDVI,2964.120209674507
2016-11-24T07:00:00Z,tribes_rocky-boys_Rocky Boy's,Rocky Boy's,EVI,1775.4301291738234
2016-11-24T07:00:00Z,tribes_rocky-boys_Rocky Boy's,Rocky Boy's,NDVI,3417.460026177375
2016-11-24T07:00:00Z,tribes_blackfeet_Blackfeet,Blackfeet,EVI,1480.1719687797697
2016-11-24T07:00:00Z,tribes_blackfeet_Blackfeet,Blackfeet,NDVI,2650.7075170516623
2016-11-24T07:00:00Z,tribes_flathead_Flathead,Flathead,EVI,1927.624284442205
2016-11-24T07:00:00Z,tribes_flathead_Flathead,Flathead,NDVI,4112.1780370047745
2016-12-10T07:00:00Z,tribes_northern-cheyenne_Northern Cheyenne,Northern Cheyenne,EVI,NA
2016-12-10T07:00:00Z,tribes_northern-cheyenne_Northern Cheyenne,Northern Cheyenne,NDVI,NA
2016-12-10T07:00:00Z,tribes_crow_Crow,Crow,EVI,NA
2016-12-10T07:00:00Z,tribes_crow_Crow,Crow,NDVI,NA
2016-12-10T07:00:00Z,tribes_fort-peck_Fort Peck,Fort Peck,EVI,NA
2016-12-10T07:00:00Z,tribes_fort-peck_Fort Peck,Fort Peck,NDVI,NA
2016-12-10T07:00:00Z,tribes_fort-belknap_Fort Belknap,Fort Belknap,EVI,NA
2016-12-10T07:00:00Z,tribes_fort-belknap_Fort Belknap,Fort Belknap,NDVI,NA
2016-12-10T07:00:00Z,tribes_rocky-boys_Rocky Boy's,Rocky Boy's,EVI,NA
2016-12-10T07:00:00Z,tribes_rocky-boys_Rocky Boy's,Rocky Boy's,NDVI,NA
2016-12-10T07:00:00Z,tribes_blackfeet_Blackfeet,Blackfeet,EVI,NA
2016-12-10T07:00:00Z,tribes_blackfeet_Blackfeet,Blackfeet,NDVI,NA
2016-12-10T07:00:00Z,tribes_flathead_Flathead,Flathead,EVI,174.1991601679664
2016-12-10T07:00:00Z,tribes_flathead_Flathead,Flathead,NDVI,2945.5650869826036
2016-12-26T07:00:00Z,tribes_northern-cheyenne_Northern Cheyenne,Northern Cheyenne,EVI,NA
2016-12-26T07:00:00Z,tribes_northern-cheyenne_Northern Cheyenne,Northern Cheyenne,NDVI,NA
2016-12-26T07:00:00Z,tribes_crow_Crow,Crow,EVI,NA
2016-12-26T07:00:00Z,tribes_crow_Crow,Crow,NDVI,NA
2016-12-26T07:00:00Z,tribes_fort-peck_Fort Peck,Fort Peck,EVI,NA
2016-12-26T07:00:00Z,tribes_fort-peck_Fort Peck,Fort Peck,NDVI,NA
2016-12-26T07:00:00Z,tribes_fort-belknap_Fort Belknap,Fort Belknap,EVI,2087
2016-12-26T07:00:00Z,tribes_fort-belknap_Fort Belknap,Fort Belknap,NDVI,2587.5
2016-12-26T07:00:00Z,tribes_rocky-boys_Rocky Boy's,Rocky Boy's,EVI,NA
2016-12-26T07:00:00Z,tribes_rocky-boys_Rocky Boy's,Rocky Boy's,NDVI,NA
2016-12-26T07:00:00Z,tribes_blackfeet_Blackfeet,Blackfeet,EVI,NA
2016-12-26T07:00:00Z,tribes_blackfeet_Blackfeet,Blackfeet,NDVI,NA
2016-12-26T07:00:00Z,tribes_flathead_Flathead,Flathead,EVI,560
2016-12-26T07:00:00Z,tribes_flathead_Flathead,Flathead,NDVI,6103
2017-01-09T07:00:00Z,tribes_northern-cheyenne_Northern Cheyenne,Northern Cheyenne,EVI,NA
2017-01-09T07:00:00Z,tribes_northern-cheyenne_Northern Cheyenne,Northern Cheyenne,NDVI,NA
2017-01-09T07:00:00Z,tribes_crow_Crow,Crow,EVI,NA
2017-01-09T07:00:00Z,tribes_crow_Crow,Crow,NDVI,NA
2017-01-09T07:00:00Z,tribes_fort-peck_Fort Peck,Fort Peck,EVI,NA
2017-01-09T07:00:00Z,tribes_fort-peck_Fort Peck,Fort Peck,NDVI,NA
2017-01-09T07:00:00Z,tribes_fort-belknap_Fort Belknap,Fort Belknap,EVI,1488.585665198432
2017-01-09T07:00:00Z,tribes_fort-belknap_Fort Belknap,Fort Belknap,NDVI,2705.7353856036284
2017-01-09T07:00:00Z,tribes_rocky-boys_Rocky Boy's,Rocky Boy's,EVI,1500.299348304522
2017-01-09T07:00:00Z,tribes_rocky-boys_Rocky Boy's,Rocky Boy's,NDVI,2543.907942210002
2017-01-09T07:00:00Z,tribes_blackfeet_Blackfeet,Blackfeet,EVI,1422.2636909871244
2017-01-09T07:00:00Z,tribes_blackfeet_Blackfeet,Blackfeet,NDVI,2284.3911587982834
2017-01-09T07:00:00Z,tribes_flathead_Flathead,Flathead,EVI,69.40303541315346
2017-01-09T07:00:00Z,tribes_flathead_Flathead,Flathead,NDVI,284.92327150084316
2017-01-25T07:00:00Z,tribes_northern-cheyenne_Northern Cheyenne,Northern Cheyenne,EVI,NA
2017-01-25T07:00:00Z,tribes_northern-cheyenne_Northern Cheyenne,Northern Cheyenne,NDVI,NA
2017-01-25T07:00:00Z,tribes_crow_Crow,Crow,EVI,1334.370850011773
2017-01-25T07:00:00Z,tribes_crow_Crow,Crow,NDVI,2577.032964445491
2017-01-25T07:00:00Z,tribes_fort-peck_Fort Peck,Fort Peck,EVI,NA
2017-01-25T07:00:00Z,tribes_fort-peck_Fort Peck,Fort Peck,NDVI,NA
2017-01-25T07:00:00Z,tribes_fort-belknap_Fort Belknap,Fort Belknap,EVI,1327.5791643359305
2017-01-25T07:00:00Z,tribes_fort-belknap_Fort Belknap,Fort Belknap,NDVI,2256.116125801654
2017-01-25T07:00:00Z,tribes_rocky-boys_Rocky Boy's,Rocky Boy's,EVI,691.0778870265726
2017-01-25T07:00:00Z,tribes_rocky-boys_Rocky Boy's,Rocky Boy's,NDVI,2236.4163221799345
2017-01-25T07:00:00Z,tribes_blackfeet_Blackfeet,Blackfeet,EVI,1482.9911378943636
2017-01-25T07:00:00Z,tribes_blackfeet_Blackfeet,Blackfeet,NDVI,2154.5430698333926
2017-01-25T07:00:00Z,tribes_flathead_Flathead,Flathead,EVI,NA
2017-01-25T07:00:00Z,tribes_flathead_Flathead,Flathead,NDVI,NA
2017-02-10T07:00:00Z,tribes_northern-cheyenne_Northern Cheyenne,Northern Cheyenne,EVI,1443.1616926237023
2017-02-10T07:00:00Z,tribes_northern-cheyenne_Northern Cheyenne,Northern Cheyenne,NDVI,2625.8714678814763
2017-02-10T07:00:00Z,tribes_crow_Crow,Crow,EVI,1682.6987682369738
2017-02-10T07:00:00Z,tribes_crow_Crow,Crow,NDVI,2755.3459723721558
2017-02-10T07:00:00Z,tribes_fort-peck_Fort Peck,Fort Peck,EVI,1121.5845682285878
2017-02-10T07:00:00Z,tribes_fort-peck_Fort Peck,Fort Peck,NDVI,2137.868282004357
2017-02-10T07:00:00Z,tribes_fort-belknap_Fort Belknap,Fort Belknap,EVI,1281.0262922217591
2017-02-10T07:00:00Z,tribes_fort-belknap_Fort Belknap,Fort Belknap,NDVI,2414.253787772517
2017-02-10T07:00:00Z,tribes_rocky-boys_Rocky Boy's,Rocky Boy's,EVI,1513.3245069362993
2017-02-10T07:00:00Z,tribes_rocky-boys_Rocky Boy's,Rocky Boy's,NDVI,2541.0538302752307
2017-02-10T07:00:00Z,tribes_blackfeet_Blackfeet,Blackfeet,EVI,1062.6225674261182
2017-02-10T07:00:00Z,tribes_blackfeet_Blackfeet,Blackfeet,NDVI,2113.4754226728537
2017-02-10T07:00:00Z,tribes_flathead_Flathead,Flathead,EVI,-66.03896103896103
2017-02-10T07:00:00Z,tribes_flathead_Flathead,Flathead,NDVI,-1780.7272727272727
2017-02-26T07:00:00Z,tribes_northern-cheyenne_Northern Cheyenne,Northern Cheyenne,EVI,1395.7779564478296
2017-02-26T07:00:00Z,tribes_northern-cheyenne_Northern Cheyenne,Northern Cheyenne,NDVI,2761.1923985459853
2017-02-26T07:00:00Z,tribes_crow_Crow,Crow,EVI,1492.0584757594986
2017-02-26T07:00:00Z,tribes_crow_Crow,Crow,NDVI,2746.7642183185467
2017-02-26T07:00:00Z,tribes_fort-peck_Fort Peck,Fort Peck,EVI,1143.1362408827194
2017-02-26T07:00:00Z,tribes_fort-peck_Fort Peck,Fort Peck,NDVI,2285.0826610135505
2017-02-26T07:00:00Z,tribes_fort-belknap_Fort Belknap,Fort Belknap,EVI,1308.877816595021
2017-02-26T07:00:00Z,tribes_fort-belknap_Fort Belknap,Fort Belknap,NDVI,2313.4390093540487
2017-02-26T07:00:00Z,tribes_rocky-boys_Rocky Boy's,Rocky Boy's,EVI,1333.9870125887264
2017-02-26T07:00:00Z,tribes_rocky-boys_Rocky Boy's,Rocky Boy's,NDVI,2409.5457242534126
2017-02-26T07:00:00Z,tribes_blackfeet_Blackfeet,Blackfeet,EVI,1026.7715952561698
2017-02-26T07:00:00Z,tribes_blackfeet_Blackfeet,Blackfeet,NDVI,1954.356701946102
2017-02-26T07:00:00Z,tribes_flathead_Flathead,Flathead,EVI,1827.1753319828945
2017-02-26T07:00:00Z,tribes_flathead_Flathead,Flathead,NDVI,3374.3675557056044
2017-03-14T06:00:00Z,tribes_northern-cheyenne_Northern Cheyenne,Northern Cheyenne,EVI,1719.863243708599
2017-03-14T06:00:00Z,tribes_northern-cheyenne_Northern Cheyenne,Northern Cheyenne,NDVI,3616.8563493501315
2017-03-14T06:00:00Z,tribes_crow_Crow,Crow,EVI,1741.3270929516052
2017-03-14T06:00:00Z,tribes_crow_Crow,Crow,NDVI,3391.4249135299797
2017-03-14T06:00:00Z,tribes_fort-peck_Fort Peck,Fort Peck,EVI,1180.3115441322473
2017-03-14T06:00:00Z,tribes_fort-peck_Fort Peck,Fort Peck,NDVI,2357.391976184288
2017-03-14T06:00:00Z,tribes_fort-belknap_Fort Belknap,Fort Belknap,EVI,1447.466663828347
2017-03-14T06:00:00Z,tribes_fort-belknap_Fort Belknap,Fort Belknap,NDVI,2620.4971033857996
2017-03-14T06:00:00Z,tribes_rocky-boys_Rocky Boy's,Rocky Boy's,EVI,1580.5713055141325
2017-03-14T06:00:00Z,tribes_rocky-boys_Rocky Boy's,Rocky Boy's,NDVI,3059.7942361969363
2017-03-14T06:00:00Z,tribes_blackfeet_Blackfeet,Blackfeet,EVI,1172.114813933642
2017-03-14T06:00:00Z,tribes_blackfeet_Blackfeet,Blackfeet,NDVI,2203.5626597930855
2017-03-14T06:00:00Z,tribes_flathead_Flathead,Flathead,EVI,2231.882511853296
2017-03-14T06:00:00Z,tribes_flathead_Flathead,Flathead,NDVI,4078.2338647166475
2017-03-30T06:00:00Z,tribes_northern-cheyenne_Northern Cheyenne,Northern Cheyenne,EVI,2276.5890382631187
2017-03-30T06:00:00Z,tribes_northern-cheyenne_Northern Cheyenne,Northern Cheyenne,NDVI,4438.152762825746
2017-03-30T06:00:00Z,tribes_crow_Crow,Crow,EVI,2509.4000077831856
2017-03-30T06:00:00Z,tribes_crow_Crow,Crow,NDVI,4446.207877667003
2017-03-30T06:00:00Z,tribes_fort-peck_Fort Peck,Fort Peck,EVI,1487.8485858789315
2017-03-30T06:00:00Z,tribes_fort-peck_Fort Peck,Fort Peck,NDVI,2806.375309554108
2017-03-30T06:00:00Z,tribes_fort-belknap_Fort Belknap,Fort Belknap,EVI,1876.7874678628432
2017-03-30T06:00:00Z,tribes_fort-belknap_Fort Belknap,Fort Belknap,NDVI,3233.3627522739403
2017-03-30T06:00:00Z,tribes_rocky-boys_Rocky Boy's,Rocky Boy's,EVI,1942.2255525994544
2017-03-30T06:00:00Z,tribes_rocky-boys_Rocky Boy's,Rocky Boy's,NDVI,3782.7554160772065
2017-03-30T06:00:00Z,tribes_blackfeet_Blackfeet,Blackfeet,EVI,1453.9780041088995
2017-03-30T06:00:00Z,tribes_blackfeet_Blackfeet,Blackfeet,NDVI,2647.5721261163453
2017-03-30T06:00:00Z,tribes_flathead_Flathead,Flathead,EVI,2436.8817916708845
2017-03-30T06:00:00Z,tribes_flathead_Flathead,Flathead,NDVI,4863.382019587649
2017-04-15T06:00:00Z,tribes_northern-cheyenne_Northern Cheyenne,Northern Cheyenne,EVI,2476.0953067411624
2017-04-15T06:00:00Z,tribes_northern-cheyenne_Northern Cheyenne,Northern Cheyenne,NDVI,4602.859531235859
2017-04-15T06:00:00Z,tribes_crow_Crow,Crow,EVI,2836.648226773782
2017-04-15T06:00:00Z,tribes_crow_Crow,Crow,NDVI,5030.595584237583
2017-04-15T06:00:00Z,tribes_fort-peck_Fort Peck,Fort Peck,EVI,1648.0403754513138
2017-04-15T06:00:00Z,tribes_fort-peck_Fort Peck,Fort Peck,NDVI,2943.607320000548
2017-04-15T06:00:00Z,tribes_fort-belknap_Fort Belknap,Fort Belknap,EVI,2016.4476664542744
2017-04-15T06:00:00Z,tribes_fort-belknap_Fort Belknap,Fort Belknap,NDVI,3444.0184100949737
2017-04-15T06:00:00Z,tribes_rocky-boys_Rocky Boy's,Rocky Boy's,EVI,2033.503384670266
2017-04-15T06:00:00Z,tribes_rocky-boys_Rocky Boy's,Rocky Boy's,NDVI,3513.331144707256
2017-04-15T06:00:00Z,tribes_blackfeet_Blackfeet,Blackfeet,EVI,1641.4653064520128
2017-04-15T06:00:00Z,tribes_blackfeet_Blackfeet,Blackfeet,NDVI,2803.832693097011
2017-04-15T06:00:00Z,tribes_flathead_Flathead,Flathead,EVI,2879.0649542023543
2017-04-15T06:00:00Z,tribes_flathead_Flathead,Flathead,NDVI,5087.865435201088
2017-05-01T06:00:00Z,tribes_northern-cheyenne_Northern Cheyenne,Northern Cheyenne,EVI,2935.272647851353
2017-05-01T06:00:00Z,tribes_northern-cheyenne_Northern Cheyenne,Northern Cheyenne,NDVI,5248.9705656833185
2017-05-01T06:00:00Z,tribes_crow_Crow,Crow,EVI,3321.3741317537924
2017-05-01T06:00:00Z,tribes_crow_Crow,Crow,NDVI,5592.568614208112
2017-05-01T06:00:00Z,tribes_fort-peck_Fort Peck,Fort Peck,EVI,1954.1753421742555
2017-05-01T06:00:00Z,tribes_fort-peck_Fort Peck,Fort Peck,NDVI,3326.7805176442234
2017-05-01T06:00:00Z,tribes_fort-belknap_Fort Belknap,Fort Belknap,EVI,2706.2469425561926
2017-05-01T06:00:00Z,tribes_fort-belknap_Fort Belknap,Fort Belknap,NDVI,4647.083814081701
2017-05-01T06:00:00Z,tribes_rocky-boys_Rocky Boy's,Rocky Boy's,EVI,3036.2352594230706
2017-05-01T06:00:00Z,tribes_rocky-boys_Rocky Boy's,Rocky Boy's,NDVI,5286.726946731452
2017-05-01T06:00:00Z,tribes_blackfeet_Blackfeet,Blackfeet,EVI,2519.024580535702
2017-05-01T06:00:00Z,tribes_blackfeet_Blackfeet,Blackfeet,NDVI,4220.80129172865
2017-05-01T06:00:00Z,tribes_flathead_Flathead,Flathead,EVI,3407.7851567477796
2017-05-01T06:00:00Z,tribes_flathead_Flathead,Flathead,NDVI,6160.671408141609
2017-05-17T06:00:00Z,tribes_northern-cheyenne_Northern Cheyenne,Northern Cheyenne,EVI,3390.2995030031598
2017-05-17T06:00:00Z,tribes_northern-cheyenne_Northern Cheyenne,Northern Cheyenne,NDVI,6168.843767281097
2017-05-17T06:00:00Z,tribes_crow_Crow,Crow,EVI,4021.9858813905676
2017-05-17T06:00:00Z,tribes_crow_Crow,Crow,NDVI,5969.348636050111
2017-05-17T06:00:00Z,tribes_fort-peck_Fort Peck,Fort Peck,EVI,2159.9821532967317
2017-05-17T06:00:00Z,tribes_fort-peck_Fort Peck,Fort Peck,NDVI,3580.7829023983536
2017-05-17T06:00:00Z,tribes_fort-belknap_Fort Belknap,Fort Belknap,EVI,3125.943395314832
2017-05-17T06:00:00Z,tribes_fort-belknap_Fort Belknap,Fort Belknap,NDVI,4839.58099052817
2017-05-17T06:00:00Z,tribes_rocky-boys_Rocky Boy's,Rocky Boy's,EVI,4111.967923346953
2017-05-17T06:00:00Z,tribes_rocky-boys_Rocky Boy's,Rocky Boy's,NDVI,6561.435997759654
2017-05-17T06:00:00Z,tribes_blackfeet_Blackfeet,Blackfeet,EVI,3313.415620594799
2017-05-17T06:00:00Z,tribes_blackfeet_Blackfeet,Blackfeet,NDVI,5059.522661687759
2017-05-17T06:00:00Z,tribes_flathead_Flathead,Flathead,EVI,3640.8676020823405
2017-05-17T06:00:00Z,tribes_flathead_Flathead,Flathead,NDVI,6308.395563059286
2017-06-02T06:00:00Z,tribes_northern-cheyenne_Northern Cheyenne,Northern Cheyenne,EVI,3353.1041979138718
2017-06-02T06:00:00Z,tribes_northern-cheyenne_Northern Cheyenne,Northern Cheyenne,NDVI,5493.860647535205
2017-06-02T06:00:00Z,tribes_crow_Crow,Crow,EVI,3755.133494656604
2017-06-02T06:00:00Z,tribes_crow_Crow,Crow,NDVI,5834.928769843546
2017-06-02T06:00:00Z,tribes_fort-peck_Fort Peck,Fort Peck,EVI,2288.393785527838
2017-06-02T06:00:00Z,tribes_fort-peck_Fort Peck,Fort Peck,NDVI,3572.7065915887674
2017-06-02T06:00:00Z,tribes_fort-belknap_Fort Belknap,Fort Belknap,EVI,2942.715074432521
2017-06-02T06:00:00Z,tribes_fort-belknap_Fort Belknap,Fort Belknap,NDVI,4692.813842075388
2017-06-02T06:00:00Z,tribes_rocky-boys_Rocky Boy's,Rocky Boy's,EVI,4041.7542198393166
2017-06-02T06:00:00Z,tribes_rocky-boys_Rocky Boy's,Rocky Boy's,NDVI,6209.534809259639
2017-06-02T06:00:00Z,tribes_blackfeet_Blackfeet,Blackfeet,EVI,3578.7209230343965
2017-06-02T06:00:00Z,tribes_blackfeet_Blackfeet,Blackfeet,NDVI,5756.190634208893
2017-06-02T06:00:00Z,tribes_flathead_Flathead,Flathead,EVI,3870.7290890948548
2017-06-02T06:00:00Z,tribes_flathead_Flathead,Flathead,NDVI,6350.713040901373
2017-06-18T06:00:00Z,tribes_northern-cheyenne_Northern Cheyenne,Northern Cheyenne,EVI,2985.3814196622025
2017-06-18T06:00:00Z,tribes_northern-cheyenne_Northern Cheyenne,Northern Cheyenne,NDVI,5277.832640541183
2017-06-18T06:00:00Z,tribes_crow_Crow,Crow,EVI,3403.06584605033
2017-06-18T06:00:00Z,tribes_crow_Crow,Crow,NDVI,5442.7319806804935
2017-06-18T06:00:00Z,tribes_fort-peck_Fort Peck,Fort Peck,EVI,2464.675215138527
2017-06-18T06:00:00Z,tribes_fort-peck_Fort Peck,Fort Peck,NDVI,3762.005035081757
2017-06-18T06:00:00Z,tribes_fort-belknap_Fort Belknap,Fort Belknap,EVI,2752.4439176662495
2017-06-18T06:00:00Z,tribes_fort-belknap_Fort Belknap,Fort Belknap,NDVI,4348.382426819468
2017-06-18T06:00:00Z,tribes_rocky-boys_Rocky Boy's,Rocky Boy's,EVI,4207.416303359504
2017-06-18T06:00:00Z,tribes_rocky-boys_Rocky Boy's,Rocky Boy's,NDVI,6499.106977016161
2017-06-18T06:00:00Z,tribes_blackfeet_Blackfeet,Blackfeet,EVI,3864.252262453084
2017-06-18T06:00:00Z,tribes_blackfeet_Blackfeet,Blackfeet,NDVI,5929.2610800557695
2017-06-18T06:00:00Z,tribes_flathead_Flathead,Flathead,EVI,3276.799304461418
2017-06-18T06:00:00Z,tribes_flathead_Flathead,Flathead,NDVI,5866.852426850131
2017-07-04T06:00:00Z,tribes_northern-cheyenne_Northern Cheyenne,Northern Cheyenne,EVI,2743.7414985306727
2017-07-04T06:00:00Z,tribes_northern-cheyenne_Northern Cheyenne,Northern Cheyenne,NDVI,4453.0828050370255
2017-07-04T06:00:00Z,tribes_crow_Crow,Crow,EVI,2852.0474012217255
2017-07-04T06:00:00Z,tribes_crow_Crow,Crow,NDVI,4517.856624565841
2017-07-04T06:00:00Z,tribes_fort-peck_Fort Peck,Fort Peck,EVI,2083.3104774299322
2017-07-04T06:00:00Z,tribes_fort-peck_Fort Peck,Fort Peck,NDVI,3243.3808552363894
2017-07-04T06:00:00Z,tribes_fort-belknap_Fort Belknap,Fort Belknap,EVI,2447.150667721599
2017-07-04T06:00:00Z,tribes_fort-belknap_Fort Belknap,Fort Belknap,NDVI,3885.002824917959
2017-07-04T06:00:00Z,tribes_rocky-boys_Rocky Boy's,Rocky Boy's,EVI,3867.7490225832275
2017-07-04T06:00:00Z,tribes_rocky-boys_Rocky Boy's,Rocky Boy's,NDVI,5872.910558907574
2017-07-04T06:00:00Z,tribes_blackfeet_Blackfeet,Blackfeet,EVI,3503.1836357633574
2017-07-04T06:00:00Z,tribes_blackfeet_Blackfeet,Blackfeet,NDVI,5454.897291484417
2017-07-04T06:00:00Z,tribes_flathead_Flathead,Flathead,EVI,3209.9590554048805
2017-07-04T06:00:00Z,tribes_flathead_Flathead,Flathead,NDVI,5462.837078835889
2017-07-20T06:00:00Z,tribes_northern-cheyenne_Northern Cheyenne,Northern Cheyenne,EVI,2423.643000057464
2017-07-20T06:00:00Z,tribes_northern-cheyenne_Northern Cheyenne,Northern Cheyenne,NDVI,4130.032980634101
2017-07-20T06:00:00Z,tribes_crow_Crow,Crow,EVI,2482.6251093791566
2017-07-20T06:00:00Z,tribes_crow_Crow,Crow,NDVI,4012.7857423692612
2017-07-20T06:00:00Z,tribes_fort-peck_Fort Peck,Fort Peck,EVI,1902.4502536713208
2017-07-20T06:00:00Z,tribes_fort-peck_Fort Peck,Fort Peck,NDVI,2932.1503387729917
2017-07-20T06:00:00Z,tribes_fort-belknap_Fort Belknap,Fort Belknap,EVI,2152.89299215921
2017-07-20T06:00:00Z,tribes_fort-belknap_Fort Belknap,Fort Belknap,NDVI,3459.3166141797374
2017-07-20T06:00:00Z,tribes_rocky-boys_Rocky Boy's,Rocky Boy's,EVI,3279.809093481257
2017-07-20T06:00:00Z,tribes_rocky-boys_Rocky Boy's,Rocky Boy's,NDVI,5127.665697889049
2017-07-20T06:00:00Z,tribes_blackfeet_Blackfeet,Blackfeet,EVI,2817.9094705416655
2017-07-20T06:00:00Z,tribes_blackfeet_Blackfeet,Blackfeet,NDVI,4351.517266984681
2017-07-20T06:00:00Z,tribes_flathead_Flathead,Flathead,EVI,2859.02879309968
2017-07-20T06:00:00Z,tribes_flathead_Flathead,Flathead,NDVI,4997.440082073452
2017-08-05T06:00:00Z,tribes_northern-cheyenne_Northern Cheyenne,Northern Cheyenne,EVI,2186.692295570606
2017-08-05T06:00:00Z,tribes_northern-cheyenne_Northern Cheyenne,Northern Cheyenne,NDVI,4087.886410777108
2017-08-05T06:00:00Z,tribes_crow_Crow,Crow,EVI,2210.4803761480575
2017-08-05T06:00:00Z,tribes_crow_Crow,Crow,NDVI,3670.7065249495604
2017-08-05T06:00:00Z,tribes_fort-peck_Fort Peck,Fort Peck,EVI,1824.3548360005686
2017-08-05T06:00:00Z,tribes_fort-peck_Fort Peck,Fort Peck,NDVI,2915.9331026248215
2017-08-05T06:00:00Z,tribes_fort-belknap_Fort Belknap,Fort Belknap,EVI,2255.1044272290646
2017-08-05T06:00:00Z,tribes_fort-belknap_Fort Belknap,Fort Belknap,NDVI,3287.514029915109
2017-08-05T06:00:00Z,tribes_rocky-boys_Rocky Boy's,Rocky Boy's,EVI,2964.716970220194
2017-08-05T06:00:00Z,tribes_rocky-boys_Rocky Boy's,Rocky Boy's,NDVI,4605.147173193096
2017-08-05T06:00:00Z,tribes_blackfeet_Blackfeet,Blackfeet,EVI,2368.6960310328436
2017-08-05T06:00:00Z,tribes_blackfeet_Blackfeet,Blackfeet,NDVI,3766.976292179766
2017-08-05T06:00:00Z,tribes_flathead_Flathead,Flathead,EVI,2675.393166359334
2017-08-05T06:00:00Z,tribes_flathead_Flathead,Flathead,NDVI,4785.138279565864
2017-08-21T06:00:00Z,tribes_northern-cheyenne_Northern Cheyenne,Northern Cheyenne,EVI,2161.559291371903
2017-08-21T06:00:00Z,tribes_northern-cheyenne_Northern Cheyenne,Northern Cheyenne,NDVI,3753.283048290573
2017-08-21T06:00:00Z,tribes_crow_Crow,Crow,EVI,2106.9238300186894
2017-08-21T06:00:00Z,tribes_crow_Crow,Crow,NDVI,3377.617604885422
2017-08-21T06:00:00Z,tribes_fort-peck_Fort Peck,Fort Peck,EVI,1644.0866414435588
2017-08-21T06:00:00Z,tribes_fort-peck_Fort Peck,Fort Peck,NDVI,2591.1104280430627
2017-08-21T06:00:00Z,tribes_fort-belknap_Fort Belknap,Fort Belknap,EVI,1904.1097213838214
2017-08-21T06:00:00Z,tribes_fort-belknap_Fort Belknap,Fort Belknap,NDVI,2980.539107561061
2017-08-21T06:00:00Z,tribes_rocky-boys_Rocky Boy's,Rocky Boy's,EVI,2542.7553869809276
2017-08-21T06:00:00Z,tribes_rocky-boys_Rocky Boy's,Rocky Boy's,NDVI,4188.514278982358
2017-08-21T06:00:00Z,tribes_blackfeet_Blackfeet,Blackfeet,EVI,2113.381131661758
2017-08-21T06:00:00Z,tribes_blackfeet_Blackfeet,Blackfeet,NDVI,3369.6554933631473
2017-08-21T06:00:00Z,tribes_flathead_Flathead,Flathead,EVI,2601.684053148818
2017-08-21T06:00:00Z,tribes_flathead_Flathead,Flathead,NDVI,4911.047772998822
2017-09-06T06:00:00Z,tribes_northern-cheyenne_Northern Cheyenne,Northern Cheyenne,EVI,1955.6313950615263
2017-09-06T06:00:00Z,tribes_northern-cheyenne_Northern Cheyenne,Northern Cheyenne,NDVI,3788.425443765656
2017-09-06T06:00:00Z,tribes_crow_Crow,Crow,EVI,1907.258050035328
2017-09-06T06:00:00Z,tribes_crow_Crow,Crow,NDVI,3312.148803468116
2017-09-06T06:00:00Z,tribes_fort-peck_Fort Peck,Fort Peck,EVI,1557.5386553147123
2017-09-06T06:00:00Z,tribes_fort-peck_Fort Peck,Fort Peck,NDVI,2533.200171551891
2017-09-06T06:00:00Z,tribes_fort-belknap_Fort Belknap,Fort Belknap,EVI,1770.6833750633616
2017-09-06T06:00:00Z,tribes_fort-belknap_Fort Belknap,Fort Belknap,NDVI,2894.7293740384325
2017-09-06T06:00:00Z,tribes_rocky-boys_Rocky Boy's,Rocky Boy's,EVI,2247.5204930913806
2017-09-06T06:00:00Z,tribes_rocky-boys_Rocky Boy's,Rocky Boy's,NDVI,3794.221151750556
2017-09-06T06:00:00Z,tribes_blackfeet_Blackfeet,Blackfeet,EVI,2009.4809808154448
2017-09-06T06:00:00Z,tribes_blackfeet_Blackfeet,Blackfeet,NDVI,3019.048573856023
2017-09-06T06:00:00Z,tribes_flathead_Flathead,Flathead,EVI,2430.391766548329
2017-09-06T06:00:00Z,tribes_flathead_Flathead,Flathead,NDVI,4529.064042710767
2017-09-22T06:00:00Z,tribes_northern-cheyenne_Northern Cheyenne,Northern Cheyenne,EVI,2040.2932340974671
2017-09-22T06:00:00Z,tribes_northern-cheyenne_Northern Cheyenne,Northern Cheyenne,NDVI,3860.0008277659426
2017-09-22T06:00:00Z,tribes_crow_Crow,Crow,EVI,1906.433963707633
2017-09-22T06:00:00Z,tribes_crow_Crow,Crow,NDVI,3498.5936407055265
2017-09-22T06:00:00Z,tribes_fort-peck_Fort Peck,Fort Peck,EVI,1467.4977772200757
2017-09-22T06:00:00Z,tribes_fort-peck_Fort Peck,Fort Peck,NDVI,2817.1911693916954
2017-09-22T06:00:00Z,tribes_fort-belknap_Fort Belknap,Fort Belknap,EVI,1690.875246813644
2017-09-22T06:00:00Z,tribes_fort-belknap_Fort Belknap,Fort Belknap,NDVI,2778.1352944424916
2017-09-22T06:00:00Z,tribes_rocky-boys_Rocky Boy's,Rocky Boy's,EVI,2126.756982941981
2017-09-22T06:00:00Z,tribes_rocky-boys_Rocky Boy's,Rocky Boy's,NDVI,3537.544253037998
2017-09-22T06:00:00Z,tribes_blackfeet_Blackfeet,Blackfeet,EVI,1764.1319714665162
2017-09-22T06:00:00Z,tribes_blackfeet_Blackfeet,Blackfeet,NDVI,2948.4219940748703
2017-09-22T06:00:00Z,tribes_flathead_Flathead,Flathead,EVI,2292.873293510896
2017-09-22T06:00:00Z,tribes_flathead_Flathead,Flathead,NDVI,4815.149300168722
2017-10-08T06:00:00Z,tribes_northern-cheyenne_Northern Cheyenne,Northern Cheyenne,EVI,1892.1394676276445
2017-10-08T06:00:00Z,tribes_northern-cheyenne_Northern Cheyenne,Northern Cheyenne,NDVI,3856.1268873793992
2017-10-08T06:00:00Z,tribes_crow_Crow,Crow,EVI,1822.2892218707846
2017-10-08T06:00:00Z,tribes_crow_Crow,Crow,NDVI,3460.602925478426
2017-10-08T06:00:00Z,tribes_fort-peck_Fort Peck,Fort Peck,EVI,1530.6883316320407
2017-10-08T06:00:00Z,tribes_fort-peck_Fort Peck,Fort Peck,NDVI,2654.934469652629
2017-10-08T06:00:00Z,tribes_fort-belknap_Fort Belknap,Fort Belknap,EVI,1568.7359979589974
2017-10-08T06:00:00Z,tribes_fort-belknap_Fort Belknap,Fort Belknap,NDVI,2608.2966995442766
2017-10-08T06:00:00Z,tribes_rocky-boys_Rocky Boy's,Rocky Boy's,EVI,1683.7308138213475
2017-10-08T06:00:00Z,tribes_rocky-boys_Rocky Boy's,Rocky Boy's,NDVI,2982.1486749850787
2017-10-08T06:00:00Z,tribes_blackfeet_Blackfeet,Blackfeet,EVI,1567.4099961267484
2017-10-08T06:00:00Z,tribes_blackfeet_Blackfeet,Blackfeet,NDVI,2663.499531254604
2017-10-08T06:00:00Z,tribes_flathead_Flathead,Flathead,EVI,2210.588627763792
2017-10-08T06:00:00Z,tribes_flathead_Flathead,Flathead,NDVI,4634.957956400513
2017-10-24T06:00:00Z,tribes_northern-cheyenne_Northern Cheyenne,Northern Cheyenne,EVI,1876.3227538288588
2017-10-24T06:00:00Z,tribes_northern-cheyenne_Northern Cheyenne,Northern Cheyenne,NDVI,3637.362413945141
2017-10-24T06:00:00Z,tribes_crow_Crow,Crow,EVI,1847.6383954526148
2017-10-24T06:00:00Z,tribes_crow_Crow,Crow,NDVI,3141.7339126855877
2017-10-24T06:00:00Z,tribes_fort-peck_Fort Peck,Fort Peck,EVI,1361.9772235102025
2017-10-24T06:00:00Z,tribes_fort-peck_Fort Peck,Fort Peck,NDVI,2448.5221962633022
2017-10-24T06:00:00Z,tribes_fort-belknap_Fort Belknap,Fort Belknap,EVI,1585.7961969684914
2017-10-24T06:00:00Z,tribes_fort-belknap_Fort Belknap,Fort Belknap,NDVI,2636.9860099999496
2017-10-24T06:00:00Z,tribes_rocky-boys_Rocky Boy's,Rocky Boy's,EVI,1970.8258113926343
2017-10-24T06:00:00Z,tribes_rocky-boys_Rocky Boy's,Rocky Boy's,NDVI,3661.352301046914
2017-10-24T06:00:00Z,tribes_blackfeet_Blackfeet,Blackfeet,EVI,1487.5399540001868
2017-10-24T06:00:00Z,tribes_blackfeet_Blackfeet,Blackfeet,NDVI,2348.006582387478
2017-10-24T06:00:00Z,tribes_flathead_Flathead,Flathead,EVI,2119.68922028608
2017-10-24T06:00:00Z,tribes_flathead_Flathead,Flathead,NDVI,4492.234633828783
2017-11-09T07:00:00Z,tribes_northern-cheyenne_Northern Cheyenne,Northern Cheyenne,EVI,1828.3888205562955
2017-11-09T07:00:00Z,tribes_northern-cheyenne_Northern Cheyenne,Northern Cheyenne,NDVI,3650.242052094418
2017-11-09T07:00:00Z,tribes_crow_Crow,Crow,EVI,1597.9463238479716
2017-11-09T07:00:00Z,tribes_crow_Crow,Crow,NDVI,2893.2997049323494
2017-11-09T07:00:00Z,tribes_fort-peck_Fort Peck,Fort Peck,EVI,1235.1580092525624
2017-11-09T07:00:00Z,tribes_fort-peck_Fort Peck,Fort Peck,NDVI,2239.930690527586
2017-11-09T07:00:00Z,tribes_fort-belknap_Fort Belknap,Fort Belknap,EVI,1525.3134403153247
2017-11-09T07:00:00Z,tribes_fort-belknap_Fort Belknap,Fort Belknap,NDVI,2446.7748220229114
2017-11-09T07:00:00Z,tribes_rocky-boys_Rocky Boy's,Rocky Boy's,EVI,1476.6237900993283
2017-11-09T07:00:00Z,tribes_rocky-boys_Rocky Boy's,Rocky Boy's,NDVI,2847.1705845695924
2017-11-09T07:00:00Z,tribes_blackfeet_Blackfeet,Blackfeet,EVI,1274.838428564815
2017-11-09T07:00:00Z,tribes_blackfeet_Blackfeet,Blackfeet,NDVI,1989.6989066873646
2017-11-09T07:00:00Z,tribes_flathead_Flathead,Flathead,EVI,2110.9576140105983
2017-11-09T07:00:00Z,tribes_flathead_Flathead,Flathead,NDVI,4001.3188722424356
2017-11-25T07:00:00Z,tribes_northern-cheyenne_Northern Cheyenne,Northern Cheyenne,EVI,1667.0786035728524
2017-11-25T07:00:00Z,tribes_northern-cheyenne_Northern Cheyenne,Northern Cheyenne,NDVI,3702.4010858429933
2017-11-25T07:00:00Z,tribes_crow_Crow,Crow,EVI,1492.5567800963265
2017-11-25T07:00:00Z,tribes_crow_Crow,Crow,NDVI,2973.7722248070936
2017-11-25T07:00:00Z,tribes_fort-peck_Fort Peck,Fort Peck,EVI,1220.597021271094
2017-11-25T07:00:00Z,tribes_fort-peck_Fort Peck,Fort Peck,NDVI,2238.491587554345
2017-11-25T07:00:00Z,tribes_fort-belknap_Fort Belknap,Fort Belknap,EVI,1616.819976953765
2017-11-25T07:00:00Z,tribes_fort-belknap_Fort Belknap,Fort Belknap,NDVI,2585.9543000988283
2017-11-25T07:00:00Z,tribes_rocky-boys_Rocky Boy's,Rocky Boy's,EVI,1515.5530497357736
2017-11-25T07:00:00Z,tribes_rocky-boys_Rocky Boy's,Rocky Boy's,NDVI,2621.1636076332406
2017-11-25T07:00:00Z,tribes_blackfeet_Blackfeet,Blackfeet,EVI,1298.2702994611284
2017-11-25T07:00:00Z,tribes_blackfeet_Blackfeet,Blackfeet,NDVI,2142.9417613325304
2017-11-25T07:00:00Z,tribes_flathead_Flathead,Flathead,EVI,1960.1272574404684
2017-11-25T07:00:00Z,tribes_flathead_Flathead,Flathead,NDVI,4153.274381864899
2017-12-11T07:00:00Z,tribes_northern-cheyenne_Northern Cheyenne,Northern Cheyenne,EVI,1531.2235212510443
2017-12-11T07:00:00Z,tribes_northern-cheyenne_Northern Cheyenne,Northern Cheyenne,NDVI,3413.5904373253675
2017-12-11T07:00:00Z,tribes_crow_Crow,Crow,EVI,1391.5675669259817
2017-12-11T07:00:00Z,tribes_crow_Crow,Crow,NDVI,2591.359338376257
2017-12-11T07:00:00Z,tribes_fort-peck_Fort Peck,Fort Peck,EVI,1190.928071648301
2017-12-11T07:00:00Z,tribes_fort-peck_Fort Peck,Fort Peck,NDVI,2153.9244890717177
2017-12-11T07:00:00Z,tribes_fort-belknap_Fort Belknap,Fort Belknap,EVI,1322.114434460603
2017-12-11T07:00:00Z,tribes_fort-belknap_Fort Belknap,Fort Belknap,NDVI,2335.7871996604194
2017-12-11T07:00:00Z,tribes_rocky-boys_Rocky Boy's,Rocky Boy's,EVI,1386.9540371725948
2017-12-11T07:00:00Z,tribes_rocky-boys_Rocky Boy's,Rocky Boy's,NDVI,2640.5699687364395
2017-12-11T07:00:00Z,tribes_blackfeet_Blackfeet,Blackfeet,EVI,1307.2552550613714
2017-12-11T07:00:00Z,tribes_blackfeet_Blackfeet,Blackfeet,NDVI,2136.7540166893455
2017-12-11T07:00:00Z,tribes_flathead_Flathead,Flathead,EVI,-90.29787234042553
2017-12-11T07:00:00Z,tribes_flathead_Flathead,Flathead,NDVI,-736.4255319148937
2017-12-27T07:00:00Z,tribes_northern-cheyenne_Northern Cheyenne,Northern Cheyenne,EVI,NA
2017-12-27T07:00:00Z,tribes_northern-cheyenne_Northern Cheyenne,Northern Cheyenne,NDVI,NA
2017-12-27T07:00:00Z,tribes_crow_Crow,Crow,EVI,NA
2017-12-27T07:00:00Z,tribes_crow_Crow,Crow,NDVI,NA
2017-12-27T07:00:00Z,tribes_fort-peck_Fort Peck,Fort Peck,EVI,NA
2017-12-27T07:00:00Z,tribes_fort-peck_Fort Peck,Fort Peck,NDVI,NA
2017-12-27T07:00:00Z,tribes_fort-belknap_Fort Belknap,Fort Belknap,EVI,NA
2017-12-27T07:00:00Z,tribes_fort-belknap_Fort Belknap,Fort Belknap,NDVI,NA
2017-12-27T07:00:00Z,tribes_rocky-boys_Rocky Boy's,Rocky Boy's,EVI,NA
2017-12-27T07:00:00Z,tribes_rocky-boys_Rocky Boy's,Rocky Boy's,NDVI,NA
2017-12-27T07:00:00Z,tribes_blackfeet_Blackfeet,Blackfeet,EVI,NA
2017-12-27T07:00:00Z,tribes_blackfeet_Blackfeet,Blackfeet,NDVI,NA
2017-12-27T07:00:00Z,tribes_flathead_Flathead,Flathead,EVI,NA
2017-12-27T07:00:00Z,tribes_flathead_Flathead,Flathead,NDVI,NA
2018-01-09T07:00:00Z,tribes_northern-cheyenne_Northern Cheyenne,Northern Cheyenne,EVI,NA
2018-01-09T07:00:00Z,tribes_northern-cheyenne_Northern Cheyenne,Northern Cheyenne,NDVI,NA
2018-01-09T07:00:00Z,tribes_crow_Crow,Crow,EVI,NA
2018-01-09T07:00:00Z,tribes_crow_Crow,Crow,NDVI,NA
2018-01-09T07:00:00Z,tribes_fort-peck_Fort Peck,Fort Peck,EVI,NA
2018-01-09T07:00:00Z,tribes_fort-peck_Fort Peck,Fort Peck,NDVI,NA
2018-01-09T07:00:00Z,tribes_fort-belknap_Fort Belknap,Fort Belknap,EVI,NA
2018-01-09T07:00:00Z,tribes_fort-belknap_Fort Belknap,Fort Belknap,NDVI,NA
2018-01-09T07:00:00Z,tribes_rocky-boys_Rocky Boy's,Rocky Boy's,EVI,NA
2018-01-09T07:00:00Z,tribes_rocky-boys_Rocky Boy's,Rocky Boy's,NDVI,NA
2018-01-09T07:00:00Z,tribes_blackfeet_Blackfeet,Blackfeet,EVI,1057.4109251968505
2018-01-09T07:00:00Z,tribes_blackfeet_Blackfeet,Blackfeet,NDVI,1554.7855672870437
2018-01-09T07:00:00Z,tribes_flathead_Flathead,Flathead,EVI,NA
2018-01-09T07:00:00Z,tribes_flathead_Flathead,Flathead,NDVI,NA
2018-01-25T07:00:00Z,tribes_northern-cheyenne_Northern Cheyenne,Northern Cheyenne,EVI,NA
2018-01-25T07:00:00Z,tribes_northern-cheyenne_Northern Cheyenne,Northern Cheyenne,NDVI,NA
2018-01-25T07:00:00Z,tribes_crow_Crow,Crow,EVI,1533.8077896142609
2018-01-25T07:00:00Z,tribes_crow_Crow,Crow,NDVI,2656.1087058940925
2018-01-25T07:00:00Z,tribes_fort-peck_Fort Peck,Fort Peck,EVI,NA
2018-01-25T07:00:00Z,tribes_fort-peck_Fort Peck,Fort Peck,NDVI,NA
2018-01-25T07:00:00Z,tribes_fort-belknap_Fort Belknap,Fort Belknap,EVI,NA
2018-01-25T07:00:00Z,tribes_fort-belknap_Fort Belknap,Fort Belknap,NDVI,NA
2018-01-25T07:00:00Z,tribes_rocky-boys_Rocky Boy's,Rocky Boy's,EVI,NA
2018-01-25T07:00:00Z,tribes_rocky-boys_Rocky Boy's,Rocky Boy's,NDVI,NA
2018-01-25T07:00:00Z,tribes_blackfeet_Blackfeet,Blackfeet,EVI,879
2018-01-25T07:00:00Z,tribes_blackfeet_Blackfeet,Blackfeet,NDVI,1565
2018-01-25T07:00:00Z,tribes_flathead_Flathead,Flathead,EVI,1549.4281418642254
2018-01-25T07:00:00Z,tribes_flathead_Flathead,Flathead,NDVI,3141.0515465216386
2018-02-10T07:00:00Z,tribes_northern-cheyenne_Northern Cheyenne,Northern Cheyenne,EVI,NA
2018-02-10T07:00:00Z,tribes_northern-cheyenne_Northern Cheyenne,Northern Cheyenne,NDVI,NA
2018-02-10T07:00:00Z,tribes_crow_Crow,Crow,EVI,NA
2018-02-10T07:00:00Z,tribes_crow_Crow,Crow,NDVI,NA
2018-02-10T07:00:00Z,tribes_fort-peck_Fort Peck,Fort Peck,EVI,NA
2018-02-10T07:00:00Z,tribes_fort-peck_Fort Peck,Fort Peck,NDVI,NA
2018-02-10T07:00:00Z,tribes_fort-belknap_Fort Belknap,Fort Belknap,EVI,NA
2018-02-10T07:00:00Z,tribes_fort-belknap_Fort Belknap,Fort Belknap,NDVI,NA
2018-02-10T07:00:00Z,tribes_rocky-boys_Rocky Boy's,Rocky Boy's,EVI,NA
2018-02-10T07:00:00Z,tribes_rocky-boys_Rocky Boy's,Rocky Boy's,NDVI,NA
2018-02-10T07:00:00Z,tribes_blackfeet_Blackfeet,Blackfeet,EVI,NA
2018-02-10T07:00:00Z,tribes_blackfeet_Blackfeet,Blackfeet,NDVI,NA
2018-02-10T07:00:00Z,tribes_flathead_Flathead,Flathead,EVI,NA
2018-02-10T07:00:00Z,tribes_flathead_Flathead,Flathead,NDVI,NA
2018-02-26T07:00:00Z,tribes_northern-cheyenne_Northern Cheyenne,Northern Cheyenne,EVI,NA
2018-02-26T07:00:00Z,tribes_northern-cheyenne_Northern Cheyenne,Northern Cheyenne,NDVI,NA
2018-02-26T07:00:00Z,tribes_crow_Crow,Crow,EVI,1041.3180057802997
2018-02-26T07:00:00Z,tribes_crow_Crow,Crow,NDVI,1975.825273639002
2018-02-26T07:00:00Z,tribes_fort-peck_Fort Peck,Fort Peck,EVI,NA
2018-02-26T07:00:00Z,tribes_fort-peck_Fort Peck,Fort Peck,NDVI,NA
2018-02-26T07:00:00Z,tribes_fort-belknap_Fort Belknap,Fort Belknap,EVI,NA
2018-02-26T07:00:00Z,tribes_fort-belknap_Fort Belknap,Fort Belknap,NDVI,NA
2018-02-26T07:00:00Z,tribes_rocky-boys_Rocky Boy's,Rocky Boy's,EVI,NA
2018-02-26T07:00:00Z,tribes_rocky-boys_Rocky Boy's,Rocky Boy's,NDVI,NA
2018-02-26T07:00:00Z,tribes_blackfeet_Blackfeet,Blackfeet,EVI,NA
2018-02-26T07:00:00Z,tribes_blackfeet_Blackfeet,Blackfeet,NDVI,NA
2018-02-26T07:00:00Z,tribes_flathead_Flathead,Flathead,EVI,1640.2579979360164
2018-02-26T07:00:00Z,tribes_flathead_Flathead,Flathead,NDVI,3075.109594975092
2018-03-14T06:00:00Z,tribes_northern-cheyenne_Northern Cheyenne,Northern Cheyenne,EVI,NA
2018-03-14T06:00:00Z,tribes_northern-cheyenne_Northern Cheyenne,Northern Cheyenne,NDVI,NA
2018-03-14T06:00:00Z,tribes_crow_Crow,Crow,EVI,1247.9576120217316
2018-03-14T06:00:00Z,tribes_crow_Crow,Crow,NDVI,2314.3146551861278
2018-03-14T06:00:00Z,tribes_fort-peck_Fort Peck,Fort Peck,EVI,912.4237558291477
2018-03-14T06:00:00Z,tribes_fort-peck_Fort Peck,Fort Peck,NDVI,1675.7390167561157
2018-03-14T06:00:00Z,tribes_fort-belknap_Fort Belknap,Fort Belknap,EVI,NA
2018-03-14T06:00:00Z,tribes_fort-belknap_Fort Belknap,Fort Belknap,NDVI,NA
2018-03-14T06:00:00Z,tribes_rocky-boys_Rocky Boy's,Rocky Boy's,EVI,NA
2018-03-14T06:00:00Z,tribes_rocky-boys_Rocky Boy's,Rocky Boy's,NDVI,NA
2018-03-14T06:00:00Z,tribes_blackfeet_Blackfeet,Blackfeet,EVI,967.9312893381651
2018-03-14T06:00:00Z,tribes_blackfeet_Blackfeet,Blackfeet,NDVI,1691.6319378218577
2018-03-14T06:00:00Z,tribes_flathead_Flathead,Flathead,EVI,1748.0487596478201
2018-03-14T06:00:00Z,tribes_flathead_Flathead,Flathead,NDVI,3405.164983618753
2018-03-30T06:00:00Z,tribes_northern-cheyenne_Northern Cheyenne,Northern Cheyenne,EVI,1320.9960030014176
2018-03-30T06:00:00Z,tribes_northern-cheyenne_Northern Cheyenne,Northern Cheyenne,NDVI,2589.635276251967
2018-03-30T06:00:00Z,tribes_crow_Crow,Crow,EVI,1309.5047336750458
2018-03-30T06:00:00Z,tribes_crow_Crow,Crow,NDVI,2424.7604169761107
2018-03-30T06:00:00Z,tribes_fort-peck_Fort Peck,Fort Peck,EVI,973.1177594661438
2018-03-30T06:00:00Z,tribes_fort-peck_Fort Peck,Fort Peck,NDVI,1904.2576888599083
2018-03-30T06:00:00Z,tribes_fort-belknap_Fort Belknap,Fort Belknap,EVI,NA
2018-03-30T06:00:00Z,tribes_fort-belknap_Fort Belknap,Fort Belknap,NDVI,NA
2018-03-30T06:00:00Z,tribes_rocky-boys_Rocky Boy's,Rocky Boy's,EVI,NA
2018-03-30T06:00:00Z,tribes_rocky-boys_Rocky Boy's,Rocky Boy's,NDVI,NA
2018-03-30T06:00:00Z,tribes_blackfeet_Blackfeet,Blackfeet,EVI,1247.1765356276771
2018-03-30T06:00:00Z,tribes_blackfeet_Blackfeet,Blackfeet,NDVI,1975.5472883198454
2018-03-30T06:00:00Z,tribes_flathead_Flathead,Flathead,EVI,1715.8013658401735
2018-03-30T06:00:00Z,tribes_flathead_Flathead,Flathead,NDVI,3548.542648534853
2018-04-15T06:00:00Z,tribes_northern-cheyenne_Northern Cheyenne,Northern Cheyenne,EVI,1928.4305682488696
2018-04-15T06:00:00Z,tribes_northern-cheyenne_Northern Cheyenne,Northern Cheyenne,NDVI,3676.2871994914626
2018-04-15T06:00:00Z,tribes_crow_Crow,Crow,EVI,1917.0797575804283
2018-04-15T06:00:00Z,tribes_crow_Crow,Crow,NDVI,3396.8506648894954
2018-04-15T06:00:00Z,tribes_fort-peck_Fort Peck,Fort Peck,EVI,1263.7449158733652
2018-04-15T06:00:00Z,tribes_fort-peck_Fort Peck,Fort Peck,NDVI,2189.1731150937435
2018-04-15T06:00:00Z,tribes_fort-belknap_Fort Belknap,Fort Belknap,EVI,1446.2143720950235
2018-04-15T06:00:00Z,tribes_fort-belknap_Fort Belknap,Fort Belknap,NDVI,2595.1385630649143
2018-04-15T06:00:00Z,tribes_rocky-boys_Rocky Boy's,Rocky Boy's,EVI,1583.3686212708096
2018-04-15T06:00:00Z,tribes_rocky-boys_Rocky Boy's,Rocky Boy's,NDVI,2829.593591651849
2018-04-15T06:00:00Z,tribes_blackfeet_Blackfeet,Blackfeet,EVI,1105.5576479592348
2018-04-15T06:00:00Z,tribes_blackfeet_Blackfeet,Blackfeet,NDVI,1869.8455060516576
2018-04-15T06:00:00Z,tribes_flathead_Flathead,Flathead,EVI,2574.6314590082843
2018-04-15T06:00:00Z,tribes_flathead_Flathead,Flathead,NDVI,4732.7564512992585
2018-05-01T06:00:00Z,tribes_northern-cheyenne_Northern Cheyenne,Northern Cheyenne,EVI,3013.621198215933
2018-05-01T06:00:00Z,tribes_northern-cheyenne_Northern Cheyenne,Northern Cheyenne,NDVI,5249.844555846032
2018-05-01T06:00:00Z,tribes_crow_Crow,Crow,EVI,3184.485575619802
2018-05-01T06:00:00Z,tribes_crow_Crow,Crow,NDVI,5288.9445743711
2018-05-01T06:00:00Z,tribes_fort-peck_Fort Peck,Fort Peck,EVI,1793.6119667633027
2018-05-01T06:00:00Z,tribes_fort-peck_Fort Peck,Fort Peck,NDVI,3153.900195853668
2018-05-01T06:00:00Z,tribes_fort-belknap_Fort Belknap,Fort Belknap,EVI,2353.1579804799585
2018-05-01T06:00:00Z,tribes_fort-belknap_Fort Belknap,Fort Belknap,NDVI,4078.082659291549
2018-05-01T06:00:00Z,tribes_rocky-boys_Rocky Boy's,Rocky Boy's,EVI,3030.224124735874
2018-05-01T06:00:00Z,tribes_rocky-boys_Rocky Boy's,Rocky Boy's,NDVI,4948.351352019345
2018-05-01T06:00:00Z,tribes_blackfeet_Blackfeet,Blackfeet,EVI,1782.2409642756184
2018-05-01T06:00:00Z,tribes_blackfeet_Blackfeet,Blackfeet,NDVI,3113.8985746051035
2018-05-01T06:00:00Z,tribes_flathead_Flathead,Flathead,EVI,3755.1962120816406
2018-05-01T06:00:00Z,tribes_flathead_Flathead,Flathead,NDVI,6054.981935607171
2018-05-17T06:00:00Z,tribes_northern-cheyenne_Northern Cheyenne,Northern Cheyenne,EVI,3464.990522528183
2018-05-17T06:00:00Z,tribes_northern-cheyenne_Northern Cheyenne,Northern Cheyenne,NDVI,6152.449048040014
2018-05-17T06:00:00Z,tribes_crow_Crow,Crow,EVI,3809.8639676905805
2018-05-17T06:00:00Z,tribes_crow_Crow,Crow,NDVI,6252.952021300955
2018-05-17T06:00:00Z,tribes_fort-peck_Fort Peck,Fort Peck,EVI,2410.987913851007
2018-05-17T06:00:00Z,tribes_fort-peck_Fort Peck,Fort Peck,NDVI,3999.7156324542666
2018-05-17T06:00:00Z,tribes_fort-belknap_Fort Belknap,Fort Belknap,EVI,3056.864242560135
2018-05-17T06:00:00Z,tribes_fort-belknap_Fort Belknap,Fort Belknap,NDVI,5052.765453495508
2018-05-17T06:00:00Z,tribes_rocky-boys_Rocky Boy's,Rocky Boy's,EVI,3821.5828993296914
2018-05-17T06:00:00Z,tribes_rocky-boys_Rocky Boy's,Rocky Boy's,NDVI,6265.058869485985
2018-05-17T06:00:00Z,tribes_blackfeet_Blackfeet,Blackfeet,EVI,2722.1641471985704
2018-05-17T06:00:00Z,tribes_blackfeet_Blackfeet,Blackfeet,NDVI,4533.999131543032
2018-05-17T06:00:00Z,tribes_flathead_Flathead,Flathead,EVI,4022.4953406370428
2018-05-17T06:00:00Z,tribes_flathead_Flathead,Flathead,NDVI,6507.213698007135
2018-06-02T06:00:00Z,tribes_northern-cheyenne_Northern Cheyenne,Northern Cheyenne,EVI,3968.697454989524
2018-06-02T06:00:00Z,tribes_northern-cheyenne_Northern Cheyenne,Northern Cheyenne,NDVI,6167.891112802507
2018-06-02T06:00:00Z,tribes_crow_Crow,Crow,EVI,4161.04619026521
2018-06-02T06:00:00Z,tribes_crow_Crow,Crow,NDVI,6276.5199730017985
2018-06-02T06:00:00Z,tribes_fort-peck_Fort Peck,Fort Peck,EVI,3356.006215948316
2018-06-02T06:00:00Z,tribes_fort-peck_Fort Peck,Fort Peck,NDVI,5281.3840141922465
2018-06-02T06:00:00Z,tribes_fort-belknap_Fort Belknap,Fort Belknap,EVI,3226.2436468349565
2018-06-02T06:00:00Z,tribes_fort-belknap_Fort Belknap,Fort Belknap,NDVI,5106.8672232713425
2018-06-02T06:00:00Z,tribes_rocky-boys_Rocky Boy's,Rocky Boy's,EVI,4194.391042164953
2018-06-02T06:00:00Z,tribes_rocky-boys_Rocky Boy's,Rocky Boy's,NDVI,6405.212065176632
2018-06-02T06:00:00Z,tribes_blackfeet_Blackfeet,Blackfeet,EVI,3335.7601216457024
2018-06-02T06:00:00Z,tribes_blackfeet_Blackfeet,Blackfeet,NDVI,5209.055578178933
2018-06-02T06:00:00Z,tribes_flathead_Flathead,Flathead,EVI,3956.1212412784307
2018-06-02T06:00:00Z,tribes_flathead_Flathead,Flathead,NDVI,6501.640241060216
2018-06-18T06:00:00Z,tribes_northern-cheyenne_Northern Cheyenne,Northern Cheyenne,EVI,3777.8691553878557
2018-06-18T06:00:00Z,tribes_northern-cheyenne_Northern Cheyenne,Northern Cheyenne,NDVI,6397.703291565584
2018-06-18T06:00:00Z,tribes_crow_Crow,Crow,EVI,4308.000400268992
2018-06-18T06:00:00Z,tribes_crow_Crow,Crow,NDVI,6469.69888491994
2018-06-18T06:00:00Z,tribes_fort-peck_Fort Peck,Fort Peck,EVI,3331.720292111724
2018-06-18T06:00:00Z,tribes_fort-peck_Fort Peck,Fort Peck,NDVI,5494.435259676465
2018-06-18T06:00:00Z,tribes_fort-belknap_Fort Belknap,Fort Belknap,EVI,3435.3812493698474
2018-06-18T06:00:00Z,tribes_fort-belknap_Fort Belknap,Fort Belknap,NDVI,5407.0828905046865
2018-06-18T06:00:00Z,tribes_rocky-boys_Rocky Boy's,Rocky Boy's,EVI,4743.414056675372
2018-06-18T06:00:00Z,tribes_rocky-boys_Rocky Boy's,Rocky Boy's,NDVI,6890.233967571688
2018-06-18T06:00:00Z,tribes_blackfeet_Blackfeet,Blackfeet,EVI,3971.33358765871
2018-06-18T06:00:00Z,tribes_blackfeet_Blackfeet,Blackfeet,NDVI,6118.3304946672815
2018-06-18T06:00:00Z,tribes_flathead_Flathead,Flathead,EVI,3514.5427961748164
2018-06-18T06:00:00Z,tribes_flathead_Flathead,Flathead,NDVI,6277.057240074245
2018-07-04T06:00:00Z,tribes_northern-cheyenne_Northern Cheyenne,Northern Cheyenne,EVI,3512.46833468963
2018-07-04T06:00:00Z,tribes_northern-cheyenne_Northern Cheyenne,Northern Cheyenne,NDVI,5860.882547321365
2018-07-04T06:00:00Z,tribes_crow_Crow,Crow,EVI,3731.0271058513654
2018-07-04T06:00:00Z,tribes_crow_Crow,Crow,NDVI,5768.576838782715
2018-07-04T06:00:00Z,tribes_fort-peck_Fort Peck,Fort Peck,EVI,3544.4290256909526
2018-07-04T06:00:00Z,tribes_fort-peck_Fort Peck,Fort Peck,NDVI,5494.7846198389125
2018-07-04T06:00:00Z,tribes_fort-belknap_Fort Belknap,Fort Belknap,EVI,2730.150782063731
2018-07-04T06:00:00Z,tribes_fort-belknap_Fort Belknap,Fort Belknap,NDVI,4588.841790792033
2018-07-04T06:00:00Z,tribes_rocky-boys_Rocky Boy's,Rocky Boy's,EVI,3989.2389159015324
2018-07-04T06:00:00Z,tribes_rocky-boys_Rocky Boy's,Rocky Boy's,NDVI,6266.269480841015
2018-07-04T06:00:00Z,tribes_blackfeet_Blackfeet,Blackfeet,EVI,3709.9019320170823
2018-07-04T06:00:00Z,tribes_blackfeet_Blackfeet,Blackfeet,NDVI,5744.504874795754
2018-07-04T06:00:00Z,tribes_flathead_Flathead,Flathead,EVI,3337.5624707757393
2018-07-04T06:00:00Z,tribes_flathead_Flathead,Flathead,NDVI,5945.751797650164
2018-07-20T06:00:00Z,tribes_northern-cheyenne_Northern Cheyenne,Northern Cheyenne,EVI,3334.7584536183167
2018-07-20T06:00:00Z,tribes_northern-cheyenne_Northern Cheyenne,Northern Cheyenne,NDVI,5344.865241875611
2018-07-20T06:00:00Z,tribes_crow_Crow,Crow,EVI,3314.500344040459
2018-07-20T06:00:00Z,tribes_crow_Crow,Crow,NDVI,5124.743356362587
2018-07-20T06:00:00Z,tribes_fort-peck_Fort Peck,Fort Peck,EVI,2835.102855503175
2018-07-20T06:00:00Z,tribes_fort-peck_Fort Peck,Fort Peck,NDVI,4385.933430609705
2018-07-20T06:00:00Z,tribes_fort-belknap_Fort Belknap,Fort Belknap,EVI,2549.266125379038
2018-07-20T06:00:00Z,tribes_fort-belknap_Fort Belknap,Fort Belknap,NDVI,4091.8898581557037
2018-07-20T06:00:00Z,tribes_rocky-boys_Rocky Boy's,Rocky Boy's,EVI,3685.0362470463524
2018-07-20T06:00:00Z,tribes_rocky-boys_Rocky Boy's,Rocky Boy's,NDVI,5631.982742578934
2018-07-20T06:00:00Z,tribes_blackfeet_Blackfeet,Blackfeet,EVI,3230.096818043311
2018-07-20T06:00:00Z,tribes_blackfeet_Blackfeet,Blackfeet,NDVI,5065.827694302256
2018-07-20T06:00:00Z,tribes_flathead_Flathead,Flathead,EVI,3112.2673386231536
2018-07-20T06:00:00Z,tribes_flathead_Flathead,Flathead,NDVI,5571.757097859287
2018-08-05T06:00:00Z,tribes_northern-cheyenne_Northern Cheyenne,Northern Cheyenne,EVI,2812.257540923908
2018-08-05T06:00:00Z,tribes_northern-cheyenne_Northern Cheyenne,Northern Cheyenne,NDVI,4811.690359330902
2018-08-05T06:00:00Z,tribes_crow_Crow,Crow,EVI,2720.542375910152
2018-08-05T06:00:00Z,tribes_crow_Crow,Crow,NDVI,4470.022987559217
2018-08-05T06:00:00Z,tribes_fort-peck_Fort Peck,Fort Peck,EVI,2035.3031042016214
2018-08-05T06:00:00Z,tribes_fort-peck_Fort Peck,Fort Peck,NDVI,3244.0767911673984
2018-08-05T06:00:00Z,tribes_fort-belknap_Fort Belknap,Fort Belknap,EVI,2291.7820697036564
2018-08-05T06:00:00Z,tribes_fort-belknap_Fort Belknap,Fort Belknap,NDVI,3532.3272673384085
2018-08-05T06:00:00Z,tribes_rocky-boys_Rocky Boy's,Rocky Boy's,EVI,3223.587770560558
2018-08-05T06:00:00Z,tribes_rocky-boys_Rocky Boy's,Rocky Boy's,NDVI,5218.685637721616
2018-08-05T06:00:00Z,tribes_blackfeet_Blackfeet,Blackfeet,EVI,2662.228641584792
2018-08-05T06:00:00Z,tribes_blackfeet_Blackfeet,Blackfeet,NDVI,4286.880128826414
2018-08-05T06:00:00Z,tribes_flathead_Flathead,Flathead,EVI,2938.2107463662956
2018-08-05T06:00:00Z,tribes_flathead_Flathead,Flathead,NDVI,5174.375099485985
2018-08-21T06:00:00Z,tribes_northern-cheyenne_Northern Cheyenne,Northern Cheyenne,EVI,2407.277968536878
2018-08-21T06:00:00Z,tribes_northern-cheyenne_Northern Cheyenne,Northern Cheyenne,NDVI,4756.951456604798
2018-08-21T06:00:00Z,tribes_crow_Crow,Crow,EVI,2361.8617483550784
2018-08-21T06:00:00Z,tribes_crow_Crow,Crow,NDVI,4357.921897764218
2018-08-21T06:00:00Z,tribes_fort-peck_Fort Peck,Fort Peck,EVI,1868.4156455314223
2018-08-21T06:00:00Z,tribes_fort-peck_Fort Peck,Fort Peck,NDVI,3002.461600634439
2018-08-21T06:00:00Z,tribes_fort-belknap_Fort Belknap,Fort Belknap,EVI,2005.7226231674047
2018-08-21T06:00:00Z,tribes_fort-belknap_Fort Belknap,Fort Belknap,NDVI,3598.5826298682227
2018-08-21T06:00:00Z,tribes_rocky-boys_Rocky Boy's,Rocky Boy's,EVI,2715.9171191601636
2018-08-21T06:00:00Z,tribes_rocky-boys_Rocky Boy's,Rocky Boy's,NDVI,4718.882817395306
2018-08-21T06:00:00Z,tribes_blackfeet_Blackfeet,Blackfeet,EVI,2510.1484762436085
2018-08-21T06:00:00Z,tribes_blackfeet_Blackfeet,Blackfeet,NDVI,4066.9395022620365
2018-08-21T06:00:00Z,tribes_flathead_Flathead,Flathead,EVI,2748.094458670202
2018-08-21T06:00:00Z,tribes_flathead_Flathead,Flathead,NDVI,4993.796174862418
2018-09-06T06:00:00Z,tribes_northern-cheyenne_Northern Cheyenne,Northern Cheyenne,EVI,2428.0983416221306
2018-09-06T06:00:00Z,tribes_northern-cheyenne_Northern Cheyenne,Northern Cheyenne,NDVI,4566.0312856221635
2018-09-06T06:00:00Z,tribes_crow_Crow,Crow,EVI,2320.716241140873
2018-09-06T06:00:00Z,tribes_crow_Crow,Crow,NDVI,4170.839139550325
2018-09-06T06:00:00Z,tribes_fort-peck_Fort Peck,Fort Peck,EVI,1690.741323227041
2018-09-06T06:00:00Z,tribes_fort-peck_Fort Peck,Fort Peck,NDVI,2733.0241008664407
2018-09-06T06:00:00Z,tribes_fort-belknap_Fort Belknap,Fort Belknap,EVI,2151.7940027472605
2018-09-06T06:00:00Z,tribes_fort-belknap_Fort Belknap,Fort Belknap,NDVI,3630.7264084992244
2018-09-06T06:00:00Z,tribes_rocky-boys_Rocky Boy's,Rocky Boy's,EVI,2493.2947982449555
2018-09-06T06:00:00Z,tribes_rocky-boys_Rocky Boy's,Rocky Boy's,NDVI,4334.907351981237
2018-09-06T06:00:00Z,tribes_blackfeet_Blackfeet,Blackfeet,EVI,2214.746679918445
2018-09-06T06:00:00Z,tribes_blackfeet_Blackfeet,Blackfeet,NDVI,3595.57459455309
2018-09-06T06:00:00Z,tribes_flathead_Flathead,Flathead,EVI,2586.5204716318362
2018-09-06T06:00:00Z,tribes_flathead_Flathead,Flathead,NDVI,4790.650312203431
2018-09-22T06:00:00Z,tribes_northern-cheyenne_Northern Cheyenne,Northern Cheyenne,EVI,2243.4297119476223
2018-09-22T06:00:00Z,tribes_northern-cheyenne_Northern Cheyenne,Northern Cheyenne,NDVI,4235.6085089753415
2018-09-22T06:00:00Z,tribes_crow_Crow,Crow,EVI,2039.4366375809566
2018-09-22T06:00:00Z,tribes_crow_Crow,Crow,NDVI,3766.0197451505196
2018-09-22T06:00:00Z,tribes_fort-peck_Fort Peck,Fort Peck,EVI,1602.8658091114032
2018-09-22T06:00:00Z,tribes_fort-peck_Fort Peck,Fort Peck,NDVI,2598.3878158324187
2018-09-22T06:00:00Z,tribes_fort-belknap_Fort Belknap,Fort Belknap,EVI,1928.1513626822143
2018-09-22T06:00:00Z,tribes_fort-belknap_Fort Belknap,Fort Belknap,NDVI,3868.9836308557306
2018-09-22T06:00:00Z,tribes_rocky-boys_Rocky Boy's,Rocky Boy's,EVI,2074.612223482828
2018-09-22T06:00:00Z,tribes_rocky-boys_Rocky Boy's,Rocky Boy's,NDVI,4343.788037168508
2018-09-22T06:00:00Z,tribes_blackfeet_Blackfeet,Blackfeet,EVI,1930.6292949492358
2018-09-22T06:00:00Z,tribes_blackfeet_Blackfeet,Blackfeet,NDVI,3296.9079985939807
2018-09-22T06:00:00Z,tribes_flathead_Flathead,Flathead,EVI,2221.593382166067
2018-09-22T06:00:00Z,tribes_flathead_Flathead,Flathead,NDVI,4844.432249162656
2018-10-08T06:00:00Z,tribes_northern-cheyenne_Northern Cheyenne,Northern Cheyenne,EVI,1877.250743529148
2018-10-08T06:00:00Z,tribes_northern-cheyenne_Northern Cheyenne,Northern Cheyenne,NDVI,4112.690258215866
2018-10-08T06:00:00Z,tribes_crow_Crow,Crow,EVI,1783.0041590126386
2018-10-08T06:00:00Z,tribes_crow_Crow,Crow,NDVI,3534.9941664837093
2018-10-08T06:00:00Z,tribes_fort-peck_Fort Peck,Fort Peck,EVI,1209.8534909416012
2018-10-08T06:00:00Z,tribes_fort-peck_Fort Peck,Fort Peck,NDVI,2407.8502548513
2018-10-08T06:00:00Z,tribes_fort-belknap_Fort Belknap,Fort Belknap,EVI,1865.3919014391618
2018-10-08T06:00:00Z,tribes_fort-belknap_Fort Belknap,Fort Belknap,NDVI,3770.66718706281
2018-10-08T06:00:00Z,tribes_rocky-boys_Rocky Boy's,Rocky Boy's,EVI,1926.3531241481157
2018-10-08T06:00:00Z,tribes_rocky-boys_Rocky Boy's,Rocky Boy's,NDVI,3789.4010814570543
2018-10-08T06:00:00Z,tribes_blackfeet_Blackfeet,Blackfeet,EVI,1478.0233358909695
2018-10-08T06:00:00Z,tribes_blackfeet_Blackfeet,Blackfeet,NDVI,2729.583137414885
2018-10-08T06:00:00Z,tribes_flathead_Flathead,Flathead,EVI,2184.5413543457553
2018-10-08T06:00:00Z,tribes_flathead_Flathead,Flathead,NDVI,4625.8843432443755
2018-10-24T06:00:00Z,tribes_northern-cheyenne_Northern Cheyenne,Northern Cheyenne,EVI,1837.5933011649927
2018-10-24T06:00:00Z,tribes_northern-cheyenne_Northern Cheyenne,Northern Cheyenne,NDVI,3939.2251062300234
2018-10-24T06:00:00Z,tribes_crow_Crow,Crow,EVI,1741.9383998838075
2018-10-24T06:00:00Z,tribes_crow_Crow,Crow,NDVI,3246.247633006965
2018-10-24T06:00:00Z,tribes_fort-peck_Fort Peck,Fort Peck,EVI,1234.8135702599725
2018-10-24T06:00:00Z,tribes_fort-peck_Fort Peck,Fort Peck,NDVI,2391.6556231012687
2018-10-24T06:00:00Z,tribes_fort-belknap_Fort Belknap,Fort Belknap,EVI,1722.1953559907006
2018-10-24T06:00:00Z,tribes_fort-belknap_Fort Belknap,Fort Belknap,NDVI,3446.2183871939365
2018-10-24T06:00:00Z,tribes_rocky-boys_Rocky Boy's,Rocky Boy's,EVI,1871.2506028058071
2018-10-24T06:00:00Z,tribes_rocky-boys_Rocky Boy's,Rocky Boy's,NDVI,3762.232205042734
2018-10-24T06:00:00Z,tribes_blackfeet_Blackfeet,Blackfeet,EVI,1490.9921354376288
2018-10-24T06:00:00Z,tribes_blackfeet_Blackfeet,Blackfeet,NDVI,2781.5956640957543
2018-10-24T06:00:00Z,tribes_flathead_Flathead,Flathead,EVI,2364.9656577739383
2018-10-24T06:00:00Z,tribes_flathead_Flathead,Flathead,NDVI,4617.362352290409
2018-11-09T07:00:00Z,tribes_northern-cheyenne_Northern Cheyenne,Northern Cheyenne,EVI,1696.004304208777
2018-11-09T07:00:00Z,tribes_northern-cheyenne_Northern Cheyenne,Northern Cheyenne,NDVI,3678.668447361442
2018-11-09T07:00:00Z,tribes_crow_Crow,Crow,EVI,1473.9463390606606
2018-11-09T07:00:00Z,tribes_crow_Crow,Crow,NDVI,2947.274734796521
2018-11-09T07:00:00Z,tribes_fort-peck_Fort Peck,Fort Peck,EVI,1185.7504148168343
2018-11-09T07:00:00Z,tribes_fort-peck_Fort Peck,Fort Peck,NDVI,2243.916324244581
2018-11-09T07:00:00Z,tribes_fort-belknap_Fort Belknap,Fort Belknap,EVI,1496.9145280431173
2018-11-09T07:00:00Z,tribes_fort-belknap_Fort Belknap,Fort Belknap,NDVI,3041.2626864389317
2018-11-09T07:00:00Z,tribes_rocky-boys_Rocky Boy's,Rocky Boy's,EVI,1517.5832317707006
2018-11-09T07:00:00Z,tribes_rocky-boys_Rocky Boy's,Rocky Boy's,NDVI,2774.3896617746536
2018-11-09T07:00:00Z,tribes_blackfeet_Blackfeet,Blackfeet,EVI,1228.4629349981933
2018-11-09T07:00:00Z,tribes_blackfeet_Blackfeet,Blackfeet,NDVI,2189.876476363678
2018-11-09T07:00:00Z,tribes_flathead_Flathead,Flathead,EVI,1890.2676188450696
2018-11-09T07:00:00Z,tribes_flathead_Flathead,Flathead,NDVI,3951.2816088602317
2018-11-25T07:00:00Z,tribes_northern-cheyenne_Northern Cheyenne,Northern Cheyenne,EVI,1552.2806422185984
2018-11-25T07:00:00Z,tribes_northern-cheyenne_Northern Cheyenne,Northern Cheyenne,NDVI,3580.477246150475
2018-11-25T07:00:00Z,tribes_crow_Crow,Crow,EVI,1392.3999007479786
2018-11-25T07:00:00Z,tribes_crow_Crow,Crow,NDVI,2823.771249748419
2018-11-25T07:00:00Z,tribes_fort-peck_Fort Peck,Fort Peck,EVI,1113.2791766783369
2018-11-25T07:00:00Z,tribes_fort-peck_Fort Peck,Fort Peck,NDVI,2241.0417042985487
2018-11-25T07:00:00Z,tribes_fort-belknap_Fort Belknap,Fort Belknap,EVI,1670.9215144606526
2018-11-25T07:00:00Z,tribes_fort-belknap_Fort Belknap,Fort Belknap,NDVI,3013.5068360832793
2018-11-25T07:00:00Z,tribes_rocky-boys_Rocky Boy's,Rocky Boy's,EVI,1726.6689269629926
2018-11-25T07:00:00Z,tribes_rocky-boys_Rocky Boy's,Rocky Boy's,NDVI,2754.685838352922
2018-11-25T07:00:00Z,tribes_blackfeet_Blackfeet,Blackfeet,EVI,1314.0040903854556
2018-11-25T07:00:00Z,tribes_blackfeet_Blackfeet,Blackfeet,NDVI,2194.8414604863183
2018-11-25T07:00:00Z,tribes_flathead_Flathead,Flathead,EVI,1875.2048324709917
2018-11-25T07:00:00Z,tribes_flathead_Flathead,Flathead,NDVI,4035.0130250559205
2018-12-11T07:00:00Z,tribes_northern-cheyenne_Northern Cheyenne,Northern Cheyenne,EVI,1643.4445483728123
2018-12-11T07:00:00Z,tribes_northern-cheyenne_Northern Cheyenne,Northern Cheyenne,NDVI,3506.913173713313
2018-12-11T07:00:00Z,tribes_crow_Crow,Crow,EVI,1349.2885794586311
2018-12-11T07:00:00Z,tribes_crow_Crow,Crow,NDVI,2680.204479125261
2018-12-11T07:00:00Z,tribes_fort-peck_Fort Peck,Fort Peck,EVI,1141.4211827929612
2018-12-11T07:00:00Z,tribes_fort-peck_Fort Peck,Fort Peck,NDVI,2189.2440911846825
2018-12-11T07:00:00Z,tribes_fort-belknap_Fort Belknap,Fort Belknap,EVI,1357.0376521388132
2018-12-11T07:00:00Z,tribes_fort-belknap_Fort Belknap,Fort Belknap,NDVI,2670.0414820295227
2018-12-11T07:00:00Z,tribes_rocky-boys_Rocky Boy's,Rocky Boy's,EVI,1413.558024543383
2018-12-11T07:00:00Z,tribes_rocky-boys_Rocky Boy's,Rocky Boy's,NDVI,2614.542049738673
2018-12-11T07:00:00Z,tribes_blackfeet_Blackfeet,Blackfeet,EVI,1212.2490515311365
2018-12-11T07:00:00Z,tribes_blackfeet_Blackfeet,Blackfeet,NDVI,2128.986555425764
2018-12-11T07:00:00Z,tribes_flathead_Flathead,Flathead,EVI,1560.9725611516822
2018-12-11T07:00:00Z,tribes_flathead_Flathead,Flathead,NDVI,3596.478345036113
2018-12-27T07:00:00Z,tribes_northern-cheyenne_Northern Cheyenne,Northern Cheyenne,EVI,1334.4284915894173
2018-12-27T07:00:00Z,tribes_northern-cheyenne_Northern Cheyenne,Northern Cheyenne,NDVI,2770.928002779101
2018-12-27T07:00:00Z,tribes_crow_Crow,Crow,EVI,1247.6824295726226
2018-12-27T07:00:00Z,tribes_crow_Crow,Crow,NDVI,2239.143184165224
2018-12-27T07:00:00Z,tribes_fort-peck_Fort Peck,Fort Peck,EVI,1035.7724790662746
2018-12-27T07:00:00Z,tribes_fort-peck_Fort Peck,Fort Peck,NDVI,2110.287176321837
2018-12-27T07:00:00Z,tribes_fort-belknap_Fort Belknap,Fort Belknap,EVI,1403.566061895573
2018-12-27T07:00:00Z,tribes_fort-belknap_Fort Belknap,Fort Belknap,NDVI,2553.8562375340753
2018-12-27T07:00:00Z,tribes_rocky-boys_Rocky Boy's,Rocky Boy's,EVI,1339.472367289115
2018-12-27T07:00:00Z,tribes_rocky-boys_Rocky Boy's,Rocky Boy's,NDVI,2457.9920718512867
2018-12-27T07:00:00Z,tribes_blackfeet_Blackfeet,Blackfeet,EVI,1113.6765597549747
2018-12-27T07:00:00Z,tribes_blackfeet_Blackfeet,Blackfeet,NDVI,1929.5888638264353
2018-12-27T07:00:00Z,tribes_flathead_Flathead,Flathead,EVI,1616.0372153351127
2018-12-27T07:00:00Z,tribes_flathead_Flathead,Flathead,NDVI,2801.266867875583
2019-01-09T07:00:00Z,tribes_northern-cheyenne_Northern Cheyenne,Northern Cheyenne,EVI,1331.3521275187009
2019-01-09T07:00:00Z,tribes_northern-cheyenne_Northern Cheyenne,Northern Cheyenne,NDVI,2765.890766265725
2019-01-09T07:00:00Z,tribes_crow_Crow,Crow,EVI,1245.5432909045708
2019-01-09T07:00:00Z,tribes_crow_Crow,Crow,NDVI,2238.217328095921
2019-01-09T07:00:00Z,tribes_fort-peck_Fort Peck,Fort Peck,EVI,1034.8384583764255
2019-01-09T07:00:00Z,tribes_fort-peck_Fort Peck,Fort Peck,NDVI,2123.767424337242
2019-01-09T07:00:00Z,tribes_fort-belknap_Fort Belknap,Fort Belknap,EVI,1363.5321381968886
2019-01-09T07:00:00Z,tribes_fort-belknap_Fort Belknap,Fort Belknap,NDVI,2472.073440342718
2019-01-09T07:00:00Z,tribes_rocky-boys_Rocky Boy's,Rocky Boy's,EVI,1349.065521580767
2019-01-09T07:00:00Z,tribes_rocky-boys_Rocky Boy's,Rocky Boy's,NDVI,2426.596387626068
2019-01-09T07:00:00Z,tribes_blackfeet_Blackfeet,Blackfeet,EVI,1092.2185454595863
2019-01-09T07:00:00Z,tribes_blackfeet_Blackfeet,Blackfeet,NDVI,1919.1095881799554
2019-01-09T07:00:00Z,tribes_flathead_Flathead,Flathead,EVI,1696.7675754458162
2019-01-09T07:00:00Z,tribes_flathead_Flathead,Flathead,NDVI,3469.3413923182443
2019-01-25T07:00:00Z,tribes_northern-cheyenne_Northern Cheyenne,Northern Cheyenne,EVI,844.1043014845832
2019-01-25T07:00:00Z,tribes_northern-cheyenne_Northern Cheyenne,Northern Cheyenne,NDVI,2030.408831366578
2019-01-25T07:00:00Z,tribes_crow_Crow,Crow,EVI,1171.1632360259339
2019-01-25T07:00:00Z,tribes_crow_Crow,Crow,NDVI,2048.4927968472784
2019-01-25T07:00:00Z,tribes_fort-peck_Fort Peck,Fort Peck,EVI,931.8435140700069
2019-01-25T07:00:00Z,tribes_fort-peck_Fort Peck,Fort Peck,NDVI,1751.7412491420728
2019-01-25T07:00:00Z,tribes_fort-belknap_Fort Belknap,Fort Belknap,EVI,NA
2019-01-25T07:00:00Z,tribes_fort-belknap_Fort Belknap,Fort Belknap,NDVI,NA
2019-01-25T07:00:00Z,tribes_rocky-boys_Rocky Boy's,Rocky Boy's,EVI,NA
2019-01-25T07:00:00Z,tribes_rocky-boys_Rocky Boy's,Rocky Boy's,NDVI,NA
2019-01-25T07:00:00Z,tribes_blackfeet_Blackfeet,Blackfeet,EVI,NA
2019-01-25T07:00:00Z,tribes_blackfeet_Blackfeet,Blackfeet,NDVI,NA
2019-01-25T07:00:00Z,tribes_flathead_Flathead,Flathead,EVI,-0.589165987134185
2019-01-25T07:00:00Z,tribes_flathead_Flathead,Flathead,NDVI,-899.5991777656973
2019-02-10T07:00:00Z,tribes_northern-cheyenne_Northern Cheyenne,Northern Cheyenne,EVI,NA
2019-02-10T07:00:00Z,tribes_northern-cheyenne_Northern Cheyenne,Northern Cheyenne,NDVI,NA
2019-02-10T07:00:00Z,tribes_crow_Crow,Crow,EVI,NA
2019-02-10T07:00:00Z,tribes_crow_Crow,Crow,NDVI,NA
2019-02-10T07:00:00Z,tribes_fort-peck_Fort Peck,Fort Peck,EVI,NA
2019-02-10T07:00:00Z,tribes_fort-peck_Fort Peck,Fort Peck,NDVI,NA
2019-02-10T07:00:00Z,tribes_fort-belknap_Fort Belknap,Fort Belknap,EVI,NA
2019-02-10T07:00:00Z,tribes_fort-belknap_Fort Belknap,Fort Belknap,NDVI,NA
2019-02-10T07:00:00Z,tribes_rocky-boys_Rocky Boy's,Rocky Boy's,EVI,NA
2019-02-10T07:00:00Z,tribes_rocky-boys_Rocky Boy's,Rocky Boy's,NDVI,NA
2019-02-10T07:00:00Z,tribes_blackfeet_Blackfeet,Blackfeet,EVI,NA
2019-02-10T07:00:00Z,tribes_blackfeet_Blackfeet,Blackfeet,NDVI,NA
2019-02-10T07:00:00Z,tribes_flathead_Flathead,Flathead,EVI,NA
2019-02-10T07:00:00Z,tribes_flathead_Flathead,Flathead,NDVI,NA
2019-02-26T07:00:00Z,tribes_northern-cheyenne_Northern Cheyenne,Northern Cheyenne,EVI,NA
2019-02-26T07:00:00Z,tribes_northern-cheyenne_Northern Cheyenne,Northern Cheyenne,NDVI,NA
2019-02-26T07:00:00Z,tribes_crow_Crow,Crow,EVI,NA
2019-02-26T07:00:00Z,tribes_crow_Crow,Crow,NDVI,NA
2019-02-26T07:00:00Z,tribes_fort-peck_Fort Peck,Fort Peck,EVI,NA
2019-02-26T07:00:00Z,tribes_fort-peck_Fort Peck,Fort Peck,NDVI,NA
2019-02-26T07:00:00Z,tribes_fort-belknap_Fort Belknap,Fort Belknap,EVI,NA
2019-02-26T07:00:00Z,tribes_fort-belknap_Fort Belknap,Fort Belknap,NDVI,NA
2019-02-26T07:00:00Z,tribes_rocky-boys_Rocky Boy's,Rocky Boy's,EVI,NA
2019-02-26T07:00:00Z,tribes_rocky-boys_Rocky Boy's,Rocky Boy's,NDVI,NA
2019-02-26T07:00:00Z,tribes_blackfeet_Blackfeet,Blackfeet,EVI,NA
2019-02-26T07:00:00Z,tribes_blackfeet_Blackfeet,Blackfeet,NDVI,NA
2019-02-26T07:00:00Z,tribes_flathead_Flathead,Flathead,EVI,-167.93008739076154
2019-02-26T07:00:00Z,tribes_flathead_Flathead,Flathead,NDVI,-1346.1044527673741
2019-03-14T06:00:00Z,tribes_northern-cheyenne_Northern Cheyenne,Northern Cheyenne,EVI,1258.1700988208736
2019-03-14T06:00:00Z,tribes_northern-cheyenne_Northern Cheyenne,Northern Cheyenne,NDVI,2538.519508415065
2019-03-14T06:00:00Z,tribes_crow_Crow,Crow,EVI,1114.4289881778645
2019-03-14T06:00:00Z,tribes_crow_Crow,Crow,NDVI,2184.456957852608
2019-03-14T06:00:00Z,tribes_fort-peck_Fort Peck,Fort Peck,EVI,980.1512292421547
2019-03-14T06:00:00Z,tribes_fort-peck_Fort Peck,Fort Peck,NDVI,1896.557557149776
2019-03-14T06:00:00Z,tribes_fort-belknap_Fort Belknap,Fort Belknap,EVI,1240.3800757987447
2019-03-14T06:00:00Z,tribes_fort-belknap_Fort Belknap,Fort Belknap,NDVI,2282.285477080888
2019-03-14T06:00:00Z,tribes_rocky-boys_Rocky Boy's,Rocky Boy's,EVI,1183.623319461732
2019-03-14T06:00:00Z,tribes_rocky-boys_Rocky Boy's,Rocky Boy's,NDVI,2253.604343098811
2019-03-14T06:00:00Z,tribes_blackfeet_Blackfeet,Blackfeet,EVI,1045.498847544427
2019-03-14T06:00:00Z,tribes_blackfeet_Blackfeet,Blackfeet,NDVI,1878.9073377054342
2019-03-14T06:00:00Z,tribes_flathead_Flathead,Flathead,EVI,17.79528105482304
2019-03-14T06:00:00Z,tribes_flathead_Flathead,Flathead,NDVI,-117.42401110340042
2019-03-30T06:00:00Z,tribes_northern-cheyenne_Northern Cheyenne,Northern Cheyenne,EVI,1605.4998633795553
2019-03-30T06:00:00Z,tribes_northern-cheyenne_Northern Cheyenne,Northern Cheyenne,NDVI,3112.1948554419037
2019-03-30T06:00:00Z,tribes_crow_Crow,Crow,EVI,1359.5822675259117
2019-03-30T06:00:00Z,tribes_crow_Crow,Crow,NDVI,2573.013354405623
2019-03-30T06:00:00Z,tribes_fort-peck_Fort Peck,Fort Peck,EVI,1130.7670569478898
2019-03-30T06:00:00Z,tribes_fort-peck_Fort Peck,Fort Peck,NDVI,2190.8499013691617
2019-03-30T06:00:00Z,tribes_fort-belknap_Fort Belknap,Fort Belknap,EVI,1405.9358176214132
2019-03-30T06:00:00Z,tribes_fort-belknap_Fort Belknap,Fort Belknap,NDVI,2774.488391472013
2019-03-30T06:00:00Z,tribes_rocky-boys_Rocky Boy's,Rocky Boy's,EVI,1427.0801023876181
2019-03-30T06:00:00Z,tribes_rocky-boys_Rocky Boy's,Rocky Boy's,NDVI,2736.013392587866
2019-03-30T06:00:00Z,tribes_blackfeet_Blackfeet,Blackfeet,EVI,1090.9781835726988
2019-03-30T06:00:00Z,tribes_blackfeet_Blackfeet,Blackfeet,NDVI,1950.0556074554781
2019-03-30T06:00:00Z,tribes_flathead_Flathead,Flathead,EVI,1776.0655520406722
2019-03-30T06:00:00Z,tribes_flathead_Flathead,Flathead,NDVI,3316.0927808220913
2019-04-15T06:00:00Z,tribes_northern-cheyenne_Northern Cheyenne,Northern Cheyenne,EVI,1697.5124181886547
2019-04-15T06:00:00Z,tribes_northern-cheyenne_Northern Cheyenne,Northern Cheyenne,NDVI,3680.268479996882
2019-04-15T06:00:00Z,tribes_crow_Crow,Crow,EVI,1924.8554881295809
2019-04-15T06:00:00Z,tribes_crow_Crow,Crow,NDVI,3308.046720753595
2019-04-15T06:00:00Z,tribes_fort-peck_Fort Peck,Fort Peck,EVI,1417.0920340276255
2019-04-15T06:00:00Z,tribes_fort-peck_Fort Peck,Fort Peck,NDVI,2504.715796225395
2019-04-15T06:00:00Z,tribes_fort-belknap_Fort Belknap,Fort Belknap,EVI,2337.50757539382
2019-04-15T06:00:00Z,tribes_fort-belknap_Fort Belknap,Fort Belknap,NDVI,3683.1602631682695
2019-04-15T06:00:00Z,tribes_rocky-boys_Rocky Boy's,Rocky Boy's,EVI,2248.931615361137
2019-04-15T06:00:00Z,tribes_rocky-boys_Rocky Boy's,Rocky Boy's,NDVI,3848.4814710598653
2019-04-15T06:00:00Z,tribes_blackfeet_Blackfeet,Blackfeet,EVI,1619.0255343651556
2019-04-15T06:00:00Z,tribes_blackfeet_Blackfeet,Blackfeet,NDVI,2668.6138310922215
2019-04-15T06:00:00Z,tribes_flathead_Flathead,Flathead,EVI,2796.759252959782
2019-04-15T06:00:00Z,tribes_flathead_Flathead,Flathead,NDVI,5061.120374405863
2019-05-01T06:00:00Z,tribes_northern-cheyenne_Northern Cheyenne,Northern Cheyenne,EVI,2595.797481702238
2019-05-01T06:00:00Z,tribes_northern-cheyenne_Northern Cheyenne,Northern Cheyenne,NDVI,4424.365303619295
2019-05-01T06:00:00Z,tribes_crow_Crow,Crow,EVI,2742.279087234832
2019-05-01T06:00:00Z,tribes_crow_Crow,Crow,NDVI,4391.127342648961
2019-05-01T06:00:00Z,tribes_fort-peck_Fort Peck,Fort Peck,EVI,1732.0174059978513
2019-05-01T06:00:00Z,tribes_fort-peck_Fort Peck,Fort Peck,NDVI,3150.8285740910414
2019-05-01T06:00:00Z,tribes_fort-belknap_Fort Belknap,Fort Belknap,EVI,2551.016374915466
2019-05-01T06:00:00Z,tribes_fort-belknap_Fort Belknap,Fort Belknap,NDVI,4159.4787751783415
2019-05-01T06:00:00Z,tribes_rocky-boys_Rocky Boy's,Rocky Boy's,EVI,2552.166449128042
2019-05-01T06:00:00Z,tribes_rocky-boys_Rocky Boy's,Rocky Boy's,NDVI,4217.845070184485
2019-05-01T06:00:00Z,tribes_blackfeet_Blackfeet,Blackfeet,EVI,1969.5016767700579
2019-05-01T06:00:00Z,tribes_blackfeet_Blackfeet,Blackfeet,NDVI,3296.8683635088773
2019-05-01T06:00:00Z,tribes_flathead_Flathead,Flathead,EVI,3251.75944420975
2019-05-01T06:00:00Z,tribes_flathead_Flathead,Flathead,NDVI,5526.21259336374
2019-05-17T06:00:00Z,tribes_northern-cheyenne_Northern Cheyenne,Northern Cheyenne,EVI,3088.0521615362436
2019-05-17T06:00:00Z,tribes_northern-cheyenne_Northern Cheyenne,Northern Cheyenne,NDVI,5734.906722033356
2019-05-17T06:00:00Z,tribes_crow_Crow,Crow,EVI,3313.578053018782
2019-05-17T06:00:00Z,tribes_crow_Crow,Crow,NDVI,5319.733195179899
2019-05-17T06:00:00Z,tribes_fort-peck_Fort Peck,Fort Peck,EVI,2046.816771127468
2019-05-17T06:00:00Z,tribes_fort-peck_Fort Peck,Fort Peck,NDVI,3610.5834695675494
2019-05-17T06:00:00Z,tribes_fort-belknap_Fort Belknap,Fort Belknap,EVI,3154.5071141923736
2019-05-17T06:00:00Z,tribes_fort-belknap_Fort Belknap,Fort Belknap,NDVI,4844.797980798469
2019-05-17T06:00:00Z,tribes_rocky-boys_Rocky Boy's,Rocky Boy's,EVI,3609.5882305904547
2019-05-17T06:00:00Z,tribes_rocky-boys_Rocky Boy's,Rocky Boy's,NDVI,5670.822456983532
2019-05-17T06:00:00Z,tribes_blackfeet_Blackfeet,Blackfeet,EVI,2424.7472784295865
2019-05-17T06:00:00Z,tribes_blackfeet_Blackfeet,Blackfeet,NDVI,4088.3992886534515
2019-05-17T06:00:00Z,tribes_flathead_Flathead,Flathead,EVI,3665.2403307227933
2019-05-17T06:00:00Z,tribes_flathead_Flathead,Flathead,NDVI,6424.586447508813
2019-06-02T06:00:00Z,tribes_northern-cheyenne_Northern Cheyenne,Northern Cheyenne,EVI,3218.6886284366974
2019-06-02T06:00:00Z,tribes_northern-cheyenne_Northern Cheyenne,Northern Cheyenne,NDVI,5956.776992833265
2019-06-02T06:00:00Z,tribes_crow_Crow,Crow,EVI,3867.306217328997
2019-06-02T06:00:00Z,tribes_crow_Crow,Crow,NDVI,6135.338565794572
2019-06-02T06:00:00Z,tribes_fort-peck_Fort Peck,Fort Peck,EVI,2462.6599263631038
2019-06-02T06:00:00Z,tribes_fort-peck_Fort Peck,Fort Peck,NDVI,4045.876028959832
2019-06-02T06:00:00Z,tribes_fort-belknap_Fort Belknap,Fort Belknap,EVI,3255.9103716440877
2019-06-02T06:00:00Z,tribes_fort-belknap_Fort Belknap,Fort Belknap,NDVI,5157.294553855361
2019-06-02T06:00:00Z,tribes_rocky-boys_Rocky Boy's,Rocky Boy's,EVI,3696.269619360619
2019-06-02T06:00:00Z,tribes_rocky-boys_Rocky Boy's,Rocky Boy's,NDVI,6029.757306616595
2019-06-02T06:00:00Z,tribes_blackfeet_Blackfeet,Blackfeet,EVI,3146.8111163072044
2019-06-02T06:00:00Z,tribes_blackfeet_Blackfeet,Blackfeet,NDVI,5251.672041501735
2019-06-02T06:00:00Z,tribes_flathead_Flathead,Flathead,EVI,3667.143969076564
2019-06-02T06:00:00Z,tribes_flathead_Flathead,Flathead,NDVI,6354.264836425677
2019-06-18T06:00:00Z,tribes_northern-cheyenne_Northern Cheyenne,Northern Cheyenne,EVI,3475.0491203169836
2019-06-18T06:00:00Z,tribes_northern-cheyenne_Northern Cheyenne,Northern Cheyenne,NDVI,6080.4133814414945
2019-06-18T06:00:00Z,tribes_crow_Crow,Crow,EVI,3809.9377954542306
2019-06-18T06:00:00Z,tribes_crow_Crow,Crow,NDVI,6281.13530374843
2019-06-18T06:00:00Z,tribes_fort-peck_Fort Peck,Fort Peck,EVI,3181.0798648412747
2019-06-18T06:00:00Z,tribes_fort-peck_Fort Peck,Fort Peck,NDVI,5328.5476087329025
2019-06-18T06:00:00Z,tribes_fort-belknap_Fort Belknap,Fort Belknap,EVI,3331.3674551748054
2019-06-18T06:00:00Z,tribes_fort-belknap_Fort Belknap,Fort Belknap,NDVI,5339.434945609757
2019-06-18T06:00:00Z,tribes_rocky-boys_Rocky Boy's,Rocky Boy's,EVI,4222.78874482294
2019-06-18T06:00:00Z,tribes_rocky-boys_Rocky Boy's,Rocky Boy's,NDVI,6276.890979487762
2019-06-18T06:00:00Z,tribes_blackfeet_Blackfeet,Blackfeet,EVI,3752.908282093001
2019-06-18T06:00:00Z,tribes_blackfeet_Blackfeet,Blackfeet,NDVI,5931.751864051008
2019-06-18T06:00:00Z,tribes_flathead_Flathead,Flathead,EVI,3447.020504447683
2019-06-18T06:00:00Z,tribes_flathead_Flathead,Flathead,NDVI,6022.871132774707
2019-07-04T06:00:00Z,tribes_northern-cheyenne_Northern Cheyenne,Northern Cheyenne,EVI,3345.0536179404467
2019-07-04T06:00:00Z,tribes_northern-cheyenne_Northern Cheyenne,Northern Cheyenne,NDVI,5953.554333530743
2019-07-04T06:00:00Z,tribes_crow_Crow,Crow,EVI,3600.677053879606
2019-07-04T06:00:00Z,tribes_crow_Crow,Crow,NDVI,5974.833105730553
2019-07-04T06:00:00Z,tribes_fort-peck_Fort Peck,Fort Peck,EVI,4160.775615601411
2019-07-04T06:00:00Z,tribes_fort-peck_Fort Peck,Fort Peck,NDVI,6381.730581645275
2019-07-04T06:00:00Z,tribes_fort-belknap_Fort Belknap,Fort Belknap,EVI,3245.3048094162446
2019-07-04T06:00:00Z,tribes_fort-belknap_Fort Belknap,Fort Belknap,NDVI,5598.793170808511
2019-07-04T06:00:00Z,tribes_rocky-boys_Rocky Boy's,Rocky Boy's,EVI,4095.979874495171
2019-07-04T06:00:00Z,tribes_rocky-boys_Rocky Boy's,Rocky Boy's,NDVI,6779.24626640893
2019-07-04T06:00:00Z,tribes_blackfeet_Blackfeet,Blackfeet,EVI,3766.6159733476375
2019-07-04T06:00:00Z,tribes_blackfeet_Blackfeet,Blackfeet,NDVI,5944.213800634337
2019-07-04T06:00:00Z,tribes_flathead_Flathead,Flathead,EVI,3401.7662109221747
2019-07-04T06:00:00Z,tribes_flathead_Flathead,Flathead,NDVI,6005.823870057495
2019-07-20T06:00:00Z,tribes_northern-cheyenne_Northern Cheyenne,Northern Cheyenne,EVI,3213.7183296149265
2019-07-20T06:00:00Z,tribes_northern-cheyenne_Northern Cheyenne,Northern Cheyenne,NDVI,5770.505647868978
2019-07-20T06:00:00Z,tribes_crow_Crow,Crow,EVI,3322.815422037792
2019-07-20T06:00:00Z,tribes_crow_Crow,Crow,NDVI,5616.9598252486185
2019-07-20T06:00:00Z,tribes_fort-peck_Fort Peck,Fort Peck,EVI,3865.0642742243353
2019-07-20T06:00:00Z,tribes_fort-peck_Fort Peck,Fort Peck,NDVI,6168.572670361335
2019-07-20T06:00:00Z,tribes_fort-belknap_Fort Belknap,Fort Belknap,EVI,2881.859760361853
2019-07-20T06:00:00Z,tribes_fort-belknap_Fort Belknap,Fort Belknap,NDVI,4797.892957710744
2019-07-20T06:00:00Z,tribes_rocky-boys_Rocky Boy's,Rocky Boy's,EVI,3668.089318015243
2019-07-20T06:00:00Z,tribes_rocky-boys_Rocky Boy's,Rocky Boy's,NDVI,5795.940997354739
2019-07-20T06:00:00Z,tribes_blackfeet_Blackfeet,Blackfeet,EVI,3303.905891855237
2019-07-20T06:00:00Z,tribes_blackfeet_Blackfeet,Blackfeet,NDVI,5313.284772647921
2019-07-20T06:00:00Z,tribes_flathead_Flathead,Flathead,EVI,2958.229889783776
2019-07-20T06:00:00Z,tribes_flathead_Flathead,Flathead,NDVI,5603.064970757933
2019-08-05T06:00:00Z,tribes_northern-cheyenne_Northern Cheyenne,Northern Cheyenne,EVI,2951.7907917283164
2019-08-05T06:00:00Z,tribes_northern-cheyenne_Northern Cheyenne,Northern Cheyenne,NDVI,5256.553671323224
2019-08-05T06:00:00Z,tribes_crow_Crow,Crow,EVI,2915.3485963142925
2019-08-05T06:00:00Z,tribes_crow_Crow,Crow,NDVI,4839.356511060617
2019-08-05T06:00:00Z,tribes_fort-peck_Fort Peck,Fort Peck,EVI,2880.5939083296853
2019-08-05T06:00:00Z,tribes_fort-peck_Fort Peck,Fort Peck,NDVI,4791.108299871989
2019-08-05T06:00:00Z,tribes_fort-belknap_Fort Belknap,Fort Belknap,EVI,2614.3307332318072
2019-08-05T06:00:00Z,tribes_fort-belknap_Fort Belknap,Fort Belknap,NDVI,4457.563780908105
2019-08-05T06:00:00Z,tribes_rocky-boys_Rocky Boy's,Rocky Boy's,EVI,3296.336863479104
2019-08-05T06:00:00Z,tribes_rocky-boys_Rocky Boy's,Rocky Boy's,NDVI,5502.580236610934
2019-08-05T06:00:00Z,tribes_blackfeet_Blackfeet,Blackfeet,EVI,2904.026592114722
2019-08-05T06:00:00Z,tribes_blackfeet_Blackfeet,Blackfeet,NDVI,4686.93974580525
2019-08-05T06:00:00Z,tribes_flathead_Flathead,Flathead,EVI,2727.4719473337445
2019-08-05T06:00:00Z,tribes_flathead_Flathead,Flathead,NDVI,5442.76618575847
2019-08-21T06:00:00Z,tribes_northern-cheyenne_Northern Cheyenne,Northern Cheyenne,EVI,2615.768231529976
2019-08-21T06:00:00Z,tribes_northern-cheyenne_Northern Cheyenne,Northern Cheyenne,NDVI,4855.314939007762
2019-08-21T06:00:00Z,tribes_crow_Crow,Crow,EVI,2440.02738319709
2019-08-21T06:00:00Z,tribes_crow_Crow,Crow,NDVI,4312.316304014395
2019-08-21T06:00:00Z,tribes_fort-peck_Fort Peck,Fort Peck,EVI,2523.0769191264767
2019-08-21T06:00:00Z,tribes_fort-peck_Fort Peck,Fort Peck,NDVI,4262.578670337338
2019-08-21T06:00:00Z,tribes_fort-belknap_Fort Belknap,Fort Belknap,EVI,2282.299003488481
2019-08-21T06:00:00Z,tribes_fort-belknap_Fort Belknap,Fort Belknap,NDVI,4087.4564282559886
2019-08-21T06:00:00Z,tribes_rocky-boys_Rocky Boy's,Rocky Boy's,EVI,2907.815167037635
2019-08-21T06:00:00Z,tribes_rocky-boys_Rocky Boy's,Rocky Boy's,NDVI,5206.729632166002
2019-08-21T06:00:00Z,tribes_blackfeet_Blackfeet,Blackfeet,EVI,2401.8302813482865
2019-08-21T06:00:00Z,tribes_blackfeet_Blackfeet,Blackfeet,NDVI,4411.526977045033
2019-08-21T06:00:00Z,tribes_flathead_Flathead,Flathead,EVI,2589.540257763947
2019-08-21T06:00:00Z,tribes_flathead_Flathead,Flathead,NDVI,5457.262067908234
2019-09-06T06:00:00Z,tribes_northern-cheyenne_Northern Cheyenne,Northern Cheyenne,EVI,2296.1076446407587
2019-09-06T06:00:00Z,tribes_northern-cheyenne_Northern Cheyenne,Northern Cheyenne,NDVI,4673.398704295887
2019-09-06T06:00:00Z,tribes_crow_Crow,Crow,EVI,2212.045772064112
2019-09-06T06:00:00Z,tribes_crow_Crow,Crow,NDVI,4118.926163928029
2019-09-06T06:00:00Z,tribes_fort-peck_Fort Peck,Fort Peck,EVI,2069.377484512348
2019-09-06T06:00:00Z,tribes_fort-peck_Fort Peck,Fort Peck,NDVI,3992.4632104873767
2019-09-06T06:00:00Z,tribes_fort-belknap_Fort Belknap,Fort Belknap,EVI,2088.313318538912
2019-09-06T06:00:00Z,tribes_fort-belknap_Fort Belknap,Fort Belknap,NDVI,4166.0712586661575
2019-09-06T06:00:00Z,tribes_rocky-boys_Rocky Boy's,Rocky Boy's,EVI,2788.2276555463004
2019-09-06T06:00:00Z,tribes_rocky-boys_Rocky Boy's,Rocky Boy's,NDVI,5068.919814501888
2019-09-06T06:00:00Z,tribes_blackfeet_Blackfeet,Blackfeet,EVI,2296.231022399871
2019-09-06T06:00:00Z,tribes_blackfeet_Blackfeet,Blackfeet,NDVI,4097.318408232972
2019-09-06T06:00:00Z,tribes_flathead_Flathead,Flathead,EVI,2586.69900344381
2019-09-06T06:00:00Z,tribes_flathead_Flathead,Flathead,NDVI,5183.8158297058335
2019-09-22T06:00:00Z,tribes_northern-cheyenne_Northern Cheyenne,Northern Cheyenne,EVI,2272.7157496703817
2019-09-22T06:00:00Z,tribes_northern-cheyenne_Northern Cheyenne,Northern Cheyenne,NDVI,4692.311651013073
2019-09-22T06:00:00Z,tribes_crow_Crow,Crow,EVI,2193.616593301301
2019-09-22T06:00:00Z,tribes_crow_Crow,Crow,NDVI,4281.880169519464
2019-09-22T06:00:00Z,tribes_fort-peck_Fort Peck,Fort Peck,EVI,2209.2867268753175
2019-09-22T06:00:00Z,tribes_fort-peck_Fort Peck,Fort Peck,NDVI,4320.297217676973
2019-09-22T06:00:00Z,tribes_fort-belknap_Fort Belknap,Fort Belknap,EVI,2114.8166312568164
2019-09-22T06:00:00Z,tribes_fort-belknap_Fort Belknap,Fort Belknap,NDVI,4161.686755333445
2019-09-22T06:00:00Z,tribes_rocky-boys_Rocky Boy's,Rocky Boy's,EVI,2545.633023435198
2019-09-22T06:00:00Z,tribes_rocky-boys_Rocky Boy's,Rocky Boy's,NDVI,5098.492843317549
2019-09-22T06:00:00Z,tribes_blackfeet_Blackfeet,Blackfeet,EVI,2002.2284509160888
2019-09-22T06:00:00Z,tribes_blackfeet_Blackfeet,Blackfeet,NDVI,3822.942765956476
2019-09-22T06:00:00Z,tribes_flathead_Flathead,Flathead,EVI,2598.151641558798
2019-09-22T06:00:00Z,tribes_flathead_Flathead,Flathead,NDVI,5582.804157236529
2019-10-08T06:00:00Z,tribes_northern-cheyenne_Northern Cheyenne,Northern Cheyenne,EVI,1973.2529198602235
2019-10-08T06:00:00Z,tribes_northern-cheyenne_Northern Cheyenne,Northern Cheyenne,NDVI,4322.430391725652
2019-10-08T06:00:00Z,tribes_crow_Crow,Crow,EVI,1978.6775348367319
2019-10-08T06:00:00Z,tribes_crow_Crow,Crow,NDVI,3681.810394297334
2019-10-08T06:00:00Z,tribes_fort-peck_Fort Peck,Fort Peck,EVI,1945.6419613634553
2019-10-08T06:00:00Z,tribes_fort-peck_Fort Peck,Fort Peck,NDVI,3693.5582688866953
2019-10-08T06:00:00Z,tribes_fort-belknap_Fort Belknap,Fort Belknap,EVI,1947.1532523462722
2019-10-08T06:00:00Z,tribes_fort-belknap_Fort Belknap,Fort Belknap,NDVI,3409.0394547248693
2019-10-08T06:00:00Z,tribes_rocky-boys_Rocky Boy's,Rocky Boy's,EVI,2017.6510477353347
2019-10-08T06:00:00Z,tribes_rocky-boys_Rocky Boy's,Rocky Boy's,NDVI,3839.4869170721754
2019-10-08T06:00:00Z,tribes_blackfeet_Blackfeet,Blackfeet,EVI,1511.3632883996754
2019-10-08T06:00:00Z,tribes_blackfeet_Blackfeet,Blackfeet,NDVI,2646.3320830476614
2019-10-08T06:00:00Z,tribes_flathead_Flathead,Flathead,EVI,2623.593882742661
2019-10-08T06:00:00Z,tribes_flathead_Flathead,Flathead,NDVI,5228.376119481138
2019-10-24T06:00:00Z,tribes_northern-cheyenne_Northern Cheyenne,Northern Cheyenne,EVI,2135.842795070207
2019-10-24T06:00:00Z,tribes_northern-cheyenne_Northern Cheyenne,Northern Cheyenne,NDVI,4157.38467552105
2019-10-24T06:00:00Z,tribes_crow_Crow,Crow,EVI,1870.5589481578047
2019-10-24T06:00:00Z,tribes_crow_Crow,Crow,NDVI,3306.888395471574
2019-10-24T06:00:00Z,tribes_fort-peck_Fort Peck,Fort Peck,EVI,1690.763137041657
2019-10-24T06:00:00Z,tribes_fort-peck_Fort Peck,Fort Peck,NDVI,3200.4235998889094
2019-10-24T06:00:00Z,tribes_fort-belknap_Fort Belknap,Fort Belknap,EVI,1726.1712263508512
2019-10-24T06:00:00Z,tribes_fort-belknap_Fort Belknap,Fort Belknap,NDVI,3294.0338869007032
2019-10-24T06:00:00Z,tribes_rocky-boys_Rocky Boy's,Rocky Boy's,EVI,1808.0256391683456
2019-10-24T06:00:00Z,tribes_rocky-boys_Rocky Boy's,Rocky Boy's,NDVI,3754.5510375516183
2019-10-24T06:00:00Z,tribes_blackfeet_Blackfeet,Blackfeet,EVI,1698.1532153137764
2019-10-24T06:00:00Z,tribes_blackfeet_Blackfeet,Blackfeet,NDVI,2728.4770987582833
2019-10-24T06:00:00Z,tribes_flathead_Flathead,Flathead,EVI,2266.9992623302996
2019-10-24T06:00:00Z,tribes_flathead_Flathead,Flathead,NDVI,4517.420050871129
2019-11-09T07:00:00Z,tribes_northern-cheyenne_Northern Cheyenne,Northern Cheyenne,EVI,1602.553969779709
2019-11-09T07:00:00Z,tribes_northern-cheyenne_Northern Cheyenne,Northern Cheyenne,NDVI,3794.2969065059965
2019-11-09T07:00:00Z,tribes_crow_Crow,Crow,EVI,1506.8427945236106
2019-11-09T07:00:00Z,tribes_crow_Crow,Crow,NDVI,3098.3969471187993
2019-11-09T07:00:00Z,tribes_fort-peck_Fort Peck,Fort Peck,EVI,1451.9515165412301
2019-11-09T07:00:00Z,tribes_fort-peck_Fort Peck,Fort Peck,NDVI,2837.0106767779343
2019-11-09T07:00:00Z,tribes_fort-belknap_Fort Belknap,Fort Belknap,EVI,1433.2238898113014
2019-11-09T07:00:00Z,tribes_fort-belknap_Fort Belknap,Fort Belknap,NDVI,2888.9788897428625
2019-11-09T07:00:00Z,tribes_rocky-boys_Rocky Boy's,Rocky Boy's,EVI,1393.638011955712
2019-11-09T07:00:00Z,tribes_rocky-boys_Rocky Boy's,Rocky Boy's,NDVI,2907.6788533489816
2019-11-09T07:00:00Z,tribes_blackfeet_Blackfeet,Blackfeet,EVI,1435.6660350245938
2019-11-09T07:00:00Z,tribes_blackfeet_Blackfeet,Blackfeet,NDVI,2532.5027826038554
2019-11-09T07:00:00Z,tribes_flathead_Flathead,Flathead,EVI,2306.148720874903
2019-11-09T07:00:00Z,tribes_flathead_Flathead,Flathead,NDVI,4421.80311606605
2019-11-25T07:00:00Z,tribes_northern-cheyenne_Northern Cheyenne,Northern Cheyenne,EVI,1618.869051635222
2019-11-25T07:00:00Z,tribes_northern-cheyenne_Northern Cheyenne,Northern Cheyenne,NDVI,3233.7449783755696
2019-11-25T07:00:00Z,tribes_crow_Crow,Crow,EVI,1476.1632123444288
2019-11-25T07:00:00Z,tribes_crow_Crow,Crow,NDVI,2623.1410956575724
2019-11-25T07:00:00Z,tribes_fort-peck_Fort Peck,Fort Peck,EVI,1356.0066381935367
2019-11-25T07:00:00Z,tribes_fort-peck_Fort Peck,Fort Peck,NDVI,2623.437308087305
2019-11-25T07:00:00Z,tribes_fort-belknap_Fort Belknap,Fort Belknap,EVI,1213.9166933339404
2019-11-25T07:00:00Z,tribes_fort-belknap_Fort Belknap,Fort Belknap,NDVI,2478.017028257809
2019-11-25T07:00:00Z,tribes_rocky-boys_Rocky Boy's,Rocky Boy's,EVI,1081.1429518033258
2019-11-25T07:00:00Z,tribes_rocky-boys_Rocky Boy's,Rocky Boy's,NDVI,2280.3856885711702
2019-11-25T07:00:00Z,tribes_blackfeet_Blackfeet,Blackfeet,EVI,NA
2019-11-25T07:00:00Z,tribes_blackfeet_Blackfeet,Blackfeet,NDVI,NA
2019-11-25T07:00:00Z,tribes_flathead_Flathead,Flathead,EVI,2243.0492254165238
2019-11-25T07:00:00Z,tribes_flathead_Flathead,Flathead,NDVI,4471.868219458697
2019-12-11T07:00:00Z,tribes_northern-cheyenne_Northern Cheyenne,Northern Cheyenne,EVI,NA
2019-12-11T07:00:00Z,tribes_northern-cheyenne_Northern Cheyenne,Northern Cheyenne,NDVI,NA
2019-12-11T07:00:00Z,tribes_crow_Crow,Crow,EVI,1523.3765386413934
2019-12-11T07:00:00Z,tribes_crow_Crow,Crow,NDVI,2531.9337929060603
2019-12-11T07:00:00Z,tribes_fort-peck_Fort Peck,Fort Peck,EVI,NA
2019-12-11T07:00:00Z,tribes_fort-peck_Fort Peck,Fort Peck,NDVI,NA
2019-12-11T07:00:00Z,tribes_fort-belknap_Fort Belknap,Fort Belknap,EVI,1357.5097507007845
2019-12-11T07:00:00Z,tribes_fort-belknap_Fort Belknap,Fort Belknap,NDVI,2448.6518584570995
2019-12-11T07:00:00Z,tribes_rocky-boys_Rocky Boy's,Rocky Boy's,EVI,1238.888702082564
2019-12-11T07:00:00Z,tribes_rocky-boys_Rocky Boy's,Rocky Boy's,NDVI,2433.580827960867
2019-12-11T07:00:00Z,tribes_blackfeet_Blackfeet,Blackfeet,EVI,958.3720600745421
2019-12-11T07:00:00Z,tribes_blackfeet_Blackfeet,Blackfeet,NDVI,1866.0726729777186
2019-12-11T07:00:00Z,tribes_flathead_Flathead,Flathead,EVI,2092.29902190176
2019-12-11T07:00:00Z,tribes_flathead_Flathead,Flathead,NDVI,4097.186169746282
2019-12-27T07:00:00Z,tribes_northern-cheyenne_Northern Cheyenne,Northern Cheyenne,EVI,1085.4960851473738
2019-12-27T07:00:00Z,tribes_northern-cheyenne_Northern Cheyenne,Northern Cheyenne,NDVI,2452.170864400413
2019-12-27T07:00:00Z,tribes_crow_Crow,Crow,EVI,1312.958829960133
2019-12-27T07:00:00Z,tribes_crow_Crow,Crow,NDVI,2548.2168125278085
2019-12-27T07:00:00Z,tribes_fort-peck_Fort Peck,Fort Peck,EVI,1780.7827657378741
2019-12-27T07:00:00Z,tribes_fort-peck_Fort Peck,Fort Peck,NDVI,2916.621259029928
2019-12-27T07:00:00Z,tribes_fort-belknap_Fort Belknap,Fort Belknap,EVI,1228.9511441776265
2019-12-27T07:00:00Z,tribes_fort-belknap_Fort Belknap,Fort Belknap,NDVI,2438.0017276090257
2019-12-27T07:00:00Z,tribes_rocky-boys_Rocky Boy's,Rocky Boy's,EVI,1203.284782300104
2019-12-27T07:00:00Z,tribes_rocky-boys_Rocky Boy's,Rocky Boy's,NDVI,2430.0399718881426
2019-12-27T07:00:00Z,tribes_blackfeet_Blackfeet,Blackfeet,EVI,991.1793418687646
2019-12-27T07:00:00Z,tribes_blackfeet_Blackfeet,Blackfeet,NDVI,1822.8593282455324
2019-12-27T07:00:00Z,tribes_flathead_Flathead,Flathead,EVI,1716.6062895356376
2019-12-27T07:00:00Z,tribes_flathead_Flathead,Flathead,NDVI,3601.6774417221905
2020-01-09T07:00:00Z,tribes_northern-cheyenne_Northern Cheyenne,Northern Cheyenne,EVI,1355.5977398012294
2020-01-09T07:00:00Z,tribes_northern-cheyenne_Northern Cheyenne,Northern Cheyenne,NDVI,2884.745628625475
2020-01-09T07:00:00Z,tribes_crow_Crow,Crow,EVI,1472.0174107634268
2020-01-09T07:00:00Z,tribes_crow_Crow,Crow,NDVI,2410.1401285581933
2020-01-09T07:00:00Z,tribes_fort-peck_Fort Peck,Fort Peck,EVI,NA
2020-01-09T07:00:00Z,tribes_fort-peck_Fort Peck,Fort Peck,NDVI,NA
2020-01-09T07:00:00Z,tribes_fort-belknap_Fort Belknap,Fort Belknap,EVI,1209.8714252798395
2020-01-09T07:00:00Z,tribes_fort-belknap_Fort Belknap,Fort Belknap,NDVI,2069.92600234744
2020-01-09T07:00:00Z,tribes_rocky-boys_Rocky Boy's,Rocky Boy's,EVI,994.3140381849859
2020-01-09T07:00:00Z,tribes_rocky-boys_Rocky Boy's,Rocky Boy's,NDVI,2020.6888496568483
2020-01-09T07:00:00Z,tribes_blackfeet_Blackfeet,Blackfeet,EVI,NA
2020-01-09T07:00:00Z,tribes_blackfeet_Blackfeet,Blackfeet,NDVI,NA
2020-01-09T07:00:00Z,tribes_flathead_Flathead,Flathead,EVI,1932.93431563588
2020-01-09T07:00:00Z,tribes_flathead_Flathead,Flathead,NDVI,3437.6790631955155
2020-01-25T07:00:00Z,tribes_northern-cheyenne_Northern Cheyenne,Northern Cheyenne,EVI,1456.3414790092852
2020-01-25T07:00:00Z,tribes_northern-cheyenne_Northern Cheyenne,Northern Cheyenne,NDVI,3009.9138380594804
2020-01-25T07:00:00Z,tribes_crow_Crow,Crow,EVI,1306.8782473403808
2020-01-25T07:00:00Z,tribes_crow_Crow,Crow,NDVI,2437.933157511125
2020-01-25T07:00:00Z,tribes_fort-peck_Fort Peck,Fort Peck,EVI,1203.454146953691
2020-01-25T07:00:00Z,tribes_fort-peck_Fort Peck,Fort Peck,NDVI,2092.3743694588857
2020-01-25T07:00:00Z,tribes_fort-belknap_Fort Belknap,Fort Belknap,EVI,1200.5826208516778
2020-01-25T07:00:00Z,tribes_fort-belknap_Fort Belknap,Fort Belknap,NDVI,2300.821949651869
2020-01-25T07:00:00Z,tribes_rocky-boys_Rocky Boy's,Rocky Boy's,EVI,1246.823611244808
2020-01-25T07:00:00Z,tribes_rocky-boys_Rocky Boy's,Rocky Boy's,NDVI,2459.3055250266893
2020-01-25T07:00:00Z,tribes_blackfeet_Blackfeet,Blackfeet,EVI,1083.8260091402562
2020-01-25T07:00:00Z,tribes_blackfeet_Blackfeet,Blackfeet,NDVI,1900.6911391336025
2020-01-25T07:00:00Z,tribes_flathead_Flathead,Flathead,EVI,1568.664571582417
2020-01-25T07:00:00Z,tribes_flathead_Flathead,Flathead,NDVI,3510.5644257952345
2020-02-10T07:00:00Z,tribes_northern-cheyenne_Northern Cheyenne,Northern Cheyenne,EVI,NA
2020-02-10T07:00:00Z,tribes_northern-cheyenne_Northern Cheyenne,Northern Cheyenne,NDVI,NA
2020-02-10T07:00:00Z,tribes_crow_Crow,Crow,EVI,1211.847569886144
2020-02-10T07:00:00Z,tribes_crow_Crow,Crow,NDVI,2298.153254121928
2020-02-10T07:00:00Z,tribes_fort-peck_Fort Peck,Fort Peck,EVI,1108.3341656539533
2020-02-10T07:00:00Z,tribes_fort-peck_Fort Peck,Fort Peck,NDVI,2075.5431652344637
2020-02-10T07:00:00Z,tribes_fort-belknap_Fort Belknap,Fort Belknap,EVI,1034.9460374312948
2020-02-10T07:00:00Z,tribes_fort-belknap_Fort Belknap,Fort Belknap,NDVI,2197.7594475714823
2020-02-10T07:00:00Z,tribes_rocky-boys_Rocky Boy's,Rocky Boy's,EVI,1105.8025853550046
2020-02-10T07:00:00Z,tribes_rocky-boys_Rocky Boy's,Rocky Boy's,NDVI,2196.494516265209
2020-02-10T07:00:00Z,tribes_blackfeet_Blackfeet,Blackfeet,EVI,1072.0975016631282
2020-02-10T07:00:00Z,tribes_blackfeet_Blackfeet,Blackfeet,NDVI,1831.8710086564263
2020-02-10T07:00:00Z,tribes_flathead_Flathead,Flathead,EVI,1748.7405990511052
2020-02-10T07:00:00Z,tribes_flathead_Flathead,Flathead,NDVI,3322.6256390202793
2020-02-26T07:00:00Z,tribes_northern-cheyenne_Northern Cheyenne,Northern Cheyenne,EVI,1398.9035510452054
2020-02-26T07:00:00Z,tribes_northern-cheyenne_Northern Cheyenne,Northern Cheyenne,NDVI,2879.969851431639
2020-02-26T07:00:00Z,tribes_crow_Crow,Crow,EVI,1345.802968056189
2020-02-26T07:00:00Z,tribes_crow_Crow,Crow,NDVI,2390.247571717363
2020-02-26T07:00:00Z,tribes_fort-peck_Fort Peck,Fort Peck,EVI,1250.1232297869867
2020-02-26T07:00:00Z,tribes_fort-peck_Fort Peck,Fort Peck,NDVI,2165.0069017520314
2020-02-26T07:00:00Z,tribes_fort-belknap_Fort Belknap,Fort Belknap,EVI,1197.068198612111
2020-02-26T07:00:00Z,tribes_fort-belknap_Fort Belknap,Fort Belknap,NDVI,2289.2477740085765
2020-02-26T07:00:00Z,tribes_rocky-boys_Rocky Boy's,Rocky Boy's,EVI,1196.9567329424945
2020-02-26T07:00:00Z,tribes_rocky-boys_Rocky Boy's,Rocky Boy's,NDVI,2174.62994924102
2020-02-26T07:00:00Z,tribes_blackfeet_Blackfeet,Blackfeet,EVI,1092.7054565434878
2020-02-26T07:00:00Z,tribes_blackfeet_Blackfeet,Blackfeet,NDVI,1952.9505900330782
2020-02-26T07:00:00Z,tribes_flathead_Flathead,Flathead,EVI,1809.5724297111358
2020-02-26T07:00:00Z,tribes_flathead_Flathead,Flathead,NDVI,3475.6044790907854
2020-03-13T06:00:00Z,tribes_northern-cheyenne_Northern Cheyenne,Northern Cheyenne,EVI,1588.1903176579945
2020-03-13T06:00:00Z,tribes_northern-cheyenne_Northern Cheyenne,Northern Cheyenne,NDVI,3286.1996967838577
2020-03-13T06:00:00Z,tribes_crow_Crow,Crow,EVI,1385.3683617205263
2020-03-13T06:00:00Z,tribes_crow_Crow,Crow,NDVI,2483.757662274771
2020-03-13T06:00:00Z,tribes_fort-peck_Fort Peck,Fort Peck,EVI,1192.9378747050919
2020-03-13T06:00:00Z,tribes_fort-peck_Fort Peck,Fort Peck,NDVI,2275.71743205669
2020-03-13T06:00:00Z,tribes_fort-belknap_Fort Belknap,Fort Belknap,EVI,1308.402990558284
2020-03-13T06:00:00Z,tribes_fort-belknap_Fort Belknap,Fort Belknap,NDVI,2230.310250592263
2020-03-13T06:00:00Z,tribes_rocky-boys_Rocky Boy's,Rocky Boy's,EVI,1346.1611559378575
2020-03-13T06:00:00Z,tribes_rocky-boys_Rocky Boy's,Rocky Boy's,NDVI,2260.8399466220844
2020-03-13T06:00:00Z,tribes_blackfeet_Blackfeet,Blackfeet,EVI,1060.731086594216
2020-03-13T06:00:00Z,tribes_blackfeet_Blackfeet,Blackfeet,NDVI,1888.6798902214734
2020-03-13T06:00:00Z,tribes_flathead_Flathead,Flathead,EVI,2189.154653209332
2020-03-13T06:00:00Z,tribes_flathead_Flathead,Flathead,NDVI,3852.582106664404
2020-03-29T06:00:00Z,tribes_northern-cheyenne_Northern Cheyenne,Northern Cheyenne,EVI,1645.7281102627758
2020-03-29T06:00:00Z,tribes_northern-cheyenne_Northern Cheyenne,Northern Cheyenne,NDVI,3048.447942991854
2020-03-29T06:00:00Z,tribes_crow_Crow,Crow,EVI,1611.7562639838693
2020-03-29T06:00:00Z,tribes_crow_Crow,Crow,NDVI,2837.975051725552
2020-03-29T06:00:00Z,tribes_fort-peck_Fort Peck,Fort Peck,EVI,1326.1738221108562
2020-03-29T06:00:00Z,tribes_fort-peck_Fort Peck,Fort Peck,NDVI,2270.0780052837026
2020-03-29T06:00:00Z,tribes_fort-belknap_Fort Belknap,Fort Belknap,EVI,1377.1050783725
2020-03-29T06:00:00Z,tribes_fort-belknap_Fort Belknap,Fort Belknap,NDVI,2400.866474272704
2020-03-29T06:00:00Z,tribes_rocky-boys_Rocky Boy's,Rocky Boy's,EVI,1505.9182978816227
2020-03-29T06:00:00Z,tribes_rocky-boys_Rocky Boy's,Rocky Boy's,NDVI,2418.47895081544
2020-03-29T06:00:00Z,tribes_blackfeet_Blackfeet,Blackfeet,EVI,1135.838802970205
2020-03-29T06:00:00Z,tribes_blackfeet_Blackfeet,Blackfeet,NDVI,2032.0044583865163
2020-03-29T06:00:00Z,tribes_flathead_Flathead,Flathead,EVI,2377.0203865105495
2020-03-29T06:00:00Z,tribes_flathead_Flathead,Flathead,NDVI,4134.664031034533
2020-04-14T06:00:00Z,tribes_northern-cheyenne_Northern Cheyenne,Northern Cheyenne,EVI,1888.2056362242176
2020-04-14T06:00:00Z,tribes_northern-cheyenne_Northern Cheyenne,Northern Cheyenne,NDVI,3775.4733855866098
2020-04-14T06:00:00Z,tribes_crow_Crow,Crow,EVI,2015.6360371712876
2020-04-14T06:00:00Z,tribes_crow_Crow,Crow,NDVI,3559.8469923155585
2020-04-14T06:00:00Z,tribes_fort-peck_Fort Peck,Fort Peck,EVI,1465.1435684292687
2020-04-14T06:00:00Z,tribes_fort-peck_Fort Peck,Fort Peck,NDVI,2483.0807025510508
2020-04-14T06:00:00Z,tribes_fort-belknap_Fort Belknap,Fort Belknap,EVI,1659.0166345657146
2020-04-14T06:00:00Z,tribes_fort-belknap_Fort Belknap,Fort Belknap,NDVI,2984.1805914144566
2020-04-14T06:00:00Z,tribes_rocky-boys_Rocky Boy's,Rocky Boy's,EVI,1689.1998509560017
2020-04-14T06:00:00Z,tribes_rocky-boys_Rocky Boy's,Rocky Boy's,NDVI,3139.7890440493693
2020-04-14T06:00:00Z,tribes_blackfeet_Blackfeet,Blackfeet,EVI,1448.740641325863
2020-04-14T06:00:00Z,tribes_blackfeet_Blackfeet,Blackfeet,NDVI,2438.6381611078436
2020-04-14T06:00:00Z,tribes_flathead_Flathead,Flathead,EVI,2580.276590620938
2020-04-14T06:00:00Z,tribes_flathead_Flathead,Flathead,NDVI,4443.99201745823
2020-04-30T06:00:00Z,tribes_northern-cheyenne_Northern Cheyenne,Northern Cheyenne,EVI,2281.7980545342516
2020-04-30T06:00:00Z,tribes_northern-cheyenne_Northern Cheyenne,Northern Cheyenne,NDVI,4137.442953655248
2020-04-30T06:00:00Z,tribes_crow_Crow,Crow,EVI,2415.2974024197993
2020-04-30T06:00:00Z,tribes_crow_Crow,Crow,NDVI,4008.707295817521
2020-04-30T06:00:00Z,tribes_fort-peck_Fort Peck,Fort Peck,EVI,1901.8689682857746
2020-04-30T06:00:00Z,tribes_fort-peck_Fort Peck,Fort Peck,NDVI,3211.666159071358
2020-04-30T06:00:00Z,tribes_fort-belknap_Fort Belknap,Fort Belknap,EVI,2452.242920361539
2020-04-30T06:00:00Z,tribes_fort-belknap_Fort Belknap,Fort Belknap,NDVI,3893.557319850604
2020-04-30T06:00:00Z,tribes_rocky-boys_Rocky Boy's,Rocky Boy's,EVI,2255.9498939359164
2020-04-30T06:00:00Z,tribes_rocky-boys_Rocky Boy's,Rocky Boy's,NDVI,4350.046289014027
2020-04-30T06:00:00Z,tribes_blackfeet_Blackfeet,Blackfeet,EVI,1872.2663611962
2020-04-30T06:00:00Z,tribes_blackfeet_Blackfeet,Blackfeet,NDVI,3105.7821567509523
2020-04-30T06:00:00Z,tribes_flathead_Flathead,Flathead,EVI,3214.909071668187
2020-04-30T06:00:00Z,tribes_flathead_Flathead,Flathead,NDVI,5459.469852641384
2020-05-16T06:00:00Z,tribes_northern-cheyenne_Northern Cheyenne,Northern Cheyenne,EVI,3012.990750754773
2020-05-16T06:00:00Z,tribes_northern-cheyenne_Northern Cheyenne,Northern Cheyenne,NDVI,5370.8268660337835
2020-05-16T06:00:00Z,tribes_crow_Crow,Crow,EVI,3342.2066997082575
2020-05-16T06:00:00Z,tribes_crow_Crow,Crow,NDVI,5592.971759591011
2020-05-16T06:00:00Z,tribes_fort-peck_Fort Peck,Fort Peck,EVI,2466.6207559637005
2020-05-16T06:00:00Z,tribes_fort-peck_Fort Peck,Fort Peck,NDVI,4109.192162817454
2020-05-16T06:00:00Z,tribes_fort-belknap_Fort Belknap,Fort Belknap,EVI,2754.5058032342686
2020-05-16T06:00:00Z,tribes_fort-belknap_Fort Belknap,Fort Belknap,NDVI,4741.584344373806
2020-05-16T06:00:00Z,tribes_rocky-boys_Rocky Boy's,Rocky Boy's,EVI,3212.1541617695193
2020-05-16T06:00:00Z,tribes_rocky-boys_Rocky Boy's,Rocky Boy's,NDVI,5881.694759213789
2020-05-16T06:00:00Z,tribes_blackfeet_Blackfeet,Blackfeet,EVI,2637.6947796481063
2020-05-16T06:00:00Z,tribes_blackfeet_Blackfeet,Blackfeet,NDVI,4326.194444841809
2020-05-16T06:00:00Z,tribes_flathead_Flathead,Flathead,EVI,3533.700961414347
2020-05-16T06:00:00Z,tribes_flathead_Flathead,Flathead,NDVI,5951.492291435741
2020-06-01T06:00:00Z,tribes_northern-cheyenne_Northern Cheyenne,Northern Cheyenne,EVI,3471.3127586856967
2020-06-01T06:00:00Z,tribes_northern-cheyenne_Northern Cheyenne,Northern Cheyenne,NDVI,5473.2319227374555
2020-06-01T06:00:00Z,tribes_crow_Crow,Crow,EVI,3546.6885840018094
2020-06-01T06:00:00Z,tribes_crow_Crow,Crow,NDVI,5585.713661126275
2020-06-01T06:00:00Z,tribes_fort-peck_Fort Peck,Fort Peck,EVI,3091.2072961224844
2020-06-01T06:00:00Z,tribes_fort-peck_Fort Peck,Fort Peck,NDVI,4917.026315176678
2020-06-01T06:00:00Z,tribes_fort-belknap_Fort Belknap,Fort Belknap,EVI,3020.7491783368073
2020-06-01T06:00:00Z,tribes_fort-belknap_Fort Belknap,Fort Belknap,NDVI,4950.823744835986
2020-06-01T06:00:00Z,tribes_rocky-boys_Rocky Boy's,Rocky Boy's,EVI,3763.2761524097764
2020-06-01T06:00:00Z,tribes_rocky-boys_Rocky Boy's,Rocky Boy's,NDVI,6140.050820595245
2020-06-01T06:00:00Z,tribes_blackfeet_Blackfeet,Blackfeet,EVI,3368.8537996566097
2020-06-01T06:00:00Z,tribes_blackfeet_Blackfeet,Blackfeet,NDVI,5178.226193028668
2020-06-01T06:00:00Z,tribes_flathead_Flathead,Flathead,EVI,3780.686393516919
2020-06-01T06:00:00Z,tribes_flathead_Flathead,Flathead,NDVI,6278.072455809259
2020-06-17T06:00:00Z,tribes_northern-cheyenne_Northern Cheyenne,Northern Cheyenne,EVI,3226.690126918024
2020-06-17T06:00:00Z,tribes_northern-cheyenne_Northern Cheyenne,Northern Cheyenne,NDVI,5540.156338486287
2020-06-17T06:00:00Z,tribes_crow_Crow,Crow,EVI,3580.397109867012
2020-06-17T06:00:00Z,tribes_crow_Crow,Crow,NDVI,5582.154933908724
2020-06-17T06:00:00Z,tribes_fort-peck_Fort Peck,Fort Peck,EVI,3564.0145367628634
2020-06-17T06:00:00Z,tribes_fort-peck_Fort Peck,Fort Peck,NDVI,5992.509711781095
2020-06-17T06:00:00Z,tribes_fort-belknap_Fort Belknap,Fort Belknap,EVI,3327.9455811311955
2020-06-17T06:00:00Z,tribes_fort-belknap_Fort Belknap,Fort Belknap,NDVI,5268.204994887755
2020-06-17T06:00:00Z,tribes_rocky-boys_Rocky Boy's,Rocky Boy's,EVI,4409.458691536394
2020-06-17T06:00:00Z,tribes_rocky-boys_Rocky Boy's,Rocky Boy's,NDVI,6664.140448780539
2020-06-17T06:00:00Z,tribes_blackfeet_Blackfeet,Blackfeet,EVI,3786.3110387888287
2020-06-17T06:00:00Z,tribes_blackfeet_Blackfeet,Blackfeet,NDVI,5676.9117505253
2020-06-17T06:00:00Z,tribes_flathead_Flathead,Flathead,EVI,3429.996320424822
2020-06-17T06:00:00Z,tribes_flathead_Flathead,Flathead,NDVI,6028.110704410981
2020-07-03T06:00:00Z,tribes_northern-cheyenne_Northern Cheyenne,Northern Cheyenne,EVI,2956.705001871339
2020-07-03T06:00:00Z,tribes_northern-cheyenne_Northern Cheyenne,Northern Cheyenne,NDVI,5108.633176971469
2020-07-03T06:00:00Z,tribes_crow_Crow,Crow,EVI,3205.7390023083444
2020-07-03T06:00:00Z,tribes_crow_Crow,Crow,NDVI,5158.644170036024
2020-07-03T06:00:00Z,tribes_fort-peck_Fort Peck,Fort Peck,EVI,4181.539529531954
2020-07-03T06:00:00Z,tribes_fort-peck_Fort Peck,Fort Peck,NDVI,6348.825395310719
2020-07-03T06:00:00Z,tribes_fort-belknap_Fort Belknap,Fort Belknap,EVI,3140.591484986005
2020-07-03T06:00:00Z,tribes_fort-belknap_Fort Belknap,Fort Belknap,NDVI,5055.433718282872
2020-07-03T06:00:00Z,tribes_rocky-boys_Rocky Boy's,Rocky Boy's,EVI,4294.731602697347
2020-07-03T06:00:00Z,tribes_rocky-boys_Rocky Boy's,Rocky Boy's,NDVI,6466.175956703909
2020-07-03T06:00:00Z,tribes_blackfeet_Blackfeet,Blackfeet,EVI,4000.8243524078794
2020-07-03T06:00:00Z,tribes_blackfeet_Blackfeet,Blackfeet,NDVI,5971.752143793605
2020-07-03T06:00:00Z,tribes_flathead_Flathead,Flathead,EVI,3332.0155741466147
2020-07-03T06:00:00Z,tribes_flathead_Flathead,Flathead,NDVI,5921.974503697932
2020-07-19T06:00:00Z,tribes_northern-cheyenne_Northern Cheyenne,Northern Cheyenne,EVI,2625.6398639830218
2020-07-19T06:00:00Z,tribes_northern-cheyenne_Northern Cheyenne,Northern Cheyenne,NDVI,4622.062407117119
2020-07-19T06:00:00Z,tribes_crow_Crow,Crow,EVI,2696.527178181262
2020-07-19T06:00:00Z,tribes_crow_Crow,Crow,NDVI,4389.352633148715
2020-07-19T06:00:00Z,tribes_fort-peck_Fort Peck,Fort Peck,EVI,3558.5731997984167
2020-07-19T06:00:00Z,tribes_fort-peck_Fort Peck,Fort Peck,NDVI,5679.841934772165
2020-07-19T06:00:00Z,tribes_fort-belknap_Fort Belknap,Fort Belknap,EVI,2543.6583264540504
2020-07-19T06:00:00Z,tribes_fort-belknap_Fort Belknap,Fort Belknap,NDVI,4470.076586637173
2020-07-19T06:00:00Z,tribes_rocky-boys_Rocky Boy's,Rocky Boy's,EVI,3699.0382536443512
2020-07-19T06:00:00Z,tribes_rocky-boys_Rocky Boy's,Rocky Boy's,NDVI,6126.180713497783
2020-07-19T06:00:00Z,tribes_blackfeet_Blackfeet,Blackfeet,EVI,3640.4453398433016
2020-07-19T06:00:00Z,tribes_blackfeet_Blackfeet,Blackfeet,NDVI,5496.353869756416
2020-07-19T06:00:00Z,tribes_flathead_Flathead,Flathead,EVI,3076.7388398906664
2020-07-19T06:00:00Z,tribes_flathead_Flathead,Flathead,NDVI,5532.195303805534
2020-08-04T06:00:00Z,tribes_northern-cheyenne_Northern Cheyenne,Northern Cheyenne,EVI,2437.773951636608
2020-08-04T06:00:00Z,tribes_northern-cheyenne_Northern Cheyenne,Northern Cheyenne,NDVI,4249.834730266652
2020-08-04T06:00:00Z,tribes_crow_Crow,Crow,EVI,2391.617850863816
2020-08-04T06:00:00Z,tribes_crow_Crow,Crow,NDVI,3951.2015104557413
2020-08-04T06:00:00Z,tribes_fort-peck_Fort Peck,Fort Peck,EVI,2567.9921933507626
2020-08-04T06:00:00Z,tribes_fort-peck_Fort Peck,Fort Peck,NDVI,4180.273240307245
2020-08-04T06:00:00Z,tribes_fort-belknap_Fort Belknap,Fort Belknap,EVI,2235.669348368997
2020-08-04T06:00:00Z,tribes_fort-belknap_Fort Belknap,Fort Belknap,NDVI,3898.572909250541
2020-08-04T06:00:00Z,tribes_rocky-boys_Rocky Boy's,Rocky Boy's,EVI,3357.9760619660146
2020-08-04T06:00:00Z,tribes_rocky-boys_Rocky Boy's,Rocky Boy's,NDVI,5445.411056370632
2020-08-04T06:00:00Z,tribes_blackfeet_Blackfeet,Blackfeet,EVI,2985.1883652180327
2020-08-04T06:00:00Z,tribes_blackfeet_Blackfeet,Blackfeet,NDVI,4693.690267580031
2020-08-04T06:00:00Z,tribes_flathead_Flathead,Flathead,EVI,2883.6087718839817
2020-08-04T06:00:00Z,tribes_flathead_Flathead,Flathead,NDVI,5315.991255276091
2020-08-20T06:00:00Z,tribes_northern-cheyenne_Northern Cheyenne,Northern Cheyenne,EVI,2417.833143434684
2020-08-20T06:00:00Z,tribes_northern-cheyenne_Northern Cheyenne,Northern Cheyenne,NDVI,3946.6927508931662
2020-08-20T06:00:00Z,tribes_crow_Crow,Crow,EVI,2147.1564555309715
2020-08-20T06:00:00Z,tribes_crow_Crow,Crow,NDVI,3492.1141426776135
2020-08-20T06:00:00Z,tribes_fort-peck_Fort Peck,Fort Peck,EVI,2185.424912706151
2020-08-20T06:00:00Z,tribes_fort-peck_Fort Peck,Fort Peck,NDVI,3323.125606738171
2020-08-20T06:00:00Z,tribes_fort-belknap_Fort Belknap,Fort Belknap,EVI,2047.0592122959638
2020-08-20T06:00:00Z,tribes_fort-belknap_Fort Belknap,Fort Belknap,NDVI,3502.523349571604
2020-08-20T06:00:00Z,tribes_rocky-boys_Rocky Boy's,Rocky Boy's,EVI,2937.551701327283
2020-08-20T06:00:00Z,tribes_rocky-boys_Rocky Boy's,Rocky Boy's,NDVI,4875.225495896657
2020-08-20T06:00:00Z,tribes_blackfeet_Blackfeet,Blackfeet,EVI,2564.807026810972
2020-08-20T06:00:00Z,tribes_blackfeet_Blackfeet,Blackfeet,NDVI,4016.1541748678724
2020-08-20T06:00:00Z,tribes_flathead_Flathead,Flathead,EVI,2651.604127409324
2020-08-20T06:00:00Z,tribes_flathead_Flathead,Flathead,NDVI,5144.352986292113
2020-09-05T06:00:00Z,tribes_northern-cheyenne_Northern Cheyenne,Northern Cheyenne,EVI,2238.223614700036
2020-09-05T06:00:00Z,tribes_northern-cheyenne_Northern Cheyenne,Northern Cheyenne,NDVI,3783.132626243845
2020-09-05T06:00:00Z,tribes_crow_Crow,Crow,EVI,2000.3023907185866
2020-09-05T06:00:00Z,tribes_crow_Crow,Crow,NDVI,3254.3591095292522
2020-09-05T06:00:00Z,tribes_fort-peck_Fort Peck,Fort Peck,EVI,1802.0575387099796
2020-09-05T06:00:00Z,tribes_fort-peck_Fort Peck,Fort Peck,NDVI,2959.671704341003
2020-09-05T06:00:00Z,tribes_fort-belknap_Fort Belknap,Fort Belknap,EVI,1943.7246082417541
2020-09-05T06:00:00Z,tribes_fort-belknap_Fort Belknap,Fort Belknap,NDVI,3360.736716630821
2020-09-05T06:00:00Z,tribes_rocky-boys_Rocky Boy's,Rocky Boy's,EVI,2502.2423462718516
2020-09-05T06:00:00Z,tribes_rocky-boys_Rocky Boy's,Rocky Boy's,NDVI,4104.102581016174
2020-09-05T06:00:00Z,tribes_blackfeet_Blackfeet,Blackfeet,EVI,2362.9839385404666
2020-09-05T06:00:00Z,tribes_blackfeet_Blackfeet,Blackfeet,NDVI,3722.3725674002417
2020-09-05T06:00:00Z,tribes_flathead_Flathead,Flathead,EVI,2541.859712145543
2020-09-05T06:00:00Z,tribes_flathead_Flathead,Flathead,NDVI,4813.44568008334
2020-09-21T06:00:00Z,tribes_northern-cheyenne_Northern Cheyenne,Northern Cheyenne,EVI,1932.982336686062
2020-09-21T06:00:00Z,tribes_northern-cheyenne_Northern Cheyenne,Northern Cheyenne,NDVI,3789.078992563024
2020-09-21T06:00:00Z,tribes_crow_Crow,Crow,EVI,1844.1089326434287
2020-09-21T06:00:00Z,tribes_crow_Crow,Crow,NDVI,3242.1420890941004
2020-09-21T06:00:00Z,tribes_fort-peck_Fort Peck,Fort Peck,EVI,1698.2341547314268
2020-09-21T06:00:00Z,tribes_fort-peck_Fort Peck,Fort Peck,NDVI,2674.2741707130513
2020-09-21T06:00:00Z,tribes_fort-belknap_Fort Belknap,Fort Belknap,EVI,1812.7257599719321
2020-09-21T06:00:00Z,tribes_fort-belknap_Fort Belknap,Fort Belknap,NDVI,3244.07598360453
2020-09-21T06:00:00Z,tribes_rocky-boys_Rocky Boy's,Rocky Boy's,EVI,2517.5282859692275
2020-09-21T06:00:00Z,tribes_rocky-boys_Rocky Boy's,Rocky Boy's,NDVI,4280.190418166636
2020-09-21T06:00:00Z,tribes_blackfeet_Blackfeet,Blackfeet,EVI,2194.625695967268
2020-09-21T06:00:00Z,tribes_blackfeet_Blackfeet,Blackfeet,NDVI,3555.002236543139
2020-09-21T06:00:00Z,tribes_flathead_Flathead,Flathead,EVI,2250.3329165623936
2020-09-21T06:00:00Z,tribes_flathead_Flathead,Flathead,NDVI,4732.493876221689
2020-10-07T06:00:00Z,tribes_northern-cheyenne_Northern Cheyenne,Northern Cheyenne,EVI,1854.105313620996
2020-10-07T06:00:00Z,tribes_northern-cheyenne_Northern Cheyenne,Northern Cheyenne,NDVI,3434.7451289228525
2020-10-07T06:00:00Z,tribes_crow_Crow,Crow,EVI,1705.0191272612765
2020-10-07T06:00:00Z,tribes_crow_Crow,Crow,NDVI,2879.12943953693
2020-10-07T06:00:00Z,tribes_fort-peck_Fort Peck,Fort Peck,EVI,1605.7149815539728
2020-10-07T06:00:00Z,tribes_fort-peck_Fort Peck,Fort Peck,NDVI,2239.741609104297
2020-10-07T06:00:00Z,tribes_fort-belknap_Fort Belknap,Fort Belknap,EVI,1744.8704991320524
2020-10-07T06:00:00Z,tribes_fort-belknap_Fort Belknap,Fort Belknap,NDVI,2866.012591140938
2020-10-07T06:00:00Z,tribes_rocky-boys_Rocky Boy's,Rocky Boy's,EVI,2359.3483785510825
2020-10-07T06:00:00Z,tribes_rocky-boys_Rocky Boy's,Rocky Boy's,NDVI,4007.4633541659978
2020-10-07T06:00:00Z,tribes_blackfeet_Blackfeet,Blackfeet,EVI,2046.584671120391
2020-10-07T06:00:00Z,tribes_blackfeet_Blackfeet,Blackfeet,NDVI,2964.841560778338
2020-10-07T06:00:00Z,tribes_flathead_Flathead,Flathead,EVI,2597.3865237904956
2020-10-07T06:00:00Z,tribes_flathead_Flathead,Flathead,NDVI,4642.410804811604
2020-10-23T06:00:00Z,tribes_northern-cheyenne_Northern Cheyenne,Northern Cheyenne,EVI,1712.4476883657244
2020-10-23T06:00:00Z,tribes_northern-cheyenne_Northern Cheyenne,Northern Cheyenne,NDVI,3681.4296621972476
2020-10-23T06:00:00Z,tribes_crow_Crow,Crow,EVI,1482.803296964133
2020-10-23T06:00:00Z,tribes_crow_Crow,Crow,NDVI,2779.425278553597
2020-10-23T06:00:00Z,tribes_fort-peck_Fort Peck,Fort Peck,EVI,1386.4229128495715
2020-10-23T06:00:00Z,tribes_fort-peck_Fort Peck,Fort Peck,NDVI,2203.201194777013
2020-10-23T06:00:00Z,tribes_fort-belknap_Fort Belknap,Fort Belknap,EVI,1553.5155975358625
2020-10-23T06:00:00Z,tribes_fort-belknap_Fort Belknap,Fort Belknap,NDVI,2845.0835552653684
2020-10-23T06:00:00Z,tribes_rocky-boys_Rocky Boy's,Rocky Boy's,EVI,1854.4140379904568
2020-10-23T06:00:00Z,tribes_rocky-boys_Rocky Boy's,Rocky Boy's,NDVI,3564.1101596863214
2020-10-23T06:00:00Z,tribes_blackfeet_Blackfeet,Blackfeet,EVI,1600.7966654411782
2020-10-23T06:00:00Z,tribes_blackfeet_Blackfeet,Blackfeet,NDVI,2698.0415662557207
2020-10-23T06:00:00Z,tribes_flathead_Flathead,Flathead,EVI,2006.6457397632612
2020-10-23T06:00:00Z,tribes_flathead_Flathead,Flathead,NDVI,4360.875886614884
2020-11-08T07:00:00Z,tribes_northern-cheyenne_Northern Cheyenne,Northern Cheyenne,EVI,1653.1844533847438
2020-11-08T07:00:00Z,tribes_northern-cheyenne_Northern Cheyenne,Northern Cheyenne,NDVI,3472.7308134615723
2020-11-08T07:00:00Z,tribes_crow_Crow,Crow,EVI,1438.7242673758622
2020-11-08T07:00:00Z,tribes_crow_Crow,Crow,NDVI,2731.060183722731
2020-11-08T07:00:00Z,tribes_fort-peck_Fort Peck,Fort Peck,EVI,1362.3634885809433
2020-11-08T07:00:00Z,tribes_fort-peck_Fort Peck,Fort Peck,NDVI,2287.0680712625744
2020-11-08T07:00:00Z,tribes_fort-belknap_Fort Belknap,Fort Belknap,EVI,1619.1282527996607
2020-11-08T07:00:00Z,tribes_fort-belknap_Fort Belknap,Fort Belknap,NDVI,2957.9650515791427
2020-11-08T07:00:00Z,tribes_rocky-boys_Rocky Boy's,Rocky Boy's,EVI,NA
2020-11-08T07:00:00Z,tribes_rocky-boys_Rocky Boy's,Rocky Boy's,NDVI,NA
2020-11-08T07:00:00Z,tribes_blackfeet_Blackfeet,Blackfeet,EVI,1175.7748824276864
2020-11-08T07:00:00Z,tribes_blackfeet_Blackfeet,Blackfeet,NDVI,1745.17218777783
2020-11-08T07:00:00Z,tribes_flathead_Flathead,Flathead,EVI,2022.347186526729
2020-11-08T07:00:00Z,tribes_flathead_Flathead,Flathead,NDVI,3739.773576100917
2020-11-24T07:00:00Z,tribes_northern-cheyenne_Northern Cheyenne,Northern Cheyenne,EVI,1648.9345727683155
2020-11-24T07:00:00Z,tribes_northern-cheyenne_Northern Cheyenne,Northern Cheyenne,NDVI,3440.2821903861986
2020-11-24T07:00:00Z,tribes_crow_Crow,Crow,EVI,1414.4193939735114
2020-11-24T07:00:00Z,tribes_crow_Crow,Crow,NDVI,2676.9419071661864
2020-11-24T07:00:00Z,tribes_fort-peck_Fort Peck,Fort Peck,EVI,1206.539975488452
2020-11-24T07:00:00Z,tribes_fort-peck_Fort Peck,Fort Peck,NDVI,2032.4515898218467
2020-11-24T07:00:00Z,tribes_fort-belknap_Fort Belknap,Fort Belknap,EVI,1382.97186100027
2020-11-24T07:00:00Z,tribes_fort-belknap_Fort Belknap,Fort Belknap,NDVI,2473.69126018143
2020-11-24T07:00:00Z,tribes_rocky-boys_Rocky Boy's,Rocky Boy's,EVI,1330.3406170593598
2020-11-24T07:00:00Z,tribes_rocky-boys_Rocky Boy's,Rocky Boy's,NDVI,2241.4226890188993
2020-11-24T07:00:00Z,tribes_blackfeet_Blackfeet,Blackfeet,EVI,1169.119791603384
2020-11-24T07:00:00Z,tribes_blackfeet_Blackfeet,Blackfeet,NDVI,1856.59442118658
2020-11-24T07:00:00Z,tribes_flathead_Flathead,Flathead,EVI,1816.496385523818
2020-11-24T07:00:00Z,tribes_flathead_Flathead,Flathead,NDVI,3913.624281366053
2020-12-10T07:00:00Z,tribes_northern-cheyenne_Northern Cheyenne,Northern Cheyenne,EVI,1547.594909468938
2020-12-10T07:00:00Z,tribes_northern-cheyenne_Northern Cheyenne,Northern Cheyenne,NDVI,3237.1317152974502
2020-12-10T07:00:00Z,tribes_crow_Crow,Crow,EVI,1418.727021432265
2020-12-10T07:00:00Z,tribes_crow_Crow,Crow,NDVI,2245.9255486684565
2020-12-10T07:00:00Z,tribes_fort-peck_Fort Peck,Fort Peck,EVI,1161.3664144741272
2020-12-10T07:00:00Z,tribes_fort-peck_Fort Peck,Fort Peck,NDVI,1991.3074307099118
2020-12-10T07:00:00Z,tribes_fort-belknap_Fort Belknap,Fort Belknap,EVI,1623.697666480466
2020-12-10T07:00:00Z,tribes_fort-belknap_Fort Belknap,Fort Belknap,NDVI,2709.821904157729
2020-12-10T07:00:00Z,tribes_rocky-boys_Rocky Boy's,Rocky Boy's,EVI,1388.750140282136
2020-12-10T07:00:00Z,tribes_rocky-boys_Rocky Boy's,Rocky Boy's,NDVI,2259.4936899252275
2020-12-10T07:00:00Z,tribes_blackfeet_Blackfeet,Blackfeet,EVI,943.6019281592274
2020-12-10T07:00:00Z,tribes_blackfeet_Blackfeet,Blackfeet,NDVI,1703.449035354939
2020-12-10T07:00:00Z,tribes_flathead_Flathead,Flathead,EVI,2665.5053415131615
2020-12-10T07:00:00Z,tribes_flathead_Flathead,Flathead,NDVI,4935.515452223918
2020-12-26T07:00:00Z,tribes_northern-cheyenne_Northern Cheyenne,Northern Cheyenne,EVI,1718.393628628081
2020-12-26T07:00:00Z,tribes_northern-cheyenne_Northern Cheyenne,Northern Cheyenne,NDVI,3442.629478185905
2020-12-26T07:00:00Z,tribes_crow_Crow,Crow,EVI,1282.7857348990765
2020-12-26T07:00:00Z,tribes_crow_Crow,Crow,NDVI,2320.735859286611
2020-12-26T07:00:00Z,tribes_fort-peck_Fort Peck,Fort Peck,EVI,1245.9700462523622
2020-12-26T07:00:00Z,tribes_fort-peck_Fort Peck,Fort Peck,NDVI,2119.47123238426
2020-12-26T07:00:00Z,tribes_fort-belknap_Fort Belknap,Fort Belknap,EVI,1332.6886933034164
2020-12-26T07:00:00Z,tribes_fort-belknap_Fort Belknap,Fort Belknap,NDVI,2396.2215711821996
2020-12-26T07:00:00Z,tribes_rocky-boys_Rocky Boy's,Rocky Boy's,EVI,1330.5435102043596
2020-12-26T07:00:00Z,tribes_rocky-boys_Rocky Boy's,Rocky Boy's,NDVI,2334.924680686998
2020-12-26T07:00:00Z,tribes_blackfeet_Blackfeet,Blackfeet,EVI,1106.7723784624109
2020-12-26T07:00:00Z,tribes_blackfeet_Blackfeet,Blackfeet,NDVI,1805.9402901992366
2020-12-26T07:00:00Z,tribes_flathead_Flathead,Flathead,EVI,1711.892271978118
2020-12-26T07:00:00Z,tribes_flathead_Flathead,Flathead,NDVI,3616.1993984532305
2021-01-09T07:00:00Z,tribes_northern-cheyenne_Northern Cheyenne,Northern Cheyenne,EVI,1251.5169455856626
2021-01-09T07:00:00Z,tribes_northern-cheyenne_Northern Cheyenne,Northern Cheyenne,NDVI,2312.3853007767975
2021-01-09T07:00:00Z,tribes_crow_Crow,Crow,EVI,1226.580826652124
2021-01-09T07:00:00Z,tribes_crow_Crow,Crow,NDVI,2051.451024310431
2021-01-09T07:00:00Z,tribes_fort-peck_Fort Peck,Fort Peck,EVI,1210.3774729686645
2021-01-09T07:00:00Z,tribes_fort-peck_Fort Peck,Fort Peck,NDVI,1910.5604171194545
2021-01-09T07:00:00Z,tribes_fort-belknap_Fort Belknap,Fort Belknap,EVI,1277.9374193295116
2021-01-09T07:00:00Z,tribes_fort-belknap_Fort Belknap,Fort Belknap,NDVI,2169.917458656164
2021-01-09T07:00:00Z,tribes_rocky-boys_Rocky Boy's,Rocky Boy's,EVI,1451.3143225467952
2021-01-09T07:00:00Z,tribes_rocky-boys_Rocky Boy's,Rocky Boy's,NDVI,2117.613594316692
2021-01-09T07:00:00Z,tribes_blackfeet_Blackfeet,Blackfeet,EVI,1146.492552484614
2021-01-09T07:00:00Z,tribes_blackfeet_Blackfeet,Blackfeet,NDVI,1826.673295718235
2021-01-09T07:00:00Z,tribes_flathead_Flathead,Flathead,EVI,1542.3243572744343
2021-01-09T07:00:00Z,tribes_flathead_Flathead,Flathead,NDVI,2917.144773803909
2021-01-25T07:00:00Z,tribes_northern-cheyenne_Northern Cheyenne,Northern Cheyenne,EVI,1099.8064892620862
2021-01-25T07:00:00Z,tribes_northern-cheyenne_Northern Cheyenne,Northern Cheyenne,NDVI,2420.5402196990917
2021-01-25T07:00:00Z,tribes_crow_Crow,Crow,EVI,1146.9392130775748
2021-01-25T07:00:00Z,tribes_crow_Crow,Crow,NDVI,2161.450965681738
2021-01-25T07:00:00Z,tribes_fort-peck_Fort Peck,Fort Peck,EVI,1342.0800554693394
2021-01-25T07:00:00Z,tribes_fort-peck_Fort Peck,Fort Peck,NDVI,1867.3130262854086
2021-01-25T07:00:00Z,tribes_fort-belknap_Fort Belknap,Fort Belknap,EVI,1255.1467770886268
2021-01-25T07:00:00Z,tribes_fort-belknap_Fort Belknap,Fort Belknap,NDVI,2087.6502794811495
2021-01-25T07:00:00Z,tribes_rocky-boys_Rocky Boy's,Rocky Boy's,EVI,1251.2166367050668
2021-01-25T07:00:00Z,tribes_rocky-boys_Rocky Boy's,Rocky Boy's,NDVI,2101.8521985733355
2021-01-25T07:00:00Z,tribes_blackfeet_Blackfeet,Blackfeet,EVI,1221.254489504455
2021-01-25T07:00:00Z,tribes_blackfeet_Blackfeet,Blackfeet,NDVI,1873.4574332086395
2021-01-25T07:00:00Z,tribes_flathead_Flathead,Flathead,EVI,1825.5992054811193
2021-01-25T07:00:00Z,tribes_flathead_Flathead,Flathead,NDVI,3384.3483221095453
2021-02-10T07:00:00Z,tribes_northern-cheyenne_Northern Cheyenne,Northern Cheyenne,EVI,1099.3646217786013
2021-02-10T07:00:00Z,tribes_northern-cheyenne_Northern Cheyenne,Northern Cheyenne,NDVI,2148.881405958593
2021-02-10T07:00:00Z,tribes_crow_Crow,Crow,EVI,NA
2021-02-10T07:00:00Z,tribes_crow_Crow,Crow,NDVI,NA
2021-02-10T07:00:00Z,tribes_fort-peck_Fort Peck,Fort Peck,EVI,1256.345772902732
2021-02-10T07:00:00Z,tribes_fort-peck_Fort Peck,Fort Peck,NDVI,1885.0436422429464
2021-02-10T07:00:00Z,tribes_fort-belknap_Fort Belknap,Fort Belknap,EVI,1112.7796048440043
2021-02-10T07:00:00Z,tribes_fort-belknap_Fort Belknap,Fort Belknap,NDVI,1950.0727917342713
2021-02-10T07:00:00Z,tribes_rocky-boys_Rocky Boy's,Rocky Boy's,EVI,NA
2021-02-10T07:00:00Z,tribes_rocky-boys_Rocky Boy's,Rocky Boy's,NDVI,NA
2021-02-10T07:00:00Z,tribes_blackfeet_Blackfeet,Blackfeet,EVI,NA
2021-02-10T07:00:00Z,tribes_blackfeet_Blackfeet,Blackfeet,NDVI,NA
2021-02-10T07:00:00Z,tribes_flathead_Flathead,Flathead,EVI,1835.0986840118874
2021-02-10T07:00:00Z,tribes_flathead_Flathead,Flathead,NDVI,3187.163120414422
2021-02-26T07:00:00Z,tribes_northern-cheyenne_Northern Cheyenne,Northern Cheyenne,EVI,1469.0818520784046
2021-02-26T07:00:00Z,tribes_northern-cheyenne_Northern Cheyenne,Northern Cheyenne,NDVI,3006.729308660326
2021-02-26T07:00:00Z,tribes_crow_Crow,Crow,EVI,1169.4494970345247
2021-02-26T07:00:00Z,tribes_crow_Crow,Crow,NDVI,2229.798954442534
2021-02-26T07:00:00Z,tribes_fort-peck_Fort Peck,Fort Peck,EVI,1193.595792449749
2021-02-26T07:00:00Z,tribes_fort-peck_Fort Peck,Fort Peck,NDVI,1942.4331502836137
2021-02-26T07:00:00Z,tribes_fort-belknap_Fort Belknap,Fort Belknap,EVI,1275.2493789003145
2021-02-26T07:00:00Z,tribes_fort-belknap_Fort Belknap,Fort Belknap,NDVI,2236.8954772556494
2021-02-26T07:00:00Z,tribes_rocky-boys_Rocky Boy's,Rocky Boy's,EVI,1192.6260198236903
2021-02-26T07:00:00Z,tribes_rocky-boys_Rocky Boy's,Rocky Boy's,NDVI,2114.9835326032194
2021-02-26T07:00:00Z,tribes_blackfeet_Blackfeet,Blackfeet,EVI,1201.368944799737
2021-02-26T07:00:00Z,tribes_blackfeet_Blackfeet,Blackfeet,NDVI,1811.1303732646418
2021-02-26T07:00:00Z,tribes_flathead_Flathead,Flathead,EVI,1783.283034817391
2021-02-26T07:00:00Z,tribes_flathead_Flathead,Flathead,NDVI,3385.767137633228
2021-03-14T07:00:00Z,tribes_northern-cheyenne_Northern Cheyenne,Northern Cheyenne,EVI,1546.1927144382794
2021-03-14T07:00:00Z,tribes_northern-cheyenne_Northern Cheyenne,Northern Cheyenne,NDVI,2972.8448376891333
2021-03-14T07:00:00Z,tribes_crow_Crow,Crow,EVI,1309.2168085675385
2021-03-14T07:00:00Z,tribes_crow_Crow,Crow,NDVI,2330.06572432432
2021-03-14T07:00:00Z,tribes_fort-peck_Fort Peck,Fort Peck,EVI,1208.8250377045379
2021-03-14T07:00:00Z,tribes_fort-peck_Fort Peck,Fort Peck,NDVI,1945.19152197094
2021-03-14T07:00:00Z,tribes_fort-belknap_Fort Belknap,Fort Belknap,EVI,1308.0458584937876
2021-03-14T07:00:00Z,tribes_fort-belknap_Fort Belknap,Fort Belknap,NDVI,2174.0638916467988
2021-03-14T07:00:00Z,tribes_rocky-boys_Rocky Boy's,Rocky Boy's,EVI,1288.8695038580797
2021-03-14T07:00:00Z,tribes_rocky-boys_Rocky Boy's,Rocky Boy's,NDVI,2183.7192978386047
2021-03-14T07:00:00Z,tribes_blackfeet_Blackfeet,Blackfeet,EVI,1215.7838163457122
2021-03-14T07:00:00Z,tribes_blackfeet_Blackfeet,Blackfeet,NDVI,1884.057628156382
2021-03-14T07:00:00Z,tribes_flathead_Flathead,Flathead,EVI,1827.5149076108523
2021-03-14T07:00:00Z,tribes_flathead_Flathead,Flathead,NDVI,3628.8378619125974
2021-03-30T06:00:00Z,tribes_northern-cheyenne_Northern Cheyenne,Northern Cheyenne,EVI,2008.8001768097265
2021-03-30T06:00:00Z,tribes_northern-cheyenne_Northern Cheyenne,Northern Cheyenne,NDVI,3481.179417177538
2021-03-30T06:00:00Z,tribes_crow_Crow,Crow,EVI,1777.4826723927333
2021-03-30T06:00:00Z,tribes_crow_Crow,Crow,NDVI,2951.267668492036
2021-03-30T06:00:00Z,tribes_fort-peck_Fort Peck,Fort Peck,EVI,1266.7625156037645
2021-03-30T06:00:00Z,tribes_fort-peck_Fort Peck,Fort Peck,NDVI,2005.778978537476
2021-03-30T06:00:00Z,tribes_fort-belknap_Fort Belknap,Fort Belknap,EVI,1525.5123713841408
2021-03-30T06:00:00Z,tribes_fort-belknap_Fort Belknap,Fort Belknap,NDVI,2420.556788810422
2021-03-30T06:00:00Z,tribes_rocky-boys_Rocky Boy's,Rocky Boy's,EVI,1716.937279812905
2021-03-30T06:00:00Z,tribes_rocky-boys_Rocky Boy's,Rocky Boy's,NDVI,2916.6094184159942
2021-03-30T06:00:00Z,tribes_blackfeet_Blackfeet,Blackfeet,EVI,1267.3798979536155
2021-03-30T06:00:00Z,tribes_blackfeet_Blackfeet,Blackfeet,NDVI,2017.1607872040306
2021-03-30T06:00:00Z,tribes_flathead_Flathead,Flathead,EVI,2231.4002311601816
2021-03-30T06:00:00Z,tribes_flathead_Flathead,Flathead,NDVI,4223.783356462718
2021-04-15T06:00:00Z,tribes_northern-cheyenne_Northern Cheyenne,Northern Cheyenne,EVI,1982.6227311634464
2021-04-15T06:00:00Z,tribes_northern-cheyenne_Northern Cheyenne,Northern Cheyenne,NDVI,3838.5645667694102
2021-04-15T06:00:00Z,tribes_crow_Crow,Crow,EVI,2135.7714734826654
2021-04-15T06:00:00Z,tribes_crow_Crow,Crow,NDVI,3570.5879225366402
2021-04-15T06:00:00Z,tribes_fort-peck_Fort Peck,Fort Peck,EVI,1304.3242702031632
2021-04-15T06:00:00Z,tribes_fort-peck_Fort Peck,Fort Peck,NDVI,2098.3885465198578
2021-04-15T06:00:00Z,tribes_fort-belknap_Fort Belknap,Fort Belknap,EVI,1619.562116880778
2021-04-15T06:00:00Z,tribes_fort-belknap_Fort Belknap,Fort Belknap,NDVI,2664.4057496270057
2021-04-15T06:00:00Z,tribes_rocky-boys_Rocky Boy's,Rocky Boy's,EVI,1817.4956563069456
2021-04-15T06:00:00Z,tribes_rocky-boys_Rocky Boy's,Rocky Boy's,NDVI,3150.342771471578
2021-04-15T06:00:00Z,tribes_blackfeet_Blackfeet,Blackfeet,EVI,1413.5234558964848
2021-04-15T06:00:00Z,tribes_blackfeet_Blackfeet,Blackfeet,NDVI,2381.4305385922185
2021-04-15T06:00:00Z,tribes_flathead_Flathead,Flathead,EVI,2375.1743568061997
2021-04-15T06:00:00Z,tribes_flathead_Flathead,Flathead,NDVI,4402.274556629424
2021-05-01T06:00:00Z,tribes_northern-cheyenne_Northern Cheyenne,Northern Cheyenne,EVI,2374.038781869106
2021-05-01T06:00:00Z,tribes_northern-cheyenne_Northern Cheyenne,Northern Cheyenne,NDVI,4223.881855517444
2021-05-01T06:00:00Z,tribes_crow_Crow,Crow,EVI,2813.8780585465965
2021-05-01T06:00:00Z,tribes_crow_Crow,Crow,NDVI,4508.546701415247
2021-05-01T06:00:00Z,tribes_fort-peck_Fort Peck,Fort Peck,EVI,1553.5453678759795
2021-05-01T06:00:00Z,tribes_fort-peck_Fort Peck,Fort Peck,NDVI,2414.1512526520983
2021-05-01T06:00:00Z,tribes_fort-belknap_Fort Belknap,Fort Belknap,EVI,1954.0802091986443
2021-05-01T06:00:00Z,tribes_fort-belknap_Fort Belknap,Fort Belknap,NDVI,3325.126950959864
2021-05-01T06:00:00Z,tribes_rocky-boys_Rocky Boy's,Rocky Boy's,EVI,2282.19499153131
2021-05-01T06:00:00Z,tribes_rocky-boys_Rocky Boy's,Rocky Boy's,NDVI,3901.1339416683
2021-05-01T06:00:00Z,tribes_blackfeet_Blackfeet,Blackfeet,EVI,1964.6711527474845
2021-05-01T06:00:00Z,tribes_blackfeet_Blackfeet,Blackfeet,NDVI,3161.036973201468
2021-05-01T06:00:00Z,tribes_flathead_Flathead,Flathead,EVI,3126.019494992111
2021-05-01T06:00:00Z,tribes_flathead_Flathead,Flathead,NDVI,5612.372910563986
2021-05-17T06:00:00Z,tribes_northern-cheyenne_Northern Cheyenne,Northern Cheyenne,EVI,3120.904829365036
2021-05-17T06:00:00Z,tribes_northern-cheyenne_Northern Cheyenne,Northern Cheyenne,NDVI,5069.924491863233
2021-05-17T06:00:00Z,tribes_crow_Crow,Crow,EVI,3349.096499878293
2021-05-17T06:00:00Z,tribes_crow_Crow,Crow,NDVI,5318.900750649604
2021-05-17T06:00:00Z,tribes_fort-peck_Fort Peck,Fort Peck,EVI,1667.9552297707844
2021-05-17T06:00:00Z,tribes_fort-peck_Fort Peck,Fort Peck,NDVI,2681.5834544779514
2021-05-17T06:00:00Z,tribes_fort-belknap_Fort Belknap,Fort Belknap,EVI,2480.649830611331
2021-05-17T06:00:00Z,tribes_fort-belknap_Fort Belknap,Fort Belknap,NDVI,3978.2410209505515
2021-05-17T06:00:00Z,tribes_rocky-boys_Rocky Boy's,Rocky Boy's,EVI,2889.0075302127466
2021-05-17T06:00:00Z,tribes_rocky-boys_Rocky Boy's,Rocky Boy's,NDVI,5130.14293655425
2021-05-17T06:00:00Z,tribes_blackfeet_Blackfeet,Blackfeet,EVI,2828.499618751844
2021-05-17T06:00:00Z,tribes_blackfeet_Blackfeet,Blackfeet,NDVI,4265.4445039620405
2021-05-17T06:00:00Z,tribes_flathead_Flathead,Flathead,EVI,3349.1660106446984
2021-05-17T06:00:00Z,tribes_flathead_Flathead,Flathead,NDVI,5855.71496458753
2021-06-02T06:00:00Z,tribes_northern-cheyenne_Northern Cheyenne,Northern Cheyenne,EVI,3095.1687056980686
2021-06-02T06:00:00Z,tribes_northern-cheyenne_Northern Cheyenne,Northern Cheyenne,NDVI,5201.833915376202
2021-06-02T06:00:00Z,tribes_crow_Crow,Crow,EVI,3263.040810585541
2021-06-02T06:00:00Z,tribes_crow_Crow,Crow,NDVI,5195.006819281425
2021-06-02T06:00:00Z,tribes_fort-peck_Fort Peck,Fort Peck,EVI,2696.5502129811925
2021-06-02T06:00:00Z,tribes_fort-peck_Fort Peck,Fort Peck,NDVI,4111.753806844662
2021-06-02T06:00:00Z,tribes_fort-belknap_Fort Belknap,Fort Belknap,EVI,2639.0590574609923
2021-06-02T06:00:00Z,tribes_fort-belknap_Fort Belknap,Fort Belknap,NDVI,4298.5336637044375
2021-06-02T06:00:00Z,tribes_rocky-boys_Rocky Boy's,Rocky Boy's,EVI,3866.989829385227
2021-06-02T06:00:00Z,tribes_rocky-boys_Rocky Boy's,Rocky Boy's,NDVI,6118.194159441747
2021-06-02T06:00:00Z,tribes_blackfeet_Blackfeet,Blackfeet,EVI,3326.280395876576
2021-06-02T06:00:00Z,tribes_blackfeet_Blackfeet,Blackfeet,NDVI,5039.505268698267
2021-06-02T06:00:00Z,tribes_flathead_Flathead,Flathead,EVI,3662.2029402253775
2021-06-02T06:00:00Z,tribes_flathead_Flathead,Flathead,NDVI,6140.546666946367
2021-06-18T06:00:00Z,tribes_northern-cheyenne_Northern Cheyenne,Northern Cheyenne,EVI,2902.257756663748
2021-06-18T06:00:00Z,tribes_northern-cheyenne_Northern Cheyenne,Northern Cheyenne,NDVI,4822.076223956747
2021-06-18T06:00:00Z,tribes_crow_Crow,Crow,EVI,2981.052404491109
2021-06-18T06:00:00Z,tribes_crow_Crow,Crow,NDVI,4536.974069751395
2021-06-18T06:00:00Z,tribes_fort-peck_Fort Peck,Fort Peck,EVI,2841.323563622214
2021-06-18T06:00:00Z,tribes_fort-peck_Fort Peck,Fort Peck,NDVI,4263.368987642667
2021-06-18T06:00:00Z,tribes_fort-belknap_Fort Belknap,Fort Belknap,EVI,2678.9596131448725
2021-06-18T06:00:00Z,tribes_fort-belknap_Fort Belknap,Fort Belknap,NDVI,4360.559389195271
2021-06-18T06:00:00Z,tribes_rocky-boys_Rocky Boy's,Rocky Boy's,EVI,3833.6400741434845
2021-06-18T06:00:00Z,tribes_rocky-boys_Rocky Boy's,Rocky Boy's,NDVI,5890.102882263169
2021-06-18T06:00:00Z,tribes_blackfeet_Blackfeet,Blackfeet,EVI,3462.6277162203523
2021-06-18T06:00:00Z,tribes_blackfeet_Blackfeet,Blackfeet,NDVI,5291.755353408674
2021-06-18T06:00:00Z,tribes_flathead_Flathead,Flathead,EVI,3683.0518728250063
2021-06-18T06:00:00Z,tribes_flathead_Flathead,Flathead,NDVI,6220.001617275306
2021-07-04T06:00:00Z,tribes_northern-cheyenne_Northern Cheyenne,Northern Cheyenne,EVI,2454.1121794682163
2021-07-04T06:00:00Z,tribes_northern-cheyenne_Northern Cheyenne,Northern Cheyenne,NDVI,4170.88465778231
2021-07-04T06:00:00Z,tribes_crow_Crow,Crow,EVI,2497.6404307299717
2021-07-04T06:00:00Z,tribes_crow_Crow,Crow,NDVI,4076.7535154066036
2021-07-04T06:00:00Z,tribes_fort-peck_Fort Peck,Fort Peck,EVI,2380.5061567835664
2021-07-04T06:00:00Z,tribes_fort-peck_Fort Peck,Fort Peck,NDVI,3691.5038866142786
2021-07-04T06:00:00Z,tribes_fort-belknap_Fort Belknap,Fort Belknap,EVI,2358.754294709079
2021-07-04T06:00:00Z,tribes_fort-belknap_Fort Belknap,Fort Belknap,NDVI,3523.9196356957423
2021-07-04T06:00:00Z,tribes_rocky-boys_Rocky Boy's,Rocky Boy's,EVI,3465.783353814127
2021-07-04T06:00:00Z,tribes_rocky-boys_Rocky Boy's,Rocky Boy's,NDVI,5333.029256078138
2021-07-04T06:00:00Z,tribes_blackfeet_Blackfeet,Blackfeet,EVI,3334.5992258504502
2021-07-04T06:00:00Z,tribes_blackfeet_Blackfeet,Blackfeet,NDVI,4763.254496140297
2021-07-04T06:00:00Z,tribes_flathead_Flathead,Flathead,EVI,3159.2501636917596
2021-07-04T06:00:00Z,tribes_flathead_Flathead,Flathead,NDVI,5687.796146213386
2021-07-20T06:00:00Z,tribes_northern-cheyenne_Northern Cheyenne,Northern Cheyenne,EVI,2012.561142288136
2021-07-20T06:00:00Z,tribes_northern-cheyenne_Northern Cheyenne,Northern Cheyenne,NDVI,3267.327738595612
2021-07-20T06:00:00Z,tribes_crow_Crow,Crow,EVI,1929.8901740753538
2021-07-20T06:00:00Z,tribes_crow_Crow,Crow,NDVI,2984.350973464059
2021-07-20T06:00:00Z,tribes_fort-peck_Fort Peck,Fort Peck,EVI,1919.577193202854
2021-07-20T06:00:00Z,tribes_fort-peck_Fort Peck,Fort Peck,NDVI,2838.345154761687
2021-07-20T06:00:00Z,tribes_fort-belknap_Fort Belknap,Fort Belknap,EVI,1856.551783366918
2021-07-20T06:00:00Z,tribes_fort-belknap_Fort Belknap,Fort Belknap,NDVI,2869.1418086520885
2021-07-20T06:00:00Z,tribes_rocky-boys_Rocky Boy's,Rocky Boy's,EVI,3409.8768675527426
2021-07-20T06:00:00Z,tribes_rocky-boys_Rocky Boy's,Rocky Boy's,NDVI,5366.839810872494
2021-07-20T06:00:00Z,tribes_blackfeet_Blackfeet,Blackfeet,EVI,2671.8329036035866
2021-07-20T06:00:00Z,tribes_blackfeet_Blackfeet,Blackfeet,NDVI,4027.104353140804
2021-07-20T06:00:00Z,tribes_flathead_Flathead,Flathead,EVI,2827.139585208829
2021-07-20T06:00:00Z,tribes_flathead_Flathead,Flathead,NDVI,5358.271318213083
2021-08-05T06:00:00Z,tribes_northern-cheyenne_Northern Cheyenne,Northern Cheyenne,EVI,2274.2219866622822
2021-08-05T06:00:00Z,tribes_northern-cheyenne_Northern Cheyenne,Northern Cheyenne,NDVI,3753.150353571118
2021-08-05T06:00:00Z,tribes_crow_Crow,Crow,EVI,2145.664026102038
2021-08-05T06:00:00Z,tribes_crow_Crow,Crow,NDVI,3334.656197427863
2021-08-05T06:00:00Z,tribes_fort-peck_Fort Peck,Fort Peck,EVI,1649.7667391847726
2021-08-05T06:00:00Z,tribes_fort-peck_Fort Peck,Fort Peck,NDVI,2721.7054623119006
2021-08-05T06:00:00Z,tribes_fort-belknap_Fort Belknap,Fort Belknap,EVI,1943.6383562402098
2021-08-05T06:00:00Z,tribes_fort-belknap_Fort Belknap,Fort Belknap,NDVI,2960.27813852054
2021-08-05T06:00:00Z,tribes_rocky-boys_Rocky Boy's,Rocky Boy's,EVI,2801.918466493156
2021-08-05T06:00:00Z,tribes_rocky-boys_Rocky Boy's,Rocky Boy's,NDVI,4359.731379851899
2021-08-05T06:00:00Z,tribes_blackfeet_Blackfeet,Blackfeet,EVI,2569.837493572111
2021-08-05T06:00:00Z,tribes_blackfeet_Blackfeet,Blackfeet,NDVI,3822.3035972672815
2021-08-05T06:00:00Z,tribes_flathead_Flathead,Flathead,EVI,2897.6163082800285
2021-08-05T06:00:00Z,tribes_flathead_Flathead,Flathead,NDVI,5081.992569085529
2021-08-21T06:00:00Z,tribes_northern-cheyenne_Northern Cheyenne,Northern Cheyenne,EVI,2085.4770678230802
2021-08-21T06:00:00Z,tribes_northern-cheyenne_Northern Cheyenne,Northern Cheyenne,NDVI,4376.404377372098
2021-08-21T06:00:00Z,tribes_crow_Crow,Crow,EVI,2271.2946695608107
2021-08-21T06:00:00Z,tribes_crow_Crow,Crow,NDVI,3736.4430799179027
2021-08-21T06:00:00Z,tribes_fort-peck_Fort Peck,Fort Peck,EVI,1562.8100448998428
2021-08-21T06:00:00Z,tribes_fort-peck_Fort Peck,Fort Peck,NDVI,2713.359002860062
2021-08-21T06:00:00Z,tribes_fort-belknap_Fort Belknap,Fort Belknap,EVI,1926.604645702168
2021-08-21T06:00:00Z,tribes_fort-belknap_Fort Belknap,Fort Belknap,NDVI,3505.454370423561
2021-08-21T06:00:00Z,tribes_rocky-boys_Rocky Boy's,Rocky Boy's,EVI,2590.402452648738
2021-08-21T06:00:00Z,tribes_rocky-boys_Rocky Boy's,Rocky Boy's,NDVI,4921.937727820027
2021-08-21T06:00:00Z,tribes_blackfeet_Blackfeet,Blackfeet,EVI,2379.710475135631
2021-08-21T06:00:00Z,tribes_blackfeet_Blackfeet,Blackfeet,NDVI,4037.3705779065986
2021-08-21T06:00:00Z,tribes_flathead_Flathead,Flathead,EVI,2646.1400093951634
2021-08-21T06:00:00Z,tribes_flathead_Flathead,Flathead,NDVI,5376.217593289067
2021-09-06T06:00:00Z,tribes_northern-cheyenne_Northern Cheyenne,Northern Cheyenne,EVI,1964.419790345253
2021-09-06T06:00:00Z,tribes_northern-cheyenne_Northern Cheyenne,Northern Cheyenne,NDVI,3785.405918016934
2021-09-06T06:00:00Z,tribes_crow_Crow,Crow,EVI,2174.1577873475203
2021-09-06T06:00:00Z,tribes_crow_Crow,Crow,NDVI,3570.1890502786673
2021-09-06T06:00:00Z,tribes_fort-peck_Fort Peck,Fort Peck,EVI,1568.8614574632988
2021-09-06T06:00:00Z,tribes_fort-peck_Fort Peck,Fort Peck,NDVI,2636.6466367507414
2021-09-06T06:00:00Z,tribes_fort-belknap_Fort Belknap,Fort Belknap,EVI,2200.480657876226
2021-09-06T06:00:00Z,tribes_fort-belknap_Fort Belknap,Fort Belknap,NDVI,3539.0707110269104
2021-09-06T06:00:00Z,tribes_rocky-boys_Rocky Boy's,Rocky Boy's,EVI,2361.210073437782
2021-09-06T06:00:00Z,tribes_rocky-boys_Rocky Boy's,Rocky Boy's,NDVI,4207.167242435626
2021-09-06T06:00:00Z,tribes_blackfeet_Blackfeet,Blackfeet,EVI,2287.7880694146384
2021-09-06T06:00:00Z,tribes_blackfeet_Blackfeet,Blackfeet,NDVI,3858.2404752412403
2021-09-06T06:00:00Z,tribes_flathead_Flathead,Flathead,EVI,2555.864407511111
2021-09-06T06:00:00Z,tribes_flathead_Flathead,Flathead,NDVI,5087.698933669351
2021-09-22T06:00:00Z,tribes_northern-cheyenne_Northern Cheyenne,Northern Cheyenne,EVI,1768.9569855266202
2021-09-22T06:00:00Z,tribes_northern-cheyenne_Northern Cheyenne,Northern Cheyenne,NDVI,3473.703321034134
2021-09-22T06:00:00Z,tribes_crow_Crow,Crow,EVI,1777.6902697453481
2021-09-22T06:00:00Z,tribes_crow_Crow,Crow,NDVI,3243.8736315035417
2021-09-22T06:00:00Z,tribes_fort-peck_Fort Peck,Fort Peck,EVI,1420.8540934510431
2021-09-22T06:00:00Z,tribes_fort-peck_Fort Peck,Fort Peck,NDVI,2397.661567601713
2021-09-22T06:00:00Z,tribes_fort-belknap_Fort Belknap,Fort Belknap,EVI,1743.3239248298307
2021-09-22T06:00:00Z,tribes_fort-belknap_Fort Belknap,Fort Belknap,NDVI,3146.329778821916
2021-09-22T06:00:00Z,tribes_rocky-boys_Rocky Boy's,Rocky Boy's,EVI,1894.8785353021065
2021-09-22T06:00:00Z,tribes_rocky-boys_Rocky Boy's,Rocky Boy's,NDVI,3608.6372012078687
2021-09-22T06:00:00Z,tribes_blackfeet_Blackfeet,Blackfeet,EVI,1915.5284833497112
2021-09-22T06:00:00Z,tribes_blackfeet_Blackfeet,Blackfeet,NDVI,3255.2952492249287
2021-09-22T06:00:00Z,tribes_flathead_Flathead,Flathead,EVI,2436.9551265322903
2021-09-22T06:00:00Z,tribes_flathead_Flathead,Flathead,NDVI,5283.492394434195
2021-10-08T06:00:00Z,tribes_northern-cheyenne_Northern Cheyenne,Northern Cheyenne,EVI,1724.5093604743524
2021-10-08T06:00:00Z,tribes_northern-cheyenne_Northern Cheyenne,Northern Cheyenne,NDVI,3492.3278633240398
2021-10-08T06:00:00Z,tribes_crow_Crow,Crow,EVI,1640.8123463113272
2021-10-08T06:00:00Z,tribes_crow_Crow,Crow,NDVI,3101.7343932479416
2021-10-08T06:00:00Z,tribes_fort-peck_Fort Peck,Fort Peck,EVI,1303.5884324024034
2021-10-08T06:00:00Z,tribes_fort-peck_Fort Peck,Fort Peck,NDVI,2405.4444483670864
2021-10-08T06:00:00Z,tribes_fort-belknap_Fort Belknap,Fort Belknap,EVI,1669.5033490895175
2021-10-08T06:00:00Z,tribes_fort-belknap_Fort Belknap,Fort Belknap,NDVI,2918.057361585142
2021-10-08T06:00:00Z,tribes_rocky-boys_Rocky Boy's,Rocky Boy's,EVI,1713.5311592200856
2021-10-08T06:00:00Z,tribes_rocky-boys_Rocky Boy's,Rocky Boy's,NDVI,3285.4631707346384
2021-10-08T06:00:00Z,tribes_blackfeet_Blackfeet,Blackfeet,EVI,1719.1782886713772
2021-10-08T06:00:00Z,tribes_blackfeet_Blackfeet,Blackfeet,NDVI,2800.1719781614984
2021-10-08T06:00:00Z,tribes_flathead_Flathead,Flathead,EVI,2327.068708731619
2021-10-08T06:00:00Z,tribes_flathead_Flathead,Flathead,NDVI,4868.609874420871
2021-10-24T06:00:00Z,tribes_northern-cheyenne_Northern Cheyenne,Northern Cheyenne,EVI,1729.8542731491323
2021-10-24T06:00:00Z,tribes_northern-cheyenne_Northern Cheyenne,Northern Cheyenne,NDVI,3787.8023627869024
2021-10-24T06:00:00Z,tribes_crow_Crow,Crow,EVI,1729.1910305595754
2021-10-24T06:00:00Z,tribes_crow_Crow,Crow,NDVI,3411.3885817398364
2021-10-24T06:00:00Z,tribes_fort-peck_Fort Peck,Fort Peck,EVI,1274.6706736492238
2021-10-24T06:00:00Z,tribes_fort-peck_Fort Peck,Fort Peck,NDVI,2287.163190311317
2021-10-24T06:00:00Z,tribes_fort-belknap_Fort Belknap,Fort Belknap,EVI,1543.5360188745165
2021-10-24T06:00:00Z,tribes_fort-belknap_Fort Belknap,Fort Belknap,NDVI,2922.574473857871
2021-10-24T06:00:00Z,tribes_rocky-boys_Rocky Boy's,Rocky Boy's,EVI,1606.3446758830253
2021-10-24T06:00:00Z,tribes_rocky-boys_Rocky Boy's,Rocky Boy's,NDVI,3359.3838200474706
2021-10-24T06:00:00Z,tribes_blackfeet_Blackfeet,Blackfeet,EVI,1575.2234284486753
2021-10-24T06:00:00Z,tribes_blackfeet_Blackfeet,Blackfeet,NDVI,2649.652137762774
2021-10-24T06:00:00Z,tribes_flathead_Flathead,Flathead,EVI,2058.4398045939943
2021-10-24T06:00:00Z,tribes_flathead_Flathead,Flathead,NDVI,4676.553903367676
2021-11-09T07:00:00Z,tribes_northern-cheyenne_Northern Cheyenne,Northern Cheyenne,EVI,1716.0556581239757
2021-11-09T07:00:00Z,tribes_northern-cheyenne_Northern Cheyenne,Northern Cheyenne,NDVI,3605.7019290488142
2021-11-09T07:00:00Z,tribes_crow_Crow,Crow,EVI,1807.3137553537554
2021-11-09T07:00:00Z,tribes_crow_Crow,Crow,NDVI,3161.3503351005393
2021-11-09T07:00:00Z,tribes_fort-peck_Fort Peck,Fort Peck,EVI,1197.3994044266587
2021-11-09T07:00:00Z,tribes_fort-peck_Fort Peck,Fort Peck,NDVI,2067.765850019949
2021-11-09T07:00:00Z,tribes_fort-belknap_Fort Belknap,Fort Belknap,EVI,1552.1457364048972
2021-11-09T07:00:00Z,tribes_fort-belknap_Fort Belknap,Fort Belknap,NDVI,2654.9436023604544
2021-11-09T07:00:00Z,tribes_rocky-boys_Rocky Boy's,Rocky Boy's,EVI,1570.4760062311186
2021-11-09T07:00:00Z,tribes_rocky-boys_Rocky Boy's,Rocky Boy's,NDVI,3016.0812769944887
2021-11-09T07:00:00Z,tribes_blackfeet_Blackfeet,Blackfeet,EVI,1480.8756116219206
2021-11-09T07:00:00Z,tribes_blackfeet_Blackfeet,Blackfeet,NDVI,2307.196860397637
2021-11-09T07:00:00Z,tribes_flathead_Flathead,Flathead,EVI,2114.9033561534075
2021-11-09T07:00:00Z,tribes_flathead_Flathead,Flathead,NDVI,4157.494102342254
2021-11-25T07:00:00Z,tribes_northern-cheyenne_Northern Cheyenne,Northern Cheyenne,EVI,1857.712191827872
2021-11-25T07:00:00Z,tribes_northern-cheyenne_Northern Cheyenne,Northern Cheyenne,NDVI,3713.3020775909135
2021-11-25T07:00:00Z,tribes_crow_Crow,Crow,EVI,1569.5078298105616
2021-11-25T07:00:00Z,tribes_crow_Crow,Crow,NDVI,3125.2978275453975
2021-11-25T07:00:00Z,tribes_fort-peck_Fort Peck,Fort Peck,EVI,1153.2258079777432
2021-11-25T07:00:00Z,tribes_fort-peck_Fort Peck,Fort Peck,NDVI,1983.7519968102376
2021-11-25T07:00:00Z,tribes_fort-belknap_Fort Belknap,Fort Belknap,EVI,1209.2103632024518
2021-11-25T07:00:00Z,tribes_fort-belknap_Fort Belknap,Fort Belknap,NDVI,2342.893948824563
2021-11-25T07:00:00Z,tribes_rocky-boys_Rocky Boy's,Rocky Boy's,EVI,1373.5675292820206
2021-11-25T07:00:00Z,tribes_rocky-boys_Rocky Boy's,Rocky Boy's,NDVI,2217.8820979512943
2021-11-25T07:00:00Z,tribes_blackfeet_Blackfeet,Blackfeet,EVI,1462.5008512917566
2021-11-25T07:00:00Z,tribes_blackfeet_Blackfeet,Blackfeet,NDVI,2409.6114680967253
2021-11-25T07:00:00Z,tribes_flathead_Flathead,Flathead,EVI,1868.7306622167453
2021-11-25T07:00:00Z,tribes_flathead_Flathead,Flathead,NDVI,3618.420774174629
2021-12-11T07:00:00Z,tribes_northern-cheyenne_Northern Cheyenne,Northern Cheyenne,EVI,1684.166573062809
2021-12-11T07:00:00Z,tribes_northern-cheyenne_Northern Cheyenne,Northern Cheyenne,NDVI,3323.572987014635
2021-12-11T07:00:00Z,tribes_crow_Crow,Crow,EVI,1439.4283865196423
2021-12-11T07:00:00Z,tribes_crow_Crow,Crow,NDVI,2584.126474385793
2021-12-11T07:00:00Z,tribes_fort-peck_Fort Peck,Fort Peck,EVI,NA
2021-12-11T07:00:00Z,tribes_fort-peck_Fort Peck,Fort Peck,NDVI,NA
2021-12-11T07:00:00Z,tribes_fort-belknap_Fort Belknap,Fort Belknap,EVI,NA
2021-12-11T07:00:00Z,tribes_fort-belknap_Fort Belknap,Fort Belknap,NDVI,NA
2021-12-11T07:00:00Z,tribes_rocky-boys_Rocky Boy's,Rocky Boy's,EVI,NA
2021-12-11T07:00:00Z,tribes_rocky-boys_Rocky Boy's,Rocky Boy's,NDVI,NA
2021-12-11T07:00:00Z,tribes_blackfeet_Blackfeet,Blackfeet,EVI,1144.570522289377
2021-12-11T07:00:00Z,tribes_blackfeet_Blackfeet,Blackfeet,NDVI,1980.6157690236248
2021-12-11T07:00:00Z,tribes_flathead_Flathead,Flathead,EVI,2022.7576731581269
2021-12-11T07:00:00Z,tribes_flathead_Flathead,Flathead,NDVI,3989.710877922733
2021-12-27T07:00:00Z,tribes_northern-cheyenne_Northern Cheyenne,Northern Cheyenne,EVI,NA
2021-12-27T07:00:00Z,tribes_northern-cheyenne_Northern Cheyenne,Northern Cheyenne,NDVI,NA
2021-12-27T07:00:00Z,tribes_crow_Crow,Crow,EVI,1621.0824715675928
2021-12-27T07:00:00Z,tribes_crow_Crow,Crow,NDVI,2716.405510610857
2021-12-27T07:00:00Z,tribes_fort-peck_Fort Peck,Fort Peck,EVI,NA
2021-12-27T07:00:00Z,tribes_fort-peck_Fort Peck,Fort Peck,NDVI,NA
2021-12-27T07:00:00Z,tribes_fort-belknap_Fort Belknap,Fort Belknap,EVI,NA
2021-12-27T07:00:00Z,tribes_fort-belknap_Fort Belknap,Fort Belknap,NDVI,NA
2021-12-27T07:00:00Z,tribes_rocky-boys_Rocky Boy's,Rocky Boy's,EVI,NA
2021-12-27T07:00:00Z,tribes_rocky-boys_Rocky Boy's,Rocky Boy's,NDVI,NA
2021-12-27T07:00:00Z,tribes_blackfeet_Blackfeet,Blackfeet,EVI,NA
2021-12-27T07:00:00Z,tribes_blackfeet_Blackfeet,Blackfeet,NDVI,NA
2021-12-27T07:00:00Z,tribes_flathead_Flathead,Flathead,EVI,NA
2021-12-27T07:00:00Z,tribes_flathead_Flathead,Flathead,NDVI,NA
2022-01-09T07:00:00Z,tribes_northern-cheyenne_Northern Cheyenne,Northern Cheyenne,EVI,1236.803724964498
2022-01-09T07:00:00Z,tribes_northern-cheyenne_Northern Cheyenne,Northern Cheyenne,NDVI,2607.8047649497616
2022-01-09T07:00:00Z,tribes_crow_Crow,Crow,EVI,1240.9460484865851
2022-01-09T07:00:00Z,tribes_crow_Crow,Crow,NDVI,2364.1381164247828
2022-01-09T07:00:00Z,tribes_fort-peck_Fort Peck,Fort Peck,EVI,NA
2022-01-09T07:00:00Z,tribes_fort-peck_Fort Peck,Fort Peck,NDVI,NA
2022-01-09T07:00:00Z,tribes_fort-belknap_Fort Belknap,Fort Belknap,EVI,1221.5598336978655
2022-01-09T07:00:00Z,tribes_fort-belknap_Fort Belknap,Fort Belknap,NDVI,2175.1995171173326
2022-01-09T07:00:00Z,tribes_rocky-boys_Rocky Boy's,Rocky Boy's,EVI,1142.5832715858073
2022-01-09T07:00:00Z,tribes_rocky-boys_Rocky Boy's,Rocky Boy's,NDVI,1933.1761039558182
2022-01-09T07:00:00Z,tribes_blackfeet_Blackfeet,Blackfeet,EVI,1161.1015470306772
2022-01-09T07:00:00Z,tribes_blackfeet_Blackfeet,Blackfeet,NDVI,1869.7237924733267
2022-01-09T07:00:00Z,tribes_flathead_Flathead,Flathead,EVI,1292.8174465629065
2022-01-09T07:00:00Z,tribes_flathead_Flathead,Flathead,NDVI,3297.511714615693
2022-01-25T07:00:00Z,tribes_northern-cheyenne_Northern Cheyenne,Northern Cheyenne,EVI,1335.7170688644953
2022-01-25T07:00:00Z,tribes_northern-cheyenne_Northern Cheyenne,Northern Cheyenne,NDVI,2656.324782813532
2022-01-25T07:00:00Z,tribes_crow_Crow,Crow,EVI,1278.282014366687
2022-01-25T07:00:00Z,tribes_crow_Crow,Crow,NDVI,2434.0038197578274
2022-01-25T07:00:00Z,tribes_fort-peck_Fort Peck,Fort Peck,EVI,1083.087231984031
2022-01-25T07:00:00Z,tribes_fort-peck_Fort Peck,Fort Peck,NDVI,1961.2250747326527
2022-01-25T07:00:00Z,tribes_fort-belknap_Fort Belknap,Fort Belknap,EVI,1208.2106153476827
2022-01-25T07:00:00Z,tribes_fort-belknap_Fort Belknap,Fort Belknap,NDVI,2060.7897683056085
2022-01-25T07:00:00Z,tribes_rocky-boys_Rocky Boy's,Rocky Boy's,EVI,1126.4445386996988
2022-01-25T07:00:00Z,tribes_rocky-boys_Rocky Boy's,Rocky Boy's,NDVI,1937.1065772302475
2022-01-25T07:00:00Z,tribes_blackfeet_Blackfeet,Blackfeet,EVI,1148.7448395066192
2022-01-25T07:00:00Z,tribes_blackfeet_Blackfeet,Blackfeet,NDVI,1882.6113789016663
2022-01-25T07:00:00Z,tribes_flathead_Flathead,Flathead,EVI,1574.4885303639169
2022-01-25T07:00:00Z,tribes_flathead_Flathead,Flathead,NDVI,3159.475819425227
2022-02-10T07:00:00Z,tribes_northern-cheyenne_Northern Cheyenne,Northern Cheyenne,EVI,1591.7004381775735
2022-02-10T07:00:00Z,tribes_northern-cheyenne_Northern Cheyenne,Northern Cheyenne,NDVI,2946.113149978604
2022-02-10T07:00:00Z,tribes_crow_Crow,Crow,EVI,1389.0750311300035
2022-02-10T07:00:00Z,tribes_crow_Crow,Crow,NDVI,2378.643438504852
2022-02-10T07:00:00Z,tribes_fort-peck_Fort Peck,Fort Peck,EVI,934.3846717414809
2022-02-10T07:00:00Z,tribes_fort-peck_Fort Peck,Fort Peck,NDVI,1722.0809020276088
2022-02-10T07:00:00Z,tribes_fort-belknap_Fort Belknap,Fort Belknap,EVI,1327.3990809496293
2022-02-10T07:00:00Z,tribes_fort-belknap_Fort Belknap,Fort Belknap,NDVI,2098.605216488162
2022-02-10T07:00:00Z,tribes_rocky-boys_Rocky Boy's,Rocky Boy's,EVI,1189.6502693268224
2022-02-10T07:00:00Z,tribes_rocky-boys_Rocky Boy's,Rocky Boy's,NDVI,2063.310561339118
2022-02-10T07:00:00Z,tribes_blackfeet_Blackfeet,Blackfeet,EVI,1263.8329113134905
2022-02-10T07:00:00Z,tribes_blackfeet_Blackfeet,Blackfeet,NDVI,1887.8980257941741
2022-02-10T07:00:00Z,tribes_flathead_Flathead,Flathead,EVI,1692.369956538122
2022-02-10T07:00:00Z,tribes_flathead_Flathead,Flathead,NDVI,3312.8983150074196
2022-02-26T07:00:00Z,tribes_northern-cheyenne_Northern Cheyenne,Northern Cheyenne,EVI,1721.9186491277171
2022-02-26T07:00:00Z,tribes_northern-cheyenne_Northern Cheyenne,Northern Cheyenne,NDVI,2847.4707528687377
2022-02-26T07:00:00Z,tribes_crow_Crow,Crow,EVI,1400.5795064161275
2022-02-26T07:00:00Z,tribes_crow_Crow,Crow,NDVI,2261.7822767579087
2022-02-26T07:00:00Z,tribes_fort-peck_Fort Peck,Fort Peck,EVI,984.8705004444583
2022-02-26T07:00:00Z,tribes_fort-peck_Fort Peck,Fort Peck,NDVI,1752.7033900128138
2022-02-26T07:00:00Z,tribes_fort-belknap_Fort Belknap,Fort Belknap,EVI,1209.657363610708
2022-02-26T07:00:00Z,tribes_fort-belknap_Fort Belknap,Fort Belknap,NDVI,1988.6240224846597
2022-02-26T07:00:00Z,tribes_rocky-boys_Rocky Boy's,Rocky Boy's,EVI,NA
2022-02-26T07:00:00Z,tribes_rocky-boys_Rocky Boy's,Rocky Boy's,NDVI,NA
2022-02-26T07:00:00Z,tribes_blackfeet_Blackfeet,Blackfeet,EVI,1142.1911311279885
2022-02-26T07:00:00Z,tribes_blackfeet_Blackfeet,Blackfeet,NDVI,1896.592817525699
2022-02-26T07:00:00Z,tribes_flathead_Flathead,Flathead,EVI,1887.536709808786
2022-02-26T07:00:00Z,tribes_flathead_Flathead,Flathead,NDVI,3571.2803999812763
2022-03-14T06:00:00Z,tribes_northern-cheyenne_Northern Cheyenne,Northern Cheyenne,EVI,1679.0266787992953
2022-03-14T06:00:00Z,tribes_northern-cheyenne_Northern Cheyenne,Northern Cheyenne,NDVI,3384.3259901769993
2022-03-14T06:00:00Z,tribes_crow_Crow,Crow,EVI,1540.7498298022758
2022-03-14T06:00:00Z,tribes_crow_Crow,Crow,NDVI,2815.4293161639266
2022-03-14T06:00:00Z,tribes_fort-peck_Fort Peck,Fort Peck,EVI,1033.6839990320118
2022-03-14T06:00:00Z,tribes_fort-peck_Fort Peck,Fort Peck,NDVI,1968.6301490395801
2022-03-14T06:00:00Z,tribes_fort-belknap_Fort Belknap,Fort Belknap,EVI,1211.044632294246
2022-03-14T06:00:00Z,tribes_fort-belknap_Fort Belknap,Fort Belknap,NDVI,2369.96789530837
2022-03-14T06:00:00Z,tribes_rocky-boys_Rocky Boy's,Rocky Boy's,EVI,1274.1258941925857
2022-03-14T06:00:00Z,tribes_rocky-boys_Rocky Boy's,Rocky Boy's,NDVI,2475.1592170641024
2022-03-14T06:00:00Z,tribes_blackfeet_Blackfeet,Blackfeet,EVI,1209.0017928982033
2022-03-14T06:00:00Z,tribes_blackfeet_Blackfeet,Blackfeet,NDVI,2037.9478235072177
2022-03-14T06:00:00Z,tribes_flathead_Flathead,Flathead,EVI,1997.6069167968228
2022-03-14T06:00:00Z,tribes_flathead_Flathead,Flathead,NDVI,4015.113733540834
2022-03-30T06:00:00Z,tribes_northern-cheyenne_Northern Cheyenne,Northern Cheyenne,EVI,2182.8848791130704
2022-03-30T06:00:00Z,tribes_northern-cheyenne_Northern Cheyenne,Northern Cheyenne,NDVI,3520.4594376738287
2022-03-30T06:00:00Z,tribes_crow_Crow,Crow,EVI,1994.890498875166
2022-03-30T06:00:00Z,tribes_crow_Crow,Crow,NDVI,3026.5202689275275
2022-03-30T06:00:00Z,tribes_fort-peck_Fort Peck,Fort Peck,EVI,1046.1750614651746
2022-03-30T06:00:00Z,tribes_fort-peck_Fort Peck,Fort Peck,NDVI,1992.1649095549617
2022-03-30T06:00:00Z,tribes_fort-belknap_Fort Belknap,Fort Belknap,EVI,1516.3338034618957
2022-03-30T06:00:00Z,tribes_fort-belknap_Fort Belknap,Fort Belknap,NDVI,2125.0638142725734
2022-03-30T06:00:00Z,tribes_rocky-boys_Rocky Boy's,Rocky Boy's,EVI,1710.4292759588511
2022-03-30T06:00:00Z,tribes_rocky-boys_Rocky Boy's,Rocky Boy's,NDVI,2795.706925888502
2022-03-30T06:00:00Z,tribes_blackfeet_Blackfeet,Blackfeet,EVI,1391.1502421937003
2022-03-30T06:00:00Z,tribes_blackfeet_Blackfeet,Blackfeet,NDVI,1987.885662680277
2022-03-30T06:00:00Z,tribes_flathead_Flathead,Flathead,EVI,NA
2022-03-30T06:00:00Z,tribes_flathead_Flathead,Flathead,NDVI,NA
2022-04-15T06:00:00Z,tribes_northern-cheyenne_Northern Cheyenne,Northern Cheyenne,EVI,1942.563238413386
2022-04-15T06:00:00Z,tribes_northern-cheyenne_Northern Cheyenne,Northern Cheyenne,NDVI,3102.469846599081
2022-04-15T06:00:00Z,tribes_crow_Crow,Crow,EVI,2225.279975868617
2022-04-15T06:00:00Z,tribes_crow_Crow,Crow,NDVI,3859.501466653472
2022-04-15T06:00:00Z,tribes_fort-peck_Fort Peck,Fort Peck,EVI,1121.060335270473
2022-04-15T06:00:00Z,tribes_fort-peck_Fort Peck,Fort Peck,NDVI,1998.2054729873205
2022-04-15T06:00:00Z,tribes_fort-belknap_Fort Belknap,Fort Belknap,EVI,1557.067838735327
2022-04-15T06:00:00Z,tribes_fort-belknap_Fort Belknap,Fort Belknap,NDVI,2366.7418632344516
2022-04-15T06:00:00Z,tribes_rocky-boys_Rocky Boy's,Rocky Boy's,EVI,1392.118563837484
2022-04-15T06:00:00Z,tribes_rocky-boys_Rocky Boy's,Rocky Boy's,NDVI,2468.5054673201175
2022-04-15T06:00:00Z,tribes_blackfeet_Blackfeet,Blackfeet,EVI,1409.89215313075
2022-04-15T06:00:00Z,tribes_blackfeet_Blackfeet,Blackfeet,NDVI,2256.5024672681425
2022-04-15T06:00:00Z,tribes_flathead_Flathead,Flathead,EVI,2733.2390908012626
2022-04-15T06:00:00Z,tribes_flathead_Flathead,Flathead,NDVI,4624.554611058476
2022-05-01T06:00:00Z,tribes_northern-cheyenne_Northern Cheyenne,Northern Cheyenne,EVI,2556.9192253008755
2022-05-01T06:00:00Z,tribes_northern-cheyenne_Northern Cheyenne,Northern Cheyenne,NDVI,4247.971417843231
2022-05-01T06:00:00Z,tribes_crow_Crow,Crow,EVI,2962.568598765284
2022-05-01T06:00:00Z,tribes_crow_Crow,Crow,NDVI,4463.613683243133
2022-05-01T06:00:00Z,tribes_fort-peck_Fort Peck,Fort Peck,EVI,1363.120416793522
2022-05-01T06:00:00Z,tribes_fort-peck_Fort Peck,Fort Peck,NDVI,2368.1198578534336
2022-05-01T06:00:00Z,tribes_fort-belknap_Fort Belknap,Fort Belknap,EVI,1921.472068769007
2022-05-01T06:00:00Z,tribes_fort-belknap_Fort Belknap,Fort Belknap,NDVI,3168.27363993995
2022-05-01T06:00:00Z,tribes_rocky-boys_Rocky Boy's,Rocky Boy's,EVI,2061.0344796949807
2022-05-01T06:00:00Z,tribes_rocky-boys_Rocky Boy's,Rocky Boy's,NDVI,3804.9893338639095
2022-05-01T06:00:00Z,tribes_blackfeet_Blackfeet,Blackfeet,EVI,1920.0943649927426
2022-05-01T06:00:00Z,tribes_blackfeet_Blackfeet,Blackfeet,NDVI,2885.2350394944174
2022-05-01T06:00:00Z,tribes_flathead_Flathead,Flathead,EVI,3391.192898134919
2022-05-01T06:00:00Z,tribes_flathead_Flathead,Flathead,NDVI,5684.014954409201
2022-05-17T06:00:00Z,tribes_northern-cheyenne_Northern Cheyenne,Northern Cheyenne,EVI,3327.711932507895
2022-05-17T06:00:00Z,tribes_northern-cheyenne_Northern Cheyenne,Northern Cheyenne,NDVI,5238.70291969346
2022-05-17T06:00:00Z,tribes_crow_Crow,Crow,EVI,3536.5012786205907
2022-05-17T06:00:00Z,tribes_crow_Crow,Crow,NDVI,5460.413982848205
2022-05-17T06:00:00Z,tribes_fort-peck_Fort Peck,Fort Peck,EVI,2054.938289329913
2022-05-17T06:00:00Z,tribes_fort-peck_Fort Peck,Fort Peck,NDVI,3322.388788829559
2022-05-17T06:00:00Z,tribes_fort-belknap_Fort Belknap,Fort Belknap,EVI,2062.1161277663323
2022-05-17T06:00:00Z,tribes_fort-belknap_Fort Belknap,Fort Belknap,NDVI,3401.2799122822507
2022-05-17T06:00:00Z,tribes_rocky-boys_Rocky Boy's,Rocky Boy's,EVI,3085.6442825161253
2022-05-17T06:00:00Z,tribes_rocky-boys_Rocky Boy's,Rocky Boy's,NDVI,4935.941996431931
2022-05-17T06:00:00Z,tribes_blackfeet_Blackfeet,Blackfeet,EVI,2355.1817531068377
2022-05-17T06:00:00Z,tribes_blackfeet_Blackfeet,Blackfeet,NDVI,3581.5870743132714
2022-05-17T06:00:00Z,tribes_flathead_Flathead,Flathead,EVI,3499.956337661705
2022-05-17T06:00:00Z,tribes_flathead_Flathead,Flathead,NDVI,6421.865841537111
2022-06-02T06:00:00Z,tribes_northern-cheyenne_Northern Cheyenne,Northern Cheyenne,EVI,3721.92506954371
2022-06-02T06:00:00Z,tribes_northern-cheyenne_Northern Cheyenne,Northern Cheyenne,NDVI,6107.325331460459
2022-06-02T06:00:00Z,tribes_crow_Crow,Crow,EVI,4026.307213406656
2022-06-02T06:00:00Z,tribes_crow_Crow,Crow,NDVI,6221.3057533520805
2022-06-02T06:00:00Z,tribes_fort-peck_Fort Peck,Fort Peck,EVI,2849.140475868234
2022-06-02T06:00:00Z,tribes_fort-peck_Fort Peck,Fort Peck,NDVI,4554.8513214675095
2022-06-02T06:00:00Z,tribes_fort-belknap_Fort Belknap,Fort Belknap,EVI,2677.4457278474842
2022-06-02T06:00:00Z,tribes_fort-belknap_Fort Belknap,Fort Belknap,NDVI,3887.714292353424
2022-06-02T06:00:00Z,tribes_rocky-boys_Rocky Boy's,Rocky Boy's,EVI,3273.001033901373
2022-06-02T06:00:00Z,tribes_rocky-boys_Rocky Boy's,Rocky Boy's,NDVI,4795.813990074548
2022-06-02T06:00:00Z,tribes_blackfeet_Blackfeet,Blackfeet,EVI,2642.244826269604
2022-06-02T06:00:00Z,tribes_blackfeet_Blackfeet,Blackfeet,NDVI,4266.206882053306
2022-06-02T06:00:00Z,tribes_flathead_Flathead,Flathead,EVI,3676.0074631694915
2022-06-02T06:00:00Z,tribes_flathead_Flathead,Flathead,NDVI,6371.385208620167
2022-06-18T06:00:00Z,tribes_northern-cheyenne_Northern Cheyenne,Northern Cheyenne,EVI,3768.3575276454417
2022-06-18T06:00:00Z,tribes_northern-cheyenne_Northern Cheyenne,Northern Cheyenne,NDVI,5935.488300102449
2022-06-18T06:00:00Z,tribes_crow_Crow,Crow,EVI,3946.477051075228
2022-06-18T06:00:00Z,tribes_crow_Crow,Crow,NDVI,6090.501814899921
2022-06-18T06:00:00Z,tribes_fort-peck_Fort Peck,Fort Peck,EVI,3532.2832648946032
2022-06-18T06:00:00Z,tribes_fort-peck_Fort Peck,Fort Peck,NDVI,5492.855225899621
2022-06-18T06:00:00Z,tribes_fort-belknap_Fort Belknap,Fort Belknap,EVI,2893.9576645910884
2022-06-18T06:00:00Z,tribes_fort-belknap_Fort Belknap,Fort Belknap,NDVI,4626.305176637302
2022-06-18T06:00:00Z,tribes_rocky-boys_Rocky Boy's,Rocky Boy's,EVI,3617.1616511436073
2022-06-18T06:00:00Z,tribes_rocky-boys_Rocky Boy's,Rocky Boy's,NDVI,5725.920882651563
2022-06-18T06:00:00Z,tribes_blackfeet_Blackfeet,Blackfeet,EVI,3297.217422633332
2022-06-18T06:00:00Z,tribes_blackfeet_Blackfeet,Blackfeet,NDVI,4889.784546847097
2022-06-18T06:00:00Z,tribes_flathead_Flathead,Flathead,EVI,3433.9134455868957
2022-06-18T06:00:00Z,tribes_flathead_Flathead,Flathead,NDVI,6012.200112906626
2022-07-04T06:00:00Z,tribes_northern-cheyenne_Northern Cheyenne,Northern Cheyenne,EVI,3309.98194710476
2022-07-04T06:00:00Z,tribes_northern-cheyenne_Northern Cheyenne,Northern Cheyenne,NDVI,5526.863203994433
2022-07-04T06:00:00Z,tribes_crow_Crow,Crow,EVI,3452.4154617826366
2022-07-04T06:00:00Z,tribes_crow_Crow,Crow,NDVI,5527.728050480614
2022-07-04T06:00:00Z,tribes_fort-peck_Fort Peck,Fort Peck,EVI,3312.2926482958505
2022-07-04T06:00:00Z,tribes_fort-peck_Fort Peck,Fort Peck,NDVI,5425.26907271359
2022-07-04T06:00:00Z,tribes_fort-belknap_Fort Belknap,Fort Belknap,EVI,2609.6503001189894
2022-07-04T06:00:00Z,tribes_fort-belknap_Fort Belknap,Fort Belknap,NDVI,4504.3951920166855
2022-07-04T06:00:00Z,tribes_rocky-boys_Rocky Boy's,Rocky Boy's,EVI,3621.698015429058
2022-07-04T06:00:00Z,tribes_rocky-boys_Rocky Boy's,Rocky Boy's,NDVI,5990.180612002443
2022-07-04T06:00:00Z,tribes_blackfeet_Blackfeet,Blackfeet,EVI,3797.0559079700674
2022-07-04T06:00:00Z,tribes_blackfeet_Blackfeet,Blackfeet,NDVI,5745.398484396493
2022-07-04T06:00:00Z,tribes_flathead_Flathead,Flathead,EVI,3265.5526071098675
2022-07-04T06:00:00Z,tribes_flathead_Flathead,Flathead,NDVI,5797.09282858803
2022-07-20T06:00:00Z,tribes_northern-cheyenne_Northern Cheyenne,Northern Cheyenne,EVI,3052.056692598112
2022-07-20T06:00:00Z,tribes_northern-cheyenne_Northern Cheyenne,Northern Cheyenne,NDVI,4836.106648329905
2022-07-20T06:00:00Z,tribes_crow_Crow,Crow,EVI,2929.3876551935377
2022-07-20T06:00:00Z,tribes_crow_Crow,Crow,NDVI,4536.155752464709
2022-07-20T06:00:00Z,tribes_fort-peck_Fort Peck,Fort Peck,EVI,2675.5406969316646
2022-07-20T06:00:00Z,tribes_fort-peck_Fort Peck,Fort Peck,NDVI,4276.960486868761
2022-07-20T06:00:00Z,tribes_fort-belknap_Fort Belknap,Fort Belknap,EVI,2292.596480206527
2022-07-20T06:00:00Z,tribes_fort-belknap_Fort Belknap,Fort Belknap,NDVI,3910.178861466967
2022-07-20T06:00:00Z,tribes_rocky-boys_Rocky Boy's,Rocky Boy's,EVI,3501.9766318018387
2022-07-20T06:00:00Z,tribes_rocky-boys_Rocky Boy's,Rocky Boy's,NDVI,5483.082088261277
2022-07-20T06:00:00Z,tribes_blackfeet_Blackfeet,Blackfeet,EVI,3526.3472351115656
2022-07-20T06:00:00Z,tribes_blackfeet_Blackfeet,Blackfeet,NDVI,5408.85909543446
2022-07-20T06:00:00Z,tribes_flathead_Flathead,Flathead,EVI,2998.0532918648105
2022-07-20T06:00:00Z,tribes_flathead_Flathead,Flathead,NDVI,5361.471217976578
2022-08-05T06:00:00Z,tribes_northern-cheyenne_Northern Cheyenne,Northern Cheyenne,EVI,2587.321923162901
2022-08-05T06:00:00Z,tribes_northern-cheyenne_Northern Cheyenne,Northern Cheyenne,NDVI,4735.332408637965
2022-08-05T06:00:00Z,tribes_crow_Crow,Crow,EVI,2517.4667512246824
2022-08-05T06:00:00Z,tribes_crow_Crow,Crow,NDVI,4266.412375173726
2022-08-05T06:00:00Z,tribes_fort-peck_Fort Peck,Fort Peck,EVI,1923.1170938693292
2022-08-05T06:00:00Z,tribes_fort-peck_Fort Peck,Fort Peck,NDVI,3072.354052110529
2022-08-05T06:00:00Z,tribes_fort-belknap_Fort Belknap,Fort Belknap,EVI,2015.4026396397305
2022-08-05T06:00:00Z,tribes_fort-belknap_Fort Belknap,Fort Belknap,NDVI,3361.0844766321793
2022-08-05T06:00:00Z,tribes_rocky-boys_Rocky Boy's,Rocky Boy's,EVI,2914.095984912785
2022-08-05T06:00:00Z,tribes_rocky-boys_Rocky Boy's,Rocky Boy's,NDVI,4790.679931772339
2022-08-05T06:00:00Z,tribes_blackfeet_Blackfeet,Blackfeet,EVI,2839.3596782126606
2022-08-05T06:00:00Z,tribes_blackfeet_Blackfeet,Blackfeet,NDVI,4596.488800459863
2022-08-05T06:00:00Z,tribes_flathead_Flathead,Flathead,EVI,2640.886541080119
2022-08-05T06:00:00Z,tribes_flathead_Flathead,Flathead,NDVI,5074.187916619535
2022-08-21T06:00:00Z,tribes_northern-cheyenne_Northern Cheyenne,Northern Cheyenne,EVI,2519.336390330876
2022-08-21T06:00:00Z,tribes_northern-cheyenne_Northern Cheyenne,Northern Cheyenne,NDVI,4317.343198069347
2022-08-21T06:00:00Z,tribes_crow_Crow,Crow,EVI,2345.902045438412
2022-08-21T06:00:00Z,tribes_crow_Crow,Crow,NDVI,3850.6747904981617
2022-08-21T06:00:00Z,tribes_fort-peck_Fort Peck,Fort Peck,EVI,1660.080036429169
2022-08-21T06:00:00Z,tribes_fort-peck_Fort Peck,Fort Peck,NDVI,2676.6862785891963
2022-08-21T06:00:00Z,tribes_fort-belknap_Fort Belknap,Fort Belknap,EVI,1882.9532599670933
2022-08-21T06:00:00Z,tribes_fort-belknap_Fort Belknap,Fort Belknap,NDVI,3085.8480892456623
2022-08-21T06:00:00Z,tribes_rocky-boys_Rocky Boy's,Rocky Boy's,EVI,2631.37967357233
2022-08-21T06:00:00Z,tribes_rocky-boys_Rocky Boy's,Rocky Boy's,NDVI,4473.688019542006
2022-08-21T06:00:00Z,tribes_blackfeet_Blackfeet,Blackfeet,EVI,2466.740867176981
2022-08-21T06:00:00Z,tribes_blackfeet_Blackfeet,Blackfeet,NDVI,4107.748381458798
2022-08-21T06:00:00Z,tribes_flathead_Flathead,Flathead,EVI,2551.5850783310007
2022-08-21T06:00:00Z,tribes_flathead_Flathead,Flathead,NDVI,5021.561870109118
2022-09-06T06:00:00Z,tribes_northern-cheyenne_Northern Cheyenne,Northern Cheyenne,EVI,2101.92281421638
2022-09-06T06:00:00Z,tribes_northern-cheyenne_Northern Cheyenne,Northern Cheyenne,NDVI,4246.517765661288
2022-09-06T06:00:00Z,tribes_crow_Crow,Crow,EVI,2051.73127581802
2022-09-06T06:00:00Z,tribes_crow_Crow,Crow,NDVI,3722.9213825383144
2022-09-06T06:00:00Z,tribes_fort-peck_Fort Peck,Fort Peck,EVI,1514.5157435229264
2022-09-06T06:00:00Z,tribes_fort-peck_Fort Peck,Fort Peck,NDVI,2529.973703805418
2022-09-06T06:00:00Z,tribes_fort-belknap_Fort Belknap,Fort Belknap,EVI,1762.3133004522972
2022-09-06T06:00:00Z,tribes_fort-belknap_Fort Belknap,Fort Belknap,NDVI,2935.8587095676544
2022-09-06T06:00:00Z,tribes_rocky-boys_Rocky Boy's,Rocky Boy's,EVI,2290.7531907284524
2022-09-06T06:00:00Z,tribes_rocky-boys_Rocky Boy's,Rocky Boy's,NDVI,4165.110903856558
2022-09-06T06:00:00Z,tribes_blackfeet_Blackfeet,Blackfeet,EVI,2353.9101280604878
2022-09-06T06:00:00Z,tribes_blackfeet_Blackfeet,Blackfeet,NDVI,4037.3829134705375
2022-09-06T06:00:00Z,tribes_flathead_Flathead,Flathead,EVI,2533.597404469087
2022-09-06T06:00:00Z,tribes_flathead_Flathead,Flathead,NDVI,4701.953901947904
2022-09-22T06:00:00Z,tribes_northern-cheyenne_Northern Cheyenne,Northern Cheyenne,EVI,2072.003331286035
2022-09-22T06:00:00Z,tribes_northern-cheyenne_Northern Cheyenne,Northern Cheyenne,NDVI,4385.9535766872195
2022-09-22T06:00:00Z,tribes_crow_Crow,Crow,EVI,2049.4475788758373
2022-09-22T06:00:00Z,tribes_crow_Crow,Crow,NDVI,3635.8670312997756
2022-09-22T06:00:00Z,tribes_fort-peck_Fort Peck,Fort Peck,EVI,1423.7796960467158
2022-09-22T06:00:00Z,tribes_fort-peck_Fort Peck,Fort Peck,NDVI,2497.421200044674
2022-09-22T06:00:00Z,tribes_fort-belknap_Fort Belknap,Fort Belknap,EVI,1751.6669461615234
2022-09-22T06:00:00Z,tribes_fort-belknap_Fort Belknap,Fort Belknap,NDVI,3012.3168288965685
2022-09-22T06:00:00Z,tribes_rocky-boys_Rocky Boy's,Rocky Boy's,EVI,2117.482716077523
2022-09-22T06:00:00Z,tribes_rocky-boys_Rocky Boy's,Rocky Boy's,NDVI,3819.872420755953
2022-09-22T06:00:00Z,tribes_blackfeet_Blackfeet,Blackfeet,EVI,2057.7404337933026
2022-09-22T06:00:00Z,tribes_blackfeet_Blackfeet,Blackfeet,NDVI,3604.5504260088987
2022-09-22T06:00:00Z,tribes_flathead_Flathead,Flathead,EVI,2513.9126401001035
2022-09-22T06:00:00Z,tribes_flathead_Flathead,Flathead,NDVI,5168.673792126707
2022-10-08T06:00:00Z,tribes_northern-cheyenne_Northern Cheyenne,Northern Cheyenne,EVI,1960.5576930690484
2022-10-08T06:00:00Z,tribes_northern-cheyenne_Northern Cheyenne,Northern Cheyenne,NDVI,4158.849216431784
2022-10-08T06:00:00Z,tribes_crow_Crow,Crow,EVI,1948.7714763490694
2022-10-08T06:00:00Z,tribes_crow_Crow,Crow,NDVI,3911.6293019229365
2022-10-08T06:00:00Z,tribes_fort-peck_Fort Peck,Fort Peck,EVI,1377.2239764122382
2022-10-08T06:00:00Z,tribes_fort-peck_Fort Peck,Fort Peck,NDVI,2511.2754544975405
2022-10-08T06:00:00Z,tribes_fort-belknap_Fort Belknap,Fort Belknap,EVI,1434.0422359253382
2022-10-08T06:00:00Z,tribes_fort-belknap_Fort Belknap,Fort Belknap,NDVI,2802.1343039187655
2022-10-08T06:00:00Z,tribes_rocky-boys_Rocky Boy's,Rocky Boy's,EVI,1583.7067143910124
2022-10-08T06:00:00Z,tribes_rocky-boys_Rocky Boy's,Rocky Boy's,NDVI,3418.881765459246
2022-10-08T06:00:00Z,tribes_blackfeet_Blackfeet,Blackfeet,EVI,1862.7991912646728
2022-10-08T06:00:00Z,tribes_blackfeet_Blackfeet,Blackfeet,NDVI,3400.4838301489763
2022-10-08T06:00:00Z,tribes_flathead_Flathead,Flathead,EVI,2536.991553494987
2022-10-08T06:00:00Z,tribes_flathead_Flathead,Flathead,NDVI,5206.813480703272
2022-10-24T06:00:00Z,tribes_northern-cheyenne_Northern Cheyenne,Northern Cheyenne,EVI,1836.8127205263565
2022-10-24T06:00:00Z,tribes_northern-cheyenne_Northern Cheyenne,Northern Cheyenne,NDVI,3899.590727162567
2022-10-24T06:00:00Z,tribes_crow_Crow,Crow,EVI,1866.9448001763262
2022-10-24T06:00:00Z,tribes_crow_Crow,Crow,NDVI,3482.1320463052634
2022-10-24T06:00:00Z,tribes_fort-peck_Fort Peck,Fort Peck,EVI,1315.2158822884246
2022-10-24T06:00:00Z,tribes_fort-peck_Fort Peck,Fort Peck,NDVI,2633.050077210856
2022-10-24T06:00:00Z,tribes_fort-belknap_Fort Belknap,Fort Belknap,EVI,1484.219374743433
2022-10-24T06:00:00Z,tribes_fort-belknap_Fort Belknap,Fort Belknap,NDVI,2636.1985002615497
2022-10-24T06:00:00Z,tribes_rocky-boys_Rocky Boy's,Rocky Boy's,EVI,1517.6330584801456
2022-10-24T06:00:00Z,tribes_rocky-boys_Rocky Boy's,Rocky Boy's,NDVI,2969.4903089229742
2022-10-24T06:00:00Z,tribes_blackfeet_Blackfeet,Blackfeet,EVI,1461.1397747324538
2022-10-24T06:00:00Z,tribes_blackfeet_Blackfeet,Blackfeet,NDVI,2582.8226959978233
2022-10-24T06:00:00Z,tribes_flathead_Flathead,Flathead,EVI,2163.6875536647954
2022-10-24T06:00:00Z,tribes_flathead_Flathead,Flathead,NDVI,4610.58944815041
2022-11-09T07:00:00Z,tribes_northern-cheyenne_Northern Cheyenne,Northern Cheyenne,EVI,NA
2022-11-09T07:00:00Z,tribes_northern-cheyenne_Northern Cheyenne,Northern Cheyenne,NDVI,NA
2022-11-09T07:00:00Z,tribes_crow_Crow,Crow,EVI,NA
2022-11-09T07:00:00Z,tribes_crow_Crow,Crow,NDVI,NA
2022-11-09T07:00:00Z,tribes_fort-peck_Fort Peck,Fort Peck,EVI,NA
2022-11-09T07:00:00Z,tribes_fort-peck_Fort Peck,Fort Peck,NDVI,NA
2022-11-09T07:00:00Z,tribes_fort-belknap_Fort Belknap,Fort Belknap,EVI,NA
2022-11-09T07:00:00Z,tribes_fort-belknap_Fort Belknap,Fort Belknap,NDVI,NA
2022-11-09T07:00:00Z,tribes_rocky-boys_Rocky Boy's,Rocky Boy's,EVI,NA
2022-11-09T07:00:00Z,tribes_rocky-boys_Rocky Boy's,Rocky Boy's,NDVI,NA
2022-11-09T07:00:00Z,tribes_blackfeet_Blackfeet,Blackfeet,EVI,NA
2022-11-09T07:00:00Z,tribes_blackfeet_Blackfeet,Blackfeet,NDVI,NA
2022-11-09T07:00:00Z,tribes_flathead_Flathead,Flathead,EVI,716.3274268104776
2022-11-09T07:00:00Z,tribes_flathead_Flathead,Flathead,NDVI,2435.5227272727275
2022-11-25T07:00:00Z,tribes_northern-cheyenne_Northern Cheyenne,Northern Cheyenne,EVI,1515.4011733170928
2022-11-25T07:00:00Z,tribes_northern-cheyenne_Northern Cheyenne,Northern Cheyenne,NDVI,2601.9484674221817
2022-11-25T07:00:00Z,tribes_crow_Crow,Crow,EVI,1150.1699520336422
2022-11-25T07:00:00Z,tribes_crow_Crow,Crow,NDVI,2112.809120178724
2022-11-25T07:00:00Z,tribes_fort-peck_Fort Peck,Fort Peck,EVI,NA
2022-11-25T07:00:00Z,tribes_fort-peck_Fort Peck,Fort Peck,NDVI,NA
2022-11-25T07:00:00Z,tribes_fort-belknap_Fort Belknap,Fort Belknap,EVI,1125.35047862157
2022-11-25T07:00:00Z,tribes_fort-belknap_Fort Belknap,Fort Belknap,NDVI,2105.9041480536057
2022-11-25T07:00:00Z,tribes_rocky-boys_Rocky Boy's,Rocky Boy's,EVI,1295.4996200087526
2022-11-25T07:00:00Z,tribes_rocky-boys_Rocky Boy's,Rocky Boy's,NDVI,2234.6968458815895
2022-11-25T07:00:00Z,tribes_blackfeet_Blackfeet,Blackfeet,EVI,1411.488638979715
2022-11-25T07:00:00Z,tribes_blackfeet_Blackfeet,Blackfeet,NDVI,2389.205489761351
2022-11-25T07:00:00Z,tribes_flathead_Flathead,Flathead,EVI,1319.2260930080236
2022-11-25T07:00:00Z,tribes_flathead_Flathead,Flathead,NDVI,4388.611470443753
2022-12-11T07:00:00Z,tribes_northern-cheyenne_Northern Cheyenne,Northern Cheyenne,EVI,NA
2022-12-11T07:00:00Z,tribes_northern-cheyenne_Northern Cheyenne,Northern Cheyenne,NDVI,NA
2022-12-11T07:00:00Z,tribes_crow_Crow,Crow,EVI,NA
2022-12-11T07:00:00Z,tribes_crow_Crow,Crow,NDVI,NA
2022-12-11T07:00:00Z,tribes_fort-peck_Fort Peck,Fort Peck,EVI,NA
2022-12-11T07:00:00Z,tribes_fort-peck_Fort Peck,Fort Peck,NDVI,NA
2022-12-11T07:00:00Z,tribes_fort-belknap_Fort Belknap,Fort Belknap,EVI,NA
2022-12-11T07:00:00Z,tribes_fort-belknap_Fort Belknap,Fort Belknap,NDVI,NA
2022-12-11T07:00:00Z,tribes_rocky-boys_Rocky Boy's,Rocky Boy's,EVI,NA
2022-12-11T07:00:00Z,tribes_rocky-boys_Rocky Boy's,Rocky Boy's,NDVI,NA
2022-12-11T07:00:00Z,tribes_blackfeet_Blackfeet,Blackfeet,EVI,NA
2022-12-11T07:00:00Z,tribes_blackfeet_Blackfeet,Blackfeet,NDVI,NA
2022-12-11T07:00:00Z,tribes_flathead_Flathead,Flathead,EVI,82.61532056619484
2022-12-11T07:00:00Z,tribes_flathead_Flathead,Flathead,NDVI,24.845961698584514
2022-12-27T07:00:00Z,tribes_northern-cheyenne_Northern Cheyenne,Northern Cheyenne,EVI,NA
2022-12-27T07:00:00Z,tribes_northern-cheyenne_Northern Cheyenne,Northern Cheyenne,NDVI,NA
2022-12-27T07:00:00Z,tribes_crow_Crow,Crow,EVI,1355.6589899406033
2022-12-27T07:00:00Z,tribes_crow_Crow,Crow,NDVI,2333.4273740056997
2022-12-27T07:00:00Z,tribes_fort-peck_Fort Peck,Fort Peck,EVI,NA
2022-12-27T07:00:00Z,tribes_fort-peck_Fort Peck,Fort Peck,NDVI,NA
2022-12-27T07:00:00Z,tribes_fort-belknap_Fort Belknap,Fort Belknap,EVI,NA
2022-12-27T07:00:00Z,tribes_fort-belknap_Fort Belknap,Fort Belknap,NDVI,NA
2022-12-27T07:00:00Z,tribes_rocky-boys_Rocky Boy's,Rocky Boy's,EVI,NA
2022-12-27T07:00:00Z,tribes_rocky-boys_Rocky Boy's,Rocky Boy's,NDVI,NA
2022-12-27T07:00:00Z,tribes_blackfeet_Blackfeet,Blackfeet,EVI,1228.6604359616008
2022-12-27T07:00:00Z,tribes_blackfeet_Blackfeet,Blackfeet,NDVI,2101.061031168435
2022-12-27T07:00:00Z,tribes_flathead_Flathead,Flathead,EVI,2136.1725503380776
2022-12-27T07:00:00Z,tribes_flathead_Flathead,Flathead,NDVI,3800.7397175837723
2023-01-09T07:00:00Z,tribes_northern-cheyenne_Northern Cheyenne,Northern Cheyenne,EVI,923
2023-01-09T07:00:00Z,tribes_northern-cheyenne_Northern Cheyenne,Northern Cheyenne,NDVI,1555.5
2023-01-09T07:00:00Z,tribes_crow_Crow,Crow,EVI,1378.388616717543
2023-01-09T07:00:00Z,tribes_crow_Crow,Crow,NDVI,2340.416241160463
2023-01-09T07:00:00Z,tribes_fort-peck_Fort Peck,Fort Peck,EVI,NA
2023-01-09T07:00:00Z,tribes_fort-peck_Fort Peck,Fort Peck,NDVI,NA
2023-01-09T07:00:00Z,tribes_fort-belknap_Fort Belknap,Fort Belknap,EVI,852.6774616109163
2023-01-09T07:00:00Z,tribes_fort-belknap_Fort Belknap,Fort Belknap,NDVI,2116.5987979850524
2023-01-09T07:00:00Z,tribes_rocky-boys_Rocky Boy's,Rocky Boy's,EVI,NA
2023-01-09T07:00:00Z,tribes_rocky-boys_Rocky Boy's,Rocky Boy's,NDVI,NA
2023-01-09T07:00:00Z,tribes_blackfeet_Blackfeet,Blackfeet,EVI,1125.1292566044592
2023-01-09T07:00:00Z,tribes_blackfeet_Blackfeet,Blackfeet,NDVI,1918.0910072759043
2023-01-09T07:00:00Z,tribes_flathead_Flathead,Flathead,EVI,1875.6084157127991
2023-01-09T07:00:00Z,tribes_flathead_Flathead,Flathead,NDVI,4373.351781997919
2023-01-25T07:00:00Z,tribes_northern-cheyenne_Northern Cheyenne,Northern Cheyenne,EVI,NA
2023-01-25T07:00:00Z,tribes_northern-cheyenne_Northern Cheyenne,Northern Cheyenne,NDVI,NA
2023-01-25T07:00:00Z,tribes_crow_Crow,Crow,EVI,1164.7429223831357
2023-01-25T07:00:00Z,tribes_crow_Crow,Crow,NDVI,2155.4847212141854
2023-01-25T07:00:00Z,tribes_fort-peck_Fort Peck,Fort Peck,EVI,NA
2023-01-25T07:00:00Z,tribes_fort-peck_Fort Peck,Fort Peck,NDVI,NA
2023-01-25T07:00:00Z,tribes_fort-belknap_Fort Belknap,Fort Belknap,EVI,3092.3939024390243
2023-01-25T07:00:00Z,tribes_fort-belknap_Fort Belknap,Fort Belknap,NDVI,5266.978536585366
2023-01-25T07:00:00Z,tribes_rocky-boys_Rocky Boy's,Rocky Boy's,EVI,NA
2023-01-25T07:00:00Z,tribes_rocky-boys_Rocky Boy's,Rocky Boy's,NDVI,NA
2023-01-25T07:00:00Z,tribes_blackfeet_Blackfeet,Blackfeet,EVI,1371.095117116738
2023-01-25T07:00:00Z,tribes_blackfeet_Blackfeet,Blackfeet,NDVI,2099.500920510829
2023-01-25T07:00:00Z,tribes_flathead_Flathead,Flathead,EVI,NA
2023-01-25T07:00:00Z,tribes_flathead_Flathead,Flathead,NDVI,NA
2023-02-10T07:00:00Z,tribes_northern-cheyenne_Northern Cheyenne,Northern Cheyenne,EVI,NA
2023-02-10T07:00:00Z,tribes_northern-cheyenne_Northern Cheyenne,Northern Cheyenne,NDVI,NA
2023-02-10T07:00:00Z,tribes_crow_Crow,Crow,EVI,1230.846059410127
2023-02-10T07:00:00Z,tribes_crow_Crow,Crow,NDVI,2253.1908868799524
2023-02-10T07:00:00Z,tribes_fort-peck_Fort Peck,Fort Peck,EVI,NA
2023-02-10T07:00:00Z,tribes_fort-peck_Fort Peck,Fort Peck,NDVI,NA
2023-02-10T07:00:00Z,tribes_fort-belknap_Fort Belknap,Fort Belknap,EVI,1046.330734503125
2023-02-10T07:00:00Z,tribes_fort-belknap_Fort Belknap,Fort Belknap,NDVI,1945.948180497717
2023-02-10T07:00:00Z,tribes_rocky-boys_Rocky Boy's,Rocky Boy's,EVI,NA
2023-02-10T07:00:00Z,tribes_rocky-boys_Rocky Boy's,Rocky Boy's,NDVI,NA
2023-02-10T07:00:00Z,tribes_blackfeet_Blackfeet,Blackfeet,EVI,1082.899708708505
2023-02-10T07:00:00Z,tribes_blackfeet_Blackfeet,Blackfeet,NDVI,1821.9851275526769
2023-02-10T07:00:00Z,tribes_flathead_Flathead,Flathead,EVI,1717.7805699437072
2023-02-10T07:00:00Z,tribes_flathead_Flathead,Flathead,NDVI,4012.428963764914
2023-02-26T07:00:00Z,tribes_northern-cheyenne_Northern Cheyenne,Northern Cheyenne,EVI,NA
2023-02-26T07:00:00Z,tribes_northern-cheyenne_Northern Cheyenne,Northern Cheyenne,NDVI,NA
2023-02-26T07:00:00Z,tribes_crow_Crow,Crow,EVI,1060.3338952888828
2023-02-26T07:00:00Z,tribes_crow_Crow,Crow,NDVI,1734.6009010351863
2023-02-26T07:00:00Z,tribes_fort-peck_Fort Peck,Fort Peck,EVI,NA
2023-02-26T07:00:00Z,tribes_fort-peck_Fort Peck,Fort Peck,NDVI,NA
2023-02-26T07:00:00Z,tribes_fort-belknap_Fort Belknap,Fort Belknap,EVI,NA
2023-02-26T07:00:00Z,tribes_fort-belknap_Fort Belknap,Fort Belknap,NDVI,NA
2023-02-26T07:00:00Z,tribes_rocky-boys_Rocky Boy's,Rocky Boy's,EVI,NA
2023-02-26T07:00:00Z,tribes_rocky-boys_Rocky Boy's,Rocky Boy's,NDVI,NA
2023-02-26T07:00:00Z,tribes_blackfeet_Blackfeet,Blackfeet,EVI,NA
2023-02-26T07:00:00Z,tribes_blackfeet_Blackfeet,Blackfeet,NDVI,NA
2023-02-26T07:00:00Z,tribes_flathead_Flathead,Flathead,EVI,1162.651019906611
2023-02-26T07:00:00Z,tribes_flathead_Flathead,Flathead,NDVI,1400.6991889899239
2023-03-14T06:00:00Z,tribes_northern-cheyenne_Northern Cheyenne,Northern Cheyenne,EVI,NA
2023-03-14T06:00:00Z,tribes_northern-cheyenne_Northern Cheyenne,Northern Cheyenne,NDVI,NA
2023-03-14T06:00:00Z,tribes_crow_Crow,Crow,EVI,1191.9461669549148
2023-03-14T06:00:00Z,tribes_crow_Crow,Crow,NDVI,2187.0102643476766
2023-03-14T06:00:00Z,tribes_fort-peck_Fort Peck,Fort Peck,EVI,NA
2023-03-14T06:00:00Z,tribes_fort-peck_Fort Peck,Fort Peck,NDVI,NA
2023-03-14T06:00:00Z,tribes_fort-belknap_Fort Belknap,Fort Belknap,EVI,NA
2023-03-14T06:00:00Z,tribes_fort-belknap_Fort Belknap,Fort Belknap,NDVI,NA
2023-03-14T06:00:00Z,tribes_rocky-boys_Rocky Boy's,Rocky Boy's,EVI,NA
2023-03-14T06:00:00Z,tribes_rocky-boys_Rocky Boy's,Rocky Boy's,NDVI,NA
2023-03-14T06:00:00Z,tribes_blackfeet_Blackfeet,Blackfeet,EVI,1114.1759673773327
2023-03-14T06:00:00Z,tribes_blackfeet_Blackfeet,Blackfeet,NDVI,1794.8241655954967
2023-03-14T06:00:00Z,tribes_flathead_Flathead,Flathead,EVI,1636.1115692281023
2023-03-14T06:00:00Z,tribes_flathead_Flathead,Flathead,NDVI,2958.808777016707
2023-03-30T06:00:00Z,tribes_northern-cheyenne_Northern Cheyenne,Northern Cheyenne,EVI,1244.6107963445418
2023-03-30T06:00:00Z,tribes_northern-cheyenne_Northern Cheyenne,Northern Cheyenne,NDVI,2113.2002547739203
2023-03-30T06:00:00Z,tribes_crow_Crow,Crow,EVI,1335.4686740876664
2023-03-30T06:00:00Z,tribes_crow_Crow,Crow,NDVI,2309.053094839314
2023-03-30T06:00:00Z,tribes_fort-peck_Fort Peck,Fort Peck,EVI,1067.959025213852
2023-03-30T06:00:00Z,tribes_fort-peck_Fort Peck,Fort Peck,NDVI,1995.0845357473618
2023-03-30T06:00:00Z,tribes_fort-belknap_Fort Belknap,Fort Belknap,EVI,1142.6183741268424
2023-03-30T06:00:00Z,tribes_fort-belknap_Fort Belknap,Fort Belknap,NDVI,2240.137142421645
2023-03-30T06:00:00Z,tribes_rocky-boys_Rocky Boy's,Rocky Boy's,EVI,1110.797934163937
2023-03-30T06:00:00Z,tribes_rocky-boys_Rocky Boy's,Rocky Boy's,NDVI,2075.5394448331344
2023-03-30T06:00:00Z,tribes_blackfeet_Blackfeet,Blackfeet,EVI,1123.2602614520747
2023-03-30T06:00:00Z,tribes_blackfeet_Blackfeet,Blackfeet,NDVI,2026.363739636463
2023-03-30T06:00:00Z,tribes_flathead_Flathead,Flathead,EVI,1956.6138739708824
2023-03-30T06:00:00Z,tribes_flathead_Flathead,Flathead,NDVI,3643.4193506357833
2023-04-15T06:00:00Z,tribes_northern-cheyenne_Northern Cheyenne,Northern Cheyenne,EVI,1815.8356880035421
2023-04-15T06:00:00Z,tribes_northern-cheyenne_Northern Cheyenne,Northern Cheyenne,NDVI,3330.1994971644845
2023-04-15T06:00:00Z,tribes_crow_Crow,Crow,EVI,1832.066884601795
2023-04-15T06:00:00Z,tribes_crow_Crow,Crow,NDVI,3093.19454930435
2023-04-15T06:00:00Z,tribes_fort-peck_Fort Peck,Fort Peck,EVI,1370.0599193298422
2023-04-15T06:00:00Z,tribes_fort-peck_Fort Peck,Fort Peck,NDVI,2266.686800756442
2023-04-15T06:00:00Z,tribes_fort-belknap_Fort Belknap,Fort Belknap,EVI,1534.9088219619457
2023-04-15T06:00:00Z,tribes_fort-belknap_Fort Belknap,Fort Belknap,NDVI,2711.7740715568157
2023-04-15T06:00:00Z,tribes_rocky-boys_Rocky Boy's,Rocky Boy's,EVI,1601.233182920976
2023-04-15T06:00:00Z,tribes_rocky-boys_Rocky Boy's,Rocky Boy's,NDVI,2980.7957110842303
2023-04-15T06:00:00Z,tribes_blackfeet_Blackfeet,Blackfeet,EVI,1447.1570548861373
2023-04-15T06:00:00Z,tribes_blackfeet_Blackfeet,Blackfeet,NDVI,2435.236224274721
2023-04-15T06:00:00Z,tribes_flathead_Flathead,Flathead,EVI,2469.120485308615
2023-04-15T06:00:00Z,tribes_flathead_Flathead,Flathead,NDVI,4691.40417126802
2023-05-01T06:00:00Z,tribes_northern-cheyenne_Northern Cheyenne,Northern Cheyenne,EVI,2429.17745287329
2023-05-01T06:00:00Z,tribes_northern-cheyenne_Northern Cheyenne,Northern Cheyenne,NDVI,4500.906958685098
2023-05-01T06:00:00Z,tribes_crow_Crow,Crow,EVI,2253.097573832908
2023-05-01T06:00:00Z,tribes_crow_Crow,Crow,NDVI,3908.7792574808736
2023-05-01T06:00:00Z,tribes_fort-peck_Fort Peck,Fort Peck,EVI,1644.5673438629099
2023-05-01T06:00:00Z,tribes_fort-peck_Fort Peck,Fort Peck,NDVI,2765.907333347124
2023-05-01T06:00:00Z,tribes_fort-belknap_Fort Belknap,Fort Belknap,EVI,2006.4507983965598
2023-05-01T06:00:00Z,tribes_fort-belknap_Fort Belknap,Fort Belknap,NDVI,3719.4244853743735
2023-05-01T06:00:00Z,tribes_rocky-boys_Rocky Boy's,Rocky Boy's,EVI,2306.87128790961
2023-05-01T06:00:00Z,tribes_rocky-boys_Rocky Boy's,Rocky Boy's,NDVI,4477.677993263177
2023-05-01T06:00:00Z,tribes_blackfeet_Blackfeet,Blackfeet,EVI,2081.620778570953
2023-05-01T06:00:00Z,tribes_blackfeet_Blackfeet,Blackfeet,NDVI,3430.1637454985535
2023-05-01T06:00:00Z,tribes_flathead_Flathead,Flathead,EVI,3090.5916256648306
2023-05-01T06:00:00Z,tribes_flathead_Flathead,Flathead,NDVI,5580.2145362678575
2023-05-17T06:00:00Z,tribes_northern-cheyenne_Northern Cheyenne,Northern Cheyenne,EVI,3449.9770544412636
2023-05-17T06:00:00Z,tribes_northern-cheyenne_Northern Cheyenne,Northern Cheyenne,NDVI,5803.659337356564
2023-05-17T06:00:00Z,tribes_crow_Crow,Crow,EVI,3667.33801682052
2023-05-17T06:00:00Z,tribes_crow_Crow,Crow,NDVI,5796.7790282949145
2023-05-17T06:00:00Z,tribes_fort-peck_Fort Peck,Fort Peck,EVI,2643.2530982872477
2023-05-17T06:00:00Z,tribes_fort-peck_Fort Peck,Fort Peck,NDVI,4358.505372676745
2023-05-17T06:00:00Z,tribes_fort-belknap_Fort Belknap,Fort Belknap,EVI,2826.3547504286034
2023-05-17T06:00:00Z,tribes_fort-belknap_Fort Belknap,Fort Belknap,NDVI,4784.6473953779
2023-05-17T06:00:00Z,tribes_rocky-boys_Rocky Boy's,Rocky Boy's,EVI,3419.5155105676677
2023-05-17T06:00:00Z,tribes_rocky-boys_Rocky Boy's,Rocky Boy's,NDVI,5975.839710319756
2023-05-17T06:00:00Z,tribes_blackfeet_Blackfeet,Blackfeet,EVI,3135.461832894607
2023-05-17T06:00:00Z,tribes_blackfeet_Blackfeet,Blackfeet,NDVI,5461.845549616467
2023-05-17T06:00:00Z,tribes_flathead_Flathead,Flathead,EVI,3716.669722727517
2023-05-17T06:00:00Z,tribes_flathead_Flathead,Flathead,NDVI,6441.140230015936
2023-06-02T06:00:00Z,tribes_northern-cheyenne_Northern Cheyenne,Northern Cheyenne,EVI,3882.080284579701
2023-06-02T06:00:00Z,tribes_northern-cheyenne_Northern Cheyenne,Northern Cheyenne,NDVI,6720.452353352454
2023-06-02T06:00:00Z,tribes_crow_Crow,Crow,EVI,4392.67773563018
2023-06-02T06:00:00Z,tribes_crow_Crow,Crow,NDVI,6834.2428213986805
2023-06-02T06:00:00Z,tribes_fort-peck_Fort Peck,Fort Peck,EVI,3180.992329197561
2023-06-02T06:00:00Z,tribes_fort-peck_Fort Peck,Fort Peck,NDVI,5048.0050499635745
2023-06-02T06:00:00Z,tribes_fort-belknap_Fort Belknap,Fort Belknap,EVI,3512.9397723884413
2023-06-02T06:00:00Z,tribes_fort-belknap_Fort Belknap,Fort Belknap,NDVI,5886.5033355637015
2023-06-02T06:00:00Z,tribes_rocky-boys_Rocky Boy's,Rocky Boy's,EVI,4349.692607779447
2023-06-02T06:00:00Z,tribes_rocky-boys_Rocky Boy's,Rocky Boy's,NDVI,6735.838420365924
2023-06-02T06:00:00Z,tribes_blackfeet_Blackfeet,Blackfeet,EVI,3696.349049576528
2023-06-02T06:00:00Z,tribes_blackfeet_Blackfeet,Blackfeet,NDVI,6049.706460801272
2023-06-02T06:00:00Z,tribes_flathead_Flathead,Flathead,EVI,3889.5805960243542
2023-06-02T06:00:00Z,tribes_flathead_Flathead,Flathead,NDVI,6352.429565123683
2023-06-18T06:00:00Z,tribes_northern-cheyenne_Northern Cheyenne,Northern Cheyenne,EVI,3822.031286554118
2023-06-18T06:00:00Z,tribes_northern-cheyenne_Northern Cheyenne,Northern Cheyenne,NDVI,6117.236409173613
2023-06-18T06:00:00Z,tribes_crow_Crow,Crow,EVI,3929.5595949511767
2023-06-18T06:00:00Z,tribes_crow_Crow,Crow,NDVI,6225.248279935728
2023-06-18T06:00:00Z,tribes_fort-peck_Fort Peck,Fort Peck,EVI,3794.814077959037
2023-06-18T06:00:00Z,tribes_fort-peck_Fort Peck,Fort Peck,NDVI,5728.373026280878
2023-06-18T06:00:00Z,tribes_fort-belknap_Fort Belknap,Fort Belknap,EVI,3615.9731712899543
2023-06-18T06:00:00Z,tribes_fort-belknap_Fort Belknap,Fort Belknap,NDVI,5888.34211087326
2023-06-18T06:00:00Z,tribes_rocky-boys_Rocky Boy's,Rocky Boy's,EVI,4106.661584396497
2023-06-18T06:00:00Z,tribes_rocky-boys_Rocky Boy's,Rocky Boy's,NDVI,6618.9072441442495
2023-06-18T06:00:00Z,tribes_blackfeet_Blackfeet,Blackfeet,EVI,3933.7110543891954
2023-06-18T06:00:00Z,tribes_blackfeet_Blackfeet,Blackfeet,NDVI,6096.921276977326
2023-06-18T06:00:00Z,tribes_flathead_Flathead,Flathead,EVI,3417.5883592510863
2023-06-18T06:00:00Z,tribes_flathead_Flathead,Flathead,NDVI,6122.845249828486
2023-07-04T06:00:00Z,tribes_northern-cheyenne_Northern Cheyenne,Northern Cheyenne,EVI,3542.2136477124054
2023-07-04T06:00:00Z,tribes_northern-cheyenne_Northern Cheyenne,Northern Cheyenne,NDVI,6014.548615536662
2023-07-04T06:00:00Z,tribes_crow_Crow,Crow,EVI,3735.4939220557894
2023-07-04T06:00:00Z,tribes_crow_Crow,Crow,NDVI,5966.406233488693
2023-07-04T06:00:00Z,tribes_fort-peck_Fort Peck,Fort Peck,EVI,3486.401972096973
2023-07-04T06:00:00Z,tribes_fort-peck_Fort Peck,Fort Peck,NDVI,5283.349377361894
2023-07-04T06:00:00Z,tribes_fort-belknap_Fort Belknap,Fort Belknap,EVI,2927.506976949095
2023-07-04T06:00:00Z,tribes_fort-belknap_Fort Belknap,Fort Belknap,NDVI,4927.974740066823
2023-07-04T06:00:00Z,tribes_rocky-boys_Rocky Boy's,Rocky Boy's,EVI,3795.9966466124165
2023-07-04T06:00:00Z,tribes_rocky-boys_Rocky Boy's,Rocky Boy's,NDVI,6176.224840766812
2023-07-04T06:00:00Z,tribes_blackfeet_Blackfeet,Blackfeet,EVI,3390.2686699296055
2023-07-04T06:00:00Z,tribes_blackfeet_Blackfeet,Blackfeet,NDVI,5091.92789515793
2023-07-04T06:00:00Z,tribes_flathead_Flathead,Flathead,EVI,3311.1895734485192
2023-07-04T06:00:00Z,tribes_flathead_Flathead,Flathead,NDVI,5706.282757258202
2023-07-20T06:00:00Z,tribes_northern-cheyenne_Northern Cheyenne,Northern Cheyenne,EVI,3240.5216267872543
2023-07-20T06:00:00Z,tribes_northern-cheyenne_Northern Cheyenne,Northern Cheyenne,NDVI,5410.25513941134
2023-07-20T06:00:00Z,tribes_crow_Crow,Crow,EVI,3499.6124918095097
2023-07-20T06:00:00Z,tribes_crow_Crow,Crow,NDVI,5345.659562828134
2023-07-20T06:00:00Z,tribes_fort-peck_Fort Peck,Fort Peck,EVI,2723.5294737790387
2023-07-20T06:00:00Z,tribes_fort-peck_Fort Peck,Fort Peck,NDVI,4298.670769197447
2023-07-20T06:00:00Z,tribes_fort-belknap_Fort Belknap,Fort Belknap,EVI,2503.0382655574767
2023-07-20T06:00:00Z,tribes_fort-belknap_Fort Belknap,Fort Belknap,NDVI,4301.693929614459
2023-07-20T06:00:00Z,tribes_rocky-boys_Rocky Boy's,Rocky Boy's,EVI,3408.8255256795114
2023-07-20T06:00:00Z,tribes_rocky-boys_Rocky Boy's,Rocky Boy's,NDVI,5425.612632682659
2023-07-20T06:00:00Z,tribes_blackfeet_Blackfeet,Blackfeet,EVI,2843.779714467824
2023-07-20T06:00:00Z,tribes_blackfeet_Blackfeet,Blackfeet,NDVI,4435.472169909511
2023-07-20T06:00:00Z,tribes_flathead_Flathead,Flathead,EVI,2874.5959156056747
2023-07-20T06:00:00Z,tribes_flathead_Flathead,Flathead,NDVI,5141.957024072289
2023-08-05T06:00:00Z,tribes_northern-cheyenne_Northern Cheyenne,Northern Cheyenne,EVI,2769.0335153225105
2023-08-05T06:00:00Z,tribes_northern-cheyenne_Northern Cheyenne,Northern Cheyenne,NDVI,5197.783380631933
2023-08-05T06:00:00Z,tribes_crow_Crow,Crow,EVI,2813.567802392746
2023-08-05T06:00:00Z,tribes_crow_Crow,Crow,NDVI,4937.069509788916
2023-08-05T06:00:00Z,tribes_fort-peck_Fort Peck,Fort Peck,EVI,2162.3040086085944
2023-08-05T06:00:00Z,tribes_fort-peck_Fort Peck,Fort Peck,NDVI,3711.7505359346237
2023-08-05T06:00:00Z,tribes_fort-belknap_Fort Belknap,Fort Belknap,EVI,2310.0537884128444
2023-08-05T06:00:00Z,tribes_fort-belknap_Fort Belknap,Fort Belknap,NDVI,3511.059056570857
2023-08-05T06:00:00Z,tribes_rocky-boys_Rocky Boy's,Rocky Boy's,EVI,2840.4726266065823
2023-08-05T06:00:00Z,tribes_rocky-boys_Rocky Boy's,Rocky Boy's,NDVI,4625.8033970250335
2023-08-05T06:00:00Z,tribes_blackfeet_Blackfeet,Blackfeet,EVI,2277.7824519216456
2023-08-05T06:00:00Z,tribes_blackfeet_Blackfeet,Blackfeet,NDVI,3804.408223033902
2023-08-05T06:00:00Z,tribes_flathead_Flathead,Flathead,EVI,2722.3188836956924
2023-08-05T06:00:00Z,tribes_flathead_Flathead,Flathead,NDVI,5132.960187168977
2023-08-21T06:00:00Z,tribes_northern-cheyenne_Northern Cheyenne,Northern Cheyenne,EVI,2552.565013009956
2023-08-21T06:00:00Z,tribes_northern-cheyenne_Northern Cheyenne,Northern Cheyenne,NDVI,4688.724787838075
2023-08-21T06:00:00Z,tribes_crow_Crow,Crow,EVI,2591.1494506778763
2023-08-21T06:00:00Z,tribes_crow_Crow,Crow,NDVI,4292.024306877808
2023-08-21T06:00:00Z,tribes_fort-peck_Fort Peck,Fort Peck,EVI,1773.9699577525212
2023-08-21T06:00:00Z,tribes_fort-peck_Fort Peck,Fort Peck,NDVI,3075.624592807282
2023-08-21T06:00:00Z,tribes_fort-belknap_Fort Belknap,Fort Belknap,EVI,1929.2964412346153
2023-08-21T06:00:00Z,tribes_fort-belknap_Fort Belknap,Fort Belknap,NDVI,3406.1645915215536
2023-08-21T06:00:00Z,tribes_rocky-boys_Rocky Boy's,Rocky Boy's,EVI,2509.2541774880674
2023-08-21T06:00:00Z,tribes_rocky-boys_Rocky Boy's,Rocky Boy's,NDVI,4450.958543787909
2023-08-21T06:00:00Z,tribes_blackfeet_Blackfeet,Blackfeet,EVI,2181.642418682222
2023-08-21T06:00:00Z,tribes_blackfeet_Blackfeet,Blackfeet,NDVI,3786.064385790724
2023-08-21T06:00:00Z,tribes_flathead_Flathead,Flathead,EVI,2776.6332086840307
2023-08-21T06:00:00Z,tribes_flathead_Flathead,Flathead,NDVI,5114.169661530765
2023-09-06T06:00:00Z,tribes_northern-cheyenne_Northern Cheyenne,Northern Cheyenne,EVI,2460.9225899407816
2023-09-06T06:00:00Z,tribes_northern-cheyenne_Northern Cheyenne,Northern Cheyenne,NDVI,4563.141120363751
2023-09-06T06:00:00Z,tribes_crow_Crow,Crow,EVI,2268.991167321141
2023-09-06T06:00:00Z,tribes_crow_Crow,Crow,NDVI,4175.360166220161
2023-09-06T06:00:00Z,tribes_fort-peck_Fort Peck,Fort Peck,EVI,1659.2630986619795
2023-09-06T06:00:00Z,tribes_fort-peck_Fort Peck,Fort Peck,NDVI,2931.5721033255027
2023-09-06T06:00:00Z,tribes_fort-belknap_Fort Belknap,Fort Belknap,EVI,1964.943255082392
2023-09-06T06:00:00Z,tribes_fort-belknap_Fort Belknap,Fort Belknap,NDVI,3488.2600040438538
2023-09-06T06:00:00Z,tribes_rocky-boys_Rocky Boy's,Rocky Boy's,EVI,2334.350206781505
2023-09-06T06:00:00Z,tribes_rocky-boys_Rocky Boy's,Rocky Boy's,NDVI,4258.1534911453955
2023-09-06T06:00:00Z,tribes_blackfeet_Blackfeet,Blackfeet,EVI,2282.222765021062
2023-09-06T06:00:00Z,tribes_blackfeet_Blackfeet,Blackfeet,NDVI,3832.071266877909
2023-09-06T06:00:00Z,tribes_flathead_Flathead,Flathead,EVI,2837.7171818165307
2023-09-06T06:00:00Z,tribes_flathead_Flathead,Flathead,NDVI,5287.288845567949
2023-09-22T06:00:00Z,tribes_northern-cheyenne_Northern Cheyenne,Northern Cheyenne,EVI,2165.3378610489485
2023-09-22T06:00:00Z,tribes_northern-cheyenne_Northern Cheyenne,Northern Cheyenne,NDVI,4816.153412870805
2023-09-22T06:00:00Z,tribes_crow_Crow,Crow,EVI,2130.495953294413
2023-09-22T06:00:00Z,tribes_crow_Crow,Crow,NDVI,4352.390347022062
2023-09-22T06:00:00Z,tribes_fort-peck_Fort Peck,Fort Peck,EVI,1459.8870575040166
2023-09-22T06:00:00Z,tribes_fort-peck_Fort Peck,Fort Peck,NDVI,2995.1949326775425
2023-09-22T06:00:00Z,tribes_fort-belknap_Fort Belknap,Fort Belknap,EVI,1751.5398226232473
2023-09-22T06:00:00Z,tribes_fort-belknap_Fort Belknap,Fort Belknap,NDVI,3708.4704493098666
2023-09-22T06:00:00Z,tribes_rocky-boys_Rocky Boy's,Rocky Boy's,EVI,1894.9256521333673
2023-09-22T06:00:00Z,tribes_rocky-boys_Rocky Boy's,Rocky Boy's,NDVI,4105.317229254775
2023-09-22T06:00:00Z,tribes_blackfeet_Blackfeet,Blackfeet,EVI,2049.2697978072647
2023-09-22T06:00:00Z,tribes_blackfeet_Blackfeet,Blackfeet,NDVI,3535.9731517978803
2023-09-22T06:00:00Z,tribes_flathead_Flathead,Flathead,EVI,2609.9390482720855
2023-09-22T06:00:00Z,tribes_flathead_Flathead,Flathead,NDVI,5365.638415287431
2023-10-08T06:00:00Z,tribes_northern-cheyenne_Northern Cheyenne,Northern Cheyenne,EVI,2284.576117775137
2023-10-08T06:00:00Z,tribes_northern-cheyenne_Northern Cheyenne,Northern Cheyenne,NDVI,4600.007272972251
2023-10-08T06:00:00Z,tribes_crow_Crow,Crow,EVI,2235.2073043343903
2023-10-08T06:00:00Z,tribes_crow_Crow,Crow,NDVI,4201.444482114642
2023-10-08T06:00:00Z,tribes_fort-peck_Fort Peck,Fort Peck,EVI,1412.277199548148
2023-10-08T06:00:00Z,tribes_fort-peck_Fort Peck,Fort Peck,NDVI,2957.266688134346
2023-10-08T06:00:00Z,tribes_fort-belknap_Fort Belknap,Fort Belknap,EVI,1780.7194938969735
2023-10-08T06:00:00Z,tribes_fort-belknap_Fort Belknap,Fort Belknap,NDVI,3314.8991739748385
2023-10-08T06:00:00Z,tribes_rocky-boys_Rocky Boy's,Rocky Boy's,EVI,1927.7831397815555
2023-10-08T06:00:00Z,tribes_rocky-boys_Rocky Boy's,Rocky Boy's,NDVI,3900.907658549091
2023-10-08T06:00:00Z,tribes_blackfeet_Blackfeet,Blackfeet,EVI,1955.7692724848077
2023-10-08T06:00:00Z,tribes_blackfeet_Blackfeet,Blackfeet,NDVI,3525.458721959487
2023-10-08T06:00:00Z,tribes_flathead_Flathead,Flathead,EVI,2503.8907828514066
2023-10-08T06:00:00Z,tribes_flathead_Flathead,Flathead,NDVI,5466.400663677535
2023-10-24T06:00:00Z,tribes_northern-cheyenne_Northern Cheyenne,Northern Cheyenne,EVI,1871.1282795020795
2023-10-24T06:00:00Z,tribes_northern-cheyenne_Northern Cheyenne,Northern Cheyenne,NDVI,4173.892166103475
2023-10-24T06:00:00Z,tribes_crow_Crow,Crow,EVI,1775.6129138405595
2023-10-24T06:00:00Z,tribes_crow_Crow,Crow,NDVI,3752.9852385502872
2023-10-24T06:00:00Z,tribes_fort-peck_Fort Peck,Fort Peck,EVI,1335.7736951420338
2023-10-24T06:00:00Z,tribes_fort-peck_Fort Peck,Fort Peck,NDVI,2778.580750007519
2023-10-24T06:00:00Z,tribes_fort-belknap_Fort Belknap,Fort Belknap,EVI,1431.9903921396553
2023-10-24T06:00:00Z,tribes_fort-belknap_Fort Belknap,Fort Belknap,NDVI,3123.1943611404963
2023-10-24T06:00:00Z,tribes_rocky-boys_Rocky Boy's,Rocky Boy's,EVI,1755.0254268623
2023-10-24T06:00:00Z,tribes_rocky-boys_Rocky Boy's,Rocky Boy's,NDVI,3653.179580805055
2023-10-24T06:00:00Z,tribes_blackfeet_Blackfeet,Blackfeet,EVI,1604.3264487620309
2023-10-24T06:00:00Z,tribes_blackfeet_Blackfeet,Blackfeet,NDVI,3019.7512714022305
2023-10-24T06:00:00Z,tribes_flathead_Flathead,Flathead,EVI,2278.1072349874607
2023-10-24T06:00:00Z,tribes_flathead_Flathead,Flathead,NDVI,4467.501826828623
2023-11-09T07:00:00Z,tribes_northern-cheyenne_Northern Cheyenne,Northern Cheyenne,EVI,1931.9614598878215
2023-11-09T07:00:00Z,tribes_northern-cheyenne_Northern Cheyenne,Northern Cheyenne,NDVI,4029.710732035184
2023-11-09T07:00:00Z,tribes_crow_Crow,Crow,EVI,1861.894574994559
2023-11-09T07:00:00Z,tribes_crow_Crow,Crow,NDVI,3469.457906952536
2023-11-09T07:00:00Z,tribes_fort-peck_Fort Peck,Fort Peck,EVI,1235.998659188175
2023-11-09T07:00:00Z,tribes_fort-peck_Fort Peck,Fort Peck,NDVI,2651.750914150588
2023-11-09T07:00:00Z,tribes_fort-belknap_Fort Belknap,Fort Belknap,EVI,1487.1431394524184
2023-11-09T07:00:00Z,tribes_fort-belknap_Fort Belknap,Fort Belknap,NDVI,2943.596107058902
2023-11-09T07:00:00Z,tribes_rocky-boys_Rocky Boy's,Rocky Boy's,EVI,1627.7856854512993
2023-11-09T07:00:00Z,tribes_rocky-boys_Rocky Boy's,Rocky Boy's,NDVI,3536.829094029339
2023-11-09T07:00:00Z,tribes_blackfeet_Blackfeet,Blackfeet,EVI,1548.3282253190916
2023-11-09T07:00:00Z,tribes_blackfeet_Blackfeet,Blackfeet,NDVI,2870.0528604269284
2023-11-09T07:00:00Z,tribes_flathead_Flathead,Flathead,EVI,2261.6392500175625
2023-11-09T07:00:00Z,tribes_flathead_Flathead,Flathead,NDVI,4872.991040451828
2023-11-25T07:00:00Z,tribes_northern-cheyenne_Northern Cheyenne,Northern Cheyenne,EVI,1685.554548715144
2023-11-25T07:00:00Z,tribes_northern-cheyenne_Northern Cheyenne,Northern Cheyenne,NDVI,3735.067100041768
2023-11-25T07:00:00Z,tribes_crow_Crow,Crow,EVI,1670.0827542694012
2023-11-25T07:00:00Z,tribes_crow_Crow,Crow,NDVI,3255.3157802108467
2023-11-25T07:00:00Z,tribes_fort-peck_Fort Peck,Fort Peck,EVI,1181.1812276790365
2023-11-25T07:00:00Z,tribes_fort-peck_Fort Peck,Fort Peck,NDVI,2414.2622549120438
2023-11-25T07:00:00Z,tribes_fort-belknap_Fort Belknap,Fort Belknap,EVI,1275.7096442194368
2023-11-25T07:00:00Z,tribes_fort-belknap_Fort Belknap,Fort Belknap,NDVI,2648.927459839424
2023-11-25T07:00:00Z,tribes_rocky-boys_Rocky Boy's,Rocky Boy's,EVI,1461.3091286295662
2023-11-25T07:00:00Z,tribes_rocky-boys_Rocky Boy's,Rocky Boy's,NDVI,3273.079067772827
2023-11-25T07:00:00Z,tribes_blackfeet_Blackfeet,Blackfeet,EVI,1340.4097123441995
2023-11-25T07:00:00Z,tribes_blackfeet_Blackfeet,Blackfeet,NDVI,2504.627981815515
2023-11-25T07:00:00Z,tribes_flathead_Flathead,Flathead,EVI,2315.854134116174
2023-11-25T07:00:00Z,tribes_flathead_Flathead,Flathead,NDVI,4817.74666187767
2023-12-11T07:00:00Z,tribes_northern-cheyenne_Northern Cheyenne,Northern Cheyenne,EVI,1675.2938059525216
2023-12-11T07:00:00Z,tribes_northern-cheyenne_Northern Cheyenne,Northern Cheyenne,NDVI,3641.8828333415822
2023-12-11T07:00:00Z,tribes_crow_Crow,Crow,EVI,1610.8073625653747
2023-12-11T07:00:00Z,tribes_crow_Crow,Crow,NDVI,3097.231921046552
2023-12-11T07:00:00Z,tribes_fort-peck_Fort Peck,Fort Peck,EVI,1157.4791543714684
2023-12-11T07:00:00Z,tribes_fort-peck_Fort Peck,Fort Peck,NDVI,2358.3596203534453
2023-12-11T07:00:00Z,tribes_fort-belknap_Fort Belknap,Fort Belknap,EVI,1343.764248386044
2023-12-11T07:00:00Z,tribes_fort-belknap_Fort Belknap,Fort Belknap,NDVI,2519.0047916618946
2023-12-11T07:00:00Z,tribes_rocky-boys_Rocky Boy's,Rocky Boy's,EVI,1452.0633718272609
2023-12-11T07:00:00Z,tribes_rocky-boys_Rocky Boy's,Rocky Boy's,NDVI,3177.8860160221784
2023-12-11T07:00:00Z,tribes_blackfeet_Blackfeet,Blackfeet,EVI,1334.0721382927652
2023-12-11T07:00:00Z,tribes_blackfeet_Blackfeet,Blackfeet,NDVI,2371.022204722081
2023-12-11T07:00:00Z,tribes_flathead_Flathead,Flathead,EVI,1834.359087996497
2023-12-11T07:00:00Z,tribes_flathead_Flathead,Flathead,NDVI,4289.741275078259
2023-12-27T07:00:00Z,tribes_northern-cheyenne_Northern Cheyenne,Northern Cheyenne,EVI,1678.4019680425024
2023-12-27T07:00:00Z,tribes_northern-cheyenne_Northern Cheyenne,Northern Cheyenne,NDVI,3371.5262185403403
2023-12-27T07:00:00Z,tribes_crow_Crow,Crow,EVI,1490.4843255539024
2023-12-27T07:00:00Z,tribes_crow_Crow,Crow,NDVI,2664.071338238417
2023-12-27T07:00:00Z,tribes_fort-peck_Fort Peck,Fort Peck,EVI,1126.5989407268696
2023-12-27T07:00:00Z,tribes_fort-peck_Fort Peck,Fort Peck,NDVI,2267.9512686148432
2023-12-27T07:00:00Z,tribes_fort-belknap_Fort Belknap,Fort Belknap,EVI,1257.3484710205403
2023-12-27T07:00:00Z,tribes_fort-belknap_Fort Belknap,Fort Belknap,NDVI,2409.692585076754
2023-12-27T07:00:00Z,tribes_rocky-boys_Rocky Boy's,Rocky Boy's,EVI,1378.6836560284287
2023-12-27T07:00:00Z,tribes_rocky-boys_Rocky Boy's,Rocky Boy's,NDVI,2650.0063278132347
2023-12-27T07:00:00Z,tribes_blackfeet_Blackfeet,Blackfeet,EVI,1316.4126369281587
2023-12-27T07:00:00Z,tribes_blackfeet_Blackfeet,Blackfeet,NDVI,2419.3700685466
2023-12-27T07:00:00Z,tribes_flathead_Flathead,Flathead,EVI,2001.0948021313736
2023-12-27T07:00:00Z,tribes_flathead_Flathead,Flathead,NDVI,4746.031048664392
2024-01-09T07:00:00Z,tribes_northern-cheyenne_Northern Cheyenne,Northern Cheyenne,EVI,2267.649858339046
2024-01-09T07:00:00Z,tribes_northern-cheyenne_Northern Cheyenne,Northern Cheyenne,NDVI,3845.558779833383
2024-01-09T07:00:00Z,tribes_crow_Crow,Crow,EVI,1508.6403323237107
2024-01-09T07:00:00Z,tribes_crow_Crow,Crow,NDVI,2431.131520899093
2024-01-09T07:00:00Z,tribes_fort-peck_Fort Peck,Fort Peck,EVI,NA
2024-01-09T07:00:00Z,tribes_fort-peck_Fort Peck,Fort Peck,NDVI,NA
2024-01-09T07:00:00Z,tribes_fort-belknap_Fort Belknap,Fort Belknap,EVI,1339.7278253013644
2024-01-09T07:00:00Z,tribes_fort-belknap_Fort Belknap,Fort Belknap,NDVI,2311.694762035232
2024-01-09T07:00:00Z,tribes_rocky-boys_Rocky Boy's,Rocky Boy's,EVI,1323.639006334264
2024-01-09T07:00:00Z,tribes_rocky-boys_Rocky Boy's,Rocky Boy's,NDVI,2444.7813885522246
2024-01-09T07:00:00Z,tribes_blackfeet_Blackfeet,Blackfeet,EVI,1298.6687722468678
2024-01-09T07:00:00Z,tribes_blackfeet_Blackfeet,Blackfeet,NDVI,2193.747914501718
2024-01-09T07:00:00Z,tribes_flathead_Flathead,Flathead,EVI,2203.6865334177446
2024-01-09T07:00:00Z,tribes_flathead_Flathead,Flathead,NDVI,3886.343085827982
2024-01-25T07:00:00Z,tribes_northern-cheyenne_Northern Cheyenne,Northern Cheyenne,EVI,NA
2024-01-25T07:00:00Z,tribes_northern-cheyenne_Northern Cheyenne,Northern Cheyenne,NDVI,NA
2024-01-25T07:00:00Z,tribes_crow_Crow,Crow,EVI,NA
2024-01-25T07:00:00Z,tribes_crow_Crow,Crow,NDVI,NA
2024-01-25T07:00:00Z,tribes_fort-peck_Fort Peck,Fort Peck,EVI,NA
2024-01-25T07:00:00Z,tribes_fort-peck_Fort Peck,Fort Peck,NDVI,NA
2024-01-25T07:00:00Z,tribes_fort-belknap_Fort Belknap,Fort Belknap,EVI,NA
2024-01-25T07:00:00Z,tribes_fort-belknap_Fort Belknap,Fort Belknap,NDVI,NA
2024-01-25T07:00:00Z,tribes_rocky-boys_Rocky Boy's,Rocky Boy's,EVI,NA
2024-01-25T07:00:00Z,tribes_rocky-boys_Rocky Boy's,Rocky Boy's,NDVI,NA
2024-01-25T07:00:00Z,tribes_blackfeet_Blackfeet,Blackfeet,EVI,NA
2024-01-25T07:00:00Z,tribes_blackfeet_Blackfeet,Blackfeet,NDVI,NA
2024-01-25T07:00:00Z,tribes_flathead_Flathead,Flathead,EVI,NA
2024-01-25T07:00:00Z,tribes_flathead_Flathead,Flathead,NDVI,NA
2024-02-10T07:00:00Z,tribes_northern-cheyenne_Northern Cheyenne,Northern Cheyenne,EVI,1486.2564410578705
2024-02-10T07:00:00Z,tribes_northern-cheyenne_Northern Cheyenne,Northern Cheyenne,NDVI,3055.7644923529815
2024-02-10T07:00:00Z,tribes_crow_Crow,Crow,EVI,1359.1281446140956
2024-02-10T07:00:00Z,tribes_crow_Crow,Crow,NDVI,2568.39907785038
2024-02-10T07:00:00Z,tribes_fort-peck_Fort Peck,Fort Peck,EVI,1069.9199022995053
2024-02-10T07:00:00Z,tribes_fort-peck_Fort Peck,Fort Peck,NDVI,2250.1023747838753
2024-02-10T07:00:00Z,tribes_fort-belknap_Fort Belknap,Fort Belknap,EVI,1144.6634740105217
2024-02-10T07:00:00Z,tribes_fort-belknap_Fort Belknap,Fort Belknap,NDVI,2305.481225973504
2024-02-10T07:00:00Z,tribes_rocky-boys_Rocky Boy's,Rocky Boy's,EVI,NA
2024-02-10T07:00:00Z,tribes_rocky-boys_Rocky Boy's,Rocky Boy's,NDVI,NA
2024-02-10T07:00:00Z,tribes_blackfeet_Blackfeet,Blackfeet,EVI,897.6105626850938
2024-02-10T07:00:00Z,tribes_blackfeet_Blackfeet,Blackfeet,NDVI,1669.7601184600198
2024-02-10T07:00:00Z,tribes_flathead_Flathead,Flathead,EVI,1469.266480745268
2024-02-10T07:00:00Z,tribes_flathead_Flathead,Flathead,NDVI,2917.756482525366
2024-02-26T07:00:00Z,tribes_northern-cheyenne_Northern Cheyenne,Northern Cheyenne,EVI,1692.2205538215771
2024-02-26T07:00:00Z,tribes_northern-cheyenne_Northern Cheyenne,Northern Cheyenne,NDVI,3091.8539970157244
2024-02-26T07:00:00Z,tribes_crow_Crow,Crow,EVI,1483.9552093385194
2024-02-26T07:00:00Z,tribes_crow_Crow,Crow,NDVI,2609.4555658380946
2024-02-26T07:00:00Z,tribes_fort-peck_Fort Peck,Fort Peck,EVI,1105.523187260712
2024-02-26T07:00:00Z,tribes_fort-peck_Fort Peck,Fort Peck,NDVI,2216.362484856335
2024-02-26T07:00:00Z,tribes_fort-belknap_Fort Belknap,Fort Belknap,EVI,1236.3082591628124
2024-02-26T07:00:00Z,tribes_fort-belknap_Fort Belknap,Fort Belknap,NDVI,2526.9611691394043
2024-02-26T07:00:00Z,tribes_rocky-boys_Rocky Boy's,Rocky Boy's,EVI,1248.827962911029
2024-02-26T07:00:00Z,tribes_rocky-boys_Rocky Boy's,Rocky Boy's,NDVI,2645.9661276468655
2024-02-26T07:00:00Z,tribes_blackfeet_Blackfeet,Blackfeet,EVI,1129.1394602832092
2024-02-26T07:00:00Z,tribes_blackfeet_Blackfeet,Blackfeet,NDVI,2026.210066763816
2024-02-26T07:00:00Z,tribes_flathead_Flathead,Flathead,EVI,1726.470572355193
2024-02-26T07:00:00Z,tribes_flathead_Flathead,Flathead,NDVI,3433.96759782526
2024-03-13T06:00:00Z,tribes_northern-cheyenne_Northern Cheyenne,Northern Cheyenne,EVI,1531.8685011043262
2024-03-13T06:00:00Z,tribes_northern-cheyenne_Northern Cheyenne,Northern Cheyenne,NDVI,3098.5381514559585
2024-03-13T06:00:00Z,tribes_crow_Crow,Crow,EVI,1467.2393478852498
2024-03-13T06:00:00Z,tribes_crow_Crow,Crow,NDVI,2815.779940998703
2024-03-13T06:00:00Z,tribes_fort-peck_Fort Peck,Fort Peck,EVI,1143.7735255444866
2024-03-13T06:00:00Z,tribes_fort-peck_Fort Peck,Fort Peck,NDVI,2278.4770057307637
2024-03-13T06:00:00Z,tribes_fort-belknap_Fort Belknap,Fort Belknap,EVI,1303.4691749837368
2024-03-13T06:00:00Z,tribes_fort-belknap_Fort Belknap,Fort Belknap,NDVI,2618.485366559329
2024-03-13T06:00:00Z,tribes_rocky-boys_Rocky Boy's,Rocky Boy's,EVI,1420.3498117866438
2024-03-13T06:00:00Z,tribes_rocky-boys_Rocky Boy's,Rocky Boy's,NDVI,3006.619794002715
2024-03-13T06:00:00Z,tribes_blackfeet_Blackfeet,Blackfeet,EVI,1227.0947040322562
2024-03-13T06:00:00Z,tribes_blackfeet_Blackfeet,Blackfeet,NDVI,2166.8001604028227
2024-03-13T06:00:00Z,tribes_flathead_Flathead,Flathead,EVI,1963.2329147799064
2024-03-13T06:00:00Z,tribes_flathead_Flathead,Flathead,NDVI,3880.6842888647966
2024-03-29T06:00:00Z,tribes_northern-cheyenne_Northern Cheyenne,Northern Cheyenne,EVI,1758.250448653976
2024-03-29T06:00:00Z,tribes_northern-cheyenne_Northern Cheyenne,Northern Cheyenne,NDVI,3428.655069774066
2024-03-29T06:00:00Z,tribes_crow_Crow,Crow,EVI,1812.853022819118
2024-03-29T06:00:00Z,tribes_crow_Crow,Crow,NDVI,3194.5173446228014
2024-03-29T06:00:00Z,tribes_fort-peck_Fort Peck,Fort Peck,EVI,1331.6999363912605
2024-03-29T06:00:00Z,tribes_fort-peck_Fort Peck,Fort Peck,NDVI,2554.718216937587
2024-03-29T06:00:00Z,tribes_fort-belknap_Fort Belknap,Fort Belknap,EVI,1526.1559514864978
2024-03-29T06:00:00Z,tribes_fort-belknap_Fort Belknap,Fort Belknap,NDVI,2919.0664093192236
2024-03-29T06:00:00Z,tribes_rocky-boys_Rocky Boy's,Rocky Boy's,EVI,1572.3277939175975
2024-03-29T06:00:00Z,tribes_rocky-boys_Rocky Boy's,Rocky Boy's,NDVI,3165.5673187275747
2024-03-29T06:00:00Z,tribes_blackfeet_Blackfeet,Blackfeet,EVI,1296.0574487284787
2024-03-29T06:00:00Z,tribes_blackfeet_Blackfeet,Blackfeet,NDVI,2380.018550961455
2024-03-29T06:00:00Z,tribes_flathead_Flathead,Flathead,EVI,2327.7569853669393
2024-03-29T06:00:00Z,tribes_flathead_Flathead,Flathead,NDVI,4538.27863025182
2024-04-14T06:00:00Z,tribes_northern-cheyenne_Northern Cheyenne,Northern Cheyenne,EVI,2013.71161985195
2024-04-14T06:00:00Z,tribes_northern-cheyenne_Northern Cheyenne,Northern Cheyenne,NDVI,3670.155773505012
2024-04-14T06:00:00Z,tribes_crow_Crow,Crow,EVI,2163.554163501819
2024-04-14T06:00:00Z,tribes_crow_Crow,Crow,NDVI,3720.9081097293597
2024-04-14T06:00:00Z,tribes_fort-peck_Fort Peck,Fort Peck,EVI,1503.4593300943666
2024-04-14T06:00:00Z,tribes_fort-peck_Fort Peck,Fort Peck,NDVI,2890.253322735325
2024-04-14T06:00:00Z,tribes_fort-belknap_Fort Belknap,Fort Belknap,EVI,1822.3819716338887
2024-04-14T06:00:00Z,tribes_fort-belknap_Fort Belknap,Fort Belknap,NDVI,3342.9027125089883
2024-04-14T06:00:00Z,tribes_rocky-boys_Rocky Boy's,Rocky Boy's,EVI,2043.3710433268134
2024-04-14T06:00:00Z,tribes_rocky-boys_Rocky Boy's,Rocky Boy's,NDVI,3918.7878044092895
2024-04-14T06:00:00Z,tribes_blackfeet_Blackfeet,Blackfeet,EVI,1656.6780454971229
2024-04-14T06:00:00Z,tribes_blackfeet_Blackfeet,Blackfeet,NDVI,3084.877781266189
2024-04-14T06:00:00Z,tribes_flathead_Flathead,Flathead,EVI,2818.6270296360367
2024-04-14T06:00:00Z,tribes_flathead_Flathead,Flathead,NDVI,5096.027484511321
2024-04-30T06:00:00Z,tribes_northern-cheyenne_Northern Cheyenne,Northern Cheyenne,EVI,2542.573607698314
2024-04-30T06:00:00Z,tribes_northern-cheyenne_Northern Cheyenne,Northern Cheyenne,NDVI,4454.734308161137
2024-04-30T06:00:00Z,tribes_crow_Crow,Crow,EVI,2753.2295857558947
2024-04-30T06:00:00Z,tribes_crow_Crow,Crow,NDVI,4642.683131793075
2024-04-30T06:00:00Z,tribes_fort-peck_Fort Peck,Fort Peck,EVI,1919.0012144543837
2024-04-30T06:00:00Z,tribes_fort-peck_Fort Peck,Fort Peck,NDVI,3216.5941723562983
2024-04-30T06:00:00Z,tribes_fort-belknap_Fort Belknap,Fort Belknap,EVI,2225.067258989152
2024-04-30T06:00:00Z,tribes_fort-belknap_Fort Belknap,Fort Belknap,NDVI,3895.210286787004
2024-04-30T06:00:00Z,tribes_rocky-boys_Rocky Boy's,Rocky Boy's,EVI,2438.3051346193224
2024-04-30T06:00:00Z,tribes_rocky-boys_Rocky Boy's,Rocky Boy's,NDVI,4239.268569154777
2024-04-30T06:00:00Z,tribes_blackfeet_Blackfeet,Blackfeet,EVI,1967.9978489833406
2024-04-30T06:00:00Z,tribes_blackfeet_Blackfeet,Blackfeet,NDVI,3654.4784366903773
2024-04-30T06:00:00Z,tribes_flathead_Flathead,Flathead,EVI,3497.458420169162
2024-04-30T06:00:00Z,tribes_flathead_Flathead,Flathead,NDVI,5810.732254578719
2024-05-16T06:00:00Z,tribes_northern-cheyenne_Northern Cheyenne,Northern Cheyenne,EVI,3068.8762907859978
2024-05-16T06:00:00Z,tribes_northern-cheyenne_Northern Cheyenne,Northern Cheyenne,NDVI,5037.67764039997
2024-05-16T06:00:00Z,tribes_crow_Crow,Crow,EVI,3605.7262849180684
2024-05-16T06:00:00Z,tribes_crow_Crow,Crow,NDVI,5505.382655977339
2024-05-16T06:00:00Z,tribes_fort-peck_Fort Peck,Fort Peck,EVI,2472.9678128743167
2024-05-16T06:00:00Z,tribes_fort-peck_Fort Peck,Fort Peck,NDVI,4200.995326263091
2024-05-16T06:00:00Z,tribes_fort-belknap_Fort Belknap,Fort Belknap,EVI,3648.6876332293305
2024-05-16T06:00:00Z,tribes_fort-belknap_Fort Belknap,Fort Belknap,NDVI,5319.175622140803
2024-05-16T06:00:00Z,tribes_rocky-boys_Rocky Boy's,Rocky Boy's,EVI,4167.7368252439155
2024-05-16T06:00:00Z,tribes_rocky-boys_Rocky Boy's,Rocky Boy's,NDVI,5809.820696754806
2024-05-16T06:00:00Z,tribes_blackfeet_Blackfeet,Blackfeet,EVI,2773.4376907789356
2024-05-16T06:00:00Z,tribes_blackfeet_Blackfeet,Blackfeet,NDVI,4724.479292409176
2024-05-16T06:00:00Z,tribes_flathead_Flathead,Flathead,EVI,4015.0005954126327
2024-05-16T06:00:00Z,tribes_flathead_Flathead,Flathead,NDVI,6229.581022411985
2024-06-01T06:00:00Z,tribes_northern-cheyenne_Northern Cheyenne,Northern Cheyenne,EVI,3383.7231006593415
2024-06-01T06:00:00Z,tribes_northern-cheyenne_Northern Cheyenne,Northern Cheyenne,NDVI,5609.187021459171
2024-06-01T06:00:00Z,tribes_crow_Crow,Crow,EVI,3808.136739532119
2024-06-01T06:00:00Z,tribes_crow_Crow,Crow,NDVI,5897.5625856958695
2024-06-01T06:00:00Z,tribes_fort-peck_Fort Peck,Fort Peck,EVI,3165.1431942201975
2024-06-01T06:00:00Z,tribes_fort-peck_Fort Peck,Fort Peck,NDVI,4862.6842735951495
2024-06-01T06:00:00Z,tribes_fort-belknap_Fort Belknap,Fort Belknap,EVI,3223.331080622147
2024-06-01T06:00:00Z,tribes_fort-belknap_Fort Belknap,Fort Belknap,NDVI,5056.734189905273
2024-06-01T06:00:00Z,tribes_rocky-boys_Rocky Boy's,Rocky Boy's,EVI,4049.893668395755
2024-06-01T06:00:00Z,tribes_rocky-boys_Rocky Boy's,Rocky Boy's,NDVI,6127.0082667596225
2024-06-01T06:00:00Z,tribes_blackfeet_Blackfeet,Blackfeet,EVI,3363.7756588732736
2024-06-01T06:00:00Z,tribes_blackfeet_Blackfeet,Blackfeet,NDVI,5156.161136696386
2024-06-01T06:00:00Z,tribes_flathead_Flathead,Flathead,EVI,3372.7150710800843
2024-06-01T06:00:00Z,tribes_flathead_Flathead,Flathead,NDVI,6126.234360808591
2024-06-17T06:00:00Z,tribes_northern-cheyenne_Northern Cheyenne,Northern Cheyenne,EVI,3358.3754023138267
2024-06-17T06:00:00Z,tribes_northern-cheyenne_Northern Cheyenne,Northern Cheyenne,NDVI,6029.082437386465
2024-06-17T06:00:00Z,tribes_crow_Crow,Crow,EVI,3658.4689066171995
2024-06-17T06:00:00Z,tribes_crow_Crow,Crow,NDVI,5821.7686115187735
2024-06-17T06:00:00Z,tribes_fort-peck_Fort Peck,Fort Peck,EVI,3566.7858210468708
2024-06-17T06:00:00Z,tribes_fort-peck_Fort Peck,Fort Peck,NDVI,5703.646588024309
2024-06-17T06:00:00Z,tribes_fort-belknap_Fort Belknap,Fort Belknap,EVI,3143.6748067929093
2024-06-17T06:00:00Z,tribes_fort-belknap_Fort Belknap,Fort Belknap,NDVI,5157.53316777333
2024-06-17T06:00:00Z,tribes_rocky-boys_Rocky Boy's,Rocky Boy's,EVI,4114.8498567592815
2024-06-17T06:00:00Z,tribes_rocky-boys_Rocky Boy's,Rocky Boy's,NDVI,6489.52475943634
2024-06-17T06:00:00Z,tribes_blackfeet_Blackfeet,Blackfeet,EVI,3547.55637554053
2024-06-17T06:00:00Z,tribes_blackfeet_Blackfeet,Blackfeet,NDVI,5417.312564663719
2024-06-17T06:00:00Z,tribes_flathead_Flathead,Flathead,EVI,3201.6905192587974
2024-06-17T06:00:00Z,tribes_flathead_Flathead,Flathead,NDVI,6094.523316533361
2024-07-03T06:00:00Z,tribes_northern-cheyenne_Northern Cheyenne,Northern Cheyenne,EVI,3383.759879012871
2024-07-03T06:00:00Z,tribes_northern-cheyenne_Northern Cheyenne,Northern Cheyenne,NDVI,5403.9893923099
2024-07-03T06:00:00Z,tribes_crow_Crow,Crow,EVI,3164.1295426141037
2024-07-03T06:00:00Z,tribes_crow_Crow,Crow,NDVI,5116.491136665845
2024-07-03T06:00:00Z,tribes_fort-peck_Fort Peck,Fort Peck,EVI,3381.157649746057
2024-07-03T06:00:00Z,tribes_fort-peck_Fort Peck,Fort Peck,NDVI,5194.173509884963
2024-07-03T06:00:00Z,tribes_fort-belknap_Fort Belknap,Fort Belknap,EVI,2921.366308077804
2024-07-03T06:00:00Z,tribes_fort-belknap_Fort Belknap,Fort Belknap,NDVI,4894.634762126987
2024-07-03T06:00:00Z,tribes_rocky-boys_Rocky Boy's,Rocky Boy's,EVI,3868.964766274269
2024-07-03T06:00:00Z,tribes_rocky-boys_Rocky Boy's,Rocky Boy's,NDVI,6563.838808161648
2024-07-03T06:00:00Z,tribes_blackfeet_Blackfeet,Blackfeet,EVI,3509.744453923623
2024-07-03T06:00:00Z,tribes_blackfeet_Blackfeet,Blackfeet,NDVI,5353.525332508829
2024-07-03T06:00:00Z,tribes_flathead_Flathead,Flathead,EVI,3096.857909925884
2024-07-03T06:00:00Z,tribes_flathead_Flathead,Flathead,NDVI,5633.396969314457
2024-07-19T06:00:00Z,tribes_northern-cheyenne_Northern Cheyenne,Northern Cheyenne,EVI,2512.2967884003024
2024-07-19T06:00:00Z,tribes_northern-cheyenne_Northern Cheyenne,Northern Cheyenne,NDVI,4849.130811649218
2024-07-19T06:00:00Z,tribes_crow_Crow,Crow,EVI,2635.361733063664
2024-07-19T06:00:00Z,tribes_crow_Crow,Crow,NDVI,4301.386888613118
2024-07-19T06:00:00Z,tribes_fort-peck_Fort Peck,Fort Peck,EVI,2370.4305381887348
2024-07-19T06:00:00Z,tribes_fort-peck_Fort Peck,Fort Peck,NDVI,3845.374842620226
2024-07-19T06:00:00Z,tribes_fort-belknap_Fort Belknap,Fort Belknap,EVI,2360.780171090003
2024-07-19T06:00:00Z,tribes_fort-belknap_Fort Belknap,Fort Belknap,NDVI,4014.220596819631
2024-07-19T06:00:00Z,tribes_rocky-boys_Rocky Boy's,Rocky Boy's,EVI,3260.7651938318254
2024-07-19T06:00:00Z,tribes_rocky-boys_Rocky Boy's,Rocky Boy's,NDVI,5077.927652415618
2024-07-19T06:00:00Z,tribes_blackfeet_Blackfeet,Blackfeet,EVI,2900.602714022668
2024-07-19T06:00:00Z,tribes_blackfeet_Blackfeet,Blackfeet,NDVI,4280.99133821094
2024-07-19T06:00:00Z,tribes_flathead_Flathead,Flathead,EVI,2934.8550740386245
2024-07-19T06:00:00Z,tribes_flathead_Flathead,Flathead,NDVI,5067.149056708299
2024-08-04T06:00:00Z,tribes_northern-cheyenne_Northern Cheyenne,Northern Cheyenne,EVI,2479.235639846867
2024-08-04T06:00:00Z,tribes_northern-cheyenne_Northern Cheyenne,Northern Cheyenne,NDVI,4567.260165840587
2024-08-04T06:00:00Z,tribes_crow_Crow,Crow,EVI,2329.654947172397
2024-08-04T06:00:00Z,tribes_crow_Crow,Crow,NDVI,3960.043523362282
2024-08-04T06:00:00Z,tribes_fort-peck_Fort Peck,Fort Peck,EVI,2001.9713745224526
2024-08-04T06:00:00Z,tribes_fort-peck_Fort Peck,Fort Peck,NDVI,3173.4335863310166
2024-08-04T06:00:00Z,tribes_fort-belknap_Fort Belknap,Fort Belknap,EVI,2089.321888043701
2024-08-04T06:00:00Z,tribes_fort-belknap_Fort Belknap,Fort Belknap,NDVI,3870.713776707111
2024-08-04T06:00:00Z,tribes_rocky-boys_Rocky Boy's,Rocky Boy's,EVI,2896.1455798640227
2024-08-04T06:00:00Z,tribes_rocky-boys_Rocky Boy's,Rocky Boy's,NDVI,5222.005043606666
2024-08-04T06:00:00Z,tribes_blackfeet_Blackfeet,Blackfeet,EVI,2474.8897395085196
2024-08-04T06:00:00Z,tribes_blackfeet_Blackfeet,Blackfeet,NDVI,4318.4734009532185
2024-08-04T06:00:00Z,tribes_flathead_Flathead,Flathead,EVI,2646.8474283750675
2024-08-04T06:00:00Z,tribes_flathead_Flathead,Flathead,NDVI,4941.466880704985
2024-08-20T06:00:00Z,tribes_northern-cheyenne_Northern Cheyenne,Northern Cheyenne,EVI,2274.4763380971717
2024-08-20T06:00:00Z,tribes_northern-cheyenne_Northern Cheyenne,Northern Cheyenne,NDVI,4389.726561369646
2024-08-20T06:00:00Z,tribes_crow_Crow,Crow,EVI,2044.640817073092
2024-08-20T06:00:00Z,tribes_crow_Crow,Crow,NDVI,3635.0005491456277
2024-08-20T06:00:00Z,tribes_fort-peck_Fort Peck,Fort Peck,EVI,1764.9084437877043
2024-08-20T06:00:00Z,tribes_fort-peck_Fort Peck,Fort Peck,NDVI,3092.8717990973546
2024-08-20T06:00:00Z,tribes_fort-belknap_Fort Belknap,Fort Belknap,EVI,2026.9397835832733
2024-08-20T06:00:00Z,tribes_fort-belknap_Fort Belknap,Fort Belknap,NDVI,3667.236133779421
2024-08-20T06:00:00Z,tribes_rocky-boys_Rocky Boy's,Rocky Boy's,EVI,2727.1975237783804
2024-08-20T06:00:00Z,tribes_rocky-boys_Rocky Boy's,Rocky Boy's,NDVI,4787.257110305257
2024-08-20T06:00:00Z,tribes_blackfeet_Blackfeet,Blackfeet,EVI,2630.486658398569
2024-08-20T06:00:00Z,tribes_blackfeet_Blackfeet,Blackfeet,NDVI,4408.560375142825
2024-08-20T06:00:00Z,tribes_flathead_Flathead,Flathead,EVI,2522.7417688982327
2024-08-20T06:00:00Z,tribes_flathead_Flathead,Flathead,NDVI,5259.896222244937
2024-09-05T06:00:00Z,tribes_northern-cheyenne_Northern Cheyenne,Northern Cheyenne,EVI,2073.3995774599803
2024-09-05T06:00:00Z,tribes_northern-cheyenne_Northern Cheyenne,Northern Cheyenne,NDVI,4279.468231677804
2024-09-05T06:00:00Z,tribes_crow_Crow,Crow,EVI,1932.3883706932343
2024-09-05T06:00:00Z,tribes_crow_Crow,Crow,NDVI,3498.472269046645
2024-09-05T06:00:00Z,tribes_fort-peck_Fort Peck,Fort Peck,EVI,1688.2091788111302
2024-09-05T06:00:00Z,tribes_fort-peck_Fort Peck,Fort Peck,NDVI,3044.327537088179
2024-09-05T06:00:00Z,tribes_fort-belknap_Fort Belknap,Fort Belknap,EVI,1844.3633554819774
2024-09-05T06:00:00Z,tribes_fort-belknap_Fort Belknap,Fort Belknap,NDVI,3603.5432434718614
2024-09-05T06:00:00Z,tribes_rocky-boys_Rocky Boy's,Rocky Boy's,EVI,2505.471231955422
2024-09-05T06:00:00Z,tribes_rocky-boys_Rocky Boy's,Rocky Boy's,NDVI,4035.8758972721294
2024-09-05T06:00:00Z,tribes_blackfeet_Blackfeet,Blackfeet,EVI,2455.479460022306
2024-09-05T06:00:00Z,tribes_blackfeet_Blackfeet,Blackfeet,NDVI,4223.14402035142
2024-09-05T06:00:00Z,tribes_flathead_Flathead,Flathead,EVI,2334.89283147605
2024-09-05T06:00:00Z,tribes_flathead_Flathead,Flathead,NDVI,4963.2275528350165
2024-09-21T06:00:00Z,tribes_northern-cheyenne_Northern Cheyenne,Northern Cheyenne,EVI,2073.2366718544276
2024-09-21T06:00:00Z,tribes_northern-cheyenne_Northern Cheyenne,Northern Cheyenne,NDVI,4229.741475057147
2024-09-21T06:00:00Z,tribes_crow_Crow,Crow,EVI,1888.526259788164
2024-09-21T06:00:00Z,tribes_crow_Crow,Crow,NDVI,3557.550536342711
2024-09-21T06:00:00Z,tribes_fort-peck_Fort Peck,Fort Peck,EVI,1789.0909460202788
2024-09-21T06:00:00Z,tribes_fort-peck_Fort Peck,Fort Peck,NDVI,3285.355591196957
2024-09-21T06:00:00Z,tribes_fort-belknap_Fort Belknap,Fort Belknap,EVI,1961.7818044217936
2024-09-21T06:00:00Z,tribes_fort-belknap_Fort Belknap,Fort Belknap,NDVI,3798.8954479445306
2024-09-21T06:00:00Z,tribes_rocky-boys_Rocky Boy's,Rocky Boy's,EVI,2573.039038843732
2024-09-21T06:00:00Z,tribes_rocky-boys_Rocky Boy's,Rocky Boy's,NDVI,5038.23682835379
2024-09-21T06:00:00Z,tribes_blackfeet_Blackfeet,Blackfeet,EVI,2189.0478662137125
2024-09-21T06:00:00Z,tribes_blackfeet_Blackfeet,Blackfeet,NDVI,3867.8419166522754
2024-09-21T06:00:00Z,tribes_flathead_Flathead,Flathead,EVI,2460.597736892643
2024-09-21T06:00:00Z,tribes_flathead_Flathead,Flathead,NDVI,5169.735090086063
2024-10-07T06:00:00Z,tribes_northern-cheyenne_Northern Cheyenne,Northern Cheyenne,EVI,1853.7193595151589
2024-10-07T06:00:00Z,tribes_northern-cheyenne_Northern Cheyenne,Northern Cheyenne,NDVI,3910.6082576373938
2024-10-07T06:00:00Z,tribes_crow_Crow,Crow,EVI,1779.169718845337
2024-10-07T06:00:00Z,tribes_crow_Crow,Crow,NDVI,3359.4526724671073
2024-10-07T06:00:00Z,tribes_fort-peck_Fort Peck,Fort Peck,EVI,1729.8703242055988
2024-10-07T06:00:00Z,tribes_fort-peck_Fort Peck,Fort Peck,NDVI,3113.3343904501485
2024-10-07T06:00:00Z,tribes_fort-belknap_Fort Belknap,Fort Belknap,EVI,1851.9248964228775
2024-10-07T06:00:00Z,tribes_fort-belknap_Fort Belknap,Fort Belknap,NDVI,3547.2772388080352
2024-10-07T06:00:00Z,tribes_rocky-boys_Rocky Boy's,Rocky Boy's,EVI,2382.6003628459152
2024-10-07T06:00:00Z,tribes_rocky-boys_Rocky Boy's,Rocky Boy's,NDVI,4711.025946531944
2024-10-07T06:00:00Z,tribes_blackfeet_Blackfeet,Blackfeet,EVI,1807.9930466730493
2024-10-07T06:00:00Z,tribes_blackfeet_Blackfeet,Blackfeet,NDVI,3299.0088819010452
2024-10-07T06:00:00Z,tribes_flathead_Flathead,Flathead,EVI,2309.4039947894607
2024-10-07T06:00:00Z,tribes_flathead_Flathead,Flathead,NDVI,5126.439191623263
2024-10-23T06:00:00Z,tribes_northern-cheyenne_Northern Cheyenne,Northern Cheyenne,EVI,1921.1661083191777
2024-10-23T06:00:00Z,tribes_northern-cheyenne_Northern Cheyenne,Northern Cheyenne,NDVI,3801.523103862944
2024-10-23T06:00:00Z,tribes_crow_Crow,Crow,EVI,1807.6475164090245
2024-10-23T06:00:00Z,tribes_crow_Crow,Crow,NDVI,3263.4696420555088
2024-10-23T06:00:00Z,tribes_fort-peck_Fort Peck,Fort Peck,EVI,1684.3434532958088
2024-10-23T06:00:00Z,tribes_fort-peck_Fort Peck,Fort Peck,NDVI,3130.6848662070506
2024-10-23T06:00:00Z,tribes_fort-belknap_Fort Belknap,Fort Belknap,EVI,1735.0764969309607
2024-10-23T06:00:00Z,tribes_fort-belknap_Fort Belknap,Fort Belknap,NDVI,3171.2603560513103
2024-10-23T06:00:00Z,tribes_rocky-boys_Rocky Boy's,Rocky Boy's,EVI,1981.0070875238962
2024-10-23T06:00:00Z,tribes_rocky-boys_Rocky Boy's,Rocky Boy's,NDVI,4080.921483576923
2024-10-23T06:00:00Z,tribes_blackfeet_Blackfeet,Blackfeet,EVI,1645.7878263923062
2024-10-23T06:00:00Z,tribes_blackfeet_Blackfeet,Blackfeet,NDVI,2929.6440341964144
2024-10-23T06:00:00Z,tribes_flathead_Flathead,Flathead,EVI,2148.3893957886867
2024-10-23T06:00:00Z,tribes_flathead_Flathead,Flathead,NDVI,4713.117211445113
2024-11-08T07:00:00Z,tribes_northern-cheyenne_Northern Cheyenne,Northern Cheyenne,EVI,1628.4326663653935
2024-11-08T07:00:00Z,tribes_northern-cheyenne_Northern Cheyenne,Northern Cheyenne,NDVI,3688.8902617452563
2024-11-08T07:00:00Z,tribes_crow_Crow,Crow,EVI,1555.4963387020878
2024-11-08T07:00:00Z,tribes_crow_Crow,Crow,NDVI,2949.4079649464347
2024-11-08T07:00:00Z,tribes_fort-peck_Fort Peck,Fort Peck,EVI,1506.9177165583837
2024-11-08T07:00:00Z,tribes_fort-peck_Fort Peck,Fort Peck,NDVI,2771.2719063857194
2024-11-08T07:00:00Z,tribes_fort-belknap_Fort Belknap,Fort Belknap,EVI,1547.5899990710166
2024-11-08T07:00:00Z,tribes_fort-belknap_Fort Belknap,Fort Belknap,NDVI,2908.922758253803
2024-11-08T07:00:00Z,tribes_rocky-boys_Rocky Boy's,Rocky Boy's,EVI,1810.811545761049
2024-11-08T07:00:00Z,tribes_rocky-boys_Rocky Boy's,Rocky Boy's,NDVI,3142.0866286324945
2024-11-08T07:00:00Z,tribes_blackfeet_Blackfeet,Blackfeet,EVI,1553.2921626400478
2024-11-08T07:00:00Z,tribes_blackfeet_Blackfeet,Blackfeet,NDVI,2720.2568495710307
2024-11-08T07:00:00Z,tribes_flathead_Flathead,Flathead,EVI,2002.7834080769444
2024-11-08T07:00:00Z,tribes_flathead_Flathead,Flathead,NDVI,4240.027233316047
2024-11-24T07:00:00Z,tribes_northern-cheyenne_Northern Cheyenne,Northern Cheyenne,EVI,1611.667933052027
2024-11-24T07:00:00Z,tribes_northern-cheyenne_Northern Cheyenne,Northern Cheyenne,NDVI,3425.950512553512
2024-11-24T07:00:00Z,tribes_crow_Crow,Crow,EVI,1376.8226698537778
2024-11-24T07:00:00Z,tribes_crow_Crow,Crow,NDVI,2649.644212124475
2024-11-24T07:00:00Z,tribes_fort-peck_Fort Peck,Fort Peck,EVI,NA
2024-11-24T07:00:00Z,tribes_fort-peck_Fort Peck,Fort Peck,NDVI,NA
2024-11-24T07:00:00Z,tribes_fort-belknap_Fort Belknap,Fort Belknap,EVI,1556.7979426673078
2024-11-24T07:00:00Z,tribes_fort-belknap_Fort Belknap,Fort Belknap,NDVI,6294.61454434401
2024-11-24T07:00:00Z,tribes_rocky-boys_Rocky Boy's,Rocky Boy's,EVI,NA
2024-11-24T07:00:00Z,tribes_rocky-boys_Rocky Boy's,Rocky Boy's,NDVI,NA
2024-11-24T07:00:00Z,tribes_blackfeet_Blackfeet,Blackfeet,EVI,1458.8521197082835
2024-11-24T07:00:00Z,tribes_blackfeet_Blackfeet,Blackfeet,NDVI,2375.8982898023037
2024-11-24T07:00:00Z,tribes_flathead_Flathead,Flathead,EVI,1759.6622186960133
2024-11-24T07:00:00Z,tribes_flathead_Flathead,Flathead,NDVI,3895.6294587646075
2024-12-10T07:00:00Z,tribes_northern-cheyenne_Northern Cheyenne,Northern Cheyenne,EVI,1368.61224589963
2024-12-10T07:00:00Z,tribes_northern-cheyenne_Northern Cheyenne,Northern Cheyenne,NDVI,3141.518857931629
2024-12-10T07:00:00Z,tribes_crow_Crow,Crow,EVI,1332.8980337755886
2024-12-10T07:00:00Z,tribes_crow_Crow,Crow,NDVI,2582.018436705637
2024-12-10T07:00:00Z,tribes_fort-peck_Fort Peck,Fort Peck,EVI,1089.4814556042322
2024-12-10T07:00:00Z,tribes_fort-peck_Fort Peck,Fort Peck,NDVI,2340.466940479638
2024-12-10T07:00:00Z,tribes_fort-belknap_Fort Belknap,Fort Belknap,EVI,1380.8774165086345
2024-12-10T07:00:00Z,tribes_fort-belknap_Fort Belknap,Fort Belknap,NDVI,2693.1731507819636
2024-12-10T07:00:00Z,tribes_rocky-boys_Rocky Boy's,Rocky Boy's,EVI,1445.517720260934
2024-12-10T07:00:00Z,tribes_rocky-boys_Rocky Boy's,Rocky Boy's,NDVI,2734.693514027147
2024-12-10T07:00:00Z,tribes_blackfeet_Blackfeet,Blackfeet,EVI,1332.6749560869875
2024-12-10T07:00:00Z,tribes_blackfeet_Blackfeet,Blackfeet,NDVI,2244.685787260569
2024-12-10T07:00:00Z,tribes_flathead_Flathead,Flathead,EVI,1858.0481349545894
2024-12-10T07:00:00Z,tribes_flathead_Flathead,Flathead,NDVI,3391.2923681798447
2024-12-26T07:00:00Z,tribes_northern-cheyenne_Northern Cheyenne,Northern Cheyenne,EVI,1545.2593917811569
2024-12-26T07:00:00Z,tribes_northern-cheyenne_Northern Cheyenne,Northern Cheyenne,NDVI,3267.3198172214447
2024-12-26T07:00:00Z,tribes_crow_Crow,Crow,EVI,1128.3868941955132
2024-12-26T07:00:00Z,tribes_crow_Crow,Crow,NDVI,2513.551178902927
2024-12-26T07:00:00Z,tribes_fort-peck_Fort Peck,Fort Peck,EVI,1323.0953507209001
2024-12-26T07:00:00Z,tribes_fort-peck_Fort Peck,Fort Peck,NDVI,2403.9745293467395
2024-12-26T07:00:00Z,tribes_fort-belknap_Fort Belknap,Fort Belknap,EVI,1439.1809230993942
2024-12-26T07:00:00Z,tribes_fort-belknap_Fort Belknap,Fort Belknap,NDVI,2613.852770569945
2024-12-26T07:00:00Z,tribes_rocky-boys_Rocky Boy's,Rocky Boy's,EVI,1575.488257475796
2024-12-26T07:00:00Z,tribes_rocky-boys_Rocky Boy's,Rocky Boy's,NDVI,2744.663559046692
2024-12-26T07:00:00Z,tribes_blackfeet_Blackfeet,Blackfeet,EVI,1105.4902574523283
2024-12-26T07:00:00Z,tribes_blackfeet_Blackfeet,Blackfeet,NDVI,2100.1494895647957
2024-12-26T07:00:00Z,tribes_flathead_Flathead,Flathead,EVI,NA
2024-12-26T07:00:00Z,tribes_flathead_Flathead,Flathead,NDVI,NA
2025-01-09T07:00:00Z,tribes_northern-cheyenne_Northern Cheyenne,Northern Cheyenne,EVI,NA
2025-01-09T07:00:00Z,tribes_northern-cheyenne_Northern Cheyenne,Northern Cheyenne,NDVI,NA
2025-01-09T07:00:00Z,tribes_crow_Crow,Crow,EVI,NA
2025-01-09T07:00:00Z,tribes_crow_Crow,Crow,NDVI,NA
2025-01-09T07:00:00Z,tribes_fort-peck_Fort Peck,Fort Peck,EVI,1369.1853102720265
2025-01-09T07:00:00Z,tribes_fort-peck_Fort Peck,Fort Peck,NDVI,2390.772066211487
2025-01-09T07:00:00Z,tribes_fort-belknap_Fort Belknap,Fort Belknap,EVI,NA
2025-01-09T07:00:00Z,tribes_fort-belknap_Fort Belknap,Fort Belknap,NDVI,NA
2025-01-09T07:00:00Z,tribes_rocky-boys_Rocky Boy's,Rocky Boy's,EVI,NA
2025-01-09T07:00:00Z,tribes_rocky-boys_Rocky Boy's,Rocky Boy's,NDVI,NA
2025-01-09T07:00:00Z,tribes_blackfeet_Blackfeet,Blackfeet,EVI,247.78764478764478
2025-01-09T07:00:00Z,tribes_blackfeet_Blackfeet,Blackfeet,NDVI,1238.5382882882882
2025-01-09T07:00:00Z,tribes_flathead_Flathead,Flathead,EVI,1569.9354838709678
2025-01-09T07:00:00Z,tribes_flathead_Flathead,Flathead,NDVI,3706.3548387096776
2025-01-25T07:00:00Z,tribes_northern-cheyenne_Northern Cheyenne,Northern Cheyenne,EVI,NA
2025-01-25T07:00:00Z,tribes_northern-cheyenne_Northern Cheyenne,Northern Cheyenne,NDVI,NA
2025-01-25T07:00:00Z,tribes_crow_Crow,Crow,EVI,1129.8840123113434
2025-01-25T07:00:00Z,tribes_crow_Crow,Crow,NDVI,1896.050541192479
2025-01-25T07:00:00Z,tribes_fort-peck_Fort Peck,Fort Peck,EVI,1080.4573244292574
2025-01-25T07:00:00Z,tribes_fort-peck_Fort Peck,Fort Peck,NDVI,2102.093308719743
2025-01-25T07:00:00Z,tribes_fort-belknap_Fort Belknap,Fort Belknap,EVI,1078.1356534803574
2025-01-25T07:00:00Z,tribes_fort-belknap_Fort Belknap,Fort Belknap,NDVI,1870.2939206875117
2025-01-25T07:00:00Z,tribes_rocky-boys_Rocky Boy's,Rocky Boy's,EVI,NA
2025-01-25T07:00:00Z,tribes_rocky-boys_Rocky Boy's,Rocky Boy's,NDVI,NA
2025-01-25T07:00:00Z,tribes_blackfeet_Blackfeet,Blackfeet,EVI,NA
2025-01-25T07:00:00Z,tribes_blackfeet_Blackfeet,Blackfeet,NDVI,NA
2025-01-25T07:00:00Z,tribes_flathead_Flathead,Flathead,EVI,1536
2025-01-25T07:00:00Z,tribes_flathead_Flathead,Flathead,NDVI,6572.5
2025-02-10T07:00:00Z,tribes_northern-cheyenne_Northern Cheyenne,Northern Cheyenne,EVI,NA
2025-02-10T07:00:00Z,tribes_northern-cheyenne_Northern Cheyenne,Northern Cheyenne,NDVI,NA
2025-02-10T07:00:00Z,tribes_crow_Crow,Crow,EVI,1380.3174830803
2025-02-10T07:00:00Z,tribes_crow_Crow,Crow,NDVI,2257.729840863362
2025-02-10T07:00:00Z,tribes_fort-peck_Fort Peck,Fort Peck,EVI,NA
2025-02-10T07:00:00Z,tribes_fort-peck_Fort Peck,Fort Peck,NDVI,NA
2025-02-10T07:00:00Z,tribes_fort-belknap_Fort Belknap,Fort Belknap,EVI,1308.2867909151414
2025-02-10T07:00:00Z,tribes_fort-belknap_Fort Belknap,Fort Belknap,NDVI,2174.4374415323255
2025-02-10T07:00:00Z,tribes_rocky-boys_Rocky Boy's,Rocky Boy's,EVI,1384.0087653153992
2025-02-10T07:00:00Z,tribes_rocky-boys_Rocky Boy's,Rocky Boy's,NDVI,2357.3297892520727
2025-02-10T07:00:00Z,tribes_blackfeet_Blackfeet,Blackfeet,EVI,1010.7765444485873
2025-02-10T07:00:00Z,tribes_blackfeet_Blackfeet,Blackfeet,NDVI,1849.9944929833773
2025-02-10T07:00:00Z,tribes_flathead_Flathead,Flathead,EVI,NA
2025-02-10T07:00:00Z,tribes_flathead_Flathead,Flathead,NDVI,NA
2025-02-26T07:00:00Z,tribes_northern-cheyenne_Northern Cheyenne,Northern Cheyenne,EVI,1040.8068864391166
2025-02-26T07:00:00Z,tribes_northern-cheyenne_Northern Cheyenne,Northern Cheyenne,NDVI,2232.3274455704513
2025-02-26T07:00:00Z,tribes_crow_Crow,Crow,EVI,1199.067613985792
2025-02-26T07:00:00Z,tribes_crow_Crow,Crow,NDVI,2189.454349693535
2025-02-26T07:00:00Z,tribes_fort-peck_Fort Peck,Fort Peck,EVI,1138.0139074651518
2025-02-26T07:00:00Z,tribes_fort-peck_Fort Peck,Fort Peck,NDVI,2284.8815802272516
2025-02-26T07:00:00Z,tribes_fort-belknap_Fort Belknap,Fort Belknap,EVI,1288.0579797230405
2025-02-26T07:00:00Z,tribes_fort-belknap_Fort Belknap,Fort Belknap,NDVI,2269.593444069883
2025-02-26T07:00:00Z,tribes_rocky-boys_Rocky Boy's,Rocky Boy's,EVI,1294.572911522793
2025-02-26T07:00:00Z,tribes_rocky-boys_Rocky Boy's,Rocky Boy's,NDVI,2348.620922294187
2025-02-26T07:00:00Z,tribes_blackfeet_Blackfeet,Blackfeet,EVI,1129.5641647348134
2025-02-26T07:00:00Z,tribes_blackfeet_Blackfeet,Blackfeet,NDVI,1911.2931283783294
2025-02-26T07:00:00Z,tribes_flathead_Flathead,Flathead,EVI,1462.7480267832345
2025-02-26T07:00:00Z,tribes_flathead_Flathead,Flathead,NDVI,3043.7367716730546
2025-03-14T06:00:00Z,tribes_northern-cheyenne_Northern Cheyenne,Northern Cheyenne,EVI,1611.2261005017756
2025-03-14T06:00:00Z,tribes_northern-cheyenne_Northern Cheyenne,Northern Cheyenne,NDVI,3097.423989213258
2025-03-14T06:00:00Z,tribes_crow_Crow,Crow,EVI,1518.113126137712
2025-03-14T06:00:00Z,tribes_crow_Crow,Crow,NDVI,2660.7582567670415
2025-03-14T06:00:00Z,tribes_fort-peck_Fort Peck,Fort Peck,EVI,1174.8156179661717
2025-03-14T06:00:00Z,tribes_fort-peck_Fort Peck,Fort Peck,NDVI,2252.54742134469
2025-03-14T06:00:00Z,tribes_fort-belknap_Fort Belknap,Fort Belknap,EVI,1506.0421804137911
2025-03-14T06:00:00Z,tribes_fort-belknap_Fort Belknap,Fort Belknap,NDVI,2401.0699639993136
2025-03-14T06:00:00Z,tribes_rocky-boys_Rocky Boy's,Rocky Boy's,EVI,1569.075443033279
2025-03-14T06:00:00Z,tribes_rocky-boys_Rocky Boy's,Rocky Boy's,NDVI,2586.5590602759053
2025-03-14T06:00:00Z,tribes_blackfeet_Blackfeet,Blackfeet,EVI,1328.9821426068486
2025-03-14T06:00:00Z,tribes_blackfeet_Blackfeet,Blackfeet,NDVI,2000.285874047192
2025-03-14T06:00:00Z,tribes_flathead_Flathead,Flathead,EVI,1845.6739602273178
2025-03-14T06:00:00Z,tribes_flathead_Flathead,Flathead,NDVI,3401.8992868206665
2025-03-30T06:00:00Z,tribes_northern-cheyenne_Northern Cheyenne,Northern Cheyenne,EVI,1787.3359145972297
2025-03-30T06:00:00Z,tribes_northern-cheyenne_Northern Cheyenne,Northern Cheyenne,NDVI,3331.6212119806623
2025-03-30T06:00:00Z,tribes_crow_Crow,Crow,EVI,1838.8493684795112
2025-03-30T06:00:00Z,tribes_crow_Crow,Crow,NDVI,3057.1936067391894
2025-03-30T06:00:00Z,tribes_fort-peck_Fort Peck,Fort Peck,EVI,1295.7630268775933
2025-03-30T06:00:00Z,tribes_fort-peck_Fort Peck,Fort Peck,NDVI,2347.5896728265043
2025-03-30T06:00:00Z,tribes_fort-belknap_Fort Belknap,Fort Belknap,EVI,1572.7445427929292
2025-03-30T06:00:00Z,tribes_fort-belknap_Fort Belknap,Fort Belknap,NDVI,2631.729762456487
2025-03-30T06:00:00Z,tribes_rocky-boys_Rocky Boy's,Rocky Boy's,EVI,1799.45749584483
2025-03-30T06:00:00Z,tribes_rocky-boys_Rocky Boy's,Rocky Boy's,NDVI,3189.991758070226
2025-03-30T06:00:00Z,tribes_blackfeet_Blackfeet,Blackfeet,EVI,1440.7312470256002
2025-03-30T06:00:00Z,tribes_blackfeet_Blackfeet,Blackfeet,NDVI,2312.0176205678144
2025-03-30T06:00:00Z,tribes_flathead_Flathead,Flathead,EVI,2195.064240063967
2025-03-30T06:00:00Z,tribes_flathead_Flathead,Flathead,NDVI,4243.6987928199605
2025-04-15T06:00:00Z,tribes_northern-cheyenne_Northern Cheyenne,Northern Cheyenne,EVI,2101.1172537503767
2025-04-15T06:00:00Z,tribes_northern-cheyenne_Northern Cheyenne,Northern Cheyenne,NDVI,3589.746331691467
2025-04-15T06:00:00Z,tribes_crow_Crow,Crow,EVI,2184.88541432688
2025-04-15T06:00:00Z,tribes_crow_Crow,Crow,NDVI,3567.6975820792923
2025-04-15T06:00:00Z,tribes_fort-peck_Fort Peck,Fort Peck,EVI,1590.145782078836
2025-04-15T06:00:00Z,tribes_fort-peck_Fort Peck,Fort Peck,NDVI,2532.670544508051
2025-04-15T06:00:00Z,tribes_fort-belknap_Fort Belknap,Fort Belknap,EVI,2079.2957355461563
2025-04-15T06:00:00Z,tribes_fort-belknap_Fort Belknap,Fort Belknap,NDVI,3180.7256744151505
2025-04-15T06:00:00Z,tribes_rocky-boys_Rocky Boy's,Rocky Boy's,EVI,2284.602821251636
2025-04-15T06:00:00Z,tribes_rocky-boys_Rocky Boy's,Rocky Boy's,NDVI,4032.593891572863
2025-04-15T06:00:00Z,tribes_blackfeet_Blackfeet,Blackfeet,EVI,1680.8865738609247
2025-04-15T06:00:00Z,tribes_blackfeet_Blackfeet,Blackfeet,NDVI,2963.2015646106343
2025-04-15T06:00:00Z,tribes_flathead_Flathead,Flathead,EVI,2630.9393237533527
2025-04-15T06:00:00Z,tribes_flathead_Flathead,Flathead,NDVI,4924.109377915011
2025-05-01T06:00:00Z,tribes_northern-cheyenne_Northern Cheyenne,Northern Cheyenne,EVI,2227.49126874424
2025-05-01T06:00:00Z,tribes_northern-cheyenne_Northern Cheyenne,Northern Cheyenne,NDVI,4455.634544930997
2025-05-01T06:00:00Z,tribes_crow_Crow,Crow,EVI,2863.185952785816
2025-05-01T06:00:00Z,tribes_crow_Crow,Crow,NDVI,4890.754131172028
2025-05-01T06:00:00Z,tribes_fort-peck_Fort Peck,Fort Peck,EVI,1751.2536359063806
2025-05-01T06:00:00Z,tribes_fort-peck_Fort Peck,Fort Peck,NDVI,3045.6610916183627
2025-05-01T06:00:00Z,tribes_fort-belknap_Fort Belknap,Fort Belknap,EVI,2176.4090679851092
2025-05-01T06:00:00Z,tribes_fort-belknap_Fort Belknap,Fort Belknap,NDVI,3948.5604236037966
2025-05-01T06:00:00Z,tribes_rocky-boys_Rocky Boy's,Rocky Boy's,EVI,3861.3255033740543
2025-05-01T06:00:00Z,tribes_rocky-boys_Rocky Boy's,Rocky Boy's,NDVI,5254.467715807421
2025-05-01T06:00:00Z,tribes_blackfeet_Blackfeet,Blackfeet,EVI,2209.725069348562
2025-05-01T06:00:00Z,tribes_blackfeet_Blackfeet,Blackfeet,NDVI,3580.0923196240956
2025-05-01T06:00:00Z,tribes_flathead_Flathead,Flathead,EVI,2985.8759762124223
2025-05-01T06:00:00Z,tribes_flathead_Flathead,Flathead,NDVI,5425.873284743767
2025-05-17T06:00:00Z,tribes_northern-cheyenne_Northern Cheyenne,Northern Cheyenne,EVI,3409.864423741012
2025-05-17T06:00:00Z,tribes_northern-cheyenne_Northern Cheyenne,Northern Cheyenne,NDVI,6248.828153724785
2025-05-17T06:00:00Z,tribes_crow_Crow,Crow,EVI,3935.927063932858
2025-05-17T06:00:00Z,tribes_crow_Crow,Crow,NDVI,6297.264965961582
2025-05-17T06:00:00Z,tribes_fort-peck_Fort Peck,Fort Peck,EVI,2354.7164097202676
2025-05-17T06:00:00Z,tribes_fort-peck_Fort Peck,Fort Peck,NDVI,3754.48212806163
2025-05-17T06:00:00Z,tribes_fort-belknap_Fort Belknap,Fort Belknap,EVI,2687.9431094694564
2025-05-17T06:00:00Z,tribes_fort-belknap_Fort Belknap,Fort Belknap,NDVI,4507.238344464243
2025-05-17T06:00:00Z,tribes_rocky-boys_Rocky Boy's,Rocky Boy's,EVI,3467.1708669568
2025-05-17T06:00:00Z,tribes_rocky-boys_Rocky Boy's,Rocky Boy's,NDVI,5991.863138697194
2025-05-17T06:00:00Z,tribes_blackfeet_Blackfeet,Blackfeet,EVI,2918.5086712260063
2025-05-17T06:00:00Z,tribes_blackfeet_Blackfeet,Blackfeet,NDVI,4664.807060126428
2025-05-17T06:00:00Z,tribes_flathead_Flathead,Flathead,EVI,3491.723097275406
2025-05-17T06:00:00Z,tribes_flathead_Flathead,Flathead,NDVI,5788.983244593245
2025-06-02T06:00:00Z,tribes_northern-cheyenne_Northern Cheyenne,Northern Cheyenne,EVI,3497.2375005789077
2025-06-02T06:00:00Z,tribes_northern-cheyenne_Northern Cheyenne,Northern Cheyenne,NDVI,6151.835238652464
2025-06-02T06:00:00Z,tribes_crow_Crow,Crow,EVI,3903.8419630648227
2025-06-02T06:00:00Z,tribes_crow_Crow,Crow,NDVI,6357.650789324953
2025-06-02T06:00:00Z,tribes_fort-peck_Fort Peck,Fort Peck,EVI,2504.331773047018
2025-06-02T06:00:00Z,tribes_fort-peck_Fort Peck,Fort Peck,NDVI,4160.174857566813
2025-06-02T06:00:00Z,tribes_fort-belknap_Fort Belknap,Fort Belknap,EVI,2507.5320066320096
2025-06-02T06:00:00Z,tribes_fort-belknap_Fort Belknap,Fort Belknap,NDVI,4424.040305897102
2025-06-02T06:00:00Z,tribes_rocky-boys_Rocky Boy's,Rocky Boy's,EVI,3901.233500667506
2025-06-02T06:00:00Z,tribes_rocky-boys_Rocky Boy's,Rocky Boy's,NDVI,6614.188038529219
2025-06-02T06:00:00Z,tribes_blackfeet_Blackfeet,Blackfeet,EVI,3292.718181895953
2025-06-02T06:00:00Z,tribes_blackfeet_Blackfeet,Blackfeet,NDVI,5000.950032046286
2025-06-02T06:00:00Z,tribes_flathead_Flathead,Flathead,EVI,3414.9471005288997
2025-06-02T06:00:00Z,tribes_flathead_Flathead,Flathead,NDVI,5649.614484096678
2025-06-18T06:00:00Z,tribes_northern-cheyenne_Northern Cheyenne,Northern Cheyenne,EVI,3396.400043840301
2025-06-18T06:00:00Z,tribes_northern-cheyenne_Northern Cheyenne,Northern Cheyenne,NDVI,6357.540816418433
2025-06-18T06:00:00Z,tribes_crow_Crow,Crow,EVI,3957.214752180987
2025-06-18T06:00:00Z,tribes_crow_Crow,Crow,NDVI,5804.767416376745
2025-06-18T06:00:00Z,tribes_fort-peck_Fort Peck,Fort Peck,EVI,2839.1167759470895
2025-06-18T06:00:00Z,tribes_fort-peck_Fort Peck,Fort Peck,NDVI,4583.239596848968
2025-06-18T06:00:00Z,tribes_fort-belknap_Fort Belknap,Fort Belknap,EVI,2610.6519819789696
2025-06-18T06:00:00Z,tribes_fort-belknap_Fort Belknap,Fort Belknap,NDVI,4294.637021529557
2025-06-18T06:00:00Z,tribes_rocky-boys_Rocky Boy's,Rocky Boy's,EVI,4124.840773519308
2025-06-18T06:00:00Z,tribes_rocky-boys_Rocky Boy's,Rocky Boy's,NDVI,6214.087946901586
2025-06-18T06:00:00Z,tribes_blackfeet_Blackfeet,Blackfeet,EVI,3372.2919087102805
2025-06-18T06:00:00Z,tribes_blackfeet_Blackfeet,Blackfeet,NDVI,5213.104133567239
2025-06-18T06:00:00Z,tribes_flathead_Flathead,Flathead,EVI,3146.216968445479
2025-06-18T06:00:00Z,tribes_flathead_Flathead,Flathead,NDVI,5393.5628027845205
2025-07-04T06:00:00Z,tribes_northern-cheyenne_Northern Cheyenne,Northern Cheyenne,EVI,3046.5247612432536
2025-07-04T06:00:00Z,tribes_northern-cheyenne_Northern Cheyenne,Northern Cheyenne,NDVI,5615.176117434302
2025-07-04T06:00:00Z,tribes_crow_Crow,Crow,EVI,3090.9691300252357
2025-07-04T06:00:00Z,tribes_crow_Crow,Crow,NDVI,5150.438547721522
2025-07-04T06:00:00Z,tribes_fort-peck_Fort Peck,Fort Peck,EVI,2746.2277629001655
2025-07-04T06:00:00Z,tribes_fort-peck_Fort Peck,Fort Peck,NDVI,4517.815081924179
2025-07-04T06:00:00Z,tribes_fort-belknap_Fort Belknap,Fort Belknap,EVI,2334.905203109536
2025-07-04T06:00:00Z,tribes_fort-belknap_Fort Belknap,Fort Belknap,NDVI,4034.193293476511
2025-07-04T06:00:00Z,tribes_rocky-boys_Rocky Boy's,Rocky Boy's,EVI,4243.081555457781
2025-07-04T06:00:00Z,tribes_rocky-boys_Rocky Boy's,Rocky Boy's,NDVI,5669.856484941964
2025-07-04T06:00:00Z,tribes_blackfeet_Blackfeet,Blackfeet,EVI,3479.0526422105636
2025-07-04T06:00:00Z,tribes_blackfeet_Blackfeet,Blackfeet,NDVI,5167.317283356221
2025-07-04T06:00:00Z,tribes_flathead_Flathead,Flathead,EVI,3029.9091099849725
2025-07-04T06:00:00Z,tribes_flathead_Flathead,Flathead,NDVI,5394.270811948448
2025-07-20T06:00:00Z,tribes_northern-cheyenne_Northern Cheyenne,Northern Cheyenne,EVI,2940.0702103524386
2025-07-20T06:00:00Z,tribes_northern-cheyenne_Northern Cheyenne,Northern Cheyenne,NDVI,5335.997556196455
2025-07-20T06:00:00Z,tribes_crow_Crow,Crow,EVI,2853.531263815458
2025-07-20T06:00:00Z,tribes_crow_Crow,Crow,NDVI,4837.37902272124
2025-07-20T06:00:00Z,tribes_fort-peck_Fort Peck,Fort Peck,EVI,2747.2787490816822
2025-07-20T06:00:00Z,tribes_fort-peck_Fort Peck,Fort Peck,NDVI,4677.211823305929
2025-07-20T06:00:00Z,tribes_fort-belknap_Fort Belknap,Fort Belknap,EVI,2268.7418761440686
2025-07-20T06:00:00Z,tribes_fort-belknap_Fort Belknap,Fort Belknap,NDVI,4035.079473988698
2025-07-20T06:00:00Z,tribes_rocky-boys_Rocky Boy's,Rocky Boy's,EVI,3219.9245978678823
2025-07-20T06:00:00Z,tribes_rocky-boys_Rocky Boy's,Rocky Boy's,NDVI,5655.37172432326
2025-07-20T06:00:00Z,tribes_blackfeet_Blackfeet,Blackfeet,EVI,3026.9815253428906
2025-07-20T06:00:00Z,tribes_blackfeet_Blackfeet,Blackfeet,NDVI,5389.007849928777
2025-07-20T06:00:00Z,tribes_flathead_Flathead,Flathead,EVI,2652.080453419098
2025-07-20T06:00:00Z,tribes_flathead_Flathead,Flathead,NDVI,5501.5125638703375
2025-08-05T06:00:00Z,tribes_northern-cheyenne_Northern Cheyenne,Northern Cheyenne,EVI,3047.2286120360027
2025-08-05T06:00:00Z,tribes_northern-cheyenne_Northern Cheyenne,Northern Cheyenne,NDVI,5092.289050259852
2025-08-05T06:00:00Z,tribes_crow_Crow,Crow,EVI,2597.2113668983325
2025-08-05T06:00:00Z,tribes_crow_Crow,Crow,NDVI,4265.98978055136
2025-08-05T06:00:00Z,tribes_fort-peck_Fort Peck,Fort Peck,EVI,2844.0989372364766
2025-08-05T06:00:00Z,tribes_fort-peck_Fort Peck,Fort Peck,NDVI,5066.555461668571
2025-08-05T06:00:00Z,tribes_fort-belknap_Fort Belknap,Fort Belknap,EVI,2752.974457454066
2025-08-05T06:00:00Z,tribes_fort-belknap_Fort Belknap,Fort Belknap,NDVI,4933.610700031314
2025-08-05T06:00:00Z,tribes_rocky-boys_Rocky Boy's,Rocky Boy's,EVI,3249.598725646714
2025-08-05T06:00:00Z,tribes_rocky-boys_Rocky Boy's,Rocky Boy's,NDVI,5647.312971727847
2025-08-05T06:00:00Z,tribes_blackfeet_Blackfeet,Blackfeet,EVI,2804.0281614165965
2025-08-05T06:00:00Z,tribes_blackfeet_Blackfeet,Blackfeet,NDVI,4891.087229038465
2025-08-05T06:00:00Z,tribes_flathead_Flathead,Flathead,EVI,2772.8486085292093
2025-08-05T06:00:00Z,tribes_flathead_Flathead,Flathead,NDVI,5351.128132853351
2025-08-21T06:00:00Z,tribes_northern-cheyenne_Northern Cheyenne,Northern Cheyenne,EVI,2619.058326149481
2025-08-21T06:00:00Z,tribes_northern-cheyenne_Northern Cheyenne,Northern Cheyenne,NDVI,5029.705147629207
2025-08-21T06:00:00Z,tribes_crow_Crow,Crow,EVI,2345.883602769446
2025-08-21T06:00:00Z,tribes_crow_Crow,Crow,NDVI,4107.254349604352
2025-08-21T06:00:00Z,tribes_fort-peck_Fort Peck,Fort Peck,EVI,2381.9862589351555
2025-08-21T06:00:00Z,tribes_fort-peck_Fort Peck,Fort Peck,NDVI,4226.127004105019
2025-08-21T06:00:00Z,tribes_fort-belknap_Fort Belknap,Fort Belknap,EVI,2647.643881080824
2025-08-21T06:00:00Z,tribes_fort-belknap_Fort Belknap,Fort Belknap,NDVI,4809.962397892665
2025-08-21T06:00:00Z,tribes_rocky-boys_Rocky Boy's,Rocky Boy's,EVI,3019.241056175374
2025-08-21T06:00:00Z,tribes_rocky-boys_Rocky Boy's,Rocky Boy's,NDVI,5545.772614356962
2025-08-21T06:00:00Z,tribes_blackfeet_Blackfeet,Blackfeet,EVI,2402.9311555724857
2025-08-21T06:00:00Z,tribes_blackfeet_Blackfeet,Blackfeet,NDVI,4244.337984587799
2025-08-21T06:00:00Z,tribes_flathead_Flathead,Flathead,EVI,2700.354839544746
2025-08-21T06:00:00Z,tribes_flathead_Flathead,Flathead,NDVI,5265.069833727864
2025-09-06T06:00:00Z,tribes_northern-cheyenne_Northern Cheyenne,Northern Cheyenne,EVI,2324.0455964853045
2025-09-06T06:00:00Z,tribes_northern-cheyenne_Northern Cheyenne,Northern Cheyenne,NDVI,4761.385069617731
2025-09-06T06:00:00Z,tribes_crow_Crow,Crow,EVI,2076.7883577616
2025-09-06T06:00:00Z,tribes_crow_Crow,Crow,NDVI,3876.5281895157877
2025-09-06T06:00:00Z,tribes_fort-peck_Fort Peck,Fort Peck,EVI,2085.855834039493
2025-09-06T06:00:00Z,tribes_fort-peck_Fort Peck,Fort Peck,NDVI,3645.6246507584897
2025-09-06T06:00:00Z,tribes_fort-belknap_Fort Belknap,Fort Belknap,EVI,2394.6458878575077
2025-09-06T06:00:00Z,tribes_fort-belknap_Fort Belknap,Fort Belknap,NDVI,4265.962937286508
2025-09-06T06:00:00Z,tribes_rocky-boys_Rocky Boy's,Rocky Boy's,EVI,2772.0462120362954
2025-09-06T06:00:00Z,tribes_rocky-boys_Rocky Boy's,Rocky Boy's,NDVI,5176.606187382327
2025-09-06T06:00:00Z,tribes_blackfeet_Blackfeet,Blackfeet,EVI,2147.475896518619
2025-09-06T06:00:00Z,tribes_blackfeet_Blackfeet,Blackfeet,NDVI,3723.300929855942
2025-09-06T06:00:00Z,tribes_flathead_Flathead,Flathead,EVI,2371.940142010621
2025-09-06T06:00:00Z,tribes_flathead_Flathead,Flathead,NDVI,5054.118600394373
2025-09-22T06:00:00Z,tribes_northern-cheyenne_Northern Cheyenne,Northern Cheyenne,EVI,2126.420242313722
2025-09-22T06:00:00Z,tribes_northern-cheyenne_Northern Cheyenne,Northern Cheyenne,NDVI,4354.024398119146
2025-09-22T06:00:00Z,tribes_crow_Crow,Crow,EVI,1915.4161966317577
2025-09-22T06:00:00Z,tribes_crow_Crow,Crow,NDVI,3798.5780541138674
2025-09-22T06:00:00Z,tribes_fort-peck_Fort Peck,Fort Peck,EVI,1705.9525128295127
2025-09-22T06:00:00Z,tribes_fort-peck_Fort Peck,Fort Peck,NDVI,3141.9209034131586
2025-09-22T06:00:00Z,tribes_fort-belknap_Fort Belknap,Fort Belknap,EVI,2107.896009853294
2025-09-22T06:00:00Z,tribes_fort-belknap_Fort Belknap,Fort Belknap,NDVI,4015.719732549521
2025-09-22T06:00:00Z,tribes_rocky-boys_Rocky Boy's,Rocky Boy's,EVI,2214.3345288347255
2025-09-22T06:00:00Z,tribes_rocky-boys_Rocky Boy's,Rocky Boy's,NDVI,4630.448561997011
2025-09-22T06:00:00Z,tribes_blackfeet_Blackfeet,Blackfeet,EVI,1879.4535528289007
2025-09-22T06:00:00Z,tribes_blackfeet_Blackfeet,Blackfeet,NDVI,3667.904062328971
2025-09-22T06:00:00Z,tribes_flathead_Flathead,Flathead,EVI,2218.6877664338913
2025-09-22T06:00:00Z,tribes_flathead_Flathead,Flathead,NDVI,5298.045636201918
2025-10-08T06:00:00Z,tribes_northern-cheyenne_Northern Cheyenne,Northern Cheyenne,EVI,NA
2025-10-08T06:00:00Z,tribes_northern-cheyenne_Northern Cheyenne,Northern Cheyenne,NDVI,NA
2025-10-08T06:00:00Z,tribes_crow_Crow,Crow,EVI,NA
2025-10-08T06:00:00Z,tribes_crow_Crow,Crow,NDVI,NA
2025-10-08T06:00:00Z,tribes_fort-peck_Fort Peck,Fort Peck,EVI,NA
2025-10-08T06:00:00Z,tribes_fort-peck_Fort Peck,Fort Peck,NDVI,NA
2025-10-08T06:00:00Z,tribes_fort-belknap_Fort Belknap,Fort Belknap,EVI,NA
2025-10-08T06:00:00Z,tribes_fort-belknap_Fort Belknap,Fort Belknap,NDVI,NA
2025-10-08T06:00:00Z,tribes_rocky-boys_Rocky Boy's,Rocky Boy's,EVI,NA
2025-10-08T06:00:00Z,tribes_rocky-boys_Rocky Boy's,Rocky Boy's,NDVI,NA
2025-10-08T06:00:00Z,tribes_blackfeet_Blackfeet,Blackfeet,EVI,NA
2025-10-08T06:00:00Z,tribes_blackfeet_Blackfeet,Blackfeet,NDVI,NA
2025-10-08T06:00:00Z,tribes_flathead_Flathead,Flathead,EVI,NA
2025-10-08T06:00:00Z,tribes_flathead_Flathead,Flathead,NDVI,NA
