date,id,name,variable,value
2000-02-18T07:00:00Z,tribes_northern-cheyenne_Northern Cheyenne,Northern Cheyenne,EVI,1103.6889331297898
2000-02-18T07:00:00Z,tribes_northern-cheyenne_Northern Cheyenne,Northern Cheyenne,NDVI,2328.1000102296152
2000-02-18T07:00:00Z,tribes_crow_Crow,Crow,EVI,963.9714252800773
2000-02-18T07:00:00Z,tribes_crow_Crow,Crow,NDVI,1830.0103369112003
2000-02-18T07:00:00Z,tribes_fort-peck_Fort Peck,Fort Peck,EVI,1058.7570335223295
2000-02-18T07:00:00Z,tribes_fort-peck_Fort Peck,Fort Peck,NDVI,2030.7826199733238
2000-02-18T07:00:00Z,tribes_fort-belknap_Fort Belknap,Fort Belknap,EVI,1167.3851374879844
2000-02-18T07:00:00Z,tribes_fort-belknap_Fort Belknap,Fort Belknap,NDVI,2191.5579232439145
2000-02-18T07:00:00Z,tribes_rocky-boys_Rocky Boy's,Rocky Boy's,EVI,1194.7900402707376
2000-02-18T07:00:00Z,tribes_rocky-boys_Rocky Boy's,Rocky Boy's,NDVI,2298.676778826325
2000-02-18T07:00:00Z,tribes_blackfeet_Blackfeet,Blackfeet,EVI,970.0484426184579
2000-02-18T07:00:00Z,tribes_blackfeet_Blackfeet,Blackfeet,NDVI,1743.6058543745614
2000-02-18T07:00:00Z,tribes_flathead_Flathead,Flathead,EVI,1535.092
2000-02-18T07:00:00Z,tribes_flathead_Flathead,Flathead,NDVI,3291.9069090909093
2000-03-05T07:00:00Z,tribes_northern-cheyenne_Northern Cheyenne,Northern Cheyenne,EVI,1216.0776132844715
2000-03-05T07:00:00Z,tribes_northern-cheyenne_Northern Cheyenne,Northern Cheyenne,NDVI,2458.956661381926
2000-03-05T07:00:00Z,tribes_crow_Crow,Crow,EVI,1036.702122004531
2000-03-05T07:00:00Z,tribes_crow_Crow,Crow,NDVI,2041.4078366006593
2000-03-05T07:00:00Z,tribes_fort-peck_Fort Peck,Fort Peck,EVI,1078.8379364582931
2000-03-05T07:00:00Z,tribes_fort-peck_Fort Peck,Fort Peck,NDVI,2010.575511322913
2000-03-05T07:00:00Z,tribes_fort-belknap_Fort Belknap,Fort Belknap,EVI,1233.860541603579
2000-03-05T07:00:00Z,tribes_fort-belknap_Fort Belknap,Fort Belknap,NDVI,2307.0360050146096
2000-03-05T07:00:00Z,tribes_rocky-boys_Rocky Boy's,Rocky Boy's,EVI,1263.8618579948723
2000-03-05T07:00:00Z,tribes_rocky-boys_Rocky Boy's,Rocky Boy's,NDVI,2338.369590398266
2000-03-05T07:00:00Z,tribes_blackfeet_Blackfeet,Blackfeet,EVI,1054.2942466032837
2000-03-05T07:00:00Z,tribes_blackfeet_Blackfeet,Blackfeet,NDVI,1772.5270590444077
2000-03-05T07:00:00Z,tribes_flathead_Flathead,Flathead,EVI,2013.1535536232757
2000-03-05T07:00:00Z,tribes_flathead_Flathead,Flathead,NDVI,3530.0853891666998
2000-03-21T07:00:00Z,tribes_northern-cheyenne_Northern Cheyenne,Northern Cheyenne,EVI,1540.5080252916944
2000-03-21T07:00:00Z,tribes_northern-cheyenne_Northern Cheyenne,Northern Cheyenne,NDVI,2999.8083497108296
2000-03-21T07:00:00Z,tribes_crow_Crow,Crow,EVI,1341.3320452564078
2000-03-21T07:00:00Z,tribes_crow_Crow,Crow,NDVI,2512.414842212881
2000-03-21T07:00:00Z,tribes_fort-peck_Fort Peck,Fort Peck,EVI,1141.9213750220056
2000-03-21T07:00:00Z,tribes_fort-peck_Fort Peck,Fort Peck,NDVI,2018.4164413949838
2000-03-21T07:00:00Z,tribes_fort-belknap_Fort Belknap,Fort Belknap,EVI,1303.0829491063607
2000-03-21T07:00:00Z,tribes_fort-belknap_Fort Belknap,Fort Belknap,NDVI,2313.431245298962
2000-03-21T07:00:00Z,tribes_rocky-boys_Rocky Boy's,Rocky Boy's,EVI,1359.668545415131
2000-03-21T07:00:00Z,tribes_rocky-boys_Rocky Boy's,Rocky Boy's,NDVI,2425.7762362405774
2000-03-21T07:00:00Z,tribes_blackfeet_Blackfeet,Blackfeet,EVI,1119.9977094664316
2000-03-21T07:00:00Z,tribes_blackfeet_Blackfeet,Blackfeet,NDVI,1917.4717772569636
2000-03-21T07:00:00Z,tribes_flathead_Flathead,Flathead,EVI,2454.2787705901555
2000-03-21T07:00:00Z,tribes_flathead_Flathead,Flathead,NDVI,4389.859130345985
2000-04-06T06:00:00Z,tribes_northern-cheyenne_Northern Cheyenne,Northern Cheyenne,EVI,1733.2694988374612
2000-04-06T06:00:00Z,tribes_northern-cheyenne_Northern Cheyenne,Northern Cheyenne,NDVI,3419.681459615567
2000-04-06T06:00:00Z,tribes_crow_Crow,Crow,EVI,1737.7564859774889
2000-04-06T06:00:00Z,tribes_crow_Crow,Crow,NDVI,3095.2377493457216
2000-04-06T06:00:00Z,tribes_fort-peck_Fort Peck,Fort Peck,EVI,1227.2263356795113
2000-04-06T06:00:00Z,tribes_fort-peck_Fort Peck,Fort Peck,NDVI,2139.722740098146
2000-04-06T06:00:00Z,tribes_fort-belknap_Fort Belknap,Fort Belknap,EVI,1449.9176744670676
2000-04-06T06:00:00Z,tribes_fort-belknap_Fort Belknap,Fort Belknap,NDVI,2568.414482285422
2000-04-06T06:00:00Z,tribes_rocky-boys_Rocky Boy's,Rocky Boy's,EVI,1689.7344330037379
2000-04-06T06:00:00Z,tribes_rocky-boys_Rocky Boy's,Rocky Boy's,NDVI,3106.680186633675
2000-04-06T06:00:00Z,tribes_blackfeet_Blackfeet,Blackfeet,EVI,1380.4768853971143
2000-04-06T06:00:00Z,tribes_blackfeet_Blackfeet,Blackfeet,NDVI,2346.3853281055126
2000-04-06T06:00:00Z,tribes_flathead_Flathead,Flathead,EVI,2791.0563171434
2000-04-06T06:00:00Z,tribes_flathead_Flathead,Flathead,NDVI,5135.422670146549
2000-04-22T06:00:00Z,tribes_northern-cheyenne_Northern Cheyenne,Northern Cheyenne,EVI,2101.345385183239
2000-04-22T06:00:00Z,tribes_northern-cheyenne_Northern Cheyenne,Northern Cheyenne,NDVI,3715.595605201433
2000-04-22T06:00:00Z,tribes_crow_Crow,Crow,EVI,2238.638111509161
2000-04-22T06:00:00Z,tribes_crow_Crow,Crow,NDVI,3870.7719333371083
2000-04-22T06:00:00Z,tribes_fort-peck_Fort Peck,Fort Peck,EVI,1439.2759608159674
2000-04-22T06:00:00Z,tribes_fort-peck_Fort Peck,Fort Peck,NDVI,2451.5406395533405
2000-04-22T06:00:00Z,tribes_fort-belknap_Fort Belknap,Fort Belknap,EVI,1739.4742827219332
2000-04-22T06:00:00Z,tribes_fort-belknap_Fort Belknap,Fort Belknap,NDVI,3028.380220173947
2000-04-22T06:00:00Z,tribes_rocky-boys_Rocky Boy's,Rocky Boy's,EVI,2081.4294925861054
2000-04-22T06:00:00Z,tribes_rocky-boys_Rocky Boy's,Rocky Boy's,NDVI,3878.67317449428
2000-04-22T06:00:00Z,tribes_blackfeet_Blackfeet,Blackfeet,EVI,1657.453264136699
2000-04-22T06:00:00Z,tribes_blackfeet_Blackfeet,Blackfeet,NDVI,2950.6964189755663
2000-04-22T06:00:00Z,tribes_flathead_Flathead,Flathead,EVI,3024.8920587030084
2000-04-22T06:00:00Z,tribes_flathead_Flathead,Flathead,NDVI,5453.183901578727
2000-05-08T06:00:00Z,tribes_northern-cheyenne_Northern Cheyenne,Northern Cheyenne,EVI,2566.8221908719556
2000-05-08T06:00:00Z,tribes_northern-cheyenne_Northern Cheyenne,Northern Cheyenne,NDVI,4390.749983767383
2000-05-08T06:00:00Z,tribes_crow_Crow,Crow,EVI,2932.1303697954477
2000-05-08T06:00:00Z,tribes_crow_Crow,Crow,NDVI,4720.624899560425
2000-05-08T06:00:00Z,tribes_fort-peck_Fort Peck,Fort Peck,EVI,1723.0415857492799
2000-05-08T06:00:00Z,tribes_fort-peck_Fort Peck,Fort Peck,NDVI,2869.195442779091
2000-05-08T06:00:00Z,tribes_fort-belknap_Fort Belknap,Fort Belknap,EVI,2109.1351671234147
2000-05-08T06:00:00Z,tribes_fort-belknap_Fort Belknap,Fort Belknap,NDVI,3568.394893964536
2000-05-08T06:00:00Z,tribes_rocky-boys_Rocky Boy's,Rocky Boy's,EVI,2522.1926134564883
2000-05-08T06:00:00Z,tribes_rocky-boys_Rocky Boy's,Rocky Boy's,NDVI,4443.2792805921745
2000-05-08T06:00:00Z,tribes_blackfeet_Blackfeet,Blackfeet,EVI,2042.2045840459177
2000-05-08T06:00:00Z,tribes_blackfeet_Blackfeet,Blackfeet,NDVI,3411.8979191636527
2000-05-08T06:00:00Z,tribes_flathead_Flathead,Flathead,EVI,3452.7467490841327
2000-05-08T06:00:00Z,tribes_flathead_Flathead,Flathead,NDVI,5986.108915217873
2000-05-24T06:00:00Z,tribes_northern-cheyenne_Northern Cheyenne,Northern Cheyenne,EVI,3093.731273847792
2000-05-24T06:00:00Z,tribes_northern-cheyenne_Northern Cheyenne,Northern Cheyenne,NDVI,5232.805394747081
2000-05-24T06:00:00Z,tribes_crow_Crow,Crow,EVI,3430.817774790132
2000-05-24T06:00:00Z,tribes_crow_Crow,Crow,NDVI,5365.090368424518
2000-05-24T06:00:00Z,tribes_fort-peck_Fort Peck,Fort Peck,EVI,1973.6085960892226
2000-05-24T06:00:00Z,tribes_fort-peck_Fort Peck,Fort Peck,NDVI,3532.2333854972385
2000-05-24T06:00:00Z,tribes_fort-belknap_Fort Belknap,Fort Belknap,EVI,2360.8484310203125
2000-05-24T06:00:00Z,tribes_fort-belknap_Fort Belknap,Fort Belknap,NDVI,3899.5735924780133
2000-05-24T06:00:00Z,tribes_rocky-boys_Rocky Boy's,Rocky Boy's,EVI,3137.375245734409
2000-05-24T06:00:00Z,tribes_rocky-boys_Rocky Boy's,Rocky Boy's,NDVI,5396.120557625549
2000-05-24T06:00:00Z,tribes_blackfeet_Blackfeet,Blackfeet,EVI,2390.8684741341744
2000-05-24T06:00:00Z,tribes_blackfeet_Blackfeet,Blackfeet,NDVI,3952.9359307382024
2000-05-24T06:00:00Z,tribes_flathead_Flathead,Flathead,EVI,3398.521925531596
2000-05-24T06:00:00Z,tribes_flathead_Flathead,Flathead,NDVI,6219.503702282175
2000-06-09T06:00:00Z,tribes_northern-cheyenne_Northern Cheyenne,Northern Cheyenne,EVI,3003.198266503291
2000-06-09T06:00:00Z,tribes_northern-cheyenne_Northern Cheyenne,Northern Cheyenne,NDVI,5357.689756134277
2000-06-09T06:00:00Z,tribes_crow_Crow,Crow,EVI,3353.449263946402
2000-06-09T06:00:00Z,tribes_crow_Crow,Crow,NDVI,5319.38057855138
2000-06-09T06:00:00Z,tribes_fort-peck_Fort Peck,Fort Peck,EVI,2761.888651123952
2000-06-09T06:00:00Z,tribes_fort-peck_Fort Peck,Fort Peck,NDVI,4790.368586431299
2000-06-09T06:00:00Z,tribes_fort-belknap_Fort Belknap,Fort Belknap,EVI,2758.71547951794
2000-06-09T06:00:00Z,tribes_fort-belknap_Fort Belknap,Fort Belknap,NDVI,4372.184514763436
2000-06-09T06:00:00Z,tribes_rocky-boys_Rocky Boy's,Rocky Boy's,EVI,3956.735047090253
2000-06-09T06:00:00Z,tribes_rocky-boys_Rocky Boy's,Rocky Boy's,NDVI,5913.449981989746
2000-06-09T06:00:00Z,tribes_blackfeet_Blackfeet,Blackfeet,EVI,2959.515218339117
2000-06-09T06:00:00Z,tribes_blackfeet_Blackfeet,Blackfeet,NDVI,4520.857102231584
2000-06-09T06:00:00Z,tribes_flathead_Flathead,Flathead,EVI,3537.0333083215232
2000-06-09T06:00:00Z,tribes_flathead_Flathead,Flathead,NDVI,5673.354934602075
2000-06-25T06:00:00Z,tribes_northern-cheyenne_Northern Cheyenne,Northern Cheyenne,EVI,2925.190109096381
2000-06-25T06:00:00Z,tribes_northern-cheyenne_Northern Cheyenne,Northern Cheyenne,NDVI,5121.905107748913
2000-06-25T06:00:00Z,tribes_crow_Crow,Crow,EVI,3115.5811068207013
2000-06-25T06:00:00Z,tribes_crow_Crow,Crow,NDVI,5004.325013703168
2000-06-25T06:00:00Z,tribes_fort-peck_Fort Peck,Fort Peck,EVI,3204.953421005855
2000-06-25T06:00:00Z,tribes_fort-peck_Fort Peck,Fort Peck,NDVI,5451.842648279096
2000-06-25T06:00:00Z,tribes_fort-belknap_Fort Belknap,Fort Belknap,EVI,2403.8311258420745
2000-06-25T06:00:00Z,tribes_fort-belknap_Fort Belknap,Fort Belknap,NDVI,4036.5088774077794
2000-06-25T06:00:00Z,tribes_rocky-boys_Rocky Boy's,Rocky Boy's,EVI,3595.310913921881
2000-06-25T06:00:00Z,tribes_rocky-boys_Rocky Boy's,Rocky Boy's,NDVI,5922.38717896054
2000-06-25T06:00:00Z,tribes_blackfeet_Blackfeet,Blackfeet,EVI,3103.073425222596
2000-06-25T06:00:00Z,tribes_blackfeet_Blackfeet,Blackfeet,NDVI,4973.058783851222
2000-06-25T06:00:00Z,tribes_flathead_Flathead,Flathead,EVI,3230.001702005546
2000-06-25T06:00:00Z,tribes_flathead_Flathead,Flathead,NDVI,5920.043301285803
2000-07-11T06:00:00Z,tribes_northern-cheyenne_Northern Cheyenne,Northern Cheyenne,EVI,2528.7413071490337
2000-07-11T06:00:00Z,tribes_northern-cheyenne_Northern Cheyenne,Northern Cheyenne,NDVI,4564.277408025277
2000-07-11T06:00:00Z,tribes_crow_Crow,Crow,EVI,2493.378094510577
2000-07-11T06:00:00Z,tribes_crow_Crow,Crow,NDVI,4265.704903017893
2000-07-11T06:00:00Z,tribes_fort-peck_Fort Peck,Fort Peck,EVI,3307.9627855284157
2000-07-11T06:00:00Z,tribes_fort-peck_Fort Peck,Fort Peck,NDVI,5466.919493254616
2000-07-11T06:00:00Z,tribes_fort-belknap_Fort Belknap,Fort Belknap,EVI,2163.3591735171476
2000-07-11T06:00:00Z,tribes_fort-belknap_Fort Belknap,Fort Belknap,NDVI,3729.608955130366
2000-07-11T06:00:00Z,tribes_rocky-boys_Rocky Boy's,Rocky Boy's,EVI,3216.879321496161
2000-07-11T06:00:00Z,tribes_rocky-boys_Rocky Boy's,Rocky Boy's,NDVI,5343.138628745745
2000-07-11T06:00:00Z,tribes_blackfeet_Blackfeet,Blackfeet,EVI,2742.11387607204
2000-07-11T06:00:00Z,tribes_blackfeet_Blackfeet,Blackfeet,NDVI,4357.110505917829
2000-07-11T06:00:00Z,tribes_flathead_Flathead,Flathead,EVI,3003.764207134794
2000-07-11T06:00:00Z,tribes_flathead_Flathead,Flathead,NDVI,5665.217417428932
2000-07-27T06:00:00Z,tribes_northern-cheyenne_Northern Cheyenne,Northern Cheyenne,EVI,2139.5762414064343
2000-07-27T06:00:00Z,tribes_northern-cheyenne_Northern Cheyenne,Northern Cheyenne,NDVI,3439.2226001859185
2000-07-27T06:00:00Z,tribes_crow_Crow,Crow,EVI,2145.7076664257806
2000-07-27T06:00:00Z,tribes_crow_Crow,Crow,NDVI,3288.9907075119286
2000-07-27T06:00:00Z,tribes_fort-peck_Fort Peck,Fort Peck,EVI,2971.5266803696295
2000-07-27T06:00:00Z,tribes_fort-peck_Fort Peck,Fort Peck,NDVI,4716.159818359389
2000-07-27T06:00:00Z,tribes_fort-belknap_Fort Belknap,Fort Belknap,EVI,1796.7770395001282
2000-07-27T06:00:00Z,tribes_fort-belknap_Fort Belknap,Fort Belknap,NDVI,2938.167579355438
2000-07-27T06:00:00Z,tribes_rocky-boys_Rocky Boy's,Rocky Boy's,EVI,2692.192051156421
2000-07-27T06:00:00Z,tribes_rocky-boys_Rocky Boy's,Rocky Boy's,NDVI,4288.015306870566
2000-07-27T06:00:00Z,tribes_blackfeet_Blackfeet,Blackfeet,EVI,2293.0510021204855
2000-07-27T06:00:00Z,tribes_blackfeet_Blackfeet,Blackfeet,NDVI,3658.6814628248894
2000-07-27T06:00:00Z,tribes_flathead_Flathead,Flathead,EVI,2769.282471106846
2000-07-27T06:00:00Z,tribes_flathead_Flathead,Flathead,NDVI,5150.3747028881335
2000-08-12T06:00:00Z,tribes_northern-cheyenne_Northern Cheyenne,Northern Cheyenne,EVI,1960.2294860782702
2000-08-12T06:00:00Z,tribes_northern-cheyenne_Northern Cheyenne,Northern Cheyenne,NDVI,3402.554345116683
2000-08-12T06:00:00Z,tribes_crow_Crow,Crow,EVI,1868.6791608562528
2000-08-12T06:00:00Z,tribes_crow_Crow,Crow,NDVI,3128.4366929456532
2000-08-12T06:00:00Z,tribes_fort-peck_Fort Peck,Fort Peck,EVI,1915.5218590839477
2000-08-12T06:00:00Z,tribes_fort-peck_Fort Peck,Fort Peck,NDVI,3032.2443688187263
2000-08-12T06:00:00Z,tribes_fort-belknap_Fort Belknap,Fort Belknap,EVI,1501.9862854794142
2000-08-12T06:00:00Z,tribes_fort-belknap_Fort Belknap,Fort Belknap,NDVI,2382.3029586159137
2000-08-12T06:00:00Z,tribes_rocky-boys_Rocky Boy's,Rocky Boy's,EVI,2369.6763572944437
2000-08-12T06:00:00Z,tribes_rocky-boys_Rocky Boy's,Rocky Boy's,NDVI,4119.277733139874
2000-08-12T06:00:00Z,tribes_blackfeet_Blackfeet,Blackfeet,EVI,1928.0850555925556
2000-08-12T06:00:00Z,tribes_blackfeet_Blackfeet,Blackfeet,NDVI,3190.2795063654908
2000-08-12T06:00:00Z,tribes_flathead_Flathead,Flathead,EVI,2445.5561600109268
2000-08-12T06:00:00Z,tribes_flathead_Flathead,Flathead,NDVI,4731.830455889819
2000-08-28T06:00:00Z,tribes_northern-cheyenne_Northern Cheyenne,Northern Cheyenne,EVI,1840.0940875847896
2000-08-28T06:00:00Z,tribes_northern-cheyenne_Northern Cheyenne,Northern Cheyenne,NDVI,3452.0074662122006
2000-08-28T06:00:00Z,tribes_crow_Crow,Crow,EVI,1795.345171578845
2000-08-28T06:00:00Z,tribes_crow_Crow,Crow,NDVI,3155.9744279475012
2000-08-28T06:00:00Z,tribes_fort-peck_Fort Peck,Fort Peck,EVI,1846.0394593470512
2000-08-28T06:00:00Z,tribes_fort-peck_Fort Peck,Fort Peck,NDVI,3201.008158563034
2000-08-28T06:00:00Z,tribes_fort-belknap_Fort Belknap,Fort Belknap,EVI,1706.1380074741257
2000-08-28T06:00:00Z,tribes_fort-belknap_Fort Belknap,Fort Belknap,NDVI,2861.5517244218886
2000-08-28T06:00:00Z,tribes_rocky-boys_Rocky Boy's,Rocky Boy's,EVI,2363.1770354897003
2000-08-28T06:00:00Z,tribes_rocky-boys_Rocky Boy's,Rocky Boy's,NDVI,4005.4285661220138
2000-08-28T06:00:00Z,tribes_blackfeet_Blackfeet,Blackfeet,EVI,1964.5431800712404
2000-08-28T06:00:00Z,tribes_blackfeet_Blackfeet,Blackfeet,NDVI,3363.8971045162316
2000-08-28T06:00:00Z,tribes_flathead_Flathead,Flathead,EVI,2366.2465326815645
2000-08-28T06:00:00Z,tribes_flathead_Flathead,Flathead,NDVI,4821.6736489486275
2000-09-13T06:00:00Z,tribes_northern-cheyenne_Northern Cheyenne,Northern Cheyenne,EVI,1825.6952846009217
2000-09-13T06:00:00Z,tribes_northern-cheyenne_Northern Cheyenne,Northern Cheyenne,NDVI,3340.5119057880293
2000-09-13T06:00:00Z,tribes_crow_Crow,Crow,EVI,1710.2538734469197
2000-09-13T06:00:00Z,tribes_crow_Crow,Crow,NDVI,2983.743140448045
2000-09-13T06:00:00Z,tribes_fort-peck_Fort Peck,Fort Peck,EVI,1558.7045792786564
2000-09-13T06:00:00Z,tribes_fort-peck_Fort Peck,Fort Peck,NDVI,2852.791524036857
2000-09-13T06:00:00Z,tribes_fort-belknap_Fort Belknap,Fort Belknap,EVI,1547.6482990661493
2000-09-13T06:00:00Z,tribes_fort-belknap_Fort Belknap,Fort Belknap,NDVI,2795.900326453735
2000-09-13T06:00:00Z,tribes_rocky-boys_Rocky Boy's,Rocky Boy's,EVI,1943.4617046939436
2000-09-13T06:00:00Z,tribes_rocky-boys_Rocky Boy's,Rocky Boy's,NDVI,3696.607974583429
2000-09-13T06:00:00Z,tribes_blackfeet_Blackfeet,Blackfeet,EVI,1799.8304286206926
2000-09-13T06:00:00Z,tribes_blackfeet_Blackfeet,Blackfeet,NDVI,3167.559147164578
2000-09-13T06:00:00Z,tribes_flathead_Flathead,Flathead,EVI,2530.0671894672882
2000-09-13T06:00:00Z,tribes_flathead_Flathead,Flathead,NDVI,5239.250550757589
2000-09-29T06:00:00Z,tribes_northern-cheyenne_Northern Cheyenne,Northern Cheyenne,EVI,1587.7190062602278
2000-09-29T06:00:00Z,tribes_northern-cheyenne_Northern Cheyenne,Northern Cheyenne,NDVI,3405.2010938902276
2000-09-29T06:00:00Z,tribes_crow_Crow,Crow,EVI,1553.537797168699
2000-09-29T06:00:00Z,tribes_crow_Crow,Crow,NDVI,2979.7200697910307
2000-09-29T06:00:00Z,tribes_fort-peck_Fort Peck,Fort Peck,EVI,1411.5924267369198
2000-09-29T06:00:00Z,tribes_fort-peck_Fort Peck,Fort Peck,NDVI,2508.4799689761844
2000-09-29T06:00:00Z,tribes_fort-belknap_Fort Belknap,Fort Belknap,EVI,1462.2356353363198
2000-09-29T06:00:00Z,tribes_fort-belknap_Fort Belknap,Fort Belknap,NDVI,2670.229088458678
2000-09-29T06:00:00Z,tribes_rocky-boys_Rocky Boy's,Rocky Boy's,EVI,1706.8511582986303
2000-09-29T06:00:00Z,tribes_rocky-boys_Rocky Boy's,Rocky Boy's,NDVI,3374.1640256613177
2000-09-29T06:00:00Z,tribes_blackfeet_Blackfeet,Blackfeet,EVI,1630.3343423894191
2000-09-29T06:00:00Z,tribes_blackfeet_Blackfeet,Blackfeet,NDVI,2939.788520532549
2000-09-29T06:00:00Z,tribes_flathead_Flathead,Flathead,EVI,2297.7274979049357
2000-09-29T06:00:00Z,tribes_flathead_Flathead,Flathead,NDVI,5160.830962005737
2000-10-15T06:00:00Z,tribes_northern-cheyenne_Northern Cheyenne,Northern Cheyenne,EVI,1642.072857130386
2000-10-15T06:00:00Z,tribes_northern-cheyenne_Northern Cheyenne,Northern Cheyenne,NDVI,3326.4623097839703
2000-10-15T06:00:00Z,tribes_crow_Crow,Crow,EVI,1553.8340556501657
2000-10-15T06:00:00Z,tribes_crow_Crow,Crow,NDVI,2981.5249249795947
2000-10-15T06:00:00Z,tribes_fort-peck_Fort Peck,Fort Peck,EVI,1223.8550957815428
2000-10-15T06:00:00Z,tribes_fort-peck_Fort Peck,Fort Peck,NDVI,2220.5629052243826
2000-10-15T06:00:00Z,tribes_fort-belknap_Fort Belknap,Fort Belknap,EVI,1410.3495290108824
2000-10-15T06:00:00Z,tribes_fort-belknap_Fort Belknap,Fort Belknap,NDVI,2610.5758323955497
2000-10-15T06:00:00Z,tribes_rocky-boys_Rocky Boy's,Rocky Boy's,EVI,1618.4983733733775
2000-10-15T06:00:00Z,tribes_rocky-boys_Rocky Boy's,Rocky Boy's,NDVI,3246.696358639348
2000-10-15T06:00:00Z,tribes_blackfeet_Blackfeet,Blackfeet,EVI,1469.8770463019123
2000-10-15T06:00:00Z,tribes_blackfeet_Blackfeet,Blackfeet,NDVI,2776.758874026013
2000-10-15T06:00:00Z,tribes_flathead_Flathead,Flathead,EVI,2114.3962416819954
2000-10-15T06:00:00Z,tribes_flathead_Flathead,Flathead,NDVI,4854.034289332165
2000-10-31T07:00:00Z,tribes_northern-cheyenne_Northern Cheyenne,Northern Cheyenne,EVI,1617.9744248384347
2000-10-31T07:00:00Z,tribes_northern-cheyenne_Northern Cheyenne,Northern Cheyenne,NDVI,3366.6168436891453
2000-10-31T07:00:00Z,tribes_crow_Crow,Crow,EVI,1619.7871305308825
2000-10-31T07:00:00Z,tribes_crow_Crow,Crow,NDVI,2991.5986397450843
2000-10-31T07:00:00Z,tribes_fort-peck_Fort Peck,Fort Peck,EVI,962.610070561141
2000-10-31T07:00:00Z,tribes_fort-peck_Fort Peck,Fort Peck,NDVI,2035.6636277995103
2000-10-31T07:00:00Z,tribes_fort-belknap_Fort Belknap,Fort Belknap,EVI,1279.8986479771315
2000-10-31T07:00:00Z,tribes_fort-belknap_Fort Belknap,Fort Belknap,NDVI,2489.7357943341385
2000-10-31T07:00:00Z,tribes_rocky-boys_Rocky Boy's,Rocky Boy's,EVI,1458.429551992254
2000-10-31T07:00:00Z,tribes_rocky-boys_Rocky Boy's,Rocky Boy's,NDVI,3074.9604331756655
2000-10-31T07:00:00Z,tribes_blackfeet_Blackfeet,Blackfeet,EVI,1390.0826207952448
2000-10-31T07:00:00Z,tribes_blackfeet_Blackfeet,Blackfeet,NDVI,2587.8124124808946
2000-10-31T07:00:00Z,tribes_flathead_Flathead,Flathead,EVI,2065.0422998109166
2000-10-31T07:00:00Z,tribes_flathead_Flathead,Flathead,NDVI,4487.304092316791
2000-11-16T07:00:00Z,tribes_northern-cheyenne_Northern Cheyenne,Northern Cheyenne,EVI,NA
2000-11-16T07:00:00Z,tribes_northern-cheyenne_Northern Cheyenne,Northern Cheyenne,NDVI,NA
2000-11-16T07:00:00Z,tribes_crow_Crow,Crow,EVI,954.5716945996274
2000-11-16T07:00:00Z,tribes_crow_Crow,Crow,NDVI,2094.5270018621973
2000-11-16T07:00:00Z,tribes_fort-peck_Fort Peck,Fort Peck,EVI,NA
2000-11-16T07:00:00Z,tribes_fort-peck_Fort Peck,Fort Peck,NDVI,NA
2000-11-16T07:00:00Z,tribes_fort-belknap_Fort Belknap,Fort Belknap,EVI,1194.6596951323618
2000-11-16T07:00:00Z,tribes_fort-belknap_Fort Belknap,Fort Belknap,NDVI,2116.4640415175486
2000-11-16T07:00:00Z,tribes_rocky-boys_Rocky Boy's,Rocky Boy's,EVI,1223.809446849177
2000-11-16T07:00:00Z,tribes_rocky-boys_Rocky Boy's,Rocky Boy's,NDVI,2201.2918376524844
2000-11-16T07:00:00Z,tribes_blackfeet_Blackfeet,Blackfeet,EVI,1145.452909316947
2000-11-16T07:00:00Z,tribes_blackfeet_Blackfeet,Blackfeet,NDVI,1801.6679687625483
2000-11-16T07:00:00Z,tribes_flathead_Flathead,Flathead,EVI,1999.4004854368932
2000-11-16T07:00:00Z,tribes_flathead_Flathead,Flathead,NDVI,3756.265372168285
2000-12-02T07:00:00Z,tribes_northern-cheyenne_Northern Cheyenne,Northern Cheyenne,EVI,NA
2000-12-02T07:00:00Z,tribes_northern-cheyenne_Northern Cheyenne,Northern Cheyenne,NDVI,NA
2000-12-02T07:00:00Z,tribes_crow_Crow,Crow,EVI,1161.6883638432448
2000-12-02T07:00:00Z,tribes_crow_Crow,Crow,NDVI,2152.671463471771
2000-12-02T07:00:00Z,tribes_fort-peck_Fort Peck,Fort Peck,EVI,NA
2000-12-02T07:00:00Z,tribes_fort-peck_Fort Peck,Fort Peck,NDVI,NA
2000-12-02T07:00:00Z,tribes_fort-belknap_Fort Belknap,Fort Belknap,EVI,1195.3506454940048
2000-12-02T07:00:00Z,tribes_fort-belknap_Fort Belknap,Fort Belknap,NDVI,2000.882196350026
2000-12-02T07:00:00Z,tribes_rocky-boys_Rocky Boy's,Rocky Boy's,EVI,1057.8472540045766
2000-12-02T07:00:00Z,tribes_rocky-boys_Rocky Boy's,Rocky Boy's,NDVI,2050.3787185354686
2000-12-02T07:00:00Z,tribes_blackfeet_Blackfeet,Blackfeet,EVI,1244.5083938153625
2000-12-02T07:00:00Z,tribes_blackfeet_Blackfeet,Blackfeet,NDVI,1762.2653886614971
2000-12-02T07:00:00Z,tribes_flathead_Flathead,Flathead,EVI,2119.9957525547757
2000-12-02T07:00:00Z,tribes_flathead_Flathead,Flathead,NDVI,5801.414315152026
2000-12-18T07:00:00Z,tribes_northern-cheyenne_Northern Cheyenne,Northern Cheyenne,EVI,NA
2000-12-18T07:00:00Z,tribes_northern-cheyenne_Northern Cheyenne,Northern Cheyenne,NDVI,NA
2000-12-18T07:00:00Z,tribes_crow_Crow,Crow,EVI,NA
2000-12-18T07:00:00Z,tribes_crow_Crow,Crow,NDVI,NA
2000-12-18T07:00:00Z,tribes_fort-peck_Fort Peck,Fort Peck,EVI,NA
2000-12-18T07:00:00Z,tribes_fort-peck_Fort Peck,Fort Peck,NDVI,NA
2000-12-18T07:00:00Z,tribes_fort-belknap_Fort Belknap,Fort Belknap,EVI,1128.5338578889964
2000-12-18T07:00:00Z,tribes_fort-belknap_Fort Belknap,Fort Belknap,NDVI,1941.3397000345478
2000-12-18T07:00:00Z,tribes_rocky-boys_Rocky Boy's,Rocky Boy's,EVI,NA
2000-12-18T07:00:00Z,tribes_rocky-boys_Rocky Boy's,Rocky Boy's,NDVI,NA
2000-12-18T07:00:00Z,tribes_blackfeet_Blackfeet,Blackfeet,EVI,514.4687037074616
2000-12-18T07:00:00Z,tribes_blackfeet_Blackfeet,Blackfeet,NDVI,1300.3507274904114
2000-12-18T07:00:00Z,tribes_flathead_Flathead,Flathead,EVI,NA
2000-12-18T07:00:00Z,tribes_flathead_Flathead,Flathead,NDVI,NA
2001-01-01T07:00:00Z,tribes_northern-cheyenne_Northern Cheyenne,Northern Cheyenne,EVI,1107.4245537559657
2001-01-01T07:00:00Z,tribes_northern-cheyenne_Northern Cheyenne,Northern Cheyenne,NDVI,2202.2711134493256
2001-01-01T07:00:00Z,tribes_crow_Crow,Crow,EVI,1169.9387630290985
2001-01-01T07:00:00Z,tribes_crow_Crow,Crow,NDVI,2244.133676190538
2001-01-01T07:00:00Z,tribes_fort-peck_Fort Peck,Fort Peck,EVI,NA
2001-01-01T07:00:00Z,tribes_fort-peck_Fort Peck,Fort Peck,NDVI,NA
2001-01-01T07:00:00Z,tribes_fort-belknap_Fort Belknap,Fort Belknap,EVI,1175.009200745376
2001-01-01T07:00:00Z,tribes_fort-belknap_Fort Belknap,Fort Belknap,NDVI,2184.3602296050963
2001-01-01T07:00:00Z,tribes_rocky-boys_Rocky Boy's,Rocky Boy's,EVI,1170.3016885051754
2001-01-01T07:00:00Z,tribes_rocky-boys_Rocky Boy's,Rocky Boy's,NDVI,2240.9769950720097
2001-01-01T07:00:00Z,tribes_blackfeet_Blackfeet,Blackfeet,EVI,1053.1423852037078
2001-01-01T07:00:00Z,tribes_blackfeet_Blackfeet,Blackfeet,NDVI,1835.229904733759
2001-01-01T07:00:00Z,tribes_flathead_Flathead,Flathead,EVI,1777.546875
2001-01-01T07:00:00Z,tribes_flathead_Flathead,Flathead,NDVI,5605.71875
2001-01-17T07:00:00Z,tribes_northern-cheyenne_Northern Cheyenne,Northern Cheyenne,EVI,967.4607210859283
2001-01-17T07:00:00Z,tribes_northern-cheyenne_Northern Cheyenne,Northern Cheyenne,NDVI,1948.527701001167
2001-01-17T07:00:00Z,tribes_crow_Crow,Crow,EVI,1188.389891696751
2001-01-17T07:00:00Z,tribes_crow_Crow,Crow,NDVI,2264.036823104693
2001-01-17T07:00:00Z,tribes_fort-peck_Fort Peck,Fort Peck,EVI,NA
2001-01-17T07:00:00Z,tribes_fort-peck_Fort Peck,Fort Peck,NDVI,NA
2001-01-17T07:00:00Z,tribes_fort-belknap_Fort Belknap,Fort Belknap,EVI,1162.0609475449228
2001-01-17T07:00:00Z,tribes_fort-belknap_Fort Belknap,Fort Belknap,NDVI,1922.7249553653253
2001-01-17T07:00:00Z,tribes_rocky-boys_Rocky Boy's,Rocky Boy's,EVI,NA
2001-01-17T07:00:00Z,tribes_rocky-boys_Rocky Boy's,Rocky Boy's,NDVI,NA
2001-01-17T07:00:00Z,tribes_blackfeet_Blackfeet,Blackfeet,EVI,1001.7985466353505
2001-01-17T07:00:00Z,tribes_blackfeet_Blackfeet,Blackfeet,NDVI,1610.3456075915444
2001-01-17T07:00:00Z,tribes_flathead_Flathead,Flathead,EVI,2010.5
2001-01-17T07:00:00Z,tribes_flathead_Flathead,Flathead,NDVI,5152.75
2001-02-02T07:00:00Z,tribes_northern-cheyenne_Northern Cheyenne,Northern Cheyenne,EVI,1022.8648648648649
2001-02-02T07:00:00Z,tribes_northern-cheyenne_Northern Cheyenne,Northern Cheyenne,NDVI,2000.2702702702702
2001-02-02T07:00:00Z,tribes_crow_Crow,Crow,EVI,1204.7374517374517
2001-02-02T07:00:00Z,tribes_crow_Crow,Crow,NDVI,2181.42277992278
2001-02-02T07:00:00Z,tribes_fort-peck_Fort Peck,Fort Peck,EVI,NA
2001-02-02T07:00:00Z,tribes_fort-peck_Fort Peck,Fort Peck,NDVI,NA
2001-02-02T07:00:00Z,tribes_fort-belknap_Fort Belknap,Fort Belknap,EVI,1329.5792011248288
2001-02-02T07:00:00Z,tribes_fort-belknap_Fort Belknap,Fort Belknap,NDVI,2224.5843455047234
2001-02-02T07:00:00Z,tribes_rocky-boys_Rocky Boy's,Rocky Boy's,EVI,NA
2001-02-02T07:00:00Z,tribes_rocky-boys_Rocky Boy's,Rocky Boy's,NDVI,NA
2001-02-02T07:00:00Z,tribes_blackfeet_Blackfeet,Blackfeet,EVI,1233.191121789133
2001-02-02T07:00:00Z,tribes_blackfeet_Blackfeet,Blackfeet,NDVI,1839.320426713746
2001-02-02T07:00:00Z,tribes_flathead_Flathead,Flathead,EVI,NA
2001-02-02T07:00:00Z,tribes_flathead_Flathead,Flathead,NDVI,NA
2001-02-18T07:00:00Z,tribes_northern-cheyenne_Northern Cheyenne,Northern Cheyenne,EVI,NA
2001-02-18T07:00:00Z,tribes_northern-cheyenne_Northern Cheyenne,Northern Cheyenne,NDVI,NA
2001-02-18T07:00:00Z,tribes_crow_Crow,Crow,EVI,941.0217616580311
2001-02-18T07:00:00Z,tribes_crow_Crow,Crow,NDVI,1439.1554404145077
2001-02-18T07:00:00Z,tribes_fort-peck_Fort Peck,Fort Peck,EVI,NA
2001-02-18T07:00:00Z,tribes_fort-peck_Fort Peck,Fort Peck,NDVI,NA
2001-02-18T07:00:00Z,tribes_fort-belknap_Fort Belknap,Fort Belknap,EVI,1163.270387622091
2001-02-18T07:00:00Z,tribes_fort-belknap_Fort Belknap,Fort Belknap,NDVI,1862.8825218003572
2001-02-18T07:00:00Z,tribes_rocky-boys_Rocky Boy's,Rocky Boy's,EVI,NA
2001-02-18T07:00:00Z,tribes_rocky-boys_Rocky Boy's,Rocky Boy's,NDVI,NA
2001-02-18T07:00:00Z,tribes_blackfeet_Blackfeet,Blackfeet,EVI,853.8375139943721
2001-02-18T07:00:00Z,tribes_blackfeet_Blackfeet,Blackfeet,NDVI,1299.0339798481045
2001-02-18T07:00:00Z,tribes_flathead_Flathead,Flathead,EVI,2266.8333333333335
2001-02-18T07:00:00Z,tribes_flathead_Flathead,Flathead,NDVI,5301.833333333333
2001-03-06T07:00:00Z,tribes_northern-cheyenne_Northern Cheyenne,Northern Cheyenne,EVI,1364.3640602463531
2001-03-06T07:00:00Z,tribes_northern-cheyenne_Northern Cheyenne,Northern Cheyenne,NDVI,2719.0745356861835
2001-03-06T07:00:00Z,tribes_crow_Crow,Crow,EVI,1226.8284109322185
2001-03-06T07:00:00Z,tribes_crow_Crow,Crow,NDVI,2383.817201869549
2001-03-06T07:00:00Z,tribes_fort-peck_Fort Peck,Fort Peck,EVI,933.5141642831959
2001-03-06T07:00:00Z,tribes_fort-peck_Fort Peck,Fort Peck,NDVI,1889.2921158654008
2001-03-06T07:00:00Z,tribes_fort-belknap_Fort Belknap,Fort Belknap,EVI,1208.7932260223452
2001-03-06T07:00:00Z,tribes_fort-belknap_Fort Belknap,Fort Belknap,NDVI,2213.5868786024566
2001-03-06T07:00:00Z,tribes_rocky-boys_Rocky Boy's,Rocky Boy's,EVI,1184.5777573633418
2001-03-06T07:00:00Z,tribes_rocky-boys_Rocky Boy's,Rocky Boy's,NDVI,2243.745783697963
2001-03-06T07:00:00Z,tribes_blackfeet_Blackfeet,Blackfeet,EVI,1080.542700036012
2001-03-06T07:00:00Z,tribes_blackfeet_Blackfeet,Blackfeet,NDVI,1839.7015098080158
2001-03-06T07:00:00Z,tribes_flathead_Flathead,Flathead,EVI,1677.410511863498
2001-03-06T07:00:00Z,tribes_flathead_Flathead,Flathead,NDVI,3185.49639983444
2001-03-22T07:00:00Z,tribes_northern-cheyenne_Northern Cheyenne,Northern Cheyenne,EVI,1490.1179033832661
2001-03-22T07:00:00Z,tribes_northern-cheyenne_Northern Cheyenne,Northern Cheyenne,NDVI,3090.6829696378018
2001-03-22T07:00:00Z,tribes_crow_Crow,Crow,EVI,1425.611462420197
2001-03-22T07:00:00Z,tribes_crow_Crow,Crow,NDVI,2635.422338386079
2001-03-22T07:00:00Z,tribes_fort-peck_Fort Peck,Fort Peck,EVI,1005.2924551222865
2001-03-22T07:00:00Z,tribes_fort-peck_Fort Peck,Fort Peck,NDVI,1940.7986420743598
2001-03-22T07:00:00Z,tribes_fort-belknap_Fort Belknap,Fort Belknap,EVI,1338.9545103706505
2001-03-22T07:00:00Z,tribes_fort-belknap_Fort Belknap,Fort Belknap,NDVI,2225.3179893178162
2001-03-22T07:00:00Z,tribes_rocky-boys_Rocky Boy's,Rocky Boy's,EVI,1299.168720822553
2001-03-22T07:00:00Z,tribes_rocky-boys_Rocky Boy's,Rocky Boy's,NDVI,2100.5241773034068
2001-03-22T07:00:00Z,tribes_blackfeet_Blackfeet,Blackfeet,EVI,1088.5870368389212
2001-03-22T07:00:00Z,tribes_blackfeet_Blackfeet,Blackfeet,NDVI,1827.6609582520014
2001-03-22T07:00:00Z,tribes_flathead_Flathead,Flathead,EVI,1616.0156511659466
2001-03-22T07:00:00Z,tribes_flathead_Flathead,Flathead,NDVI,3101.3655066932633
2001-04-07T06:00:00Z,tribes_northern-cheyenne_Northern Cheyenne,Northern Cheyenne,EVI,1845.4100844284944
2001-04-07T06:00:00Z,tribes_northern-cheyenne_Northern Cheyenne,Northern Cheyenne,NDVI,3380.13178560655
2001-04-07T06:00:00Z,tribes_crow_Crow,Crow,EVI,1761.7470312704531
2001-04-07T06:00:00Z,tribes_crow_Crow,Crow,NDVI,2965.501352831235
2001-04-07T06:00:00Z,tribes_fort-peck_Fort Peck,Fort Peck,EVI,1107.1309477575621
2001-04-07T06:00:00Z,tribes_fort-peck_Fort Peck,Fort Peck,NDVI,2136.0159066662336
2001-04-07T06:00:00Z,tribes_fort-belknap_Fort Belknap,Fort Belknap,EVI,1473.3675438337657
2001-04-07T06:00:00Z,tribes_fort-belknap_Fort Belknap,Fort Belknap,NDVI,2573.6126682719328
2001-04-07T06:00:00Z,tribes_rocky-boys_Rocky Boy's,Rocky Boy's,EVI,1569.559920118087
2001-04-07T06:00:00Z,tribes_rocky-boys_Rocky Boy's,Rocky Boy's,NDVI,2879.9853955023013
2001-04-07T06:00:00Z,tribes_blackfeet_Blackfeet,Blackfeet,EVI,906.7463965239003
2001-04-07T06:00:00Z,tribes_blackfeet_Blackfeet,Blackfeet,NDVI,1562.1264736480296
2001-04-07T06:00:00Z,tribes_flathead_Flathead,Flathead,EVI,2193.421718395394
2001-04-07T06:00:00Z,tribes_flathead_Flathead,Flathead,NDVI,3827.8413391419017
2001-04-23T06:00:00Z,tribes_northern-cheyenne_Northern Cheyenne,Northern Cheyenne,EVI,2201.7889766853405
2001-04-23T06:00:00Z,tribes_northern-cheyenne_Northern Cheyenne,Northern Cheyenne,NDVI,3996.7682547302356
2001-04-23T06:00:00Z,tribes_crow_Crow,Crow,EVI,2299.606339063223
2001-04-23T06:00:00Z,tribes_crow_Crow,Crow,NDVI,3960.4512348226763
2001-04-23T06:00:00Z,tribes_fort-peck_Fort Peck,Fort Peck,EVI,1337.3176736411128
2001-04-23T06:00:00Z,tribes_fort-peck_Fort Peck,Fort Peck,NDVI,2383.636923372958
2001-04-23T06:00:00Z,tribes_fort-belknap_Fort Belknap,Fort Belknap,EVI,1639.5393933211567
2001-04-23T06:00:00Z,tribes_fort-belknap_Fort Belknap,Fort Belknap,NDVI,2862.2750658750438
2001-04-23T06:00:00Z,tribes_rocky-boys_Rocky Boy's,Rocky Boy's,EVI,1847.6184704940651
2001-04-23T06:00:00Z,tribes_rocky-boys_Rocky Boy's,Rocky Boy's,NDVI,3396.3917593406354
2001-04-23T06:00:00Z,tribes_blackfeet_Blackfeet,Blackfeet,EVI,1278.629430566493
2001-04-23T06:00:00Z,tribes_blackfeet_Blackfeet,Blackfeet,NDVI,2195.1227517596117
2001-04-23T06:00:00Z,tribes_flathead_Flathead,Flathead,EVI,2738.479984160613
2001-04-23T06:00:00Z,tribes_flathead_Flathead,Flathead,NDVI,5024.551946271795
2001-05-09T06:00:00Z,tribes_northern-cheyenne_Northern Cheyenne,Northern Cheyenne,EVI,2570.772108138419
2001-05-09T06:00:00Z,tribes_northern-cheyenne_Northern Cheyenne,Northern Cheyenne,NDVI,4380.521577604203
2001-05-09T06:00:00Z,tribes_crow_Crow,Crow,EVI,2743.330482536804
2001-05-09T06:00:00Z,tribes_crow_Crow,Crow,NDVI,4445.473963728806
2001-05-09T06:00:00Z,tribes_fort-peck_Fort Peck,Fort Peck,EVI,1679.9464193119338
2001-05-09T06:00:00Z,tribes_fort-peck_Fort Peck,Fort Peck,NDVI,2923.4461998349543
2001-05-09T06:00:00Z,tribes_fort-belknap_Fort Belknap,Fort Belknap,EVI,1730.2717344153373
2001-05-09T06:00:00Z,tribes_fort-belknap_Fort Belknap,Fort Belknap,NDVI,2890.989309922668
2001-05-09T06:00:00Z,tribes_rocky-boys_Rocky Boy's,Rocky Boy's,EVI,2386.15189859589
2001-05-09T06:00:00Z,tribes_rocky-boys_Rocky Boy's,Rocky Boy's,NDVI,4357.43787664918
2001-05-09T06:00:00Z,tribes_blackfeet_Blackfeet,Blackfeet,EVI,1859.4950791395265
2001-05-09T06:00:00Z,tribes_blackfeet_Blackfeet,Blackfeet,NDVI,3169.3419330331635
2001-05-09T06:00:00Z,tribes_flathead_Flathead,Flathead,EVI,3157.883600140887
2001-05-09T06:00:00Z,tribes_flathead_Flathead,Flathead,NDVI,5561.476817762375
2001-05-25T06:00:00Z,tribes_northern-cheyenne_Northern Cheyenne,Northern Cheyenne,EVI,2689.267322631382
2001-05-25T06:00:00Z,tribes_northern-cheyenne_Northern Cheyenne,Northern Cheyenne,NDVI,4786.607956933142
2001-05-25T06:00:00Z,tribes_crow_Crow,Crow,EVI,2865.915228754586
2001-05-25T06:00:00Z,tribes_crow_Crow,Crow,NDVI,4766.029776414302
2001-05-25T06:00:00Z,tribes_fort-peck_Fort Peck,Fort Peck,EVI,1890.4987548357315
2001-05-25T06:00:00Z,tribes_fort-peck_Fort Peck,Fort Peck,NDVI,3112.9339635307924
2001-05-25T06:00:00Z,tribes_fort-belknap_Fort Belknap,Fort Belknap,EVI,1945.3043236267304
2001-05-25T06:00:00Z,tribes_fort-belknap_Fort Belknap,Fort Belknap,NDVI,3317.3241464023367
2001-05-25T06:00:00Z,tribes_rocky-boys_Rocky Boy's,Rocky Boy's,EVI,3163.9051423484425
2001-05-25T06:00:00Z,tribes_rocky-boys_Rocky Boy's,Rocky Boy's,NDVI,5152.005412199718
2001-05-25T06:00:00Z,tribes_blackfeet_Blackfeet,Blackfeet,EVI,2364.6313596519167
2001-05-25T06:00:00Z,tribes_blackfeet_Blackfeet,Blackfeet,NDVI,3837.6662220366375
2001-05-25T06:00:00Z,tribes_flathead_Flathead,Flathead,EVI,3187.4078217743768
2001-05-25T06:00:00Z,tribes_flathead_Flathead,Flathead,NDVI,5718.306430048834
2001-06-10T06:00:00Z,tribes_northern-cheyenne_Northern Cheyenne,Northern Cheyenne,EVI,2860.4010553599833
2001-06-10T06:00:00Z,tribes_northern-cheyenne_Northern Cheyenne,Northern Cheyenne,NDVI,4587.554760176974
2001-06-10T06:00:00Z,tribes_crow_Crow,Crow,EVI,2980.0566346149353
2001-06-10T06:00:00Z,tribes_crow_Crow,Crow,NDVI,4767.283038336361
2001-06-10T06:00:00Z,tribes_fort-peck_Fort Peck,Fort Peck,EVI,2221.6856861058022
2001-06-10T06:00:00Z,tribes_fort-peck_Fort Peck,Fort Peck,NDVI,3717.157142395182
2001-06-10T06:00:00Z,tribes_fort-belknap_Fort Belknap,Fort Belknap,EVI,2142.6926446202056
2001-06-10T06:00:00Z,tribes_fort-belknap_Fort Belknap,Fort Belknap,NDVI,3509.0317304457435
2001-06-10T06:00:00Z,tribes_rocky-boys_Rocky Boy's,Rocky Boy's,EVI,3195.85604079128
2001-06-10T06:00:00Z,tribes_rocky-boys_Rocky Boy's,Rocky Boy's,NDVI,5090.188645484161
2001-06-10T06:00:00Z,tribes_blackfeet_Blackfeet,Blackfeet,EVI,2619.5039612565133
2001-06-10T06:00:00Z,tribes_blackfeet_Blackfeet,Blackfeet,NDVI,4129.409975869819
2001-06-10T06:00:00Z,tribes_flathead_Flathead,Flathead,EVI,NA
2001-06-10T06:00:00Z,tribes_flathead_Flathead,Flathead,NDVI,NA
2001-06-26T06:00:00Z,tribes_northern-cheyenne_Northern Cheyenne,Northern Cheyenne,EVI,2723.64562384535
2001-06-26T06:00:00Z,tribes_northern-cheyenne_Northern Cheyenne,Northern Cheyenne,NDVI,4457.234596110422
2001-06-26T06:00:00Z,tribes_crow_Crow,Crow,EVI,2533.778277265539
2001-06-26T06:00:00Z,tribes_crow_Crow,Crow,NDVI,4155.970287818612
2001-06-26T06:00:00Z,tribes_fort-peck_Fort Peck,Fort Peck,EVI,3017.8531471820634
2001-06-26T06:00:00Z,tribes_fort-peck_Fort Peck,Fort Peck,NDVI,5020.743895686849
2001-06-26T06:00:00Z,tribes_fort-belknap_Fort Belknap,Fort Belknap,EVI,2100.745718943789
2001-06-26T06:00:00Z,tribes_fort-belknap_Fort Belknap,Fort Belknap,NDVI,3544.1752713560795
2001-06-26T06:00:00Z,tribes_rocky-boys_Rocky Boy's,Rocky Boy's,EVI,2815.269180532564
2001-06-26T06:00:00Z,tribes_rocky-boys_Rocky Boy's,Rocky Boy's,NDVI,4642.794650526453
2001-06-26T06:00:00Z,tribes_blackfeet_Blackfeet,Blackfeet,EVI,3342.790840344733
2001-06-26T06:00:00Z,tribes_blackfeet_Blackfeet,Blackfeet,NDVI,5505.812803778694
2001-06-26T06:00:00Z,tribes_flathead_Flathead,Flathead,EVI,3125.565026290134
2001-06-26T06:00:00Z,tribes_flathead_Flathead,Flathead,NDVI,6237.386992662946
2001-07-12T06:00:00Z,tribes_northern-cheyenne_Northern Cheyenne,Northern Cheyenne,EVI,2541.5567074255127
2001-07-12T06:00:00Z,tribes_northern-cheyenne_Northern Cheyenne,Northern Cheyenne,NDVI,4295.709734225536
2001-07-12T06:00:00Z,tribes_crow_Crow,Crow,EVI,2473.3776183364926
2001-07-12T06:00:00Z,tribes_crow_Crow,Crow,NDVI,4046.254274064776
2001-07-12T06:00:00Z,tribes_fort-peck_Fort Peck,Fort Peck,EVI,3329.7099586428767
2001-07-12T06:00:00Z,tribes_fort-peck_Fort Peck,Fort Peck,NDVI,5632.760344192034
2001-07-12T06:00:00Z,tribes_fort-belknap_Fort Belknap,Fort Belknap,EVI,2391.5682967748003
2001-07-12T06:00:00Z,tribes_fort-belknap_Fort Belknap,Fort Belknap,NDVI,4247.470271221378
2001-07-12T06:00:00Z,tribes_rocky-boys_Rocky Boy's,Rocky Boy's,EVI,2848.5136566052147
2001-07-12T06:00:00Z,tribes_rocky-boys_Rocky Boy's,Rocky Boy's,NDVI,4992.540395145686
2001-07-12T06:00:00Z,tribes_blackfeet_Blackfeet,Blackfeet,EVI,2939.1664002590223
2001-07-12T06:00:00Z,tribes_blackfeet_Blackfeet,Blackfeet,NDVI,4654.90713048367
2001-07-12T06:00:00Z,tribes_flathead_Flathead,Flathead,EVI,3157.863430366912
2001-07-12T06:00:00Z,tribes_flathead_Flathead,Flathead,NDVI,5791.737549876281
2001-07-28T06:00:00Z,tribes_northern-cheyenne_Northern Cheyenne,Northern Cheyenne,EVI,2311.1820078797264
2001-07-28T06:00:00Z,tribes_northern-cheyenne_Northern Cheyenne,Northern Cheyenne,NDVI,3952.4189005476114
2001-07-28T06:00:00Z,tribes_crow_Crow,Crow,EVI,2230.759347670705
2001-07-28T06:00:00Z,tribes_crow_Crow,Crow,NDVI,3644.29311127377
2001-07-28T06:00:00Z,tribes_fort-peck_Fort Peck,Fort Peck,EVI,2689.473164384016
2001-07-28T06:00:00Z,tribes_fort-peck_Fort Peck,Fort Peck,NDVI,4744.037446881986
2001-07-28T06:00:00Z,tribes_fort-belknap_Fort Belknap,Fort Belknap,EVI,2359.1759835824105
2001-07-28T06:00:00Z,tribes_fort-belknap_Fort Belknap,Fort Belknap,NDVI,4146.210864672728
2001-07-28T06:00:00Z,tribes_rocky-boys_Rocky Boy's,Rocky Boy's,EVI,2719.318788866706
2001-07-28T06:00:00Z,tribes_rocky-boys_Rocky Boy's,Rocky Boy's,NDVI,4930.2721269780295
2001-07-28T06:00:00Z,tribes_blackfeet_Blackfeet,Blackfeet,EVI,2523.125137610957
2001-07-28T06:00:00Z,tribes_blackfeet_Blackfeet,Blackfeet,NDVI,4184.95696583692
2001-07-28T06:00:00Z,tribes_flathead_Flathead,Flathead,EVI,2870.143759838746
2001-07-28T06:00:00Z,tribes_flathead_Flathead,Flathead,NDVI,5428.046920359246
2001-08-13T06:00:00Z,tribes_northern-cheyenne_Northern Cheyenne,Northern Cheyenne,EVI,2039.4540879528738
2001-08-13T06:00:00Z,tribes_northern-cheyenne_Northern Cheyenne,Northern Cheyenne,NDVI,3478.521778682812
2001-08-13T06:00:00Z,tribes_crow_Crow,Crow,EVI,1903.5161588913143
2001-08-13T06:00:00Z,tribes_crow_Crow,Crow,NDVI,3232.275098370644
2001-08-13T06:00:00Z,tribes_fort-peck_Fort Peck,Fort Peck,EVI,2160.6816216793336
2001-08-13T06:00:00Z,tribes_fort-peck_Fort Peck,Fort Peck,NDVI,3617.484378938212
2001-08-13T06:00:00Z,tribes_fort-belknap_Fort Belknap,Fort Belknap,EVI,1939.2093569042072
2001-08-13T06:00:00Z,tribes_fort-belknap_Fort Belknap,Fort Belknap,NDVI,3368.2797172879987
2001-08-13T06:00:00Z,tribes_rocky-boys_Rocky Boy's,Rocky Boy's,EVI,2326.327564670499
2001-08-13T06:00:00Z,tribes_rocky-boys_Rocky Boy's,Rocky Boy's,NDVI,4346.975234345099
2001-08-13T06:00:00Z,tribes_blackfeet_Blackfeet,Blackfeet,EVI,2175.6066354602544
2001-08-13T06:00:00Z,tribes_blackfeet_Blackfeet,Blackfeet,NDVI,3559.776409426608
2001-08-13T06:00:00Z,tribes_flathead_Flathead,Flathead,EVI,2747.95376345983
2001-08-13T06:00:00Z,tribes_flathead_Flathead,Flathead,NDVI,5131.701645386822
2001-08-29T06:00:00Z,tribes_northern-cheyenne_Northern Cheyenne,Northern Cheyenne,EVI,1948.4893854968036
2001-08-29T06:00:00Z,tribes_northern-cheyenne_Northern Cheyenne,Northern Cheyenne,NDVI,3612.32968951337
2001-08-29T06:00:00Z,tribes_crow_Crow,Crow,EVI,1851.3711409566524
2001-08-29T06:00:00Z,tribes_crow_Crow,Crow,NDVI,3188.3386028103782
2001-08-29T06:00:00Z,tribes_fort-peck_Fort Peck,Fort Peck,EVI,1887.6506266478968
2001-08-29T06:00:00Z,tribes_fort-peck_Fort Peck,Fort Peck,NDVI,3077.03641846405
2001-08-29T06:00:00Z,tribes_fort-belknap_Fort Belknap,Fort Belknap,EVI,1752.5480920937728
2001-08-29T06:00:00Z,tribes_fort-belknap_Fort Belknap,Fort Belknap,NDVI,3036.3205421342436
2001-08-29T06:00:00Z,tribes_rocky-boys_Rocky Boy's,Rocky Boy's,EVI,2141.310254109307
2001-08-29T06:00:00Z,tribes_rocky-boys_Rocky Boy's,Rocky Boy's,NDVI,4016.9037996016623
2001-08-29T06:00:00Z,tribes_blackfeet_Blackfeet,Blackfeet,EVI,2003.4281002905811
2001-08-29T06:00:00Z,tribes_blackfeet_Blackfeet,Blackfeet,NDVI,3373.0596972193935
2001-08-29T06:00:00Z,tribes_flathead_Flathead,Flathead,EVI,2539.6647243110124
2001-08-29T06:00:00Z,tribes_flathead_Flathead,Flathead,NDVI,5081.975729262054
2001-09-14T06:00:00Z,tribes_northern-cheyenne_Northern Cheyenne,Northern Cheyenne,EVI,1846.0800776625704
2001-09-14T06:00:00Z,tribes_northern-cheyenne_Northern Cheyenne,Northern Cheyenne,NDVI,3499.825851118727
2001-09-14T06:00:00Z,tribes_crow_Crow,Crow,EVI,1791.3639456980252
2001-09-14T06:00:00Z,tribes_crow_Crow,Crow,NDVI,3265.3366791386534
2001-09-14T06:00:00Z,tribes_fort-peck_Fort Peck,Fort Peck,EVI,1689.0926433632317
2001-09-14T06:00:00Z,tribes_fort-peck_Fort Peck,Fort Peck,NDVI,2808.821280045275
2001-09-14T06:00:00Z,tribes_fort-belknap_Fort Belknap,Fort Belknap,EVI,1572.1008410225786
2001-09-14T06:00:00Z,tribes_fort-belknap_Fort Belknap,Fort Belknap,NDVI,2714.333751848262
2001-09-14T06:00:00Z,tribes_rocky-boys_Rocky Boy's,Rocky Boy's,EVI,1901.06510813847
2001-09-14T06:00:00Z,tribes_rocky-boys_Rocky Boy's,Rocky Boy's,NDVI,3604.384746992279
2001-09-14T06:00:00Z,tribes_blackfeet_Blackfeet,Blackfeet,EVI,1845.779167577322
2001-09-14T06:00:00Z,tribes_blackfeet_Blackfeet,Blackfeet,NDVI,3175.994397592791
2001-09-14T06:00:00Z,tribes_flathead_Flathead,Flathead,EVI,2419.4489151817993
2001-09-14T06:00:00Z,tribes_flathead_Flathead,Flathead,NDVI,4865.241966012515
2001-09-30T06:00:00Z,tribes_northern-cheyenne_Northern Cheyenne,Northern Cheyenne,EVI,1732.2203978270184
2001-09-30T06:00:00Z,tribes_northern-cheyenne_Northern Cheyenne,Northern Cheyenne,NDVI,3280.276493160606
2001-09-30T06:00:00Z,tribes_crow_Crow,Crow,EVI,1696.2290665247106
2001-09-30T06:00:00Z,tribes_crow_Crow,Crow,NDVI,3093.383641203185
2001-09-30T06:00:00Z,tribes_fort-peck_Fort Peck,Fort Peck,EVI,1448.5770616377788
2001-09-30T06:00:00Z,tribes_fort-peck_Fort Peck,Fort Peck,NDVI,2454.487113538768
2001-09-30T06:00:00Z,tribes_fort-belknap_Fort Belknap,Fort Belknap,EVI,1476.151301374008
2001-09-30T06:00:00Z,tribes_fort-belknap_Fort Belknap,Fort Belknap,NDVI,2593.3093202447308
2001-09-30T06:00:00Z,tribes_rocky-boys_Rocky Boy's,Rocky Boy's,EVI,1675.6950927993682
2001-09-30T06:00:00Z,tribes_rocky-boys_Rocky Boy's,Rocky Boy's,NDVI,3218.5948751677106
2001-09-30T06:00:00Z,tribes_blackfeet_Blackfeet,Blackfeet,EVI,1677.5289021451126
2001-09-30T06:00:00Z,tribes_blackfeet_Blackfeet,Blackfeet,NDVI,2909.198032239023
2001-09-30T06:00:00Z,tribes_flathead_Flathead,Flathead,EVI,2237.2988480689996
2001-09-30T06:00:00Z,tribes_flathead_Flathead,Flathead,NDVI,4814.230813898645
2001-10-16T06:00:00Z,tribes_northern-cheyenne_Northern Cheyenne,Northern Cheyenne,EVI,1754.0966845116225
2001-10-16T06:00:00Z,tribes_northern-cheyenne_Northern Cheyenne,Northern Cheyenne,NDVI,3357.5294925791427
2001-10-16T06:00:00Z,tribes_crow_Crow,Crow,EVI,1622.0342656543392
2001-10-16T06:00:00Z,tribes_crow_Crow,Crow,NDVI,2907.0256898009266
2001-10-16T06:00:00Z,tribes_fort-peck_Fort Peck,Fort Peck,EVI,1428.7132448231175
2001-10-16T06:00:00Z,tribes_fort-peck_Fort Peck,Fort Peck,NDVI,2333.918521478577
2001-10-16T06:00:00Z,tribes_fort-belknap_Fort Belknap,Fort Belknap,EVI,1465.2029365766743
2001-10-16T06:00:00Z,tribes_fort-belknap_Fort Belknap,Fort Belknap,NDVI,2498.7129818526632
2001-10-16T06:00:00Z,tribes_rocky-boys_Rocky Boy's,Rocky Boy's,EVI,1558.5834871713794
2001-10-16T06:00:00Z,tribes_rocky-boys_Rocky Boy's,Rocky Boy's,NDVI,3137.72796312407
2001-10-16T06:00:00Z,tribes_blackfeet_Blackfeet,Blackfeet,EVI,1564.7180106985654
2001-10-16T06:00:00Z,tribes_blackfeet_Blackfeet,Blackfeet,NDVI,2676.185185754521
2001-10-16T06:00:00Z,tribes_flathead_Flathead,Flathead,EVI,2005.481099687692
2001-10-16T06:00:00Z,tribes_flathead_Flathead,Flathead,NDVI,4608.603508185988
2001-11-01T07:00:00Z,tribes_northern-cheyenne_Northern Cheyenne,Northern Cheyenne,EVI,1611.9901013378765
2001-11-01T07:00:00Z,tribes_northern-cheyenne_Northern Cheyenne,Northern Cheyenne,NDVI,3119.843865682188
2001-11-01T07:00:00Z,tribes_crow_Crow,Crow,EVI,1516.9808748786818
2001-11-01T07:00:00Z,tribes_crow_Crow,Crow,NDVI,2793.499558123583
2001-11-01T07:00:00Z,tribes_fort-peck_Fort Peck,Fort Peck,EVI,1273.9187631948264
2001-11-01T07:00:00Z,tribes_fort-peck_Fort Peck,Fort Peck,NDVI,2137.4841989770343
2001-11-01T07:00:00Z,tribes_fort-belknap_Fort Belknap,Fort Belknap,EVI,1314.3774035072715
2001-11-01T07:00:00Z,tribes_fort-belknap_Fort Belknap,Fort Belknap,NDVI,2342.753744157055
2001-11-01T07:00:00Z,tribes_rocky-boys_Rocky Boy's,Rocky Boy's,EVI,1365.3638248737282
2001-11-01T07:00:00Z,tribes_rocky-boys_Rocky Boy's,Rocky Boy's,NDVI,2926.2529958222212
2001-11-01T07:00:00Z,tribes_blackfeet_Blackfeet,Blackfeet,EVI,1454.7457031163633
2001-11-01T07:00:00Z,tribes_blackfeet_Blackfeet,Blackfeet,NDVI,2520.9724269825715
2001-11-01T07:00:00Z,tribes_flathead_Flathead,Flathead,EVI,1940.147277318644
2001-11-01T07:00:00Z,tribes_flathead_Flathead,Flathead,NDVI,4471.316280976727
2001-11-17T07:00:00Z,tribes_northern-cheyenne_Northern Cheyenne,Northern Cheyenne,EVI,1695.985561668024
2001-11-17T07:00:00Z,tribes_northern-cheyenne_Northern Cheyenne,Northern Cheyenne,NDVI,3146.780951813962
2001-11-17T07:00:00Z,tribes_crow_Crow,Crow,EVI,1506.7214385996892
2001-11-17T07:00:00Z,tribes_crow_Crow,Crow,NDVI,2644.568051600107
2001-11-17T07:00:00Z,tribes_fort-peck_Fort Peck,Fort Peck,EVI,1187.9081994073733
2001-11-17T07:00:00Z,tribes_fort-peck_Fort Peck,Fort Peck,NDVI,2033.6483725803332
2001-11-17T07:00:00Z,tribes_fort-belknap_Fort Belknap,Fort Belknap,EVI,1264.5951695966469
2001-11-17T07:00:00Z,tribes_fort-belknap_Fort Belknap,Fort Belknap,NDVI,2152.78084734163
2001-11-17T07:00:00Z,tribes_rocky-boys_Rocky Boy's,Rocky Boy's,EVI,1437.289845969298
2001-11-17T07:00:00Z,tribes_rocky-boys_Rocky Boy's,Rocky Boy's,NDVI,2715.5254919277363
2001-11-17T07:00:00Z,tribes_blackfeet_Blackfeet,Blackfeet,EVI,1607.1699318368746
2001-11-17T07:00:00Z,tribes_blackfeet_Blackfeet,Blackfeet,NDVI,2406.644586425267
2001-11-17T07:00:00Z,tribes_flathead_Flathead,Flathead,EVI,1814.7002671765322
2001-11-17T07:00:00Z,tribes_flathead_Flathead,Flathead,NDVI,3785.096749821567
2001-12-03T07:00:00Z,tribes_northern-cheyenne_Northern Cheyenne,Northern Cheyenne,EVI,1225.0264546444525
2001-12-03T07:00:00Z,tribes_northern-cheyenne_Northern Cheyenne,Northern Cheyenne,NDVI,2383.559374041115
2001-12-03T07:00:00Z,tribes_crow_Crow,Crow,EVI,1245.2217510854327
2001-12-03T07:00:00Z,tribes_crow_Crow,Crow,NDVI,2219.693425880647
2001-12-03T07:00:00Z,tribes_fort-peck_Fort Peck,Fort Peck,EVI,1165.4502405816118
2001-12-03T07:00:00Z,tribes_fort-peck_Fort Peck,Fort Peck,NDVI,1898.948019783428
2001-12-03T07:00:00Z,tribes_fort-belknap_Fort Belknap,Fort Belknap,EVI,1239.2064332909413
2001-12-03T07:00:00Z,tribes_fort-belknap_Fort Belknap,Fort Belknap,NDVI,2073.916515719249
2001-12-03T07:00:00Z,tribes_rocky-boys_Rocky Boy's,Rocky Boy's,EVI,1296.0831327557971
2001-12-03T07:00:00Z,tribes_rocky-boys_Rocky Boy's,Rocky Boy's,NDVI,2609.6832147038185
2001-12-03T07:00:00Z,tribes_blackfeet_Blackfeet,Blackfeet,EVI,1260.204081632653
2001-12-03T07:00:00Z,tribes_blackfeet_Blackfeet,Blackfeet,NDVI,1840.5079365079364
2001-12-03T07:00:00Z,tribes_flathead_Flathead,Flathead,EVI,1911.2026157359353
2001-12-03T07:00:00Z,tribes_flathead_Flathead,Flathead,NDVI,3711.2688395266764
2001-12-19T07:00:00Z,tribes_northern-cheyenne_Northern Cheyenne,Northern Cheyenne,EVI,1150.3877362230737
2001-12-19T07:00:00Z,tribes_northern-cheyenne_Northern Cheyenne,Northern Cheyenne,NDVI,1911.970463856217
2001-12-19T07:00:00Z,tribes_crow_Crow,Crow,EVI,1104.580032282021
2001-12-19T07:00:00Z,tribes_crow_Crow,Crow,NDVI,1965.3104856279238
2001-12-19T07:00:00Z,tribes_fort-peck_Fort Peck,Fort Peck,EVI,1181.7348044278542
2001-12-19T07:00:00Z,tribes_fort-peck_Fort Peck,Fort Peck,NDVI,1914.6654685427686
2001-12-19T07:00:00Z,tribes_fort-belknap_Fort Belknap,Fort Belknap,EVI,1220.1131418065818
2001-12-19T07:00:00Z,tribes_fort-belknap_Fort Belknap,Fort Belknap,NDVI,2110.4302223895784
2001-12-19T07:00:00Z,tribes_rocky-boys_Rocky Boy's,Rocky Boy's,EVI,1306.3469712819124
2001-12-19T07:00:00Z,tribes_rocky-boys_Rocky Boy's,Rocky Boy's,NDVI,2656.7667917571343
2001-12-19T07:00:00Z,tribes_blackfeet_Blackfeet,Blackfeet,EVI,1070.4722233018333
2001-12-19T07:00:00Z,tribes_blackfeet_Blackfeet,Blackfeet,NDVI,1687.2924902557388
2001-12-19T07:00:00Z,tribes_flathead_Flathead,Flathead,EVI,1593.9794754846066
2001-12-19T07:00:00Z,tribes_flathead_Flathead,Flathead,NDVI,3209.8882554161914
2002-01-01T07:00:00Z,tribes_northern-cheyenne_Northern Cheyenne,Northern Cheyenne,EVI,1434.1673530203545
2002-01-01T07:00:00Z,tribes_northern-cheyenne_Northern Cheyenne,Northern Cheyenne,NDVI,2965.981298669002
2002-01-01T07:00:00Z,tribes_crow_Crow,Crow,EVI,1125.918936257228
2002-01-01T07:00:00Z,tribes_crow_Crow,Crow,NDVI,2296.1904476301333
2002-01-01T07:00:00Z,tribes_fort-peck_Fort Peck,Fort Peck,EVI,1219.1310197436192
2002-01-01T07:00:00Z,tribes_fort-peck_Fort Peck,Fort Peck,NDVI,2071.3360871597115
2002-01-01T07:00:00Z,tribes_fort-belknap_Fort Belknap,Fort Belknap,EVI,1304.6615167683676
2002-01-01T07:00:00Z,tribes_fort-belknap_Fort Belknap,Fort Belknap,NDVI,2166.509800163804
2002-01-01T07:00:00Z,tribes_rocky-boys_Rocky Boy's,Rocky Boy's,EVI,1321.6788846114819
2002-01-01T07:00:00Z,tribes_rocky-boys_Rocky Boy's,Rocky Boy's,NDVI,2653.2240537860293
2002-01-01T07:00:00Z,tribes_blackfeet_Blackfeet,Blackfeet,EVI,1173.320658135879
2002-01-01T07:00:00Z,tribes_blackfeet_Blackfeet,Blackfeet,NDVI,1922.3009895012885
2002-01-01T07:00:00Z,tribes_flathead_Flathead,Flathead,EVI,1763.3840883707767
2002-01-01T07:00:00Z,tribes_flathead_Flathead,Flathead,NDVI,3732.2551258229432
2002-01-17T07:00:00Z,tribes_northern-cheyenne_Northern Cheyenne,Northern Cheyenne,EVI,1147.235965537127
2002-01-17T07:00:00Z,tribes_northern-cheyenne_Northern Cheyenne,Northern Cheyenne,NDVI,2024.776245717581
2002-01-17T07:00:00Z,tribes_crow_Crow,Crow,EVI,1087.2019522770588
2002-01-17T07:00:00Z,tribes_crow_Crow,Crow,NDVI,1866.3042174296404
2002-01-17T07:00:00Z,tribes_fort-peck_Fort Peck,Fort Peck,EVI,1246.8663449220894
2002-01-17T07:00:00Z,tribes_fort-peck_Fort Peck,Fort Peck,NDVI,1862.4695653432595
2002-01-17T07:00:00Z,tribes_fort-belknap_Fort Belknap,Fort Belknap,EVI,1267.9670626852076
2002-01-17T07:00:00Z,tribes_fort-belknap_Fort Belknap,Fort Belknap,NDVI,2002.594385532133
2002-01-17T07:00:00Z,tribes_rocky-boys_Rocky Boy's,Rocky Boy's,EVI,1070.9151355421686
2002-01-17T07:00:00Z,tribes_rocky-boys_Rocky Boy's,Rocky Boy's,NDVI,1858.703614457831
2002-01-17T07:00:00Z,tribes_blackfeet_Blackfeet,Blackfeet,EVI,1193.9235325962322
2002-01-17T07:00:00Z,tribes_blackfeet_Blackfeet,Blackfeet,NDVI,1874.5321379709815
2002-01-17T07:00:00Z,tribes_flathead_Flathead,Flathead,EVI,1643.1818181818182
2002-01-17T07:00:00Z,tribes_flathead_Flathead,Flathead,NDVI,2848.4545454545455
2002-02-02T07:00:00Z,tribes_northern-cheyenne_Northern Cheyenne,Northern Cheyenne,EVI,1287.1146177442183
2002-02-02T07:00:00Z,tribes_northern-cheyenne_Northern Cheyenne,Northern Cheyenne,NDVI,2212.115443605474
2002-02-02T07:00:00Z,tribes_crow_Crow,Crow,EVI,1104.4644165178556
2002-02-02T07:00:00Z,tribes_crow_Crow,Crow,NDVI,1910.5119651705604
2002-02-02T07:00:00Z,tribes_fort-peck_Fort Peck,Fort Peck,EVI,1162.8323880619291
2002-02-02T07:00:00Z,tribes_fort-peck_Fort Peck,Fort Peck,NDVI,1831.8732069459172
2002-02-02T07:00:00Z,tribes_fort-belknap_Fort Belknap,Fort Belknap,EVI,1174.4803133499984
2002-02-02T07:00:00Z,tribes_fort-belknap_Fort Belknap,Fort Belknap,NDVI,1929.5076867297716
2002-02-02T07:00:00Z,tribes_rocky-boys_Rocky Boy's,Rocky Boy's,EVI,1030.7745398697266
2002-02-02T07:00:00Z,tribes_rocky-boys_Rocky Boy's,Rocky Boy's,NDVI,1971.40365042445
2002-02-02T07:00:00Z,tribes_blackfeet_Blackfeet,Blackfeet,EVI,1110.7294756126528
2002-02-02T07:00:00Z,tribes_blackfeet_Blackfeet,Blackfeet,NDVI,1765.4704015526045
2002-02-02T07:00:00Z,tribes_flathead_Flathead,Flathead,EVI,1490.6605694592927
2002-02-02T07:00:00Z,tribes_flathead_Flathead,Flathead,NDVI,3003.1616013386547
2002-02-18T07:00:00Z,tribes_northern-cheyenne_Northern Cheyenne,Northern Cheyenne,EVI,1674.355629973427
2002-02-18T07:00:00Z,tribes_northern-cheyenne_Northern Cheyenne,Northern Cheyenne,NDVI,2797.90560004844
2002-02-18T07:00:00Z,tribes_crow_Crow,Crow,EVI,1280.7807441762482
2002-02-18T07:00:00Z,tribes_crow_Crow,Crow,NDVI,2070.3258473530173
2002-02-18T07:00:00Z,tribes_fort-peck_Fort Peck,Fort Peck,EVI,1137.07316939405
2002-02-18T07:00:00Z,tribes_fort-peck_Fort Peck,Fort Peck,NDVI,1854.3107016330905
2002-02-18T07:00:00Z,tribes_fort-belknap_Fort Belknap,Fort Belknap,EVI,1230.398308107073
2002-02-18T07:00:00Z,tribes_fort-belknap_Fort Belknap,Fort Belknap,NDVI,1984.8205084393978
2002-02-18T07:00:00Z,tribes_rocky-boys_Rocky Boy's,Rocky Boy's,EVI,1180.413290650182
2002-02-18T07:00:00Z,tribes_rocky-boys_Rocky Boy's,Rocky Boy's,NDVI,1867.2613975052434
2002-02-18T07:00:00Z,tribes_blackfeet_Blackfeet,Blackfeet,EVI,1192.5812454001818
2002-02-18T07:00:00Z,tribes_blackfeet_Blackfeet,Blackfeet,NDVI,1772.5242402892327
2002-02-18T07:00:00Z,tribes_flathead_Flathead,Flathead,EVI,1568.26254180602
2002-02-18T07:00:00Z,tribes_flathead_Flathead,Flathead,NDVI,2699.3745819397996
2002-03-06T07:00:00Z,tribes_northern-cheyenne_Northern Cheyenne,Northern Cheyenne,EVI,1232.1071068454264
2002-03-06T07:00:00Z,tribes_northern-cheyenne_Northern Cheyenne,Northern Cheyenne,NDVI,2434.2872207151995
2002-03-06T07:00:00Z,tribes_crow_Crow,Crow,EVI,1050.4631145965166
2002-03-06T07:00:00Z,tribes_crow_Crow,Crow,NDVI,2029.9641310670197
2002-03-06T07:00:00Z,tribes_fort-peck_Fort Peck,Fort Peck,EVI,NA
2002-03-06T07:00:00Z,tribes_fort-peck_Fort Peck,Fort Peck,NDVI,NA
2002-03-06T07:00:00Z,tribes_fort-belknap_Fort Belknap,Fort Belknap,EVI,1245.2758795241712
2002-03-06T07:00:00Z,tribes_fort-belknap_Fort Belknap,Fort Belknap,NDVI,2012.754239433055
2002-03-06T07:00:00Z,tribes_rocky-boys_Rocky Boy's,Rocky Boy's,EVI,NA
2002-03-06T07:00:00Z,tribes_rocky-boys_Rocky Boy's,Rocky Boy's,NDVI,NA
2002-03-06T07:00:00Z,tribes_blackfeet_Blackfeet,Blackfeet,EVI,975.0235507246376
2002-03-06T07:00:00Z,tribes_blackfeet_Blackfeet,Blackfeet,NDVI,1624.3695652173913
2002-03-06T07:00:00Z,tribes_flathead_Flathead,Flathead,EVI,NA
2002-03-06T07:00:00Z,tribes_flathead_Flathead,Flathead,NDVI,NA
2002-03-22T07:00:00Z,tribes_northern-cheyenne_Northern Cheyenne,Northern Cheyenne,EVI,1239.184955686327
2002-03-22T07:00:00Z,tribes_northern-cheyenne_Northern Cheyenne,Northern Cheyenne,NDVI,2547.142303194242
2002-03-22T07:00:00Z,tribes_crow_Crow,Crow,EVI,1056.1071507004774
2002-03-22T07:00:00Z,tribes_crow_Crow,Crow,NDVI,2058.714263548703
2002-03-22T07:00:00Z,tribes_fort-peck_Fort Peck,Fort Peck,EVI,1112.6348572371348
2002-03-22T07:00:00Z,tribes_fort-peck_Fort Peck,Fort Peck,NDVI,1702.9820075238897
2002-03-22T07:00:00Z,tribes_fort-belknap_Fort Belknap,Fort Belknap,EVI,1047.5994491802328
2002-03-22T07:00:00Z,tribes_fort-belknap_Fort Belknap,Fort Belknap,NDVI,1701.6569908148815
2002-03-22T07:00:00Z,tribes_rocky-boys_Rocky Boy's,Rocky Boy's,EVI,NA
2002-03-22T07:00:00Z,tribes_rocky-boys_Rocky Boy's,Rocky Boy's,NDVI,NA
2002-03-22T07:00:00Z,tribes_blackfeet_Blackfeet,Blackfeet,EVI,NA
2002-03-22T07:00:00Z,tribes_blackfeet_Blackfeet,Blackfeet,NDVI,NA
2002-03-22T07:00:00Z,tribes_flathead_Flathead,Flathead,EVI,1676.177839180969
2002-03-22T07:00:00Z,tribes_flathead_Flathead,Flathead,NDVI,3094.3745863528443
2002-04-07T07:00:00Z,tribes_northern-cheyenne_Northern Cheyenne,Northern Cheyenne,EVI,1466.041726191208
2002-04-07T07:00:00Z,tribes_northern-cheyenne_Northern Cheyenne,Northern Cheyenne,NDVI,2777.7955564214967
2002-04-07T07:00:00Z,tribes_crow_Crow,Crow,EVI,1379.2151406106736
2002-04-07T07:00:00Z,tribes_crow_Crow,Crow,NDVI,2435.7923557988534
2002-04-07T07:00:00Z,tribes_fort-peck_Fort Peck,Fort Peck,EVI,1145.3654244844874
2002-04-07T07:00:00Z,tribes_fort-peck_Fort Peck,Fort Peck,NDVI,1902.4571904531383
2002-04-07T07:00:00Z,tribes_fort-belknap_Fort Belknap,Fort Belknap,EVI,1278.4100333932195
2002-04-07T07:00:00Z,tribes_fort-belknap_Fort Belknap,Fort Belknap,NDVI,2199.497153637125
2002-04-07T07:00:00Z,tribes_rocky-boys_Rocky Boy's,Rocky Boy's,EVI,1159.8160120798561
2002-04-07T07:00:00Z,tribes_rocky-boys_Rocky Boy's,Rocky Boy's,NDVI,2103.530061183011
2002-04-07T07:00:00Z,tribes_blackfeet_Blackfeet,Blackfeet,EVI,1112.9592462125015
2002-04-07T07:00:00Z,tribes_blackfeet_Blackfeet,Blackfeet,NDVI,1726.1445767353794
2002-04-07T07:00:00Z,tribes_flathead_Flathead,Flathead,EVI,2380.041714538045
2002-04-07T07:00:00Z,tribes_flathead_Flathead,Flathead,NDVI,4252.243452491879
2002-04-23T06:00:00Z,tribes_northern-cheyenne_Northern Cheyenne,Northern Cheyenne,EVI,1753.5165990383261
2002-04-23T06:00:00Z,tribes_northern-cheyenne_Northern Cheyenne,Northern Cheyenne,NDVI,3284.166678304777
2002-04-23T06:00:00Z,tribes_crow_Crow,Crow,EVI,1748.0645923542386
2002-04-23T06:00:00Z,tribes_crow_Crow,Crow,NDVI,3189.2104508955463
2002-04-23T06:00:00Z,tribes_fort-peck_Fort Peck,Fort Peck,EVI,1134.1596275404493
2002-04-23T06:00:00Z,tribes_fort-peck_Fort Peck,Fort Peck,NDVI,1932.8238540206423
2002-04-23T06:00:00Z,tribes_fort-belknap_Fort Belknap,Fort Belknap,EVI,1437.7719059019591
2002-04-23T06:00:00Z,tribes_fort-belknap_Fort Belknap,Fort Belknap,NDVI,2217.577932866797
2002-04-23T06:00:00Z,tribes_rocky-boys_Rocky Boy's,Rocky Boy's,EVI,1592.4427810510217
2002-04-23T06:00:00Z,tribes_rocky-boys_Rocky Boy's,Rocky Boy's,NDVI,2858.879830890715
2002-04-23T06:00:00Z,tribes_blackfeet_Blackfeet,Blackfeet,EVI,1161.4426456768026
2002-04-23T06:00:00Z,tribes_blackfeet_Blackfeet,Blackfeet,NDVI,1770.8795872471171
2002-04-23T06:00:00Z,tribes_flathead_Flathead,Flathead,EVI,2512.34990520462
2002-04-23T06:00:00Z,tribes_flathead_Flathead,Flathead,NDVI,4885.860070139786
2002-05-09T06:00:00Z,tribes_northern-cheyenne_Northern Cheyenne,Northern Cheyenne,EVI,2100.2896099075424
2002-05-09T06:00:00Z,tribes_northern-cheyenne_Northern Cheyenne,Northern Cheyenne,NDVI,3654.931344448737
2002-05-09T06:00:00Z,tribes_crow_Crow,Crow,EVI,2190.1306008333254
2002-05-09T06:00:00Z,tribes_crow_Crow,Crow,NDVI,3598.493147034915
2002-05-09T06:00:00Z,tribes_fort-peck_Fort Peck,Fort Peck,EVI,1379.2667701691232
2002-05-09T06:00:00Z,tribes_fort-peck_Fort Peck,Fort Peck,NDVI,2207.7183982208344
2002-05-09T06:00:00Z,tribes_fort-belknap_Fort Belknap,Fort Belknap,EVI,1635.326195514851
2002-05-09T06:00:00Z,tribes_fort-belknap_Fort Belknap,Fort Belknap,NDVI,2629.2972149933225
2002-05-09T06:00:00Z,tribes_rocky-boys_Rocky Boy's,Rocky Boy's,EVI,1706.304225023649
2002-05-09T06:00:00Z,tribes_rocky-boys_Rocky Boy's,Rocky Boy's,NDVI,3112.706927043526
2002-05-09T06:00:00Z,tribes_blackfeet_Blackfeet,Blackfeet,EVI,1372.6815335178217
2002-05-09T06:00:00Z,tribes_blackfeet_Blackfeet,Blackfeet,NDVI,2372.279573363031
2002-05-09T06:00:00Z,tribes_flathead_Flathead,Flathead,EVI,2793.4611181460227
2002-05-09T06:00:00Z,tribes_flathead_Flathead,Flathead,NDVI,5273.347523133287
2002-05-25T06:00:00Z,tribes_northern-cheyenne_Northern Cheyenne,Northern Cheyenne,EVI,2604.2123322926773
2002-05-25T06:00:00Z,tribes_northern-cheyenne_Northern Cheyenne,Northern Cheyenne,NDVI,4360.149820835095
2002-05-25T06:00:00Z,tribes_crow_Crow,Crow,EVI,2812.066515185257
2002-05-25T06:00:00Z,tribes_crow_Crow,Crow,NDVI,4539.411116493271
2002-05-25T06:00:00Z,tribes_fort-peck_Fort Peck,Fort Peck,EVI,1872.6480083500135
2002-05-25T06:00:00Z,tribes_fort-peck_Fort Peck,Fort Peck,NDVI,3110.477609173034
2002-05-25T06:00:00Z,tribes_fort-belknap_Fort Belknap,Fort Belknap,EVI,2321.6996168269616
2002-05-25T06:00:00Z,tribes_fort-belknap_Fort Belknap,Fort Belknap,NDVI,3590.087255394556
2002-05-25T06:00:00Z,tribes_rocky-boys_Rocky Boy's,Rocky Boy's,EVI,3040.542429774198
2002-05-25T06:00:00Z,tribes_rocky-boys_Rocky Boy's,Rocky Boy's,NDVI,4919.18280504941
2002-05-25T06:00:00Z,tribes_blackfeet_Blackfeet,Blackfeet,EVI,2097.4514675972346
2002-05-25T06:00:00Z,tribes_blackfeet_Blackfeet,Blackfeet,NDVI,3628.685345107862
2002-05-25T06:00:00Z,tribes_flathead_Flathead,Flathead,EVI,3405.8646529243606
2002-05-25T06:00:00Z,tribes_flathead_Flathead,Flathead,NDVI,6239.15852030773
2002-06-10T06:00:00Z,tribes_northern-cheyenne_Northern Cheyenne,Northern Cheyenne,EVI,2793.727842763295
2002-06-10T06:00:00Z,tribes_northern-cheyenne_Northern Cheyenne,Northern Cheyenne,NDVI,4573.757695610287
2002-06-10T06:00:00Z,tribes_crow_Crow,Crow,EVI,3246.907196469077
2002-06-10T06:00:00Z,tribes_crow_Crow,Crow,NDVI,5015.189603294117
2002-06-10T06:00:00Z,tribes_fort-peck_Fort Peck,Fort Peck,EVI,2689.4628013518945
2002-06-10T06:00:00Z,tribes_fort-peck_Fort Peck,Fort Peck,NDVI,4332.2345791495745
2002-06-10T06:00:00Z,tribes_fort-belknap_Fort Belknap,Fort Belknap,EVI,2889.630337620552
2002-06-10T06:00:00Z,tribes_fort-belknap_Fort Belknap,Fort Belknap,NDVI,5143.394237938258
2002-06-10T06:00:00Z,tribes_rocky-boys_Rocky Boy's,Rocky Boy's,EVI,3597.994359205781
2002-06-10T06:00:00Z,tribes_rocky-boys_Rocky Boy's,Rocky Boy's,NDVI,6201.57168080335
2002-06-10T06:00:00Z,tribes_blackfeet_Blackfeet,Blackfeet,EVI,2927.586653228629
2002-06-10T06:00:00Z,tribes_blackfeet_Blackfeet,Blackfeet,NDVI,4765.152683459343
2002-06-10T06:00:00Z,tribes_flathead_Flathead,Flathead,EVI,3570.0465060348247
2002-06-10T06:00:00Z,tribes_flathead_Flathead,Flathead,NDVI,6464.562520512104
2002-06-26T06:00:00Z,tribes_northern-cheyenne_Northern Cheyenne,Northern Cheyenne,EVI,2582.6455093073973
2002-06-26T06:00:00Z,tribes_northern-cheyenne_Northern Cheyenne,Northern Cheyenne,NDVI,4309.497015369944
2002-06-26T06:00:00Z,tribes_crow_Crow,Crow,EVI,2701.4183722611615
2002-06-26T06:00:00Z,tribes_crow_Crow,Crow,NDVI,4208.473347307438
2002-06-26T06:00:00Z,tribes_fort-peck_Fort Peck,Fort Peck,EVI,3194.9412539249893
2002-06-26T06:00:00Z,tribes_fort-peck_Fort Peck,Fort Peck,NDVI,5451.75366157154
2002-06-26T06:00:00Z,tribes_fort-belknap_Fort Belknap,Fort Belknap,EVI,2892.0592778651085
2002-06-26T06:00:00Z,tribes_fort-belknap_Fort Belknap,Fort Belknap,NDVI,4780.7507113476895
2002-06-26T06:00:00Z,tribes_rocky-boys_Rocky Boy's,Rocky Boy's,EVI,3911.1502663584333
2002-06-26T06:00:00Z,tribes_rocky-boys_Rocky Boy's,Rocky Boy's,NDVI,6255.816686842039
2002-06-26T06:00:00Z,tribes_blackfeet_Blackfeet,Blackfeet,EVI,3349.0511173179066
2002-06-26T06:00:00Z,tribes_blackfeet_Blackfeet,Blackfeet,NDVI,5301.9586456525185
2002-06-26T06:00:00Z,tribes_flathead_Flathead,Flathead,EVI,3682.624523653534
2002-06-26T06:00:00Z,tribes_flathead_Flathead,Flathead,NDVI,6293.811734279744
2002-07-12T06:00:00Z,tribes_northern-cheyenne_Northern Cheyenne,Northern Cheyenne,EVI,2265.6418104632608
2002-07-12T06:00:00Z,tribes_northern-cheyenne_Northern Cheyenne,Northern Cheyenne,NDVI,4014.6112237425027
2002-07-12T06:00:00Z,tribes_crow_Crow,Crow,EVI,2203.955139646021
2002-07-12T06:00:00Z,tribes_crow_Crow,Crow,NDVI,3663.66939830813
2002-07-12T06:00:00Z,tribes_fort-peck_Fort Peck,Fort Peck,EVI,3030.9253906164013
2002-07-12T06:00:00Z,tribes_fort-peck_Fort Peck,Fort Peck,NDVI,5101.576006375447
2002-07-12T06:00:00Z,tribes_fort-belknap_Fort Belknap,Fort Belknap,EVI,2709.9434486053015
2002-07-12T06:00:00Z,tribes_fort-belknap_Fort Belknap,Fort Belknap,NDVI,4513.989329171751
2002-07-12T06:00:00Z,tribes_rocky-boys_Rocky Boy's,Rocky Boy's,EVI,4002.424496096084
2002-07-12T06:00:00Z,tribes_rocky-boys_Rocky Boy's,Rocky Boy's,NDVI,6287.8923622925595
2002-07-12T06:00:00Z,tribes_blackfeet_Blackfeet,Blackfeet,EVI,3347.4900131534087
2002-07-12T06:00:00Z,tribes_blackfeet_Blackfeet,Blackfeet,NDVI,5259.593901754721
2002-07-12T06:00:00Z,tribes_flathead_Flathead,Flathead,EVI,3228.754207961974
2002-07-12T06:00:00Z,tribes_flathead_Flathead,Flathead,NDVI,5846.809488926917
2002-07-28T06:00:00Z,tribes_northern-cheyenne_Northern Cheyenne,Northern Cheyenne,EVI,2187.659644157468
2002-07-28T06:00:00Z,tribes_northern-cheyenne_Northern Cheyenne,Northern Cheyenne,NDVI,3719.1705647066246
2002-07-28T06:00:00Z,tribes_crow_Crow,Crow,EVI,2028.521212499594
2002-07-28T06:00:00Z,tribes_crow_Crow,Crow,NDVI,3464.6237536249832
2002-07-28T06:00:00Z,tribes_fort-peck_Fort Peck,Fort Peck,EVI,2367.4714672760038
2002-07-28T06:00:00Z,tribes_fort-peck_Fort Peck,Fort Peck,NDVI,4201.561482246561
2002-07-28T06:00:00Z,tribes_fort-belknap_Fort Belknap,Fort Belknap,EVI,2463.403862811461
2002-07-28T06:00:00Z,tribes_fort-belknap_Fort Belknap,Fort Belknap,NDVI,4096.333248596742
2002-07-28T06:00:00Z,tribes_rocky-boys_Rocky Boy's,Rocky Boy's,EVI,3856.0714950595952
2002-07-28T06:00:00Z,tribes_rocky-boys_Rocky Boy's,Rocky Boy's,NDVI,6008.075034851671
2002-07-28T06:00:00Z,tribes_blackfeet_Blackfeet,Blackfeet,EVI,3126.7434125021828
2002-07-28T06:00:00Z,tribes_blackfeet_Blackfeet,Blackfeet,NDVI,5225.571554721272
2002-07-28T06:00:00Z,tribes_flathead_Flathead,Flathead,EVI,2842.4414112901914
2002-07-28T06:00:00Z,tribes_flathead_Flathead,Flathead,NDVI,5575.9175871719135
2002-08-13T06:00:00Z,tribes_northern-cheyenne_Northern Cheyenne,Northern Cheyenne,EVI,2031.5352588357828
2002-08-13T06:00:00Z,tribes_northern-cheyenne_Northern Cheyenne,Northern Cheyenne,NDVI,3556.887810637585
2002-08-13T06:00:00Z,tribes_crow_Crow,Crow,EVI,1903.5187432274076
2002-08-13T06:00:00Z,tribes_crow_Crow,Crow,NDVI,3282.8947161752462
2002-08-13T06:00:00Z,tribes_fort-peck_Fort Peck,Fort Peck,EVI,2071.648638419913
2002-08-13T06:00:00Z,tribes_fort-peck_Fort Peck,Fort Peck,NDVI,3852.0789728209775
2002-08-13T06:00:00Z,tribes_fort-belknap_Fort Belknap,Fort Belknap,EVI,2402.2567497662694
2002-08-13T06:00:00Z,tribes_fort-belknap_Fort Belknap,Fort Belknap,NDVI,4117.53003258412
2002-08-13T06:00:00Z,tribes_rocky-boys_Rocky Boy's,Rocky Boy's,EVI,3470.7633317736836
2002-08-13T06:00:00Z,tribes_rocky-boys_Rocky Boy's,Rocky Boy's,NDVI,5916.178574708233
2002-08-13T06:00:00Z,tribes_blackfeet_Blackfeet,Blackfeet,EVI,3051.324979251584
2002-08-13T06:00:00Z,tribes_blackfeet_Blackfeet,Blackfeet,NDVI,4898.706873905923
2002-08-13T06:00:00Z,tribes_flathead_Flathead,Flathead,EVI,2715.5963905058625
2002-08-13T06:00:00Z,tribes_flathead_Flathead,Flathead,NDVI,5409.994926885625
2002-08-29T06:00:00Z,tribes_northern-cheyenne_Northern Cheyenne,Northern Cheyenne,EVI,1907.9608681231011
2002-08-29T06:00:00Z,tribes_northern-cheyenne_Northern Cheyenne,Northern Cheyenne,NDVI,3717.7927354180815
2002-08-29T06:00:00Z,tribes_crow_Crow,Crow,EVI,1832.8233941548526
2002-08-29T06:00:00Z,tribes_crow_Crow,Crow,NDVI,3286.0365774900674
2002-08-29T06:00:00Z,tribes_fort-peck_Fort Peck,Fort Peck,EVI,1962.7369043987742
2002-08-29T06:00:00Z,tribes_fort-peck_Fort Peck,Fort Peck,NDVI,3794.032096635748
2002-08-29T06:00:00Z,tribes_fort-belknap_Fort Belknap,Fort Belknap,EVI,2276.5112429452874
2002-08-29T06:00:00Z,tribes_fort-belknap_Fort Belknap,Fort Belknap,NDVI,4006.5518325059866
2002-08-29T06:00:00Z,tribes_rocky-boys_Rocky Boy's,Rocky Boy's,EVI,3234.84977515766
2002-08-29T06:00:00Z,tribes_rocky-boys_Rocky Boy's,Rocky Boy's,NDVI,5763.041905019958
2002-08-29T06:00:00Z,tribes_blackfeet_Blackfeet,Blackfeet,EVI,2670.6707803014197
2002-08-29T06:00:00Z,tribes_blackfeet_Blackfeet,Blackfeet,NDVI,4710.958434612408
2002-08-29T06:00:00Z,tribes_flathead_Flathead,Flathead,EVI,2616.2528148537353
2002-08-29T06:00:00Z,tribes_flathead_Flathead,Flathead,NDVI,5266.413956576081
2002-09-14T06:00:00Z,tribes_northern-cheyenne_Northern Cheyenne,Northern Cheyenne,EVI,2017.6113172232792
2002-09-14T06:00:00Z,tribes_northern-cheyenne_Northern Cheyenne,Northern Cheyenne,NDVI,4074.96448646403
2002-09-14T06:00:00Z,tribes_crow_Crow,Crow,EVI,1769.451849741223
2002-09-14T06:00:00Z,tribes_crow_Crow,Crow,NDVI,3375.3388795964124
2002-09-14T06:00:00Z,tribes_fort-peck_Fort Peck,Fort Peck,EVI,1865.3358709453391
2002-09-14T06:00:00Z,tribes_fort-peck_Fort Peck,Fort Peck,NDVI,3510.836505338719
2002-09-14T06:00:00Z,tribes_fort-belknap_Fort Belknap,Fort Belknap,EVI,1963.8984307656845
2002-09-14T06:00:00Z,tribes_fort-belknap_Fort Belknap,Fort Belknap,NDVI,3610.0442661016705
2002-09-14T06:00:00Z,tribes_rocky-boys_Rocky Boy's,Rocky Boy's,EVI,2837.4065516744163
2002-09-14T06:00:00Z,tribes_rocky-boys_Rocky Boy's,Rocky Boy's,NDVI,5377.362579590706
2002-09-14T06:00:00Z,tribes_blackfeet_Blackfeet,Blackfeet,EVI,2429.253091870829
2002-09-14T06:00:00Z,tribes_blackfeet_Blackfeet,Blackfeet,NDVI,4421.418837715777
2002-09-14T06:00:00Z,tribes_flathead_Flathead,Flathead,EVI,2413.364444276047
2002-09-14T06:00:00Z,tribes_flathead_Flathead,Flathead,NDVI,5246.061206882672
2002-09-30T06:00:00Z,tribes_northern-cheyenne_Northern Cheyenne,Northern Cheyenne,EVI,2227.6830076668725
2002-09-30T06:00:00Z,tribes_northern-cheyenne_Northern Cheyenne,Northern Cheyenne,NDVI,4378.1972213458475
2002-09-30T06:00:00Z,tribes_crow_Crow,Crow,EVI,1875.0374597319508
2002-09-30T06:00:00Z,tribes_crow_Crow,Crow,NDVI,3647.0623352863563
2002-09-30T06:00:00Z,tribes_fort-peck_Fort Peck,Fort Peck,EVI,1527.4490316753331
2002-09-30T06:00:00Z,tribes_fort-peck_Fort Peck,Fort Peck,NDVI,2944.0939723027473
2002-09-30T06:00:00Z,tribes_fort-belknap_Fort Belknap,Fort Belknap,EVI,1834.3349341695975
2002-09-30T06:00:00Z,tribes_fort-belknap_Fort Belknap,Fort Belknap,NDVI,3440.694878592991
2002-09-30T06:00:00Z,tribes_rocky-boys_Rocky Boy's,Rocky Boy's,EVI,2414.4913690255144
2002-09-30T06:00:00Z,tribes_rocky-boys_Rocky Boy's,Rocky Boy's,NDVI,4681.421191555205
2002-09-30T06:00:00Z,tribes_blackfeet_Blackfeet,Blackfeet,EVI,2088.3075966358383
2002-09-30T06:00:00Z,tribes_blackfeet_Blackfeet,Blackfeet,NDVI,3772.4772778481556
2002-09-30T06:00:00Z,tribes_flathead_Flathead,Flathead,EVI,2341.4732481418764
2002-09-30T06:00:00Z,tribes_flathead_Flathead,Flathead,NDVI,4901.867935750914
2002-10-16T06:00:00Z,tribes_northern-cheyenne_Northern Cheyenne,Northern Cheyenne,EVI,1939.1557146582354
2002-10-16T06:00:00Z,tribes_northern-cheyenne_Northern Cheyenne,Northern Cheyenne,NDVI,3937.399852596039
2002-10-16T06:00:00Z,tribes_crow_Crow,Crow,EVI,1676.4274958738888
2002-10-16T06:00:00Z,tribes_crow_Crow,Crow,NDVI,3273.762987092066
2002-10-16T06:00:00Z,tribes_fort-peck_Fort Peck,Fort Peck,EVI,1506.585968773656
2002-10-16T06:00:00Z,tribes_fort-peck_Fort Peck,Fort Peck,NDVI,2443.776736034016
2002-10-16T06:00:00Z,tribes_fort-belknap_Fort Belknap,Fort Belknap,EVI,1490.561299254576
2002-10-16T06:00:00Z,tribes_fort-belknap_Fort Belknap,Fort Belknap,NDVI,2728.2679696974174
2002-10-16T06:00:00Z,tribes_rocky-boys_Rocky Boy's,Rocky Boy's,EVI,1789.5694555258447
2002-10-16T06:00:00Z,tribes_rocky-boys_Rocky Boy's,Rocky Boy's,NDVI,3748.262945508755
2002-10-16T06:00:00Z,tribes_blackfeet_Blackfeet,Blackfeet,EVI,1716.8887388192463
2002-10-16T06:00:00Z,tribes_blackfeet_Blackfeet,Blackfeet,NDVI,3097.2347148067
2002-10-16T06:00:00Z,tribes_flathead_Flathead,Flathead,EVI,2068.050973142279
2002-10-16T06:00:00Z,tribes_flathead_Flathead,Flathead,NDVI,4523.994829670319
2002-11-01T07:00:00Z,tribes_northern-cheyenne_Northern Cheyenne,Northern Cheyenne,EVI,1877.3100613642168
2002-11-01T07:00:00Z,tribes_northern-cheyenne_Northern Cheyenne,Northern Cheyenne,NDVI,3872.6827932035226
2002-11-01T07:00:00Z,tribes_crow_Crow,Crow,EVI,1540.787501321494
2002-11-01T07:00:00Z,tribes_crow_Crow,Crow,NDVI,2987.111984699846
2002-11-01T07:00:00Z,tribes_fort-peck_Fort Peck,Fort Peck,EVI,1160.5588746271637
2002-11-01T07:00:00Z,tribes_fort-peck_Fort Peck,Fort Peck,NDVI,2218.9913106849544
2002-11-01T07:00:00Z,tribes_fort-belknap_Fort Belknap,Fort Belknap,EVI,1412.7274643518908
2002-11-01T07:00:00Z,tribes_fort-belknap_Fort Belknap,Fort Belknap,NDVI,2643.014825648796
2002-11-01T07:00:00Z,tribes_rocky-boys_Rocky Boy's,Rocky Boy's,EVI,1600.5109343648153
2002-11-01T07:00:00Z,tribes_rocky-boys_Rocky Boy's,Rocky Boy's,NDVI,3104.8575719968935
2002-11-01T07:00:00Z,tribes_blackfeet_Blackfeet,Blackfeet,EVI,1419.4322162146195
2002-11-01T07:00:00Z,tribes_blackfeet_Blackfeet,Blackfeet,NDVI,2648.1047564397386
2002-11-01T07:00:00Z,tribes_flathead_Flathead,Flathead,EVI,1909.3253407479274
2002-11-01T07:00:00Z,tribes_flathead_Flathead,Flathead,NDVI,4331.856032134974
2002-11-17T07:00:00Z,tribes_northern-cheyenne_Northern Cheyenne,Northern Cheyenne,EVI,1777.5340610228159
2002-11-17T07:00:00Z,tribes_northern-cheyenne_Northern Cheyenne,Northern Cheyenne,NDVI,3655.3104892790707
2002-11-17T07:00:00Z,tribes_crow_Crow,Crow,EVI,1502.750315972242
2002-11-17T07:00:00Z,tribes_crow_Crow,Crow,NDVI,2865.212777568809
2002-11-17T07:00:00Z,tribes_fort-peck_Fort Peck,Fort Peck,EVI,1106.8160820426174
2002-11-17T07:00:00Z,tribes_fort-peck_Fort Peck,Fort Peck,NDVI,2234.5008878914286
2002-11-17T07:00:00Z,tribes_fort-belknap_Fort Belknap,Fort Belknap,EVI,1389.9570139229672
2002-11-17T07:00:00Z,tribes_fort-belknap_Fort Belknap,Fort Belknap,NDVI,2465.532248018949
2002-11-17T07:00:00Z,tribes_rocky-boys_Rocky Boy's,Rocky Boy's,EVI,1613.735740104825
2002-11-17T07:00:00Z,tribes_rocky-boys_Rocky Boy's,Rocky Boy's,NDVI,3090.5013532441735
2002-11-17T07:00:00Z,tribes_blackfeet_Blackfeet,Blackfeet,EVI,1420.3551950478702
2002-11-17T07:00:00Z,tribes_blackfeet_Blackfeet,Blackfeet,NDVI,2782.572208519695
2002-11-17T07:00:00Z,tribes_flathead_Flathead,Flathead,EVI,1910.5567591781644
2002-11-17T07:00:00Z,tribes_flathead_Flathead,Flathead,NDVI,4204.818723206593
2002-12-03T07:00:00Z,tribes_northern-cheyenne_Northern Cheyenne,Northern Cheyenne,EVI,1877.1297300998156
2002-12-03T07:00:00Z,tribes_northern-cheyenne_Northern Cheyenne,Northern Cheyenne,NDVI,3458.155170221519
2002-12-03T07:00:00Z,tribes_crow_Crow,Crow,EVI,1493.3765072281813
2002-12-03T07:00:00Z,tribes_crow_Crow,Crow,NDVI,2834.7015679506653
2002-12-03T07:00:00Z,tribes_fort-peck_Fort Peck,Fort Peck,EVI,1104.3010544864644
2002-12-03T07:00:00Z,tribes_fort-peck_Fort Peck,Fort Peck,NDVI,2043.2203729307519
2002-12-03T07:00:00Z,tribes_fort-belknap_Fort Belknap,Fort Belknap,EVI,1272.2559683211175
2002-12-03T07:00:00Z,tribes_fort-belknap_Fort Belknap,Fort Belknap,NDVI,2265.262826858743
2002-12-03T07:00:00Z,tribes_rocky-boys_Rocky Boy's,Rocky Boy's,EVI,1561.9311650248324
2002-12-03T07:00:00Z,tribes_rocky-boys_Rocky Boy's,Rocky Boy's,NDVI,2877.4647949949604
2002-12-03T07:00:00Z,tribes_blackfeet_Blackfeet,Blackfeet,EVI,1419.9935634242013
2002-12-03T07:00:00Z,tribes_blackfeet_Blackfeet,Blackfeet,NDVI,2363.9530706494334
2002-12-03T07:00:00Z,tribes_flathead_Flathead,Flathead,EVI,1304.8925230084876
2002-12-03T07:00:00Z,tribes_flathead_Flathead,Flathead,NDVI,3101.872502202923
2002-12-19T07:00:00Z,tribes_northern-cheyenne_Northern Cheyenne,Northern Cheyenne,EVI,1725.6790188938885
2002-12-19T07:00:00Z,tribes_northern-cheyenne_Northern Cheyenne,Northern Cheyenne,NDVI,3407.2683391152264
2002-12-19T07:00:00Z,tribes_crow_Crow,Crow,EVI,1397.6280227661546
2002-12-19T07:00:00Z,tribes_crow_Crow,Crow,NDVI,2671.2981008548522
2002-12-19T07:00:00Z,tribes_fort-peck_Fort Peck,Fort Peck,EVI,1111.797902820344
2002-12-19T07:00:00Z,tribes_fort-peck_Fort Peck,Fort Peck,NDVI,2095.5416908649604
2002-12-19T07:00:00Z,tribes_fort-belknap_Fort Belknap,Fort Belknap,EVI,1253.8634343304532
2002-12-19T07:00:00Z,tribes_fort-belknap_Fort Belknap,Fort Belknap,NDVI,2368.9717790384066
2002-12-19T07:00:00Z,tribes_rocky-boys_Rocky Boy's,Rocky Boy's,EVI,1330.5876890103348
2002-12-19T07:00:00Z,tribes_rocky-boys_Rocky Boy's,Rocky Boy's,NDVI,2926.934483088293
2002-12-19T07:00:00Z,tribes_blackfeet_Blackfeet,Blackfeet,EVI,1304.1175324949197
2002-12-19T07:00:00Z,tribes_blackfeet_Blackfeet,Blackfeet,NDVI,2381.8021727399578
2002-12-19T07:00:00Z,tribes_flathead_Flathead,Flathead,EVI,1698.7412117033657
2002-12-19T07:00:00Z,tribes_flathead_Flathead,Flathead,NDVI,3741.289694057828
2003-01-01T07:00:00Z,tribes_northern-cheyenne_Northern Cheyenne,Northern Cheyenne,EVI,1705.160691850054
2003-01-01T07:00:00Z,tribes_northern-cheyenne_Northern Cheyenne,Northern Cheyenne,NDVI,3422.6096102324113
2003-01-01T07:00:00Z,tribes_crow_Crow,Crow,EVI,1370.457603929635
2003-01-01T07:00:00Z,tribes_crow_Crow,Crow,NDVI,2685.7019690253483
2003-01-01T07:00:00Z,tribes_fort-peck_Fort Peck,Fort Peck,EVI,1065.8923544559918
2003-01-01T07:00:00Z,tribes_fort-peck_Fort Peck,Fort Peck,NDVI,2094.351273859076
2003-01-01T07:00:00Z,tribes_fort-belknap_Fort Belknap,Fort Belknap,EVI,1241.5453616725508
2003-01-01T07:00:00Z,tribes_fort-belknap_Fort Belknap,Fort Belknap,NDVI,2310.7310442934986
2003-01-01T07:00:00Z,tribes_rocky-boys_Rocky Boy's,Rocky Boy's,EVI,1343.423781908328
2003-01-01T07:00:00Z,tribes_rocky-boys_Rocky Boy's,Rocky Boy's,NDVI,2876.791586561299
2003-01-01T07:00:00Z,tribes_blackfeet_Blackfeet,Blackfeet,EVI,1282.5161562062665
2003-01-01T07:00:00Z,tribes_blackfeet_Blackfeet,Blackfeet,NDVI,2216.8765367238307
2003-01-01T07:00:00Z,tribes_flathead_Flathead,Flathead,EVI,1587.3471658875417
2003-01-01T07:00:00Z,tribes_flathead_Flathead,Flathead,NDVI,3594.416644883117
2003-01-17T07:00:00Z,tribes_northern-cheyenne_Northern Cheyenne,Northern Cheyenne,EVI,NA
2003-01-17T07:00:00Z,tribes_northern-cheyenne_Northern Cheyenne,Northern Cheyenne,NDVI,NA
2003-01-17T07:00:00Z,tribes_crow_Crow,Crow,EVI,1187.2878500649115
2003-01-17T07:00:00Z,tribes_crow_Crow,Crow,NDVI,2485.69120113992
2003-01-17T07:00:00Z,tribes_fort-peck_Fort Peck,Fort Peck,EVI,NA
2003-01-17T07:00:00Z,tribes_fort-peck_Fort Peck,Fort Peck,NDVI,NA
2003-01-17T07:00:00Z,tribes_fort-belknap_Fort Belknap,Fort Belknap,EVI,780.321198490451
2003-01-17T07:00:00Z,tribes_fort-belknap_Fort Belknap,Fort Belknap,NDVI,1609.3096862730147
2003-01-17T07:00:00Z,tribes_rocky-boys_Rocky Boy's,Rocky Boy's,EVI,1328.0881150132805
2003-01-17T07:00:00Z,tribes_rocky-boys_Rocky Boy's,Rocky Boy's,NDVI,2376.914600109616
2003-01-17T07:00:00Z,tribes_blackfeet_Blackfeet,Blackfeet,EVI,1298.7208711924113
2003-01-17T07:00:00Z,tribes_blackfeet_Blackfeet,Blackfeet,NDVI,2148.834244780418
2003-01-17T07:00:00Z,tribes_flathead_Flathead,Flathead,EVI,1204.7097053366608
2003-01-17T07:00:00Z,tribes_flathead_Flathead,Flathead,NDVI,3035.602467531313
2003-02-02T07:00:00Z,tribes_northern-cheyenne_Northern Cheyenne,Northern Cheyenne,EVI,NA
2003-02-02T07:00:00Z,tribes_northern-cheyenne_Northern Cheyenne,Northern Cheyenne,NDVI,NA
2003-02-02T07:00:00Z,tribes_crow_Crow,Crow,EVI,1051.602429705415
2003-02-02T07:00:00Z,tribes_crow_Crow,Crow,NDVI,2276.859949637335
2003-02-02T07:00:00Z,tribes_fort-peck_Fort Peck,Fort Peck,EVI,NA
2003-02-02T07:00:00Z,tribes_fort-peck_Fort Peck,Fort Peck,NDVI,NA
2003-02-02T07:00:00Z,tribes_fort-belknap_Fort Belknap,Fort Belknap,EVI,1340.304433355724
2003-02-02T07:00:00Z,tribes_fort-belknap_Fort Belknap,Fort Belknap,NDVI,2051.342817387967
2003-02-02T07:00:00Z,tribes_rocky-boys_Rocky Boy's,Rocky Boy's,EVI,NA
2003-02-02T07:00:00Z,tribes_rocky-boys_Rocky Boy's,Rocky Boy's,NDVI,NA
2003-02-02T07:00:00Z,tribes_blackfeet_Blackfeet,Blackfeet,EVI,1521.436678827584
2003-02-02T07:00:00Z,tribes_blackfeet_Blackfeet,Blackfeet,NDVI,2064.0859258290493
2003-02-02T07:00:00Z,tribes_flathead_Flathead,Flathead,EVI,1437.7256630042834
2003-02-02T07:00:00Z,tribes_flathead_Flathead,Flathead,NDVI,2973.7687885507485
2003-02-18T07:00:00Z,tribes_northern-cheyenne_Northern Cheyenne,Northern Cheyenne,EVI,1278.7773216494304
2003-02-18T07:00:00Z,tribes_northern-cheyenne_Northern Cheyenne,Northern Cheyenne,NDVI,2387.5132101786808
2003-02-18T07:00:00Z,tribes_crow_Crow,Crow,EVI,1144.2917809313194
2003-02-18T07:00:00Z,tribes_crow_Crow,Crow,NDVI,2215.2664510935797
2003-02-18T07:00:00Z,tribes_fort-peck_Fort Peck,Fort Peck,EVI,NA
2003-02-18T07:00:00Z,tribes_fort-peck_Fort Peck,Fort Peck,NDVI,NA
2003-02-18T07:00:00Z,tribes_fort-belknap_Fort Belknap,Fort Belknap,EVI,NA
2003-02-18T07:00:00Z,tribes_fort-belknap_Fort Belknap,Fort Belknap,NDVI,NA
2003-02-18T07:00:00Z,tribes_rocky-boys_Rocky Boy's,Rocky Boy's,EVI,NA
2003-02-18T07:00:00Z,tribes_rocky-boys_Rocky Boy's,Rocky Boy's,NDVI,NA
2003-02-18T07:00:00Z,tribes_blackfeet_Blackfeet,Blackfeet,EVI,1281.306308830495
2003-02-18T07:00:00Z,tribes_blackfeet_Blackfeet,Blackfeet,NDVI,1883.075049532691
2003-02-18T07:00:00Z,tribes_flathead_Flathead,Flathead,EVI,1398.4597581243422
2003-02-18T07:00:00Z,tribes_flathead_Flathead,Flathead,NDVI,2898.2295403442386
2003-03-06T07:00:00Z,tribes_northern-cheyenne_Northern Cheyenne,Northern Cheyenne,EVI,1264.701716093782
2003-03-06T07:00:00Z,tribes_northern-cheyenne_Northern Cheyenne,Northern Cheyenne,NDVI,2322.6418285957084
2003-03-06T07:00:00Z,tribes_crow_Crow,Crow,EVI,1269.9018566336467
2003-03-06T07:00:00Z,tribes_crow_Crow,Crow,NDVI,2311.0566499801653
2003-03-06T07:00:00Z,tribes_fort-peck_Fort Peck,Fort Peck,EVI,1019.3688653217339
2003-03-06T07:00:00Z,tribes_fort-peck_Fort Peck,Fort Peck,NDVI,2119.893149923044
2003-03-06T07:00:00Z,tribes_fort-belknap_Fort Belknap,Fort Belknap,EVI,1299.794762762875
2003-03-06T07:00:00Z,tribes_fort-belknap_Fort Belknap,Fort Belknap,NDVI,2375.8356897576436
2003-03-06T07:00:00Z,tribes_rocky-boys_Rocky Boy's,Rocky Boy's,EVI,1250.4292715420866
2003-03-06T07:00:00Z,tribes_rocky-boys_Rocky Boy's,Rocky Boy's,NDVI,2250.1267069515147
2003-03-06T07:00:00Z,tribes_blackfeet_Blackfeet,Blackfeet,EVI,1189.0897741923777
2003-03-06T07:00:00Z,tribes_blackfeet_Blackfeet,Blackfeet,NDVI,2023.6817247009578
2003-03-06T07:00:00Z,tribes_flathead_Flathead,Flathead,EVI,1692.5481926749476
2003-03-06T07:00:00Z,tribes_flathead_Flathead,Flathead,NDVI,3767.708248589575
2003-03-22T07:00:00Z,tribes_northern-cheyenne_Northern Cheyenne,Northern Cheyenne,EVI,1637.9301647744055
2003-03-22T07:00:00Z,tribes_northern-cheyenne_Northern Cheyenne,Northern Cheyenne,NDVI,3245.5071203758866
2003-03-22T07:00:00Z,tribes_crow_Crow,Crow,EVI,1569.55775813003
2003-03-22T07:00:00Z,tribes_crow_Crow,Crow,NDVI,2840.195709097494
2003-03-22T07:00:00Z,tribes_fort-peck_Fort Peck,Fort Peck,EVI,1092.0641447219612
2003-03-22T07:00:00Z,tribes_fort-peck_Fort Peck,Fort Peck,NDVI,2040.0370898436208
2003-03-22T07:00:00Z,tribes_fort-belknap_Fort Belknap,Fort Belknap,EVI,1385.3950376771982
2003-03-22T07:00:00Z,tribes_fort-belknap_Fort Belknap,Fort Belknap,NDVI,2370.0060489237826
2003-03-22T07:00:00Z,tribes_rocky-boys_Rocky Boy's,Rocky Boy's,EVI,1374.224828905733
2003-03-22T07:00:00Z,tribes_rocky-boys_Rocky Boy's,Rocky Boy's,NDVI,2451.4222503495425
2003-03-22T07:00:00Z,tribes_blackfeet_Blackfeet,Blackfeet,EVI,1193.4817004217919
2003-03-22T07:00:00Z,tribes_blackfeet_Blackfeet,Blackfeet,NDVI,2105.1864754781
2003-03-22T07:00:00Z,tribes_flathead_Flathead,Flathead,EVI,1986.2928571428572
2003-03-22T07:00:00Z,tribes_flathead_Flathead,Flathead,NDVI,3668.484693877551
2003-04-07T06:00:00Z,tribes_northern-cheyenne_Northern Cheyenne,Northern Cheyenne,EVI,2112.9399888055914
2003-04-07T06:00:00Z,tribes_northern-cheyenne_Northern Cheyenne,Northern Cheyenne,NDVI,3907.8750192301554
2003-04-07T06:00:00Z,tribes_crow_Crow,Crow,EVI,2074.3780818974055
2003-04-07T06:00:00Z,tribes_crow_Crow,Crow,NDVI,3634.797576333188
2003-04-07T06:00:00Z,tribes_fort-peck_Fort Peck,Fort Peck,EVI,1297.1398767954872
2003-04-07T06:00:00Z,tribes_fort-peck_Fort Peck,Fort Peck,NDVI,2440.805261609963
2003-04-07T06:00:00Z,tribes_fort-belknap_Fort Belknap,Fort Belknap,EVI,1744.8112175086458
2003-04-07T06:00:00Z,tribes_fort-belknap_Fort Belknap,Fort Belknap,NDVI,3227.1127838761367
2003-04-07T06:00:00Z,tribes_rocky-boys_Rocky Boy's,Rocky Boy's,EVI,1807.9079284452828
2003-04-07T06:00:00Z,tribes_rocky-boys_Rocky Boy's,Rocky Boy's,NDVI,3545.319925112019
2003-04-07T06:00:00Z,tribes_blackfeet_Blackfeet,Blackfeet,EVI,1533.7164973355748
2003-04-07T06:00:00Z,tribes_blackfeet_Blackfeet,Blackfeet,NDVI,2664.603546992627
2003-04-07T06:00:00Z,tribes_flathead_Flathead,Flathead,EVI,2436.361823402275
2003-04-07T06:00:00Z,tribes_flathead_Flathead,Flathead,NDVI,4686.833392140391
2003-04-23T06:00:00Z,tribes_northern-cheyenne_Northern Cheyenne,Northern Cheyenne,EVI,2603.8428434466273
2003-04-23T06:00:00Z,tribes_northern-cheyenne_Northern Cheyenne,Northern Cheyenne,NDVI,4670.986124076868
2003-04-23T06:00:00Z,tribes_crow_Crow,Crow,EVI,2602.615312441938
2003-04-23T06:00:00Z,tribes_crow_Crow,Crow,NDVI,4297.309626917752
2003-04-23T06:00:00Z,tribes_fort-peck_Fort Peck,Fort Peck,EVI,1669.4226434218604
2003-04-23T06:00:00Z,tribes_fort-peck_Fort Peck,Fort Peck,NDVI,3072.450301236331
2003-04-23T06:00:00Z,tribes_fort-belknap_Fort Belknap,Fort Belknap,EVI,2088.153231163742
2003-04-23T06:00:00Z,tribes_fort-belknap_Fort Belknap,Fort Belknap,NDVI,3670.1475367169687
2003-04-23T06:00:00Z,tribes_rocky-boys_Rocky Boy's,Rocky Boy's,EVI,2280.882128121609
2003-04-23T06:00:00Z,tribes_rocky-boys_Rocky Boy's,Rocky Boy's,NDVI,4197.834727470145
2003-04-23T06:00:00Z,tribes_blackfeet_Blackfeet,Blackfeet,EVI,1891.2810296776636
2003-04-23T06:00:00Z,tribes_blackfeet_Blackfeet,Blackfeet,NDVI,3181.5365942058497
2003-04-23T06:00:00Z,tribes_flathead_Flathead,Flathead,EVI,3091.5007791301578
2003-04-23T06:00:00Z,tribes_flathead_Flathead,Flathead,NDVI,5066.196889926295
2003-05-09T06:00:00Z,tribes_northern-cheyenne_Northern Cheyenne,Northern Cheyenne,EVI,3189.2502422784505
2003-05-09T06:00:00Z,tribes_northern-cheyenne_Northern Cheyenne,Northern Cheyenne,NDVI,5247.944497975745
2003-05-09T06:00:00Z,tribes_crow_Crow,Crow,EVI,2968.5808784879964
2003-05-09T06:00:00Z,tribes_crow_Crow,Crow,NDVI,4824.992915422938
2003-05-09T06:00:00Z,tribes_fort-peck_Fort Peck,Fort Peck,EVI,1879.0135372948932
2003-05-09T06:00:00Z,tribes_fort-peck_Fort Peck,Fort Peck,NDVI,3550.342617757385
2003-05-09T06:00:00Z,tribes_fort-belknap_Fort Belknap,Fort Belknap,EVI,2410.9200231025934
2003-05-09T06:00:00Z,tribes_fort-belknap_Fort Belknap,Fort Belknap,NDVI,4301.874394290916
2003-05-09T06:00:00Z,tribes_rocky-boys_Rocky Boy's,Rocky Boy's,EVI,2707.658027680307
2003-05-09T06:00:00Z,tribes_rocky-boys_Rocky Boy's,Rocky Boy's,NDVI,5146.297554484407
2003-05-09T06:00:00Z,tribes_blackfeet_Blackfeet,Blackfeet,EVI,2325.0849727496234
2003-05-09T06:00:00Z,tribes_blackfeet_Blackfeet,Blackfeet,NDVI,4154.806261101021
2003-05-09T06:00:00Z,tribes_flathead_Flathead,Flathead,EVI,3176.3591998410698
2003-05-09T06:00:00Z,tribes_flathead_Flathead,Flathead,NDVI,5833.979904704233
2003-05-25T06:00:00Z,tribes_northern-cheyenne_Northern Cheyenne,Northern Cheyenne,EVI,3187.4845740399555
2003-05-25T06:00:00Z,tribes_northern-cheyenne_Northern Cheyenne,Northern Cheyenne,NDVI,5509.7307716509185
2003-05-25T06:00:00Z,tribes_crow_Crow,Crow,EVI,3378.6514112862574
2003-05-25T06:00:00Z,tribes_crow_Crow,Crow,NDVI,5396.70967565581
2003-05-25T06:00:00Z,tribes_fort-peck_Fort Peck,Fort Peck,EVI,2422.0442392117084
2003-05-25T06:00:00Z,tribes_fort-peck_Fort Peck,Fort Peck,NDVI,4034.6406795515027
2003-05-25T06:00:00Z,tribes_fort-belknap_Fort Belknap,Fort Belknap,EVI,2773.2758209524864
2003-05-25T06:00:00Z,tribes_fort-belknap_Fort Belknap,Fort Belknap,NDVI,4378.192498915552
2003-05-25T06:00:00Z,tribes_rocky-boys_Rocky Boy's,Rocky Boy's,EVI,3734.0230878987813
2003-05-25T06:00:00Z,tribes_rocky-boys_Rocky Boy's,Rocky Boy's,NDVI,5840.331161663766
2003-05-25T06:00:00Z,tribes_blackfeet_Blackfeet,Blackfeet,EVI,3032.589305688799
2003-05-25T06:00:00Z,tribes_blackfeet_Blackfeet,Blackfeet,NDVI,5080.647889121829
2003-05-25T06:00:00Z,tribes_flathead_Flathead,Flathead,EVI,3446.100754258215
2003-05-25T06:00:00Z,tribes_flathead_Flathead,Flathead,NDVI,6233.357082926908
2003-06-10T06:00:00Z,tribes_northern-cheyenne_Northern Cheyenne,Northern Cheyenne,EVI,3551.8139927923703
2003-06-10T06:00:00Z,tribes_northern-cheyenne_Northern Cheyenne,Northern Cheyenne,NDVI,5543.251750899324
2003-06-10T06:00:00Z,tribes_crow_Crow,Crow,EVI,3687.0539189407195
2003-06-10T06:00:00Z,tribes_crow_Crow,Crow,NDVI,5443.071712519618
2003-06-10T06:00:00Z,tribes_fort-peck_Fort Peck,Fort Peck,EVI,3273.7322505566117
2003-06-10T06:00:00Z,tribes_fort-peck_Fort Peck,Fort Peck,NDVI,5287.173782605901
2003-06-10T06:00:00Z,tribes_fort-belknap_Fort Belknap,Fort Belknap,EVI,2729.01242565343
2003-06-10T06:00:00Z,tribes_fort-belknap_Fort Belknap,Fort Belknap,NDVI,4804.685008246704
2003-06-10T06:00:00Z,tribes_rocky-boys_Rocky Boy's,Rocky Boy's,EVI,3890.1948131120994
2003-06-10T06:00:00Z,tribes_rocky-boys_Rocky Boy's,Rocky Boy's,NDVI,6571.211716711769
2003-06-10T06:00:00Z,tribes_blackfeet_Blackfeet,Blackfeet,EVI,3538.1008603324335
2003-06-10T06:00:00Z,tribes_blackfeet_Blackfeet,Blackfeet,NDVI,5638.490424237162
2003-06-10T06:00:00Z,tribes_flathead_Flathead,Flathead,EVI,3154.693721889868
2003-06-10T06:00:00Z,tribes_flathead_Flathead,Flathead,NDVI,6042.499889769009
2003-06-26T06:00:00Z,tribes_northern-cheyenne_Northern Cheyenne,Northern Cheyenne,EVI,3025.940673999404
2003-06-26T06:00:00Z,tribes_northern-cheyenne_Northern Cheyenne,Northern Cheyenne,NDVI,4974.530486214838
2003-06-26T06:00:00Z,tribes_crow_Crow,Crow,EVI,2927.0780073685855
2003-06-26T06:00:00Z,tribes_crow_Crow,Crow,NDVI,4752.286557151259
2003-06-26T06:00:00Z,tribes_fort-peck_Fort Peck,Fort Peck,EVI,3106.986808197857
2003-06-26T06:00:00Z,tribes_fort-peck_Fort Peck,Fort Peck,NDVI,5086.576462720736
2003-06-26T06:00:00Z,tribes_fort-belknap_Fort Belknap,Fort Belknap,EVI,2401.0532793255893
2003-06-26T06:00:00Z,tribes_fort-belknap_Fort Belknap,Fort Belknap,NDVI,3918.837812725749
2003-06-26T06:00:00Z,tribes_rocky-boys_Rocky Boy's,Rocky Boy's,EVI,3695.9603958449015
2003-06-26T06:00:00Z,tribes_rocky-boys_Rocky Boy's,Rocky Boy's,NDVI,6085.04541203618
2003-06-26T06:00:00Z,tribes_blackfeet_Blackfeet,Blackfeet,EVI,3672.2588992428705
2003-06-26T06:00:00Z,tribes_blackfeet_Blackfeet,Blackfeet,NDVI,5747.1816274472985
2003-06-26T06:00:00Z,tribes_flathead_Flathead,Flathead,EVI,3068.0905028050033
2003-06-26T06:00:00Z,tribes_flathead_Flathead,Flathead,NDVI,5642.303745979233
2003-07-12T06:00:00Z,tribes_northern-cheyenne_Northern Cheyenne,Northern Cheyenne,EVI,2611.1596260571873
2003-07-12T06:00:00Z,tribes_northern-cheyenne_Northern Cheyenne,Northern Cheyenne,NDVI,4370.7061505251895
2003-07-12T06:00:00Z,tribes_crow_Crow,Crow,EVI,2422.7575081069194
2003-07-12T06:00:00Z,tribes_crow_Crow,Crow,NDVI,3822.5460820459402
2003-07-12T06:00:00Z,tribes_fort-peck_Fort Peck,Fort Peck,EVI,2753.8059827629213
2003-07-12T06:00:00Z,tribes_fort-peck_Fort Peck,Fort Peck,NDVI,4572.827891555005
2003-07-12T06:00:00Z,tribes_fort-belknap_Fort Belknap,Fort Belknap,EVI,1970.3315046662872
2003-07-12T06:00:00Z,tribes_fort-belknap_Fort Belknap,Fort Belknap,NDVI,3307.8786031860327
2003-07-12T06:00:00Z,tribes_rocky-boys_Rocky Boy's,Rocky Boy's,EVI,3113.3689031451777
2003-07-12T06:00:00Z,tribes_rocky-boys_Rocky Boy's,Rocky Boy's,NDVI,5288.016411961884
2003-07-12T06:00:00Z,tribes_blackfeet_Blackfeet,Blackfeet,EVI,3182.7179196310635
2003-07-12T06:00:00Z,tribes_blackfeet_Blackfeet,Blackfeet,NDVI,4911.452071721911
2003-07-12T06:00:00Z,tribes_flathead_Flathead,Flathead,EVI,2854.7597361782837
2003-07-12T06:00:00Z,tribes_flathead_Flathead,Flathead,NDVI,5165.076470076949
2003-07-28T06:00:00Z,tribes_northern-cheyenne_Northern Cheyenne,Northern Cheyenne,EVI,2216.3622460391293
2003-07-28T06:00:00Z,tribes_northern-cheyenne_Northern Cheyenne,Northern Cheyenne,NDVI,3985.680112140469
2003-07-28T06:00:00Z,tribes_crow_Crow,Crow,EVI,2077.4245076360303
2003-07-28T06:00:00Z,tribes_crow_Crow,Crow,NDVI,3448.546188160483
2003-07-28T06:00:00Z,tribes_fort-peck_Fort Peck,Fort Peck,EVI,2258.406329708708
2003-07-28T06:00:00Z,tribes_fort-peck_Fort Peck,Fort Peck,NDVI,3707.06897622633
2003-07-28T06:00:00Z,tribes_fort-belknap_Fort Belknap,Fort Belknap,EVI,1757.2517191480497
2003-07-28T06:00:00Z,tribes_fort-belknap_Fort Belknap,Fort Belknap,NDVI,2937.3769084511237
2003-07-28T06:00:00Z,tribes_rocky-boys_Rocky Boy's,Rocky Boy's,EVI,2699.692105826677
2003-07-28T06:00:00Z,tribes_rocky-boys_Rocky Boy's,Rocky Boy's,NDVI,4486.6976318354145
2003-07-28T06:00:00Z,tribes_blackfeet_Blackfeet,Blackfeet,EVI,2620.5978111218756
2003-07-28T06:00:00Z,tribes_blackfeet_Blackfeet,Blackfeet,NDVI,4146.450285900227
2003-07-28T06:00:00Z,tribes_flathead_Flathead,Flathead,EVI,2611.341135260632
2003-07-28T06:00:00Z,tribes_flathead_Flathead,Flathead,NDVI,4911.727054289882
2003-08-13T06:00:00Z,tribes_northern-cheyenne_Northern Cheyenne,Northern Cheyenne,EVI,1889.9192540819513
2003-08-13T06:00:00Z,tribes_northern-cheyenne_Northern Cheyenne,Northern Cheyenne,NDVI,3519.5875625005747
2003-08-13T06:00:00Z,tribes_crow_Crow,Crow,EVI,1880.5432029809672
2003-08-13T06:00:00Z,tribes_crow_Crow,Crow,NDVI,3188.0798434944863
2003-08-13T06:00:00Z,tribes_fort-peck_Fort Peck,Fort Peck,EVI,1787.0334644600196
2003-08-13T06:00:00Z,tribes_fort-peck_Fort Peck,Fort Peck,NDVI,2932.3702963617516
2003-08-13T06:00:00Z,tribes_fort-belknap_Fort Belknap,Fort Belknap,EVI,1639.6402723357467
2003-08-13T06:00:00Z,tribes_fort-belknap_Fort Belknap,Fort Belknap,NDVI,2709.7427643648225
2003-08-13T06:00:00Z,tribes_rocky-boys_Rocky Boy's,Rocky Boy's,EVI,2359.4652095251054
2003-08-13T06:00:00Z,tribes_rocky-boys_Rocky Boy's,Rocky Boy's,NDVI,3938.9222622330462
2003-08-13T06:00:00Z,tribes_blackfeet_Blackfeet,Blackfeet,EVI,2250.98890727891
2003-08-13T06:00:00Z,tribes_blackfeet_Blackfeet,Blackfeet,NDVI,3652.94931694762
2003-08-13T06:00:00Z,tribes_flathead_Flathead,Flathead,EVI,2397.5741117628077
2003-08-13T06:00:00Z,tribes_flathead_Flathead,Flathead,NDVI,4774.666564124268
2003-08-29T06:00:00Z,tribes_northern-cheyenne_Northern Cheyenne,Northern Cheyenne,EVI,1901.5587012985507
2003-08-29T06:00:00Z,tribes_northern-cheyenne_Northern Cheyenne,Northern Cheyenne,NDVI,3427.1112946112007
2003-08-29T06:00:00Z,tribes_crow_Crow,Crow,EVI,1766.895022874618
2003-08-29T06:00:00Z,tribes_crow_Crow,Crow,NDVI,2936.177934760411
2003-08-29T06:00:00Z,tribes_fort-peck_Fort Peck,Fort Peck,EVI,1622.9246096486784
2003-08-29T06:00:00Z,tribes_fort-peck_Fort Peck,Fort Peck,NDVI,2632.6720111591376
2003-08-29T06:00:00Z,tribes_fort-belknap_Fort Belknap,Fort Belknap,EVI,1515.3491020270287
2003-08-29T06:00:00Z,tribes_fort-belknap_Fort Belknap,Fort Belknap,NDVI,2486.776398114183
2003-08-29T06:00:00Z,tribes_rocky-boys_Rocky Boy's,Rocky Boy's,EVI,2054.8218995166844
2003-08-29T06:00:00Z,tribes_rocky-boys_Rocky Boy's,Rocky Boy's,NDVI,3508.1777012294856
2003-08-29T06:00:00Z,tribes_blackfeet_Blackfeet,Blackfeet,EVI,2069.2174978986063
2003-08-29T06:00:00Z,tribes_blackfeet_Blackfeet,Blackfeet,NDVI,3445.4662020976903
2003-08-29T06:00:00Z,tribes_flathead_Flathead,Flathead,EVI,2319.748670381777
2003-08-29T06:00:00Z,tribes_flathead_Flathead,Flathead,NDVI,4835.110628780242
2003-09-14T06:00:00Z,tribes_northern-cheyenne_Northern Cheyenne,Northern Cheyenne,EVI,1819.7542396367164
2003-09-14T06:00:00Z,tribes_northern-cheyenne_Northern Cheyenne,Northern Cheyenne,NDVI,3438.348355043866
2003-09-14T06:00:00Z,tribes_crow_Crow,Crow,EVI,1732.055111353252
2003-09-14T06:00:00Z,tribes_crow_Crow,Crow,NDVI,2895.042076003498
2003-09-14T06:00:00Z,tribes_fort-peck_Fort Peck,Fort Peck,EVI,1535.0978015862413
2003-09-14T06:00:00Z,tribes_fort-peck_Fort Peck,Fort Peck,NDVI,2573.4392049567705
2003-09-14T06:00:00Z,tribes_fort-belknap_Fort Belknap,Fort Belknap,EVI,1536.0293949900226
2003-09-14T06:00:00Z,tribes_fort-belknap_Fort Belknap,Fort Belknap,NDVI,2549.968798192123
2003-09-14T06:00:00Z,tribes_rocky-boys_Rocky Boy's,Rocky Boy's,EVI,1928.305436204001
2003-09-14T06:00:00Z,tribes_rocky-boys_Rocky Boy's,Rocky Boy's,NDVI,3598.988611273045
2003-09-14T06:00:00Z,tribes_blackfeet_Blackfeet,Blackfeet,EVI,1875.199992130879
2003-09-14T06:00:00Z,tribes_blackfeet_Blackfeet,Blackfeet,NDVI,3273.4295677565756
2003-09-14T06:00:00Z,tribes_flathead_Flathead,Flathead,EVI,2342.740433573145
2003-09-14T06:00:00Z,tribes_flathead_Flathead,Flathead,NDVI,4865.474419345238
2003-09-30T06:00:00Z,tribes_northern-cheyenne_Northern Cheyenne,Northern Cheyenne,EVI,1682.1641355592678
2003-09-30T06:00:00Z,tribes_northern-cheyenne_Northern Cheyenne,Northern Cheyenne,NDVI,3096.7571937167295
2003-09-30T06:00:00Z,tribes_crow_Crow,Crow,EVI,1509.1514075260513
2003-09-30T06:00:00Z,tribes_crow_Crow,Crow,NDVI,2592.847272934738
2003-09-30T06:00:00Z,tribes_fort-peck_Fort Peck,Fort Peck,EVI,1309.463812529415
2003-09-30T06:00:00Z,tribes_fort-peck_Fort Peck,Fort Peck,NDVI,2266.323136136192
2003-09-30T06:00:00Z,tribes_fort-belknap_Fort Belknap,Fort Belknap,EVI,1315.5254387461382
2003-09-30T06:00:00Z,tribes_fort-belknap_Fort Belknap,Fort Belknap,NDVI,2318.068555091798
2003-09-30T06:00:00Z,tribes_rocky-boys_Rocky Boy's,Rocky Boy's,EVI,1688.4286693500753
2003-09-30T06:00:00Z,tribes_rocky-boys_Rocky Boy's,Rocky Boy's,NDVI,3241.983770371904
2003-09-30T06:00:00Z,tribes_blackfeet_Blackfeet,Blackfeet,EVI,1620.2513228787898
2003-09-30T06:00:00Z,tribes_blackfeet_Blackfeet,Blackfeet,NDVI,2902.7049757288714
2003-09-30T06:00:00Z,tribes_flathead_Flathead,Flathead,EVI,2199.7100228528916
2003-09-30T06:00:00Z,tribes_flathead_Flathead,Flathead,NDVI,4488.734480424304
2003-10-16T06:00:00Z,tribes_northern-cheyenne_Northern Cheyenne,Northern Cheyenne,EVI,1551.7693955963546
2003-10-16T06:00:00Z,tribes_northern-cheyenne_Northern Cheyenne,Northern Cheyenne,NDVI,3010.283032237916
2003-10-16T06:00:00Z,tribes_crow_Crow,Crow,EVI,1378.260367081291
2003-10-16T06:00:00Z,tribes_crow_Crow,Crow,NDVI,2498.098767441239
2003-10-16T06:00:00Z,tribes_fort-peck_Fort Peck,Fort Peck,EVI,1170.6206459702855
2003-10-16T06:00:00Z,tribes_fort-peck_Fort Peck,Fort Peck,NDVI,2092.1398668826387
2003-10-16T06:00:00Z,tribes_fort-belknap_Fort Belknap,Fort Belknap,EVI,1269.090421868196
2003-10-16T06:00:00Z,tribes_fort-belknap_Fort Belknap,Fort Belknap,NDVI,2235.390778809609
2003-10-16T06:00:00Z,tribes_rocky-boys_Rocky Boy's,Rocky Boy's,EVI,1536.5248965375627
2003-10-16T06:00:00Z,tribes_rocky-boys_Rocky Boy's,Rocky Boy's,NDVI,2941.404537052015
2003-10-16T06:00:00Z,tribes_blackfeet_Blackfeet,Blackfeet,EVI,1506.565032184721
2003-10-16T06:00:00Z,tribes_blackfeet_Blackfeet,Blackfeet,NDVI,2628.63675895088
2003-10-16T06:00:00Z,tribes_flathead_Flathead,Flathead,EVI,2029.2847044623347
2003-10-16T06:00:00Z,tribes_flathead_Flathead,Flathead,NDVI,4576.0304949234505
2003-11-01T07:00:00Z,tribes_northern-cheyenne_Northern Cheyenne,Northern Cheyenne,EVI,1429.4898811625246
2003-11-01T07:00:00Z,tribes_northern-cheyenne_Northern Cheyenne,Northern Cheyenne,NDVI,2919.6337758878526
2003-11-01T07:00:00Z,tribes_crow_Crow,Crow,EVI,1170.7634253826286
2003-11-01T07:00:00Z,tribes_crow_Crow,Crow,NDVI,2152.4190694843883
2003-11-01T07:00:00Z,tribes_fort-peck_Fort Peck,Fort Peck,EVI,NA
2003-11-01T07:00:00Z,tribes_fort-peck_Fort Peck,Fort Peck,NDVI,NA
2003-11-01T07:00:00Z,tribes_fort-belknap_Fort Belknap,Fort Belknap,EVI,1152.2008162297295
2003-11-01T07:00:00Z,tribes_fort-belknap_Fort Belknap,Fort Belknap,NDVI,1926.2708380683218
2003-11-01T07:00:00Z,tribes_rocky-boys_Rocky Boy's,Rocky Boy's,EVI,NA
2003-11-01T07:00:00Z,tribes_rocky-boys_Rocky Boy's,Rocky Boy's,NDVI,NA
2003-11-01T07:00:00Z,tribes_blackfeet_Blackfeet,Blackfeet,EVI,NA
2003-11-01T07:00:00Z,tribes_blackfeet_Blackfeet,Blackfeet,NDVI,NA
2003-11-01T07:00:00Z,tribes_flathead_Flathead,Flathead,EVI,1757.779498326798
2003-11-01T07:00:00Z,tribes_flathead_Flathead,Flathead,NDVI,3038.39058407355
2003-11-17T07:00:00Z,tribes_northern-cheyenne_Northern Cheyenne,Northern Cheyenne,EVI,1450.1417329205221
2003-11-17T07:00:00Z,tribes_northern-cheyenne_Northern Cheyenne,Northern Cheyenne,NDVI,2799.4468007279265
2003-11-17T07:00:00Z,tribes_crow_Crow,Crow,EVI,1175.9323602469747
2003-11-17T07:00:00Z,tribes_crow_Crow,Crow,NDVI,2161.321562497449
2003-11-17T07:00:00Z,tribes_fort-peck_Fort Peck,Fort Peck,EVI,NA
2003-11-17T07:00:00Z,tribes_fort-peck_Fort Peck,Fort Peck,NDVI,NA
2003-11-17T07:00:00Z,tribes_fort-belknap_Fort Belknap,Fort Belknap,EVI,1147.0851246973632
2003-11-17T07:00:00Z,tribes_fort-belknap_Fort Belknap,Fort Belknap,NDVI,2032.6647678122617
2003-11-17T07:00:00Z,tribes_rocky-boys_Rocky Boy's,Rocky Boy's,EVI,1101.9054386591135
2003-11-17T07:00:00Z,tribes_rocky-boys_Rocky Boy's,Rocky Boy's,NDVI,2042.634001648939
2003-11-17T07:00:00Z,tribes_blackfeet_Blackfeet,Blackfeet,EVI,1098.173703040568
2003-11-17T07:00:00Z,tribes_blackfeet_Blackfeet,Blackfeet,NDVI,1705.7627627530594
2003-11-17T07:00:00Z,tribes_flathead_Flathead,Flathead,EVI,1265.974133471288
2003-11-17T07:00:00Z,tribes_flathead_Flathead,Flathead,NDVI,2438.4950853595446
2003-12-03T07:00:00Z,tribes_northern-cheyenne_Northern Cheyenne,Northern Cheyenne,EVI,1148.1853307138178
2003-12-03T07:00:00Z,tribes_northern-cheyenne_Northern Cheyenne,Northern Cheyenne,NDVI,1993.9535036018335
2003-12-03T07:00:00Z,tribes_crow_Crow,Crow,EVI,1016.8804501294878
2003-12-03T07:00:00Z,tribes_crow_Crow,Crow,NDVI,1713.3946333741997
2003-12-03T07:00:00Z,tribes_fort-peck_Fort Peck,Fort Peck,EVI,NA
2003-12-03T07:00:00Z,tribes_fort-peck_Fort Peck,Fort Peck,NDVI,NA
2003-12-03T07:00:00Z,tribes_fort-belknap_Fort Belknap,Fort Belknap,EVI,1044.2006350324277
2003-12-03T07:00:00Z,tribes_fort-belknap_Fort Belknap,Fort Belknap,NDVI,1941.635531929152
2003-12-03T07:00:00Z,tribes_rocky-boys_Rocky Boy's,Rocky Boy's,EVI,1007.2750991678682
2003-12-03T07:00:00Z,tribes_rocky-boys_Rocky Boy's,Rocky Boy's,NDVI,2061.7856416819354
2003-12-03T07:00:00Z,tribes_blackfeet_Blackfeet,Blackfeet,EVI,1154.14094972868
2003-12-03T07:00:00Z,tribes_blackfeet_Blackfeet,Blackfeet,NDVI,1815.5120463345108
2003-12-03T07:00:00Z,tribes_flathead_Flathead,Flathead,EVI,1579.0238836063436
2003-12-03T07:00:00Z,tribes_flathead_Flathead,Flathead,NDVI,3407.5506613065886
2003-12-19T07:00:00Z,tribes_northern-cheyenne_Northern Cheyenne,Northern Cheyenne,EVI,1240.8360655737704
2003-12-19T07:00:00Z,tribes_northern-cheyenne_Northern Cheyenne,Northern Cheyenne,NDVI,2158.6393442622953
2003-12-19T07:00:00Z,tribes_crow_Crow,Crow,EVI,1022.098409652843
2003-12-19T07:00:00Z,tribes_crow_Crow,Crow,NDVI,1937.320679745856
2003-12-19T07:00:00Z,tribes_fort-peck_Fort Peck,Fort Peck,EVI,NA
2003-12-19T07:00:00Z,tribes_fort-peck_Fort Peck,Fort Peck,NDVI,NA
2003-12-19T07:00:00Z,tribes_fort-belknap_Fort Belknap,Fort Belknap,EVI,908.0034778280055
2003-12-19T07:00:00Z,tribes_fort-belknap_Fort Belknap,Fort Belknap,NDVI,1708.7624313852125
2003-12-19T07:00:00Z,tribes_rocky-boys_Rocky Boy's,Rocky Boy's,EVI,1181.870718153942
2003-12-19T07:00:00Z,tribes_rocky-boys_Rocky Boy's,Rocky Boy's,NDVI,2233.0951331042475
2003-12-19T07:00:00Z,tribes_blackfeet_Blackfeet,Blackfeet,EVI,1132.7780772037788
2003-12-19T07:00:00Z,tribes_blackfeet_Blackfeet,Blackfeet,NDVI,1829.6695645211257
2003-12-19T07:00:00Z,tribes_flathead_Flathead,Flathead,EVI,NA
2003-12-19T07:00:00Z,tribes_flathead_Flathead,Flathead,NDVI,NA
2004-01-01T07:00:00Z,tribes_northern-cheyenne_Northern Cheyenne,Northern Cheyenne,EVI,NA
2004-01-01T07:00:00Z,tribes_northern-cheyenne_Northern Cheyenne,Northern Cheyenne,NDVI,NA
2004-01-01T07:00:00Z,tribes_crow_Crow,Crow,EVI,1268
2004-01-01T07:00:00Z,tribes_crow_Crow,Crow,NDVI,2368
2004-01-01T07:00:00Z,tribes_fort-peck_Fort Peck,Fort Peck,EVI,NA
2004-01-01T07:00:00Z,tribes_fort-peck_Fort Peck,Fort Peck,NDVI,NA
2004-01-01T07:00:00Z,tribes_fort-belknap_Fort Belknap,Fort Belknap,EVI,NA
2004-01-01T07:00:00Z,tribes_fort-belknap_Fort Belknap,Fort Belknap,NDVI,NA
2004-01-01T07:00:00Z,tribes_rocky-boys_Rocky Boy's,Rocky Boy's,EVI,NA
2004-01-01T07:00:00Z,tribes_rocky-boys_Rocky Boy's,Rocky Boy's,NDVI,NA
2004-01-01T07:00:00Z,tribes_blackfeet_Blackfeet,Blackfeet,EVI,1061.1827514337128
2004-01-01T07:00:00Z,tribes_blackfeet_Blackfeet,Blackfeet,NDVI,1668.4197795938442
2004-01-01T07:00:00Z,tribes_flathead_Flathead,Flathead,EVI,2262
2004-01-01T07:00:00Z,tribes_flathead_Flathead,Flathead,NDVI,6732
2004-01-17T07:00:00Z,tribes_northern-cheyenne_Northern Cheyenne,Northern Cheyenne,EVI,NA
2004-01-17T07:00:00Z,tribes_northern-cheyenne_Northern Cheyenne,Northern Cheyenne,NDVI,NA
2004-01-17T07:00:00Z,tribes_crow_Crow,Crow,EVI,1095.6849614246391
2004-01-17T07:00:00Z,tribes_crow_Crow,Crow,NDVI,1818.4579178720498
2004-01-17T07:00:00Z,tribes_fort-peck_Fort Peck,Fort Peck,EVI,NA
2004-01-17T07:00:00Z,tribes_fort-peck_Fort Peck,Fort Peck,NDVI,NA
2004-01-17T07:00:00Z,tribes_fort-belknap_Fort Belknap,Fort Belknap,EVI,NA
2004-01-17T07:00:00Z,tribes_fort-belknap_Fort Belknap,Fort Belknap,NDVI,NA
2004-01-17T07:00:00Z,tribes_rocky-boys_Rocky Boy's,Rocky Boy's,EVI,NA
2004-01-17T07:00:00Z,tribes_rocky-boys_Rocky Boy's,Rocky Boy's,NDVI,NA
2004-01-17T07:00:00Z,tribes_blackfeet_Blackfeet,Blackfeet,EVI,1022.2942718025772
2004-01-17T07:00:00Z,tribes_blackfeet_Blackfeet,Blackfeet,NDVI,1677.005961173782
2004-01-17T07:00:00Z,tribes_flathead_Flathead,Flathead,EVI,NA
2004-01-17T07:00:00Z,tribes_flathead_Flathead,Flathead,NDVI,NA
2004-02-02T07:00:00Z,tribes_northern-cheyenne_Northern Cheyenne,Northern Cheyenne,EVI,NA
2004-02-02T07:00:00Z,tribes_northern-cheyenne_Northern Cheyenne,Northern Cheyenne,NDVI,NA
2004-02-02T07:00:00Z,tribes_crow_Crow,Crow,EVI,1049.7082339311771
2004-02-02T07:00:00Z,tribes_crow_Crow,Crow,NDVI,1741.8863454332213
2004-02-02T07:00:00Z,tribes_fort-peck_Fort Peck,Fort Peck,EVI,NA
2004-02-02T07:00:00Z,tribes_fort-peck_Fort Peck,Fort Peck,NDVI,NA
2004-02-02T07:00:00Z,tribes_fort-belknap_Fort Belknap,Fort Belknap,EVI,NA
2004-02-02T07:00:00Z,tribes_fort-belknap_Fort Belknap,Fort Belknap,NDVI,NA
2004-02-02T07:00:00Z,tribes_rocky-boys_Rocky Boy's,Rocky Boy's,EVI,NA
2004-02-02T07:00:00Z,tribes_rocky-boys_Rocky Boy's,Rocky Boy's,NDVI,NA
2004-02-02T07:00:00Z,tribes_blackfeet_Blackfeet,Blackfeet,EVI,977.1887488498614
2004-02-02T07:00:00Z,tribes_blackfeet_Blackfeet,Blackfeet,NDVI,1493.2824310418466
2004-02-02T07:00:00Z,tribes_flathead_Flathead,Flathead,EVI,NA
2004-02-02T07:00:00Z,tribes_flathead_Flathead,Flathead,NDVI,NA
2004-02-18T07:00:00Z,tribes_northern-cheyenne_Northern Cheyenne,Northern Cheyenne,EVI,1224.2525525993035
2004-02-18T07:00:00Z,tribes_northern-cheyenne_Northern Cheyenne,Northern Cheyenne,NDVI,2199.8374196439095
2004-02-18T07:00:00Z,tribes_crow_Crow,Crow,EVI,1011.5629891958334
2004-02-18T07:00:00Z,tribes_crow_Crow,Crow,NDVI,1806.3171438476809
2004-02-18T07:00:00Z,tribes_fort-peck_Fort Peck,Fort Peck,EVI,NA
2004-02-18T07:00:00Z,tribes_fort-peck_Fort Peck,Fort Peck,NDVI,NA
2004-02-18T07:00:00Z,tribes_fort-belknap_Fort Belknap,Fort Belknap,EVI,NA
2004-02-18T07:00:00Z,tribes_fort-belknap_Fort Belknap,Fort Belknap,NDVI,NA
2004-02-18T07:00:00Z,tribes_rocky-boys_Rocky Boy's,Rocky Boy's,EVI,NA
2004-02-18T07:00:00Z,tribes_rocky-boys_Rocky Boy's,Rocky Boy's,NDVI,NA
2004-02-18T07:00:00Z,tribes_blackfeet_Blackfeet,Blackfeet,EVI,1057.5358943034669
2004-02-18T07:00:00Z,tribes_blackfeet_Blackfeet,Blackfeet,NDVI,1754.6007602401532
2004-02-18T07:00:00Z,tribes_flathead_Flathead,Flathead,EVI,1325.1633699633699
2004-02-18T07:00:00Z,tribes_flathead_Flathead,Flathead,NDVI,2686.067399267399
2004-03-05T07:00:00Z,tribes_northern-cheyenne_Northern Cheyenne,Northern Cheyenne,EVI,1314.6000815218822
2004-03-05T07:00:00Z,tribes_northern-cheyenne_Northern Cheyenne,Northern Cheyenne,NDVI,2660.645834657528
2004-03-05T07:00:00Z,tribes_crow_Crow,Crow,EVI,1146.252560632248
2004-03-05T07:00:00Z,tribes_crow_Crow,Crow,NDVI,2098.9980403906957
2004-03-05T07:00:00Z,tribes_fort-peck_Fort Peck,Fort Peck,EVI,NA
2004-03-05T07:00:00Z,tribes_fort-peck_Fort Peck,Fort Peck,NDVI,NA
2004-03-05T07:00:00Z,tribes_fort-belknap_Fort Belknap,Fort Belknap,EVI,1060.249498389885
2004-03-05T07:00:00Z,tribes_fort-belknap_Fort Belknap,Fort Belknap,NDVI,1894.7261329298756
2004-03-05T07:00:00Z,tribes_rocky-boys_Rocky Boy's,Rocky Boy's,EVI,1013.592397495096
2004-03-05T07:00:00Z,tribes_rocky-boys_Rocky Boy's,Rocky Boy's,NDVI,1867.4089916484686
2004-03-05T07:00:00Z,tribes_blackfeet_Blackfeet,Blackfeet,EVI,1125.5557689116638
2004-03-05T07:00:00Z,tribes_blackfeet_Blackfeet,Blackfeet,NDVI,1813.3063239137434
2004-03-05T07:00:00Z,tribes_flathead_Flathead,Flathead,EVI,1684.859792959708
2004-03-05T07:00:00Z,tribes_flathead_Flathead,Flathead,NDVI,3241.7409358371888
2004-03-21T07:00:00Z,tribes_northern-cheyenne_Northern Cheyenne,Northern Cheyenne,EVI,1460.8160440592917
2004-03-21T07:00:00Z,tribes_northern-cheyenne_Northern Cheyenne,Northern Cheyenne,NDVI,2871.8721188256427
2004-03-21T07:00:00Z,tribes_crow_Crow,Crow,EVI,1406.6421104330657
2004-03-21T07:00:00Z,tribes_crow_Crow,Crow,NDVI,2525.6994497369924
2004-03-21T07:00:00Z,tribes_fort-peck_Fort Peck,Fort Peck,EVI,942.8990903065594
2004-03-21T07:00:00Z,tribes_fort-peck_Fort Peck,Fort Peck,NDVI,1719.7996576560163
2004-03-21T07:00:00Z,tribes_fort-belknap_Fort Belknap,Fort Belknap,EVI,1257.289730179789
2004-03-21T07:00:00Z,tribes_fort-belknap_Fort Belknap,Fort Belknap,NDVI,2303.4785947829996
2004-03-21T07:00:00Z,tribes_rocky-boys_Rocky Boy's,Rocky Boy's,EVI,1354.4461015828072
2004-03-21T07:00:00Z,tribes_rocky-boys_Rocky Boy's,Rocky Boy's,NDVI,2517.2002094550676
2004-03-21T07:00:00Z,tribes_blackfeet_Blackfeet,Blackfeet,EVI,1229.3007893026336
2004-03-21T07:00:00Z,tribes_blackfeet_Blackfeet,Blackfeet,NDVI,2003.0293593748638
2004-03-21T07:00:00Z,tribes_flathead_Flathead,Flathead,EVI,2025.2834806940525
2004-03-21T07:00:00Z,tribes_flathead_Flathead,Flathead,NDVI,4072.542643150979
2004-04-06T06:00:00Z,tribes_northern-cheyenne_Northern Cheyenne,Northern Cheyenne,EVI,1732.8167062907978
2004-04-06T06:00:00Z,tribes_northern-cheyenne_Northern Cheyenne,Northern Cheyenne,NDVI,3304.320684888311
2004-04-06T06:00:00Z,tribes_crow_Crow,Crow,EVI,1847.7807881492945
2004-04-06T06:00:00Z,tribes_crow_Crow,Crow,NDVI,3116.1631179458227
2004-04-06T06:00:00Z,tribes_fort-peck_Fort Peck,Fort Peck,EVI,1139.285805113989
2004-04-06T06:00:00Z,tribes_fort-peck_Fort Peck,Fort Peck,NDVI,1944.950291394835
2004-04-06T06:00:00Z,tribes_fort-belknap_Fort Belknap,Fort Belknap,EVI,1367.6712971486902
2004-04-06T06:00:00Z,tribes_fort-belknap_Fort Belknap,Fort Belknap,NDVI,2381.0551200555146
2004-04-06T06:00:00Z,tribes_rocky-boys_Rocky Boy's,Rocky Boy's,EVI,1550.530906561317
2004-04-06T06:00:00Z,tribes_rocky-boys_Rocky Boy's,Rocky Boy's,NDVI,2709.8754029767056
2004-04-06T06:00:00Z,tribes_blackfeet_Blackfeet,Blackfeet,EVI,1501.4566543752637
2004-04-06T06:00:00Z,tribes_blackfeet_Blackfeet,Blackfeet,NDVI,2481.757321943043
2004-04-06T06:00:00Z,tribes_flathead_Flathead,Flathead,EVI,2579.9347032379474
2004-04-06T06:00:00Z,tribes_flathead_Flathead,Flathead,NDVI,4737.523678370733
2004-04-22T06:00:00Z,tribes_northern-cheyenne_Northern Cheyenne,Northern Cheyenne,EVI,1974.2276699805577
2004-04-22T06:00:00Z,tribes_northern-cheyenne_Northern Cheyenne,Northern Cheyenne,NDVI,3518.011619826143
2004-04-22T06:00:00Z,tribes_crow_Crow,Crow,EVI,2251.175977373163
2004-04-22T06:00:00Z,tribes_crow_Crow,Crow,NDVI,3722.5719764764303
2004-04-22T06:00:00Z,tribes_fort-peck_Fort Peck,Fort Peck,EVI,1436.4981635666434
2004-04-22T06:00:00Z,tribes_fort-peck_Fort Peck,Fort Peck,NDVI,2389.4342673146043
2004-04-22T06:00:00Z,tribes_fort-belknap_Fort Belknap,Fort Belknap,EVI,1847.068330058569
2004-04-22T06:00:00Z,tribes_fort-belknap_Fort Belknap,Fort Belknap,NDVI,3123.9687467122017
2004-04-22T06:00:00Z,tribes_rocky-boys_Rocky Boy's,Rocky Boy's,EVI,2201.715135989431
2004-04-22T06:00:00Z,tribes_rocky-boys_Rocky Boy's,Rocky Boy's,NDVI,3899.211611433425
2004-04-22T06:00:00Z,tribes_blackfeet_Blackfeet,Blackfeet,EVI,1840.6136936425914
2004-04-22T06:00:00Z,tribes_blackfeet_Blackfeet,Blackfeet,NDVI,3019.0183936499
2004-04-22T06:00:00Z,tribes_flathead_Flathead,Flathead,EVI,2912.102186658602
2004-04-22T06:00:00Z,tribes_flathead_Flathead,Flathead,NDVI,5510.868945115216
2004-05-08T06:00:00Z,tribes_northern-cheyenne_Northern Cheyenne,Northern Cheyenne,EVI,2192.8587987943492
2004-05-08T06:00:00Z,tribes_northern-cheyenne_Northern Cheyenne,Northern Cheyenne,NDVI,3817.603541871031
2004-05-08T06:00:00Z,tribes_crow_Crow,Crow,EVI,2589.9364840320914
2004-05-08T06:00:00Z,tribes_crow_Crow,Crow,NDVI,4170.619179189817
2004-05-08T06:00:00Z,tribes_fort-peck_Fort Peck,Fort Peck,EVI,1750.461487719373
2004-05-08T06:00:00Z,tribes_fort-peck_Fort Peck,Fort Peck,NDVI,2912.605549935351
2004-05-08T06:00:00Z,tribes_fort-belknap_Fort Belknap,Fort Belknap,EVI,2306.691331669813
2004-05-08T06:00:00Z,tribes_fort-belknap_Fort Belknap,Fort Belknap,NDVI,3751.2051906459196
2004-05-08T06:00:00Z,tribes_rocky-boys_Rocky Boy's,Rocky Boy's,EVI,2624.1127168117705
2004-05-08T06:00:00Z,tribes_rocky-boys_Rocky Boy's,Rocky Boy's,NDVI,4506.476542991157
2004-05-08T06:00:00Z,tribes_blackfeet_Blackfeet,Blackfeet,EVI,2058.2195418780852
2004-05-08T06:00:00Z,tribes_blackfeet_Blackfeet,Blackfeet,NDVI,3402.2199948909683
2004-05-08T06:00:00Z,tribes_flathead_Flathead,Flathead,EVI,3347.8956130401393
2004-05-08T06:00:00Z,tribes_flathead_Flathead,Flathead,NDVI,5605.395460267147
2004-05-24T06:00:00Z,tribes_northern-cheyenne_Northern Cheyenne,Northern Cheyenne,EVI,2245.0494054197943
2004-05-24T06:00:00Z,tribes_northern-cheyenne_Northern Cheyenne,Northern Cheyenne,NDVI,3785.441200987636
2004-05-24T06:00:00Z,tribes_crow_Crow,Crow,EVI,2628.2024327800964
2004-05-24T06:00:00Z,tribes_crow_Crow,Crow,NDVI,4218.634591041768
2004-05-24T06:00:00Z,tribes_fort-peck_Fort Peck,Fort Peck,EVI,2336.7378534827967
2004-05-24T06:00:00Z,tribes_fort-peck_Fort Peck,Fort Peck,NDVI,3744.000666901518
2004-05-24T06:00:00Z,tribes_fort-belknap_Fort Belknap,Fort Belknap,EVI,2556.579083147658
2004-05-24T06:00:00Z,tribes_fort-belknap_Fort Belknap,Fort Belknap,NDVI,4260.0711122503235
2004-05-24T06:00:00Z,tribes_rocky-boys_Rocky Boy's,Rocky Boy's,EVI,3454.7119387428947
2004-05-24T06:00:00Z,tribes_rocky-boys_Rocky Boy's,Rocky Boy's,NDVI,5537.101763090717
2004-05-24T06:00:00Z,tribes_blackfeet_Blackfeet,Blackfeet,EVI,2663.725748857552
2004-05-24T06:00:00Z,tribes_blackfeet_Blackfeet,Blackfeet,NDVI,4363.937336597699
2004-05-24T06:00:00Z,tribes_flathead_Flathead,Flathead,EVI,3284.6675281877583
2004-05-24T06:00:00Z,tribes_flathead_Flathead,Flathead,NDVI,6072.51080098693
2004-06-09T06:00:00Z,tribes_northern-cheyenne_Northern Cheyenne,Northern Cheyenne,EVI,2477.5662663156295
2004-06-09T06:00:00Z,tribes_northern-cheyenne_Northern Cheyenne,Northern Cheyenne,NDVI,4099.225302199926
2004-06-09T06:00:00Z,tribes_crow_Crow,Crow,EVI,2765.1415737375437
2004-06-09T06:00:00Z,tribes_crow_Crow,Crow,NDVI,4456.679799459775
2004-06-09T06:00:00Z,tribes_fort-peck_Fort Peck,Fort Peck,EVI,2927.9764321563107
2004-06-09T06:00:00Z,tribes_fort-peck_Fort Peck,Fort Peck,NDVI,4662.902695445181
2004-06-09T06:00:00Z,tribes_fort-belknap_Fort Belknap,Fort Belknap,EVI,3216.3019313674813
2004-06-09T06:00:00Z,tribes_fort-belknap_Fort Belknap,Fort Belknap,NDVI,5312.180358189839
2004-06-09T06:00:00Z,tribes_rocky-boys_Rocky Boy's,Rocky Boy's,EVI,4106.69639584606
2004-06-09T06:00:00Z,tribes_rocky-boys_Rocky Boy's,Rocky Boy's,NDVI,6429.501679902261
2004-06-09T06:00:00Z,tribes_blackfeet_Blackfeet,Blackfeet,EVI,3132.4977716765493
2004-06-09T06:00:00Z,tribes_blackfeet_Blackfeet,Blackfeet,NDVI,4867.459135234377
2004-06-09T06:00:00Z,tribes_flathead_Flathead,Flathead,EVI,3372.07902968675
2004-06-09T06:00:00Z,tribes_flathead_Flathead,Flathead,NDVI,6238.700203801777
2004-06-25T06:00:00Z,tribes_northern-cheyenne_Northern Cheyenne,Northern Cheyenne,EVI,2098.5501244368684
2004-06-25T06:00:00Z,tribes_northern-cheyenne_Northern Cheyenne,Northern Cheyenne,NDVI,3897.1990684419097
2004-06-25T06:00:00Z,tribes_crow_Crow,Crow,EVI,2606.8107845436534
2004-06-25T06:00:00Z,tribes_crow_Crow,Crow,NDVI,4392.700382742794
2004-06-25T06:00:00Z,tribes_fort-peck_Fort Peck,Fort Peck,EVI,3567.619748128811
2004-06-25T06:00:00Z,tribes_fort-peck_Fort Peck,Fort Peck,NDVI,5704.945692634227
2004-06-25T06:00:00Z,tribes_fort-belknap_Fort Belknap,Fort Belknap,EVI,3105.560120675573
2004-06-25T06:00:00Z,tribes_fort-belknap_Fort Belknap,Fort Belknap,NDVI,5056.802741238581
2004-06-25T06:00:00Z,tribes_rocky-boys_Rocky Boy's,Rocky Boy's,EVI,4048.3103960634116
2004-06-25T06:00:00Z,tribes_rocky-boys_Rocky Boy's,Rocky Boy's,NDVI,6517.376518068241
2004-06-25T06:00:00Z,tribes_blackfeet_Blackfeet,Blackfeet,EVI,3446.4614389936096
2004-06-25T06:00:00Z,tribes_blackfeet_Blackfeet,Blackfeet,NDVI,5490.42829506964
2004-06-25T06:00:00Z,tribes_flathead_Flathead,Flathead,EVI,3218.350321767251
2004-06-25T06:00:00Z,tribes_flathead_Flathead,Flathead,NDVI,5821.214809413139
2004-07-11T06:00:00Z,tribes_northern-cheyenne_Northern Cheyenne,Northern Cheyenne,EVI,2187.2814553603844
2004-07-11T06:00:00Z,tribes_northern-cheyenne_Northern Cheyenne,Northern Cheyenne,NDVI,3886.0245545967423
2004-07-11T06:00:00Z,tribes_crow_Crow,Crow,EVI,2513.453795243994
2004-07-11T06:00:00Z,tribes_crow_Crow,Crow,NDVI,4073.40538648568
2004-07-11T06:00:00Z,tribes_fort-peck_Fort Peck,Fort Peck,EVI,3558.1754068726523
2004-07-11T06:00:00Z,tribes_fort-peck_Fort Peck,Fort Peck,NDVI,5821.765942359698
2004-07-11T06:00:00Z,tribes_fort-belknap_Fort Belknap,Fort Belknap,EVI,2723.5739354661814
2004-07-11T06:00:00Z,tribes_fort-belknap_Fort Belknap,Fort Belknap,NDVI,4669.021260523935
2004-07-11T06:00:00Z,tribes_rocky-boys_Rocky Boy's,Rocky Boy's,EVI,3591.766212029181
2004-07-11T06:00:00Z,tribes_rocky-boys_Rocky Boy's,Rocky Boy's,NDVI,6028.9160523015335
2004-07-11T06:00:00Z,tribes_blackfeet_Blackfeet,Blackfeet,EVI,3129.5634429809757
2004-07-11T06:00:00Z,tribes_blackfeet_Blackfeet,Blackfeet,NDVI,5121.119578657597
2004-07-11T06:00:00Z,tribes_flathead_Flathead,Flathead,EVI,3005.750516968046
2004-07-11T06:00:00Z,tribes_flathead_Flathead,Flathead,NDVI,5546.798685002706
2004-07-27T06:00:00Z,tribes_northern-cheyenne_Northern Cheyenne,Northern Cheyenne,EVI,2140.6232830603276
2004-07-27T06:00:00Z,tribes_northern-cheyenne_Northern Cheyenne,Northern Cheyenne,NDVI,3756.6407800516954
2004-07-27T06:00:00Z,tribes_crow_Crow,Crow,EVI,2287.0427709350465
2004-07-27T06:00:00Z,tribes_crow_Crow,Crow,NDVI,3831.7837611225405
2004-07-27T06:00:00Z,tribes_fort-peck_Fort Peck,Fort Peck,EVI,3030.96006439631
2004-07-27T06:00:00Z,tribes_fort-peck_Fort Peck,Fort Peck,NDVI,5101.565803825748
2004-07-27T06:00:00Z,tribes_fort-belknap_Fort Belknap,Fort Belknap,EVI,2380.321511039981
2004-07-27T06:00:00Z,tribes_fort-belknap_Fort Belknap,Fort Belknap,NDVI,4127.055231037959
2004-07-27T06:00:00Z,tribes_rocky-boys_Rocky Boy's,Rocky Boy's,EVI,3170.0421278957556
2004-07-27T06:00:00Z,tribes_rocky-boys_Rocky Boy's,Rocky Boy's,NDVI,5396.109661447303
2004-07-27T06:00:00Z,tribes_blackfeet_Blackfeet,Blackfeet,EVI,2751.8547058786253
2004-07-27T06:00:00Z,tribes_blackfeet_Blackfeet,Blackfeet,NDVI,4525.828237651477
2004-07-27T06:00:00Z,tribes_flathead_Flathead,Flathead,EVI,2847.179177733058
2004-07-27T06:00:00Z,tribes_flathead_Flathead,Flathead,NDVI,5365.830090218233
2004-08-12T06:00:00Z,tribes_northern-cheyenne_Northern Cheyenne,Northern Cheyenne,EVI,1941.1728586875065
2004-08-12T06:00:00Z,tribes_northern-cheyenne_Northern Cheyenne,Northern Cheyenne,NDVI,3487.366569961233
2004-08-12T06:00:00Z,tribes_crow_Crow,Crow,EVI,2063.6850435297492
2004-08-12T06:00:00Z,tribes_crow_Crow,Crow,NDVI,3392.023540358169
2004-08-12T06:00:00Z,tribes_fort-peck_Fort Peck,Fort Peck,EVI,2431.230024335739
2004-08-12T06:00:00Z,tribes_fort-peck_Fort Peck,Fort Peck,NDVI,4321.553948819088
2004-08-12T06:00:00Z,tribes_fort-belknap_Fort Belknap,Fort Belknap,EVI,2197.2519489539986
2004-08-12T06:00:00Z,tribes_fort-belknap_Fort Belknap,Fort Belknap,NDVI,3692.0131274093633
2004-08-12T06:00:00Z,tribes_rocky-boys_Rocky Boy's,Rocky Boy's,EVI,2949.736940790573
2004-08-12T06:00:00Z,tribes_rocky-boys_Rocky Boy's,Rocky Boy's,NDVI,5081.66438014606
2004-08-12T06:00:00Z,tribes_blackfeet_Blackfeet,Blackfeet,EVI,2412.809628824564
2004-08-12T06:00:00Z,tribes_blackfeet_Blackfeet,Blackfeet,NDVI,4106.548254771593
2004-08-12T06:00:00Z,tribes_flathead_Flathead,Flathead,EVI,2531.9708644543475
2004-08-12T06:00:00Z,tribes_flathead_Flathead,Flathead,NDVI,5176.645717804843
2004-08-28T06:00:00Z,tribes_northern-cheyenne_Northern Cheyenne,Northern Cheyenne,EVI,1824.9583084659605
2004-08-28T06:00:00Z,tribes_northern-cheyenne_Northern Cheyenne,Northern Cheyenne,NDVI,3380.660588481109
2004-08-28T06:00:00Z,tribes_crow_Crow,Crow,EVI,1903.4802685482944
2004-08-28T06:00:00Z,tribes_crow_Crow,Crow,NDVI,3273.7804429798657
2004-08-28T06:00:00Z,tribes_fort-peck_Fort Peck,Fort Peck,EVI,1998.1011791499598
2004-08-28T06:00:00Z,tribes_fort-peck_Fort Peck,Fort Peck,NDVI,3728.0372105586093
2004-08-28T06:00:00Z,tribes_fort-belknap_Fort Belknap,Fort Belknap,EVI,2239.89254900729
2004-08-28T06:00:00Z,tribes_fort-belknap_Fort Belknap,Fort Belknap,NDVI,3746.5610983757088
2004-08-28T06:00:00Z,tribes_rocky-boys_Rocky Boy's,Rocky Boy's,EVI,2705.4248995966454
2004-08-28T06:00:00Z,tribes_rocky-boys_Rocky Boy's,Rocky Boy's,NDVI,5228.248534919411
2004-08-28T06:00:00Z,tribes_blackfeet_Blackfeet,Blackfeet,EVI,2307.419942850715
2004-08-28T06:00:00Z,tribes_blackfeet_Blackfeet,Blackfeet,NDVI,4063.647118692069
2004-08-28T06:00:00Z,tribes_flathead_Flathead,Flathead,EVI,2607.6963535383716
2004-08-28T06:00:00Z,tribes_flathead_Flathead,Flathead,NDVI,5372.574574632389
2004-09-13T06:00:00Z,tribes_northern-cheyenne_Northern Cheyenne,Northern Cheyenne,EVI,1824.5007010143702
2004-09-13T06:00:00Z,tribes_northern-cheyenne_Northern Cheyenne,Northern Cheyenne,NDVI,3597.9481473035735
2004-09-13T06:00:00Z,tribes_crow_Crow,Crow,EVI,1784.1289632949388
2004-09-13T06:00:00Z,tribes_crow_Crow,Crow,NDVI,3412.6555643735214
2004-09-13T06:00:00Z,tribes_fort-peck_Fort Peck,Fort Peck,EVI,1723.9768945984083
2004-09-13T06:00:00Z,tribes_fort-peck_Fort Peck,Fort Peck,NDVI,3158.0903798447175
2004-09-13T06:00:00Z,tribes_fort-belknap_Fort Belknap,Fort Belknap,EVI,1913.6411561675845
2004-09-13T06:00:00Z,tribes_fort-belknap_Fort Belknap,Fort Belknap,NDVI,3528.3244415034633
2004-09-13T06:00:00Z,tribes_rocky-boys_Rocky Boy's,Rocky Boy's,EVI,2816.129556389766
2004-09-13T06:00:00Z,tribes_rocky-boys_Rocky Boy's,Rocky Boy's,NDVI,4858.759007896806
2004-09-13T06:00:00Z,tribes_blackfeet_Blackfeet,Blackfeet,EVI,1943.274504362282
2004-09-13T06:00:00Z,tribes_blackfeet_Blackfeet,Blackfeet,NDVI,3523.1420255726284
2004-09-13T06:00:00Z,tribes_flathead_Flathead,Flathead,EVI,2678.295125352569
2004-09-13T06:00:00Z,tribes_flathead_Flathead,Flathead,NDVI,5585.517517983797
2004-09-29T06:00:00Z,tribes_northern-cheyenne_Northern Cheyenne,Northern Cheyenne,EVI,1904.232866063157
2004-09-29T06:00:00Z,tribes_northern-cheyenne_Northern Cheyenne,Northern Cheyenne,NDVI,3621.4277867912497
2004-09-29T06:00:00Z,tribes_crow_Crow,Crow,EVI,1875.2301090445055
2004-09-29T06:00:00Z,tribes_crow_Crow,Crow,NDVI,3366.3234135961625
2004-09-29T06:00:00Z,tribes_fort-peck_Fort Peck,Fort Peck,EVI,1467.4894546491098
2004-09-29T06:00:00Z,tribes_fort-peck_Fort Peck,Fort Peck,NDVI,2587.6374587929945
2004-09-29T06:00:00Z,tribes_fort-belknap_Fort Belknap,Fort Belknap,EVI,1548.9851746246839
2004-09-29T06:00:00Z,tribes_fort-belknap_Fort Belknap,Fort Belknap,NDVI,2960.2513878716386
2004-09-29T06:00:00Z,tribes_rocky-boys_Rocky Boy's,Rocky Boy's,EVI,1997.348754736114
2004-09-29T06:00:00Z,tribes_rocky-boys_Rocky Boy's,Rocky Boy's,NDVI,4205.848291504071
2004-09-29T06:00:00Z,tribes_blackfeet_Blackfeet,Blackfeet,EVI,1721.4943226732125
2004-09-29T06:00:00Z,tribes_blackfeet_Blackfeet,Blackfeet,NDVI,3371.1714440945498
2004-09-29T06:00:00Z,tribes_flathead_Flathead,Flathead,EVI,2604.826132292042
2004-09-29T06:00:00Z,tribes_flathead_Flathead,Flathead,NDVI,5580.363095961221
2004-10-15T06:00:00Z,tribes_northern-cheyenne_Northern Cheyenne,Northern Cheyenne,EVI,1716.038127550196
2004-10-15T06:00:00Z,tribes_northern-cheyenne_Northern Cheyenne,Northern Cheyenne,NDVI,3836.4407202674693
2004-10-15T06:00:00Z,tribes_crow_Crow,Crow,EVI,1763.2762209901146
2004-10-15T06:00:00Z,tribes_crow_Crow,Crow,NDVI,3592.0879839297545
2004-10-15T06:00:00Z,tribes_fort-peck_Fort Peck,Fort Peck,EVI,1192.629610238895
2004-10-15T06:00:00Z,tribes_fort-peck_Fort Peck,Fort Peck,NDVI,2324.9186805803183
2004-10-15T06:00:00Z,tribes_fort-belknap_Fort Belknap,Fort Belknap,EVI,1471.2132561729668
2004-10-15T06:00:00Z,tribes_fort-belknap_Fort Belknap,Fort Belknap,NDVI,2837.130110222874
2004-10-15T06:00:00Z,tribes_rocky-boys_Rocky Boy's,Rocky Boy's,EVI,1817.6143236737096
2004-10-15T06:00:00Z,tribes_rocky-boys_Rocky Boy's,Rocky Boy's,NDVI,3509.332653612159
2004-10-15T06:00:00Z,tribes_blackfeet_Blackfeet,Blackfeet,EVI,1324.4856212395482
2004-10-15T06:00:00Z,tribes_blackfeet_Blackfeet,Blackfeet,NDVI,2593.582952948578
2004-10-15T06:00:00Z,tribes_flathead_Flathead,Flathead,EVI,2380.9570231181638
2004-10-15T06:00:00Z,tribes_flathead_Flathead,Flathead,NDVI,5053.477669622216
2004-10-31T06:00:00Z,tribes_northern-cheyenne_Northern Cheyenne,Northern Cheyenne,EVI,1649.2470041925783
2004-10-31T06:00:00Z,tribes_northern-cheyenne_Northern Cheyenne,Northern Cheyenne,NDVI,3792.3091368922182
2004-10-31T06:00:00Z,tribes_crow_Crow,Crow,EVI,1642.5319108135445
2004-10-31T06:00:00Z,tribes_crow_Crow,Crow,NDVI,3405.8327116307555
2004-10-31T06:00:00Z,tribes_fort-peck_Fort Peck,Fort Peck,EVI,1119.7693415037254
2004-10-31T06:00:00Z,tribes_fort-peck_Fort Peck,Fort Peck,NDVI,2236.7154231698278
2004-10-31T06:00:00Z,tribes_fort-belknap_Fort Belknap,Fort Belknap,EVI,1326.2725515864354
2004-10-31T06:00:00Z,tribes_fort-belknap_Fort Belknap,Fort Belknap,NDVI,2626.772368283377
2004-10-31T06:00:00Z,tribes_rocky-boys_Rocky Boy's,Rocky Boy's,EVI,1628.2066495248164
2004-10-31T06:00:00Z,tribes_rocky-boys_Rocky Boy's,Rocky Boy's,NDVI,3395.4706420336274
2004-10-31T06:00:00Z,tribes_blackfeet_Blackfeet,Blackfeet,EVI,1359.146105960423
2004-10-31T06:00:00Z,tribes_blackfeet_Blackfeet,Blackfeet,NDVI,2677.3943762638132
2004-10-31T06:00:00Z,tribes_flathead_Flathead,Flathead,EVI,2397.4643091839484
2004-10-31T06:00:00Z,tribes_flathead_Flathead,Flathead,NDVI,4697.521559227515
2004-11-16T07:00:00Z,tribes_northern-cheyenne_Northern Cheyenne,Northern Cheyenne,EVI,1615.7500351937113
2004-11-16T07:00:00Z,tribes_northern-cheyenne_Northern Cheyenne,Northern Cheyenne,NDVI,3604.1335472965243
2004-11-16T07:00:00Z,tribes_crow_Crow,Crow,EVI,1584.894821958208
2004-11-16T07:00:00Z,tribes_crow_Crow,Crow,NDVI,3185.6283460767436
2004-11-16T07:00:00Z,tribes_fort-peck_Fort Peck,Fort Peck,EVI,1101.5761941340793
2004-11-16T07:00:00Z,tribes_fort-peck_Fort Peck,Fort Peck,NDVI,2133.310804045801
2004-11-16T07:00:00Z,tribes_fort-belknap_Fort Belknap,Fort Belknap,EVI,1227.6653308885677
2004-11-16T07:00:00Z,tribes_fort-belknap_Fort Belknap,Fort Belknap,NDVI,2343.2831415960454
2004-11-16T07:00:00Z,tribes_rocky-boys_Rocky Boy's,Rocky Boy's,EVI,1643.2165483502838
2004-11-16T07:00:00Z,tribes_rocky-boys_Rocky Boy's,Rocky Boy's,NDVI,3284.5674655120315
2004-11-16T07:00:00Z,tribes_blackfeet_Blackfeet,Blackfeet,EVI,1352.6328556953033
2004-11-16T07:00:00Z,tribes_blackfeet_Blackfeet,Blackfeet,NDVI,2419.4809063859093
2004-11-16T07:00:00Z,tribes_flathead_Flathead,Flathead,EVI,2113.3194428888746
2004-11-16T07:00:00Z,tribes_flathead_Flathead,Flathead,NDVI,4010.4040593062755
2004-12-02T07:00:00Z,tribes_northern-cheyenne_Northern Cheyenne,Northern Cheyenne,EVI,1537.1586994694953
2004-12-02T07:00:00Z,tribes_northern-cheyenne_Northern Cheyenne,Northern Cheyenne,NDVI,3318.116555135005
2004-12-02T07:00:00Z,tribes_crow_Crow,Crow,EVI,1458.3181830971314
2004-12-02T07:00:00Z,tribes_crow_Crow,Crow,NDVI,2861.384174446903
2004-12-02T07:00:00Z,tribes_fort-peck_Fort Peck,Fort Peck,EVI,1121.7637870629262
2004-12-02T07:00:00Z,tribes_fort-peck_Fort Peck,Fort Peck,NDVI,2070.6401408104166
2004-12-02T07:00:00Z,tribes_fort-belknap_Fort Belknap,Fort Belknap,EVI,1108.7651275348853
2004-12-02T07:00:00Z,tribes_fort-belknap_Fort Belknap,Fort Belknap,NDVI,2243.9187949473508
2004-12-02T07:00:00Z,tribes_rocky-boys_Rocky Boy's,Rocky Boy's,EVI,1371.2205909967367
2004-12-02T07:00:00Z,tribes_rocky-boys_Rocky Boy's,Rocky Boy's,NDVI,2878.1297247908155
2004-12-02T07:00:00Z,tribes_blackfeet_Blackfeet,Blackfeet,EVI,1163.2321957251256
2004-12-02T07:00:00Z,tribes_blackfeet_Blackfeet,Blackfeet,NDVI,2149.9816242501174
2004-12-02T07:00:00Z,tribes_flathead_Flathead,Flathead,EVI,2250.7949479736535
2004-12-02T07:00:00Z,tribes_flathead_Flathead,Flathead,NDVI,4755.68032224153
2004-12-18T07:00:00Z,tribes_northern-cheyenne_Northern Cheyenne,Northern Cheyenne,EVI,1644.0565040869224
2004-12-18T07:00:00Z,tribes_northern-cheyenne_Northern Cheyenne,Northern Cheyenne,NDVI,3100.281761935761
2004-12-18T07:00:00Z,tribes_crow_Crow,Crow,EVI,1409.9801083354762
2004-12-18T07:00:00Z,tribes_crow_Crow,Crow,NDVI,2648.7440474944055
2004-12-18T07:00:00Z,tribes_fort-peck_Fort Peck,Fort Peck,EVI,NA
2004-12-18T07:00:00Z,tribes_fort-peck_Fort Peck,Fort Peck,NDVI,NA
2004-12-18T07:00:00Z,tribes_fort-belknap_Fort Belknap,Fort Belknap,EVI,1451.2961604019624
2004-12-18T07:00:00Z,tribes_fort-belknap_Fort Belknap,Fort Belknap,NDVI,2383.041647556527
2004-12-18T07:00:00Z,tribes_rocky-boys_Rocky Boy's,Rocky Boy's,EVI,1665.122185176465
2004-12-18T07:00:00Z,tribes_rocky-boys_Rocky Boy's,Rocky Boy's,NDVI,3727.8537772748327
2004-12-18T07:00:00Z,tribes_blackfeet_Blackfeet,Blackfeet,EVI,1186.2794893325552
2004-12-18T07:00:00Z,tribes_blackfeet_Blackfeet,Blackfeet,NDVI,2115.367747718437
2004-12-18T07:00:00Z,tribes_flathead_Flathead,Flathead,EVI,1216.2757359827008
2004-12-18T07:00:00Z,tribes_flathead_Flathead,Flathead,NDVI,3213.689874172073
2005-01-01T07:00:00Z,tribes_northern-cheyenne_Northern Cheyenne,Northern Cheyenne,EVI,NA
2005-01-01T07:00:00Z,tribes_northern-cheyenne_Northern Cheyenne,Northern Cheyenne,NDVI,NA
2005-01-01T07:00:00Z,tribes_crow_Crow,Crow,EVI,NA
2005-01-01T07:00:00Z,tribes_crow_Crow,Crow,NDVI,NA
2005-01-01T07:00:00Z,tribes_fort-peck_Fort Peck,Fort Peck,EVI,NA
2005-01-01T07:00:00Z,tribes_fort-peck_Fort Peck,Fort Peck,NDVI,NA
2005-01-01T07:00:00Z,tribes_fort-belknap_Fort Belknap,Fort Belknap,EVI,NA
2005-01-01T07:00:00Z,tribes_fort-belknap_Fort Belknap,Fort Belknap,NDVI,NA
2005-01-01T07:00:00Z,tribes_rocky-boys_Rocky Boy's,Rocky Boy's,EVI,NA
2005-01-01T07:00:00Z,tribes_rocky-boys_Rocky Boy's,Rocky Boy's,NDVI,NA
2005-01-01T07:00:00Z,tribes_blackfeet_Blackfeet,Blackfeet,EVI,NA
2005-01-01T07:00:00Z,tribes_blackfeet_Blackfeet,Blackfeet,NDVI,NA
2005-01-01T07:00:00Z,tribes_flathead_Flathead,Flathead,EVI,NA
2005-01-01T07:00:00Z,tribes_flathead_Flathead,Flathead,NDVI,NA
2005-01-17T07:00:00Z,tribes_northern-cheyenne_Northern Cheyenne,Northern Cheyenne,EVI,1651.3968062341528
2005-01-17T07:00:00Z,tribes_northern-cheyenne_Northern Cheyenne,Northern Cheyenne,NDVI,3368.5565404753756
2005-01-17T07:00:00Z,tribes_crow_Crow,Crow,EVI,1444.7305529944638
2005-01-17T07:00:00Z,tribes_crow_Crow,Crow,NDVI,2788.78378759341
2005-01-17T07:00:00Z,tribes_fort-peck_Fort Peck,Fort Peck,EVI,948.5163106308116
2005-01-17T07:00:00Z,tribes_fort-peck_Fort Peck,Fort Peck,NDVI,1620.8962308878367
2005-01-17T07:00:00Z,tribes_fort-belknap_Fort Belknap,Fort Belknap,EVI,1195.4718480805018
2005-01-17T07:00:00Z,tribes_fort-belknap_Fort Belknap,Fort Belknap,NDVI,2303.1831167572236
2005-01-17T07:00:00Z,tribes_rocky-boys_Rocky Boy's,Rocky Boy's,EVI,1366.7493407260658
2005-01-17T07:00:00Z,tribes_rocky-boys_Rocky Boy's,Rocky Boy's,NDVI,2931.201181596175
2005-01-17T07:00:00Z,tribes_blackfeet_Blackfeet,Blackfeet,EVI,1211.925969196067
2005-01-17T07:00:00Z,tribes_blackfeet_Blackfeet,Blackfeet,NDVI,2253.4762329515156
2005-01-17T07:00:00Z,tribes_flathead_Flathead,Flathead,EVI,1905.665294982734
2005-01-17T07:00:00Z,tribes_flathead_Flathead,Flathead,NDVI,4268.81743762994
2005-02-02T07:00:00Z,tribes_northern-cheyenne_Northern Cheyenne,Northern Cheyenne,EVI,1429.2636045509653
2005-02-02T07:00:00Z,tribes_northern-cheyenne_Northern Cheyenne,Northern Cheyenne,NDVI,2998.871787479973
2005-02-02T07:00:00Z,tribes_crow_Crow,Crow,EVI,1325.4253471916368
2005-02-02T07:00:00Z,tribes_crow_Crow,Crow,NDVI,2723.144162980569
2005-02-02T07:00:00Z,tribes_fort-peck_Fort Peck,Fort Peck,EVI,988.3739000751298
2005-02-02T07:00:00Z,tribes_fort-peck_Fort Peck,Fort Peck,NDVI,1651.6962422801284
2005-02-02T07:00:00Z,tribes_fort-belknap_Fort Belknap,Fort Belknap,EVI,1153.9826775416554
2005-02-02T07:00:00Z,tribes_fort-belknap_Fort Belknap,Fort Belknap,NDVI,2171.4277650778986
2005-02-02T07:00:00Z,tribes_rocky-boys_Rocky Boy's,Rocky Boy's,EVI,1420.2071718728123
2005-02-02T07:00:00Z,tribes_rocky-boys_Rocky Boy's,Rocky Boy's,NDVI,2837.9798378624537
2005-02-02T07:00:00Z,tribes_blackfeet_Blackfeet,Blackfeet,EVI,1116.2683289727113
2005-02-02T07:00:00Z,tribes_blackfeet_Blackfeet,Blackfeet,NDVI,1977.1958817634718
2005-02-02T07:00:00Z,tribes_flathead_Flathead,Flathead,EVI,1854.9894049533852
2005-02-02T07:00:00Z,tribes_flathead_Flathead,Flathead,NDVI,4111.386557545365
2005-02-18T07:00:00Z,tribes_northern-cheyenne_Northern Cheyenne,Northern Cheyenne,EVI,1520.588745500967
2005-02-18T07:00:00Z,tribes_northern-cheyenne_Northern Cheyenne,Northern Cheyenne,NDVI,2966.930311614418
2005-02-18T07:00:00Z,tribes_crow_Crow,Crow,EVI,1446.0347609858804
2005-02-18T07:00:00Z,tribes_crow_Crow,Crow,NDVI,2607.3763556098297
2005-02-18T07:00:00Z,tribes_fort-peck_Fort Peck,Fort Peck,EVI,986.066504541156
2005-02-18T07:00:00Z,tribes_fort-peck_Fort Peck,Fort Peck,NDVI,1751.3091599118648
2005-02-18T07:00:00Z,tribes_fort-belknap_Fort Belknap,Fort Belknap,EVI,1097.9083681398968
2005-02-18T07:00:00Z,tribes_fort-belknap_Fort Belknap,Fort Belknap,NDVI,2088.228024509969
2005-02-18T07:00:00Z,tribes_rocky-boys_Rocky Boy's,Rocky Boy's,EVI,1303.9936904103433
2005-02-18T07:00:00Z,tribes_rocky-boys_Rocky Boy's,Rocky Boy's,NDVI,2732.1337235105507
2005-02-18T07:00:00Z,tribes_blackfeet_Blackfeet,Blackfeet,EVI,1132.8093232675485
2005-02-18T07:00:00Z,tribes_blackfeet_Blackfeet,Blackfeet,NDVI,1987.1289880132304
2005-02-18T07:00:00Z,tribes_flathead_Flathead,Flathead,EVI,1839.6889620671468
2005-02-18T07:00:00Z,tribes_flathead_Flathead,Flathead,NDVI,4039.7308829167073
2005-03-06T07:00:00Z,tribes_northern-cheyenne_Northern Cheyenne,Northern Cheyenne,EVI,1400.6971100837904
2005-03-06T07:00:00Z,tribes_northern-cheyenne_Northern Cheyenne,Northern Cheyenne,NDVI,2883.2764027737667
2005-03-06T07:00:00Z,tribes_crow_Crow,Crow,EVI,1459.8393548934853
2005-03-06T07:00:00Z,tribes_crow_Crow,Crow,NDVI,2663.453635085525
2005-03-06T07:00:00Z,tribes_fort-peck_Fort Peck,Fort Peck,EVI,1058.6991093442434
2005-03-06T07:00:00Z,tribes_fort-peck_Fort Peck,Fort Peck,NDVI,1859.9156208301513
2005-03-06T07:00:00Z,tribes_fort-belknap_Fort Belknap,Fort Belknap,EVI,1253.198794571221
2005-03-06T07:00:00Z,tribes_fort-belknap_Fort Belknap,Fort Belknap,NDVI,2322.2491629186347
2005-03-06T07:00:00Z,tribes_rocky-boys_Rocky Boy's,Rocky Boy's,EVI,1361.7301959483248
2005-03-06T07:00:00Z,tribes_rocky-boys_Rocky Boy's,Rocky Boy's,NDVI,2766.208461877485
2005-03-06T07:00:00Z,tribes_blackfeet_Blackfeet,Blackfeet,EVI,1222.1634963158656
2005-03-06T07:00:00Z,tribes_blackfeet_Blackfeet,Blackfeet,NDVI,2297.416751655346
2005-03-06T07:00:00Z,tribes_flathead_Flathead,Flathead,EVI,1933.2370790049204
2005-03-06T07:00:00Z,tribes_flathead_Flathead,Flathead,NDVI,4281.846566493887
2005-03-22T07:00:00Z,tribes_northern-cheyenne_Northern Cheyenne,Northern Cheyenne,EVI,1775.0413812481754
2005-03-22T07:00:00Z,tribes_northern-cheyenne_Northern Cheyenne,Northern Cheyenne,NDVI,3309.775058311304
2005-03-22T07:00:00Z,tribes_crow_Crow,Crow,EVI,1674.7033226318804
2005-03-22T07:00:00Z,tribes_crow_Crow,Crow,NDVI,2999.7200367854
2005-03-22T07:00:00Z,tribes_fort-peck_Fort Peck,Fort Peck,EVI,1102.5815711096766
2005-03-22T07:00:00Z,tribes_fort-peck_Fort Peck,Fort Peck,NDVI,1924.0706269872755
2005-03-22T07:00:00Z,tribes_fort-belknap_Fort Belknap,Fort Belknap,EVI,1496.1595418901513
2005-03-22T07:00:00Z,tribes_fort-belknap_Fort Belknap,Fort Belknap,NDVI,2422.136392029114
2005-03-22T07:00:00Z,tribes_rocky-boys_Rocky Boy's,Rocky Boy's,EVI,1615.4502947997169
2005-03-22T07:00:00Z,tribes_rocky-boys_Rocky Boy's,Rocky Boy's,NDVI,2720.4718107576955
2005-03-22T07:00:00Z,tribes_blackfeet_Blackfeet,Blackfeet,EVI,1060.8048852904765
2005-03-22T07:00:00Z,tribes_blackfeet_Blackfeet,Blackfeet,NDVI,1844.2068817032543
2005-03-22T07:00:00Z,tribes_flathead_Flathead,Flathead,EVI,2188.1834581542103
2005-03-22T07:00:00Z,tribes_flathead_Flathead,Flathead,NDVI,4193.0860579986565
2005-04-07T06:00:00Z,tribes_northern-cheyenne_Northern Cheyenne,Northern Cheyenne,EVI,1946.0017691747876
2005-04-07T06:00:00Z,tribes_northern-cheyenne_Northern Cheyenne,Northern Cheyenne,NDVI,3629.793855949997
2005-04-07T06:00:00Z,tribes_crow_Crow,Crow,EVI,2085.3320936381533
2005-04-07T06:00:00Z,tribes_crow_Crow,Crow,NDVI,3509.389711374277
2005-04-07T06:00:00Z,tribes_fort-peck_Fort Peck,Fort Peck,EVI,1286.4517640439426
2005-04-07T06:00:00Z,tribes_fort-peck_Fort Peck,Fort Peck,NDVI,2231.6101193391883
2005-04-07T06:00:00Z,tribes_fort-belknap_Fort Belknap,Fort Belknap,EVI,1623.4455312237124
2005-04-07T06:00:00Z,tribes_fort-belknap_Fort Belknap,Fort Belknap,NDVI,2877.94660350647
2005-04-07T06:00:00Z,tribes_rocky-boys_Rocky Boy's,Rocky Boy's,EVI,1627.7719391251821
2005-04-07T06:00:00Z,tribes_rocky-boys_Rocky Boy's,Rocky Boy's,NDVI,3227.002302029084
2005-04-07T06:00:00Z,tribes_blackfeet_Blackfeet,Blackfeet,EVI,1455.8725266396789
2005-04-07T06:00:00Z,tribes_blackfeet_Blackfeet,Blackfeet,NDVI,2560.180531041199
2005-04-07T06:00:00Z,tribes_flathead_Flathead,Flathead,EVI,2514.271756463286
2005-04-07T06:00:00Z,tribes_flathead_Flathead,Flathead,NDVI,4481.938001217647
2005-04-23T06:00:00Z,tribes_northern-cheyenne_Northern Cheyenne,Northern Cheyenne,EVI,2090.036671507393
2005-04-23T06:00:00Z,tribes_northern-cheyenne_Northern Cheyenne,Northern Cheyenne,NDVI,3880.5404749876957
2005-04-23T06:00:00Z,tribes_crow_Crow,Crow,EVI,2267.7780694698777
2005-04-23T06:00:00Z,tribes_crow_Crow,Crow,NDVI,3860.687857900082
2005-04-23T06:00:00Z,tribes_fort-peck_Fort Peck,Fort Peck,EVI,1355.1995574161788
2005-04-23T06:00:00Z,tribes_fort-peck_Fort Peck,Fort Peck,NDVI,2416.999161886764
2005-04-23T06:00:00Z,tribes_fort-belknap_Fort Belknap,Fort Belknap,EVI,1817.3655156025955
2005-04-23T06:00:00Z,tribes_fort-belknap_Fort Belknap,Fort Belknap,NDVI,3135.301329903178
2005-04-23T06:00:00Z,tribes_rocky-boys_Rocky Boy's,Rocky Boy's,EVI,1975.1753899184084
2005-04-23T06:00:00Z,tribes_rocky-boys_Rocky Boy's,Rocky Boy's,NDVI,3616.01311772668
2005-04-23T06:00:00Z,tribes_blackfeet_Blackfeet,Blackfeet,EVI,1666.892839759959
2005-04-23T06:00:00Z,tribes_blackfeet_Blackfeet,Blackfeet,NDVI,2984.1868378960107
2005-04-23T06:00:00Z,tribes_flathead_Flathead,Flathead,EVI,2836.6691210816093
2005-04-23T06:00:00Z,tribes_flathead_Flathead,Flathead,NDVI,5242.575606962077
2005-05-09T06:00:00Z,tribes_northern-cheyenne_Northern Cheyenne,Northern Cheyenne,EVI,2682.8174950519538
2005-05-09T06:00:00Z,tribes_northern-cheyenne_Northern Cheyenne,Northern Cheyenne,NDVI,4658.948573119121
2005-05-09T06:00:00Z,tribes_crow_Crow,Crow,EVI,2904.880183851872
2005-05-09T06:00:00Z,tribes_crow_Crow,Crow,NDVI,4834.785658319164
2005-05-09T06:00:00Z,tribes_fort-peck_Fort Peck,Fort Peck,EVI,1734.4663924298743
2005-05-09T06:00:00Z,tribes_fort-peck_Fort Peck,Fort Peck,NDVI,2900.754862572258
2005-05-09T06:00:00Z,tribes_fort-belknap_Fort Belknap,Fort Belknap,EVI,2338.7243879172197
2005-05-09T06:00:00Z,tribes_fort-belknap_Fort Belknap,Fort Belknap,NDVI,4051.0175825971755
2005-05-09T06:00:00Z,tribes_rocky-boys_Rocky Boy's,Rocky Boy's,EVI,2654.1404284896234
2005-05-09T06:00:00Z,tribes_rocky-boys_Rocky Boy's,Rocky Boy's,NDVI,4526.965102707247
2005-05-09T06:00:00Z,tribes_blackfeet_Blackfeet,Blackfeet,EVI,2308.9292327061335
2005-05-09T06:00:00Z,tribes_blackfeet_Blackfeet,Blackfeet,NDVI,3895.935221677908
2005-05-09T06:00:00Z,tribes_flathead_Flathead,Flathead,EVI,3401.642146297158
2005-05-09T06:00:00Z,tribes_flathead_Flathead,Flathead,NDVI,5571.966730030229
2005-05-25T06:00:00Z,tribes_northern-cheyenne_Northern Cheyenne,Northern Cheyenne,EVI,3324.5212182971773
2005-05-25T06:00:00Z,tribes_northern-cheyenne_Northern Cheyenne,Northern Cheyenne,NDVI,5318.587223806629
2005-05-25T06:00:00Z,tribes_crow_Crow,Crow,EVI,3395.6616075522816
2005-05-25T06:00:00Z,tribes_crow_Crow,Crow,NDVI,5243.759481643603
2005-05-25T06:00:00Z,tribes_fort-peck_Fort Peck,Fort Peck,EVI,2469.182847929326
2005-05-25T06:00:00Z,tribes_fort-peck_Fort Peck,Fort Peck,NDVI,4492.3287824590625
2005-05-25T06:00:00Z,tribes_fort-belknap_Fort Belknap,Fort Belknap,EVI,2347.295355637647
2005-05-25T06:00:00Z,tribes_fort-belknap_Fort Belknap,Fort Belknap,NDVI,3810.717718058707
2005-05-25T06:00:00Z,tribes_rocky-boys_Rocky Boy's,Rocky Boy's,EVI,3051.2661936405107
2005-05-25T06:00:00Z,tribes_rocky-boys_Rocky Boy's,Rocky Boy's,NDVI,5014.527361195023
2005-05-25T06:00:00Z,tribes_blackfeet_Blackfeet,Blackfeet,EVI,2492.4984104904274
2005-05-25T06:00:00Z,tribes_blackfeet_Blackfeet,Blackfeet,NDVI,4182.767059643674
2005-05-25T06:00:00Z,tribes_flathead_Flathead,Flathead,EVI,3188.6767535163567
2005-05-25T06:00:00Z,tribes_flathead_Flathead,Flathead,NDVI,6067.523957256324
2005-06-10T06:00:00Z,tribes_northern-cheyenne_Northern Cheyenne,Northern Cheyenne,EVI,3438.0095834392564
2005-06-10T06:00:00Z,tribes_northern-cheyenne_Northern Cheyenne,Northern Cheyenne,NDVI,5821.594170506326
2005-06-10T06:00:00Z,tribes_crow_Crow,Crow,EVI,3554.7828110562036
2005-06-10T06:00:00Z,tribes_crow_Crow,Crow,NDVI,5709.0056732201065
2005-06-10T06:00:00Z,tribes_fort-peck_Fort Peck,Fort Peck,EVI,3262.3130491819466
2005-06-10T06:00:00Z,tribes_fort-peck_Fort Peck,Fort Peck,NDVI,5253.831899148765
2005-06-10T06:00:00Z,tribes_fort-belknap_Fort Belknap,Fort Belknap,EVI,2799.0659075825474
2005-06-10T06:00:00Z,tribes_fort-belknap_Fort Belknap,Fort Belknap,NDVI,5090.361648893567
2005-06-10T06:00:00Z,tribes_rocky-boys_Rocky Boy's,Rocky Boy's,EVI,3787.184919850205
2005-06-10T06:00:00Z,tribes_rocky-boys_Rocky Boy's,Rocky Boy's,NDVI,6324.318604203508
2005-06-10T06:00:00Z,tribes_blackfeet_Blackfeet,Blackfeet,EVI,3224.592531218927
2005-06-10T06:00:00Z,tribes_blackfeet_Blackfeet,Blackfeet,NDVI,5346.5123829612585
2005-06-10T06:00:00Z,tribes_flathead_Flathead,Flathead,EVI,3483.309588152752
2005-06-10T06:00:00Z,tribes_flathead_Flathead,Flathead,NDVI,6249.527412735619
2005-06-26T06:00:00Z,tribes_northern-cheyenne_Northern Cheyenne,Northern Cheyenne,EVI,3400.790682564325
2005-06-26T06:00:00Z,tribes_northern-cheyenne_Northern Cheyenne,Northern Cheyenne,NDVI,5532.587610430217
2005-06-26T06:00:00Z,tribes_crow_Crow,Crow,EVI,3245.804506878078
2005-06-26T06:00:00Z,tribes_crow_Crow,Crow,NDVI,5546.059658129785
2005-06-26T06:00:00Z,tribes_fort-peck_Fort Peck,Fort Peck,EVI,3627.787331733066
2005-06-26T06:00:00Z,tribes_fort-peck_Fort Peck,Fort Peck,NDVI,5748.613623075126
2005-06-26T06:00:00Z,tribes_fort-belknap_Fort Belknap,Fort Belknap,EVI,2990.9910139372037
2005-06-26T06:00:00Z,tribes_fort-belknap_Fort Belknap,Fort Belknap,NDVI,5214.989705770067
2005-06-26T06:00:00Z,tribes_rocky-boys_Rocky Boy's,Rocky Boy's,EVI,3960.929859675661
2005-06-26T06:00:00Z,tribes_rocky-boys_Rocky Boy's,Rocky Boy's,NDVI,6661.040847452454
2005-06-26T06:00:00Z,tribes_blackfeet_Blackfeet,Blackfeet,EVI,3755.6546608436397
2005-06-26T06:00:00Z,tribes_blackfeet_Blackfeet,Blackfeet,NDVI,5797.939302795281
2005-06-26T06:00:00Z,tribes_flathead_Flathead,Flathead,EVI,3379.7442723233744
2005-06-26T06:00:00Z,tribes_flathead_Flathead,Flathead,NDVI,6015.554561934286
2005-07-12T06:00:00Z,tribes_northern-cheyenne_Northern Cheyenne,Northern Cheyenne,EVI,2926.5945512907892
2005-07-12T06:00:00Z,tribes_northern-cheyenne_Northern Cheyenne,Northern Cheyenne,NDVI,4972.742514966787
2005-07-12T06:00:00Z,tribes_crow_Crow,Crow,EVI,2681.1990812876816
2005-07-12T06:00:00Z,tribes_crow_Crow,Crow,NDVI,4345.02312267306
2005-07-12T06:00:00Z,tribes_fort-peck_Fort Peck,Fort Peck,EVI,2924.2075967248593
2005-07-12T06:00:00Z,tribes_fort-peck_Fort Peck,Fort Peck,NDVI,5016.842910425143
2005-07-12T06:00:00Z,tribes_fort-belknap_Fort Belknap,Fort Belknap,EVI,2450.190391588669
2005-07-12T06:00:00Z,tribes_fort-belknap_Fort Belknap,Fort Belknap,NDVI,4077.2479852762485
2005-07-12T06:00:00Z,tribes_rocky-boys_Rocky Boy's,Rocky Boy's,EVI,3766.3448653349556
2005-07-12T06:00:00Z,tribes_rocky-boys_Rocky Boy's,Rocky Boy's,NDVI,6032.2449317606915
2005-07-12T06:00:00Z,tribes_blackfeet_Blackfeet,Blackfeet,EVI,3422.261810565182
2005-07-12T06:00:00Z,tribes_blackfeet_Blackfeet,Blackfeet,NDVI,5511.448193658641
2005-07-12T06:00:00Z,tribes_flathead_Flathead,Flathead,EVI,3110.5847062655457
2005-07-12T06:00:00Z,tribes_flathead_Flathead,Flathead,NDVI,5698.619246680797
2005-07-28T06:00:00Z,tribes_northern-cheyenne_Northern Cheyenne,Northern Cheyenne,EVI,2737.780142114956
2005-07-28T06:00:00Z,tribes_northern-cheyenne_Northern Cheyenne,Northern Cheyenne,NDVI,4691.600230999572
2005-07-28T06:00:00Z,tribes_crow_Crow,Crow,EVI,2425.015206147927
2005-07-28T06:00:00Z,tribes_crow_Crow,Crow,NDVI,3925.9033212880504
2005-07-28T06:00:00Z,tribes_fort-peck_Fort Peck,Fort Peck,EVI,2219.7592887196292
2005-07-28T06:00:00Z,tribes_fort-peck_Fort Peck,Fort Peck,NDVI,3861.76193807774
2005-07-28T06:00:00Z,tribes_fort-belknap_Fort Belknap,Fort Belknap,EVI,2024.6398304421
2005-07-28T06:00:00Z,tribes_fort-belknap_Fort Belknap,Fort Belknap,NDVI,3463.8199373458046
2005-07-28T06:00:00Z,tribes_rocky-boys_Rocky Boy's,Rocky Boy's,EVI,3196.74013774599
2005-07-28T06:00:00Z,tribes_rocky-boys_Rocky Boy's,Rocky Boy's,NDVI,5334.92862730361
2005-07-28T06:00:00Z,tribes_blackfeet_Blackfeet,Blackfeet,EVI,2937.669657944068
2005-07-28T06:00:00Z,tribes_blackfeet_Blackfeet,Blackfeet,NDVI,4757.057404022585
2005-07-28T06:00:00Z,tribes_flathead_Flathead,Flathead,EVI,2785.5293355758054
2005-07-28T06:00:00Z,tribes_flathead_Flathead,Flathead,NDVI,5334.549133262533
2005-08-13T06:00:00Z,tribes_northern-cheyenne_Northern Cheyenne,Northern Cheyenne,EVI,2409.940026447611
2005-08-13T06:00:00Z,tribes_northern-cheyenne_Northern Cheyenne,Northern Cheyenne,NDVI,4386.00615365144
2005-08-13T06:00:00Z,tribes_crow_Crow,Crow,EVI,2101.434942936911
2005-08-13T06:00:00Z,tribes_crow_Crow,Crow,NDVI,3695.1103795524814
2005-08-13T06:00:00Z,tribes_fort-peck_Fort Peck,Fort Peck,EVI,1944.3416194077522
2005-08-13T06:00:00Z,tribes_fort-peck_Fort Peck,Fort Peck,NDVI,3345.236199693956
2005-08-13T06:00:00Z,tribes_fort-belknap_Fort Belknap,Fort Belknap,EVI,1843.9823714943598
2005-08-13T06:00:00Z,tribes_fort-belknap_Fort Belknap,Fort Belknap,NDVI,3216.9426556719764
2005-08-13T06:00:00Z,tribes_rocky-boys_Rocky Boy's,Rocky Boy's,EVI,2789.56996551981
2005-08-13T06:00:00Z,tribes_rocky-boys_Rocky Boy's,Rocky Boy's,NDVI,4838.553291351119
2005-08-13T06:00:00Z,tribes_blackfeet_Blackfeet,Blackfeet,EVI,2534.9630442400876
2005-08-13T06:00:00Z,tribes_blackfeet_Blackfeet,Blackfeet,NDVI,4543.721880112717
2005-08-13T06:00:00Z,tribes_flathead_Flathead,Flathead,EVI,2599.5456434827265
2005-08-13T06:00:00Z,tribes_flathead_Flathead,Flathead,NDVI,5124.022885703949
2005-08-29T06:00:00Z,tribes_northern-cheyenne_Northern Cheyenne,Northern Cheyenne,EVI,2163.8273529806447
2005-08-29T06:00:00Z,tribes_northern-cheyenne_Northern Cheyenne,Northern Cheyenne,NDVI,3975.678392609503
2005-08-29T06:00:00Z,tribes_crow_Crow,Crow,EVI,1877.3889875108018
2005-08-29T06:00:00Z,tribes_crow_Crow,Crow,NDVI,3332.5769388343256
2005-08-29T06:00:00Z,tribes_fort-peck_Fort Peck,Fort Peck,EVI,1763.9376543162898
2005-08-29T06:00:00Z,tribes_fort-peck_Fort Peck,Fort Peck,NDVI,3042.12946878883
2005-08-29T06:00:00Z,tribes_fort-belknap_Fort Belknap,Fort Belknap,EVI,1683.8415126520863
2005-08-29T06:00:00Z,tribes_fort-belknap_Fort Belknap,Fort Belknap,NDVI,2868.4196638175654
2005-08-29T06:00:00Z,tribes_rocky-boys_Rocky Boy's,Rocky Boy's,EVI,2524.1391771950043
2005-08-29T06:00:00Z,tribes_rocky-boys_Rocky Boy's,Rocky Boy's,NDVI,4431.818413036933
2005-08-29T06:00:00Z,tribes_blackfeet_Blackfeet,Blackfeet,EVI,2381.5870334576994
2005-08-29T06:00:00Z,tribes_blackfeet_Blackfeet,Blackfeet,NDVI,4138.58366899166
2005-08-29T06:00:00Z,tribes_flathead_Flathead,Flathead,EVI,2599.6281829802806
2005-08-29T06:00:00Z,tribes_flathead_Flathead,Flathead,NDVI,4824.7081510831895
2005-09-14T06:00:00Z,tribes_northern-cheyenne_Northern Cheyenne,Northern Cheyenne,EVI,2022.8745549786192
2005-09-14T06:00:00Z,tribes_northern-cheyenne_Northern Cheyenne,Northern Cheyenne,NDVI,3716.493733968045
2005-09-14T06:00:00Z,tribes_crow_Crow,Crow,EVI,1797.7331068302178
2005-09-14T06:00:00Z,tribes_crow_Crow,Crow,NDVI,3188.199934680402
2005-09-14T06:00:00Z,tribes_fort-peck_Fort Peck,Fort Peck,EVI,1623.4327085865184
2005-09-14T06:00:00Z,tribes_fort-peck_Fort Peck,Fort Peck,NDVI,2724.206679213708
2005-09-14T06:00:00Z,tribes_fort-belknap_Fort Belknap,Fort Belknap,EVI,1632.3014799758016
2005-09-14T06:00:00Z,tribes_fort-belknap_Fort Belknap,Fort Belknap,NDVI,2883.0495419028816
2005-09-14T06:00:00Z,tribes_rocky-boys_Rocky Boy's,Rocky Boy's,EVI,2169.367107978597
2005-09-14T06:00:00Z,tribes_rocky-boys_Rocky Boy's,Rocky Boy's,NDVI,3998.091453443637
2005-09-14T06:00:00Z,tribes_blackfeet_Blackfeet,Blackfeet,EVI,2137.9136527356654
2005-09-14T06:00:00Z,tribes_blackfeet_Blackfeet,Blackfeet,NDVI,3870.6419312380735
2005-09-14T06:00:00Z,tribes_flathead_Flathead,Flathead,EVI,2298.635891321109
2005-09-14T06:00:00Z,tribes_flathead_Flathead,Flathead,NDVI,5031.14720485739
2005-09-30T06:00:00Z,tribes_northern-cheyenne_Northern Cheyenne,Northern Cheyenne,EVI,1964.65860726608
2005-09-30T06:00:00Z,tribes_northern-cheyenne_Northern Cheyenne,Northern Cheyenne,NDVI,3528.097054283892
2005-09-30T06:00:00Z,tribes_crow_Crow,Crow,EVI,1622.2194945402505
2005-09-30T06:00:00Z,tribes_crow_Crow,Crow,NDVI,3054.0389300043726
2005-09-30T06:00:00Z,tribes_fort-peck_Fort Peck,Fort Peck,EVI,1442.2128696411253
2005-09-30T06:00:00Z,tribes_fort-peck_Fort Peck,Fort Peck,NDVI,2496.226026903496
2005-09-30T06:00:00Z,tribes_fort-belknap_Fort Belknap,Fort Belknap,EVI,1474.1439335082412
2005-09-30T06:00:00Z,tribes_fort-belknap_Fort Belknap,Fort Belknap,NDVI,2875.6201777812526
2005-09-30T06:00:00Z,tribes_rocky-boys_Rocky Boy's,Rocky Boy's,EVI,1757.703824464585
2005-09-30T06:00:00Z,tribes_rocky-boys_Rocky Boy's,Rocky Boy's,NDVI,3587.3867201775192
2005-09-30T06:00:00Z,tribes_blackfeet_Blackfeet,Blackfeet,EVI,1871.114684564771
2005-09-30T06:00:00Z,tribes_blackfeet_Blackfeet,Blackfeet,NDVI,3384.4803326219458
2005-09-30T06:00:00Z,tribes_flathead_Flathead,Flathead,EVI,2470.675904415929
2005-09-30T06:00:00Z,tribes_flathead_Flathead,Flathead,NDVI,4923.62237540245
2005-10-16T06:00:00Z,tribes_northern-cheyenne_Northern Cheyenne,Northern Cheyenne,EVI,1743.4454884674226
2005-10-16T06:00:00Z,tribes_northern-cheyenne_Northern Cheyenne,Northern Cheyenne,NDVI,3454.91436404394
2005-10-16T06:00:00Z,tribes_crow_Crow,Crow,EVI,1648.640656054591
2005-10-16T06:00:00Z,tribes_crow_Crow,Crow,NDVI,3150.5535894152813
2005-10-16T06:00:00Z,tribes_fort-peck_Fort Peck,Fort Peck,EVI,1252.735021397468
2005-10-16T06:00:00Z,tribes_fort-peck_Fort Peck,Fort Peck,NDVI,2238.7563027760475
2005-10-16T06:00:00Z,tribes_fort-belknap_Fort Belknap,Fort Belknap,EVI,1387.2163661832142
2005-10-16T06:00:00Z,tribes_fort-belknap_Fort Belknap,Fort Belknap,NDVI,2639.2557211209273
2005-10-16T06:00:00Z,tribes_rocky-boys_Rocky Boy's,Rocky Boy's,EVI,1526.6801491956833
2005-10-16T06:00:00Z,tribes_rocky-boys_Rocky Boy's,Rocky Boy's,NDVI,3358.201047079243
2005-10-16T06:00:00Z,tribes_blackfeet_Blackfeet,Blackfeet,EVI,1581.7005087316218
2005-10-16T06:00:00Z,tribes_blackfeet_Blackfeet,Blackfeet,NDVI,3111.960536929764
2005-10-16T06:00:00Z,tribes_flathead_Flathead,Flathead,EVI,2218.747468007649
2005-10-16T06:00:00Z,tribes_flathead_Flathead,Flathead,NDVI,5018.1077352742095
2005-11-01T07:00:00Z,tribes_northern-cheyenne_Northern Cheyenne,Northern Cheyenne,EVI,1841.7496161208708
2005-11-01T07:00:00Z,tribes_northern-cheyenne_Northern Cheyenne,Northern Cheyenne,NDVI,3498.030489191275
2005-11-01T07:00:00Z,tribes_crow_Crow,Crow,EVI,1717.058742221882
2005-11-01T07:00:00Z,tribes_crow_Crow,Crow,NDVI,3090.112127582536
2005-11-01T07:00:00Z,tribes_fort-peck_Fort Peck,Fort Peck,EVI,1251.629385578525
2005-11-01T07:00:00Z,tribes_fort-peck_Fort Peck,Fort Peck,NDVI,2140.8097935620754
2005-11-01T07:00:00Z,tribes_fort-belknap_Fort Belknap,Fort Belknap,EVI,1343.8555395845706
2005-11-01T07:00:00Z,tribes_fort-belknap_Fort Belknap,Fort Belknap,NDVI,2554.3862824587122
2005-11-01T07:00:00Z,tribes_rocky-boys_Rocky Boy's,Rocky Boy's,EVI,1494.7689115797934
2005-11-01T07:00:00Z,tribes_rocky-boys_Rocky Boy's,Rocky Boy's,NDVI,2821.7222320469723
2005-11-01T07:00:00Z,tribes_blackfeet_Blackfeet,Blackfeet,EVI,1498.7016632788532
2005-11-01T07:00:00Z,tribes_blackfeet_Blackfeet,Blackfeet,NDVI,2609.24703095433
2005-11-01T07:00:00Z,tribes_flathead_Flathead,Flathead,EVI,2194.6182175348067
2005-11-01T07:00:00Z,tribes_flathead_Flathead,Flathead,NDVI,4603.2617176158565
2005-11-17T07:00:00Z,tribes_northern-cheyenne_Northern Cheyenne,Northern Cheyenne,EVI,1570.0462132269993
2005-11-17T07:00:00Z,tribes_northern-cheyenne_Northern Cheyenne,Northern Cheyenne,NDVI,3363.0323644509176
2005-11-17T07:00:00Z,tribes_crow_Crow,Crow,EVI,1491.813765401119
2005-11-17T07:00:00Z,tribes_crow_Crow,Crow,NDVI,2913.5524890178317
2005-11-17T07:00:00Z,tribes_fort-peck_Fort Peck,Fort Peck,EVI,1125.33946399863
2005-11-17T07:00:00Z,tribes_fort-peck_Fort Peck,Fort Peck,NDVI,2131.4315897963857
2005-11-17T07:00:00Z,tribes_fort-belknap_Fort Belknap,Fort Belknap,EVI,1235.4115213861428
2005-11-17T07:00:00Z,tribes_fort-belknap_Fort Belknap,Fort Belknap,NDVI,2423.9567877860295
2005-11-17T07:00:00Z,tribes_rocky-boys_Rocky Boy's,Rocky Boy's,EVI,1403.587562769925
2005-11-17T07:00:00Z,tribes_rocky-boys_Rocky Boy's,Rocky Boy's,NDVI,2869.1972862988705
2005-11-17T07:00:00Z,tribes_blackfeet_Blackfeet,Blackfeet,EVI,1319.4324177148712
2005-11-17T07:00:00Z,tribes_blackfeet_Blackfeet,Blackfeet,NDVI,2487.8321044131953
2005-11-17T07:00:00Z,tribes_flathead_Flathead,Flathead,EVI,2232.622475242737
2005-11-17T07:00:00Z,tribes_flathead_Flathead,Flathead,NDVI,4134.959096111377
2005-12-03T07:00:00Z,tribes_northern-cheyenne_Northern Cheyenne,Northern Cheyenne,EVI,NA
2005-12-03T07:00:00Z,tribes_northern-cheyenne_Northern Cheyenne,Northern Cheyenne,NDVI,NA
2005-12-03T07:00:00Z,tribes_crow_Crow,Crow,EVI,NA
2005-12-03T07:00:00Z,tribes_crow_Crow,Crow,NDVI,NA
2005-12-03T07:00:00Z,tribes_fort-peck_Fort Peck,Fort Peck,EVI,1163.1277703733228
2005-12-03T07:00:00Z,tribes_fort-peck_Fort Peck,Fort Peck,NDVI,1799.3998268731368
2005-12-03T07:00:00Z,tribes_fort-belknap_Fort Belknap,Fort Belknap,EVI,NA
2005-12-03T07:00:00Z,tribes_fort-belknap_Fort Belknap,Fort Belknap,NDVI,NA
2005-12-03T07:00:00Z,tribes_rocky-boys_Rocky Boy's,Rocky Boy's,EVI,NA
2005-12-03T07:00:00Z,tribes_rocky-boys_Rocky Boy's,Rocky Boy's,NDVI,NA
2005-12-03T07:00:00Z,tribes_blackfeet_Blackfeet,Blackfeet,EVI,3121
2005-12-03T07:00:00Z,tribes_blackfeet_Blackfeet,Blackfeet,NDVI,4773
2005-12-03T07:00:00Z,tribes_flathead_Flathead,Flathead,EVI,NA
2005-12-03T07:00:00Z,tribes_flathead_Flathead,Flathead,NDVI,NA
2005-12-19T07:00:00Z,tribes_northern-cheyenne_Northern Cheyenne,Northern Cheyenne,EVI,1279.944411587761
2005-12-19T07:00:00Z,tribes_northern-cheyenne_Northern Cheyenne,Northern Cheyenne,NDVI,2663.9594775107334
2005-12-19T07:00:00Z,tribes_crow_Crow,Crow,EVI,1281.5605115146684
2005-12-19T07:00:00Z,tribes_crow_Crow,Crow,NDVI,2532.496116856964
2005-12-19T07:00:00Z,tribes_fort-peck_Fort Peck,Fort Peck,EVI,1088.7180148281072
2005-12-19T07:00:00Z,tribes_fort-peck_Fort Peck,Fort Peck,NDVI,1952.4887627663027
2005-12-19T07:00:00Z,tribes_fort-belknap_Fort Belknap,Fort Belknap,EVI,1149.2573480093831
2005-12-19T07:00:00Z,tribes_fort-belknap_Fort Belknap,Fort Belknap,NDVI,1924.114991483163
2005-12-19T07:00:00Z,tribes_rocky-boys_Rocky Boy's,Rocky Boy's,EVI,996.8925254909772
2005-12-19T07:00:00Z,tribes_rocky-boys_Rocky Boy's,Rocky Boy's,NDVI,2053.017868570372
2005-12-19T07:00:00Z,tribes_blackfeet_Blackfeet,Blackfeet,EVI,1164.8075454785826
2005-12-19T07:00:00Z,tribes_blackfeet_Blackfeet,Blackfeet,NDVI,2080.0340077371184
2005-12-19T07:00:00Z,tribes_flathead_Flathead,Flathead,EVI,1677.5463209958252
2005-12-19T07:00:00Z,tribes_flathead_Flathead,Flathead,NDVI,3616.385141102841
2006-01-01T07:00:00Z,tribes_northern-cheyenne_Northern Cheyenne,Northern Cheyenne,EVI,1208.8447797505316
2006-01-01T07:00:00Z,tribes_northern-cheyenne_Northern Cheyenne,Northern Cheyenne,NDVI,2646.1466058392193
2006-01-01T07:00:00Z,tribes_crow_Crow,Crow,EVI,1295.4586288328292
2006-01-01T07:00:00Z,tribes_crow_Crow,Crow,NDVI,2533.1831308000096
2006-01-01T07:00:00Z,tribes_fort-peck_Fort Peck,Fort Peck,EVI,941.6895416406913
2006-01-01T07:00:00Z,tribes_fort-peck_Fort Peck,Fort Peck,NDVI,1819.0999734729203
2006-01-01T07:00:00Z,tribes_fort-belknap_Fort Belknap,Fort Belknap,EVI,1110.80807402619
2006-01-01T07:00:00Z,tribes_fort-belknap_Fort Belknap,Fort Belknap,NDVI,2285.781054180399
2006-01-01T07:00:00Z,tribes_rocky-boys_Rocky Boy's,Rocky Boy's,EVI,911.563115343155
2006-01-01T07:00:00Z,tribes_rocky-boys_Rocky Boy's,Rocky Boy's,NDVI,2095.4248742364366
2006-01-01T07:00:00Z,tribes_blackfeet_Blackfeet,Blackfeet,EVI,1196.4089704052044
2006-01-01T07:00:00Z,tribes_blackfeet_Blackfeet,Blackfeet,NDVI,2113.3629882453565
2006-01-01T07:00:00Z,tribes_flathead_Flathead,Flathead,EVI,1661.499288835575
2006-01-01T07:00:00Z,tribes_flathead_Flathead,Flathead,NDVI,3635.9779804235973
2006-01-17T07:00:00Z,tribes_northern-cheyenne_Northern Cheyenne,Northern Cheyenne,EVI,1401.8096612408049
2006-01-17T07:00:00Z,tribes_northern-cheyenne_Northern Cheyenne,Northern Cheyenne,NDVI,2744.294473770269
2006-01-17T07:00:00Z,tribes_crow_Crow,Crow,EVI,1340.863880968716
2006-01-17T07:00:00Z,tribes_crow_Crow,Crow,NDVI,2442.5486535625914
2006-01-17T07:00:00Z,tribes_fort-peck_Fort Peck,Fort Peck,EVI,977.560181307006
2006-01-17T07:00:00Z,tribes_fort-peck_Fort Peck,Fort Peck,NDVI,1820.7109361237033
2006-01-17T07:00:00Z,tribes_fort-belknap_Fort Belknap,Fort Belknap,EVI,1114.1670165837759
2006-01-17T07:00:00Z,tribes_fort-belknap_Fort Belknap,Fort Belknap,NDVI,1953.7346301777688
2006-01-17T07:00:00Z,tribes_rocky-boys_Rocky Boy's,Rocky Boy's,EVI,1121.6036538614069
2006-01-17T07:00:00Z,tribes_rocky-boys_Rocky Boy's,Rocky Boy's,NDVI,2213.482457763794
2006-01-17T07:00:00Z,tribes_blackfeet_Blackfeet,Blackfeet,EVI,1195.0659721764684
2006-01-17T07:00:00Z,tribes_blackfeet_Blackfeet,Blackfeet,NDVI,2047.7882824371075
2006-01-17T07:00:00Z,tribes_flathead_Flathead,Flathead,EVI,1619.3362425454677
2006-01-17T07:00:00Z,tribes_flathead_Flathead,Flathead,NDVI,3479.878379879356
2006-02-02T07:00:00Z,tribes_northern-cheyenne_Northern Cheyenne,Northern Cheyenne,EVI,1546.2467231268997
2006-02-02T07:00:00Z,tribes_northern-cheyenne_Northern Cheyenne,Northern Cheyenne,NDVI,2895.5195020118695
2006-02-02T07:00:00Z,tribes_crow_Crow,Crow,EVI,1316.182717274318
2006-02-02T07:00:00Z,tribes_crow_Crow,Crow,NDVI,2437.513549402706
2006-02-02T07:00:00Z,tribes_fort-peck_Fort Peck,Fort Peck,EVI,945.1134701311805
2006-02-02T07:00:00Z,tribes_fort-peck_Fort Peck,Fort Peck,NDVI,1722.0525478185561
2006-02-02T07:00:00Z,tribes_fort-belknap_Fort Belknap,Fort Belknap,EVI,1092.382824080754
2006-02-02T07:00:00Z,tribes_fort-belknap_Fort Belknap,Fort Belknap,NDVI,2117.755285450071
2006-02-02T07:00:00Z,tribes_rocky-boys_Rocky Boy's,Rocky Boy's,EVI,1036.709802372669
2006-02-02T07:00:00Z,tribes_rocky-boys_Rocky Boy's,Rocky Boy's,NDVI,2041.9888742427775
2006-02-02T07:00:00Z,tribes_blackfeet_Blackfeet,Blackfeet,EVI,1216.2563101194858
2006-02-02T07:00:00Z,tribes_blackfeet_Blackfeet,Blackfeet,NDVI,1995.0339326425894
2006-02-02T07:00:00Z,tribes_flathead_Flathead,Flathead,EVI,1663.5280952200021
2006-02-02T07:00:00Z,tribes_flathead_Flathead,Flathead,NDVI,3541.7922657678264
2006-02-18T07:00:00Z,tribes_northern-cheyenne_Northern Cheyenne,Northern Cheyenne,EVI,1384.056935722063
2006-02-18T07:00:00Z,tribes_northern-cheyenne_Northern Cheyenne,Northern Cheyenne,NDVI,2693.757906244032
2006-02-18T07:00:00Z,tribes_crow_Crow,Crow,EVI,1295.8052369645127
2006-02-18T07:00:00Z,tribes_crow_Crow,Crow,NDVI,2433.4159513578097
2006-02-18T07:00:00Z,tribes_fort-peck_Fort Peck,Fort Peck,EVI,1024.8768267146984
2006-02-18T07:00:00Z,tribes_fort-peck_Fort Peck,Fort Peck,NDVI,1715.356032710232
2006-02-18T07:00:00Z,tribes_fort-belknap_Fort Belknap,Fort Belknap,EVI,1228.610131697149
2006-02-18T07:00:00Z,tribes_fort-belknap_Fort Belknap,Fort Belknap,NDVI,2273.430407163983
2006-02-18T07:00:00Z,tribes_rocky-boys_Rocky Boy's,Rocky Boy's,EVI,1079.934442981849
2006-02-18T07:00:00Z,tribes_rocky-boys_Rocky Boy's,Rocky Boy's,NDVI,2157.969395178051
2006-02-18T07:00:00Z,tribes_blackfeet_Blackfeet,Blackfeet,EVI,1547
2006-02-18T07:00:00Z,tribes_blackfeet_Blackfeet,Blackfeet,NDVI,2117.5333333333333
2006-02-18T07:00:00Z,tribes_flathead_Flathead,Flathead,EVI,1598.9588983845895
2006-02-18T07:00:00Z,tribes_flathead_Flathead,Flathead,NDVI,3490.502742606683
2006-03-06T07:00:00Z,tribes_northern-cheyenne_Northern Cheyenne,Northern Cheyenne,EVI,1424.055399636699
2006-03-06T07:00:00Z,tribes_northern-cheyenne_Northern Cheyenne,Northern Cheyenne,NDVI,2674.6386543303743
2006-03-06T07:00:00Z,tribes_crow_Crow,Crow,EVI,1337.6704527958
2006-03-06T07:00:00Z,tribes_crow_Crow,Crow,NDVI,2415.44504467701
2006-03-06T07:00:00Z,tribes_fort-peck_Fort Peck,Fort Peck,EVI,966.3220336869725
2006-03-06T07:00:00Z,tribes_fort-peck_Fort Peck,Fort Peck,NDVI,1792.2916184891822
2006-03-06T07:00:00Z,tribes_fort-belknap_Fort Belknap,Fort Belknap,EVI,1191.8458013273334
2006-03-06T07:00:00Z,tribes_fort-belknap_Fort Belknap,Fort Belknap,NDVI,2200.8029301072074
2006-03-06T07:00:00Z,tribes_rocky-boys_Rocky Boy's,Rocky Boy's,EVI,1004.7846591970114
2006-03-06T07:00:00Z,tribes_rocky-boys_Rocky Boy's,Rocky Boy's,NDVI,2016.968730158731
2006-03-06T07:00:00Z,tribes_blackfeet_Blackfeet,Blackfeet,EVI,1046.0637892393638
2006-03-06T07:00:00Z,tribes_blackfeet_Blackfeet,Blackfeet,NDVI,1810.1721388289052
2006-03-06T07:00:00Z,tribes_flathead_Flathead,Flathead,EVI,1790.979280768164
2006-03-06T07:00:00Z,tribes_flathead_Flathead,Flathead,NDVI,3306.8540124505616
2006-03-22T07:00:00Z,tribes_northern-cheyenne_Northern Cheyenne,Northern Cheyenne,EVI,1752.4014532000622
2006-03-22T07:00:00Z,tribes_northern-cheyenne_Northern Cheyenne,Northern Cheyenne,NDVI,3113.443905757478
2006-03-22T07:00:00Z,tribes_crow_Crow,Crow,EVI,1550.6707145778407
2006-03-22T07:00:00Z,tribes_crow_Crow,Crow,NDVI,2696.7877239541026
2006-03-22T07:00:00Z,tribes_fort-peck_Fort Peck,Fort Peck,EVI,1006.6803977168926
2006-03-22T07:00:00Z,tribes_fort-peck_Fort Peck,Fort Peck,NDVI,1905.4675660390765
2006-03-22T07:00:00Z,tribes_fort-belknap_Fort Belknap,Fort Belknap,EVI,1260.3622371379647
2006-03-22T07:00:00Z,tribes_fort-belknap_Fort Belknap,Fort Belknap,NDVI,2340.2318117419745
2006-03-22T07:00:00Z,tribes_rocky-boys_Rocky Boy's,Rocky Boy's,EVI,1389.276939539861
2006-03-22T07:00:00Z,tribes_rocky-boys_Rocky Boy's,Rocky Boy's,NDVI,2304.2087682604515
2006-03-22T07:00:00Z,tribes_blackfeet_Blackfeet,Blackfeet,EVI,1133.7071366245787
2006-03-22T07:00:00Z,tribes_blackfeet_Blackfeet,Blackfeet,NDVI,1956.2386976811886
2006-03-22T07:00:00Z,tribes_flathead_Flathead,Flathead,EVI,1963.7829654782117
2006-03-22T07:00:00Z,tribes_flathead_Flathead,Flathead,NDVI,3461.0687606112056
2006-04-07T06:00:00Z,tribes_northern-cheyenne_Northern Cheyenne,Northern Cheyenne,EVI,2205.562842528714
2006-04-07T06:00:00Z,tribes_northern-cheyenne_Northern Cheyenne,Northern Cheyenne,NDVI,3924.412082978284
2006-04-07T06:00:00Z,tribes_crow_Crow,Crow,EVI,2235.675829905449
2006-04-07T06:00:00Z,tribes_crow_Crow,Crow,NDVI,3837.496304759778
2006-04-07T06:00:00Z,tribes_fort-peck_Fort Peck,Fort Peck,EVI,1278.9206250279576
2006-04-07T06:00:00Z,tribes_fort-peck_Fort Peck,Fort Peck,NDVI,2274.3758461451193
2006-04-07T06:00:00Z,tribes_fort-belknap_Fort Belknap,Fort Belknap,EVI,1806.9495664833414
2006-04-07T06:00:00Z,tribes_fort-belknap_Fort Belknap,Fort Belknap,NDVI,3303.687491293364
2006-04-07T06:00:00Z,tribes_rocky-boys_Rocky Boy's,Rocky Boy's,EVI,1888.2914432256916
2006-04-07T06:00:00Z,tribes_rocky-boys_Rocky Boy's,Rocky Boy's,NDVI,3382.4286223811955
2006-04-07T06:00:00Z,tribes_blackfeet_Blackfeet,Blackfeet,EVI,1345.895280211183
2006-04-07T06:00:00Z,tribes_blackfeet_Blackfeet,Blackfeet,NDVI,2387.1897629368978
2006-04-07T06:00:00Z,tribes_flathead_Flathead,Flathead,EVI,2499.4508783968636
2006-04-07T06:00:00Z,tribes_flathead_Flathead,Flathead,NDVI,4871.696828733403
2006-04-23T06:00:00Z,tribes_northern-cheyenne_Northern Cheyenne,Northern Cheyenne,EVI,2462.595265943575
2006-04-23T06:00:00Z,tribes_northern-cheyenne_Northern Cheyenne,Northern Cheyenne,NDVI,4378.589844402087
2006-04-23T06:00:00Z,tribes_crow_Crow,Crow,EVI,2588.24743524282
2006-04-23T06:00:00Z,tribes_crow_Crow,Crow,NDVI,4392.888101403069
2006-04-23T06:00:00Z,tribes_fort-peck_Fort Peck,Fort Peck,EVI,1537.023628783189
2006-04-23T06:00:00Z,tribes_fort-peck_Fort Peck,Fort Peck,NDVI,2685.1623923544976
2006-04-23T06:00:00Z,tribes_fort-belknap_Fort Belknap,Fort Belknap,EVI,2203.8107707720087
2006-04-23T06:00:00Z,tribes_fort-belknap_Fort Belknap,Fort Belknap,NDVI,3733.038046759597
2006-04-23T06:00:00Z,tribes_rocky-boys_Rocky Boy's,Rocky Boy's,EVI,2090.8119954803874
2006-04-23T06:00:00Z,tribes_rocky-boys_Rocky Boy's,Rocky Boy's,NDVI,3868.4267423753627
2006-04-23T06:00:00Z,tribes_blackfeet_Blackfeet,Blackfeet,EVI,1797.6781318925246
2006-04-23T06:00:00Z,tribes_blackfeet_Blackfeet,Blackfeet,NDVI,3169.5756424489255
2006-04-23T06:00:00Z,tribes_flathead_Flathead,Flathead,EVI,2940.0913906652513
2006-04-23T06:00:00Z,tribes_flathead_Flathead,Flathead,NDVI,5346.495714436295
2006-05-09T06:00:00Z,tribes_northern-cheyenne_Northern Cheyenne,Northern Cheyenne,EVI,2889.625076238724
2006-05-09T06:00:00Z,tribes_northern-cheyenne_Northern Cheyenne,Northern Cheyenne,NDVI,4856.904694777794
2006-05-09T06:00:00Z,tribes_crow_Crow,Crow,EVI,3084.7779395330112
2006-05-09T06:00:00Z,tribes_crow_Crow,Crow,NDVI,4808.370960949139
2006-05-09T06:00:00Z,tribes_fort-peck_Fort Peck,Fort Peck,EVI,1761.5843492111842
2006-05-09T06:00:00Z,tribes_fort-peck_Fort Peck,Fort Peck,NDVI,3014.544785017841
2006-05-09T06:00:00Z,tribes_fort-belknap_Fort Belknap,Fort Belknap,EVI,2545.707346380813
2006-05-09T06:00:00Z,tribes_fort-belknap_Fort Belknap,Fort Belknap,NDVI,4141.769741259424
2006-05-09T06:00:00Z,tribes_rocky-boys_Rocky Boy's,Rocky Boy's,EVI,3138.6670288962464
2006-05-09T06:00:00Z,tribes_rocky-boys_Rocky Boy's,Rocky Boy's,NDVI,5258.080830722943
2006-05-09T06:00:00Z,tribes_blackfeet_Blackfeet,Blackfeet,EVI,2287.8135300310864
2006-05-09T06:00:00Z,tribes_blackfeet_Blackfeet,Blackfeet,NDVI,3889.739828803406
2006-05-09T06:00:00Z,tribes_flathead_Flathead,Flathead,EVI,3174.04642308488
2006-05-09T06:00:00Z,tribes_flathead_Flathead,Flathead,NDVI,5754.640056208567
2006-05-25T06:00:00Z,tribes_northern-cheyenne_Northern Cheyenne,Northern Cheyenne,EVI,3179.834137817793
2006-05-25T06:00:00Z,tribes_northern-cheyenne_Northern Cheyenne,Northern Cheyenne,NDVI,5266.912458307377
2006-05-25T06:00:00Z,tribes_crow_Crow,Crow,EVI,3227.075807851055
2006-05-25T06:00:00Z,tribes_crow_Crow,Crow,NDVI,5173.329956777628
2006-05-25T06:00:00Z,tribes_fort-peck_Fort Peck,Fort Peck,EVI,2201.6079739666734
2006-05-25T06:00:00Z,tribes_fort-peck_Fort Peck,Fort Peck,NDVI,3567.8394772187958
2006-05-25T06:00:00Z,tribes_fort-belknap_Fort Belknap,Fort Belknap,EVI,2853.305427245139
2006-05-25T06:00:00Z,tribes_fort-belknap_Fort Belknap,Fort Belknap,NDVI,4668.39824421796
2006-05-25T06:00:00Z,tribes_rocky-boys_Rocky Boy's,Rocky Boy's,EVI,4076.17216147591
2006-05-25T06:00:00Z,tribes_rocky-boys_Rocky Boy's,Rocky Boy's,NDVI,6212.59986463744
2006-05-25T06:00:00Z,tribes_blackfeet_Blackfeet,Blackfeet,EVI,2969.198786779923
2006-05-25T06:00:00Z,tribes_blackfeet_Blackfeet,Blackfeet,NDVI,4892.354783313133
2006-05-25T06:00:00Z,tribes_flathead_Flathead,Flathead,EVI,3652.900671103417
2006-05-25T06:00:00Z,tribes_flathead_Flathead,Flathead,NDVI,6152.4692836436425
2006-06-10T06:00:00Z,tribes_northern-cheyenne_Northern Cheyenne,Northern Cheyenne,EVI,2891.488566646554
2006-06-10T06:00:00Z,tribes_northern-cheyenne_Northern Cheyenne,Northern Cheyenne,NDVI,4919.130249561107
2006-06-10T06:00:00Z,tribes_crow_Crow,Crow,EVI,3048.191371129575
2006-06-10T06:00:00Z,tribes_crow_Crow,Crow,NDVI,4777.282585580684
2006-06-10T06:00:00Z,tribes_fort-peck_Fort Peck,Fort Peck,EVI,2989.6956554021413
2006-06-10T06:00:00Z,tribes_fort-peck_Fort Peck,Fort Peck,NDVI,4769.918610645824
2006-06-10T06:00:00Z,tribes_fort-belknap_Fort Belknap,Fort Belknap,EVI,2783.5171581947416
2006-06-10T06:00:00Z,tribes_fort-belknap_Fort Belknap,Fort Belknap,NDVI,4838.942821080778
2006-06-10T06:00:00Z,tribes_rocky-boys_Rocky Boy's,Rocky Boy's,EVI,4269.413932399565
2006-06-10T06:00:00Z,tribes_rocky-boys_Rocky Boy's,Rocky Boy's,NDVI,6373.708615661218
2006-06-10T06:00:00Z,tribes_blackfeet_Blackfeet,Blackfeet,EVI,3930.606998552638
2006-06-10T06:00:00Z,tribes_blackfeet_Blackfeet,Blackfeet,NDVI,5996.607073151424
2006-06-10T06:00:00Z,tribes_flathead_Flathead,Flathead,EVI,3408.559362428001
2006-06-10T06:00:00Z,tribes_flathead_Flathead,Flathead,NDVI,6424.386013082828
2006-06-26T06:00:00Z,tribes_northern-cheyenne_Northern Cheyenne,Northern Cheyenne,EVI,2506.693395953648
2006-06-26T06:00:00Z,tribes_northern-cheyenne_Northern Cheyenne,Northern Cheyenne,NDVI,4350.10767253409
2006-06-26T06:00:00Z,tribes_crow_Crow,Crow,EVI,2437.9000246477076
2006-06-26T06:00:00Z,tribes_crow_Crow,Crow,NDVI,3912.987976176259
2006-06-26T06:00:00Z,tribes_fort-peck_Fort Peck,Fort Peck,EVI,2943.257480544873
2006-06-26T06:00:00Z,tribes_fort-peck_Fort Peck,Fort Peck,NDVI,4572.610243171479
2006-06-26T06:00:00Z,tribes_fort-belknap_Fort Belknap,Fort Belknap,EVI,2525.4800927795795
2006-06-26T06:00:00Z,tribes_fort-belknap_Fort Belknap,Fort Belknap,NDVI,4220.35381686423
2006-06-26T06:00:00Z,tribes_rocky-boys_Rocky Boy's,Rocky Boy's,EVI,3793.8312218400893
2006-06-26T06:00:00Z,tribes_rocky-boys_Rocky Boy's,Rocky Boy's,NDVI,6281.076553466173
2006-06-26T06:00:00Z,tribes_blackfeet_Blackfeet,Blackfeet,EVI,3651.780041331189
2006-06-26T06:00:00Z,tribes_blackfeet_Blackfeet,Blackfeet,NDVI,5755.523104565446
2006-06-26T06:00:00Z,tribes_flathead_Flathead,Flathead,EVI,3458.2480177939055
2006-06-26T06:00:00Z,tribes_flathead_Flathead,Flathead,NDVI,6250.2824441626435
2006-07-12T06:00:00Z,tribes_northern-cheyenne_Northern Cheyenne,Northern Cheyenne,EVI,2195.1971956151956
2006-07-12T06:00:00Z,tribes_northern-cheyenne_Northern Cheyenne,Northern Cheyenne,NDVI,3809.317457494522
2006-07-12T06:00:00Z,tribes_crow_Crow,Crow,EVI,2072.2453925570762
2006-07-12T06:00:00Z,tribes_crow_Crow,Crow,NDVI,3394.1312729077626
2006-07-12T06:00:00Z,tribes_fort-peck_Fort Peck,Fort Peck,EVI,2025.1143406335339
2006-07-12T06:00:00Z,tribes_fort-peck_Fort Peck,Fort Peck,NDVI,3349.9121115621642
2006-07-12T06:00:00Z,tribes_fort-belknap_Fort Belknap,Fort Belknap,EVI,1991.1193197882633
2006-07-12T06:00:00Z,tribes_fort-belknap_Fort Belknap,Fort Belknap,NDVI,3422.3978826338207
2006-07-12T06:00:00Z,tribes_rocky-boys_Rocky Boy's,Rocky Boy's,EVI,3159.3882933395153
2006-07-12T06:00:00Z,tribes_rocky-boys_Rocky Boy's,Rocky Boy's,NDVI,5184.056105704318
2006-07-12T06:00:00Z,tribes_blackfeet_Blackfeet,Blackfeet,EVI,3212.764871843958
2006-07-12T06:00:00Z,tribes_blackfeet_Blackfeet,Blackfeet,NDVI,5144.5723842054595
2006-07-12T06:00:00Z,tribes_flathead_Flathead,Flathead,EVI,3265.543009307599
2006-07-12T06:00:00Z,tribes_flathead_Flathead,Flathead,NDVI,5821.590222982384
2006-07-28T06:00:00Z,tribes_northern-cheyenne_Northern Cheyenne,Northern Cheyenne,EVI,2149.5696170006627
2006-07-28T06:00:00Z,tribes_northern-cheyenne_Northern Cheyenne,Northern Cheyenne,NDVI,3586.3863571147217
2006-07-28T06:00:00Z,tribes_crow_Crow,Crow,EVI,1940.9735907535876
2006-07-28T06:00:00Z,tribes_crow_Crow,Crow,NDVI,3100.395550387534
2006-07-28T06:00:00Z,tribes_fort-peck_Fort Peck,Fort Peck,EVI,1738.7576645439083
2006-07-28T06:00:00Z,tribes_fort-peck_Fort Peck,Fort Peck,NDVI,2895.864756850902
2006-07-28T06:00:00Z,tribes_fort-belknap_Fort Belknap,Fort Belknap,EVI,1864.228704654383
2006-07-28T06:00:00Z,tribes_fort-belknap_Fort Belknap,Fort Belknap,NDVI,2978.491596443163
2006-07-28T06:00:00Z,tribes_rocky-boys_Rocky Boy's,Rocky Boy's,EVI,2591.185629626046
2006-07-28T06:00:00Z,tribes_rocky-boys_Rocky Boy's,Rocky Boy's,NDVI,4179.4190100135065
2006-07-28T06:00:00Z,tribes_blackfeet_Blackfeet,Blackfeet,EVI,2650.6287182223964
2006-07-28T06:00:00Z,tribes_blackfeet_Blackfeet,Blackfeet,NDVI,4398.157049656141
2006-07-28T06:00:00Z,tribes_flathead_Flathead,Flathead,EVI,2851.927408108283
2006-07-28T06:00:00Z,tribes_flathead_Flathead,Flathead,NDVI,5363.98851269247
2006-08-13T06:00:00Z,tribes_northern-cheyenne_Northern Cheyenne,Northern Cheyenne,EVI,1953.928198671293
2006-08-13T06:00:00Z,tribes_northern-cheyenne_Northern Cheyenne,Northern Cheyenne,NDVI,3472.8577900972014
2006-08-13T06:00:00Z,tribes_crow_Crow,Crow,EVI,1822.539177770473
2006-08-13T06:00:00Z,tribes_crow_Crow,Crow,NDVI,3005.646942486526
2006-08-13T06:00:00Z,tribes_fort-peck_Fort Peck,Fort Peck,EVI,1571.394074899988
2006-08-13T06:00:00Z,tribes_fort-peck_Fort Peck,Fort Peck,NDVI,2734.4555346591937
2006-08-13T06:00:00Z,tribes_fort-belknap_Fort Belknap,Fort Belknap,EVI,1820.5256496633233
2006-08-13T06:00:00Z,tribes_fort-belknap_Fort Belknap,Fort Belknap,NDVI,3000.9141159036308
2006-08-13T06:00:00Z,tribes_rocky-boys_Rocky Boy's,Rocky Boy's,EVI,2389.7736565178147
2006-08-13T06:00:00Z,tribes_rocky-boys_Rocky Boy's,Rocky Boy's,NDVI,4199.736840495227
2006-08-13T06:00:00Z,tribes_blackfeet_Blackfeet,Blackfeet,EVI,2297.2674192259306
2006-08-13T06:00:00Z,tribes_blackfeet_Blackfeet,Blackfeet,NDVI,3837.021823518291
2006-08-13T06:00:00Z,tribes_flathead_Flathead,Flathead,EVI,2549.7225433317767
2006-08-13T06:00:00Z,tribes_flathead_Flathead,Flathead,NDVI,5247.157492959386
2006-08-29T06:00:00Z,tribes_northern-cheyenne_Northern Cheyenne,Northern Cheyenne,EVI,1833.0457465066552
2006-08-29T06:00:00Z,tribes_northern-cheyenne_Northern Cheyenne,Northern Cheyenne,NDVI,3306.6368996507476
2006-08-29T06:00:00Z,tribes_crow_Crow,Crow,EVI,1680.6381341539875
2006-08-29T06:00:00Z,tribes_crow_Crow,Crow,NDVI,2826.39775685043
2006-08-29T06:00:00Z,tribes_fort-peck_Fort Peck,Fort Peck,EVI,1466.0353056489969
2006-08-29T06:00:00Z,tribes_fort-peck_Fort Peck,Fort Peck,NDVI,2479.1121364170003
2006-08-29T06:00:00Z,tribes_fort-belknap_Fort Belknap,Fort Belknap,EVI,1519.845814831004
2006-08-29T06:00:00Z,tribes_fort-belknap_Fort Belknap,Fort Belknap,NDVI,2705.71912273664
2006-08-29T06:00:00Z,tribes_rocky-boys_Rocky Boy's,Rocky Boy's,EVI,2306.84258413562
2006-08-29T06:00:00Z,tribes_rocky-boys_Rocky Boy's,Rocky Boy's,NDVI,4070.3532450279104
2006-08-29T06:00:00Z,tribes_blackfeet_Blackfeet,Blackfeet,EVI,2037.2241912377747
2006-08-29T06:00:00Z,tribes_blackfeet_Blackfeet,Blackfeet,NDVI,3440.346320659264
2006-08-29T06:00:00Z,tribes_flathead_Flathead,Flathead,EVI,2612.0475452728156
2006-08-29T06:00:00Z,tribes_flathead_Flathead,Flathead,NDVI,5027.893040133333
2006-09-14T06:00:00Z,tribes_northern-cheyenne_Northern Cheyenne,Northern Cheyenne,EVI,1647.7761437486292
2006-09-14T06:00:00Z,tribes_northern-cheyenne_Northern Cheyenne,Northern Cheyenne,NDVI,3277.0094241027637
2006-09-14T06:00:00Z,tribes_crow_Crow,Crow,EVI,1509.7014614427674
2006-09-14T06:00:00Z,tribes_crow_Crow,Crow,NDVI,2796.1763117438027
2006-09-14T06:00:00Z,tribes_fort-peck_Fort Peck,Fort Peck,EVI,1256.2254217492473
2006-09-14T06:00:00Z,tribes_fort-peck_Fort Peck,Fort Peck,NDVI,2413.5932148549246
2006-09-14T06:00:00Z,tribes_fort-belknap_Fort Belknap,Fort Belknap,EVI,1510.6332461656673
2006-09-14T06:00:00Z,tribes_fort-belknap_Fort Belknap,Fort Belknap,NDVI,2859.0725743342764
2006-09-14T06:00:00Z,tribes_rocky-boys_Rocky Boy's,Rocky Boy's,EVI,1968.0858858438935
2006-09-14T06:00:00Z,tribes_rocky-boys_Rocky Boy's,Rocky Boy's,NDVI,3819.44348787513
2006-09-14T06:00:00Z,tribes_blackfeet_Blackfeet,Blackfeet,EVI,1793.4121937541663
2006-09-14T06:00:00Z,tribes_blackfeet_Blackfeet,Blackfeet,NDVI,3273.177534456971
2006-09-14T06:00:00Z,tribes_flathead_Flathead,Flathead,EVI,2472.128588576299
2006-09-14T06:00:00Z,tribes_flathead_Flathead,Flathead,NDVI,5058.920536333853
2006-09-30T06:00:00Z,tribes_northern-cheyenne_Northern Cheyenne,Northern Cheyenne,EVI,1676.3464322133918
2006-09-30T06:00:00Z,tribes_northern-cheyenne_Northern Cheyenne,Northern Cheyenne,NDVI,3601.46370941121
2006-09-30T06:00:00Z,tribes_crow_Crow,Crow,EVI,1747.49061172429
2006-09-30T06:00:00Z,tribes_crow_Crow,Crow,NDVI,3394.9234613530907
2006-09-30T06:00:00Z,tribes_fort-peck_Fort Peck,Fort Peck,EVI,1300.8935571717134
2006-09-30T06:00:00Z,tribes_fort-peck_Fort Peck,Fort Peck,NDVI,2551.0167653962862
2006-09-30T06:00:00Z,tribes_fort-belknap_Fort Belknap,Fort Belknap,EVI,1640.2885012641345
2006-09-30T06:00:00Z,tribes_fort-belknap_Fort Belknap,Fort Belknap,NDVI,3120.1604590086713
2006-09-30T06:00:00Z,tribes_rocky-boys_Rocky Boy's,Rocky Boy's,EVI,2009.2619446131848
2006-09-30T06:00:00Z,tribes_rocky-boys_Rocky Boy's,Rocky Boy's,NDVI,3843.368988362396
2006-09-30T06:00:00Z,tribes_blackfeet_Blackfeet,Blackfeet,EVI,1664.3493247276308
2006-09-30T06:00:00Z,tribes_blackfeet_Blackfeet,Blackfeet,NDVI,3111.7917279293824
2006-09-30T06:00:00Z,tribes_flathead_Flathead,Flathead,EVI,2506.4197852376565
2006-09-30T06:00:00Z,tribes_flathead_Flathead,Flathead,NDVI,5275.8098727447405
2006-10-16T06:00:00Z,tribes_northern-cheyenne_Northern Cheyenne,Northern Cheyenne,EVI,1674.6077269907946
2006-10-16T06:00:00Z,tribes_northern-cheyenne_Northern Cheyenne,Northern Cheyenne,NDVI,3645.6357533163555
2006-10-16T06:00:00Z,tribes_crow_Crow,Crow,EVI,1803.7371887353463
2006-10-16T06:00:00Z,tribes_crow_Crow,Crow,NDVI,3512.896133719866
2006-10-16T06:00:00Z,tribes_fort-peck_Fort Peck,Fort Peck,EVI,1251.574304592516
2006-10-16T06:00:00Z,tribes_fort-peck_Fort Peck,Fort Peck,NDVI,2498.5929741852287
2006-10-16T06:00:00Z,tribes_fort-belknap_Fort Belknap,Fort Belknap,EVI,1585.821569017258
2006-10-16T06:00:00Z,tribes_fort-belknap_Fort Belknap,Fort Belknap,NDVI,3035.2235943451446
2006-10-16T06:00:00Z,tribes_rocky-boys_Rocky Boy's,Rocky Boy's,EVI,1816.9337133267752
2006-10-16T06:00:00Z,tribes_rocky-boys_Rocky Boy's,Rocky Boy's,NDVI,3480.366687241606
2006-10-16T06:00:00Z,tribes_blackfeet_Blackfeet,Blackfeet,EVI,1449.5653968831145
2006-10-16T06:00:00Z,tribes_blackfeet_Blackfeet,Blackfeet,NDVI,2719.190917361151
2006-10-16T06:00:00Z,tribes_flathead_Flathead,Flathead,EVI,2514.4188663755776
2006-10-16T06:00:00Z,tribes_flathead_Flathead,Flathead,NDVI,4998.450486556078
2006-11-01T07:00:00Z,tribes_northern-cheyenne_Northern Cheyenne,Northern Cheyenne,EVI,1655.0652918919225
2006-11-01T07:00:00Z,tribes_northern-cheyenne_Northern Cheyenne,Northern Cheyenne,NDVI,3585.742210870572
2006-11-01T07:00:00Z,tribes_crow_Crow,Crow,EVI,1753.7787487669982
2006-11-01T07:00:00Z,tribes_crow_Crow,Crow,NDVI,3342.7065458774578
2006-11-01T07:00:00Z,tribes_fort-peck_Fort Peck,Fort Peck,EVI,1140.8572612429193
2006-11-01T07:00:00Z,tribes_fort-peck_Fort Peck,Fort Peck,NDVI,2303.4370701775083
2006-11-01T07:00:00Z,tribes_fort-belknap_Fort Belknap,Fort Belknap,EVI,1574.178583799255
2006-11-01T07:00:00Z,tribes_fort-belknap_Fort Belknap,Fort Belknap,NDVI,2832.5898506140693
2006-11-01T07:00:00Z,tribes_rocky-boys_Rocky Boy's,Rocky Boy's,EVI,1622.8241190937117
2006-11-01T07:00:00Z,tribes_rocky-boys_Rocky Boy's,Rocky Boy's,NDVI,3216.867298296325
2006-11-01T07:00:00Z,tribes_blackfeet_Blackfeet,Blackfeet,EVI,1417.3707479953562
2006-11-01T07:00:00Z,tribes_blackfeet_Blackfeet,Blackfeet,NDVI,2484.2423113353843
2006-11-01T07:00:00Z,tribes_flathead_Flathead,Flathead,EVI,2217.744511279781
2006-11-01T07:00:00Z,tribes_flathead_Flathead,Flathead,NDVI,4322.077460241568
2006-11-17T07:00:00Z,tribes_northern-cheyenne_Northern Cheyenne,Northern Cheyenne,EVI,1720.3524421658578
2006-11-17T07:00:00Z,tribes_northern-cheyenne_Northern Cheyenne,Northern Cheyenne,NDVI,3495.2576398457077
2006-11-17T07:00:00Z,tribes_crow_Crow,Crow,EVI,1762.521711198392
2006-11-17T07:00:00Z,tribes_crow_Crow,Crow,NDVI,3196.4519420428096
2006-11-17T07:00:00Z,tribes_fort-peck_Fort Peck,Fort Peck,EVI,1161.2014846724103
2006-11-17T07:00:00Z,tribes_fort-peck_Fort Peck,Fort Peck,NDVI,2141.496879537812
2006-11-17T07:00:00Z,tribes_fort-belknap_Fort Belknap,Fort Belknap,EVI,1464.184102803744
2006-11-17T07:00:00Z,tribes_fort-belknap_Fort Belknap,Fort Belknap,NDVI,2627.987173648157
2006-11-17T07:00:00Z,tribes_rocky-boys_Rocky Boy's,Rocky Boy's,EVI,1691.2813299117488
2006-11-17T07:00:00Z,tribes_rocky-boys_Rocky Boy's,Rocky Boy's,NDVI,3219.050409035506
2006-11-17T07:00:00Z,tribes_blackfeet_Blackfeet,Blackfeet,EVI,1309.926125788546
2006-11-17T07:00:00Z,tribes_blackfeet_Blackfeet,Blackfeet,NDVI,2240.6177352097848
2006-11-17T07:00:00Z,tribes_flathead_Flathead,Flathead,EVI,2352.884923003094
2006-11-17T07:00:00Z,tribes_flathead_Flathead,Flathead,NDVI,5107.689822134994
2006-12-03T07:00:00Z,tribes_northern-cheyenne_Northern Cheyenne,Northern Cheyenne,EVI,1595.784832537084
2006-12-03T07:00:00Z,tribes_northern-cheyenne_Northern Cheyenne,Northern Cheyenne,NDVI,3443.9661213793947
2006-12-03T07:00:00Z,tribes_crow_Crow,Crow,EVI,1579.918638065978
2006-12-03T07:00:00Z,tribes_crow_Crow,Crow,NDVI,2979.3566993501818
2006-12-03T07:00:00Z,tribes_fort-peck_Fort Peck,Fort Peck,EVI,1087.7122955668785
2006-12-03T07:00:00Z,tribes_fort-peck_Fort Peck,Fort Peck,NDVI,1942.3394019198106
2006-12-03T07:00:00Z,tribes_fort-belknap_Fort Belknap,Fort Belknap,EVI,1366.9650115415611
2006-12-03T07:00:00Z,tribes_fort-belknap_Fort Belknap,Fort Belknap,NDVI,2246.686802154426
2006-12-03T07:00:00Z,tribes_rocky-boys_Rocky Boy's,Rocky Boy's,EVI,1413.7787383208374
2006-12-03T07:00:00Z,tribes_rocky-boys_Rocky Boy's,Rocky Boy's,NDVI,2244.093235639076
2006-12-03T07:00:00Z,tribes_blackfeet_Blackfeet,Blackfeet,EVI,1081.4505718556263
2006-12-03T07:00:00Z,tribes_blackfeet_Blackfeet,Blackfeet,NDVI,1784.2724280754617
2006-12-03T07:00:00Z,tribes_flathead_Flathead,Flathead,EVI,1799.191844217141
2006-12-03T07:00:00Z,tribes_flathead_Flathead,Flathead,NDVI,3603.862621590352
2006-12-19T07:00:00Z,tribes_northern-cheyenne_Northern Cheyenne,Northern Cheyenne,EVI,1513.0639264797817
2006-12-19T07:00:00Z,tribes_northern-cheyenne_Northern Cheyenne,Northern Cheyenne,NDVI,3230.6279214661176
2006-12-19T07:00:00Z,tribes_crow_Crow,Crow,EVI,1481.8279336363603
2006-12-19T07:00:00Z,tribes_crow_Crow,Crow,NDVI,2781.527280859094
2006-12-19T07:00:00Z,tribes_fort-peck_Fort Peck,Fort Peck,EVI,1141.1190744920993
2006-12-19T07:00:00Z,tribes_fort-peck_Fort Peck,Fort Peck,NDVI,2097.7689738271
2006-12-19T07:00:00Z,tribes_fort-belknap_Fort Belknap,Fort Belknap,EVI,1174.4824387324868
2006-12-19T07:00:00Z,tribes_fort-belknap_Fort Belknap,Fort Belknap,NDVI,2074.492245961552
2006-12-19T07:00:00Z,tribes_rocky-boys_Rocky Boy's,Rocky Boy's,EVI,1292.3600850450273
2006-12-19T07:00:00Z,tribes_rocky-boys_Rocky Boy's,Rocky Boy's,NDVI,2164.6141937218194
2006-12-19T07:00:00Z,tribes_blackfeet_Blackfeet,Blackfeet,EVI,1118.289709745307
2006-12-19T07:00:00Z,tribes_blackfeet_Blackfeet,Blackfeet,NDVI,1792.4950557137163
2006-12-19T07:00:00Z,tribes_flathead_Flathead,Flathead,EVI,1910.0145748475597
2006-12-19T07:00:00Z,tribes_flathead_Flathead,Flathead,NDVI,3738.9097178627458
2007-01-01T07:00:00Z,tribes_northern-cheyenne_Northern Cheyenne,Northern Cheyenne,EVI,1555.01531433412
2007-01-01T07:00:00Z,tribes_northern-cheyenne_Northern Cheyenne,Northern Cheyenne,NDVI,2843.1021964058814
2007-01-01T07:00:00Z,tribes_crow_Crow,Crow,EVI,1472.4682231024856
2007-01-01T07:00:00Z,tribes_crow_Crow,Crow,NDVI,2580.1229553454978
2007-01-01T07:00:00Z,tribes_fort-peck_Fort Peck,Fort Peck,EVI,NA
2007-01-01T07:00:00Z,tribes_fort-peck_Fort Peck,Fort Peck,NDVI,NA
2007-01-01T07:00:00Z,tribes_fort-belknap_Fort Belknap,Fort Belknap,EVI,1271.417019216065
2007-01-01T07:00:00Z,tribes_fort-belknap_Fort Belknap,Fort Belknap,NDVI,2191.906040372121
2007-01-01T07:00:00Z,tribes_rocky-boys_Rocky Boy's,Rocky Boy's,EVI,1310.6474756421612
2007-01-01T07:00:00Z,tribes_rocky-boys_Rocky Boy's,Rocky Boy's,NDVI,2012.7847652790083
2007-01-01T07:00:00Z,tribes_blackfeet_Blackfeet,Blackfeet,EVI,1075.8634032709224
2007-01-01T07:00:00Z,tribes_blackfeet_Blackfeet,Blackfeet,NDVI,1848.8289805031231
2007-01-01T07:00:00Z,tribes_flathead_Flathead,Flathead,EVI,1720.7395136778116
2007-01-01T07:00:00Z,tribes_flathead_Flathead,Flathead,NDVI,3105.920972644377
2007-01-17T07:00:00Z,tribes_northern-cheyenne_Northern Cheyenne,Northern Cheyenne,EVI,1160.1084451781428
2007-01-17T07:00:00Z,tribes_northern-cheyenne_Northern Cheyenne,Northern Cheyenne,NDVI,2482.76705600344
2007-01-17T07:00:00Z,tribes_crow_Crow,Crow,EVI,1282.1804726760788
2007-01-17T07:00:00Z,tribes_crow_Crow,Crow,NDVI,2414.1102310294673
2007-01-17T07:00:00Z,tribes_fort-peck_Fort Peck,Fort Peck,EVI,954.5904034054153
2007-01-17T07:00:00Z,tribes_fort-peck_Fort Peck,Fort Peck,NDVI,1743.9929190279545
2007-01-17T07:00:00Z,tribes_fort-belknap_Fort Belknap,Fort Belknap,EVI,1213.4511352007676
2007-01-17T07:00:00Z,tribes_fort-belknap_Fort Belknap,Fort Belknap,NDVI,2134.343153921488
2007-01-17T07:00:00Z,tribes_rocky-boys_Rocky Boy's,Rocky Boy's,EVI,1198.3443285898531
2007-01-17T07:00:00Z,tribes_rocky-boys_Rocky Boy's,Rocky Boy's,NDVI,2087.2691542614816
2007-01-17T07:00:00Z,tribes_blackfeet_Blackfeet,Blackfeet,EVI,1096.4580971703035
2007-01-17T07:00:00Z,tribes_blackfeet_Blackfeet,Blackfeet,NDVI,1824.2520389629235
2007-01-17T07:00:00Z,tribes_flathead_Flathead,Flathead,EVI,1662.4175215380335
2007-01-17T07:00:00Z,tribes_flathead_Flathead,Flathead,NDVI,3314.918081973152
2007-02-02T07:00:00Z,tribes_northern-cheyenne_Northern Cheyenne,Northern Cheyenne,EVI,NA
2007-02-02T07:00:00Z,tribes_northern-cheyenne_Northern Cheyenne,Northern Cheyenne,NDVI,NA
2007-02-02T07:00:00Z,tribes_crow_Crow,Crow,EVI,NA
2007-02-02T07:00:00Z,tribes_crow_Crow,Crow,NDVI,NA
2007-02-02T07:00:00Z,tribes_fort-peck_Fort Peck,Fort Peck,EVI,NA
2007-02-02T07:00:00Z,tribes_fort-peck_Fort Peck,Fort Peck,NDVI,NA
2007-02-02T07:00:00Z,tribes_fort-belknap_Fort Belknap,Fort Belknap,EVI,NA
2007-02-02T07:00:00Z,tribes_fort-belknap_Fort Belknap,Fort Belknap,NDVI,NA
2007-02-02T07:00:00Z,tribes_rocky-boys_Rocky Boy's,Rocky Boy's,EVI,NA
2007-02-02T07:00:00Z,tribes_rocky-boys_Rocky Boy's,Rocky Boy's,NDVI,NA
2007-02-02T07:00:00Z,tribes_blackfeet_Blackfeet,Blackfeet,EVI,NA
2007-02-02T07:00:00Z,tribes_blackfeet_Blackfeet,Blackfeet,NDVI,NA
2007-02-02T07:00:00Z,tribes_flathead_Flathead,Flathead,EVI,1384.263590391909
2007-02-02T07:00:00Z,tribes_flathead_Flathead,Flathead,NDVI,2773.002528445006
2007-02-18T07:00:00Z,tribes_northern-cheyenne_Northern Cheyenne,Northern Cheyenne,EVI,1093.5176115676684
2007-02-18T07:00:00Z,tribes_northern-cheyenne_Northern Cheyenne,Northern Cheyenne,NDVI,2223.3307084156872
2007-02-18T07:00:00Z,tribes_crow_Crow,Crow,EVI,1210.995474304414
2007-02-18T07:00:00Z,tribes_crow_Crow,Crow,NDVI,2424.8308684924455
2007-02-18T07:00:00Z,tribes_fort-peck_Fort Peck,Fort Peck,EVI,1134.9155844155844
2007-02-18T07:00:00Z,tribes_fort-peck_Fort Peck,Fort Peck,NDVI,2166.7012987012986
2007-02-18T07:00:00Z,tribes_fort-belknap_Fort Belknap,Fort Belknap,EVI,1151.8547482613822
2007-02-18T07:00:00Z,tribes_fort-belknap_Fort Belknap,Fort Belknap,NDVI,2015.734474860607
2007-02-18T07:00:00Z,tribes_rocky-boys_Rocky Boy's,Rocky Boy's,EVI,1068.5963367843242
2007-02-18T07:00:00Z,tribes_rocky-boys_Rocky Boy's,Rocky Boy's,NDVI,2130.8536580811997
2007-02-18T07:00:00Z,tribes_blackfeet_Blackfeet,Blackfeet,EVI,1023.6652672218853
2007-02-18T07:00:00Z,tribes_blackfeet_Blackfeet,Blackfeet,NDVI,1686.157323920357
2007-02-18T07:00:00Z,tribes_flathead_Flathead,Flathead,EVI,1490.1173046787553
2007-02-18T07:00:00Z,tribes_flathead_Flathead,Flathead,NDVI,2911.846877098724
2007-03-06T07:00:00Z,tribes_northern-cheyenne_Northern Cheyenne,Northern Cheyenne,EVI,1326.9265647403324
2007-03-06T07:00:00Z,tribes_northern-cheyenne_Northern Cheyenne,Northern Cheyenne,NDVI,2780.563786262255
2007-03-06T07:00:00Z,tribes_crow_Crow,Crow,EVI,1426.8896578899812
2007-03-06T07:00:00Z,tribes_crow_Crow,Crow,NDVI,2765.6922254597084
2007-03-06T07:00:00Z,tribes_fort-peck_Fort Peck,Fort Peck,EVI,1043.33392645934
2007-03-06T07:00:00Z,tribes_fort-peck_Fort Peck,Fort Peck,NDVI,2043.0302816105575
2007-03-06T07:00:00Z,tribes_fort-belknap_Fort Belknap,Fort Belknap,EVI,1335.3851566628543
2007-03-06T07:00:00Z,tribes_fort-belknap_Fort Belknap,Fort Belknap,NDVI,2430.6442863149655
2007-03-06T07:00:00Z,tribes_rocky-boys_Rocky Boy's,Rocky Boy's,EVI,1472.4517173859836
2007-03-06T07:00:00Z,tribes_rocky-boys_Rocky Boy's,Rocky Boy's,NDVI,2689.620219738382
2007-03-06T07:00:00Z,tribes_blackfeet_Blackfeet,Blackfeet,EVI,1190.7618425780613
2007-03-06T07:00:00Z,tribes_blackfeet_Blackfeet,Blackfeet,NDVI,2033.902381313785
2007-03-06T07:00:00Z,tribes_flathead_Flathead,Flathead,EVI,1933.4874968853235
2007-03-06T07:00:00Z,tribes_flathead_Flathead,Flathead,NDVI,3971.4518358301575
2007-03-22T06:00:00Z,tribes_northern-cheyenne_Northern Cheyenne,Northern Cheyenne,EVI,1656.7240451481057
2007-03-22T06:00:00Z,tribes_northern-cheyenne_Northern Cheyenne,Northern Cheyenne,NDVI,3403.8871640060147
2007-03-22T06:00:00Z,tribes_crow_Crow,Crow,EVI,1738.1199443959763
2007-03-22T06:00:00Z,tribes_crow_Crow,Crow,NDVI,3148.1330565976305
2007-03-22T06:00:00Z,tribes_fort-peck_Fort Peck,Fort Peck,EVI,1166.9351355764554
2007-03-22T06:00:00Z,tribes_fort-peck_Fort Peck,Fort Peck,NDVI,2192.4731722516462
2007-03-22T06:00:00Z,tribes_fort-belknap_Fort Belknap,Fort Belknap,EVI,1461.5560210153662
2007-03-22T06:00:00Z,tribes_fort-belknap_Fort Belknap,Fort Belknap,NDVI,2537.780793691149
2007-03-22T06:00:00Z,tribes_rocky-boys_Rocky Boy's,Rocky Boy's,EVI,1529.7520156997143
2007-03-22T06:00:00Z,tribes_rocky-boys_Rocky Boy's,Rocky Boy's,NDVI,2870.6430082079946
2007-03-22T06:00:00Z,tribes_blackfeet_Blackfeet,Blackfeet,EVI,1271.541321384802
2007-03-22T06:00:00Z,tribes_blackfeet_Blackfeet,Blackfeet,NDVI,2193.5502329364244
2007-03-22T06:00:00Z,tribes_flathead_Flathead,Flathead,EVI,2402.744230305472
2007-03-22T06:00:00Z,tribes_flathead_Flathead,Flathead,NDVI,4506.0256996042435
2007-04-07T06:00:00Z,tribes_northern-cheyenne_Northern Cheyenne,Northern Cheyenne,EVI,1884.8109903922232
2007-04-07T06:00:00Z,tribes_northern-cheyenne_Northern Cheyenne,Northern Cheyenne,NDVI,3367.348530174277
2007-04-07T06:00:00Z,tribes_crow_Crow,Crow,EVI,2154.004083791854
2007-04-07T06:00:00Z,tribes_crow_Crow,Crow,NDVI,3565.8345267622626
2007-04-07T06:00:00Z,tribes_fort-peck_Fort Peck,Fort Peck,EVI,1234.9229042638306
2007-04-07T06:00:00Z,tribes_fort-peck_Fort Peck,Fort Peck,NDVI,2304.4466918612447
2007-04-07T06:00:00Z,tribes_fort-belknap_Fort Belknap,Fort Belknap,EVI,1840.9228025129426
2007-04-07T06:00:00Z,tribes_fort-belknap_Fort Belknap,Fort Belknap,NDVI,3260.620591744748
2007-04-07T06:00:00Z,tribes_rocky-boys_Rocky Boy's,Rocky Boy's,EVI,1850.647545133274
2007-04-07T06:00:00Z,tribes_rocky-boys_Rocky Boy's,Rocky Boy's,NDVI,3070.0151681223642
2007-04-07T06:00:00Z,tribes_blackfeet_Blackfeet,Blackfeet,EVI,1302.4430623048672
2007-04-07T06:00:00Z,tribes_blackfeet_Blackfeet,Blackfeet,NDVI,2266.3105376612257
2007-04-07T06:00:00Z,tribes_flathead_Flathead,Flathead,EVI,2736.471440055065
2007-04-07T06:00:00Z,tribes_flathead_Flathead,Flathead,NDVI,5088.9135276257275
2007-04-23T06:00:00Z,tribes_northern-cheyenne_Northern Cheyenne,Northern Cheyenne,EVI,2429.5423038640015
2007-04-23T06:00:00Z,tribes_northern-cheyenne_Northern Cheyenne,Northern Cheyenne,NDVI,4232.90210717139
2007-04-23T06:00:00Z,tribes_crow_Crow,Crow,EVI,2736.2533726537476
2007-04-23T06:00:00Z,tribes_crow_Crow,Crow,NDVI,4610.063104468317
2007-04-23T06:00:00Z,tribes_fort-peck_Fort Peck,Fort Peck,EVI,1753.1900291529842
2007-04-23T06:00:00Z,tribes_fort-peck_Fort Peck,Fort Peck,NDVI,3164.210869811904
2007-04-23T06:00:00Z,tribes_fort-belknap_Fort Belknap,Fort Belknap,EVI,2434.2107580688144
2007-04-23T06:00:00Z,tribes_fort-belknap_Fort Belknap,Fort Belknap,NDVI,3987.532806447501
2007-04-23T06:00:00Z,tribes_rocky-boys_Rocky Boy's,Rocky Boy's,EVI,2503.4044969128495
2007-04-23T06:00:00Z,tribes_rocky-boys_Rocky Boy's,Rocky Boy's,NDVI,4546.345818869207
2007-04-23T06:00:00Z,tribes_blackfeet_Blackfeet,Blackfeet,EVI,1801.203128023812
2007-04-23T06:00:00Z,tribes_blackfeet_Blackfeet,Blackfeet,NDVI,3167.645009809165
2007-04-23T06:00:00Z,tribes_flathead_Flathead,Flathead,EVI,3107.331029761681
2007-04-23T06:00:00Z,tribes_flathead_Flathead,Flathead,NDVI,5895.546489799534
2007-05-09T06:00:00Z,tribes_northern-cheyenne_Northern Cheyenne,Northern Cheyenne,EVI,2987.8428550195135
2007-05-09T06:00:00Z,tribes_northern-cheyenne_Northern Cheyenne,Northern Cheyenne,NDVI,4989.048460708697
2007-05-09T06:00:00Z,tribes_crow_Crow,Crow,EVI,3266.097503670743
2007-05-09T06:00:00Z,tribes_crow_Crow,Crow,NDVI,5189.7754278583825
2007-05-09T06:00:00Z,tribes_fort-peck_Fort Peck,Fort Peck,EVI,2035.4650179353487
2007-05-09T06:00:00Z,tribes_fort-peck_Fort Peck,Fort Peck,NDVI,3576.6202471562506
2007-05-09T06:00:00Z,tribes_fort-belknap_Fort Belknap,Fort Belknap,EVI,2927.3935481454337
2007-05-09T06:00:00Z,tribes_fort-belknap_Fort Belknap,Fort Belknap,NDVI,4612.7470287840315
2007-05-09T06:00:00Z,tribes_rocky-boys_Rocky Boy's,Rocky Boy's,EVI,3770.290965825896
2007-05-09T06:00:00Z,tribes_rocky-boys_Rocky Boy's,Rocky Boy's,NDVI,5842.082770607808
2007-05-09T06:00:00Z,tribes_blackfeet_Blackfeet,Blackfeet,EVI,2262.0291788577742
2007-05-09T06:00:00Z,tribes_blackfeet_Blackfeet,Blackfeet,NDVI,3812.8823674258733
2007-05-09T06:00:00Z,tribes_flathead_Flathead,Flathead,EVI,3418.901010031829
2007-05-09T06:00:00Z,tribes_flathead_Flathead,Flathead,NDVI,5926.525183875111
2007-05-25T06:00:00Z,tribes_northern-cheyenne_Northern Cheyenne,Northern Cheyenne,EVI,3506.1955117237844
2007-05-25T06:00:00Z,tribes_northern-cheyenne_Northern Cheyenne,Northern Cheyenne,NDVI,5691.866169754169
2007-05-25T06:00:00Z,tribes_crow_Crow,Crow,EVI,3694.807295964983
2007-05-25T06:00:00Z,tribes_crow_Crow,Crow,NDVI,5829.598722144672
2007-05-25T06:00:00Z,tribes_fort-peck_Fort Peck,Fort Peck,EVI,2816.9174325264703
2007-05-25T06:00:00Z,tribes_fort-peck_Fort Peck,Fort Peck,NDVI,4538.657904257529
2007-05-25T06:00:00Z,tribes_fort-belknap_Fort Belknap,Fort Belknap,EVI,3171.23095872701
2007-05-25T06:00:00Z,tribes_fort-belknap_Fort Belknap,Fort Belknap,NDVI,5177.9012360402985
2007-05-25T06:00:00Z,tribes_rocky-boys_Rocky Boy's,Rocky Boy's,EVI,4391.62081818561
2007-05-25T06:00:00Z,tribes_rocky-boys_Rocky Boy's,Rocky Boy's,NDVI,6584.216998001719
2007-05-25T06:00:00Z,tribes_blackfeet_Blackfeet,Blackfeet,EVI,3006.81581627432
2007-05-25T06:00:00Z,tribes_blackfeet_Blackfeet,Blackfeet,NDVI,4745.056806728938
2007-05-25T06:00:00Z,tribes_flathead_Flathead,Flathead,EVI,3467.9696578528433
2007-05-25T06:00:00Z,tribes_flathead_Flathead,Flathead,NDVI,6202.470858782678
2007-06-10T06:00:00Z,tribes_northern-cheyenne_Northern Cheyenne,Northern Cheyenne,EVI,3471.295722775818
2007-06-10T06:00:00Z,tribes_northern-cheyenne_Northern Cheyenne,Northern Cheyenne,NDVI,5791.087554785494
2007-06-10T06:00:00Z,tribes_crow_Crow,Crow,EVI,3638.5086509299313
2007-06-10T06:00:00Z,tribes_crow_Crow,Crow,NDVI,5712.652079090769
2007-06-10T06:00:00Z,tribes_fort-peck_Fort Peck,Fort Peck,EVI,3320.7410090478443
2007-06-10T06:00:00Z,tribes_fort-peck_Fort Peck,Fort Peck,NDVI,5448.666193904611
2007-06-10T06:00:00Z,tribes_fort-belknap_Fort Belknap,Fort Belknap,EVI,3409.3401943844347
2007-06-10T06:00:00Z,tribes_fort-belknap_Fort Belknap,Fort Belknap,NDVI,5443.697531507
2007-06-10T06:00:00Z,tribes_rocky-boys_Rocky Boy's,Rocky Boy's,EVI,4616.354280744854
2007-06-10T06:00:00Z,tribes_rocky-boys_Rocky Boy's,Rocky Boy's,NDVI,7128.138670261833
2007-06-10T06:00:00Z,tribes_blackfeet_Blackfeet,Blackfeet,EVI,3179.7144996371944
2007-06-10T06:00:00Z,tribes_blackfeet_Blackfeet,Blackfeet,NDVI,5076.947350894786
2007-06-10T06:00:00Z,tribes_flathead_Flathead,Flathead,EVI,3294.723094091452
2007-06-10T06:00:00Z,tribes_flathead_Flathead,Flathead,NDVI,5835.38709868488
2007-06-26T06:00:00Z,tribes_northern-cheyenne_Northern Cheyenne,Northern Cheyenne,EVI,3418.8786917817088
2007-06-26T06:00:00Z,tribes_northern-cheyenne_Northern Cheyenne,Northern Cheyenne,NDVI,5540.831896753946
2007-06-26T06:00:00Z,tribes_crow_Crow,Crow,EVI,3387.6305681371073
2007-06-26T06:00:00Z,tribes_crow_Crow,Crow,NDVI,5478.544546467351
2007-06-26T06:00:00Z,tribes_fort-peck_Fort Peck,Fort Peck,EVI,3558.789488082038
2007-06-26T06:00:00Z,tribes_fort-peck_Fort Peck,Fort Peck,NDVI,5740.879471267344
2007-06-26T06:00:00Z,tribes_fort-belknap_Fort Belknap,Fort Belknap,EVI,2938.700089860627
2007-06-26T06:00:00Z,tribes_fort-belknap_Fort Belknap,Fort Belknap,NDVI,4917.6652392074175
2007-06-26T06:00:00Z,tribes_rocky-boys_Rocky Boy's,Rocky Boy's,EVI,4176.938438208784
2007-06-26T06:00:00Z,tribes_rocky-boys_Rocky Boy's,Rocky Boy's,NDVI,6511.232623335544
2007-06-26T06:00:00Z,tribes_blackfeet_Blackfeet,Blackfeet,EVI,2938.6608976285897
2007-06-26T06:00:00Z,tribes_blackfeet_Blackfeet,Blackfeet,NDVI,4557.928145130912
2007-06-26T06:00:00Z,tribes_flathead_Flathead,Flathead,EVI,3199.116474668505
2007-06-26T06:00:00Z,tribes_flathead_Flathead,Flathead,NDVI,5638.402626906329
2007-07-12T06:00:00Z,tribes_northern-cheyenne_Northern Cheyenne,Northern Cheyenne,EVI,2845.58752230129
2007-07-12T06:00:00Z,tribes_northern-cheyenne_Northern Cheyenne,Northern Cheyenne,NDVI,4795.09170203673
2007-07-12T06:00:00Z,tribes_crow_Crow,Crow,EVI,2760.5453186596737
2007-07-12T06:00:00Z,tribes_crow_Crow,Crow,NDVI,4542.136536322925
2007-07-12T06:00:00Z,tribes_fort-peck_Fort Peck,Fort Peck,EVI,2909.925098520875
2007-07-12T06:00:00Z,tribes_fort-peck_Fort Peck,Fort Peck,NDVI,4681.3459124293495
2007-07-12T06:00:00Z,tribes_fort-belknap_Fort Belknap,Fort Belknap,EVI,2337.3199152584134
2007-07-12T06:00:00Z,tribes_fort-belknap_Fort Belknap,Fort Belknap,NDVI,3920.402242193359
2007-07-12T06:00:00Z,tribes_rocky-boys_Rocky Boy's,Rocky Boy's,EVI,3758.7146133575284
2007-07-12T06:00:00Z,tribes_rocky-boys_Rocky Boy's,Rocky Boy's,NDVI,5785.568885033541
2007-07-12T06:00:00Z,tribes_blackfeet_Blackfeet,Blackfeet,EVI,2577.187463856284
2007-07-12T06:00:00Z,tribes_blackfeet_Blackfeet,Blackfeet,NDVI,3906.3317512706694
2007-07-12T06:00:00Z,tribes_flathead_Flathead,Flathead,EVI,2758.991209049404
2007-07-12T06:00:00Z,tribes_flathead_Flathead,Flathead,NDVI,5264.311418383128
2007-07-28T06:00:00Z,tribes_northern-cheyenne_Northern Cheyenne,Northern Cheyenne,EVI,2394.49477974883
2007-07-28T06:00:00Z,tribes_northern-cheyenne_Northern Cheyenne,Northern Cheyenne,NDVI,4512.1111594871845
2007-07-28T06:00:00Z,tribes_crow_Crow,Crow,EVI,2375.028606481828
2007-07-28T06:00:00Z,tribes_crow_Crow,Crow,NDVI,4115.73526250168
2007-07-28T06:00:00Z,tribes_fort-peck_Fort Peck,Fort Peck,EVI,2132.784246312009
2007-07-28T06:00:00Z,tribes_fort-peck_Fort Peck,Fort Peck,NDVI,3660.8605973808385
2007-07-28T06:00:00Z,tribes_fort-belknap_Fort Belknap,Fort Belknap,EVI,2066.1698094064095
2007-07-28T06:00:00Z,tribes_fort-belknap_Fort Belknap,Fort Belknap,NDVI,3472.95047081413
2007-07-28T06:00:00Z,tribes_rocky-boys_Rocky Boy's,Rocky Boy's,EVI,3281.861291619884
2007-07-28T06:00:00Z,tribes_rocky-boys_Rocky Boy's,Rocky Boy's,NDVI,5143.132502345962
2007-07-28T06:00:00Z,tribes_blackfeet_Blackfeet,Blackfeet,EVI,2192.851706159694
2007-07-28T06:00:00Z,tribes_blackfeet_Blackfeet,Blackfeet,NDVI,3407.9757628583807
2007-07-28T06:00:00Z,tribes_flathead_Flathead,Flathead,EVI,2613.78201855249
2007-07-28T06:00:00Z,tribes_flathead_Flathead,Flathead,NDVI,4912.319019907048
2007-08-13T06:00:00Z,tribes_northern-cheyenne_Northern Cheyenne,Northern Cheyenne,EVI,2190.4381772011934
2007-08-13T06:00:00Z,tribes_northern-cheyenne_Northern Cheyenne,Northern Cheyenne,NDVI,4278.714358672678
2007-08-13T06:00:00Z,tribes_crow_Crow,Crow,EVI,2087.404897455373
2007-08-13T06:00:00Z,tribes_crow_Crow,Crow,NDVI,3631.9558738681485
2007-08-13T06:00:00Z,tribes_fort-peck_Fort Peck,Fort Peck,EVI,1854.5827644141957
2007-08-13T06:00:00Z,tribes_fort-peck_Fort Peck,Fort Peck,NDVI,3027.634039678793
2007-08-13T06:00:00Z,tribes_fort-belknap_Fort Belknap,Fort Belknap,EVI,1923.4181680391423
2007-08-13T06:00:00Z,tribes_fort-belknap_Fort Belknap,Fort Belknap,NDVI,3099.30794565779
2007-08-13T06:00:00Z,tribes_rocky-boys_Rocky Boy's,Rocky Boy's,EVI,2958.37673843131
2007-08-13T06:00:00Z,tribes_rocky-boys_Rocky Boy's,Rocky Boy's,NDVI,4582.284901029716
2007-08-13T06:00:00Z,tribes_blackfeet_Blackfeet,Blackfeet,EVI,1997.8735796115984
2007-08-13T06:00:00Z,tribes_blackfeet_Blackfeet,Blackfeet,NDVI,3287.1470454316122
2007-08-13T06:00:00Z,tribes_flathead_Flathead,Flathead,EVI,2409.5926217711476
2007-08-13T06:00:00Z,tribes_flathead_Flathead,Flathead,NDVI,4788.979091251944
2007-08-29T06:00:00Z,tribes_northern-cheyenne_Northern Cheyenne,Northern Cheyenne,EVI,2102.299791814132
2007-08-29T06:00:00Z,tribes_northern-cheyenne_Northern Cheyenne,Northern Cheyenne,NDVI,3925.2186921974667
2007-08-29T06:00:00Z,tribes_crow_Crow,Crow,EVI,1996.3369400151407
2007-08-29T06:00:00Z,tribes_crow_Crow,Crow,NDVI,3532.8189719943553
2007-08-29T06:00:00Z,tribes_fort-peck_Fort Peck,Fort Peck,EVI,1709.509759145997
2007-08-29T06:00:00Z,tribes_fort-peck_Fort Peck,Fort Peck,NDVI,2954.93628627076
2007-08-29T06:00:00Z,tribes_fort-belknap_Fort Belknap,Fort Belknap,EVI,1789.2637854927996
2007-08-29T06:00:00Z,tribes_fort-belknap_Fort Belknap,Fort Belknap,NDVI,3002.3054210767405
2007-08-29T06:00:00Z,tribes_rocky-boys_Rocky Boy's,Rocky Boy's,EVI,2405.589272681988
2007-08-29T06:00:00Z,tribes_rocky-boys_Rocky Boy's,Rocky Boy's,NDVI,4275.803371105691
2007-08-29T06:00:00Z,tribes_blackfeet_Blackfeet,Blackfeet,EVI,1849.7038409861989
2007-08-29T06:00:00Z,tribes_blackfeet_Blackfeet,Blackfeet,NDVI,3052.24752541951
2007-08-29T06:00:00Z,tribes_flathead_Flathead,Flathead,EVI,2386.8471904761377
2007-08-29T06:00:00Z,tribes_flathead_Flathead,Flathead,NDVI,4749.052279575021
2007-09-14T06:00:00Z,tribes_northern-cheyenne_Northern Cheyenne,Northern Cheyenne,EVI,1916.5725241645362
2007-09-14T06:00:00Z,tribes_northern-cheyenne_Northern Cheyenne,Northern Cheyenne,NDVI,3800.8199320479766
2007-09-14T06:00:00Z,tribes_crow_Crow,Crow,EVI,1794.2599962062645
2007-09-14T06:00:00Z,tribes_crow_Crow,Crow,NDVI,3265.23616346456
2007-09-14T06:00:00Z,tribes_fort-peck_Fort Peck,Fort Peck,EVI,1512.518962435515
2007-09-14T06:00:00Z,tribes_fort-peck_Fort Peck,Fort Peck,NDVI,2686.7449511438986
2007-09-14T06:00:00Z,tribes_fort-belknap_Fort Belknap,Fort Belknap,EVI,1599.9395028494985
2007-09-14T06:00:00Z,tribes_fort-belknap_Fort Belknap,Fort Belknap,NDVI,2951.0405030628945
2007-09-14T06:00:00Z,tribes_rocky-boys_Rocky Boy's,Rocky Boy's,EVI,2049.9033773283477
2007-09-14T06:00:00Z,tribes_rocky-boys_Rocky Boy's,Rocky Boy's,NDVI,3945.5765907150944
2007-09-14T06:00:00Z,tribes_blackfeet_Blackfeet,Blackfeet,EVI,1754.9405074458298
2007-09-14T06:00:00Z,tribes_blackfeet_Blackfeet,Blackfeet,NDVI,3025.66723307391
2007-09-14T06:00:00Z,tribes_flathead_Flathead,Flathead,EVI,2280.034699058857
2007-09-14T06:00:00Z,tribes_flathead_Flathead,Flathead,NDVI,4460.560704977457
2007-09-30T06:00:00Z,tribes_northern-cheyenne_Northern Cheyenne,Northern Cheyenne,EVI,1736.3284669661275
2007-09-30T06:00:00Z,tribes_northern-cheyenne_Northern Cheyenne,Northern Cheyenne,NDVI,3725.512467690604
2007-09-30T06:00:00Z,tribes_crow_Crow,Crow,EVI,1632.3144040404966
2007-09-30T06:00:00Z,tribes_crow_Crow,Crow,NDVI,3176.886011492898
2007-09-30T06:00:00Z,tribes_fort-peck_Fort Peck,Fort Peck,EVI,1351.9869408904378
2007-09-30T06:00:00Z,tribes_fort-peck_Fort Peck,Fort Peck,NDVI,2503.05963950667
2007-09-30T06:00:00Z,tribes_fort-belknap_Fort Belknap,Fort Belknap,EVI,1487.7062129129108
2007-09-30T06:00:00Z,tribes_fort-belknap_Fort Belknap,Fort Belknap,NDVI,2984.9493812537758
2007-09-30T06:00:00Z,tribes_rocky-boys_Rocky Boy's,Rocky Boy's,EVI,1781.1169115697855
2007-09-30T06:00:00Z,tribes_rocky-boys_Rocky Boy's,Rocky Boy's,NDVI,3557.887518375958
2007-09-30T06:00:00Z,tribes_blackfeet_Blackfeet,Blackfeet,EVI,1532.8511089513438
2007-09-30T06:00:00Z,tribes_blackfeet_Blackfeet,Blackfeet,NDVI,2699.824616652421
2007-09-30T06:00:00Z,tribes_flathead_Flathead,Flathead,EVI,2202.060839787249
2007-09-30T06:00:00Z,tribes_flathead_Flathead,Flathead,NDVI,4677.945049300794
2007-10-16T06:00:00Z,tribes_northern-cheyenne_Northern Cheyenne,Northern Cheyenne,EVI,1735.2167967407443
2007-10-16T06:00:00Z,tribes_northern-cheyenne_Northern Cheyenne,Northern Cheyenne,NDVI,3765.4322651001735
2007-10-16T06:00:00Z,tribes_crow_Crow,Crow,EVI,1741.5575957954015
2007-10-16T06:00:00Z,tribes_crow_Crow,Crow,NDVI,3355.2913140373444
2007-10-16T06:00:00Z,tribes_fort-peck_Fort Peck,Fort Peck,EVI,1336.492187790102
2007-10-16T06:00:00Z,tribes_fort-peck_Fort Peck,Fort Peck,NDVI,2425.223406669671
2007-10-16T06:00:00Z,tribes_fort-belknap_Fort Belknap,Fort Belknap,EVI,1514.1644201094723
2007-10-16T06:00:00Z,tribes_fort-belknap_Fort Belknap,Fort Belknap,NDVI,2794.5182262894755
2007-10-16T06:00:00Z,tribes_rocky-boys_Rocky Boy's,Rocky Boy's,EVI,1714.715463657095
2007-10-16T06:00:00Z,tribes_rocky-boys_Rocky Boy's,Rocky Boy's,NDVI,3389.862096168381
2007-10-16T06:00:00Z,tribes_blackfeet_Blackfeet,Blackfeet,EVI,1505.587291795293
2007-10-16T06:00:00Z,tribes_blackfeet_Blackfeet,Blackfeet,NDVI,2666.4733527447597
2007-10-16T06:00:00Z,tribes_flathead_Flathead,Flathead,EVI,2206.580271571221
2007-10-16T06:00:00Z,tribes_flathead_Flathead,Flathead,NDVI,4744.290721150792
2007-11-01T06:00:00Z,tribes_northern-cheyenne_Northern Cheyenne,Northern Cheyenne,EVI,1696.3819973907532
2007-11-01T06:00:00Z,tribes_northern-cheyenne_Northern Cheyenne,Northern Cheyenne,NDVI,3526.9571824529307
2007-11-01T06:00:00Z,tribes_crow_Crow,Crow,EVI,1660.7005199148462
2007-11-01T06:00:00Z,tribes_crow_Crow,Crow,NDVI,3190.740462788831
2007-11-01T06:00:00Z,tribes_fort-peck_Fort Peck,Fort Peck,EVI,1293.0802015984755
2007-11-01T06:00:00Z,tribes_fort-peck_Fort Peck,Fort Peck,NDVI,2334.4518005269183
2007-11-01T06:00:00Z,tribes_fort-belknap_Fort Belknap,Fort Belknap,EVI,1334.6268187846442
2007-11-01T06:00:00Z,tribes_fort-belknap_Fort Belknap,Fort Belknap,NDVI,2492.0668446093987
2007-11-01T06:00:00Z,tribes_rocky-boys_Rocky Boy's,Rocky Boy's,EVI,1625.2592532718727
2007-11-01T06:00:00Z,tribes_rocky-boys_Rocky Boy's,Rocky Boy's,NDVI,3006.446124676392
2007-11-01T06:00:00Z,tribes_blackfeet_Blackfeet,Blackfeet,EVI,1469.37650352369
2007-11-01T06:00:00Z,tribes_blackfeet_Blackfeet,Blackfeet,NDVI,2380.4883814547106
2007-11-01T06:00:00Z,tribes_flathead_Flathead,Flathead,EVI,2072.3843500542202
2007-11-01T06:00:00Z,tribes_flathead_Flathead,Flathead,NDVI,4520.865465576453
2007-11-17T07:00:00Z,tribes_northern-cheyenne_Northern Cheyenne,Northern Cheyenne,EVI,1615.8244405338899
2007-11-17T07:00:00Z,tribes_northern-cheyenne_Northern Cheyenne,Northern Cheyenne,NDVI,3394.724721601126
2007-11-17T07:00:00Z,tribes_crow_Crow,Crow,EVI,1602.3207683184714
2007-11-17T07:00:00Z,tribes_crow_Crow,Crow,NDVI,2976.465294509036
2007-11-17T07:00:00Z,tribes_fort-peck_Fort Peck,Fort Peck,EVI,1305.161924455415
2007-11-17T07:00:00Z,tribes_fort-peck_Fort Peck,Fort Peck,NDVI,2139.3758322647914
2007-11-17T07:00:00Z,tribes_fort-belknap_Fort Belknap,Fort Belknap,EVI,1188.1642006486318
2007-11-17T07:00:00Z,tribes_fort-belknap_Fort Belknap,Fort Belknap,NDVI,2306.7786430523956
2007-11-17T07:00:00Z,tribes_rocky-boys_Rocky Boy's,Rocky Boy's,EVI,1429.360002825176
2007-11-17T07:00:00Z,tribes_rocky-boys_Rocky Boy's,Rocky Boy's,NDVI,2790.7811341617285
2007-11-17T07:00:00Z,tribes_blackfeet_Blackfeet,Blackfeet,EVI,1324.092070332052
2007-11-17T07:00:00Z,tribes_blackfeet_Blackfeet,Blackfeet,NDVI,2208.6932847042904
2007-11-17T07:00:00Z,tribes_flathead_Flathead,Flathead,EVI,1695.6666666666667
2007-11-17T07:00:00Z,tribes_flathead_Flathead,Flathead,NDVI,6530.916666666667
2007-12-03T07:00:00Z,tribes_northern-cheyenne_Northern Cheyenne,Northern Cheyenne,EVI,1614.0936753131293
2007-12-03T07:00:00Z,tribes_northern-cheyenne_Northern Cheyenne,Northern Cheyenne,NDVI,3446.126068573158
2007-12-03T07:00:00Z,tribes_crow_Crow,Crow,EVI,1462.8799996519567
2007-12-03T07:00:00Z,tribes_crow_Crow,Crow,NDVI,2743.0436154098797
2007-12-03T07:00:00Z,tribes_fort-peck_Fort Peck,Fort Peck,EVI,609.5
2007-12-03T07:00:00Z,tribes_fort-peck_Fort Peck,Fort Peck,NDVI,1529.9
2007-12-03T07:00:00Z,tribes_fort-belknap_Fort Belknap,Fort Belknap,EVI,1239.7028533466535
2007-12-03T07:00:00Z,tribes_fort-belknap_Fort Belknap,Fort Belknap,NDVI,2103.0878867048027
2007-12-03T07:00:00Z,tribes_rocky-boys_Rocky Boy's,Rocky Boy's,EVI,1481.6670960291376
2007-12-03T07:00:00Z,tribes_rocky-boys_Rocky Boy's,Rocky Boy's,NDVI,2506.3575997157322
2007-12-03T07:00:00Z,tribes_blackfeet_Blackfeet,Blackfeet,EVI,1264.388862743784
2007-12-03T07:00:00Z,tribes_blackfeet_Blackfeet,Blackfeet,NDVI,2028.0333427795697
2007-12-03T07:00:00Z,tribes_flathead_Flathead,Flathead,EVI,1847.1130313891535
2007-12-03T07:00:00Z,tribes_flathead_Flathead,Flathead,NDVI,3621.041551418121
2007-12-19T07:00:00Z,tribes_northern-cheyenne_Northern Cheyenne,Northern Cheyenne,EVI,1584.4718749770686
2007-12-19T07:00:00Z,tribes_northern-cheyenne_Northern Cheyenne,Northern Cheyenne,NDVI,3201.4189596888255
2007-12-19T07:00:00Z,tribes_crow_Crow,Crow,EVI,1418.3390662092822
2007-12-19T07:00:00Z,tribes_crow_Crow,Crow,NDVI,2524.8783838928503
2007-12-19T07:00:00Z,tribes_fort-peck_Fort Peck,Fort Peck,EVI,1125.7472893187055
2007-12-19T07:00:00Z,tribes_fort-peck_Fort Peck,Fort Peck,NDVI,1847.8746186859348
2007-12-19T07:00:00Z,tribes_fort-belknap_Fort Belknap,Fort Belknap,EVI,1196.2695684558128
2007-12-19T07:00:00Z,tribes_fort-belknap_Fort Belknap,Fort Belknap,NDVI,2057.9199428249153
2007-12-19T07:00:00Z,tribes_rocky-boys_Rocky Boy's,Rocky Boy's,EVI,1225.9581765346265
2007-12-19T07:00:00Z,tribes_rocky-boys_Rocky Boy's,Rocky Boy's,NDVI,1863.370067805619
2007-12-19T07:00:00Z,tribes_blackfeet_Blackfeet,Blackfeet,EVI,1120.156525733394
2007-12-19T07:00:00Z,tribes_blackfeet_Blackfeet,Blackfeet,NDVI,1799.08654466035
2007-12-19T07:00:00Z,tribes_flathead_Flathead,Flathead,EVI,1971.731977818854
2007-12-19T07:00:00Z,tribes_flathead_Flathead,Flathead,NDVI,3300.1534195933455
2008-01-01T07:00:00Z,tribes_northern-cheyenne_Northern Cheyenne,Northern Cheyenne,EVI,NA
2008-01-01T07:00:00Z,tribes_northern-cheyenne_Northern Cheyenne,Northern Cheyenne,NDVI,NA
2008-01-01T07:00:00Z,tribes_crow_Crow,Crow,EVI,1263.218973449715
2008-01-01T07:00:00Z,tribes_crow_Crow,Crow,NDVI,2065.0056786873242
2008-01-01T07:00:00Z,tribes_fort-peck_Fort Peck,Fort Peck,EVI,1096.6307841783546
2008-01-01T07:00:00Z,tribes_fort-peck_Fort Peck,Fort Peck,NDVI,1871.2810335447084
2008-01-01T07:00:00Z,tribes_fort-belknap_Fort Belknap,Fort Belknap,EVI,1149.0417908368195
2008-01-01T07:00:00Z,tribes_fort-belknap_Fort Belknap,Fort Belknap,NDVI,2097.5553081520056
2008-01-01T07:00:00Z,tribes_rocky-boys_Rocky Boy's,Rocky Boy's,EVI,1235.2069573783267
2008-01-01T07:00:00Z,tribes_rocky-boys_Rocky Boy's,Rocky Boy's,NDVI,2092.6853410917533
2008-01-01T07:00:00Z,tribes_blackfeet_Blackfeet,Blackfeet,EVI,1084.1488778859043
2008-01-01T07:00:00Z,tribes_blackfeet_Blackfeet,Blackfeet,NDVI,1794.8039811880124
2008-01-01T07:00:00Z,tribes_flathead_Flathead,Flathead,EVI,1618.5715028601144
2008-01-01T07:00:00Z,tribes_flathead_Flathead,Flathead,NDVI,2834.7966718668745
2008-01-17T07:00:00Z,tribes_northern-cheyenne_Northern Cheyenne,Northern Cheyenne,EVI,NA
2008-01-17T07:00:00Z,tribes_northern-cheyenne_Northern Cheyenne,Northern Cheyenne,NDVI,NA
2008-01-17T07:00:00Z,tribes_crow_Crow,Crow,EVI,NA
2008-01-17T07:00:00Z,tribes_crow_Crow,Crow,NDVI,NA
2008-01-17T07:00:00Z,tribes_fort-peck_Fort Peck,Fort Peck,EVI,867
2008-01-17T07:00:00Z,tribes_fort-peck_Fort Peck,Fort Peck,NDVI,1532.25
2008-01-17T07:00:00Z,tribes_fort-belknap_Fort Belknap,Fort Belknap,EVI,NA
2008-01-17T07:00:00Z,tribes_fort-belknap_Fort Belknap,Fort Belknap,NDVI,NA
2008-01-17T07:00:00Z,tribes_rocky-boys_Rocky Boy's,Rocky Boy's,EVI,NA
2008-01-17T07:00:00Z,tribes_rocky-boys_Rocky Boy's,Rocky Boy's,NDVI,NA
2008-01-17T07:00:00Z,tribes_blackfeet_Blackfeet,Blackfeet,EVI,NA
2008-01-17T07:00:00Z,tribes_blackfeet_Blackfeet,Blackfeet,NDVI,NA
2008-01-17T07:00:00Z,tribes_flathead_Flathead,Flathead,EVI,NA
2008-01-17T07:00:00Z,tribes_flathead_Flathead,Flathead,NDVI,NA
2008-02-02T07:00:00Z,tribes_northern-cheyenne_Northern Cheyenne,Northern Cheyenne,EVI,NA
2008-02-02T07:00:00Z,tribes_northern-cheyenne_Northern Cheyenne,Northern Cheyenne,NDVI,NA
2008-02-02T07:00:00Z,tribes_crow_Crow,Crow,EVI,1226.3705564274992
2008-02-02T07:00:00Z,tribes_crow_Crow,Crow,NDVI,1884.9867566360022
2008-02-02T07:00:00Z,tribes_fort-peck_Fort Peck,Fort Peck,EVI,NA
2008-02-02T07:00:00Z,tribes_fort-peck_Fort Peck,Fort Peck,NDVI,NA
2008-02-02T07:00:00Z,tribes_fort-belknap_Fort Belknap,Fort Belknap,EVI,NA
2008-02-02T07:00:00Z,tribes_fort-belknap_Fort Belknap,Fort Belknap,NDVI,NA
2008-02-02T07:00:00Z,tribes_rocky-boys_Rocky Boy's,Rocky Boy's,EVI,1113.1049276783524
2008-02-02T07:00:00Z,tribes_rocky-boys_Rocky Boy's,Rocky Boy's,NDVI,1554.6217210100513
2008-02-02T07:00:00Z,tribes_blackfeet_Blackfeet,Blackfeet,EVI,NA
2008-02-02T07:00:00Z,tribes_blackfeet_Blackfeet,Blackfeet,NDVI,NA
2008-02-02T07:00:00Z,tribes_flathead_Flathead,Flathead,EVI,1191.657894736842
2008-02-02T07:00:00Z,tribes_flathead_Flathead,Flathead,NDVI,2253.657894736842
2008-02-18T07:00:00Z,tribes_northern-cheyenne_Northern Cheyenne,Northern Cheyenne,EVI,1188.629152714824
2008-02-18T07:00:00Z,tribes_northern-cheyenne_Northern Cheyenne,Northern Cheyenne,NDVI,2197.8230663058303
2008-02-18T07:00:00Z,tribes_crow_Crow,Crow,EVI,1219.1440345469405
2008-02-18T07:00:00Z,tribes_crow_Crow,Crow,NDVI,2092.9079898621626
2008-02-18T07:00:00Z,tribes_fort-peck_Fort Peck,Fort Peck,EVI,1089.1703640827325
2008-02-18T07:00:00Z,tribes_fort-peck_Fort Peck,Fort Peck,NDVI,1852.1499396995534
2008-02-18T07:00:00Z,tribes_fort-belknap_Fort Belknap,Fort Belknap,EVI,1063.0777801656016
2008-02-18T07:00:00Z,tribes_fort-belknap_Fort Belknap,Fort Belknap,NDVI,1785.0552996046495
2008-02-18T07:00:00Z,tribes_rocky-boys_Rocky Boy's,Rocky Boy's,EVI,1050.5382838625164
2008-02-18T07:00:00Z,tribes_rocky-boys_Rocky Boy's,Rocky Boy's,NDVI,1857.8507084496862
2008-02-18T07:00:00Z,tribes_blackfeet_Blackfeet,Blackfeet,EVI,914.8061340941512
2008-02-18T07:00:00Z,tribes_blackfeet_Blackfeet,Blackfeet,NDVI,1463.4380884450786
2008-02-18T07:00:00Z,tribes_flathead_Flathead,Flathead,EVI,1583.642418364048
2008-02-18T07:00:00Z,tribes_flathead_Flathead,Flathead,NDVI,2960.6369220821207
2008-03-05T07:00:00Z,tribes_northern-cheyenne_Northern Cheyenne,Northern Cheyenne,EVI,1430.634127100124
2008-03-05T07:00:00Z,tribes_northern-cheyenne_Northern Cheyenne,Northern Cheyenne,NDVI,2665.953262888347
2008-03-05T07:00:00Z,tribes_crow_Crow,Crow,EVI,1349.156343371666
2008-03-05T07:00:00Z,tribes_crow_Crow,Crow,NDVI,2352.9607783720585
2008-03-05T07:00:00Z,tribes_fort-peck_Fort Peck,Fort Peck,EVI,1130.9625381727076
2008-03-05T07:00:00Z,tribes_fort-peck_Fort Peck,Fort Peck,NDVI,1951.6630474123633
2008-03-05T07:00:00Z,tribes_fort-belknap_Fort Belknap,Fort Belknap,EVI,1200.8989535759179
2008-03-05T07:00:00Z,tribes_fort-belknap_Fort Belknap,Fort Belknap,NDVI,2139.3957930462225
2008-03-05T07:00:00Z,tribes_rocky-boys_Rocky Boy's,Rocky Boy's,EVI,1191.014202366778
2008-03-05T07:00:00Z,tribes_rocky-boys_Rocky Boy's,Rocky Boy's,NDVI,1986.536999453427
2008-03-05T07:00:00Z,tribes_blackfeet_Blackfeet,Blackfeet,EVI,1023.2695301772903
2008-03-05T07:00:00Z,tribes_blackfeet_Blackfeet,Blackfeet,NDVI,1748.8731685487696
2008-03-05T07:00:00Z,tribes_flathead_Flathead,Flathead,EVI,1623.4412498518598
2008-03-05T07:00:00Z,tribes_flathead_Flathead,Flathead,NDVI,3048.526320590055
2008-03-21T06:00:00Z,tribes_northern-cheyenne_Northern Cheyenne,Northern Cheyenne,EVI,1537.200404782934
2008-03-21T06:00:00Z,tribes_northern-cheyenne_Northern Cheyenne,Northern Cheyenne,NDVI,2911.457550587187
2008-03-21T06:00:00Z,tribes_crow_Crow,Crow,EVI,1420.5935300270173
2008-03-21T06:00:00Z,tribes_crow_Crow,Crow,NDVI,2449.2847574350326
2008-03-21T06:00:00Z,tribes_fort-peck_Fort Peck,Fort Peck,EVI,1102.9595904352896
2008-03-21T06:00:00Z,tribes_fort-peck_Fort Peck,Fort Peck,NDVI,1909.7190453153355
2008-03-21T06:00:00Z,tribes_fort-belknap_Fort Belknap,Fort Belknap,EVI,1199.8692225648851
2008-03-21T06:00:00Z,tribes_fort-belknap_Fort Belknap,Fort Belknap,NDVI,1994.0984556450676
2008-03-21T06:00:00Z,tribes_rocky-boys_Rocky Boy's,Rocky Boy's,EVI,1188.7658277608227
2008-03-21T06:00:00Z,tribes_rocky-boys_Rocky Boy's,Rocky Boy's,NDVI,1971.4879912756057
2008-03-21T06:00:00Z,tribes_blackfeet_Blackfeet,Blackfeet,EVI,1028.6629581191169
2008-03-21T06:00:00Z,tribes_blackfeet_Blackfeet,Blackfeet,NDVI,1699.0112430898073
2008-03-21T06:00:00Z,tribes_flathead_Flathead,Flathead,EVI,1932.0722690063853
2008-03-21T06:00:00Z,tribes_flathead_Flathead,Flathead,NDVI,3475.039116087804
2008-04-06T06:00:00Z,tribes_northern-cheyenne_Northern Cheyenne,Northern Cheyenne,EVI,1660.442539580706
2008-04-06T06:00:00Z,tribes_northern-cheyenne_Northern Cheyenne,Northern Cheyenne,NDVI,3137.1677831259435
2008-04-06T06:00:00Z,tribes_crow_Crow,Crow,EVI,1574.5305792782906
2008-04-06T06:00:00Z,tribes_crow_Crow,Crow,NDVI,2680.559116299242
2008-04-06T06:00:00Z,tribes_fort-peck_Fort Peck,Fort Peck,EVI,1200.6278604941265
2008-04-06T06:00:00Z,tribes_fort-peck_Fort Peck,Fort Peck,NDVI,2082.2633768771757
2008-04-06T06:00:00Z,tribes_fort-belknap_Fort Belknap,Fort Belknap,EVI,1383.6540248558695
2008-04-06T06:00:00Z,tribes_fort-belknap_Fort Belknap,Fort Belknap,NDVI,2356.965343933316
2008-04-06T06:00:00Z,tribes_rocky-boys_Rocky Boy's,Rocky Boy's,EVI,1441.5367905757516
2008-04-06T06:00:00Z,tribes_rocky-boys_Rocky Boy's,Rocky Boy's,NDVI,2366.976183558098
2008-04-06T06:00:00Z,tribes_blackfeet_Blackfeet,Blackfeet,EVI,1124.7679813484342
2008-04-06T06:00:00Z,tribes_blackfeet_Blackfeet,Blackfeet,NDVI,1885.4818043133694
2008-04-06T06:00:00Z,tribes_flathead_Flathead,Flathead,EVI,2037.023089237836
2008-04-06T06:00:00Z,tribes_flathead_Flathead,Flathead,NDVI,3755.4886526168607
2008-04-22T06:00:00Z,tribes_northern-cheyenne_Northern Cheyenne,Northern Cheyenne,EVI,1750.1990879543494
2008-04-22T06:00:00Z,tribes_northern-cheyenne_Northern Cheyenne,Northern Cheyenne,NDVI,3219.1184824555553
2008-04-22T06:00:00Z,tribes_crow_Crow,Crow,EVI,1818.275682659989
2008-04-22T06:00:00Z,tribes_crow_Crow,Crow,NDVI,3076.2773655079145
2008-04-22T06:00:00Z,tribes_fort-peck_Fort Peck,Fort Peck,EVI,1285.030108507813
2008-04-22T06:00:00Z,tribes_fort-peck_Fort Peck,Fort Peck,NDVI,2386.3588903042823
2008-04-22T06:00:00Z,tribes_fort-belknap_Fort Belknap,Fort Belknap,EVI,1491.9187616853044
2008-04-22T06:00:00Z,tribes_fort-belknap_Fort Belknap,Fort Belknap,NDVI,2575.5343171669006
2008-04-22T06:00:00Z,tribes_rocky-boys_Rocky Boy's,Rocky Boy's,EVI,1508.6564313199074
2008-04-22T06:00:00Z,tribes_rocky-boys_Rocky Boy's,Rocky Boy's,NDVI,2542.1697931251038
2008-04-22T06:00:00Z,tribes_blackfeet_Blackfeet,Blackfeet,EVI,1255.3265187290342
2008-04-22T06:00:00Z,tribes_blackfeet_Blackfeet,Blackfeet,NDVI,2091.953114870095
2008-04-22T06:00:00Z,tribes_flathead_Flathead,Flathead,EVI,2567.370551320839
2008-04-22T06:00:00Z,tribes_flathead_Flathead,Flathead,NDVI,4437.089290296025
2008-05-08T06:00:00Z,tribes_northern-cheyenne_Northern Cheyenne,Northern Cheyenne,EVI,2215.756453196452
2008-05-08T06:00:00Z,tribes_northern-cheyenne_Northern Cheyenne,Northern Cheyenne,NDVI,4062.706637565654
2008-05-08T06:00:00Z,tribes_crow_Crow,Crow,EVI,2449.475020917711
2008-05-08T06:00:00Z,tribes_crow_Crow,Crow,NDVI,4144.898205052652
2008-05-08T06:00:00Z,tribes_fort-peck_Fort Peck,Fort Peck,EVI,1639.7862194908125
2008-05-08T06:00:00Z,tribes_fort-peck_Fort Peck,Fort Peck,NDVI,2789.278394567453
2008-05-08T06:00:00Z,tribes_fort-belknap_Fort Belknap,Fort Belknap,EVI,1694.24420870245
2008-05-08T06:00:00Z,tribes_fort-belknap_Fort Belknap,Fort Belknap,NDVI,2901.9221842558404
2008-05-08T06:00:00Z,tribes_rocky-boys_Rocky Boy's,Rocky Boy's,EVI,1952.873180982867
2008-05-08T06:00:00Z,tribes_rocky-boys_Rocky Boy's,Rocky Boy's,NDVI,3641.3816814532875
2008-05-08T06:00:00Z,tribes_blackfeet_Blackfeet,Blackfeet,EVI,1646.1027714603265
2008-05-08T06:00:00Z,tribes_blackfeet_Blackfeet,Blackfeet,NDVI,2743.406114641802
2008-05-08T06:00:00Z,tribes_flathead_Flathead,Flathead,EVI,2737.5591476207287
2008-05-08T06:00:00Z,tribes_flathead_Flathead,Flathead,NDVI,4887.2866550168455
2008-05-24T06:00:00Z,tribes_northern-cheyenne_Northern Cheyenne,Northern Cheyenne,EVI,2791.228545760019
2008-05-24T06:00:00Z,tribes_northern-cheyenne_Northern Cheyenne,Northern Cheyenne,NDVI,5287.7566274907795
2008-05-24T06:00:00Z,tribes_crow_Crow,Crow,EVI,3121.4193440130593
2008-05-24T06:00:00Z,tribes_crow_Crow,Crow,NDVI,5242.083158161955
2008-05-24T06:00:00Z,tribes_fort-peck_Fort Peck,Fort Peck,EVI,2345.2093017823227
2008-05-24T06:00:00Z,tribes_fort-peck_Fort Peck,Fort Peck,NDVI,3800.3896978298008
2008-05-24T06:00:00Z,tribes_fort-belknap_Fort Belknap,Fort Belknap,EVI,2366.8265277903265
2008-05-24T06:00:00Z,tribes_fort-belknap_Fort Belknap,Fort Belknap,NDVI,3882.385658968
2008-05-24T06:00:00Z,tribes_rocky-boys_Rocky Boy's,Rocky Boy's,EVI,3128.4832577858792
2008-05-24T06:00:00Z,tribes_rocky-boys_Rocky Boy's,Rocky Boy's,NDVI,5139.278782139721
2008-05-24T06:00:00Z,tribes_blackfeet_Blackfeet,Blackfeet,EVI,2532.382937032698
2008-05-24T06:00:00Z,tribes_blackfeet_Blackfeet,Blackfeet,NDVI,4488.414413533279
2008-05-24T06:00:00Z,tribes_flathead_Flathead,Flathead,EVI,3038.4306961592742
2008-05-24T06:00:00Z,tribes_flathead_Flathead,Flathead,NDVI,5666.8442135072355
2008-06-09T06:00:00Z,tribes_northern-cheyenne_Northern Cheyenne,Northern Cheyenne,EVI,3292.641509979497
2008-06-09T06:00:00Z,tribes_northern-cheyenne_Northern Cheyenne,Northern Cheyenne,NDVI,5576.073867820868
2008-06-09T06:00:00Z,tribes_crow_Crow,Crow,EVI,3449.3382246631904
2008-06-09T06:00:00Z,tribes_crow_Crow,Crow,NDVI,5455.144187930019
2008-06-09T06:00:00Z,tribes_fort-peck_Fort Peck,Fort Peck,EVI,2845.5941762048687
2008-06-09T06:00:00Z,tribes_fort-peck_Fort Peck,Fort Peck,NDVI,4679.603486524534
2008-06-09T06:00:00Z,tribes_fort-belknap_Fort Belknap,Fort Belknap,EVI,2565.0276371353375
2008-06-09T06:00:00Z,tribes_fort-belknap_Fort Belknap,Fort Belknap,NDVI,4556.357435037026
2008-06-09T06:00:00Z,tribes_rocky-boys_Rocky Boy's,Rocky Boy's,EVI,3732.807352279241
2008-06-09T06:00:00Z,tribes_rocky-boys_Rocky Boy's,Rocky Boy's,NDVI,6168.981898989201
2008-06-09T06:00:00Z,tribes_blackfeet_Blackfeet,Blackfeet,EVI,3061.4244602705985
2008-06-09T06:00:00Z,tribes_blackfeet_Blackfeet,Blackfeet,NDVI,5021.375625215586
2008-06-09T06:00:00Z,tribes_flathead_Flathead,Flathead,EVI,3428.4088126195634
2008-06-09T06:00:00Z,tribes_flathead_Flathead,Flathead,NDVI,5976.921326902725
2008-06-25T06:00:00Z,tribes_northern-cheyenne_Northern Cheyenne,Northern Cheyenne,EVI,3291.1186585476294
2008-06-25T06:00:00Z,tribes_northern-cheyenne_Northern Cheyenne,Northern Cheyenne,NDVI,5565.496160514284
2008-06-25T06:00:00Z,tribes_crow_Crow,Crow,EVI,3247.025543799332
2008-06-25T06:00:00Z,tribes_crow_Crow,Crow,NDVI,5326.7198788740925
2008-06-25T06:00:00Z,tribes_fort-peck_Fort Peck,Fort Peck,EVI,2919.233120048587
2008-06-25T06:00:00Z,tribes_fort-peck_Fort Peck,Fort Peck,NDVI,4737.71257012233
2008-06-25T06:00:00Z,tribes_fort-belknap_Fort Belknap,Fort Belknap,EVI,2678.335122887174
2008-06-25T06:00:00Z,tribes_fort-belknap_Fort Belknap,Fort Belknap,NDVI,4468.300370775382
2008-06-25T06:00:00Z,tribes_rocky-boys_Rocky Boy's,Rocky Boy's,EVI,4054.9003634524047
2008-06-25T06:00:00Z,tribes_rocky-boys_Rocky Boy's,Rocky Boy's,NDVI,6181.196051282747
2008-06-25T06:00:00Z,tribes_blackfeet_Blackfeet,Blackfeet,EVI,3423.4447965654863
2008-06-25T06:00:00Z,tribes_blackfeet_Blackfeet,Blackfeet,NDVI,5472.453518116624
2008-06-25T06:00:00Z,tribes_flathead_Flathead,Flathead,EVI,3119.4075198925234
2008-06-25T06:00:00Z,tribes_flathead_Flathead,Flathead,NDVI,5804.526399959471
2008-07-11T06:00:00Z,tribes_northern-cheyenne_Northern Cheyenne,Northern Cheyenne,EVI,2862.5667911217174
2008-07-11T06:00:00Z,tribes_northern-cheyenne_Northern Cheyenne,Northern Cheyenne,NDVI,5050.422574190226
2008-07-11T06:00:00Z,tribes_crow_Crow,Crow,EVI,2694.4809608558867
2008-07-11T06:00:00Z,tribes_crow_Crow,Crow,NDVI,4510.717214222536
2008-07-11T06:00:00Z,tribes_fort-peck_Fort Peck,Fort Peck,EVI,2174.616838859959
2008-07-11T06:00:00Z,tribes_fort-peck_Fort Peck,Fort Peck,NDVI,3673.1560791482707
2008-07-11T06:00:00Z,tribes_fort-belknap_Fort Belknap,Fort Belknap,EVI,2374.826662489714
2008-07-11T06:00:00Z,tribes_fort-belknap_Fort Belknap,Fort Belknap,NDVI,4007.784602341693
2008-07-11T06:00:00Z,tribes_rocky-boys_Rocky Boy's,Rocky Boy's,EVI,3581.178901528235
2008-07-11T06:00:00Z,tribes_rocky-boys_Rocky Boy's,Rocky Boy's,NDVI,5831.773112438667
2008-07-11T06:00:00Z,tribes_blackfeet_Blackfeet,Blackfeet,EVI,3334.9166144226524
2008-07-11T06:00:00Z,tribes_blackfeet_Blackfeet,Blackfeet,NDVI,5178.166683949234
2008-07-11T06:00:00Z,tribes_flathead_Flathead,Flathead,EVI,2977.0128352070046
2008-07-11T06:00:00Z,tribes_flathead_Flathead,Flathead,NDVI,5435.157181612521
2008-07-27T06:00:00Z,tribes_northern-cheyenne_Northern Cheyenne,Northern Cheyenne,EVI,2605.1225177524907
2008-07-27T06:00:00Z,tribes_northern-cheyenne_Northern Cheyenne,Northern Cheyenne,NDVI,4568.481654527433
2008-07-27T06:00:00Z,tribes_crow_Crow,Crow,EVI,2309.075590075266
2008-07-27T06:00:00Z,tribes_crow_Crow,Crow,NDVI,3929.3708275048366
2008-07-27T06:00:00Z,tribes_fort-peck_Fort Peck,Fort Peck,EVI,1879.971415129817
2008-07-27T06:00:00Z,tribes_fort-peck_Fort Peck,Fort Peck,NDVI,3213.9458745660017
2008-07-27T06:00:00Z,tribes_fort-belknap_Fort Belknap,Fort Belknap,EVI,2220.299256643123
2008-07-27T06:00:00Z,tribes_fort-belknap_Fort Belknap,Fort Belknap,NDVI,3848.513631211196
2008-07-27T06:00:00Z,tribes_rocky-boys_Rocky Boy's,Rocky Boy's,EVI,3111.8283375650676
2008-07-27T06:00:00Z,tribes_rocky-boys_Rocky Boy's,Rocky Boy's,NDVI,5128.62538293122
2008-07-27T06:00:00Z,tribes_blackfeet_Blackfeet,Blackfeet,EVI,3132.9046760484985
2008-07-27T06:00:00Z,tribes_blackfeet_Blackfeet,Blackfeet,NDVI,4844.57899715547
2008-07-27T06:00:00Z,tribes_flathead_Flathead,Flathead,EVI,2937.663453949012
2008-07-27T06:00:00Z,tribes_flathead_Flathead,Flathead,NDVI,5219.521478360238
2008-08-12T06:00:00Z,tribes_northern-cheyenne_Northern Cheyenne,Northern Cheyenne,EVI,2309.6825157741855
2008-08-12T06:00:00Z,tribes_northern-cheyenne_Northern Cheyenne,Northern Cheyenne,NDVI,4211.638633911205
2008-08-12T06:00:00Z,tribes_crow_Crow,Crow,EVI,2047.8628902044588
2008-08-12T06:00:00Z,tribes_crow_Crow,Crow,NDVI,3440.770848927025
2008-08-12T06:00:00Z,tribes_fort-peck_Fort Peck,Fort Peck,EVI,1666.56424883631
2008-08-12T06:00:00Z,tribes_fort-peck_Fort Peck,Fort Peck,NDVI,2954.6419604973357
2008-08-12T06:00:00Z,tribes_fort-belknap_Fort Belknap,Fort Belknap,EVI,1931.6281996900877
2008-08-12T06:00:00Z,tribes_fort-belknap_Fort Belknap,Fort Belknap,NDVI,3377.3859424152824
2008-08-12T06:00:00Z,tribes_rocky-boys_Rocky Boy's,Rocky Boy's,EVI,2710.8179454347674
2008-08-12T06:00:00Z,tribes_rocky-boys_Rocky Boy's,Rocky Boy's,NDVI,4644.9960756379405
2008-08-12T06:00:00Z,tribes_blackfeet_Blackfeet,Blackfeet,EVI,2584.212532233429
2008-08-12T06:00:00Z,tribes_blackfeet_Blackfeet,Blackfeet,NDVI,4231.412317624713
2008-08-12T06:00:00Z,tribes_flathead_Flathead,Flathead,EVI,2476.485794513036
2008-08-12T06:00:00Z,tribes_flathead_Flathead,Flathead,NDVI,4990.482411670915
2008-08-28T06:00:00Z,tribes_northern-cheyenne_Northern Cheyenne,Northern Cheyenne,EVI,2124.983239152968
2008-08-28T06:00:00Z,tribes_northern-cheyenne_Northern Cheyenne,Northern Cheyenne,NDVI,4147.538608092552
2008-08-28T06:00:00Z,tribes_crow_Crow,Crow,EVI,1866.7559701823054
2008-08-28T06:00:00Z,tribes_crow_Crow,Crow,NDVI,3316.638840725522
2008-08-28T06:00:00Z,tribes_fort-peck_Fort Peck,Fort Peck,EVI,1607.104300280424
2008-08-28T06:00:00Z,tribes_fort-peck_Fort Peck,Fort Peck,NDVI,2883.592597752692
2008-08-28T06:00:00Z,tribes_fort-belknap_Fort Belknap,Fort Belknap,EVI,1909.527652975566
2008-08-28T06:00:00Z,tribes_fort-belknap_Fort Belknap,Fort Belknap,NDVI,3288.1935073679915
2008-08-28T06:00:00Z,tribes_rocky-boys_Rocky Boy's,Rocky Boy's,EVI,2473.0708706090636
2008-08-28T06:00:00Z,tribes_rocky-boys_Rocky Boy's,Rocky Boy's,NDVI,4345.782404689525
2008-08-28T06:00:00Z,tribes_blackfeet_Blackfeet,Blackfeet,EVI,2481.1317979530304
2008-08-28T06:00:00Z,tribes_blackfeet_Blackfeet,Blackfeet,NDVI,3974.040041531353
2008-08-28T06:00:00Z,tribes_flathead_Flathead,Flathead,EVI,2525.2507065917803
2008-08-28T06:00:00Z,tribes_flathead_Flathead,Flathead,NDVI,4983.704177723325
2008-09-13T06:00:00Z,tribes_northern-cheyenne_Northern Cheyenne,Northern Cheyenne,EVI,2045.4481685795008
2008-09-13T06:00:00Z,tribes_northern-cheyenne_Northern Cheyenne,Northern Cheyenne,NDVI,4047.6128774976014
2008-09-13T06:00:00Z,tribes_crow_Crow,Crow,EVI,1964.894762920227
2008-09-13T06:00:00Z,tribes_crow_Crow,Crow,NDVI,3669.7743415645505
2008-09-13T06:00:00Z,tribes_fort-peck_Fort Peck,Fort Peck,EVI,1545.7578085555958
2008-09-13T06:00:00Z,tribes_fort-peck_Fort Peck,Fort Peck,NDVI,2886.3938726752713
2008-09-13T06:00:00Z,tribes_fort-belknap_Fort Belknap,Fort Belknap,EVI,2001.8438488449078
2008-09-13T06:00:00Z,tribes_fort-belknap_Fort Belknap,Fort Belknap,NDVI,3695.081559237926
2008-09-13T06:00:00Z,tribes_rocky-boys_Rocky Boy's,Rocky Boy's,EVI,2357.4479004427544
2008-09-13T06:00:00Z,tribes_rocky-boys_Rocky Boy's,Rocky Boy's,NDVI,4564.6525711810855
2008-09-13T06:00:00Z,tribes_blackfeet_Blackfeet,Blackfeet,EVI,2065.0000649969384
2008-09-13T06:00:00Z,tribes_blackfeet_Blackfeet,Blackfeet,NDVI,3657.7469661492873
2008-09-13T06:00:00Z,tribes_flathead_Flathead,Flathead,EVI,2335.7198157337743
2008-09-13T06:00:00Z,tribes_flathead_Flathead,Flathead,NDVI,4809.647296864252
2008-09-29T06:00:00Z,tribes_northern-cheyenne_Northern Cheyenne,Northern Cheyenne,EVI,2086.3038304374954
2008-09-29T06:00:00Z,tribes_northern-cheyenne_Northern Cheyenne,Northern Cheyenne,NDVI,3918.5285911990004
2008-09-29T06:00:00Z,tribes_crow_Crow,Crow,EVI,2054.103185985421
2008-09-29T06:00:00Z,tribes_crow_Crow,Crow,NDVI,3758.026903324037
2008-09-29T06:00:00Z,tribes_fort-peck_Fort Peck,Fort Peck,EVI,1362.6762755756688
2008-09-29T06:00:00Z,tribes_fort-peck_Fort Peck,Fort Peck,NDVI,2724.803456638806
2008-09-29T06:00:00Z,tribes_fort-belknap_Fort Belknap,Fort Belknap,EVI,1879.4710308629376
2008-09-29T06:00:00Z,tribes_fort-belknap_Fort Belknap,Fort Belknap,NDVI,3483.52794085559
2008-09-29T06:00:00Z,tribes_rocky-boys_Rocky Boy's,Rocky Boy's,EVI,2130.976405756318
2008-09-29T06:00:00Z,tribes_rocky-boys_Rocky Boy's,Rocky Boy's,NDVI,4259.273221691506
2008-09-29T06:00:00Z,tribes_blackfeet_Blackfeet,Blackfeet,EVI,1873.5128611803484
2008-09-29T06:00:00Z,tribes_blackfeet_Blackfeet,Blackfeet,NDVI,3291.0871989878015
2008-09-29T06:00:00Z,tribes_flathead_Flathead,Flathead,EVI,2421.1384407955575
2008-09-29T06:00:00Z,tribes_flathead_Flathead,Flathead,NDVI,5037.460513438823
2008-10-15T06:00:00Z,tribes_northern-cheyenne_Northern Cheyenne,Northern Cheyenne,EVI,1832.1561489052704
2008-10-15T06:00:00Z,tribes_northern-cheyenne_Northern Cheyenne,Northern Cheyenne,NDVI,3772.6316554086097
2008-10-15T06:00:00Z,tribes_crow_Crow,Crow,EVI,2006.0171534653612
2008-10-15T06:00:00Z,tribes_crow_Crow,Crow,NDVI,3608.9620069331404
2008-10-15T06:00:00Z,tribes_fort-peck_Fort Peck,Fort Peck,EVI,1289.2417221680807
2008-10-15T06:00:00Z,tribes_fort-peck_Fort Peck,Fort Peck,NDVI,2553.666752204209
2008-10-15T06:00:00Z,tribes_fort-belknap_Fort Belknap,Fort Belknap,EVI,1904.7772119458557
2008-10-15T06:00:00Z,tribes_fort-belknap_Fort Belknap,Fort Belknap,NDVI,3265.164946607584
2008-10-15T06:00:00Z,tribes_rocky-boys_Rocky Boy's,Rocky Boy's,EVI,1872.3880330924196
2008-10-15T06:00:00Z,tribes_rocky-boys_Rocky Boy's,Rocky Boy's,NDVI,3638.8059801725576
2008-10-15T06:00:00Z,tribes_blackfeet_Blackfeet,Blackfeet,EVI,1654.3836191890769
2008-10-15T06:00:00Z,tribes_blackfeet_Blackfeet,Blackfeet,NDVI,2905.9160493554737
2008-10-15T06:00:00Z,tribes_flathead_Flathead,Flathead,EVI,2060.0051800350243
2008-10-15T06:00:00Z,tribes_flathead_Flathead,Flathead,NDVI,4581.21696945577
2008-10-31T06:00:00Z,tribes_northern-cheyenne_Northern Cheyenne,Northern Cheyenne,EVI,1821.1770597320535
2008-10-31T06:00:00Z,tribes_northern-cheyenne_Northern Cheyenne,Northern Cheyenne,NDVI,3620.581902912711
2008-10-31T06:00:00Z,tribes_crow_Crow,Crow,EVI,1848.2350268098764
2008-10-31T06:00:00Z,tribes_crow_Crow,Crow,NDVI,3476.1856031558955
2008-10-31T06:00:00Z,tribes_fort-peck_Fort Peck,Fort Peck,EVI,1209.5865061335696
2008-10-31T06:00:00Z,tribes_fort-peck_Fort Peck,Fort Peck,NDVI,2421.823562537851
2008-10-31T06:00:00Z,tribes_fort-belknap_Fort Belknap,Fort Belknap,EVI,1557.9003302381088
2008-10-31T06:00:00Z,tribes_fort-belknap_Fort Belknap,Fort Belknap,NDVI,3003.0179047358924
2008-10-31T06:00:00Z,tribes_rocky-boys_Rocky Boy's,Rocky Boy's,EVI,1556.7462074746043
2008-10-31T06:00:00Z,tribes_rocky-boys_Rocky Boy's,Rocky Boy's,NDVI,3235.9128428552103
2008-10-31T06:00:00Z,tribes_blackfeet_Blackfeet,Blackfeet,EVI,1505.5717063850393
2008-10-31T06:00:00Z,tribes_blackfeet_Blackfeet,Blackfeet,NDVI,2601.1903356442726
2008-10-31T06:00:00Z,tribes_flathead_Flathead,Flathead,EVI,2042.2328282539017
2008-10-31T06:00:00Z,tribes_flathead_Flathead,Flathead,NDVI,4275.965542923891
2008-11-16T07:00:00Z,tribes_northern-cheyenne_Northern Cheyenne,Northern Cheyenne,EVI,1742.8123158682715
2008-11-16T07:00:00Z,tribes_northern-cheyenne_Northern Cheyenne,Northern Cheyenne,NDVI,3543.866381060501
2008-11-16T07:00:00Z,tribes_crow_Crow,Crow,EVI,1759.7058361565353
2008-11-16T07:00:00Z,tribes_crow_Crow,Crow,NDVI,3274.939116343678
2008-11-16T07:00:00Z,tribes_fort-peck_Fort Peck,Fort Peck,EVI,1057.7933139013428
2008-11-16T07:00:00Z,tribes_fort-peck_Fort Peck,Fort Peck,NDVI,2093.3668063394625
2008-11-16T07:00:00Z,tribes_fort-belknap_Fort Belknap,Fort Belknap,EVI,1424.1197329610018
2008-11-16T07:00:00Z,tribes_fort-belknap_Fort Belknap,Fort Belknap,NDVI,2605.0925422240125
2008-11-16T07:00:00Z,tribes_rocky-boys_Rocky Boy's,Rocky Boy's,EVI,1215.9320046565044
2008-11-16T07:00:00Z,tribes_rocky-boys_Rocky Boy's,Rocky Boy's,NDVI,2235.2646405811847
2008-11-16T07:00:00Z,tribes_blackfeet_Blackfeet,Blackfeet,EVI,1510.6861349500336
2008-11-16T07:00:00Z,tribes_blackfeet_Blackfeet,Blackfeet,NDVI,2416.8131973937625
2008-11-16T07:00:00Z,tribes_flathead_Flathead,Flathead,EVI,1936.5276074880346
2008-11-16T07:00:00Z,tribes_flathead_Flathead,Flathead,NDVI,4435.412167528279
2008-12-02T07:00:00Z,tribes_northern-cheyenne_Northern Cheyenne,Northern Cheyenne,EVI,1602.5569981616347
2008-12-02T07:00:00Z,tribes_northern-cheyenne_Northern Cheyenne,Northern Cheyenne,NDVI,3040.537717422048
2008-12-02T07:00:00Z,tribes_crow_Crow,Crow,EVI,1462.206736127609
2008-12-02T07:00:00Z,tribes_crow_Crow,Crow,NDVI,2758.7303131115423
2008-12-02T07:00:00Z,tribes_fort-peck_Fort Peck,Fort Peck,EVI,1443.5705564837422
2008-12-02T07:00:00Z,tribes_fort-peck_Fort Peck,Fort Peck,NDVI,2698.1519084950532
2008-12-02T07:00:00Z,tribes_fort-belknap_Fort Belknap,Fort Belknap,EVI,1230.1732894296242
2008-12-02T07:00:00Z,tribes_fort-belknap_Fort Belknap,Fort Belknap,NDVI,2247.768622715603
2008-12-02T07:00:00Z,tribes_rocky-boys_Rocky Boy's,Rocky Boy's,EVI,NA
2008-12-02T07:00:00Z,tribes_rocky-boys_Rocky Boy's,Rocky Boy's,NDVI,NA
2008-12-02T07:00:00Z,tribes_blackfeet_Blackfeet,Blackfeet,EVI,1378.4086686059304
2008-12-02T07:00:00Z,tribes_blackfeet_Blackfeet,Blackfeet,NDVI,1998.92200173784
2008-12-02T07:00:00Z,tribes_flathead_Flathead,Flathead,EVI,1891.91616714526
2008-12-02T07:00:00Z,tribes_flathead_Flathead,Flathead,NDVI,3878.806332803931
2008-12-18T07:00:00Z,tribes_northern-cheyenne_Northern Cheyenne,Northern Cheyenne,EVI,NA
2008-12-18T07:00:00Z,tribes_northern-cheyenne_Northern Cheyenne,Northern Cheyenne,NDVI,NA
2008-12-18T07:00:00Z,tribes_crow_Crow,Crow,EVI,NA
2008-12-18T07:00:00Z,tribes_crow_Crow,Crow,NDVI,NA
2008-12-18T07:00:00Z,tribes_fort-peck_Fort Peck,Fort Peck,EVI,NA
2008-12-18T07:00:00Z,tribes_fort-peck_Fort Peck,Fort Peck,NDVI,NA
2008-12-18T07:00:00Z,tribes_fort-belknap_Fort Belknap,Fort Belknap,EVI,NA
2008-12-18T07:00:00Z,tribes_fort-belknap_Fort Belknap,Fort Belknap,NDVI,NA
2008-12-18T07:00:00Z,tribes_rocky-boys_Rocky Boy's,Rocky Boy's,EVI,NA
2008-12-18T07:00:00Z,tribes_rocky-boys_Rocky Boy's,Rocky Boy's,NDVI,NA
2008-12-18T07:00:00Z,tribes_blackfeet_Blackfeet,Blackfeet,EVI,NA
2008-12-18T07:00:00Z,tribes_blackfeet_Blackfeet,Blackfeet,NDVI,NA
2008-12-18T07:00:00Z,tribes_flathead_Flathead,Flathead,EVI,NA
2008-12-18T07:00:00Z,tribes_flathead_Flathead,Flathead,NDVI,NA
2009-01-01T07:00:00Z,tribes_northern-cheyenne_Northern Cheyenne,Northern Cheyenne,EVI,NA
2009-01-01T07:00:00Z,tribes_northern-cheyenne_Northern Cheyenne,Northern Cheyenne,NDVI,NA
2009-01-01T07:00:00Z,tribes_crow_Crow,Crow,EVI,1404.6033755274261
2009-01-01T07:00:00Z,tribes_crow_Crow,Crow,NDVI,2316.2109704641352
2009-01-01T07:00:00Z,tribes_fort-peck_Fort Peck,Fort Peck,EVI,NA
2009-01-01T07:00:00Z,tribes_fort-peck_Fort Peck,Fort Peck,NDVI,NA
2009-01-01T07:00:00Z,tribes_fort-belknap_Fort Belknap,Fort Belknap,EVI,NA
2009-01-01T07:00:00Z,tribes_fort-belknap_Fort Belknap,Fort Belknap,NDVI,NA
2009-01-01T07:00:00Z,tribes_rocky-boys_Rocky Boy's,Rocky Boy's,EVI,NA
2009-01-01T07:00:00Z,tribes_rocky-boys_Rocky Boy's,Rocky Boy's,NDVI,NA
2009-01-01T07:00:00Z,tribes_blackfeet_Blackfeet,Blackfeet,EVI,NA
2009-01-01T07:00:00Z,tribes_blackfeet_Blackfeet,Blackfeet,NDVI,NA
2009-01-01T07:00:00Z,tribes_flathead_Flathead,Flathead,EVI,1738.9276302124088
2009-01-01T07:00:00Z,tribes_flathead_Flathead,Flathead,NDVI,3298.1759023460286
2009-01-17T07:00:00Z,tribes_northern-cheyenne_Northern Cheyenne,Northern Cheyenne,EVI,1051.1264433590154
2009-01-17T07:00:00Z,tribes_northern-cheyenne_Northern Cheyenne,Northern Cheyenne,NDVI,2407.649118145959
2009-01-17T07:00:00Z,tribes_crow_Crow,Crow,EVI,1322.000886571554
2009-01-17T07:00:00Z,tribes_crow_Crow,Crow,NDVI,2461.4445757883786
2009-01-17T07:00:00Z,tribes_fort-peck_Fort Peck,Fort Peck,EVI,NA
2009-01-17T07:00:00Z,tribes_fort-peck_Fort Peck,Fort Peck,NDVI,NA
2009-01-17T07:00:00Z,tribes_fort-belknap_Fort Belknap,Fort Belknap,EVI,1560.683962264151
2009-01-17T07:00:00Z,tribes_fort-belknap_Fort Belknap,Fort Belknap,NDVI,2712.691037735849
2009-01-17T07:00:00Z,tribes_rocky-boys_Rocky Boy's,Rocky Boy's,EVI,NA
2009-01-17T07:00:00Z,tribes_rocky-boys_Rocky Boy's,Rocky Boy's,NDVI,NA
2009-01-17T07:00:00Z,tribes_blackfeet_Blackfeet,Blackfeet,EVI,1016.9124572576856
2009-01-17T07:00:00Z,tribes_blackfeet_Blackfeet,Blackfeet,NDVI,1544.673343380816
2009-01-17T07:00:00Z,tribes_flathead_Flathead,Flathead,EVI,1777.274661508704
2009-01-17T07:00:00Z,tribes_flathead_Flathead,Flathead,NDVI,2999.531914893617
2009-02-02T07:00:00Z,tribes_northern-cheyenne_Northern Cheyenne,Northern Cheyenne,EVI,1188.899819146728
2009-02-02T07:00:00Z,tribes_northern-cheyenne_Northern Cheyenne,Northern Cheyenne,NDVI,2402.5212724954786
2009-02-02T07:00:00Z,tribes_crow_Crow,Crow,EVI,1335.2870266115463
2009-02-02T07:00:00Z,tribes_crow_Crow,Crow,NDVI,2521.9529260236422
2009-02-02T07:00:00Z,tribes_fort-peck_Fort Peck,Fort Peck,EVI,NA
2009-02-02T07:00:00Z,tribes_fort-peck_Fort Peck,Fort Peck,NDVI,NA
2009-02-02T07:00:00Z,tribes_fort-belknap_Fort Belknap,Fort Belknap,EVI,1150.414043077583
2009-02-02T07:00:00Z,tribes_fort-belknap_Fort Belknap,Fort Belknap,NDVI,1974.0081708101163
2009-02-02T07:00:00Z,tribes_rocky-boys_Rocky Boy's,Rocky Boy's,EVI,NA
2009-02-02T07:00:00Z,tribes_rocky-boys_Rocky Boy's,Rocky Boy's,NDVI,NA
2009-02-02T07:00:00Z,tribes_blackfeet_Blackfeet,Blackfeet,EVI,1091.316857096519
2009-02-02T07:00:00Z,tribes_blackfeet_Blackfeet,Blackfeet,NDVI,1742.2578665431865
2009-02-02T07:00:00Z,tribes_flathead_Flathead,Flathead,EVI,1712.5654778110536
2009-02-02T07:00:00Z,tribes_flathead_Flathead,Flathead,NDVI,3066.368363735366
2009-02-18T07:00:00Z,tribes_northern-cheyenne_Northern Cheyenne,Northern Cheyenne,EVI,1260.5356854448894
2009-02-18T07:00:00Z,tribes_northern-cheyenne_Northern Cheyenne,Northern Cheyenne,NDVI,2535.765971724617
2009-02-18T07:00:00Z,tribes_crow_Crow,Crow,EVI,1301.8512579610724
2009-02-18T07:00:00Z,tribes_crow_Crow,Crow,NDVI,2458.911894748325
2009-02-18T07:00:00Z,tribes_fort-peck_Fort Peck,Fort Peck,EVI,NA
2009-02-18T07:00:00Z,tribes_fort-peck_Fort Peck,Fort Peck,NDVI,NA
2009-02-18T07:00:00Z,tribes_fort-belknap_Fort Belknap,Fort Belknap,EVI,1125.0660029393093
2009-02-18T07:00:00Z,tribes_fort-belknap_Fort Belknap,Fort Belknap,NDVI,2118.4905930657455
2009-02-18T07:00:00Z,tribes_rocky-boys_Rocky Boy's,Rocky Boy's,EVI,NA
2009-02-18T07:00:00Z,tribes_rocky-boys_Rocky Boy's,Rocky Boy's,NDVI,NA
2009-02-18T07:00:00Z,tribes_blackfeet_Blackfeet,Blackfeet,EVI,1096.4618382855124
2009-02-18T07:00:00Z,tribes_blackfeet_Blackfeet,Blackfeet,NDVI,1718.3463636485376
2009-02-18T07:00:00Z,tribes_flathead_Flathead,Flathead,EVI,1606.6297157160736
2009-02-18T07:00:00Z,tribes_flathead_Flathead,Flathead,NDVI,2957.2267119613803
2009-03-06T07:00:00Z,tribes_northern-cheyenne_Northern Cheyenne,Northern Cheyenne,EVI,1457.773667277401
2009-03-06T07:00:00Z,tribes_northern-cheyenne_Northern Cheyenne,Northern Cheyenne,NDVI,2973.473164623108
2009-03-06T07:00:00Z,tribes_crow_Crow,Crow,EVI,1378.9557140379966
2009-03-06T07:00:00Z,tribes_crow_Crow,Crow,NDVI,2609.440658942759
2009-03-06T07:00:00Z,tribes_fort-peck_Fort Peck,Fort Peck,EVI,866.1545427510844
2009-03-06T07:00:00Z,tribes_fort-peck_Fort Peck,Fort Peck,NDVI,1833.5485995716679
2009-03-06T07:00:00Z,tribes_fort-belknap_Fort Belknap,Fort Belknap,EVI,1137.7327026305995
2009-03-06T07:00:00Z,tribes_fort-belknap_Fort Belknap,Fort Belknap,NDVI,2112.6708865563046
2009-03-06T07:00:00Z,tribes_rocky-boys_Rocky Boy's,Rocky Boy's,EVI,958.032032437912
2009-03-06T07:00:00Z,tribes_rocky-boys_Rocky Boy's,Rocky Boy's,NDVI,1688.3715560060834
2009-03-06T07:00:00Z,tribes_blackfeet_Blackfeet,Blackfeet,EVI,1066.5933523349763
2009-03-06T07:00:00Z,tribes_blackfeet_Blackfeet,Blackfeet,NDVI,1653.952106027616
2009-03-06T07:00:00Z,tribes_flathead_Flathead,Flathead,EVI,1874.7608943645905
2009-03-06T07:00:00Z,tribes_flathead_Flathead,Flathead,NDVI,3248.239333789642
2009-03-22T06:00:00Z,tribes_northern-cheyenne_Northern Cheyenne,Northern Cheyenne,EVI,1776.6908613725363
2009-03-22T06:00:00Z,tribes_northern-cheyenne_Northern Cheyenne,Northern Cheyenne,NDVI,3287.997469807881
2009-03-22T06:00:00Z,tribes_crow_Crow,Crow,EVI,1514.364261606336
2009-03-22T06:00:00Z,tribes_crow_Crow,Crow,NDVI,2627.3052837004875
2009-03-22T06:00:00Z,tribes_fort-peck_Fort Peck,Fort Peck,EVI,1016.4229982009534
2009-03-22T06:00:00Z,tribes_fort-peck_Fort Peck,Fort Peck,NDVI,1865.5162334793088
2009-03-22T06:00:00Z,tribes_fort-belknap_Fort Belknap,Fort Belknap,EVI,1356.6561187870245
2009-03-22T06:00:00Z,tribes_fort-belknap_Fort Belknap,Fort Belknap,NDVI,2335.6823468088965
2009-03-22T06:00:00Z,tribes_rocky-boys_Rocky Boy's,Rocky Boy's,EVI,1160.630411269151
2009-03-22T06:00:00Z,tribes_rocky-boys_Rocky Boy's,Rocky Boy's,NDVI,2099.505964138994
2009-03-22T06:00:00Z,tribes_blackfeet_Blackfeet,Blackfeet,EVI,1047.0453568028367
2009-03-22T06:00:00Z,tribes_blackfeet_Blackfeet,Blackfeet,NDVI,1764.0356542935622
2009-03-22T06:00:00Z,tribes_flathead_Flathead,Flathead,EVI,1885.1867513418697
2009-03-22T06:00:00Z,tribes_flathead_Flathead,Flathead,NDVI,3673.4760034000533
2009-04-07T06:00:00Z,tribes_northern-cheyenne_Northern Cheyenne,Northern Cheyenne,EVI,1807.300388918743
2009-04-07T06:00:00Z,tribes_northern-cheyenne_Northern Cheyenne,Northern Cheyenne,NDVI,3446.162110334882
2009-04-07T06:00:00Z,tribes_crow_Crow,Crow,EVI,1857.5513038068746
2009-04-07T06:00:00Z,tribes_crow_Crow,Crow,NDVI,3332.388655919282
2009-04-07T06:00:00Z,tribes_fort-peck_Fort Peck,Fort Peck,EVI,1196.7578059097227
2009-04-07T06:00:00Z,tribes_fort-peck_Fort Peck,Fort Peck,NDVI,2232.479731949919
2009-04-07T06:00:00Z,tribes_fort-belknap_Fort Belknap,Fort Belknap,EVI,1552.945686239632
2009-04-07T06:00:00Z,tribes_fort-belknap_Fort Belknap,Fort Belknap,NDVI,2824.643676971286
2009-04-07T06:00:00Z,tribes_rocky-boys_Rocky Boy's,Rocky Boy's,EVI,1541.5832430489688
2009-04-07T06:00:00Z,tribes_rocky-boys_Rocky Boy's,Rocky Boy's,NDVI,2827.0594920114527
2009-04-07T06:00:00Z,tribes_blackfeet_Blackfeet,Blackfeet,EVI,1187.3993768077257
2009-04-07T06:00:00Z,tribes_blackfeet_Blackfeet,Blackfeet,NDVI,2047.604214072393
2009-04-07T06:00:00Z,tribes_flathead_Flathead,Flathead,EVI,2384.799988261118
2009-04-07T06:00:00Z,tribes_flathead_Flathead,Flathead,NDVI,4354.880373595034
2009-04-23T06:00:00Z,tribes_northern-cheyenne_Northern Cheyenne,Northern Cheyenne,EVI,2111.374254405207
2009-04-23T06:00:00Z,tribes_northern-cheyenne_Northern Cheyenne,Northern Cheyenne,NDVI,4025.106069250056
2009-04-23T06:00:00Z,tribes_crow_Crow,Crow,EVI,2378.7035742285175
2009-04-23T06:00:00Z,tribes_crow_Crow,Crow,NDVI,4027.618794261562
2009-04-23T06:00:00Z,tribes_fort-peck_Fort Peck,Fort Peck,EVI,1447.9552814180176
2009-04-23T06:00:00Z,tribes_fort-peck_Fort Peck,Fort Peck,NDVI,2681.442249302889
2009-04-23T06:00:00Z,tribes_fort-belknap_Fort Belknap,Fort Belknap,EVI,1902.6964091793009
2009-04-23T06:00:00Z,tribes_fort-belknap_Fort Belknap,Fort Belknap,NDVI,3227.9675291252934
2009-04-23T06:00:00Z,tribes_rocky-boys_Rocky Boy's,Rocky Boy's,EVI,1794.981385923496
2009-04-23T06:00:00Z,tribes_rocky-boys_Rocky Boy's,Rocky Boy's,NDVI,2996.6141391773044
2009-04-23T06:00:00Z,tribes_blackfeet_Blackfeet,Blackfeet,EVI,1486.2482248683546
2009-04-23T06:00:00Z,tribes_blackfeet_Blackfeet,Blackfeet,NDVI,2374.037971697493
2009-04-23T06:00:00Z,tribes_flathead_Flathead,Flathead,EVI,2752.3867972399808
2009-04-23T06:00:00Z,tribes_flathead_Flathead,Flathead,NDVI,4886.169358055956
2009-05-09T06:00:00Z,tribes_northern-cheyenne_Northern Cheyenne,Northern Cheyenne,EVI,2638.719976325261
2009-05-09T06:00:00Z,tribes_northern-cheyenne_Northern Cheyenne,Northern Cheyenne,NDVI,4582.026186357759
2009-05-09T06:00:00Z,tribes_crow_Crow,Crow,EVI,2877.487619269238
2009-05-09T06:00:00Z,tribes_crow_Crow,Crow,NDVI,4687.7167209356985
2009-05-09T06:00:00Z,tribes_fort-peck_Fort Peck,Fort Peck,EVI,1795.1060672511599
2009-05-09T06:00:00Z,tribes_fort-peck_Fort Peck,Fort Peck,NDVI,3144.9010020849682
2009-05-09T06:00:00Z,tribes_fort-belknap_Fort Belknap,Fort Belknap,EVI,2376.4180941663894
2009-05-09T06:00:00Z,tribes_fort-belknap_Fort Belknap,Fort Belknap,NDVI,3981.613589275006
2009-05-09T06:00:00Z,tribes_rocky-boys_Rocky Boy's,Rocky Boy's,EVI,2422.873241254401
2009-05-09T06:00:00Z,tribes_rocky-boys_Rocky Boy's,Rocky Boy's,NDVI,4273.983961290105
2009-05-09T06:00:00Z,tribes_blackfeet_Blackfeet,Blackfeet,EVI,1932.1087949324908
2009-05-09T06:00:00Z,tribes_blackfeet_Blackfeet,Blackfeet,NDVI,3094.411062132472
2009-05-09T06:00:00Z,tribes_flathead_Flathead,Flathead,EVI,3144.1155337553155
2009-05-09T06:00:00Z,tribes_flathead_Flathead,Flathead,NDVI,5417.52224956832
2009-05-25T06:00:00Z,tribes_northern-cheyenne_Northern Cheyenne,Northern Cheyenne,EVI,3031.1695583946835
2009-05-25T06:00:00Z,tribes_northern-cheyenne_Northern Cheyenne,Northern Cheyenne,NDVI,5527.4120145631005
2009-05-25T06:00:00Z,tribes_crow_Crow,Crow,EVI,3199.579377316205
2009-05-25T06:00:00Z,tribes_crow_Crow,Crow,NDVI,5426.411456383881
2009-05-25T06:00:00Z,tribes_fort-peck_Fort Peck,Fort Peck,EVI,2269.843572988822
2009-05-25T06:00:00Z,tribes_fort-peck_Fort Peck,Fort Peck,NDVI,3752.141562109528
2009-05-25T06:00:00Z,tribes_fort-belknap_Fort Belknap,Fort Belknap,EVI,2629.3241613349423
2009-05-25T06:00:00Z,tribes_fort-belknap_Fort Belknap,Fort Belknap,NDVI,4519.513411173805
2009-05-25T06:00:00Z,tribes_rocky-boys_Rocky Boy's,Rocky Boy's,EVI,3136.9562009113297
2009-05-25T06:00:00Z,tribes_rocky-boys_Rocky Boy's,Rocky Boy's,NDVI,5363.978473786908
2009-05-25T06:00:00Z,tribes_blackfeet_Blackfeet,Blackfeet,EVI,2432.2592235348757
2009-05-25T06:00:00Z,tribes_blackfeet_Blackfeet,Blackfeet,NDVI,3967.569613131467
2009-05-25T06:00:00Z,tribes_flathead_Flathead,Flathead,EVI,3239.3641697166404
2009-05-25T06:00:00Z,tribes_flathead_Flathead,Flathead,NDVI,5555.2054278746355
2009-06-10T06:00:00Z,tribes_northern-cheyenne_Northern Cheyenne,Northern Cheyenne,EVI,3219.3504995477497
2009-06-10T06:00:00Z,tribes_northern-cheyenne_Northern Cheyenne,Northern Cheyenne,NDVI,5457.867191872814
2009-06-10T06:00:00Z,tribes_crow_Crow,Crow,EVI,3463.5644398703143
2009-06-10T06:00:00Z,tribes_crow_Crow,Crow,NDVI,5430.4969303903945
2009-06-10T06:00:00Z,tribes_fort-peck_Fort Peck,Fort Peck,EVI,2545.206369386494
2009-06-10T06:00:00Z,tribes_fort-peck_Fort Peck,Fort Peck,NDVI,4327.876346214438
2009-06-10T06:00:00Z,tribes_fort-belknap_Fort Belknap,Fort Belknap,EVI,2942.55912528141
2009-06-10T06:00:00Z,tribes_fort-belknap_Fort Belknap,Fort Belknap,NDVI,4923.20421003913
2009-06-10T06:00:00Z,tribes_rocky-boys_Rocky Boy's,Rocky Boy's,EVI,3961.502318345307
2009-06-10T06:00:00Z,tribes_rocky-boys_Rocky Boy's,Rocky Boy's,NDVI,5968.869351081836
2009-06-10T06:00:00Z,tribes_blackfeet_Blackfeet,Blackfeet,EVI,3197.8848053478473
2009-06-10T06:00:00Z,tribes_blackfeet_Blackfeet,Blackfeet,NDVI,5164.0560690366665
2009-06-10T06:00:00Z,tribes_flathead_Flathead,Flathead,EVI,3070.010300872254
2009-06-10T06:00:00Z,tribes_flathead_Flathead,Flathead,NDVI,5751.510860796697
2009-06-26T06:00:00Z,tribes_northern-cheyenne_Northern Cheyenne,Northern Cheyenne,EVI,3099.7906001883225
2009-06-26T06:00:00Z,tribes_northern-cheyenne_Northern Cheyenne,Northern Cheyenne,NDVI,5711.468656747359
2009-06-26T06:00:00Z,tribes_crow_Crow,Crow,EVI,3181.2317864282677
2009-06-26T06:00:00Z,tribes_crow_Crow,Crow,NDVI,5345.870639475567
2009-06-26T06:00:00Z,tribes_fort-peck_Fort Peck,Fort Peck,EVI,2799.313570782934
2009-06-26T06:00:00Z,tribes_fort-peck_Fort Peck,Fort Peck,NDVI,4492.336069223954
2009-06-26T06:00:00Z,tribes_fort-belknap_Fort Belknap,Fort Belknap,EVI,2966.167717614444
2009-06-26T06:00:00Z,tribes_fort-belknap_Fort Belknap,Fort Belknap,NDVI,4941.7872366366555
2009-06-26T06:00:00Z,tribes_rocky-boys_Rocky Boy's,Rocky Boy's,EVI,3731.0075690368785
2009-06-26T06:00:00Z,tribes_rocky-boys_Rocky Boy's,Rocky Boy's,NDVI,6077.362607996443
2009-06-26T06:00:00Z,tribes_blackfeet_Blackfeet,Blackfeet,EVI,3349.0041977758974
2009-06-26T06:00:00Z,tribes_blackfeet_Blackfeet,Blackfeet,NDVI,5289.636183783104
2009-06-26T06:00:00Z,tribes_flathead_Flathead,Flathead,EVI,2930.9459301370907
2009-06-26T06:00:00Z,tribes_flathead_Flathead,Flathead,NDVI,5419.939417120137
2009-07-12T06:00:00Z,tribes_northern-cheyenne_Northern Cheyenne,Northern Cheyenne,EVI,2904.8612061564145
2009-07-12T06:00:00Z,tribes_northern-cheyenne_Northern Cheyenne,Northern Cheyenne,NDVI,4989.493175640619
2009-07-12T06:00:00Z,tribes_crow_Crow,Crow,EVI,2914.2244999508684
2009-07-12T06:00:00Z,tribes_crow_Crow,Crow,NDVI,4546.612023844811
2009-07-12T06:00:00Z,tribes_fort-peck_Fort Peck,Fort Peck,EVI,2840.4557687549777
2009-07-12T06:00:00Z,tribes_fort-peck_Fort Peck,Fort Peck,NDVI,4792.475886168155
2009-07-12T06:00:00Z,tribes_fort-belknap_Fort Belknap,Fort Belknap,EVI,2483.6912228324477
2009-07-12T06:00:00Z,tribes_fort-belknap_Fort Belknap,Fort Belknap,NDVI,4210.802499938029
2009-07-12T06:00:00Z,tribes_rocky-boys_Rocky Boy's,Rocky Boy's,EVI,3637.281728066418
2009-07-12T06:00:00Z,tribes_rocky-boys_Rocky Boy's,Rocky Boy's,NDVI,5617.532726341335
2009-07-12T06:00:00Z,tribes_blackfeet_Blackfeet,Blackfeet,EVI,3475.644951670948
2009-07-12T06:00:00Z,tribes_blackfeet_Blackfeet,Blackfeet,NDVI,5411.169923343191
2009-07-12T06:00:00Z,tribes_flathead_Flathead,Flathead,EVI,2892.693397447201
2009-07-12T06:00:00Z,tribes_flathead_Flathead,Flathead,NDVI,5324.426187367111
2009-07-28T06:00:00Z,tribes_northern-cheyenne_Northern Cheyenne,Northern Cheyenne,EVI,2535.166363530234
2009-07-28T06:00:00Z,tribes_northern-cheyenne_Northern Cheyenne,Northern Cheyenne,NDVI,4470.738799317862
2009-07-28T06:00:00Z,tribes_crow_Crow,Crow,EVI,2337.302005412756
2009-07-28T06:00:00Z,tribes_crow_Crow,Crow,NDVI,3858.930825485711
2009-07-28T06:00:00Z,tribes_fort-peck_Fort Peck,Fort Peck,EVI,2319.9690016066897
2009-07-28T06:00:00Z,tribes_fort-peck_Fort Peck,Fort Peck,NDVI,3858.080811976782
2009-07-28T06:00:00Z,tribes_fort-belknap_Fort Belknap,Fort Belknap,EVI,2243.4478224217382
2009-07-28T06:00:00Z,tribes_fort-belknap_Fort Belknap,Fort Belknap,NDVI,3833.5557679428166
2009-07-28T06:00:00Z,tribes_rocky-boys_Rocky Boy's,Rocky Boy's,EVI,2966.5389933295755
2009-07-28T06:00:00Z,tribes_rocky-boys_Rocky Boy's,Rocky Boy's,NDVI,4868.1107166316715
2009-07-28T06:00:00Z,tribes_blackfeet_Blackfeet,Blackfeet,EVI,3213.675329589737
2009-07-28T06:00:00Z,tribes_blackfeet_Blackfeet,Blackfeet,NDVI,5054.772314461818
2009-07-28T06:00:00Z,tribes_flathead_Flathead,Flathead,EVI,2999.548273009167
2009-07-28T06:00:00Z,tribes_flathead_Flathead,Flathead,NDVI,5280.05860353766
2009-08-13T06:00:00Z,tribes_northern-cheyenne_Northern Cheyenne,Northern Cheyenne,EVI,2288.7511251689784
2009-08-13T06:00:00Z,tribes_northern-cheyenne_Northern Cheyenne,Northern Cheyenne,NDVI,4264.745177730326
2009-08-13T06:00:00Z,tribes_crow_Crow,Crow,EVI,2083.5339493557967
2009-08-13T06:00:00Z,tribes_crow_Crow,Crow,NDVI,3586.1058544160765
2009-08-13T06:00:00Z,tribes_fort-peck_Fort Peck,Fort Peck,EVI,2037.0886414961783
2009-08-13T06:00:00Z,tribes_fort-peck_Fort Peck,Fort Peck,NDVI,3568.150573216352
2009-08-13T06:00:00Z,tribes_fort-belknap_Fort Belknap,Fort Belknap,EVI,2162.707185247731
2009-08-13T06:00:00Z,tribes_fort-belknap_Fort Belknap,Fort Belknap,NDVI,3809.181443412331
2009-08-13T06:00:00Z,tribes_rocky-boys_Rocky Boy's,Rocky Boy's,EVI,2972.416941619658
2009-08-13T06:00:00Z,tribes_rocky-boys_Rocky Boy's,Rocky Boy's,NDVI,5022.50258055213
2009-08-13T06:00:00Z,tribes_blackfeet_Blackfeet,Blackfeet,EVI,2984.0078434449547
2009-08-13T06:00:00Z,tribes_blackfeet_Blackfeet,Blackfeet,NDVI,5052.104715914561
2009-08-13T06:00:00Z,tribes_flathead_Flathead,Flathead,EVI,2625.9332970510745
2009-08-13T06:00:00Z,tribes_flathead_Flathead,Flathead,NDVI,5559.660678135881
2009-08-29T06:00:00Z,tribes_northern-cheyenne_Northern Cheyenne,Northern Cheyenne,EVI,2082.1078100092855
2009-08-29T06:00:00Z,tribes_northern-cheyenne_Northern Cheyenne,Northern Cheyenne,NDVI,4016.6739797649598
2009-08-29T06:00:00Z,tribes_crow_Crow,Crow,EVI,1855.054623768091
2009-08-29T06:00:00Z,tribes_crow_Crow,Crow,NDVI,3325.422097277151
2009-08-29T06:00:00Z,tribes_fort-peck_Fort Peck,Fort Peck,EVI,1816.4043087516347
2009-08-29T06:00:00Z,tribes_fort-peck_Fort Peck,Fort Peck,NDVI,3284.8634426828025
2009-08-29T06:00:00Z,tribes_fort-belknap_Fort Belknap,Fort Belknap,EVI,1868.6510478980367
2009-08-29T06:00:00Z,tribes_fort-belknap_Fort Belknap,Fort Belknap,NDVI,3359.9695948023095
2009-08-29T06:00:00Z,tribes_rocky-boys_Rocky Boy's,Rocky Boy's,EVI,2575.792327828454
2009-08-29T06:00:00Z,tribes_rocky-boys_Rocky Boy's,Rocky Boy's,NDVI,4680.159371490263
2009-08-29T06:00:00Z,tribes_blackfeet_Blackfeet,Blackfeet,EVI,2441.6719649016436
2009-08-29T06:00:00Z,tribes_blackfeet_Blackfeet,Blackfeet,NDVI,4230.5624784267875
2009-08-29T06:00:00Z,tribes_flathead_Flathead,Flathead,EVI,2630.013331197446
2009-08-29T06:00:00Z,tribes_flathead_Flathead,Flathead,NDVI,5371.979428134442
2009-09-14T06:00:00Z,tribes_northern-cheyenne_Northern Cheyenne,Northern Cheyenne,EVI,1913.3634434916967
2009-09-14T06:00:00Z,tribes_northern-cheyenne_Northern Cheyenne,Northern Cheyenne,NDVI,3747.3924534848297
2009-09-14T06:00:00Z,tribes_crow_Crow,Crow,EVI,1700.328262806581
2009-09-14T06:00:00Z,tribes_crow_Crow,Crow,NDVI,3078.093142623162
2009-09-14T06:00:00Z,tribes_fort-peck_Fort Peck,Fort Peck,EVI,1695.1531668371656
2009-09-14T06:00:00Z,tribes_fort-peck_Fort Peck,Fort Peck,NDVI,3110.720237835858
2009-09-14T06:00:00Z,tribes_fort-belknap_Fort Belknap,Fort Belknap,EVI,1675.5459450019405
2009-09-14T06:00:00Z,tribes_fort-belknap_Fort Belknap,Fort Belknap,NDVI,3017.009824221274
2009-09-14T06:00:00Z,tribes_rocky-boys_Rocky Boy's,Rocky Boy's,EVI,2158.7931625201604
2009-09-14T06:00:00Z,tribes_rocky-boys_Rocky Boy's,Rocky Boy's,NDVI,4082.698890428151
2009-09-14T06:00:00Z,tribes_blackfeet_Blackfeet,Blackfeet,EVI,2118.7611142047735
2009-09-14T06:00:00Z,tribes_blackfeet_Blackfeet,Blackfeet,NDVI,3722.4728365192764
2009-09-14T06:00:00Z,tribes_flathead_Flathead,Flathead,EVI,2481.3329607494043
2009-09-14T06:00:00Z,tribes_flathead_Flathead,Flathead,NDVI,5006.730140969994
2009-09-30T06:00:00Z,tribes_northern-cheyenne_Northern Cheyenne,Northern Cheyenne,EVI,1898.8192693900314
2009-09-30T06:00:00Z,tribes_northern-cheyenne_Northern Cheyenne,Northern Cheyenne,NDVI,3745.7698143874063
2009-09-30T06:00:00Z,tribes_crow_Crow,Crow,EVI,1563.5114052301255
2009-09-30T06:00:00Z,tribes_crow_Crow,Crow,NDVI,2769.7183386320753
2009-09-30T06:00:00Z,tribes_fort-peck_Fort Peck,Fort Peck,EVI,1713.828193051014
2009-09-30T06:00:00Z,tribes_fort-peck_Fort Peck,Fort Peck,NDVI,2944.3059388352644
2009-09-30T06:00:00Z,tribes_fort-belknap_Fort Belknap,Fort Belknap,EVI,1758.8285880425608
2009-09-30T06:00:00Z,tribes_fort-belknap_Fort Belknap,Fort Belknap,NDVI,3020.2264381344976
2009-09-30T06:00:00Z,tribes_rocky-boys_Rocky Boy's,Rocky Boy's,EVI,1896.3566741391014
2009-09-30T06:00:00Z,tribes_rocky-boys_Rocky Boy's,Rocky Boy's,NDVI,3603.8974514034016
2009-09-30T06:00:00Z,tribes_blackfeet_Blackfeet,Blackfeet,EVI,1856.7847458019903
2009-09-30T06:00:00Z,tribes_blackfeet_Blackfeet,Blackfeet,NDVI,2946.162797158995
2009-09-30T06:00:00Z,tribes_flathead_Flathead,Flathead,EVI,2358.4816094423554
2009-09-30T06:00:00Z,tribes_flathead_Flathead,Flathead,NDVI,4531.160238622042
2009-10-16T06:00:00Z,tribes_northern-cheyenne_Northern Cheyenne,Northern Cheyenne,EVI,1713.3336108041635
2009-10-16T06:00:00Z,tribes_northern-cheyenne_Northern Cheyenne,Northern Cheyenne,NDVI,3338.0737913157072
2009-10-16T06:00:00Z,tribes_crow_Crow,Crow,EVI,1397.9682840111425
2009-10-16T06:00:00Z,tribes_crow_Crow,Crow,NDVI,2633.9929203706824
2009-10-16T06:00:00Z,tribes_fort-peck_Fort Peck,Fort Peck,EVI,1294.315070772893
2009-10-16T06:00:00Z,tribes_fort-peck_Fort Peck,Fort Peck,NDVI,2632.4532440712037
2009-10-16T06:00:00Z,tribes_fort-belknap_Fort Belknap,Fort Belknap,EVI,1531.4208803923582
2009-10-16T06:00:00Z,tribes_fort-belknap_Fort Belknap,Fort Belknap,NDVI,2919.2878073554875
2009-10-16T06:00:00Z,tribes_rocky-boys_Rocky Boy's,Rocky Boy's,EVI,1838.4162551578763
2009-10-16T06:00:00Z,tribes_rocky-boys_Rocky Boy's,Rocky Boy's,NDVI,3412.3640930841098
2009-10-16T06:00:00Z,tribes_blackfeet_Blackfeet,Blackfeet,EVI,1562.308885407661
2009-10-16T06:00:00Z,tribes_blackfeet_Blackfeet,Blackfeet,NDVI,2882.620668015683
2009-10-16T06:00:00Z,tribes_flathead_Flathead,Flathead,EVI,2081.395319975872
2009-10-16T06:00:00Z,tribes_flathead_Flathead,Flathead,NDVI,4258.238052703578
2009-11-01T06:00:00Z,tribes_northern-cheyenne_Northern Cheyenne,Northern Cheyenne,EVI,1626.525527719858
2009-11-01T06:00:00Z,tribes_northern-cheyenne_Northern Cheyenne,Northern Cheyenne,NDVI,3429.01311079812
2009-11-01T06:00:00Z,tribes_crow_Crow,Crow,EVI,1395.0360778898616
2009-11-01T06:00:00Z,tribes_crow_Crow,Crow,NDVI,2701.486939566127
2009-11-01T06:00:00Z,tribes_fort-peck_Fort Peck,Fort Peck,EVI,1149.2216500640125
2009-11-01T06:00:00Z,tribes_fort-peck_Fort Peck,Fort Peck,NDVI,2321.4793314523276
2009-11-01T06:00:00Z,tribes_fort-belknap_Fort Belknap,Fort Belknap,EVI,1337.2315453194815
2009-11-01T06:00:00Z,tribes_fort-belknap_Fort Belknap,Fort Belknap,NDVI,2551.5971914808797
2009-11-01T06:00:00Z,tribes_rocky-boys_Rocky Boy's,Rocky Boy's,EVI,1465.2621523051305
2009-11-01T06:00:00Z,tribes_rocky-boys_Rocky Boy's,Rocky Boy's,NDVI,2936.821843858916
2009-11-01T06:00:00Z,tribes_blackfeet_Blackfeet,Blackfeet,EVI,1387.5812588926492
2009-11-01T06:00:00Z,tribes_blackfeet_Blackfeet,Blackfeet,NDVI,2378.7168748067447
2009-11-01T06:00:00Z,tribes_flathead_Flathead,Flathead,EVI,1959.8395251622935
2009-11-01T06:00:00Z,tribes_flathead_Flathead,Flathead,NDVI,4412.967025980138
2009-11-17T07:00:00Z,tribes_northern-cheyenne_Northern Cheyenne,Northern Cheyenne,EVI,1599.5567513844467
2009-11-17T07:00:00Z,tribes_northern-cheyenne_Northern Cheyenne,Northern Cheyenne,NDVI,3448.1107027837365
2009-11-17T07:00:00Z,tribes_crow_Crow,Crow,EVI,1392.0347930865532
2009-11-17T07:00:00Z,tribes_crow_Crow,Crow,NDVI,2718.2166832608777
2009-11-17T07:00:00Z,tribes_fort-peck_Fort Peck,Fort Peck,EVI,1133.6262725328772
2009-11-17T07:00:00Z,tribes_fort-peck_Fort Peck,Fort Peck,NDVI,2147.474247880998
2009-11-17T07:00:00Z,tribes_fort-belknap_Fort Belknap,Fort Belknap,EVI,1221.0442780497356
2009-11-17T07:00:00Z,tribes_fort-belknap_Fort Belknap,Fort Belknap,NDVI,2391.0272406613863
2009-11-17T07:00:00Z,tribes_rocky-boys_Rocky Boy's,Rocky Boy's,EVI,1394.6376085345703
2009-11-17T07:00:00Z,tribes_rocky-boys_Rocky Boy's,Rocky Boy's,NDVI,2814.165015294588
2009-11-17T07:00:00Z,tribes_blackfeet_Blackfeet,Blackfeet,EVI,1311.8528473247618
2009-11-17T07:00:00Z,tribes_blackfeet_Blackfeet,Blackfeet,NDVI,2218.8610734388467
2009-11-17T07:00:00Z,tribes_flathead_Flathead,Flathead,EVI,1912.6308630322822
2009-11-17T07:00:00Z,tribes_flathead_Flathead,Flathead,NDVI,3998.2363860945657
2009-12-03T07:00:00Z,tribes_northern-cheyenne_Northern Cheyenne,Northern Cheyenne,EVI,NA
2009-12-03T07:00:00Z,tribes_northern-cheyenne_Northern Cheyenne,Northern Cheyenne,NDVI,NA
2009-12-03T07:00:00Z,tribes_crow_Crow,Crow,EVI,NA
2009-12-03T07:00:00Z,tribes_crow_Crow,Crow,NDVI,NA
2009-12-03T07:00:00Z,tribes_fort-peck_Fort Peck,Fort Peck,EVI,1129.4506819973235
2009-12-03T07:00:00Z,tribes_fort-peck_Fort Peck,Fort Peck,NDVI,1998.0100546537462
2009-12-03T07:00:00Z,tribes_fort-belknap_Fort Belknap,Fort Belknap,EVI,1487.5121227016018
2009-12-03T07:00:00Z,tribes_fort-belknap_Fort Belknap,Fort Belknap,NDVI,2362.2154199560628
2009-12-03T07:00:00Z,tribes_rocky-boys_Rocky Boy's,Rocky Boy's,EVI,1121.6612777365533
2009-12-03T07:00:00Z,tribes_rocky-boys_Rocky Boy's,Rocky Boy's,NDVI,2144.7405510208982
2009-12-03T07:00:00Z,tribes_blackfeet_Blackfeet,Blackfeet,EVI,NA
2009-12-03T07:00:00Z,tribes_blackfeet_Blackfeet,Blackfeet,NDVI,NA
2009-12-03T07:00:00Z,tribes_flathead_Flathead,Flathead,EVI,1779.571477828528
2009-12-03T07:00:00Z,tribes_flathead_Flathead,Flathead,NDVI,3202.7179581047085
2009-12-19T07:00:00Z,tribes_northern-cheyenne_Northern Cheyenne,Northern Cheyenne,EVI,NA
2009-12-19T07:00:00Z,tribes_northern-cheyenne_Northern Cheyenne,Northern Cheyenne,NDVI,NA
2009-12-19T07:00:00Z,tribes_crow_Crow,Crow,EVI,1246.1860465116276
2009-12-19T07:00:00Z,tribes_crow_Crow,Crow,NDVI,1894.139534883721
2009-12-19T07:00:00Z,tribes_fort-peck_Fort Peck,Fort Peck,EVI,NA
2009-12-19T07:00:00Z,tribes_fort-peck_Fort Peck,Fort Peck,NDVI,NA
2009-12-19T07:00:00Z,tribes_fort-belknap_Fort Belknap,Fort Belknap,EVI,NA
2009-12-19T07:00:00Z,tribes_fort-belknap_Fort Belknap,Fort Belknap,NDVI,NA
2009-12-19T07:00:00Z,tribes_rocky-boys_Rocky Boy's,Rocky Boy's,EVI,NA
2009-12-19T07:00:00Z,tribes_rocky-boys_Rocky Boy's,Rocky Boy's,NDVI,NA
2009-12-19T07:00:00Z,tribes_blackfeet_Blackfeet,Blackfeet,EVI,NA
2009-12-19T07:00:00Z,tribes_blackfeet_Blackfeet,Blackfeet,NDVI,NA
2009-12-19T07:00:00Z,tribes_flathead_Flathead,Flathead,EVI,710.0967741935484
2009-12-19T07:00:00Z,tribes_flathead_Flathead,Flathead,NDVI,3318.5806451612902
2010-01-01T07:00:00Z,tribes_northern-cheyenne_Northern Cheyenne,Northern Cheyenne,EVI,NA
2010-01-01T07:00:00Z,tribes_northern-cheyenne_Northern Cheyenne,Northern Cheyenne,NDVI,NA
2010-01-01T07:00:00Z,tribes_crow_Crow,Crow,EVI,1463.1000000000001
2010-01-01T07:00:00Z,tribes_crow_Crow,Crow,NDVI,4426.622589531681
2010-01-01T07:00:00Z,tribes_fort-peck_Fort Peck,Fort Peck,EVI,NA
2010-01-01T07:00:00Z,tribes_fort-peck_Fort Peck,Fort Peck,NDVI,NA
2010-01-01T07:00:00Z,tribes_fort-belknap_Fort Belknap,Fort Belknap,EVI,1518.1306990881458
2010-01-01T07:00:00Z,tribes_fort-belknap_Fort Belknap,Fort Belknap,NDVI,2520.8282674772036
2010-01-01T07:00:00Z,tribes_rocky-boys_Rocky Boy's,Rocky Boy's,EVI,NA
2010-01-01T07:00:00Z,tribes_rocky-boys_Rocky Boy's,Rocky Boy's,NDVI,NA
2010-01-01T07:00:00Z,tribes_blackfeet_Blackfeet,Blackfeet,EVI,955.3772500719248
2010-01-01T07:00:00Z,tribes_blackfeet_Blackfeet,Blackfeet,NDVI,1675.495902244824
2010-01-01T07:00:00Z,tribes_flathead_Flathead,Flathead,EVI,1060.25
2010-01-01T07:00:00Z,tribes_flathead_Flathead,Flathead,NDVI,3089.0178571428573
2010-01-17T07:00:00Z,tribes_northern-cheyenne_Northern Cheyenne,Northern Cheyenne,EVI,NA
2010-01-17T07:00:00Z,tribes_northern-cheyenne_Northern Cheyenne,Northern Cheyenne,NDVI,NA
2010-01-17T07:00:00Z,tribes_crow_Crow,Crow,EVI,944.0265054263566
2010-01-17T07:00:00Z,tribes_crow_Crow,Crow,NDVI,1767.2768682170542
2010-01-17T07:00:00Z,tribes_fort-peck_Fort Peck,Fort Peck,EVI,NA
2010-01-17T07:00:00Z,tribes_fort-peck_Fort Peck,Fort Peck,NDVI,NA
2010-01-17T07:00:00Z,tribes_fort-belknap_Fort Belknap,Fort Belknap,EVI,1375.0377812331417
2010-01-17T07:00:00Z,tribes_fort-belknap_Fort Belknap,Fort Belknap,NDVI,2543.424770729541
2010-01-17T07:00:00Z,tribes_rocky-boys_Rocky Boy's,Rocky Boy's,EVI,1247.95
2010-01-17T07:00:00Z,tribes_rocky-boys_Rocky Boy's,Rocky Boy's,NDVI,2177.75
2010-01-17T07:00:00Z,tribes_blackfeet_Blackfeet,Blackfeet,EVI,1435.4607703281026
2010-01-17T07:00:00Z,tribes_blackfeet_Blackfeet,Blackfeet,NDVI,1988.5948644793152
2010-01-17T07:00:00Z,tribes_flathead_Flathead,Flathead,EVI,1546.368492473197
2010-01-17T07:00:00Z,tribes_flathead_Flathead,Flathead,NDVI,3482.0450504579844
2010-02-02T07:00:00Z,tribes_northern-cheyenne_Northern Cheyenne,Northern Cheyenne,EVI,NA
2010-02-02T07:00:00Z,tribes_northern-cheyenne_Northern Cheyenne,Northern Cheyenne,NDVI,NA
2010-02-02T07:00:00Z,tribes_crow_Crow,Crow,EVI,NA
2010-02-02T07:00:00Z,tribes_crow_Crow,Crow,NDVI,NA
2010-02-02T07:00:00Z,tribes_fort-peck_Fort Peck,Fort Peck,EVI,NA
2010-02-02T07:00:00Z,tribes_fort-peck_Fort Peck,Fort Peck,NDVI,NA
2010-02-02T07:00:00Z,tribes_fort-belknap_Fort Belknap,Fort Belknap,EVI,NA
2010-02-02T07:00:00Z,tribes_fort-belknap_Fort Belknap,Fort Belknap,NDVI,NA
2010-02-02T07:00:00Z,tribes_rocky-boys_Rocky Boy's,Rocky Boy's,EVI,NA
2010-02-02T07:00:00Z,tribes_rocky-boys_Rocky Boy's,Rocky Boy's,NDVI,NA
2010-02-02T07:00:00Z,tribes_blackfeet_Blackfeet,Blackfeet,EVI,1131.8950185711165
2010-02-02T07:00:00Z,tribes_blackfeet_Blackfeet,Blackfeet,NDVI,1876.9780423858422
2010-02-02T07:00:00Z,tribes_flathead_Flathead,Flathead,EVI,1511.9041916167664
2010-02-02T07:00:00Z,tribes_flathead_Flathead,Flathead,NDVI,2948.0426646706587
2010-02-18T07:00:00Z,tribes_northern-cheyenne_Northern Cheyenne,Northern Cheyenne,EVI,1221.808383082379
2010-02-18T07:00:00Z,tribes_northern-cheyenne_Northern Cheyenne,Northern Cheyenne,NDVI,2169.104075425022
2010-02-18T07:00:00Z,tribes_crow_Crow,Crow,EVI,1111.4364561615896
2010-02-18T07:00:00Z,tribes_crow_Crow,Crow,NDVI,2150.3536888829126
2010-02-18T07:00:00Z,tribes_fort-peck_Fort Peck,Fort Peck,EVI,NA
2010-02-18T07:00:00Z,tribes_fort-peck_Fort Peck,Fort Peck,NDVI,NA
2010-02-18T07:00:00Z,tribes_fort-belknap_Fort Belknap,Fort Belknap,EVI,NA
2010-02-18T07:00:00Z,tribes_fort-belknap_Fort Belknap,Fort Belknap,NDVI,NA
2010-02-18T07:00:00Z,tribes_rocky-boys_Rocky Boy's,Rocky Boy's,EVI,NA
2010-02-18T07:00:00Z,tribes_rocky-boys_Rocky Boy's,Rocky Boy's,NDVI,NA
2010-02-18T07:00:00Z,tribes_blackfeet_Blackfeet,Blackfeet,EVI,1057.055521464899
2010-02-18T07:00:00Z,tribes_blackfeet_Blackfeet,Blackfeet,NDVI,1882.5510715685334
2010-02-18T07:00:00Z,tribes_flathead_Flathead,Flathead,EVI,1651.636488805215
2010-02-18T07:00:00Z,tribes_flathead_Flathead,Flathead,NDVI,3631.9674977694967
2010-03-06T07:00:00Z,tribes_northern-cheyenne_Northern Cheyenne,Northern Cheyenne,EVI,1477.801290462337
2010-03-06T07:00:00Z,tribes_northern-cheyenne_Northern Cheyenne,Northern Cheyenne,NDVI,2863.9511832282965
2010-03-06T07:00:00Z,tribes_crow_Crow,Crow,EVI,1378.3018759755896
2010-03-06T07:00:00Z,tribes_crow_Crow,Crow,NDVI,2409.1802410656555
2010-03-06T07:00:00Z,tribes_fort-peck_Fort Peck,Fort Peck,EVI,999.6655829191081
2010-03-06T07:00:00Z,tribes_fort-peck_Fort Peck,Fort Peck,NDVI,1754.0662088799224
2010-03-06T07:00:00Z,tribes_fort-belknap_Fort Belknap,Fort Belknap,EVI,1233.8131835291088
2010-03-06T07:00:00Z,tribes_fort-belknap_Fort Belknap,Fort Belknap,NDVI,2271.607499925901
2010-03-06T07:00:00Z,tribes_rocky-boys_Rocky Boy's,Rocky Boy's,EVI,1066
2010-03-06T07:00:00Z,tribes_rocky-boys_Rocky Boy's,Rocky Boy's,NDVI,2032.2
2010-03-06T07:00:00Z,tribes_blackfeet_Blackfeet,Blackfeet,EVI,1141.6194171063637
2010-03-06T07:00:00Z,tribes_blackfeet_Blackfeet,Blackfeet,NDVI,1938.841251231751
2010-03-06T07:00:00Z,tribes_flathead_Flathead,Flathead,EVI,1915.5036291892056
2010-03-06T07:00:00Z,tribes_flathead_Flathead,Flathead,NDVI,3856.710697766536
2010-03-22T06:00:00Z,tribes_northern-cheyenne_Northern Cheyenne,Northern Cheyenne,EVI,1651.3298258974905
2010-03-22T06:00:00Z,tribes_northern-cheyenne_Northern Cheyenne,Northern Cheyenne,NDVI,3101.142713978496
2010-03-22T06:00:00Z,tribes_crow_Crow,Crow,EVI,1632.8127923394754
2010-03-22T06:00:00Z,tribes_crow_Crow,Crow,NDVI,2856.1650166925006
2010-03-22T06:00:00Z,tribes_fort-peck_Fort Peck,Fort Peck,EVI,1104.8894175204755
2010-03-22T06:00:00Z,tribes_fort-peck_Fort Peck,Fort Peck,NDVI,2123.0845836148437
2010-03-22T06:00:00Z,tribes_fort-belknap_Fort Belknap,Fort Belknap,EVI,1305.387577467674
2010-03-22T06:00:00Z,tribes_fort-belknap_Fort Belknap,Fort Belknap,NDVI,2525.8795992244477
2010-03-22T06:00:00Z,tribes_rocky-boys_Rocky Boy's,Rocky Boy's,EVI,1316.6573517192558
2010-03-22T06:00:00Z,tribes_rocky-boys_Rocky Boy's,Rocky Boy's,NDVI,2643.6613202708077
2010-03-22T06:00:00Z,tribes_blackfeet_Blackfeet,Blackfeet,EVI,1226.5158195995486
2010-03-22T06:00:00Z,tribes_blackfeet_Blackfeet,Blackfeet,NDVI,2110.5394613470594
2010-03-22T06:00:00Z,tribes_flathead_Flathead,Flathead,EVI,2031.34072360563
2010-03-22T06:00:00Z,tribes_flathead_Flathead,Flathead,NDVI,3748.402553937799
2010-04-07T06:00:00Z,tribes_northern-cheyenne_Northern Cheyenne,Northern Cheyenne,EVI,1856.3333460629076
2010-04-07T06:00:00Z,tribes_northern-cheyenne_Northern Cheyenne,Northern Cheyenne,NDVI,3419.927240515911
2010-04-07T06:00:00Z,tribes_crow_Crow,Crow,EVI,1994.8087109921407
2010-04-07T06:00:00Z,tribes_crow_Crow,Crow,NDVI,3365.652472294642
2010-04-07T06:00:00Z,tribes_fort-peck_Fort Peck,Fort Peck,EVI,1298.8127705569423
2010-04-07T06:00:00Z,tribes_fort-peck_Fort Peck,Fort Peck,NDVI,2399.5217038232113
2010-04-07T06:00:00Z,tribes_fort-belknap_Fort Belknap,Fort Belknap,EVI,1637.4437063350586
2010-04-07T06:00:00Z,tribes_fort-belknap_Fort Belknap,Fort Belknap,NDVI,2872.6066185399513
2010-04-07T06:00:00Z,tribes_rocky-boys_Rocky Boy's,Rocky Boy's,EVI,1779.9601025978309
2010-04-07T06:00:00Z,tribes_rocky-boys_Rocky Boy's,Rocky Boy's,NDVI,3129.3634567576482
2010-04-07T06:00:00Z,tribes_blackfeet_Blackfeet,Blackfeet,EVI,1372.9623149396798
2010-04-07T06:00:00Z,tribes_blackfeet_Blackfeet,Blackfeet,NDVI,2400.757578999011
2010-04-07T06:00:00Z,tribes_flathead_Flathead,Flathead,EVI,2420.3170179081944
2010-04-07T06:00:00Z,tribes_flathead_Flathead,Flathead,NDVI,4420.400145428819
2010-04-23T06:00:00Z,tribes_northern-cheyenne_Northern Cheyenne,Northern Cheyenne,EVI,2096.0778126282917
2010-04-23T06:00:00Z,tribes_northern-cheyenne_Northern Cheyenne,Northern Cheyenne,NDVI,3980.856941730293
2010-04-23T06:00:00Z,tribes_crow_Crow,Crow,EVI,2284.20384001161
2010-04-23T06:00:00Z,tribes_crow_Crow,Crow,NDVI,3951.9339818498593
2010-04-23T06:00:00Z,tribes_fort-peck_Fort Peck,Fort Peck,EVI,1469.3355270104623
2010-04-23T06:00:00Z,tribes_fort-peck_Fort Peck,Fort Peck,NDVI,2729.5150963745664
2010-04-23T06:00:00Z,tribes_fort-belknap_Fort Belknap,Fort Belknap,EVI,1991.005611402482
2010-04-23T06:00:00Z,tribes_fort-belknap_Fort Belknap,Fort Belknap,NDVI,3412.4973153004353
2010-04-23T06:00:00Z,tribes_rocky-boys_Rocky Boy's,Rocky Boy's,EVI,2108.9709096247843
2010-04-23T06:00:00Z,tribes_rocky-boys_Rocky Boy's,Rocky Boy's,NDVI,3706.6743115417694
2010-04-23T06:00:00Z,tribes_blackfeet_Blackfeet,Blackfeet,EVI,1698.3289547700701
2010-04-23T06:00:00Z,tribes_blackfeet_Blackfeet,Blackfeet,NDVI,2663.278789144111
2010-04-23T06:00:00Z,tribes_flathead_Flathead,Flathead,EVI,2559.9233730543
2010-04-23T06:00:00Z,tribes_flathead_Flathead,Flathead,NDVI,5050.898113973708
2010-05-09T06:00:00Z,tribes_northern-cheyenne_Northern Cheyenne,Northern Cheyenne,EVI,2605.2049880582026
2010-05-09T06:00:00Z,tribes_northern-cheyenne_Northern Cheyenne,Northern Cheyenne,NDVI,4568.7982671579375
2010-05-09T06:00:00Z,tribes_crow_Crow,Crow,EVI,2796.478901652034
2010-05-09T06:00:00Z,tribes_crow_Crow,Crow,NDVI,4670.254763505602
2010-05-09T06:00:00Z,tribes_fort-peck_Fort Peck,Fort Peck,EVI,1836.0212420687653
2010-05-09T06:00:00Z,tribes_fort-peck_Fort Peck,Fort Peck,NDVI,3205.93780391479
2010-05-09T06:00:00Z,tribes_fort-belknap_Fort Belknap,Fort Belknap,EVI,2276.528946265464
2010-05-09T06:00:00Z,tribes_fort-belknap_Fort Belknap,Fort Belknap,NDVI,3820.112855561259
2010-05-09T06:00:00Z,tribes_rocky-boys_Rocky Boy's,Rocky Boy's,EVI,2566.3146720957693
2010-05-09T06:00:00Z,tribes_rocky-boys_Rocky Boy's,Rocky Boy's,NDVI,4237.47160642132
2010-05-09T06:00:00Z,tribes_blackfeet_Blackfeet,Blackfeet,EVI,2019.3231920056112
2010-05-09T06:00:00Z,tribes_blackfeet_Blackfeet,Blackfeet,NDVI,3277.8805671894293
2010-05-09T06:00:00Z,tribes_flathead_Flathead,Flathead,EVI,2836.226735806552
2010-05-09T06:00:00Z,tribes_flathead_Flathead,Flathead,NDVI,4998.185210206463
2010-05-25T06:00:00Z,tribes_northern-cheyenne_Northern Cheyenne,Northern Cheyenne,EVI,3399.643292132934
2010-05-25T06:00:00Z,tribes_northern-cheyenne_Northern Cheyenne,Northern Cheyenne,NDVI,5550.467896090882
2010-05-25T06:00:00Z,tribes_crow_Crow,Crow,EVI,3835.573482450863
2010-05-25T06:00:00Z,tribes_crow_Crow,Crow,NDVI,5816.315558920769
2010-05-25T06:00:00Z,tribes_fort-peck_Fort Peck,Fort Peck,EVI,2419.064345392295
2010-05-25T06:00:00Z,tribes_fort-peck_Fort Peck,Fort Peck,NDVI,4003.227834927276
2010-05-25T06:00:00Z,tribes_fort-belknap_Fort Belknap,Fort Belknap,EVI,2919.944180958954
2010-05-25T06:00:00Z,tribes_fort-belknap_Fort Belknap,Fort Belknap,NDVI,4723.032426190438
2010-05-25T06:00:00Z,tribes_rocky-boys_Rocky Boy's,Rocky Boy's,EVI,3835.0898329390784
2010-05-25T06:00:00Z,tribes_rocky-boys_Rocky Boy's,Rocky Boy's,NDVI,5748.1683748636515
2010-05-25T06:00:00Z,tribes_blackfeet_Blackfeet,Blackfeet,EVI,2558.0592076097196
2010-05-25T06:00:00Z,tribes_blackfeet_Blackfeet,Blackfeet,NDVI,4278.242943885802
2010-05-25T06:00:00Z,tribes_flathead_Flathead,Flathead,EVI,3330.3295719292605
2010-05-25T06:00:00Z,tribes_flathead_Flathead,Flathead,NDVI,6325.00889518312
2010-06-10T06:00:00Z,tribes_northern-cheyenne_Northern Cheyenne,Northern Cheyenne,EVI,3555.7317378937273
2010-06-10T06:00:00Z,tribes_northern-cheyenne_Northern Cheyenne,Northern Cheyenne,NDVI,6243.722145725879
2010-06-10T06:00:00Z,tribes_crow_Crow,Crow,EVI,3898.5823168579345
2010-06-10T06:00:00Z,tribes_crow_Crow,Crow,NDVI,6304.116165708078
2010-06-10T06:00:00Z,tribes_fort-peck_Fort Peck,Fort Peck,EVI,3632.3102502609504
2010-06-10T06:00:00Z,tribes_fort-peck_Fort Peck,Fort Peck,NDVI,5739.999741414948
2010-06-10T06:00:00Z,tribes_fort-belknap_Fort Belknap,Fort Belknap,EVI,3060.0457755987973
2010-06-10T06:00:00Z,tribes_fort-belknap_Fort Belknap,Fort Belknap,NDVI,5345.662851411921
2010-06-10T06:00:00Z,tribes_rocky-boys_Rocky Boy's,Rocky Boy's,EVI,4071.490875202669
2010-06-10T06:00:00Z,tribes_rocky-boys_Rocky Boy's,Rocky Boy's,NDVI,6576.152672106015
2010-06-10T06:00:00Z,tribes_blackfeet_Blackfeet,Blackfeet,EVI,2870.990258214501
2010-06-10T06:00:00Z,tribes_blackfeet_Blackfeet,Blackfeet,NDVI,4935.076276879301
2010-06-10T06:00:00Z,tribes_flathead_Flathead,Flathead,EVI,3354.187853920312
2010-06-10T06:00:00Z,tribes_flathead_Flathead,Flathead,NDVI,6181.3391917748695
2010-06-26T06:00:00Z,tribes_northern-cheyenne_Northern Cheyenne,Northern Cheyenne,EVI,3666.7791591973623
2010-06-26T06:00:00Z,tribes_northern-cheyenne_Northern Cheyenne,Northern Cheyenne,NDVI,5965.886729716137
2010-06-26T06:00:00Z,tribes_crow_Crow,Crow,EVI,3682.1213898550072
2010-06-26T06:00:00Z,tribes_crow_Crow,Crow,NDVI,5778.838485643967
2010-06-26T06:00:00Z,tribes_fort-peck_Fort Peck,Fort Peck,EVI,3839.1047521230066
2010-06-26T06:00:00Z,tribes_fort-peck_Fort Peck,Fort Peck,NDVI,6042.732618203831
2010-06-26T06:00:00Z,tribes_fort-belknap_Fort Belknap,Fort Belknap,EVI,3165.9501921529527
2010-06-26T06:00:00Z,tribes_fort-belknap_Fort Belknap,Fort Belknap,NDVI,5272.798864897761
2010-06-26T06:00:00Z,tribes_rocky-boys_Rocky Boy's,Rocky Boy's,EVI,4470.716716121797
2010-06-26T06:00:00Z,tribes_rocky-boys_Rocky Boy's,Rocky Boy's,NDVI,6810.606261498878
2010-06-26T06:00:00Z,tribes_blackfeet_Blackfeet,Blackfeet,EVI,3548.709139106265
2010-06-26T06:00:00Z,tribes_blackfeet_Blackfeet,Blackfeet,NDVI,5601.153291406541
2010-06-26T06:00:00Z,tribes_flathead_Flathead,Flathead,EVI,3347.6348203426296
2010-06-26T06:00:00Z,tribes_flathead_Flathead,Flathead,NDVI,6051.476005643961
2010-07-12T06:00:00Z,tribes_northern-cheyenne_Northern Cheyenne,Northern Cheyenne,EVI,3377.742085084052
2010-07-12T06:00:00Z,tribes_northern-cheyenne_Northern Cheyenne,Northern Cheyenne,NDVI,5677.232527830546
2010-07-12T06:00:00Z,tribes_crow_Crow,Crow,EVI,3194.405161028188
2010-07-12T06:00:00Z,tribes_crow_Crow,Crow,NDVI,5136.695798018642
2010-07-12T06:00:00Z,tribes_fort-peck_Fort Peck,Fort Peck,EVI,3385.249465576413
2010-07-12T06:00:00Z,tribes_fort-peck_Fort Peck,Fort Peck,NDVI,5375.989194170044
2010-07-12T06:00:00Z,tribes_fort-belknap_Fort Belknap,Fort Belknap,EVI,2860.9824174662363
2010-07-12T06:00:00Z,tribes_fort-belknap_Fort Belknap,Fort Belknap,NDVI,5045.951060609908
2010-07-12T06:00:00Z,tribes_rocky-boys_Rocky Boy's,Rocky Boy's,EVI,4025.9617199893487
2010-07-12T06:00:00Z,tribes_rocky-boys_Rocky Boy's,Rocky Boy's,NDVI,6633.851234775632
2010-07-12T06:00:00Z,tribes_blackfeet_Blackfeet,Blackfeet,EVI,3539.41754601623
2010-07-12T06:00:00Z,tribes_blackfeet_Blackfeet,Blackfeet,NDVI,5622.034007269133
2010-07-12T06:00:00Z,tribes_flathead_Flathead,Flathead,EVI,3187.061084452117
2010-07-12T06:00:00Z,tribes_flathead_Flathead,Flathead,NDVI,5669.248626129884
2010-07-28T06:00:00Z,tribes_northern-cheyenne_Northern Cheyenne,Northern Cheyenne,EVI,2959.0920712819784
2010-07-28T06:00:00Z,tribes_northern-cheyenne_Northern Cheyenne,Northern Cheyenne,NDVI,5113.44097404446
2010-07-28T06:00:00Z,tribes_crow_Crow,Crow,EVI,2710.0957610997966
2010-07-28T06:00:00Z,tribes_crow_Crow,Crow,NDVI,4477.072178680504
2010-07-28T06:00:00Z,tribes_fort-peck_Fort Peck,Fort Peck,EVI,2598.9045303078456
2010-07-28T06:00:00Z,tribes_fort-peck_Fort Peck,Fort Peck,NDVI,4495.848712221978
2010-07-28T06:00:00Z,tribes_fort-belknap_Fort Belknap,Fort Belknap,EVI,2590.3690461500805
2010-07-28T06:00:00Z,tribes_fort-belknap_Fort Belknap,Fort Belknap,NDVI,4624.898470599588
2010-07-28T06:00:00Z,tribes_rocky-boys_Rocky Boy's,Rocky Boy's,EVI,4049.438706970778
2010-07-28T06:00:00Z,tribes_rocky-boys_Rocky Boy's,Rocky Boy's,NDVI,6377.629171819768
2010-07-28T06:00:00Z,tribes_blackfeet_Blackfeet,Blackfeet,EVI,3782.188410682596
2010-07-28T06:00:00Z,tribes_blackfeet_Blackfeet,Blackfeet,NDVI,5621.300856702539
2010-07-28T06:00:00Z,tribes_flathead_Flathead,Flathead,EVI,3105.7200402087387
2010-07-28T06:00:00Z,tribes_flathead_Flathead,Flathead,NDVI,5533.474254902449
2010-08-13T06:00:00Z,tribes_northern-cheyenne_Northern Cheyenne,Northern Cheyenne,EVI,2682.587044708889
2010-08-13T06:00:00Z,tribes_northern-cheyenne_Northern Cheyenne,Northern Cheyenne,NDVI,4711.3441538674715
2010-08-13T06:00:00Z,tribes_crow_Crow,Crow,EVI,2444.2302801103256
2010-08-13T06:00:00Z,tribes_crow_Crow,Crow,NDVI,4086.8824555914284
2010-08-13T06:00:00Z,tribes_fort-peck_Fort Peck,Fort Peck,EVI,2163.7525579989433
2010-08-13T06:00:00Z,tribes_fort-peck_Fort Peck,Fort Peck,NDVI,3821.018691220324
2010-08-13T06:00:00Z,tribes_fort-belknap_Fort Belknap,Fort Belknap,EVI,2057.9340285948633
2010-08-13T06:00:00Z,tribes_fort-belknap_Fort Belknap,Fort Belknap,NDVI,3869.747357334009
2010-08-13T06:00:00Z,tribes_rocky-boys_Rocky Boy's,Rocky Boy's,EVI,3289.5244092698963
2010-08-13T06:00:00Z,tribes_rocky-boys_Rocky Boy's,Rocky Boy's,NDVI,5698.098165863313
2010-08-13T06:00:00Z,tribes_blackfeet_Blackfeet,Blackfeet,EVI,2971.471928235017
2010-08-13T06:00:00Z,tribes_blackfeet_Blackfeet,Blackfeet,NDVI,4928.138180065964
2010-08-13T06:00:00Z,tribes_flathead_Flathead,Flathead,EVI,2759.76394428987
2010-08-13T06:00:00Z,tribes_flathead_Flathead,Flathead,NDVI,5394.3472985465
2010-08-29T06:00:00Z,tribes_northern-cheyenne_Northern Cheyenne,Northern Cheyenne,EVI,2316.615897041991
2010-08-29T06:00:00Z,tribes_northern-cheyenne_Northern Cheyenne,Northern Cheyenne,NDVI,4677.7041326570115
2010-08-29T06:00:00Z,tribes_crow_Crow,Crow,EVI,2177.9778714582826
2010-08-29T06:00:00Z,tribes_crow_Crow,Crow,NDVI,4070.006845379781
2010-08-29T06:00:00Z,tribes_fort-peck_Fort Peck,Fort Peck,EVI,2027.1540972596413
2010-08-29T06:00:00Z,tribes_fort-peck_Fort Peck,Fort Peck,NDVI,3801.363881186287
2010-08-29T06:00:00Z,tribes_fort-belknap_Fort Belknap,Fort Belknap,EVI,2146.494196287799
2010-08-29T06:00:00Z,tribes_fort-belknap_Fort Belknap,Fort Belknap,NDVI,4236.040957172816
2010-08-29T06:00:00Z,tribes_rocky-boys_Rocky Boy's,Rocky Boy's,EVI,2910.633581264456
2010-08-29T06:00:00Z,tribes_rocky-boys_Rocky Boy's,Rocky Boy's,NDVI,5513.195271974029
2010-08-29T06:00:00Z,tribes_blackfeet_Blackfeet,Blackfeet,EVI,2646.6032491439782
2010-08-29T06:00:00Z,tribes_blackfeet_Blackfeet,Blackfeet,NDVI,4719.123411693189
2010-08-29T06:00:00Z,tribes_flathead_Flathead,Flathead,EVI,2707.834117209699
2010-08-29T06:00:00Z,tribes_flathead_Flathead,Flathead,NDVI,5342.516407454622
2010-09-14T06:00:00Z,tribes_northern-cheyenne_Northern Cheyenne,Northern Cheyenne,EVI,2232.6304934159193
2010-09-14T06:00:00Z,tribes_northern-cheyenne_Northern Cheyenne,Northern Cheyenne,NDVI,4493.681529444234
2010-09-14T06:00:00Z,tribes_crow_Crow,Crow,EVI,2234.1700475917946
2010-09-14T06:00:00Z,tribes_crow_Crow,Crow,NDVI,4089.4733849002428
2010-09-14T06:00:00Z,tribes_fort-peck_Fort Peck,Fort Peck,EVI,1875.519732772429
2010-09-14T06:00:00Z,tribes_fort-peck_Fort Peck,Fort Peck,NDVI,3401.3710143484
2010-09-14T06:00:00Z,tribes_fort-belknap_Fort Belknap,Fort Belknap,EVI,1997.556076673059
2010-09-14T06:00:00Z,tribes_fort-belknap_Fort Belknap,Fort Belknap,NDVI,4003.1130939421246
2010-09-14T06:00:00Z,tribes_rocky-boys_Rocky Boy's,Rocky Boy's,EVI,2940.7386387970037
2010-09-14T06:00:00Z,tribes_rocky-boys_Rocky Boy's,Rocky Boy's,NDVI,5257.89396137695
2010-09-14T06:00:00Z,tribes_blackfeet_Blackfeet,Blackfeet,EVI,2349.07470380792
2010-09-14T06:00:00Z,tribes_blackfeet_Blackfeet,Blackfeet,NDVI,4122.386184662911
2010-09-14T06:00:00Z,tribes_flathead_Flathead,Flathead,EVI,2444.525558832175
2010-09-14T06:00:00Z,tribes_flathead_Flathead,Flathead,NDVI,5269.086973925493
2010-09-30T06:00:00Z,tribes_northern-cheyenne_Northern Cheyenne,Northern Cheyenne,EVI,1923.83301073943
2010-09-30T06:00:00Z,tribes_northern-cheyenne_Northern Cheyenne,Northern Cheyenne,NDVI,3965.9408207487136
2010-09-30T06:00:00Z,tribes_crow_Crow,Crow,EVI,1930.944608899904
2010-09-30T06:00:00Z,tribes_crow_Crow,Crow,NDVI,3697.8548914539388
2010-09-30T06:00:00Z,tribes_fort-peck_Fort Peck,Fort Peck,EVI,1659.8051014495973
2010-09-30T06:00:00Z,tribes_fort-peck_Fort Peck,Fort Peck,NDVI,3186.087171743932
2010-09-30T06:00:00Z,tribes_fort-belknap_Fort Belknap,Fort Belknap,EVI,2059.7287066221274
2010-09-30T06:00:00Z,tribes_fort-belknap_Fort Belknap,Fort Belknap,NDVI,4061.4989126027035
2010-09-30T06:00:00Z,tribes_rocky-boys_Rocky Boy's,Rocky Boy's,EVI,2327.0301144532837
2010-09-30T06:00:00Z,tribes_rocky-boys_Rocky Boy's,Rocky Boy's,NDVI,4869.52505167661
2010-09-30T06:00:00Z,tribes_blackfeet_Blackfeet,Blackfeet,EVI,1960.0049122914045
2010-09-30T06:00:00Z,tribes_blackfeet_Blackfeet,Blackfeet,NDVI,3782.4267538862077
2010-09-30T06:00:00Z,tribes_flathead_Flathead,Flathead,EVI,2505.8615921105365
2010-09-30T06:00:00Z,tribes_flathead_Flathead,Flathead,NDVI,5360.615227323873
2010-10-16T06:00:00Z,tribes_northern-cheyenne_Northern Cheyenne,Northern Cheyenne,EVI,1874.8745380669911
2010-10-16T06:00:00Z,tribes_northern-cheyenne_Northern Cheyenne,Northern Cheyenne,NDVI,3784.145625506663
2010-10-16T06:00:00Z,tribes_crow_Crow,Crow,EVI,1793.6843805054239
2010-10-16T06:00:00Z,tribes_crow_Crow,Crow,NDVI,3375.328721601533
2010-10-16T06:00:00Z,tribes_fort-peck_Fort Peck,Fort Peck,EVI,1513.2701675608157
2010-10-16T06:00:00Z,tribes_fort-peck_Fort Peck,Fort Peck,NDVI,2826.1352529760047
2010-10-16T06:00:00Z,tribes_fort-belknap_Fort Belknap,Fort Belknap,EVI,1841.0913527767916
2010-10-16T06:00:00Z,tribes_fort-belknap_Fort Belknap,Fort Belknap,NDVI,3567.0596804030283
2010-10-16T06:00:00Z,tribes_rocky-boys_Rocky Boy's,Rocky Boy's,EVI,2168.1634782453793
2010-10-16T06:00:00Z,tribes_rocky-boys_Rocky Boy's,Rocky Boy's,NDVI,4234.044594088883
2010-10-16T06:00:00Z,tribes_blackfeet_Blackfeet,Blackfeet,EVI,1709.6115396077794
2010-10-16T06:00:00Z,tribes_blackfeet_Blackfeet,Blackfeet,NDVI,3262.6678499535847
2010-10-16T06:00:00Z,tribes_flathead_Flathead,Flathead,EVI,2590.262704487633
2010-10-16T06:00:00Z,tribes_flathead_Flathead,Flathead,NDVI,5082.182008787511
2010-11-01T06:00:00Z,tribes_northern-cheyenne_Northern Cheyenne,Northern Cheyenne,EVI,1682.3300637749344
2010-11-01T06:00:00Z,tribes_northern-cheyenne_Northern Cheyenne,Northern Cheyenne,NDVI,3596.3292423856547
2010-11-01T06:00:00Z,tribes_crow_Crow,Crow,EVI,1560.9678535277712
2010-11-01T06:00:00Z,tribes_crow_Crow,Crow,NDVI,3107.6997569406185
2010-11-01T06:00:00Z,tribes_fort-peck_Fort Peck,Fort Peck,EVI,1358.193911643346
2010-11-01T06:00:00Z,tribes_fort-peck_Fort Peck,Fort Peck,NDVI,2706.9475338022626
2010-11-01T06:00:00Z,tribes_fort-belknap_Fort Belknap,Fort Belknap,EVI,1572.0777250496533
2010-11-01T06:00:00Z,tribes_fort-belknap_Fort Belknap,Fort Belknap,NDVI,3060.2344143253017
2010-11-01T06:00:00Z,tribes_rocky-boys_Rocky Boy's,Rocky Boy's,EVI,1722.5783502903805
2010-11-01T06:00:00Z,tribes_rocky-boys_Rocky Boy's,Rocky Boy's,NDVI,3649.9158290031023
2010-11-01T06:00:00Z,tribes_blackfeet_Blackfeet,Blackfeet,EVI,1612.4790184433705
2010-11-01T06:00:00Z,tribes_blackfeet_Blackfeet,Blackfeet,NDVI,3065.7159548087293
2010-11-01T06:00:00Z,tribes_flathead_Flathead,Flathead,EVI,2184.998334175914
2010-11-01T06:00:00Z,tribes_flathead_Flathead,Flathead,NDVI,5018.834990593475
2010-11-17T07:00:00Z,tribes_northern-cheyenne_Northern Cheyenne,Northern Cheyenne,EVI,NA
2010-11-17T07:00:00Z,tribes_northern-cheyenne_Northern Cheyenne,Northern Cheyenne,NDVI,NA
2010-11-17T07:00:00Z,tribes_crow_Crow,Crow,EVI,1244.4952668338576
2010-11-17T07:00:00Z,tribes_crow_Crow,Crow,NDVI,2615.811336593778
2010-11-17T07:00:00Z,tribes_fort-peck_Fort Peck,Fort Peck,EVI,NA
2010-11-17T07:00:00Z,tribes_fort-peck_Fort Peck,Fort Peck,NDVI,NA
2010-11-17T07:00:00Z,tribes_fort-belknap_Fort Belknap,Fort Belknap,EVI,NA
2010-11-17T07:00:00Z,tribes_fort-belknap_Fort Belknap,Fort Belknap,NDVI,NA
2010-11-17T07:00:00Z,tribes_rocky-boys_Rocky Boy's,Rocky Boy's,EVI,NA
2010-11-17T07:00:00Z,tribes_rocky-boys_Rocky Boy's,Rocky Boy's,NDVI,NA
2010-11-17T07:00:00Z,tribes_blackfeet_Blackfeet,Blackfeet,EVI,NA
2010-11-17T07:00:00Z,tribes_blackfeet_Blackfeet,Blackfeet,NDVI,NA
2010-11-17T07:00:00Z,tribes_flathead_Flathead,Flathead,EVI,2269.746835443038
2010-11-17T07:00:00Z,tribes_flathead_Flathead,Flathead,NDVI,4487.962025316456
2010-12-03T07:00:00Z,tribes_northern-cheyenne_Northern Cheyenne,Northern Cheyenne,EVI,NA
2010-12-03T07:00:00Z,tribes_northern-cheyenne_Northern Cheyenne,Northern Cheyenne,NDVI,NA
2010-12-03T07:00:00Z,tribes_crow_Crow,Crow,EVI,995.5328492442726
2010-12-03T07:00:00Z,tribes_crow_Crow,Crow,NDVI,2342.428245586176
2010-12-03T07:00:00Z,tribes_fort-peck_Fort Peck,Fort Peck,EVI,NA
2010-12-03T07:00:00Z,tribes_fort-peck_Fort Peck,Fort Peck,NDVI,NA
2010-12-03T07:00:00Z,tribes_fort-belknap_Fort Belknap,Fort Belknap,EVI,NA
2010-12-03T07:00:00Z,tribes_fort-belknap_Fort Belknap,Fort Belknap,NDVI,NA
2010-12-03T07:00:00Z,tribes_rocky-boys_Rocky Boy's,Rocky Boy's,EVI,NA
2010-12-03T07:00:00Z,tribes_rocky-boys_Rocky Boy's,Rocky Boy's,NDVI,NA
2010-12-03T07:00:00Z,tribes_blackfeet_Blackfeet,Blackfeet,EVI,1110.7708333333333
2010-12-03T07:00:00Z,tribes_blackfeet_Blackfeet,Blackfeet,NDVI,1913.4375
2010-12-03T07:00:00Z,tribes_flathead_Flathead,Flathead,EVI,1994.434650455927
2010-12-03T07:00:00Z,tribes_flathead_Flathead,Flathead,NDVI,3326.306990881459
2010-12-19T07:00:00Z,tribes_northern-cheyenne_Northern Cheyenne,Northern Cheyenne,EVI,NA
2010-12-19T07:00:00Z,tribes_northern-cheyenne_Northern Cheyenne,Northern Cheyenne,NDVI,NA
2010-12-19T07:00:00Z,tribes_crow_Crow,Crow,EVI,1108.4237787671661
2010-12-19T07:00:00Z,tribes_crow_Crow,Crow,NDVI,2171.267699253778
2010-12-19T07:00:00Z,tribes_fort-peck_Fort Peck,Fort Peck,EVI,NA
2010-12-19T07:00:00Z,tribes_fort-peck_Fort Peck,Fort Peck,NDVI,NA
2010-12-19T07:00:00Z,tribes_fort-belknap_Fort Belknap,Fort Belknap,EVI,NA
2010-12-19T07:00:00Z,tribes_fort-belknap_Fort Belknap,Fort Belknap,NDVI,NA
2010-12-19T07:00:00Z,tribes_rocky-boys_Rocky Boy's,Rocky Boy's,EVI,NA
2010-12-19T07:00:00Z,tribes_rocky-boys_Rocky Boy's,Rocky Boy's,NDVI,NA
2010-12-19T07:00:00Z,tribes_blackfeet_Blackfeet,Blackfeet,EVI,NA
2010-12-19T07:00:00Z,tribes_blackfeet_Blackfeet,Blackfeet,NDVI,NA
2010-12-19T07:00:00Z,tribes_flathead_Flathead,Flathead,EVI,1096.4341517857142
2010-12-19T07:00:00Z,tribes_flathead_Flathead,Flathead,NDVI,4642.106026785714
2011-01-01T07:00:00Z,tribes_northern-cheyenne_Northern Cheyenne,Northern Cheyenne,EVI,NA
2011-01-01T07:00:00Z,tribes_northern-cheyenne_Northern Cheyenne,Northern Cheyenne,NDVI,NA
2011-01-01T07:00:00Z,tribes_crow_Crow,Crow,EVI,NA
2011-01-01T07:00:00Z,tribes_crow_Crow,Crow,NDVI,NA
2011-01-01T07:00:00Z,tribes_fort-peck_Fort Peck,Fort Peck,EVI,NA
2011-01-01T07:00:00Z,tribes_fort-peck_Fort Peck,Fort Peck,NDVI,NA
2011-01-01T07:00:00Z,tribes_fort-belknap_Fort Belknap,Fort Belknap,EVI,NA
2011-01-01T07:00:00Z,tribes_fort-belknap_Fort Belknap,Fort Belknap,NDVI,NA
2011-01-01T07:00:00Z,tribes_rocky-boys_Rocky Boy's,Rocky Boy's,EVI,NA
2011-01-01T07:00:00Z,tribes_rocky-boys_Rocky Boy's,Rocky Boy's,NDVI,NA
2011-01-01T07:00:00Z,tribes_blackfeet_Blackfeet,Blackfeet,EVI,NA
2011-01-01T07:00:00Z,tribes_blackfeet_Blackfeet,Blackfeet,NDVI,NA
2011-01-01T07:00:00Z,tribes_flathead_Flathead,Flathead,EVI,814.531914893617
2011-01-01T07:00:00Z,tribes_flathead_Flathead,Flathead,NDVI,2662.7021276595747
2011-01-17T07:00:00Z,tribes_northern-cheyenne_Northern Cheyenne,Northern Cheyenne,EVI,NA
2011-01-17T07:00:00Z,tribes_northern-cheyenne_Northern Cheyenne,Northern Cheyenne,NDVI,NA
2011-01-17T07:00:00Z,tribes_crow_Crow,Crow,EVI,1075.6663262907352
2011-01-17T07:00:00Z,tribes_crow_Crow,Crow,NDVI,2121.835216420323
2011-01-17T07:00:00Z,tribes_fort-peck_Fort Peck,Fort Peck,EVI,NA
2011-01-17T07:00:00Z,tribes_fort-peck_Fort Peck,Fort Peck,NDVI,NA
2011-01-17T07:00:00Z,tribes_fort-belknap_Fort Belknap,Fort Belknap,EVI,NA
2011-01-17T07:00:00Z,tribes_fort-belknap_Fort Belknap,Fort Belknap,NDVI,NA
2011-01-17T07:00:00Z,tribes_rocky-boys_Rocky Boy's,Rocky Boy's,EVI,NA
2011-01-17T07:00:00Z,tribes_rocky-boys_Rocky Boy's,Rocky Boy's,NDVI,NA
2011-01-17T07:00:00Z,tribes_blackfeet_Blackfeet,Blackfeet,EVI,1130.642857142857
2011-01-17T07:00:00Z,tribes_blackfeet_Blackfeet,Blackfeet,NDVI,1722.7857142857142
2011-01-17T07:00:00Z,tribes_flathead_Flathead,Flathead,EVI,1721.4890684410645
2011-01-17T07:00:00Z,tribes_flathead_Flathead,Flathead,NDVI,3272.402566539924
2011-02-02T07:00:00Z,tribes_northern-cheyenne_Northern Cheyenne,Northern Cheyenne,EVI,1012.5555555555555
2011-02-02T07:00:00Z,tribes_northern-cheyenne_Northern Cheyenne,Northern Cheyenne,NDVI,2007.5555555555557
2011-02-02T07:00:00Z,tribes_crow_Crow,Crow,EVI,1066.171346411735
2011-02-02T07:00:00Z,tribes_crow_Crow,Crow,NDVI,1982.4250294495234
2011-02-02T07:00:00Z,tribes_fort-peck_Fort Peck,Fort Peck,EVI,NA
2011-02-02T07:00:00Z,tribes_fort-peck_Fort Peck,Fort Peck,NDVI,NA
2011-02-02T07:00:00Z,tribes_fort-belknap_Fort Belknap,Fort Belknap,EVI,1418.2227991503426
2011-02-02T07:00:00Z,tribes_fort-belknap_Fort Belknap,Fort Belknap,NDVI,2467.4300212414446
2011-02-02T07:00:00Z,tribes_rocky-boys_Rocky Boy's,Rocky Boy's,EVI,NA
2011-02-02T07:00:00Z,tribes_rocky-boys_Rocky Boy's,Rocky Boy's,NDVI,NA
2011-02-02T07:00:00Z,tribes_blackfeet_Blackfeet,Blackfeet,EVI,1100.0323212854885
2011-02-02T07:00:00Z,tribes_blackfeet_Blackfeet,Blackfeet,NDVI,1757.2635511185224
2011-02-02T07:00:00Z,tribes_flathead_Flathead,Flathead,EVI,1545.0455717970765
2011-02-02T07:00:00Z,tribes_flathead_Flathead,Flathead,NDVI,2884.781599312124
2011-02-18T07:00:00Z,tribes_northern-cheyenne_Northern Cheyenne,Northern Cheyenne,EVI,NA
2011-02-18T07:00:00Z,tribes_northern-cheyenne_Northern Cheyenne,Northern Cheyenne,NDVI,NA
2011-02-18T07:00:00Z,tribes_crow_Crow,Crow,EVI,1007.3943601488693
2011-02-18T07:00:00Z,tribes_crow_Crow,Crow,NDVI,2082.526266819353
2011-02-18T07:00:00Z,tribes_fort-peck_Fort Peck,Fort Peck,EVI,NA
2011-02-18T07:00:00Z,tribes_fort-peck_Fort Peck,Fort Peck,NDVI,NA
2011-02-18T07:00:00Z,tribes_fort-belknap_Fort Belknap,Fort Belknap,EVI,NA
2011-02-18T07:00:00Z,tribes_fort-belknap_Fort Belknap,Fort Belknap,NDVI,NA
2011-02-18T07:00:00Z,tribes_rocky-boys_Rocky Boy's,Rocky Boy's,EVI,NA
2011-02-18T07:00:00Z,tribes_rocky-boys_Rocky Boy's,Rocky Boy's,NDVI,NA
2011-02-18T07:00:00Z,tribes_blackfeet_Blackfeet,Blackfeet,EVI,NA
2011-02-18T07:00:00Z,tribes_blackfeet_Blackfeet,Blackfeet,NDVI,NA
2011-02-18T07:00:00Z,tribes_flathead_Flathead,Flathead,EVI,1939.4
2011-02-18T07:00:00Z,tribes_flathead_Flathead,Flathead,NDVI,2823.4
2011-03-06T07:00:00Z,tribes_northern-cheyenne_Northern Cheyenne,Northern Cheyenne,EVI,1282.539208567436
2011-03-06T07:00:00Z,tribes_northern-cheyenne_Northern Cheyenne,Northern Cheyenne,NDVI,2629.482733627957
2011-03-06T07:00:00Z,tribes_crow_Crow,Crow,EVI,1165.105320228124
2011-03-06T07:00:00Z,tribes_crow_Crow,Crow,NDVI,2256.1293543544643
2011-03-06T07:00:00Z,tribes_fort-peck_Fort Peck,Fort Peck,EVI,NA
2011-03-06T07:00:00Z,tribes_fort-peck_Fort Peck,Fort Peck,NDVI,NA
2011-03-06T07:00:00Z,tribes_fort-belknap_Fort Belknap,Fort Belknap,EVI,1289.8868727463196
2011-03-06T07:00:00Z,tribes_fort-belknap_Fort Belknap,Fort Belknap,NDVI,2302.11679357789
2011-03-06T07:00:00Z,tribes_rocky-boys_Rocky Boy's,Rocky Boy's,EVI,1168.219074114747
2011-03-06T07:00:00Z,tribes_rocky-boys_Rocky Boy's,Rocky Boy's,NDVI,2041.6337213558818
2011-03-06T07:00:00Z,tribes_blackfeet_Blackfeet,Blackfeet,EVI,1087.3382503279288
2011-03-06T07:00:00Z,tribes_blackfeet_Blackfeet,Blackfeet,NDVI,1818.3912586416939
2011-03-06T07:00:00Z,tribes_flathead_Flathead,Flathead,EVI,1668.7285556170448
2011-03-06T07:00:00Z,tribes_flathead_Flathead,Flathead,NDVI,3118.5453790813503
2011-03-22T06:00:00Z,tribes_northern-cheyenne_Northern Cheyenne,Northern Cheyenne,EVI,1749.3892619137146
2011-03-22T06:00:00Z,tribes_northern-cheyenne_Northern Cheyenne,Northern Cheyenne,NDVI,3212.1628346291377
2011-03-22T06:00:00Z,tribes_crow_Crow,Crow,EVI,1557.4547602886291
2011-03-22T06:00:00Z,tribes_crow_Crow,Crow,NDVI,2710.8023029904766
2011-03-22T06:00:00Z,tribes_fort-peck_Fort Peck,Fort Peck,EVI,NA
2011-03-22T06:00:00Z,tribes_fort-peck_Fort Peck,Fort Peck,NDVI,NA
2011-03-22T06:00:00Z,tribes_fort-belknap_Fort Belknap,Fort Belknap,EVI,1393.0838401205483
2011-03-22T06:00:00Z,tribes_fort-belknap_Fort Belknap,Fort Belknap,NDVI,2316.114641449657
2011-03-22T06:00:00Z,tribes_rocky-boys_Rocky Boy's,Rocky Boy's,EVI,1310.9266812077894
2011-03-22T06:00:00Z,tribes_rocky-boys_Rocky Boy's,Rocky Boy's,NDVI,2386.316768717316
2011-03-22T06:00:00Z,tribes_blackfeet_Blackfeet,Blackfeet,EVI,1066.510265438117
2011-03-22T06:00:00Z,tribes_blackfeet_Blackfeet,Blackfeet,NDVI,1959.4386258793447
2011-03-22T06:00:00Z,tribes_flathead_Flathead,Flathead,EVI,2124.39866121188
2011-03-22T06:00:00Z,tribes_flathead_Flathead,Flathead,NDVI,3661.196502701272
2011-04-07T06:00:00Z,tribes_northern-cheyenne_Northern Cheyenne,Northern Cheyenne,EVI,1831.1823215632019
2011-04-07T06:00:00Z,tribes_northern-cheyenne_Northern Cheyenne,Northern Cheyenne,NDVI,3430.027391931949
2011-04-07T06:00:00Z,tribes_crow_Crow,Crow,EVI,1705.8618576958966
2011-04-07T06:00:00Z,tribes_crow_Crow,Crow,NDVI,3067.4451884863697
2011-04-07T06:00:00Z,tribes_fort-peck_Fort Peck,Fort Peck,EVI,1051.4139022430052
2011-04-07T06:00:00Z,tribes_fort-peck_Fort Peck,Fort Peck,NDVI,1984.7348553205654
2011-04-07T06:00:00Z,tribes_fort-belknap_Fort Belknap,Fort Belknap,EVI,1461.192570482357
2011-04-07T06:00:00Z,tribes_fort-belknap_Fort Belknap,Fort Belknap,NDVI,2585.587622115375
2011-04-07T06:00:00Z,tribes_rocky-boys_Rocky Boy's,Rocky Boy's,EVI,1560.753265717226
2011-04-07T06:00:00Z,tribes_rocky-boys_Rocky Boy's,Rocky Boy's,NDVI,2565.1711323791983
2011-04-07T06:00:00Z,tribes_blackfeet_Blackfeet,Blackfeet,EVI,1158.5709316214607
2011-04-07T06:00:00Z,tribes_blackfeet_Blackfeet,Blackfeet,NDVI,2025.124864078334
2011-04-07T06:00:00Z,tribes_flathead_Flathead,Flathead,EVI,2325.9251003424833
2011-04-07T06:00:00Z,tribes_flathead_Flathead,Flathead,NDVI,3921.069102799903
2011-04-23T06:00:00Z,tribes_northern-cheyenne_Northern Cheyenne,Northern Cheyenne,EVI,2179.4960377600046
2011-04-23T06:00:00Z,tribes_northern-cheyenne_Northern Cheyenne,Northern Cheyenne,NDVI,3877.2766548540544
2011-04-23T06:00:00Z,tribes_crow_Crow,Crow,EVI,1943.723260507459
2011-04-23T06:00:00Z,tribes_crow_Crow,Crow,NDVI,3452.505625396816
2011-04-23T06:00:00Z,tribes_fort-peck_Fort Peck,Fort Peck,EVI,1250.0165026270915
2011-04-23T06:00:00Z,tribes_fort-peck_Fort Peck,Fort Peck,NDVI,2262.5478237528696
2011-04-23T06:00:00Z,tribes_fort-belknap_Fort Belknap,Fort Belknap,EVI,1706.76115111328
2011-04-23T06:00:00Z,tribes_fort-belknap_Fort Belknap,Fort Belknap,NDVI,3078.6780518000137
2011-04-23T06:00:00Z,tribes_rocky-boys_Rocky Boy's,Rocky Boy's,EVI,1738.1121449321372
2011-04-23T06:00:00Z,tribes_rocky-boys_Rocky Boy's,Rocky Boy's,NDVI,3010.193076601714
2011-04-23T06:00:00Z,tribes_blackfeet_Blackfeet,Blackfeet,EVI,1375.8980646773762
2011-04-23T06:00:00Z,tribes_blackfeet_Blackfeet,Blackfeet,NDVI,2352.1306734059926
2011-04-23T06:00:00Z,tribes_flathead_Flathead,Flathead,EVI,2528.472138442768
2011-04-23T06:00:00Z,tribes_flathead_Flathead,Flathead,NDVI,4490.542533602644
2011-05-09T06:00:00Z,tribes_northern-cheyenne_Northern Cheyenne,Northern Cheyenne,EVI,2445.2523619506205
2011-05-09T06:00:00Z,tribes_northern-cheyenne_Northern Cheyenne,Northern Cheyenne,NDVI,4216.568913283834
2011-05-09T06:00:00Z,tribes_crow_Crow,Crow,EVI,2482.4349354372275
2011-05-09T06:00:00Z,tribes_crow_Crow,Crow,NDVI,4105.64209602065
2011-05-09T06:00:00Z,tribes_fort-peck_Fort Peck,Fort Peck,EVI,1772.5668504686403
2011-05-09T06:00:00Z,tribes_fort-peck_Fort Peck,Fort Peck,NDVI,2918.0042160895264
2011-05-09T06:00:00Z,tribes_fort-belknap_Fort Belknap,Fort Belknap,EVI,2000.762798116833
2011-05-09T06:00:00Z,tribes_fort-belknap_Fort Belknap,Fort Belknap,NDVI,3670.3564207028235
2011-05-09T06:00:00Z,tribes_rocky-boys_Rocky Boy's,Rocky Boy's,EVI,2123.205182858697
2011-05-09T06:00:00Z,tribes_rocky-boys_Rocky Boy's,Rocky Boy's,NDVI,3688.9262461521466
2011-05-09T06:00:00Z,tribes_blackfeet_Blackfeet,Blackfeet,EVI,1790.2052618469877
2011-05-09T06:00:00Z,tribes_blackfeet_Blackfeet,Blackfeet,NDVI,2930.705355763041
2011-05-09T06:00:00Z,tribes_flathead_Flathead,Flathead,EVI,3176.706621699907
2011-05-09T06:00:00Z,tribes_flathead_Flathead,Flathead,NDVI,5487.707293453743
2011-05-25T06:00:00Z,tribes_northern-cheyenne_Northern Cheyenne,Northern Cheyenne,EVI,2957.1779136284827
2011-05-25T06:00:00Z,tribes_northern-cheyenne_Northern Cheyenne,Northern Cheyenne,NDVI,5691.548134319809
2011-05-25T06:00:00Z,tribes_crow_Crow,Crow,EVI,3091.5393505162065
2011-05-25T06:00:00Z,tribes_crow_Crow,Crow,NDVI,5516.380971340684
2011-05-25T06:00:00Z,tribes_fort-peck_Fort Peck,Fort Peck,EVI,2432.920505767408
2011-05-25T06:00:00Z,tribes_fort-peck_Fort Peck,Fort Peck,NDVI,4311.903198932465
2011-05-25T06:00:00Z,tribes_fort-belknap_Fort Belknap,Fort Belknap,EVI,2759.93161127394
2011-05-25T06:00:00Z,tribes_fort-belknap_Fort Belknap,Fort Belknap,NDVI,4920.556453637864
2011-05-25T06:00:00Z,tribes_rocky-boys_Rocky Boy's,Rocky Boy's,EVI,3359.531244514081
2011-05-25T06:00:00Z,tribes_rocky-boys_Rocky Boy's,Rocky Boy's,NDVI,5549.909496350135
2011-05-25T06:00:00Z,tribes_blackfeet_Blackfeet,Blackfeet,EVI,2594.6640149532786
2011-05-25T06:00:00Z,tribes_blackfeet_Blackfeet,Blackfeet,NDVI,4270.898377970017
2011-05-25T06:00:00Z,tribes_flathead_Flathead,Flathead,EVI,3754.740394781641
2011-05-25T06:00:00Z,tribes_flathead_Flathead,Flathead,NDVI,6214.991030845801
2011-06-10T06:00:00Z,tribes_northern-cheyenne_Northern Cheyenne,Northern Cheyenne,EVI,3791.487416602171
2011-06-10T06:00:00Z,tribes_northern-cheyenne_Northern Cheyenne,Northern Cheyenne,NDVI,6041.975133579038
2011-06-10T06:00:00Z,tribes_crow_Crow,Crow,EVI,3807.100193704097
2011-06-10T06:00:00Z,tribes_crow_Crow,Crow,NDVI,5933.576417158371
2011-06-10T06:00:00Z,tribes_fort-peck_Fort Peck,Fort Peck,EVI,3077.1388451621647
2011-06-10T06:00:00Z,tribes_fort-peck_Fort Peck,Fort Peck,NDVI,5006.73061426947
2011-06-10T06:00:00Z,tribes_fort-belknap_Fort Belknap,Fort Belknap,EVI,3417.104922878526
2011-06-10T06:00:00Z,tribes_fort-belknap_Fort Belknap,Fort Belknap,NDVI,5816.328790578066
2011-06-10T06:00:00Z,tribes_rocky-boys_Rocky Boy's,Rocky Boy's,EVI,4545.340923492428
2011-06-10T06:00:00Z,tribes_rocky-boys_Rocky Boy's,Rocky Boy's,NDVI,6752.803211596555
2011-06-10T06:00:00Z,tribes_blackfeet_Blackfeet,Blackfeet,EVI,3302.4621365417197
2011-06-10T06:00:00Z,tribes_blackfeet_Blackfeet,Blackfeet,NDVI,5492.911881424175
2011-06-10T06:00:00Z,tribes_flathead_Flathead,Flathead,EVI,3830.0246395597965
2011-06-10T06:00:00Z,tribes_flathead_Flathead,Flathead,NDVI,6600.307961878989
2011-06-26T06:00:00Z,tribes_northern-cheyenne_Northern Cheyenne,Northern Cheyenne,EVI,3793.49711247544
2011-06-26T06:00:00Z,tribes_northern-cheyenne_Northern Cheyenne,Northern Cheyenne,NDVI,6143.385097470993
2011-06-26T06:00:00Z,tribes_crow_Crow,Crow,EVI,3808.8538673545777
2011-06-26T06:00:00Z,tribes_crow_Crow,Crow,NDVI,5976.391577527024
2011-06-26T06:00:00Z,tribes_fort-peck_Fort Peck,Fort Peck,EVI,3622.407266959383
2011-06-26T06:00:00Z,tribes_fort-peck_Fort Peck,Fort Peck,NDVI,5747.079417644438
2011-06-26T06:00:00Z,tribes_fort-belknap_Fort Belknap,Fort Belknap,EVI,3267.519350745966
2011-06-26T06:00:00Z,tribes_fort-belknap_Fort Belknap,Fort Belknap,NDVI,5431.7625519833755
2011-06-26T06:00:00Z,tribes_rocky-boys_Rocky Boy's,Rocky Boy's,EVI,4376.984717712515
2011-06-26T06:00:00Z,tribes_rocky-boys_Rocky Boy's,Rocky Boy's,NDVI,6787.562267564593
2011-06-26T06:00:00Z,tribes_blackfeet_Blackfeet,Blackfeet,EVI,3643.5091622364307
2011-06-26T06:00:00Z,tribes_blackfeet_Blackfeet,Blackfeet,NDVI,5646.328129350061
2011-06-26T06:00:00Z,tribes_flathead_Flathead,Flathead,EVI,3602.7405891542
2011-06-26T06:00:00Z,tribes_flathead_Flathead,Flathead,NDVI,6194.445290818597
2011-07-12T06:00:00Z,tribes_northern-cheyenne_Northern Cheyenne,Northern Cheyenne,EVI,3428.913125498479
2011-07-12T06:00:00Z,tribes_northern-cheyenne_Northern Cheyenne,Northern Cheyenne,NDVI,5766.257298459731
2011-07-12T06:00:00Z,tribes_crow_Crow,Crow,EVI,3295.7024756717096
2011-07-12T06:00:00Z,tribes_crow_Crow,Crow,NDVI,5228.123139983394
2011-07-12T06:00:00Z,tribes_fort-peck_Fort Peck,Fort Peck,EVI,3593.915212701421
2011-07-12T06:00:00Z,tribes_fort-peck_Fort Peck,Fort Peck,NDVI,5776.814169466227
2011-07-12T06:00:00Z,tribes_fort-belknap_Fort Belknap,Fort Belknap,EVI,3165.936729059789
2011-07-12T06:00:00Z,tribes_fort-belknap_Fort Belknap,Fort Belknap,NDVI,5100.209135372189
2011-07-12T06:00:00Z,tribes_rocky-boys_Rocky Boy's,Rocky Boy's,EVI,4300.912916744972
2011-07-12T06:00:00Z,tribes_rocky-boys_Rocky Boy's,Rocky Boy's,NDVI,6579.63182447877
2011-07-12T06:00:00Z,tribes_blackfeet_Blackfeet,Blackfeet,EVI,3626.486730688511
2011-07-12T06:00:00Z,tribes_blackfeet_Blackfeet,Blackfeet,NDVI,5789.848354963931
2011-07-12T06:00:00Z,tribes_flathead_Flathead,Flathead,EVI,3208.849899191006
2011-07-12T06:00:00Z,tribes_flathead_Flathead,Flathead,NDVI,6110.628430846583
2011-07-28T06:00:00Z,tribes_northern-cheyenne_Northern Cheyenne,Northern Cheyenne,EVI,3044.3156495866433
2011-07-28T06:00:00Z,tribes_northern-cheyenne_Northern Cheyenne,Northern Cheyenne,NDVI,5525.575851937029
2011-07-28T06:00:00Z,tribes_crow_Crow,Crow,EVI,2821.093968711527
2011-07-28T06:00:00Z,tribes_crow_Crow,Crow,NDVI,4727.557855176873
2011-07-28T06:00:00Z,tribes_fort-peck_Fort Peck,Fort Peck,EVI,3107.692876890273
2011-07-28T06:00:00Z,tribes_fort-peck_Fort Peck,Fort Peck,NDVI,5028.070161071106
2011-07-28T06:00:00Z,tribes_fort-belknap_Fort Belknap,Fort Belknap,EVI,2758.375929881298
2011-07-28T06:00:00Z,tribes_fort-belknap_Fort Belknap,Fort Belknap,NDVI,4684.1218936903615
2011-07-28T06:00:00Z,tribes_rocky-boys_Rocky Boy's,Rocky Boy's,EVI,3889.4414514021605
2011-07-28T06:00:00Z,tribes_rocky-boys_Rocky Boy's,Rocky Boy's,NDVI,5987.677937918179
2011-07-28T06:00:00Z,tribes_blackfeet_Blackfeet,Blackfeet,EVI,3286.9513111879046
2011-07-28T06:00:00Z,tribes_blackfeet_Blackfeet,Blackfeet,NDVI,5144.489378204696
2011-07-28T06:00:00Z,tribes_flathead_Flathead,Flathead,EVI,3126.6646953765876
2011-07-28T06:00:00Z,tribes_flathead_Flathead,Flathead,NDVI,5661.120594192365
2011-08-13T06:00:00Z,tribes_northern-cheyenne_Northern Cheyenne,Northern Cheyenne,EVI,2669.772407092407
2011-08-13T06:00:00Z,tribes_northern-cheyenne_Northern Cheyenne,Northern Cheyenne,NDVI,4840.5622484394935
2011-08-13T06:00:00Z,tribes_crow_Crow,Crow,EVI,2456.3811121543786
2011-08-13T06:00:00Z,tribes_crow_Crow,Crow,NDVI,4118.0200145321705
2011-08-13T06:00:00Z,tribes_fort-peck_Fort Peck,Fort Peck,EVI,2438.610063410757
2011-08-13T06:00:00Z,tribes_fort-peck_Fort Peck,Fort Peck,NDVI,4243.910188005055
2011-08-13T06:00:00Z,tribes_fort-belknap_Fort Belknap,Fort Belknap,EVI,2550.1696263246567
2011-08-13T06:00:00Z,tribes_fort-belknap_Fort Belknap,Fort Belknap,NDVI,4212.0939695491825
2011-08-13T06:00:00Z,tribes_rocky-boys_Rocky Boy's,Rocky Boy's,EVI,3514.584179314513
2011-08-13T06:00:00Z,tribes_rocky-boys_Rocky Boy's,Rocky Boy's,NDVI,5447.926774375415
2011-08-13T06:00:00Z,tribes_blackfeet_Blackfeet,Blackfeet,EVI,2836.0255090179417
2011-08-13T06:00:00Z,tribes_blackfeet_Blackfeet,Blackfeet,NDVI,4568.02428153184
2011-08-13T06:00:00Z,tribes_flathead_Flathead,Flathead,EVI,2792.0875393762276
2011-08-13T06:00:00Z,tribes_flathead_Flathead,Flathead,NDVI,5310.316067927996
2011-08-29T06:00:00Z,tribes_northern-cheyenne_Northern Cheyenne,Northern Cheyenne,EVI,2387.638555899485
2011-08-29T06:00:00Z,tribes_northern-cheyenne_Northern Cheyenne,Northern Cheyenne,NDVI,4507.531694032589
2011-08-29T06:00:00Z,tribes_crow_Crow,Crow,EVI,2254.9724557968443
2011-08-29T06:00:00Z,tribes_crow_Crow,Crow,NDVI,3835.0393738514063
2011-08-29T06:00:00Z,tribes_fort-peck_Fort Peck,Fort Peck,EVI,2181.4179145118037
2011-08-29T06:00:00Z,tribes_fort-peck_Fort Peck,Fort Peck,NDVI,3720.0193754053525
2011-08-29T06:00:00Z,tribes_fort-belknap_Fort Belknap,Fort Belknap,EVI,2350.850859048617
2011-08-29T06:00:00Z,tribes_fort-belknap_Fort Belknap,Fort Belknap,NDVI,3920.7252866761196
2011-08-29T06:00:00Z,tribes_rocky-boys_Rocky Boy's,Rocky Boy's,EVI,2773.139751864954
2011-08-29T06:00:00Z,tribes_rocky-boys_Rocky Boy's,Rocky Boy's,NDVI,4778.878032312632
2011-08-29T06:00:00Z,tribes_blackfeet_Blackfeet,Blackfeet,EVI,2480.724911940814
2011-08-29T06:00:00Z,tribes_blackfeet_Blackfeet,Blackfeet,NDVI,4088.552733756126
2011-08-29T06:00:00Z,tribes_flathead_Flathead,Flathead,EVI,2639.992246761977
2011-08-29T06:00:00Z,tribes_flathead_Flathead,Flathead,NDVI,5047.181125793093
2011-09-14T06:00:00Z,tribes_northern-cheyenne_Northern Cheyenne,Northern Cheyenne,EVI,2221.3834390050824
2011-09-14T06:00:00Z,tribes_northern-cheyenne_Northern Cheyenne,Northern Cheyenne,NDVI,4201.640818601145
2011-09-14T06:00:00Z,tribes_crow_Crow,Crow,EVI,2085.9166325839965
2011-09-14T06:00:00Z,tribes_crow_Crow,Crow,NDVI,3599.292593284608
2011-09-14T06:00:00Z,tribes_fort-peck_Fort Peck,Fort Peck,EVI,1820.8854682327208
2011-09-14T06:00:00Z,tribes_fort-peck_Fort Peck,Fort Peck,NDVI,3131.4302081697742
2011-09-14T06:00:00Z,tribes_fort-belknap_Fort Belknap,Fort Belknap,EVI,2135.094319877479
2011-09-14T06:00:00Z,tribes_fort-belknap_Fort Belknap,Fort Belknap,NDVI,3597.977346265597
2011-09-14T06:00:00Z,tribes_rocky-boys_Rocky Boy's,Rocky Boy's,EVI,2532.776140927432
2011-09-14T06:00:00Z,tribes_rocky-boys_Rocky Boy's,Rocky Boy's,NDVI,4240.050090242856
2011-09-14T06:00:00Z,tribes_blackfeet_Blackfeet,Blackfeet,EVI,2302.9615175560016
2011-09-14T06:00:00Z,tribes_blackfeet_Blackfeet,Blackfeet,NDVI,3817.4501560566687
2011-09-14T06:00:00Z,tribes_flathead_Flathead,Flathead,EVI,2529.88524672862
2011-09-14T06:00:00Z,tribes_flathead_Flathead,Flathead,NDVI,5102.141808143482
2011-09-30T06:00:00Z,tribes_northern-cheyenne_Northern Cheyenne,Northern Cheyenne,EVI,2037.086061652167
2011-09-30T06:00:00Z,tribes_northern-cheyenne_Northern Cheyenne,Northern Cheyenne,NDVI,3891.804048753505
2011-09-30T06:00:00Z,tribes_crow_Crow,Crow,EVI,1876.9486085484803
2011-09-30T06:00:00Z,tribes_crow_Crow,Crow,NDVI,3427.558115306948
2011-09-30T06:00:00Z,tribes_fort-peck_Fort Peck,Fort Peck,EVI,1642.3692859994228
2011-09-30T06:00:00Z,tribes_fort-peck_Fort Peck,Fort Peck,NDVI,2857.237743749973
2011-09-30T06:00:00Z,tribes_fort-belknap_Fort Belknap,Fort Belknap,EVI,1863.100145040045
2011-09-30T06:00:00Z,tribes_fort-belknap_Fort Belknap,Fort Belknap,NDVI,3255.0594946367214
2011-09-30T06:00:00Z,tribes_rocky-boys_Rocky Boy's,Rocky Boy's,EVI,2314.418790177738
2011-09-30T06:00:00Z,tribes_rocky-boys_Rocky Boy's,Rocky Boy's,NDVI,4139.771491126492
2011-09-30T06:00:00Z,tribes_blackfeet_Blackfeet,Blackfeet,EVI,1994.9313113622716
2011-09-30T06:00:00Z,tribes_blackfeet_Blackfeet,Blackfeet,NDVI,3246.0423385686317
2011-09-30T06:00:00Z,tribes_flathead_Flathead,Flathead,EVI,2499.9105323932854
2011-09-30T06:00:00Z,tribes_flathead_Flathead,Flathead,NDVI,4687.419658507876
2011-10-16T06:00:00Z,tribes_northern-cheyenne_Northern Cheyenne,Northern Cheyenne,EVI,1966.3524662898435
2011-10-16T06:00:00Z,tribes_northern-cheyenne_Northern Cheyenne,Northern Cheyenne,NDVI,3875.9774812384626
2011-10-16T06:00:00Z,tribes_crow_Crow,Crow,EVI,1831.7108949675044
2011-10-16T06:00:00Z,tribes_crow_Crow,Crow,NDVI,3246.9156803168585
2011-10-16T06:00:00Z,tribes_fort-peck_Fort Peck,Fort Peck,EVI,1503.0123192652989
2011-10-16T06:00:00Z,tribes_fort-peck_Fort Peck,Fort Peck,NDVI,2631.2311854331383
2011-10-16T06:00:00Z,tribes_fort-belknap_Fort Belknap,Fort Belknap,EVI,1732.2822191459811
2011-10-16T06:00:00Z,tribes_fort-belknap_Fort Belknap,Fort Belknap,NDVI,3045.479561798177
2011-10-16T06:00:00Z,tribes_rocky-boys_Rocky Boy's,Rocky Boy's,EVI,2081.250104012934
2011-10-16T06:00:00Z,tribes_rocky-boys_Rocky Boy's,Rocky Boy's,NDVI,3813.096887495244
2011-10-16T06:00:00Z,tribes_blackfeet_Blackfeet,Blackfeet,EVI,1812.469535786934
2011-10-16T06:00:00Z,tribes_blackfeet_Blackfeet,Blackfeet,NDVI,3048.1827503748113
2011-10-16T06:00:00Z,tribes_flathead_Flathead,Flathead,EVI,2397.740645991688
2011-10-16T06:00:00Z,tribes_flathead_Flathead,Flathead,NDVI,4997.021438712751
2011-11-01T06:00:00Z,tribes_northern-cheyenne_Northern Cheyenne,Northern Cheyenne,EVI,2159.9288478289345
2011-11-01T06:00:00Z,tribes_northern-cheyenne_Northern Cheyenne,Northern Cheyenne,NDVI,3822.2055269463885
2011-11-01T06:00:00Z,tribes_crow_Crow,Crow,EVI,1737.1315299668788
2011-11-01T06:00:00Z,tribes_crow_Crow,Crow,NDVI,2852.441009128076
2011-11-01T06:00:00Z,tribes_fort-peck_Fort Peck,Fort Peck,EVI,1453.7330028552121
2011-11-01T06:00:00Z,tribes_fort-peck_Fort Peck,Fort Peck,NDVI,2396.101808191829
2011-11-01T06:00:00Z,tribes_fort-belknap_Fort Belknap,Fort Belknap,EVI,1654.6849659594932
2011-11-01T06:00:00Z,tribes_fort-belknap_Fort Belknap,Fort Belknap,NDVI,2608.0238714583843
2011-11-01T06:00:00Z,tribes_rocky-boys_Rocky Boy's,Rocky Boy's,EVI,1867.4370522238796
2011-11-01T06:00:00Z,tribes_rocky-boys_Rocky Boy's,Rocky Boy's,NDVI,3338.2368508382756
2011-11-01T06:00:00Z,tribes_blackfeet_Blackfeet,Blackfeet,EVI,1528.0871879460617
2011-11-01T06:00:00Z,tribes_blackfeet_Blackfeet,Blackfeet,NDVI,2381.0940688111104
2011-11-01T06:00:00Z,tribes_flathead_Flathead,Flathead,EVI,2238.737246770812
2011-11-01T06:00:00Z,tribes_flathead_Flathead,Flathead,NDVI,4480.675158529028
2011-11-17T07:00:00Z,tribes_northern-cheyenne_Northern Cheyenne,Northern Cheyenne,EVI,1576.0468452905095
2011-11-17T07:00:00Z,tribes_northern-cheyenne_Northern Cheyenne,Northern Cheyenne,NDVI,2995.126599696747
2011-11-17T07:00:00Z,tribes_crow_Crow,Crow,EVI,1456.2618279534024
2011-11-17T07:00:00Z,tribes_crow_Crow,Crow,NDVI,2603.462010652504
2011-11-17T07:00:00Z,tribes_fort-peck_Fort Peck,Fort Peck,EVI,1362.9797199638467
2011-11-17T07:00:00Z,tribes_fort-peck_Fort Peck,Fort Peck,NDVI,2319.8968768478567
2011-11-17T07:00:00Z,tribes_fort-belknap_Fort Belknap,Fort Belknap,EVI,1395.2053340160421
2011-11-17T07:00:00Z,tribes_fort-belknap_Fort Belknap,Fort Belknap,NDVI,2365.2159948542935
2011-11-17T07:00:00Z,tribes_rocky-boys_Rocky Boy's,Rocky Boy's,EVI,1637.164725147575
2011-11-17T07:00:00Z,tribes_rocky-boys_Rocky Boy's,Rocky Boy's,NDVI,2811.0003113294483
2011-11-17T07:00:00Z,tribes_blackfeet_Blackfeet,Blackfeet,EVI,1379.3021361417455
2011-11-17T07:00:00Z,tribes_blackfeet_Blackfeet,Blackfeet,NDVI,2199.2978826075832
2011-11-17T07:00:00Z,tribes_flathead_Flathead,Flathead,EVI,1820.1706162359585
2011-11-17T07:00:00Z,tribes_flathead_Flathead,Flathead,NDVI,3567.793566329229
2011-12-03T07:00:00Z,tribes_northern-cheyenne_Northern Cheyenne,Northern Cheyenne,EVI,1674.4673795760657
2011-12-03T07:00:00Z,tribes_northern-cheyenne_Northern Cheyenne,Northern Cheyenne,NDVI,2951.433312254789
2011-12-03T07:00:00Z,tribes_crow_Crow,Crow,EVI,1447.8340426064806
2011-12-03T07:00:00Z,tribes_crow_Crow,Crow,NDVI,2383.430176160363
2011-12-03T07:00:00Z,tribes_fort-peck_Fort Peck,Fort Peck,EVI,NA
2011-12-03T07:00:00Z,tribes_fort-peck_Fort Peck,Fort Peck,NDVI,NA
2011-12-03T07:00:00Z,tribes_fort-belknap_Fort Belknap,Fort Belknap,EVI,1558.080867709815
2011-12-03T07:00:00Z,tribes_fort-belknap_Fort Belknap,Fort Belknap,NDVI,2156.596159317212
2011-12-03T07:00:00Z,tribes_rocky-boys_Rocky Boy's,Rocky Boy's,EVI,1142.2827765597713
2011-12-03T07:00:00Z,tribes_rocky-boys_Rocky Boy's,Rocky Boy's,NDVI,2000.4382520159043
2011-12-03T07:00:00Z,tribes_blackfeet_Blackfeet,Blackfeet,EVI,1151.7687959188795
2011-12-03T07:00:00Z,tribes_blackfeet_Blackfeet,Blackfeet,NDVI,1746.0911927694392
2011-12-03T07:00:00Z,tribes_flathead_Flathead,Flathead,EVI,1949.4901076629374
2011-12-03T07:00:00Z,tribes_flathead_Flathead,Flathead,NDVI,3847.4341253440025
2011-12-19T07:00:00Z,tribes_northern-cheyenne_Northern Cheyenne,Northern Cheyenne,EVI,1650.7372659766604
2011-12-19T07:00:00Z,tribes_northern-cheyenne_Northern Cheyenne,Northern Cheyenne,NDVI,3166.117158223405
2011-12-19T07:00:00Z,tribes_crow_Crow,Crow,EVI,1390.1152853549715
2011-12-19T07:00:00Z,tribes_crow_Crow,Crow,NDVI,2317.344895637291
2011-12-19T07:00:00Z,tribes_fort-peck_Fort Peck,Fort Peck,EVI,1163.5390234251372
2011-12-19T07:00:00Z,tribes_fort-peck_Fort Peck,Fort Peck,NDVI,2059.8397461814934
2011-12-19T07:00:00Z,tribes_fort-belknap_Fort Belknap,Fort Belknap,EVI,1326.2753949003154
2011-12-19T07:00:00Z,tribes_fort-belknap_Fort Belknap,Fort Belknap,NDVI,2166.6241428128087
2011-12-19T07:00:00Z,tribes_rocky-boys_Rocky Boy's,Rocky Boy's,EVI,1317.0222341013819
2011-12-19T07:00:00Z,tribes_rocky-boys_Rocky Boy's,Rocky Boy's,NDVI,2256.16070046083
2011-12-19T07:00:00Z,tribes_blackfeet_Blackfeet,Blackfeet,EVI,1256.350361707405
2011-12-19T07:00:00Z,tribes_blackfeet_Blackfeet,Blackfeet,NDVI,1882.7502927436099
2011-12-19T07:00:00Z,tribes_flathead_Flathead,Flathead,EVI,1666.9154697180015
2011-12-19T07:00:00Z,tribes_flathead_Flathead,Flathead,NDVI,3262.978892707174
2012-01-01T07:00:00Z,tribes_northern-cheyenne_Northern Cheyenne,Northern Cheyenne,EVI,1648.1373886674933
2012-01-01T07:00:00Z,tribes_northern-cheyenne_Northern Cheyenne,Northern Cheyenne,NDVI,3376.0312799821036
2012-01-01T07:00:00Z,tribes_crow_Crow,Crow,EVI,1340.7420522758127
2012-01-01T07:00:00Z,tribes_crow_Crow,Crow,NDVI,2420.3838204613708
2012-01-01T07:00:00Z,tribes_fort-peck_Fort Peck,Fort Peck,EVI,1152.4333291397531
2012-01-01T07:00:00Z,tribes_fort-peck_Fort Peck,Fort Peck,NDVI,2042.0144304103624
2012-01-01T07:00:00Z,tribes_fort-belknap_Fort Belknap,Fort Belknap,EVI,1261.2204078940647
2012-01-01T07:00:00Z,tribes_fort-belknap_Fort Belknap,Fort Belknap,NDVI,2235.322586288433
2012-01-01T07:00:00Z,tribes_rocky-boys_Rocky Boy's,Rocky Boy's,EVI,1348.3624912576965
2012-01-01T07:00:00Z,tribes_rocky-boys_Rocky Boy's,Rocky Boy's,NDVI,2424.0552404903665
2012-01-01T07:00:00Z,tribes_blackfeet_Blackfeet,Blackfeet,EVI,1098.3999253828163
2012-01-01T07:00:00Z,tribes_blackfeet_Blackfeet,Blackfeet,NDVI,1925.591033215753
2012-01-01T07:00:00Z,tribes_flathead_Flathead,Flathead,EVI,1659.9539501310207
2012-01-01T07:00:00Z,tribes_flathead_Flathead,Flathead,NDVI,3415.161129903392
2012-01-17T07:00:00Z,tribes_northern-cheyenne_Northern Cheyenne,Northern Cheyenne,EVI,NA
2012-01-17T07:00:00Z,tribes_northern-cheyenne_Northern Cheyenne,Northern Cheyenne,NDVI,NA
2012-01-17T07:00:00Z,tribes_crow_Crow,Crow,EVI,1277.5766930333582
2012-01-17T07:00:00Z,tribes_crow_Crow,Crow,NDVI,1986.1640880798784
2012-01-17T07:00:00Z,tribes_fort-peck_Fort Peck,Fort Peck,EVI,1209.521515223687
2012-01-17T07:00:00Z,tribes_fort-peck_Fort Peck,Fort Peck,NDVI,2017.7181688914034
2012-01-17T07:00:00Z,tribes_fort-belknap_Fort Belknap,Fort Belknap,EVI,1318.93170644402
2012-01-17T07:00:00Z,tribes_fort-belknap_Fort Belknap,Fort Belknap,NDVI,1958.4690464291355
2012-01-17T07:00:00Z,tribes_rocky-boys_Rocky Boy's,Rocky Boy's,EVI,1320.5558396867093
2012-01-17T07:00:00Z,tribes_rocky-boys_Rocky Boy's,Rocky Boy's,NDVI,2140.845352689971
2012-01-17T07:00:00Z,tribes_blackfeet_Blackfeet,Blackfeet,EVI,1252.9342493995107
2012-01-17T07:00:00Z,tribes_blackfeet_Blackfeet,Blackfeet,NDVI,1860.4201325059516
2012-01-17T07:00:00Z,tribes_flathead_Flathead,Flathead,EVI,1002.625
2012-01-17T07:00:00Z,tribes_flathead_Flathead,Flathead,NDVI,3972.875
2012-02-02T07:00:00Z,tribes_northern-cheyenne_Northern Cheyenne,Northern Cheyenne,EVI,1441.0421704787202
2012-02-02T07:00:00Z,tribes_northern-cheyenne_Northern Cheyenne,Northern Cheyenne,NDVI,2643.6953617529357
2012-02-02T07:00:00Z,tribes_crow_Crow,Crow,EVI,1275.3390484191495
2012-02-02T07:00:00Z,tribes_crow_Crow,Crow,NDVI,2207.211994503321
2012-02-02T07:00:00Z,tribes_fort-peck_Fort Peck,Fort Peck,EVI,1199.313831544743
2012-02-02T07:00:00Z,tribes_fort-peck_Fort Peck,Fort Peck,NDVI,2054.214528590592
2012-02-02T07:00:00Z,tribes_fort-belknap_Fort Belknap,Fort Belknap,EVI,1295.5463302320018
2012-02-02T07:00:00Z,tribes_fort-belknap_Fort Belknap,Fort Belknap,NDVI,2144.305673624016
2012-02-02T07:00:00Z,tribes_rocky-boys_Rocky Boy's,Rocky Boy's,EVI,1283.3160498778702
2012-02-02T07:00:00Z,tribes_rocky-boys_Rocky Boy's,Rocky Boy's,NDVI,2141.7200106514815
2012-02-02T07:00:00Z,tribes_blackfeet_Blackfeet,Blackfeet,EVI,1161.9379820868894
2012-02-02T07:00:00Z,tribes_blackfeet_Blackfeet,Blackfeet,NDVI,1823.0863030687372
2012-02-02T07:00:00Z,tribes_flathead_Flathead,Flathead,EVI,1520.7920008019246
2012-02-02T07:00:00Z,tribes_flathead_Flathead,Flathead,NDVI,2868.1075581395353
2012-02-18T07:00:00Z,tribes_northern-cheyenne_Northern Cheyenne,Northern Cheyenne,EVI,1404.6787973247706
2012-02-18T07:00:00Z,tribes_northern-cheyenne_Northern Cheyenne,Northern Cheyenne,NDVI,2528.9018360761183
2012-02-18T07:00:00Z,tribes_crow_Crow,Crow,EVI,1253.017321328665
2012-02-18T07:00:00Z,tribes_crow_Crow,Crow,NDVI,2155.1541189916634
2012-02-18T07:00:00Z,tribes_fort-peck_Fort Peck,Fort Peck,EVI,1225.6161068657073
2012-02-18T07:00:00Z,tribes_fort-peck_Fort Peck,Fort Peck,NDVI,2004.6828836519499
2012-02-18T07:00:00Z,tribes_fort-belknap_Fort Belknap,Fort Belknap,EVI,1284.1262902623666
2012-02-18T07:00:00Z,tribes_fort-belknap_Fort Belknap,Fort Belknap,NDVI,1996.793081806178
2012-02-18T07:00:00Z,tribes_rocky-boys_Rocky Boy's,Rocky Boy's,EVI,1229.0729005171615
2012-02-18T07:00:00Z,tribes_rocky-boys_Rocky Boy's,Rocky Boy's,NDVI,1958.0814670634948
2012-02-18T07:00:00Z,tribes_blackfeet_Blackfeet,Blackfeet,EVI,1170.778931509324
2012-02-18T07:00:00Z,tribes_blackfeet_Blackfeet,Blackfeet,NDVI,1788.6030705831338
2012-02-18T07:00:00Z,tribes_flathead_Flathead,Flathead,EVI,1321.179267342167
2012-02-18T07:00:00Z,tribes_flathead_Flathead,Flathead,NDVI,2527.951286048324
2012-03-05T07:00:00Z,tribes_northern-cheyenne_Northern Cheyenne,Northern Cheyenne,EVI,1634.4383858206938
2012-03-05T07:00:00Z,tribes_northern-cheyenne_Northern Cheyenne,Northern Cheyenne,NDVI,2922.172531574333
2012-03-05T07:00:00Z,tribes_crow_Crow,Crow,EVI,1385.608077333445
2012-03-05T07:00:00Z,tribes_crow_Crow,Crow,NDVI,2405.5280632340873
2012-03-05T07:00:00Z,tribes_fort-peck_Fort Peck,Fort Peck,EVI,1143.6165407514652
2012-03-05T07:00:00Z,tribes_fort-peck_Fort Peck,Fort Peck,NDVI,2015.8686898321337
2012-03-05T07:00:00Z,tribes_fort-belknap_Fort Belknap,Fort Belknap,EVI,1279.2934356056467
2012-03-05T07:00:00Z,tribes_fort-belknap_Fort Belknap,Fort Belknap,NDVI,2069.8725954095876
2012-03-05T07:00:00Z,tribes_rocky-boys_Rocky Boy's,Rocky Boy's,EVI,1181.3439806521671
2012-03-05T07:00:00Z,tribes_rocky-boys_Rocky Boy's,Rocky Boy's,NDVI,1940.5355030397584
2012-03-05T07:00:00Z,tribes_blackfeet_Blackfeet,Blackfeet,EVI,1198.3871530567174
2012-03-05T07:00:00Z,tribes_blackfeet_Blackfeet,Blackfeet,NDVI,1826.8085329078547
2012-03-05T07:00:00Z,tribes_flathead_Flathead,Flathead,EVI,1502.2275112379832
2012-03-05T07:00:00Z,tribes_flathead_Flathead,Flathead,NDVI,2999.9382301618116
2012-03-21T06:00:00Z,tribes_northern-cheyenne_Northern Cheyenne,Northern Cheyenne,EVI,1848.1125668518314
2012-03-21T06:00:00Z,tribes_northern-cheyenne_Northern Cheyenne,Northern Cheyenne,NDVI,3431.426208173429
2012-03-21T06:00:00Z,tribes_crow_Crow,Crow,EVI,1878.4871092398173
2012-03-21T06:00:00Z,tribes_crow_Crow,Crow,NDVI,3137.2430650910264
2012-03-21T06:00:00Z,tribes_fort-peck_Fort Peck,Fort Peck,EVI,1306.676258233771
2012-03-21T06:00:00Z,tribes_fort-peck_Fort Peck,Fort Peck,NDVI,2189.689082312235
2012-03-21T06:00:00Z,tribes_fort-belknap_Fort Belknap,Fort Belknap,EVI,1467.5888348772523
2012-03-21T06:00:00Z,tribes_fort-belknap_Fort Belknap,Fort Belknap,NDVI,2499.8927737592667
2012-03-21T06:00:00Z,tribes_rocky-boys_Rocky Boy's,Rocky Boy's,EVI,1445.7875555448531
2012-03-21T06:00:00Z,tribes_rocky-boys_Rocky Boy's,Rocky Boy's,NDVI,2638.290403535604
2012-03-21T06:00:00Z,tribes_blackfeet_Blackfeet,Blackfeet,EVI,1200.4453213267916
2012-03-21T06:00:00Z,tribes_blackfeet_Blackfeet,Blackfeet,NDVI,1991.725020539927
2012-03-21T06:00:00Z,tribes_flathead_Flathead,Flathead,EVI,1876.5558583349139
2012-03-21T06:00:00Z,tribes_flathead_Flathead,Flathead,NDVI,3734.5088352856237
2012-04-06T06:00:00Z,tribes_northern-cheyenne_Northern Cheyenne,Northern Cheyenne,EVI,1921.296663130002
2012-04-06T06:00:00Z,tribes_northern-cheyenne_Northern Cheyenne,Northern Cheyenne,NDVI,3630.658372480435
2012-04-06T06:00:00Z,tribes_crow_Crow,Crow,EVI,2011.1784004136955
2012-04-06T06:00:00Z,tribes_crow_Crow,Crow,NDVI,3409.354433105242
2012-04-06T06:00:00Z,tribes_fort-peck_Fort Peck,Fort Peck,EVI,1378.7752521736938
2012-04-06T06:00:00Z,tribes_fort-peck_Fort Peck,Fort Peck,NDVI,2284.935060619275
2012-04-06T06:00:00Z,tribes_fort-belknap_Fort Belknap,Fort Belknap,EVI,1720.7965122343946
2012-04-06T06:00:00Z,tribes_fort-belknap_Fort Belknap,Fort Belknap,NDVI,2811.5159042575074
2012-04-06T06:00:00Z,tribes_rocky-boys_Rocky Boy's,Rocky Boy's,EVI,1743.6852693562903
2012-04-06T06:00:00Z,tribes_rocky-boys_Rocky Boy's,Rocky Boy's,NDVI,3099.979976824485
2012-04-06T06:00:00Z,tribes_blackfeet_Blackfeet,Blackfeet,EVI,1362.4876798129553
2012-04-06T06:00:00Z,tribes_blackfeet_Blackfeet,Blackfeet,NDVI,2197.091022856703
2012-04-06T06:00:00Z,tribes_flathead_Flathead,Flathead,EVI,2207.0332062842
2012-04-06T06:00:00Z,tribes_flathead_Flathead,Flathead,NDVI,4392.311180173443
2012-04-22T06:00:00Z,tribes_northern-cheyenne_Northern Cheyenne,Northern Cheyenne,EVI,2235.452088259068
2012-04-22T06:00:00Z,tribes_northern-cheyenne_Northern Cheyenne,Northern Cheyenne,NDVI,3968.430877800915
2012-04-22T06:00:00Z,tribes_crow_Crow,Crow,EVI,2493.6287041470714
2012-04-22T06:00:00Z,tribes_crow_Crow,Crow,NDVI,4166.217812740333
2012-04-22T06:00:00Z,tribes_fort-peck_Fort Peck,Fort Peck,EVI,1590.2887191865689
2012-04-22T06:00:00Z,tribes_fort-peck_Fort Peck,Fort Peck,NDVI,2679.352002614861
2012-04-22T06:00:00Z,tribes_fort-belknap_Fort Belknap,Fort Belknap,EVI,2084.954784309023
2012-04-22T06:00:00Z,tribes_fort-belknap_Fort Belknap,Fort Belknap,NDVI,3356.430335929379
2012-04-22T06:00:00Z,tribes_rocky-boys_Rocky Boy's,Rocky Boy's,EVI,2347.5748980296626
2012-04-22T06:00:00Z,tribes_rocky-boys_Rocky Boy's,Rocky Boy's,NDVI,4008.8251173709027
2012-04-22T06:00:00Z,tribes_blackfeet_Blackfeet,Blackfeet,EVI,1779.3080871209886
2012-04-22T06:00:00Z,tribes_blackfeet_Blackfeet,Blackfeet,NDVI,2865.179762266883
2012-04-22T06:00:00Z,tribes_flathead_Flathead,Flathead,EVI,2940.0564032124194
2012-04-22T06:00:00Z,tribes_flathead_Flathead,Flathead,NDVI,5596.09755941508
2012-05-08T06:00:00Z,tribes_northern-cheyenne_Northern Cheyenne,Northern Cheyenne,EVI,2643.9448233498288
2012-05-08T06:00:00Z,tribes_northern-cheyenne_Northern Cheyenne,Northern Cheyenne,NDVI,4789.404884078955
2012-05-08T06:00:00Z,tribes_crow_Crow,Crow,EVI,2934.8378318848095
2012-05-08T06:00:00Z,tribes_crow_Crow,Crow,NDVI,4858.722134620766
2012-05-08T06:00:00Z,tribes_fort-peck_Fort Peck,Fort Peck,EVI,2223.9109877351475
2012-05-08T06:00:00Z,tribes_fort-peck_Fort Peck,Fort Peck,NDVI,3583.2170041636755
2012-05-08T06:00:00Z,tribes_fort-belknap_Fort Belknap,Fort Belknap,EVI,2653.6239633106607
2012-05-08T06:00:00Z,tribes_fort-belknap_Fort Belknap,Fort Belknap,NDVI,4373.46082942986
2012-05-08T06:00:00Z,tribes_rocky-boys_Rocky Boy's,Rocky Boy's,EVI,3043.731439034737
2012-05-08T06:00:00Z,tribes_rocky-boys_Rocky Boy's,Rocky Boy's,NDVI,5076.929815974526
2012-05-08T06:00:00Z,tribes_blackfeet_Blackfeet,Blackfeet,EVI,2148.6317361328256
2012-05-08T06:00:00Z,tribes_blackfeet_Blackfeet,Blackfeet,NDVI,3443.2456872382054
2012-05-08T06:00:00Z,tribes_flathead_Flathead,Flathead,EVI,3344.064852184403
2012-05-08T06:00:00Z,tribes_flathead_Flathead,Flathead,NDVI,5610.519686794277
2012-05-24T06:00:00Z,tribes_northern-cheyenne_Northern Cheyenne,Northern Cheyenne,EVI,2900.237167800292
2012-05-24T06:00:00Z,tribes_northern-cheyenne_Northern Cheyenne,Northern Cheyenne,NDVI,4910.536900243668
2012-05-24T06:00:00Z,tribes_crow_Crow,Crow,EVI,3179.90729521204
2012-05-24T06:00:00Z,tribes_crow_Crow,Crow,NDVI,5128.276267363161
2012-05-24T06:00:00Z,tribes_fort-peck_Fort Peck,Fort Peck,EVI,2664.373796465741
2012-05-24T06:00:00Z,tribes_fort-peck_Fort Peck,Fort Peck,NDVI,4333.8432312120485
2012-05-24T06:00:00Z,tribes_fort-belknap_Fort Belknap,Fort Belknap,EVI,3031.934720243713
2012-05-24T06:00:00Z,tribes_fort-belknap_Fort Belknap,Fort Belknap,NDVI,4867.092454468693
2012-05-24T06:00:00Z,tribes_rocky-boys_Rocky Boy's,Rocky Boy's,EVI,3897.2678666878646
2012-05-24T06:00:00Z,tribes_rocky-boys_Rocky Boy's,Rocky Boy's,NDVI,5923.0144320365325
2012-05-24T06:00:00Z,tribes_blackfeet_Blackfeet,Blackfeet,EVI,3046.396146946215
2012-05-24T06:00:00Z,tribes_blackfeet_Blackfeet,Blackfeet,NDVI,4619.943516720356
2012-05-24T06:00:00Z,tribes_flathead_Flathead,Flathead,EVI,3881.2691034716518
2012-05-24T06:00:00Z,tribes_flathead_Flathead,Flathead,NDVI,6148.610397468918
2012-06-09T06:00:00Z,tribes_northern-cheyenne_Northern Cheyenne,Northern Cheyenne,EVI,2602.380327300065
2012-06-09T06:00:00Z,tribes_northern-cheyenne_Northern Cheyenne,Northern Cheyenne,NDVI,4725.800520223582
2012-06-09T06:00:00Z,tribes_crow_Crow,Crow,EVI,2922.50173135649
2012-06-09T06:00:00Z,tribes_crow_Crow,Crow,NDVI,4735.3669602597765
2012-06-09T06:00:00Z,tribes_fort-peck_Fort Peck,Fort Peck,EVI,3567.1017715247312
2012-06-09T06:00:00Z,tribes_fort-peck_Fort Peck,Fort Peck,NDVI,5716.930754494101
2012-06-09T06:00:00Z,tribes_fort-belknap_Fort Belknap,Fort Belknap,EVI,3204.426050072133
2012-06-09T06:00:00Z,tribes_fort-belknap_Fort Belknap,Fort Belknap,NDVI,5178.877997114611
2012-06-09T06:00:00Z,tribes_rocky-boys_Rocky Boy's,Rocky Boy's,EVI,3916.4167853020863
2012-06-09T06:00:00Z,tribes_rocky-boys_Rocky Boy's,Rocky Boy's,NDVI,6425.1256113279405
2012-06-09T06:00:00Z,tribes_blackfeet_Blackfeet,Blackfeet,EVI,3339.9624621884373
2012-06-09T06:00:00Z,tribes_blackfeet_Blackfeet,Blackfeet,NDVI,5008.677295387759
2012-06-09T06:00:00Z,tribes_flathead_Flathead,Flathead,EVI,3578.3294553969085
2012-06-09T06:00:00Z,tribes_flathead_Flathead,Flathead,NDVI,6403.871879670808
2012-06-25T06:00:00Z,tribes_northern-cheyenne_Northern Cheyenne,Northern Cheyenne,EVI,2259.7712892881727
2012-06-25T06:00:00Z,tribes_northern-cheyenne_Northern Cheyenne,Northern Cheyenne,NDVI,4040.942418079513
2012-06-25T06:00:00Z,tribes_crow_Crow,Crow,EVI,2457.7429544234474
2012-06-25T06:00:00Z,tribes_crow_Crow,Crow,NDVI,3929.201755638079
2012-06-25T06:00:00Z,tribes_fort-peck_Fort Peck,Fort Peck,EVI,3540.0579116805307
2012-06-25T06:00:00Z,tribes_fort-peck_Fort Peck,Fort Peck,NDVI,5684.917836352175
2012-06-25T06:00:00Z,tribes_fort-belknap_Fort Belknap,Fort Belknap,EVI,2842.4294847859614
2012-06-25T06:00:00Z,tribes_fort-belknap_Fort Belknap,Fort Belknap,NDVI,4698.625264156998
2012-06-25T06:00:00Z,tribes_rocky-boys_Rocky Boy's,Rocky Boy's,EVI,4132.125894234513
2012-06-25T06:00:00Z,tribes_rocky-boys_Rocky Boy's,Rocky Boy's,NDVI,6333.39794910567
2012-06-25T06:00:00Z,tribes_blackfeet_Blackfeet,Blackfeet,EVI,3631.071051943194
2012-06-25T06:00:00Z,tribes_blackfeet_Blackfeet,Blackfeet,NDVI,5487.604124439128
2012-06-25T06:00:00Z,tribes_flathead_Flathead,Flathead,EVI,3741.2544015664594
2012-06-25T06:00:00Z,tribes_flathead_Flathead,Flathead,NDVI,6130.239735348731
2012-07-11T06:00:00Z,tribes_northern-cheyenne_Northern Cheyenne,Northern Cheyenne,EVI,2109.154537390522
2012-07-11T06:00:00Z,tribes_northern-cheyenne_Northern Cheyenne,Northern Cheyenne,NDVI,3845.032230294948
2012-07-11T06:00:00Z,tribes_crow_Crow,Crow,EVI,2209.3634372402616
2012-07-11T06:00:00Z,tribes_crow_Crow,Crow,NDVI,3648.5437591743594
2012-07-11T06:00:00Z,tribes_fort-peck_Fort Peck,Fort Peck,EVI,2856.7549334524874
2012-07-11T06:00:00Z,tribes_fort-peck_Fort Peck,Fort Peck,NDVI,4926.90005157614
2012-07-11T06:00:00Z,tribes_fort-belknap_Fort Belknap,Fort Belknap,EVI,2441.5624171445115
2012-07-11T06:00:00Z,tribes_fort-belknap_Fort Belknap,Fort Belknap,NDVI,4174.493600614981
2012-07-11T06:00:00Z,tribes_rocky-boys_Rocky Boy's,Rocky Boy's,EVI,3548.9701564937764
2012-07-11T06:00:00Z,tribes_rocky-boys_Rocky Boy's,Rocky Boy's,NDVI,5844.9208135403715
2012-07-11T06:00:00Z,tribes_blackfeet_Blackfeet,Blackfeet,EVI,3359.3671456442157
2012-07-11T06:00:00Z,tribes_blackfeet_Blackfeet,Blackfeet,NDVI,5335.925935528113
2012-07-11T06:00:00Z,tribes_flathead_Flathead,Flathead,EVI,3253.9178549750795
2012-07-11T06:00:00Z,tribes_flathead_Flathead,Flathead,NDVI,5952.471125093793
2012-07-27T06:00:00Z,tribes_northern-cheyenne_Northern Cheyenne,Northern Cheyenne,EVI,2179.0068601211733
2012-07-27T06:00:00Z,tribes_northern-cheyenne_Northern Cheyenne,Northern Cheyenne,NDVI,3615.4186310525915
2012-07-27T06:00:00Z,tribes_crow_Crow,Crow,EVI,2123.7673395677643
2012-07-27T06:00:00Z,tribes_crow_Crow,Crow,NDVI,3430.8070417262584
2012-07-27T06:00:00Z,tribes_fort-peck_Fort Peck,Fort Peck,EVI,2292.072144051617
2012-07-27T06:00:00Z,tribes_fort-peck_Fort Peck,Fort Peck,NDVI,3920.285261744773
2012-07-27T06:00:00Z,tribes_fort-belknap_Fort Belknap,Fort Belknap,EVI,2138.8714858080643
2012-07-27T06:00:00Z,tribes_fort-belknap_Fort Belknap,Fort Belknap,NDVI,3749.9406869665313
2012-07-27T06:00:00Z,tribes_rocky-boys_Rocky Boy's,Rocky Boy's,EVI,3184.2131763297234
2012-07-27T06:00:00Z,tribes_rocky-boys_Rocky Boy's,Rocky Boy's,NDVI,5170.957164145849
2012-07-27T06:00:00Z,tribes_blackfeet_Blackfeet,Blackfeet,EVI,2835.8421570248697
2012-07-27T06:00:00Z,tribes_blackfeet_Blackfeet,Blackfeet,NDVI,4568.586522510724
2012-07-27T06:00:00Z,tribes_flathead_Flathead,Flathead,EVI,3034.115678978248
2012-07-27T06:00:00Z,tribes_flathead_Flathead,Flathead,NDVI,5764.759339029322
2012-08-12T06:00:00Z,tribes_northern-cheyenne_Northern Cheyenne,Northern Cheyenne,EVI,1794.3258009293763
2012-08-12T06:00:00Z,tribes_northern-cheyenne_Northern Cheyenne,Northern Cheyenne,NDVI,3342.4039975821784
2012-08-12T06:00:00Z,tribes_crow_Crow,Crow,EVI,1835.6185993499553
2012-08-12T06:00:00Z,tribes_crow_Crow,Crow,NDVI,3100.5108491479323
2012-08-12T06:00:00Z,tribes_fort-peck_Fort Peck,Fort Peck,EVI,1793.7744036177546
2012-08-12T06:00:00Z,tribes_fort-peck_Fort Peck,Fort Peck,NDVI,3183.9295858899504
2012-08-12T06:00:00Z,tribes_fort-belknap_Fort Belknap,Fort Belknap,EVI,1864.5333805803127
2012-08-12T06:00:00Z,tribes_fort-belknap_Fort Belknap,Fort Belknap,NDVI,3388.4384395966163
2012-08-12T06:00:00Z,tribes_rocky-boys_Rocky Boy's,Rocky Boy's,EVI,2851.8633115847424
2012-08-12T06:00:00Z,tribes_rocky-boys_Rocky Boy's,Rocky Boy's,NDVI,4865.74810446321
2012-08-12T06:00:00Z,tribes_blackfeet_Blackfeet,Blackfeet,EVI,2501.8123394485388
2012-08-12T06:00:00Z,tribes_blackfeet_Blackfeet,Blackfeet,NDVI,4113.918587908338
2012-08-12T06:00:00Z,tribes_flathead_Flathead,Flathead,EVI,2788.6878986357888
2012-08-12T06:00:00Z,tribes_flathead_Flathead,Flathead,NDVI,5361.162731596315
2012-08-28T06:00:00Z,tribes_northern-cheyenne_Northern Cheyenne,Northern Cheyenne,EVI,1711.7685618210166
2012-08-28T06:00:00Z,tribes_northern-cheyenne_Northern Cheyenne,Northern Cheyenne,NDVI,3187.2981652474455
2012-08-28T06:00:00Z,tribes_crow_Crow,Crow,EVI,1771.4103395465334
2012-08-28T06:00:00Z,tribes_crow_Crow,Crow,NDVI,2970.252358950507
2012-08-28T06:00:00Z,tribes_fort-peck_Fort Peck,Fort Peck,EVI,1736.5827005258443
2012-08-28T06:00:00Z,tribes_fort-peck_Fort Peck,Fort Peck,NDVI,2870.598475059621
2012-08-28T06:00:00Z,tribes_fort-belknap_Fort Belknap,Fort Belknap,EVI,1783.8917254335283
2012-08-28T06:00:00Z,tribes_fort-belknap_Fort Belknap,Fort Belknap,NDVI,3166.1849199173835
2012-08-28T06:00:00Z,tribes_rocky-boys_Rocky Boy's,Rocky Boy's,EVI,2426.736589213692
2012-08-28T06:00:00Z,tribes_rocky-boys_Rocky Boy's,Rocky Boy's,NDVI,4338.4410799424995
2012-08-28T06:00:00Z,tribes_blackfeet_Blackfeet,Blackfeet,EVI,2162.39544702697
2012-08-28T06:00:00Z,tribes_blackfeet_Blackfeet,Blackfeet,NDVI,3692.0751237060654
2012-08-28T06:00:00Z,tribes_flathead_Flathead,Flathead,EVI,2620.6111740945903
2012-08-28T06:00:00Z,tribes_flathead_Flathead,Flathead,NDVI,5103.869308562635
2012-09-13T06:00:00Z,tribes_northern-cheyenne_Northern Cheyenne,Northern Cheyenne,EVI,1684.4943750195625
2012-09-13T06:00:00Z,tribes_northern-cheyenne_Northern Cheyenne,Northern Cheyenne,NDVI,3100.013204852304
2012-09-13T06:00:00Z,tribes_crow_Crow,Crow,EVI,1616.49667102072
2012-09-13T06:00:00Z,tribes_crow_Crow,Crow,NDVI,2737.6788711120207
2012-09-13T06:00:00Z,tribes_fort-peck_Fort Peck,Fort Peck,EVI,1565.529220522462
2012-09-13T06:00:00Z,tribes_fort-peck_Fort Peck,Fort Peck,NDVI,2608.70178386117
2012-09-13T06:00:00Z,tribes_fort-belknap_Fort Belknap,Fort Belknap,EVI,1579.920569286678
2012-09-13T06:00:00Z,tribes_fort-belknap_Fort Belknap,Fort Belknap,NDVI,2828.7077050753524
2012-09-13T06:00:00Z,tribes_rocky-boys_Rocky Boy's,Rocky Boy's,EVI,2122.9191070109773
2012-09-13T06:00:00Z,tribes_rocky-boys_Rocky Boy's,Rocky Boy's,NDVI,3838.9115248637727
2012-09-13T06:00:00Z,tribes_blackfeet_Blackfeet,Blackfeet,EVI,1930.1702473448445
2012-09-13T06:00:00Z,tribes_blackfeet_Blackfeet,Blackfeet,NDVI,3213.741204596959
2012-09-13T06:00:00Z,tribes_flathead_Flathead,Flathead,EVI,2410.2133969455667
2012-09-13T06:00:00Z,tribes_flathead_Flathead,Flathead,NDVI,4698.8672088160665
2012-09-29T06:00:00Z,tribes_northern-cheyenne_Northern Cheyenne,Northern Cheyenne,EVI,1746.9184536769424
2012-09-29T06:00:00Z,tribes_northern-cheyenne_Northern Cheyenne,Northern Cheyenne,NDVI,3250.332832073578
2012-09-29T06:00:00Z,tribes_crow_Crow,Crow,EVI,1630.636095394116
2012-09-29T06:00:00Z,tribes_crow_Crow,Crow,NDVI,2767.426560023305
2012-09-29T06:00:00Z,tribes_fort-peck_Fort Peck,Fort Peck,EVI,1478.6377066234456
2012-09-29T06:00:00Z,tribes_fort-peck_Fort Peck,Fort Peck,NDVI,2408.066049843436
2012-09-29T06:00:00Z,tribes_fort-belknap_Fort Belknap,Fort Belknap,EVI,1501.2037252712487
2012-09-29T06:00:00Z,tribes_fort-belknap_Fort Belknap,Fort Belknap,NDVI,2754.3000352195813
2012-09-29T06:00:00Z,tribes_rocky-boys_Rocky Boy's,Rocky Boy's,EVI,1944.867748243647
2012-09-29T06:00:00Z,tribes_rocky-boys_Rocky Boy's,Rocky Boy's,NDVI,3547.2554991974657
2012-09-29T06:00:00Z,tribes_blackfeet_Blackfeet,Blackfeet,EVI,1715.704077720256
2012-09-29T06:00:00Z,tribes_blackfeet_Blackfeet,Blackfeet,NDVI,2997.4738541491524
2012-09-29T06:00:00Z,tribes_flathead_Flathead,Flathead,EVI,2345.0836606307157
2012-09-29T06:00:00Z,tribes_flathead_Flathead,Flathead,NDVI,4711.002229118791
2012-10-15T06:00:00Z,tribes_northern-cheyenne_Northern Cheyenne,Northern Cheyenne,EVI,1587.5907594673122
2012-10-15T06:00:00Z,tribes_northern-cheyenne_Northern Cheyenne,Northern Cheyenne,NDVI,3267.7771938463447
2012-10-15T06:00:00Z,tribes_crow_Crow,Crow,EVI,1457.9213328568721
2012-10-15T06:00:00Z,tribes_crow_Crow,Crow,NDVI,2680.083216991158
2012-10-15T06:00:00Z,tribes_fort-peck_Fort Peck,Fort Peck,EVI,1387.0046520246274
2012-10-15T06:00:00Z,tribes_fort-peck_Fort Peck,Fort Peck,NDVI,2327.3315526588754
2012-10-15T06:00:00Z,tribes_fort-belknap_Fort Belknap,Fort Belknap,EVI,1485.6507598430608
2012-10-15T06:00:00Z,tribes_fort-belknap_Fort Belknap,Fort Belknap,NDVI,2681.52418286219
2012-10-15T06:00:00Z,tribes_rocky-boys_Rocky Boy's,Rocky Boy's,EVI,1674.6186534702306
2012-10-15T06:00:00Z,tribes_rocky-boys_Rocky Boy's,Rocky Boy's,NDVI,3332.74811123048
2012-10-15T06:00:00Z,tribes_blackfeet_Blackfeet,Blackfeet,EVI,1474.6014431846297
2012-10-15T06:00:00Z,tribes_blackfeet_Blackfeet,Blackfeet,NDVI,2567.2816687201644
2012-10-15T06:00:00Z,tribes_flathead_Flathead,Flathead,EVI,2058.164493506948
2012-10-15T06:00:00Z,tribes_flathead_Flathead,Flathead,NDVI,4073.1243887106734
2012-10-31T06:00:00Z,tribes_northern-cheyenne_Northern Cheyenne,Northern Cheyenne,EVI,1514.5141611969239
2012-10-31T06:00:00Z,tribes_northern-cheyenne_Northern Cheyenne,Northern Cheyenne,NDVI,3016.8251539222124
2012-10-31T06:00:00Z,tribes_crow_Crow,Crow,EVI,1352.5789684003446
2012-10-31T06:00:00Z,tribes_crow_Crow,Crow,NDVI,2487.9728489447098
2012-10-31T06:00:00Z,tribes_fort-peck_Fort Peck,Fort Peck,EVI,1376.9915907891095
2012-10-31T06:00:00Z,tribes_fort-peck_Fort Peck,Fort Peck,NDVI,2147.0498977657967
2012-10-31T06:00:00Z,tribes_fort-belknap_Fort Belknap,Fort Belknap,EVI,1493.6489168642693
2012-10-31T06:00:00Z,tribes_fort-belknap_Fort Belknap,Fort Belknap,NDVI,2641.8325390544055
2012-10-31T06:00:00Z,tribes_rocky-boys_Rocky Boy's,Rocky Boy's,EVI,1563.3177117444027
2012-10-31T06:00:00Z,tribes_rocky-boys_Rocky Boy's,Rocky Boy's,NDVI,3276.584514116296
2012-10-31T06:00:00Z,tribes_blackfeet_Blackfeet,Blackfeet,EVI,1491.9654565969092
2012-10-31T06:00:00Z,tribes_blackfeet_Blackfeet,Blackfeet,NDVI,2450.150786363112
2012-10-31T06:00:00Z,tribes_flathead_Flathead,Flathead,EVI,1947.494629220281
2012-10-31T06:00:00Z,tribes_flathead_Flathead,Flathead,NDVI,4272.888038106143
2012-11-16T07:00:00Z,tribes_northern-cheyenne_Northern Cheyenne,Northern Cheyenne,EVI,1546.0807426471122
2012-11-16T07:00:00Z,tribes_northern-cheyenne_Northern Cheyenne,Northern Cheyenne,NDVI,3205.276065518749
2012-11-16T07:00:00Z,tribes_crow_Crow,Crow,EVI,1312.9777917805618
2012-11-16T07:00:00Z,tribes_crow_Crow,Crow,NDVI,2450.5477816131033
2012-11-16T07:00:00Z,tribes_fort-peck_Fort Peck,Fort Peck,EVI,300.54545454545456
2012-11-16T07:00:00Z,tribes_fort-peck_Fort Peck,Fort Peck,NDVI,876.3636363636364
2012-11-16T07:00:00Z,tribes_fort-belknap_Fort Belknap,Fort Belknap,EVI,1403.037228512134
2012-11-16T07:00:00Z,tribes_fort-belknap_Fort Belknap,Fort Belknap,NDVI,2344.8174995376758
2012-11-16T07:00:00Z,tribes_rocky-boys_Rocky Boy's,Rocky Boy's,EVI,1416.3039840018648
2012-11-16T07:00:00Z,tribes_rocky-boys_Rocky Boy's,Rocky Boy's,NDVI,2562.4325030093582
2012-11-16T07:00:00Z,tribes_blackfeet_Blackfeet,Blackfeet,EVI,1158.597765616772
2012-11-16T07:00:00Z,tribes_blackfeet_Blackfeet,Blackfeet,NDVI,2036.7665213514767
2012-11-16T07:00:00Z,tribes_flathead_Flathead,Flathead,EVI,1694.2976874026824
2012-11-16T07:00:00Z,tribes_flathead_Flathead,Flathead,NDVI,3391.322078390825
2012-12-02T07:00:00Z,tribes_northern-cheyenne_Northern Cheyenne,Northern Cheyenne,EVI,1637.7802790097232
2012-12-02T07:00:00Z,tribes_northern-cheyenne_Northern Cheyenne,Northern Cheyenne,NDVI,3453.3174860461822
2012-12-02T07:00:00Z,tribes_crow_Crow,Crow,EVI,1378.2952043003122
2012-12-02T07:00:00Z,tribes_crow_Crow,Crow,NDVI,2491.1673326108767
2012-12-02T07:00:00Z,tribes_fort-peck_Fort Peck,Fort Peck,EVI,1057.9232988691763
2012-12-02T07:00:00Z,tribes_fort-peck_Fort Peck,Fort Peck,NDVI,1738.1059736066316
2012-12-02T07:00:00Z,tribes_fort-belknap_Fort Belknap,Fort Belknap,EVI,1284.347289475049
2012-12-02T07:00:00Z,tribes_fort-belknap_Fort Belknap,Fort Belknap,NDVI,2370.4295708153204
2012-12-02T07:00:00Z,tribes_rocky-boys_Rocky Boy's,Rocky Boy's,EVI,1063.4267156862743
2012-12-02T07:00:00Z,tribes_rocky-boys_Rocky Boy's,Rocky Boy's,NDVI,2187.5578839869268
2012-12-02T07:00:00Z,tribes_blackfeet_Blackfeet,Blackfeet,EVI,1153.2325711898325
2012-12-02T07:00:00Z,tribes_blackfeet_Blackfeet,Blackfeet,NDVI,1993.9384535772642
2012-12-02T07:00:00Z,tribes_flathead_Flathead,Flathead,EVI,1635.1838533191649
2012-12-02T07:00:00Z,tribes_flathead_Flathead,Flathead,NDVI,3625.6543201164495
2012-12-18T07:00:00Z,tribes_northern-cheyenne_Northern Cheyenne,Northern Cheyenne,EVI,1134.0759938967533
2012-12-18T07:00:00Z,tribes_northern-cheyenne_Northern Cheyenne,Northern Cheyenne,NDVI,2013.8764940239048
2012-12-18T07:00:00Z,tribes_crow_Crow,Crow,EVI,1064.2665750762674
2012-12-18T07:00:00Z,tribes_crow_Crow,Crow,NDVI,1829.232870157549
2012-12-18T07:00:00Z,tribes_fort-peck_Fort Peck,Fort Peck,EVI,NA
2012-12-18T07:00:00Z,tribes_fort-peck_Fort Peck,Fort Peck,NDVI,NA
2012-12-18T07:00:00Z,tribes_fort-belknap_Fort Belknap,Fort Belknap,EVI,NA
2012-12-18T07:00:00Z,tribes_fort-belknap_Fort Belknap,Fort Belknap,NDVI,NA
2012-12-18T07:00:00Z,tribes_rocky-boys_Rocky Boy's,Rocky Boy's,EVI,NA
2012-12-18T07:00:00Z,tribes_rocky-boys_Rocky Boy's,Rocky Boy's,NDVI,NA
2012-12-18T07:00:00Z,tribes_blackfeet_Blackfeet,Blackfeet,EVI,1151.3474927916677
2012-12-18T07:00:00Z,tribes_blackfeet_Blackfeet,Blackfeet,NDVI,1751.7310107097476
2012-12-18T07:00:00Z,tribes_flathead_Flathead,Flathead,EVI,1666.4994753410283
2012-12-18T07:00:00Z,tribes_flathead_Flathead,Flathead,NDVI,3157.4837355718782
2013-01-01T07:00:00Z,tribes_northern-cheyenne_Northern Cheyenne,Northern Cheyenne,EVI,NA
2013-01-01T07:00:00Z,tribes_northern-cheyenne_Northern Cheyenne,Northern Cheyenne,NDVI,NA
2013-01-01T07:00:00Z,tribes_crow_Crow,Crow,EVI,1065.8146188431363
2013-01-01T07:00:00Z,tribes_crow_Crow,Crow,NDVI,1836.0366185911018
2013-01-01T07:00:00Z,tribes_fort-peck_Fort Peck,Fort Peck,EVI,NA
2013-01-01T07:00:00Z,tribes_fort-peck_Fort Peck,Fort Peck,NDVI,NA
2013-01-01T07:00:00Z,tribes_fort-belknap_Fort Belknap,Fort Belknap,EVI,NA
2013-01-01T07:00:00Z,tribes_fort-belknap_Fort Belknap,Fort Belknap,NDVI,NA
2013-01-01T07:00:00Z,tribes_rocky-boys_Rocky Boy's,Rocky Boy's,EVI,NA
2013-01-01T07:00:00Z,tribes_rocky-boys_Rocky Boy's,Rocky Boy's,NDVI,NA
2013-01-01T07:00:00Z,tribes_blackfeet_Blackfeet,Blackfeet,EVI,611.9
2013-01-01T07:00:00Z,tribes_blackfeet_Blackfeet,Blackfeet,NDVI,1314.1
2013-01-01T07:00:00Z,tribes_flathead_Flathead,Flathead,EVI,NA
2013-01-01T07:00:00Z,tribes_flathead_Flathead,Flathead,NDVI,NA
2013-01-17T07:00:00Z,tribes_northern-cheyenne_Northern Cheyenne,Northern Cheyenne,EVI,1007.9997732310197
2013-01-17T07:00:00Z,tribes_northern-cheyenne_Northern Cheyenne,Northern Cheyenne,NDVI,2068.5085916183266
2013-01-17T07:00:00Z,tribes_crow_Crow,Crow,EVI,985.8961737478301
2013-01-17T07:00:00Z,tribes_crow_Crow,Crow,NDVI,1707.1462262188945
2013-01-17T07:00:00Z,tribes_fort-peck_Fort Peck,Fort Peck,EVI,NA
2013-01-17T07:00:00Z,tribes_fort-peck_Fort Peck,Fort Peck,NDVI,NA
2013-01-17T07:00:00Z,tribes_fort-belknap_Fort Belknap,Fort Belknap,EVI,NA
2013-01-17T07:00:00Z,tribes_fort-belknap_Fort Belknap,Fort Belknap,NDVI,NA
2013-01-17T07:00:00Z,tribes_rocky-boys_Rocky Boy's,Rocky Boy's,EVI,NA
2013-01-17T07:00:00Z,tribes_rocky-boys_Rocky Boy's,Rocky Boy's,NDVI,NA
2013-01-17T07:00:00Z,tribes_blackfeet_Blackfeet,Blackfeet,EVI,1099.172268907563
2013-01-17T07:00:00Z,tribes_blackfeet_Blackfeet,Blackfeet,NDVI,1761.4747899159663
2013-01-17T07:00:00Z,tribes_flathead_Flathead,Flathead,EVI,1888.111111111111
2013-01-17T07:00:00Z,tribes_flathead_Flathead,Flathead,NDVI,3583.222222222222
2013-02-02T07:00:00Z,tribes_northern-cheyenne_Northern Cheyenne,Northern Cheyenne,EVI,1038.1798917456022
2013-02-02T07:00:00Z,tribes_northern-cheyenne_Northern Cheyenne,Northern Cheyenne,NDVI,2124.5180784844392
2013-02-02T07:00:00Z,tribes_crow_Crow,Crow,EVI,978.9870856650884
2013-02-02T07:00:00Z,tribes_crow_Crow,Crow,NDVI,2004.9751757784477
2013-02-02T07:00:00Z,tribes_fort-peck_Fort Peck,Fort Peck,EVI,NA
2013-02-02T07:00:00Z,tribes_fort-peck_Fort Peck,Fort Peck,NDVI,NA
2013-02-02T07:00:00Z,tribes_fort-belknap_Fort Belknap,Fort Belknap,EVI,894.2269168541832
2013-02-02T07:00:00Z,tribes_fort-belknap_Fort Belknap,Fort Belknap,NDVI,1731.5059416435756
2013-02-02T07:00:00Z,tribes_rocky-boys_Rocky Boy's,Rocky Boy's,EVI,NA
2013-02-02T07:00:00Z,tribes_rocky-boys_Rocky Boy's,Rocky Boy's,NDVI,NA
2013-02-02T07:00:00Z,tribes_blackfeet_Blackfeet,Blackfeet,EVI,1037.699026992559
2013-02-02T07:00:00Z,tribes_blackfeet_Blackfeet,Blackfeet,NDVI,1675.6317065247013
2013-02-02T07:00:00Z,tribes_flathead_Flathead,Flathead,EVI,1712.2076255887032
2013-02-02T07:00:00Z,tribes_flathead_Flathead,Flathead,NDVI,3209.907933677371
2013-02-18T07:00:00Z,tribes_northern-cheyenne_Northern Cheyenne,Northern Cheyenne,EVI,1019.7658252878905
2013-02-18T07:00:00Z,tribes_northern-cheyenne_Northern Cheyenne,Northern Cheyenne,NDVI,2024.7087045868725
2013-02-18T07:00:00Z,tribes_crow_Crow,Crow,EVI,944.9009489968872
2013-02-18T07:00:00Z,tribes_crow_Crow,Crow,NDVI,1722.0564672110345
2013-02-18T07:00:00Z,tribes_fort-peck_Fort Peck,Fort Peck,EVI,NA
2013-02-18T07:00:00Z,tribes_fort-peck_Fort Peck,Fort Peck,NDVI,NA
2013-02-18T07:00:00Z,tribes_fort-belknap_Fort Belknap,Fort Belknap,EVI,970.4518419691499
2013-02-18T07:00:00Z,tribes_fort-belknap_Fort Belknap,Fort Belknap,NDVI,1738.6053530944394
2013-02-18T07:00:00Z,tribes_rocky-boys_Rocky Boy's,Rocky Boy's,EVI,NA
2013-02-18T07:00:00Z,tribes_rocky-boys_Rocky Boy's,Rocky Boy's,NDVI,NA
2013-02-18T07:00:00Z,tribes_blackfeet_Blackfeet,Blackfeet,EVI,985.2171210182239
2013-02-18T07:00:00Z,tribes_blackfeet_Blackfeet,Blackfeet,NDVI,1659.4649219605337
2013-02-18T07:00:00Z,tribes_flathead_Flathead,Flathead,EVI,1736.072615306262
2013-02-18T07:00:00Z,tribes_flathead_Flathead,Flathead,NDVI,3069.932501480276
2013-03-06T07:00:00Z,tribes_northern-cheyenne_Northern Cheyenne,Northern Cheyenne,EVI,1208.0139997770489
2013-03-06T07:00:00Z,tribes_northern-cheyenne_Northern Cheyenne,Northern Cheyenne,NDVI,2346.4813855243365
2013-03-06T07:00:00Z,tribes_crow_Crow,Crow,EVI,1070.1879182063235
2013-03-06T07:00:00Z,tribes_crow_Crow,Crow,NDVI,1858.7893283042501
2013-03-06T07:00:00Z,tribes_fort-peck_Fort Peck,Fort Peck,EVI,NA
2013-03-06T07:00:00Z,tribes_fort-peck_Fort Peck,Fort Peck,NDVI,NA
2013-03-06T07:00:00Z,tribes_fort-belknap_Fort Belknap,Fort Belknap,EVI,1126.819887567002
2013-03-06T07:00:00Z,tribes_fort-belknap_Fort Belknap,Fort Belknap,NDVI,1860.4609491436793
2013-03-06T07:00:00Z,tribes_rocky-boys_Rocky Boy's,Rocky Boy's,EVI,NA
2013-03-06T07:00:00Z,tribes_rocky-boys_Rocky Boy's,Rocky Boy's,NDVI,NA
2013-03-06T07:00:00Z,tribes_blackfeet_Blackfeet,Blackfeet,EVI,1110.8744056429364
2013-03-06T07:00:00Z,tribes_blackfeet_Blackfeet,Blackfeet,NDVI,1840.1037526483142
2013-03-06T07:00:00Z,tribes_flathead_Flathead,Flathead,EVI,1916.8441165389106
2013-03-06T07:00:00Z,tribes_flathead_Flathead,Flathead,NDVI,3556.2351794595556
2013-03-22T06:00:00Z,tribes_northern-cheyenne_Northern Cheyenne,Northern Cheyenne,EVI,1526.997724027265
2013-03-22T06:00:00Z,tribes_northern-cheyenne_Northern Cheyenne,Northern Cheyenne,NDVI,2918.2884159910013
2013-03-22T06:00:00Z,tribes_crow_Crow,Crow,EVI,1296.5671741406823
2013-03-22T06:00:00Z,tribes_crow_Crow,Crow,NDVI,2247.067756632248
2013-03-22T06:00:00Z,tribes_fort-peck_Fort Peck,Fort Peck,EVI,897.0374878867764
2013-03-22T06:00:00Z,tribes_fort-peck_Fort Peck,Fort Peck,NDVI,1765.9806927224583
2013-03-22T06:00:00Z,tribes_fort-belknap_Fort Belknap,Fort Belknap,EVI,1158.760714688929
2013-03-22T06:00:00Z,tribes_fort-belknap_Fort Belknap,Fort Belknap,NDVI,2112.6640561706668
2013-03-22T06:00:00Z,tribes_rocky-boys_Rocky Boy's,Rocky Boy's,EVI,1138.7723635677144
2013-03-22T06:00:00Z,tribes_rocky-boys_Rocky Boy's,Rocky Boy's,NDVI,2042.0542679562002
2013-03-22T06:00:00Z,tribes_blackfeet_Blackfeet,Blackfeet,EVI,1122.0703411317545
2013-03-22T06:00:00Z,tribes_blackfeet_Blackfeet,Blackfeet,NDVI,1927.4109136193
2013-03-22T06:00:00Z,tribes_flathead_Flathead,Flathead,EVI,2131.090252065115
2013-03-22T06:00:00Z,tribes_flathead_Flathead,Flathead,NDVI,4129.416619162115
2013-04-07T06:00:00Z,tribes_northern-cheyenne_Northern Cheyenne,Northern Cheyenne,EVI,1469.5124115094084
2013-04-07T06:00:00Z,tribes_northern-cheyenne_Northern Cheyenne,Northern Cheyenne,NDVI,2798.698258492968
2013-04-07T06:00:00Z,tribes_crow_Crow,Crow,EVI,1406.1407031183162
2013-04-07T06:00:00Z,tribes_crow_Crow,Crow,NDVI,2568.4960669828374
2013-04-07T06:00:00Z,tribes_fort-peck_Fort Peck,Fort Peck,EVI,933.2062648672821
2013-04-07T06:00:00Z,tribes_fort-peck_Fort Peck,Fort Peck,NDVI,1730.7766078495754
2013-04-07T06:00:00Z,tribes_fort-belknap_Fort Belknap,Fort Belknap,EVI,1325.2838611906097
2013-04-07T06:00:00Z,tribes_fort-belknap_Fort Belknap,Fort Belknap,NDVI,2353.6923161455143
2013-04-07T06:00:00Z,tribes_rocky-boys_Rocky Boy's,Rocky Boy's,EVI,1548.710638984546
2013-04-07T06:00:00Z,tribes_rocky-boys_Rocky Boy's,Rocky Boy's,NDVI,2609.926793678478
2013-04-07T06:00:00Z,tribes_blackfeet_Blackfeet,Blackfeet,EVI,1318.987775113034
2013-04-07T06:00:00Z,tribes_blackfeet_Blackfeet,Blackfeet,NDVI,2165.46419751409
2013-04-07T06:00:00Z,tribes_flathead_Flathead,Flathead,EVI,2383.88496588385
2013-04-07T06:00:00Z,tribes_flathead_Flathead,Flathead,NDVI,4616.117177113546
2013-04-23T06:00:00Z,tribes_northern-cheyenne_Northern Cheyenne,Northern Cheyenne,EVI,1912.7247937599343
2013-04-23T06:00:00Z,tribes_northern-cheyenne_Northern Cheyenne,Northern Cheyenne,NDVI,3552.253492251747
2013-04-23T06:00:00Z,tribes_crow_Crow,Crow,EVI,1795.7901930021176
2013-04-23T06:00:00Z,tribes_crow_Crow,Crow,NDVI,3102.5014167343857
2013-04-23T06:00:00Z,tribes_fort-peck_Fort Peck,Fort Peck,EVI,1108.4021681016472
2013-04-23T06:00:00Z,tribes_fort-peck_Fort Peck,Fort Peck,NDVI,1989.9773160549998
2013-04-23T06:00:00Z,tribes_fort-belknap_Fort Belknap,Fort Belknap,EVI,1654.3484971060295
2013-04-23T06:00:00Z,tribes_fort-belknap_Fort Belknap,Fort Belknap,NDVI,2978.9537979107404
2013-04-23T06:00:00Z,tribes_rocky-boys_Rocky Boy's,Rocky Boy's,EVI,1855.7771680870949
2013-04-23T06:00:00Z,tribes_rocky-boys_Rocky Boy's,Rocky Boy's,NDVI,3494.4281765077735
2013-04-23T06:00:00Z,tribes_blackfeet_Blackfeet,Blackfeet,EVI,1510.7761553752428
2013-04-23T06:00:00Z,tribes_blackfeet_Blackfeet,Blackfeet,NDVI,2614.366978421059
2013-04-23T06:00:00Z,tribes_flathead_Flathead,Flathead,EVI,2760.168962870828
2013-04-23T06:00:00Z,tribes_flathead_Flathead,Flathead,NDVI,5065.321900910017
2013-05-09T06:00:00Z,tribes_northern-cheyenne_Northern Cheyenne,Northern Cheyenne,EVI,2211.574989443871
2013-05-09T06:00:00Z,tribes_northern-cheyenne_Northern Cheyenne,Northern Cheyenne,NDVI,3845.3712233873666
2013-05-09T06:00:00Z,tribes_crow_Crow,Crow,EVI,2332.0594027380703
2013-05-09T06:00:00Z,tribes_crow_Crow,Crow,NDVI,4254.526965771517
2013-05-09T06:00:00Z,tribes_fort-peck_Fort Peck,Fort Peck,EVI,1442.1974339392707
2013-05-09T06:00:00Z,tribes_fort-peck_Fort Peck,Fort Peck,NDVI,2434.78759806709
2013-05-09T06:00:00Z,tribes_fort-belknap_Fort Belknap,Fort Belknap,EVI,1931.589170210084
2013-05-09T06:00:00Z,tribes_fort-belknap_Fort Belknap,Fort Belknap,NDVI,3335.829041748129
2013-05-09T06:00:00Z,tribes_rocky-boys_Rocky Boy's,Rocky Boy's,EVI,2574.893371496277
2013-05-09T06:00:00Z,tribes_rocky-boys_Rocky Boy's,Rocky Boy's,NDVI,4822.365152178905
2013-05-09T06:00:00Z,tribes_blackfeet_Blackfeet,Blackfeet,EVI,2195.573133727982
2013-05-09T06:00:00Z,tribes_blackfeet_Blackfeet,Blackfeet,NDVI,3762.979296477471
2013-05-09T06:00:00Z,tribes_flathead_Flathead,Flathead,EVI,2879.034493436952
2013-05-09T06:00:00Z,tribes_flathead_Flathead,Flathead,NDVI,5532.960349402026
2013-05-25T06:00:00Z,tribes_northern-cheyenne_Northern Cheyenne,Northern Cheyenne,EVI,3113.390935632466
2013-05-25T06:00:00Z,tribes_northern-cheyenne_Northern Cheyenne,Northern Cheyenne,NDVI,5243.489190054797
2013-05-25T06:00:00Z,tribes_crow_Crow,Crow,EVI,3190.286357537325
2013-05-25T06:00:00Z,tribes_crow_Crow,Crow,NDVI,4979.102390988609
2013-05-25T06:00:00Z,tribes_fort-peck_Fort Peck,Fort Peck,EVI,2811.0849294519226
2013-05-25T06:00:00Z,tribes_fort-peck_Fort Peck,Fort Peck,NDVI,4524.409293616563
2013-05-25T06:00:00Z,tribes_fort-belknap_Fort Belknap,Fort Belknap,EVI,2955.2803915486384
2013-05-25T06:00:00Z,tribes_fort-belknap_Fort Belknap,Fort Belknap,NDVI,5071.822662353518
2013-05-25T06:00:00Z,tribes_rocky-boys_Rocky Boy's,Rocky Boy's,EVI,3797.4429624644436
2013-05-25T06:00:00Z,tribes_rocky-boys_Rocky Boy's,Rocky Boy's,NDVI,6052.52030608812
2013-05-25T06:00:00Z,tribes_blackfeet_Blackfeet,Blackfeet,EVI,2883.182755980993
2013-05-25T06:00:00Z,tribes_blackfeet_Blackfeet,Blackfeet,NDVI,4830.287482798362
2013-05-25T06:00:00Z,tribes_flathead_Flathead,Flathead,EVI,3449.762943189208
2013-05-25T06:00:00Z,tribes_flathead_Flathead,Flathead,NDVI,6217.886291559153
2013-06-10T06:00:00Z,tribes_northern-cheyenne_Northern Cheyenne,Northern Cheyenne,EVI,3408.93278335983
2013-06-10T06:00:00Z,tribes_northern-cheyenne_Northern Cheyenne,Northern Cheyenne,NDVI,5743.860513415286
2013-06-10T06:00:00Z,tribes_crow_Crow,Crow,EVI,3524.193641208197
2013-06-10T06:00:00Z,tribes_crow_Crow,Crow,NDVI,5560.491633369106
2013-06-10T06:00:00Z,tribes_fort-peck_Fort Peck,Fort Peck,EVI,3185.0053018834233
2013-06-10T06:00:00Z,tribes_fort-peck_Fort Peck,Fort Peck,NDVI,5131.911894668752
2013-06-10T06:00:00Z,tribes_fort-belknap_Fort Belknap,Fort Belknap,EVI,3193.6089658158585
2013-06-10T06:00:00Z,tribes_fort-belknap_Fort Belknap,Fort Belknap,NDVI,5336.61869184513
2013-06-10T06:00:00Z,tribes_rocky-boys_Rocky Boy's,Rocky Boy's,EVI,4363.76701957783
2013-06-10T06:00:00Z,tribes_rocky-boys_Rocky Boy's,Rocky Boy's,NDVI,6495.708792644071
2013-06-10T06:00:00Z,tribes_blackfeet_Blackfeet,Blackfeet,EVI,3674.271613121493
2013-06-10T06:00:00Z,tribes_blackfeet_Blackfeet,Blackfeet,NDVI,5580.577928041268
2013-06-10T06:00:00Z,tribes_flathead_Flathead,Flathead,EVI,3411.086479824542
2013-06-10T06:00:00Z,tribes_flathead_Flathead,Flathead,NDVI,6066.662571982448
2013-06-26T06:00:00Z,tribes_northern-cheyenne_Northern Cheyenne,Northern Cheyenne,EVI,3320.2090048432697
2013-06-26T06:00:00Z,tribes_northern-cheyenne_Northern Cheyenne,Northern Cheyenne,NDVI,5327.044523959417
2013-06-26T06:00:00Z,tribes_crow_Crow,Crow,EVI,3316.130195088984
2013-06-26T06:00:00Z,tribes_crow_Crow,Crow,NDVI,5218.730233949306
2013-06-26T06:00:00Z,tribes_fort-peck_Fort Peck,Fort Peck,EVI,4001.729400381519
2013-06-26T06:00:00Z,tribes_fort-peck_Fort Peck,Fort Peck,NDVI,6410.630927409805
2013-06-26T06:00:00Z,tribes_fort-belknap_Fort Belknap,Fort Belknap,EVI,3155.2697075711903
2013-06-26T06:00:00Z,tribes_fort-belknap_Fort Belknap,Fort Belknap,NDVI,5503.682538650824
2013-06-26T06:00:00Z,tribes_rocky-boys_Rocky Boy's,Rocky Boy's,EVI,4291.168354258902
2013-06-26T06:00:00Z,tribes_rocky-boys_Rocky Boy's,Rocky Boy's,NDVI,6681.9463961857755
2013-06-26T06:00:00Z,tribes_blackfeet_Blackfeet,Blackfeet,EVI,4033.0547607833746
2013-06-26T06:00:00Z,tribes_blackfeet_Blackfeet,Blackfeet,NDVI,5953.771491523437
2013-06-26T06:00:00Z,tribes_flathead_Flathead,Flathead,EVI,3414.600482777404
2013-06-26T06:00:00Z,tribes_flathead_Flathead,Flathead,NDVI,5952.5699824718895
2013-07-12T06:00:00Z,tribes_northern-cheyenne_Northern Cheyenne,Northern Cheyenne,EVI,2899.804976165511
2013-07-12T06:00:00Z,tribes_northern-cheyenne_Northern Cheyenne,Northern Cheyenne,NDVI,4753.999410820599
2013-07-12T06:00:00Z,tribes_crow_Crow,Crow,EVI,2817.6295172886034
2013-07-12T06:00:00Z,tribes_crow_Crow,Crow,NDVI,4614.773665175709
2013-07-12T06:00:00Z,tribes_fort-peck_Fort Peck,Fort Peck,EVI,3795.7024480878013
2013-07-12T06:00:00Z,tribes_fort-peck_Fort Peck,Fort Peck,NDVI,6190.702456159045
2013-07-12T06:00:00Z,tribes_fort-belknap_Fort Belknap,Fort Belknap,EVI,2958.6066789364377
2013-07-12T06:00:00Z,tribes_fort-belknap_Fort Belknap,Fort Belknap,NDVI,5015.973833261533
2013-07-12T06:00:00Z,tribes_rocky-boys_Rocky Boy's,Rocky Boy's,EVI,4115.07119789187
2013-07-12T06:00:00Z,tribes_rocky-boys_Rocky Boy's,Rocky Boy's,NDVI,6311.986116148894
2013-07-12T06:00:00Z,tribes_blackfeet_Blackfeet,Blackfeet,EVI,3524.024787613229
2013-07-12T06:00:00Z,tribes_blackfeet_Blackfeet,Blackfeet,NDVI,5425.843181918215
2013-07-12T06:00:00Z,tribes_flathead_Flathead,Flathead,EVI,2988.2279215084054
2013-07-12T06:00:00Z,tribes_flathead_Flathead,Flathead,NDVI,5494.355127599668
2013-07-28T06:00:00Z,tribes_northern-cheyenne_Northern Cheyenne,Northern Cheyenne,EVI,2623.822128923361
2013-07-28T06:00:00Z,tribes_northern-cheyenne_Northern Cheyenne,Northern Cheyenne,NDVI,4520.522795241609
2013-07-28T06:00:00Z,tribes_crow_Crow,Crow,EVI,2502.695754523436
2013-07-28T06:00:00Z,tribes_crow_Crow,Crow,NDVI,4139.310489138929
2013-07-28T06:00:00Z,tribes_fort-peck_Fort Peck,Fort Peck,EVI,3106.519118912481
2013-07-28T06:00:00Z,tribes_fort-peck_Fort Peck,Fort Peck,NDVI,5115.60436392882
2013-07-28T06:00:00Z,tribes_fort-belknap_Fort Belknap,Fort Belknap,EVI,2829.888980831526
2013-07-28T06:00:00Z,tribes_fort-belknap_Fort Belknap,Fort Belknap,NDVI,5098.826323400795
2013-07-28T06:00:00Z,tribes_rocky-boys_Rocky Boy's,Rocky Boy's,EVI,3534.172244023899
2013-07-28T06:00:00Z,tribes_rocky-boys_Rocky Boy's,Rocky Boy's,NDVI,5917.321989917731
2013-07-28T06:00:00Z,tribes_blackfeet_Blackfeet,Blackfeet,EVI,3001.232990748491
2013-07-28T06:00:00Z,tribes_blackfeet_Blackfeet,Blackfeet,NDVI,4942.278410770025
2013-07-28T06:00:00Z,tribes_flathead_Flathead,Flathead,EVI,2735.1932730652934
2013-07-28T06:00:00Z,tribes_flathead_Flathead,Flathead,NDVI,5186.077051907078
2013-08-13T06:00:00Z,tribes_northern-cheyenne_Northern Cheyenne,Northern Cheyenne,EVI,2463.0116232001374
2013-08-13T06:00:00Z,tribes_northern-cheyenne_Northern Cheyenne,Northern Cheyenne,NDVI,4360.380555879844
2013-08-13T06:00:00Z,tribes_crow_Crow,Crow,EVI,2258.6703258313073
2013-08-13T06:00:00Z,tribes_crow_Crow,Crow,NDVI,3793.403047309633
2013-08-13T06:00:00Z,tribes_fort-peck_Fort Peck,Fort Peck,EVI,2564.8637598171617
2013-08-13T06:00:00Z,tribes_fort-peck_Fort Peck,Fort Peck,NDVI,4566.875123692326
2013-08-13T06:00:00Z,tribes_fort-belknap_Fort Belknap,Fort Belknap,EVI,2544.8155096615783
2013-08-13T06:00:00Z,tribes_fort-belknap_Fort Belknap,Fort Belknap,NDVI,4547.993327912274
2013-08-13T06:00:00Z,tribes_rocky-boys_Rocky Boy's,Rocky Boy's,EVI,3213.0706456781095
2013-08-13T06:00:00Z,tribes_rocky-boys_Rocky Boy's,Rocky Boy's,NDVI,5392.750677951619
2013-08-13T06:00:00Z,tribes_blackfeet_Blackfeet,Blackfeet,EVI,2580.8008142404337
2013-08-13T06:00:00Z,tribes_blackfeet_Blackfeet,Blackfeet,NDVI,4372.037161900967
2013-08-13T06:00:00Z,tribes_flathead_Flathead,Flathead,EVI,2650.3293343738633
2013-08-13T06:00:00Z,tribes_flathead_Flathead,Flathead,NDVI,5018.696376179316
2013-08-29T06:00:00Z,tribes_northern-cheyenne_Northern Cheyenne,Northern Cheyenne,EVI,2211.656440221747
2013-08-29T06:00:00Z,tribes_northern-cheyenne_Northern Cheyenne,Northern Cheyenne,NDVI,4090.820358111965
2013-08-29T06:00:00Z,tribes_crow_Crow,Crow,EVI,2082.1010653069065
2013-08-29T06:00:00Z,tribes_crow_Crow,Crow,NDVI,3617.3837295455355
2013-08-29T06:00:00Z,tribes_fort-peck_Fort Peck,Fort Peck,EVI,2196.0787780186483
2013-08-29T06:00:00Z,tribes_fort-peck_Fort Peck,Fort Peck,NDVI,4082.282943918665
2013-08-29T06:00:00Z,tribes_fort-belknap_Fort Belknap,Fort Belknap,EVI,2266.802586534802
2013-08-29T06:00:00Z,tribes_fort-belknap_Fort Belknap,Fort Belknap,NDVI,4373.291090650277
2013-08-29T06:00:00Z,tribes_rocky-boys_Rocky Boy's,Rocky Boy's,EVI,2751.440063891069
2013-08-29T06:00:00Z,tribes_rocky-boys_Rocky Boy's,Rocky Boy's,NDVI,5132.767623575902
2013-08-29T06:00:00Z,tribes_blackfeet_Blackfeet,Blackfeet,EVI,2288.270684513493
2013-08-29T06:00:00Z,tribes_blackfeet_Blackfeet,Blackfeet,NDVI,4216.990637828517
2013-08-29T06:00:00Z,tribes_flathead_Flathead,Flathead,EVI,2457.8111062666026
2013-08-29T06:00:00Z,tribes_flathead_Flathead,Flathead,NDVI,5019.167005180551
2013-09-14T06:00:00Z,tribes_northern-cheyenne_Northern Cheyenne,Northern Cheyenne,EVI,2157.566950418371
2013-09-14T06:00:00Z,tribes_northern-cheyenne_Northern Cheyenne,Northern Cheyenne,NDVI,4398.420823563682
2013-09-14T06:00:00Z,tribes_crow_Crow,Crow,EVI,2093.728465952666
2013-09-14T06:00:00Z,tribes_crow_Crow,Crow,NDVI,3956.292509900238
2013-09-14T06:00:00Z,tribes_fort-peck_Fort Peck,Fort Peck,EVI,2077.467908157919
2013-09-14T06:00:00Z,tribes_fort-peck_Fort Peck,Fort Peck,NDVI,3815.4838414629576
2013-09-14T06:00:00Z,tribes_fort-belknap_Fort Belknap,Fort Belknap,EVI,2229.083902809561
2013-09-14T06:00:00Z,tribes_fort-belknap_Fort Belknap,Fort Belknap,NDVI,4193.7761957434495
2013-09-14T06:00:00Z,tribes_rocky-boys_Rocky Boy's,Rocky Boy's,EVI,2729.9379028698613
2013-09-14T06:00:00Z,tribes_rocky-boys_Rocky Boy's,Rocky Boy's,NDVI,5042.212549218415
2013-09-14T06:00:00Z,tribes_blackfeet_Blackfeet,Blackfeet,EVI,2340.1988079844514
2013-09-14T06:00:00Z,tribes_blackfeet_Blackfeet,Blackfeet,NDVI,4257.465463419941
2013-09-14T06:00:00Z,tribes_flathead_Flathead,Flathead,EVI,2341.0328415007225
2013-09-14T06:00:00Z,tribes_flathead_Flathead,Flathead,NDVI,5111.752364604729
2013-09-30T06:00:00Z,tribes_northern-cheyenne_Northern Cheyenne,Northern Cheyenne,EVI,2246.0738842887904
2013-09-30T06:00:00Z,tribes_northern-cheyenne_Northern Cheyenne,Northern Cheyenne,NDVI,4414.560284219715
2013-09-30T06:00:00Z,tribes_crow_Crow,Crow,EVI,2186.014866551272
2013-09-30T06:00:00Z,tribes_crow_Crow,Crow,NDVI,4119.458988569951
2013-09-30T06:00:00Z,tribes_fort-peck_Fort Peck,Fort Peck,EVI,1832.3574975628505
2013-09-30T06:00:00Z,tribes_fort-peck_Fort Peck,Fort Peck,NDVI,3405.9848882878846
2013-09-30T06:00:00Z,tribes_fort-belknap_Fort Belknap,Fort Belknap,EVI,2082.8364463772373
2013-09-30T06:00:00Z,tribes_fort-belknap_Fort Belknap,Fort Belknap,NDVI,3925.2645359256103
2013-09-30T06:00:00Z,tribes_rocky-boys_Rocky Boy's,Rocky Boy's,EVI,2435.035915735154
2013-09-30T06:00:00Z,tribes_rocky-boys_Rocky Boy's,Rocky Boy's,NDVI,4539.830679520634
2013-09-30T06:00:00Z,tribes_blackfeet_Blackfeet,Blackfeet,EVI,2243.3826721483
2013-09-30T06:00:00Z,tribes_blackfeet_Blackfeet,Blackfeet,NDVI,3920.6302793087802
2013-09-30T06:00:00Z,tribes_flathead_Flathead,Flathead,EVI,2496.782393980007
2013-09-30T06:00:00Z,tribes_flathead_Flathead,Flathead,NDVI,5208.811991394902
2013-10-16T06:00:00Z,tribes_northern-cheyenne_Northern Cheyenne,Northern Cheyenne,EVI,2067.099883731144
2013-10-16T06:00:00Z,tribes_northern-cheyenne_Northern Cheyenne,Northern Cheyenne,NDVI,4403.442409269641
2013-10-16T06:00:00Z,tribes_crow_Crow,Crow,EVI,2128.4571473436467
2013-10-16T06:00:00Z,tribes_crow_Crow,Crow,NDVI,4144.9516704388125
2013-10-16T06:00:00Z,tribes_fort-peck_Fort Peck,Fort Peck,EVI,1465.5567606741467
2013-10-16T06:00:00Z,tribes_fort-peck_Fort Peck,Fort Peck,NDVI,2778.138965987208
2013-10-16T06:00:00Z,tribes_fort-belknap_Fort Belknap,Fort Belknap,EVI,1718.3609778678526
2013-10-16T06:00:00Z,tribes_fort-belknap_Fort Belknap,Fort Belknap,NDVI,3268.5667731609255
2013-10-16T06:00:00Z,tribes_rocky-boys_Rocky Boy's,Rocky Boy's,EVI,1971.1630019813504
2013-10-16T06:00:00Z,tribes_rocky-boys_Rocky Boy's,Rocky Boy's,NDVI,3820.3586236891783
2013-10-16T06:00:00Z,tribes_blackfeet_Blackfeet,Blackfeet,EVI,1716.9020925027228
2013-10-16T06:00:00Z,tribes_blackfeet_Blackfeet,Blackfeet,NDVI,3295.473739061434
2013-10-16T06:00:00Z,tribes_flathead_Flathead,Flathead,EVI,2302.111113583445
2013-10-16T06:00:00Z,tribes_flathead_Flathead,Flathead,NDVI,4937.724532587099
2013-11-01T06:00:00Z,tribes_northern-cheyenne_Northern Cheyenne,Northern Cheyenne,EVI,1999.7611613575727
2013-11-01T06:00:00Z,tribes_northern-cheyenne_Northern Cheyenne,Northern Cheyenne,NDVI,4157.4412447675595
2013-11-01T06:00:00Z,tribes_crow_Crow,Crow,EVI,2002.353454366297
2013-11-01T06:00:00Z,tribes_crow_Crow,Crow,NDVI,3854.824695650498
2013-11-01T06:00:00Z,tribes_fort-peck_Fort Peck,Fort Peck,EVI,1477.2313079264534
2013-11-01T06:00:00Z,tribes_fort-peck_Fort Peck,Fort Peck,NDVI,2716.310290825497
2013-11-01T06:00:00Z,tribes_fort-belknap_Fort Belknap,Fort Belknap,EVI,1646.4390523594936
2013-11-01T06:00:00Z,tribes_fort-belknap_Fort Belknap,Fort Belknap,NDVI,3184.7559031684295
2013-11-01T06:00:00Z,tribes_rocky-boys_Rocky Boy's,Rocky Boy's,EVI,1836.4361794011913
2013-11-01T06:00:00Z,tribes_rocky-boys_Rocky Boy's,Rocky Boy's,NDVI,3576.243402735893
2013-11-01T06:00:00Z,tribes_blackfeet_Blackfeet,Blackfeet,EVI,1617.477875108929
2013-11-01T06:00:00Z,tribes_blackfeet_Blackfeet,Blackfeet,NDVI,2704.898179200935
2013-11-01T06:00:00Z,tribes_flathead_Flathead,Flathead,EVI,2296.8454006555553
2013-11-01T06:00:00Z,tribes_flathead_Flathead,Flathead,NDVI,4369.336997001186
2013-11-17T07:00:00Z,tribes_northern-cheyenne_Northern Cheyenne,Northern Cheyenne,EVI,1805.4875454658759
2013-11-17T07:00:00Z,tribes_northern-cheyenne_Northern Cheyenne,Northern Cheyenne,NDVI,3805.735189547452
2013-11-17T07:00:00Z,tribes_crow_Crow,Crow,EVI,1850.3949610012007
2013-11-17T07:00:00Z,tribes_crow_Crow,Crow,NDVI,3441.0036743029495
2013-11-17T07:00:00Z,tribes_fort-peck_Fort Peck,Fort Peck,EVI,1369.9159512217786
2013-11-17T07:00:00Z,tribes_fort-peck_Fort Peck,Fort Peck,NDVI,2474.57101253169
2013-11-17T07:00:00Z,tribes_fort-belknap_Fort Belknap,Fort Belknap,EVI,1556.1848918196358
2013-11-17T07:00:00Z,tribes_fort-belknap_Fort Belknap,Fort Belknap,NDVI,2914.339054915167
2013-11-17T07:00:00Z,tribes_rocky-boys_Rocky Boy's,Rocky Boy's,EVI,1582.1630121961514
2013-11-17T07:00:00Z,tribes_rocky-boys_Rocky Boy's,Rocky Boy's,NDVI,2902.2563910267845
2013-11-17T07:00:00Z,tribes_blackfeet_Blackfeet,Blackfeet,EVI,1388.4229324463327
2013-11-17T07:00:00Z,tribes_blackfeet_Blackfeet,Blackfeet,NDVI,2352.460139061434
2013-11-17T07:00:00Z,tribes_flathead_Flathead,Flathead,EVI,2046.1466346070367
2013-11-17T07:00:00Z,tribes_flathead_Flathead,Flathead,NDVI,4505.275252905127
2013-12-03T07:00:00Z,tribes_northern-cheyenne_Northern Cheyenne,Northern Cheyenne,EVI,NA
2013-12-03T07:00:00Z,tribes_northern-cheyenne_Northern Cheyenne,Northern Cheyenne,NDVI,NA
2013-12-03T07:00:00Z,tribes_crow_Crow,Crow,EVI,NA
2013-12-03T07:00:00Z,tribes_crow_Crow,Crow,NDVI,NA
2013-12-03T07:00:00Z,tribes_fort-peck_Fort Peck,Fort Peck,EVI,NA
2013-12-03T07:00:00Z,tribes_fort-peck_Fort Peck,Fort Peck,NDVI,NA
2013-12-03T07:00:00Z,tribes_fort-belknap_Fort Belknap,Fort Belknap,EVI,NA
2013-12-03T07:00:00Z,tribes_fort-belknap_Fort Belknap,Fort Belknap,NDVI,NA
2013-12-03T07:00:00Z,tribes_rocky-boys_Rocky Boy's,Rocky Boy's,EVI,NA
2013-12-03T07:00:00Z,tribes_rocky-boys_Rocky Boy's,Rocky Boy's,NDVI,NA
2013-12-03T07:00:00Z,tribes_blackfeet_Blackfeet,Blackfeet,EVI,1325.391304347826
2013-12-03T07:00:00Z,tribes_blackfeet_Blackfeet,Blackfeet,NDVI,2113.290434782609
2013-12-03T07:00:00Z,tribes_flathead_Flathead,Flathead,EVI,1554.1298826944007
2013-12-03T07:00:00Z,tribes_flathead_Flathead,Flathead,NDVI,3288.5510339823436
2013-12-19T07:00:00Z,tribes_northern-cheyenne_Northern Cheyenne,Northern Cheyenne,EVI,NA
2013-12-19T07:00:00Z,tribes_northern-cheyenne_Northern Cheyenne,Northern Cheyenne,NDVI,NA
2013-12-19T07:00:00Z,tribes_crow_Crow,Crow,EVI,NA
2013-12-19T07:00:00Z,tribes_crow_Crow,Crow,NDVI,NA
2013-12-19T07:00:00Z,tribes_fort-peck_Fort Peck,Fort Peck,EVI,NA
2013-12-19T07:00:00Z,tribes_fort-peck_Fort Peck,Fort Peck,NDVI,NA
2013-12-19T07:00:00Z,tribes_fort-belknap_Fort Belknap,Fort Belknap,EVI,NA
2013-12-19T07:00:00Z,tribes_fort-belknap_Fort Belknap,Fort Belknap,NDVI,NA
2013-12-19T07:00:00Z,tribes_rocky-boys_Rocky Boy's,Rocky Boy's,EVI,NA
2013-12-19T07:00:00Z,tribes_rocky-boys_Rocky Boy's,Rocky Boy's,NDVI,NA
2013-12-19T07:00:00Z,tribes_blackfeet_Blackfeet,Blackfeet,EVI,1409.246375354338
2013-12-19T07:00:00Z,tribes_blackfeet_Blackfeet,Blackfeet,NDVI,2195.0233360238667
2013-12-19T07:00:00Z,tribes_flathead_Flathead,Flathead,EVI,1642.71875
2013-12-19T07:00:00Z,tribes_flathead_Flathead,Flathead,NDVI,3328.375
2014-01-01T07:00:00Z,tribes_northern-cheyenne_Northern Cheyenne,Northern Cheyenne,EVI,NA
2014-01-01T07:00:00Z,tribes_northern-cheyenne_Northern Cheyenne,Northern Cheyenne,NDVI,NA
2014-01-01T07:00:00Z,tribes_crow_Crow,Crow,EVI,1113.753709198813
2014-01-01T07:00:00Z,tribes_crow_Crow,Crow,NDVI,2412.412462908012
2014-01-01T07:00:00Z,tribes_fort-peck_Fort Peck,Fort Peck,EVI,NA
2014-01-01T07:00:00Z,tribes_fort-peck_Fort Peck,Fort Peck,NDVI,NA
2014-01-01T07:00:00Z,tribes_fort-belknap_Fort Belknap,Fort Belknap,EVI,696.4887468434345
2014-01-01T07:00:00Z,tribes_fort-belknap_Fort Belknap,Fort Belknap,NDVI,1686.126530934343
2014-01-01T07:00:00Z,tribes_rocky-boys_Rocky Boy's,Rocky Boy's,EVI,NA
2014-01-01T07:00:00Z,tribes_rocky-boys_Rocky Boy's,Rocky Boy's,NDVI,NA
2014-01-01T07:00:00Z,tribes_blackfeet_Blackfeet,Blackfeet,EVI,1457.5646654418101
2014-01-01T07:00:00Z,tribes_blackfeet_Blackfeet,Blackfeet,NDVI,2222.8845205238586
2014-01-01T07:00:00Z,tribes_flathead_Flathead,Flathead,EVI,1422.2054961534652
2014-01-01T07:00:00Z,tribes_flathead_Flathead,Flathead,NDVI,2897.9754345719607
2014-01-17T07:00:00Z,tribes_northern-cheyenne_Northern Cheyenne,Northern Cheyenne,EVI,1280.0364236950606
2014-01-17T07:00:00Z,tribes_northern-cheyenne_Northern Cheyenne,Northern Cheyenne,NDVI,2530.368682897436
2014-01-17T07:00:00Z,tribes_crow_Crow,Crow,EVI,1439.1208475695878
2014-01-17T07:00:00Z,tribes_crow_Crow,Crow,NDVI,2721.0176486075247
2014-01-17T07:00:00Z,tribes_fort-peck_Fort Peck,Fort Peck,EVI,1164.2005290529473
2014-01-17T07:00:00Z,tribes_fort-peck_Fort Peck,Fort Peck,NDVI,1985.119935849772
2014-01-17T07:00:00Z,tribes_fort-belknap_Fort Belknap,Fort Belknap,EVI,1222.9696116497369
2014-01-17T07:00:00Z,tribes_fort-belknap_Fort Belknap,Fort Belknap,NDVI,2210.974904803876
2014-01-17T07:00:00Z,tribes_rocky-boys_Rocky Boy's,Rocky Boy's,EVI,1143.097154059073
2014-01-17T07:00:00Z,tribes_rocky-boys_Rocky Boy's,Rocky Boy's,NDVI,2082.8309484859155
2014-01-17T07:00:00Z,tribes_blackfeet_Blackfeet,Blackfeet,EVI,1189.5506173158217
2014-01-17T07:00:00Z,tribes_blackfeet_Blackfeet,Blackfeet,NDVI,2134.4225200043315
2014-01-17T07:00:00Z,tribes_flathead_Flathead,Flathead,EVI,1736.759515782772
2014-01-17T07:00:00Z,tribes_flathead_Flathead,Flathead,NDVI,3460.3010776334995
2014-02-02T07:00:00Z,tribes_northern-cheyenne_Northern Cheyenne,Northern Cheyenne,EVI,NA
2014-02-02T07:00:00Z,tribes_northern-cheyenne_Northern Cheyenne,Northern Cheyenne,NDVI,NA
2014-02-02T07:00:00Z,tribes_crow_Crow,Crow,EVI,1705.5454545454545
2014-02-02T07:00:00Z,tribes_crow_Crow,Crow,NDVI,3455.8636363636365
2014-02-02T07:00:00Z,tribes_fort-peck_Fort Peck,Fort Peck,EVI,1242.5813132454637
2014-02-02T07:00:00Z,tribes_fort-peck_Fort Peck,Fort Peck,NDVI,2045.4516091562705
2014-02-02T07:00:00Z,tribes_fort-belknap_Fort Belknap,Fort Belknap,EVI,1257.7451737062033
2014-02-02T07:00:00Z,tribes_fort-belknap_Fort Belknap,Fort Belknap,NDVI,2023.2971425783733
2014-02-02T07:00:00Z,tribes_rocky-boys_Rocky Boy's,Rocky Boy's,EVI,1141.9375
2014-02-02T07:00:00Z,tribes_rocky-boys_Rocky Boy's,Rocky Boy's,NDVI,1902.6704545454543
2014-02-02T07:00:00Z,tribes_blackfeet_Blackfeet,Blackfeet,EVI,1092.8
2014-02-02T07:00:00Z,tribes_blackfeet_Blackfeet,Blackfeet,NDVI,1801.729411764706
2014-02-02T07:00:00Z,tribes_flathead_Flathead,Flathead,EVI,437
2014-02-02T07:00:00Z,tribes_flathead_Flathead,Flathead,NDVI,2125
2014-02-18T07:00:00Z,tribes_northern-cheyenne_Northern Cheyenne,Northern Cheyenne,EVI,1334.047352698417
2014-02-18T07:00:00Z,tribes_northern-cheyenne_Northern Cheyenne,Northern Cheyenne,NDVI,2429.7107262115737
2014-02-18T07:00:00Z,tribes_crow_Crow,Crow,EVI,1570.802843830127
2014-02-18T07:00:00Z,tribes_crow_Crow,Crow,NDVI,2573.4169488950456
2014-02-18T07:00:00Z,tribes_fort-peck_Fort Peck,Fort Peck,EVI,1311.8851311480717
2014-02-18T07:00:00Z,tribes_fort-peck_Fort Peck,Fort Peck,NDVI,2052.0689409250776
2014-02-18T07:00:00Z,tribes_fort-belknap_Fort Belknap,Fort Belknap,EVI,1224.5775370153367
2014-02-18T07:00:00Z,tribes_fort-belknap_Fort Belknap,Fort Belknap,NDVI,2137.596663278585
2014-02-18T07:00:00Z,tribes_rocky-boys_Rocky Boy's,Rocky Boy's,EVI,1264.0447887507316
2014-02-18T07:00:00Z,tribes_rocky-boys_Rocky Boy's,Rocky Boy's,NDVI,2216.4320682247235
2014-02-18T07:00:00Z,tribes_blackfeet_Blackfeet,Blackfeet,EVI,NA
2014-02-18T07:00:00Z,tribes_blackfeet_Blackfeet,Blackfeet,NDVI,NA
2014-02-18T07:00:00Z,tribes_flathead_Flathead,Flathead,EVI,NA
2014-02-18T07:00:00Z,tribes_flathead_Flathead,Flathead,NDVI,NA
2014-03-06T07:00:00Z,tribes_northern-cheyenne_Northern Cheyenne,Northern Cheyenne,EVI,1368.1126344658182
2014-03-06T07:00:00Z,tribes_northern-cheyenne_Northern Cheyenne,Northern Cheyenne,NDVI,2620.2671774961063
2014-03-06T07:00:00Z,tribes_crow_Crow,Crow,EVI,1458.4620366609363
2014-03-06T07:00:00Z,tribes_crow_Crow,Crow,NDVI,2640.0767529992913
2014-03-06T07:00:00Z,tribes_fort-peck_Fort Peck,Fort Peck,EVI,1178.992604821324
2014-03-06T07:00:00Z,tribes_fort-peck_Fort Peck,Fort Peck,NDVI,2187.514676267467
2014-03-06T07:00:00Z,tribes_fort-belknap_Fort Belknap,Fort Belknap,EVI,1251.6248437223635
2014-03-06T07:00:00Z,tribes_fort-belknap_Fort Belknap,Fort Belknap,NDVI,2334.551360098868
2014-03-06T07:00:00Z,tribes_rocky-boys_Rocky Boy's,Rocky Boy's,EVI,1126.6623778997514
2014-03-06T07:00:00Z,tribes_rocky-boys_Rocky Boy's,Rocky Boy's,NDVI,2212.867975378335
2014-03-06T07:00:00Z,tribes_blackfeet_Blackfeet,Blackfeet,EVI,1144.401193904871
2014-03-06T07:00:00Z,tribes_blackfeet_Blackfeet,Blackfeet,NDVI,2087.4190591982915
2014-03-06T07:00:00Z,tribes_flathead_Flathead,Flathead,EVI,1402.1302726005479
2014-03-06T07:00:00Z,tribes_flathead_Flathead,Flathead,NDVI,2915.585702199861
2014-03-22T06:00:00Z,tribes_northern-cheyenne_Northern Cheyenne,Northern Cheyenne,EVI,1574.68728807631
2014-03-22T06:00:00Z,tribes_northern-cheyenne_Northern Cheyenne,Northern Cheyenne,NDVI,2894.870272674595
2014-03-22T06:00:00Z,tribes_crow_Crow,Crow,EVI,1639.9614565521645
2014-03-22T06:00:00Z,tribes_crow_Crow,Crow,NDVI,3047.078042633975
2014-03-22T06:00:00Z,tribes_fort-peck_Fort Peck,Fort Peck,EVI,1183.5785817127735
2014-03-22T06:00:00Z,tribes_fort-peck_Fort Peck,Fort Peck,NDVI,2019.1120441168382
2014-03-22T06:00:00Z,tribes_fort-belknap_Fort Belknap,Fort Belknap,EVI,1246.6646618151065
2014-03-22T06:00:00Z,tribes_fort-belknap_Fort Belknap,Fort Belknap,NDVI,2230.9964642073946
2014-03-22T06:00:00Z,tribes_rocky-boys_Rocky Boy's,Rocky Boy's,EVI,1257.640345528455
2014-03-22T06:00:00Z,tribes_rocky-boys_Rocky Boy's,Rocky Boy's,NDVI,2204.5575757575766
2014-03-22T06:00:00Z,tribes_blackfeet_Blackfeet,Blackfeet,EVI,1276.1751414872112
2014-03-22T06:00:00Z,tribes_blackfeet_Blackfeet,Blackfeet,NDVI,2081.237727225244
2014-03-22T06:00:00Z,tribes_flathead_Flathead,Flathead,EVI,2041.1107282453083
2014-03-22T06:00:00Z,tribes_flathead_Flathead,Flathead,NDVI,3561.910182163208
2014-04-07T06:00:00Z,tribes_northern-cheyenne_Northern Cheyenne,Northern Cheyenne,EVI,2004.3678083290324
2014-04-07T06:00:00Z,tribes_northern-cheyenne_Northern Cheyenne,Northern Cheyenne,NDVI,3685.351802834387
2014-04-07T06:00:00Z,tribes_crow_Crow,Crow,EVI,2111.8458645418586
2014-04-07T06:00:00Z,tribes_crow_Crow,Crow,NDVI,3624.544019800187
2014-04-07T06:00:00Z,tribes_fort-peck_Fort Peck,Fort Peck,EVI,1300.2035623606296
2014-04-07T06:00:00Z,tribes_fort-peck_Fort Peck,Fort Peck,NDVI,2126.5002894690465
2014-04-07T06:00:00Z,tribes_fort-belknap_Fort Belknap,Fort Belknap,EVI,1508.9423822513781
2014-04-07T06:00:00Z,tribes_fort-belknap_Fort Belknap,Fort Belknap,NDVI,2558.190985394178
2014-04-07T06:00:00Z,tribes_rocky-boys_Rocky Boy's,Rocky Boy's,EVI,1569.486702127661
2014-04-07T06:00:00Z,tribes_rocky-boys_Rocky Boy's,Rocky Boy's,NDVI,2674.581771685761
2014-04-07T06:00:00Z,tribes_blackfeet_Blackfeet,Blackfeet,EVI,1334.8419965562903
2014-04-07T06:00:00Z,tribes_blackfeet_Blackfeet,Blackfeet,NDVI,2318.813333339239
2014-04-07T06:00:00Z,tribes_flathead_Flathead,Flathead,EVI,2436.650983343475
2014-04-07T06:00:00Z,tribes_flathead_Flathead,Flathead,NDVI,4502.724873581664
2014-04-23T06:00:00Z,tribes_northern-cheyenne_Northern Cheyenne,Northern Cheyenne,EVI,2350.1685906495286
2014-04-23T06:00:00Z,tribes_northern-cheyenne_Northern Cheyenne,Northern Cheyenne,NDVI,4651.590799773697
2014-04-23T06:00:00Z,tribes_crow_Crow,Crow,EVI,2619.1093298871892
2014-04-23T06:00:00Z,tribes_crow_Crow,Crow,NDVI,4533.32726124674
2014-04-23T06:00:00Z,tribes_fort-peck_Fort Peck,Fort Peck,EVI,1311.4435841920751
2014-04-23T06:00:00Z,tribes_fort-peck_Fort Peck,Fort Peck,NDVI,2266.3548300670996
2014-04-23T06:00:00Z,tribes_fort-belknap_Fort Belknap,Fort Belknap,EVI,1816.3501503681616
2014-04-23T06:00:00Z,tribes_fort-belknap_Fort Belknap,Fort Belknap,NDVI,3078.9972246681596
2014-04-23T06:00:00Z,tribes_rocky-boys_Rocky Boy's,Rocky Boy's,EVI,1839.6829703473131
2014-04-23T06:00:00Z,tribes_rocky-boys_Rocky Boy's,Rocky Boy's,NDVI,3406.4093434684314
2014-04-23T06:00:00Z,tribes_blackfeet_Blackfeet,Blackfeet,EVI,1587.6359643348765
2014-04-23T06:00:00Z,tribes_blackfeet_Blackfeet,Blackfeet,NDVI,2704.039870436738
2014-04-23T06:00:00Z,tribes_flathead_Flathead,Flathead,EVI,2681.4168441705424
2014-04-23T06:00:00Z,tribes_flathead_Flathead,Flathead,NDVI,4909.952851835211
2014-05-09T06:00:00Z,tribes_northern-cheyenne_Northern Cheyenne,Northern Cheyenne,EVI,3185.0387860067694
2014-05-09T06:00:00Z,tribes_northern-cheyenne_Northern Cheyenne,Northern Cheyenne,NDVI,5085.5449232921155
2014-05-09T06:00:00Z,tribes_crow_Crow,Crow,EVI,3363.8465782775074
2014-05-09T06:00:00Z,tribes_crow_Crow,Crow,NDVI,5240.099951810601
2014-05-09T06:00:00Z,tribes_fort-peck_Fort Peck,Fort Peck,EVI,1708.9772532397647
2014-05-09T06:00:00Z,tribes_fort-peck_Fort Peck,Fort Peck,NDVI,2855.174298413498
2014-05-09T06:00:00Z,tribes_fort-belknap_Fort Belknap,Fort Belknap,EVI,2433.3048128740293
2014-05-09T06:00:00Z,tribes_fort-belknap_Fort Belknap,Fort Belknap,NDVI,3942.627697189913
2014-05-09T06:00:00Z,tribes_rocky-boys_Rocky Boy's,Rocky Boy's,EVI,2818.194499314554
2014-05-09T06:00:00Z,tribes_rocky-boys_Rocky Boy's,Rocky Boy's,NDVI,4671.277068724634
2014-05-09T06:00:00Z,tribes_blackfeet_Blackfeet,Blackfeet,EVI,2195.2216964836625
2014-05-09T06:00:00Z,tribes_blackfeet_Blackfeet,Blackfeet,NDVI,3831.1904608688574
2014-05-09T06:00:00Z,tribes_flathead_Flathead,Flathead,EVI,3121.4905928853373
2014-05-09T06:00:00Z,tribes_flathead_Flathead,Flathead,NDVI,5537.5717863035425
2014-05-25T06:00:00Z,tribes_northern-cheyenne_Northern Cheyenne,Northern Cheyenne,EVI,3575.793347461341
2014-05-25T06:00:00Z,tribes_northern-cheyenne_Northern Cheyenne,Northern Cheyenne,NDVI,5969.817760587413
2014-05-25T06:00:00Z,tribes_crow_Crow,Crow,EVI,3807.0797079351046
2014-05-25T06:00:00Z,tribes_crow_Crow,Crow,NDVI,6099.46515867947
2014-05-25T06:00:00Z,tribes_fort-peck_Fort Peck,Fort Peck,EVI,2559.1473789974093
2014-05-25T06:00:00Z,tribes_fort-peck_Fort Peck,Fort Peck,NDVI,4079.278627506395
2014-05-25T06:00:00Z,tribes_fort-belknap_Fort Belknap,Fort Belknap,EVI,2879.448279481249
2014-05-25T06:00:00Z,tribes_fort-belknap_Fort Belknap,Fort Belknap,NDVI,4582.48297652778
2014-05-25T06:00:00Z,tribes_rocky-boys_Rocky Boy's,Rocky Boy's,EVI,3607.601122245195
2014-05-25T06:00:00Z,tribes_rocky-boys_Rocky Boy's,Rocky Boy's,NDVI,5712.037794928061
2014-05-25T06:00:00Z,tribes_blackfeet_Blackfeet,Blackfeet,EVI,2981.5924979669753
2014-05-25T06:00:00Z,tribes_blackfeet_Blackfeet,Blackfeet,NDVI,4921.357393255906
2014-05-25T06:00:00Z,tribes_flathead_Flathead,Flathead,EVI,3409.868090885271
2014-05-25T06:00:00Z,tribes_flathead_Flathead,Flathead,NDVI,6008.252149532512
2014-06-10T06:00:00Z,tribes_northern-cheyenne_Northern Cheyenne,Northern Cheyenne,EVI,3641.889167173103
2014-06-10T06:00:00Z,tribes_northern-cheyenne_Northern Cheyenne,Northern Cheyenne,NDVI,5893.46186754592
2014-06-10T06:00:00Z,tribes_crow_Crow,Crow,EVI,3716.3076477398813
2014-06-10T06:00:00Z,tribes_crow_Crow,Crow,NDVI,5848.69555084702
2014-06-10T06:00:00Z,tribes_fort-peck_Fort Peck,Fort Peck,EVI,2943.384646785981
2014-06-10T06:00:00Z,tribes_fort-peck_Fort Peck,Fort Peck,NDVI,4861.674071163213
2014-06-10T06:00:00Z,tribes_fort-belknap_Fort Belknap,Fort Belknap,EVI,2707.6951926865927
2014-06-10T06:00:00Z,tribes_fort-belknap_Fort Belknap,Fort Belknap,NDVI,4586.928779772464
2014-06-10T06:00:00Z,tribes_rocky-boys_Rocky Boy's,Rocky Boy's,EVI,4169.206257434315
2014-06-10T06:00:00Z,tribes_rocky-boys_Rocky Boy's,Rocky Boy's,NDVI,6399.05788367037
2014-06-10T06:00:00Z,tribes_blackfeet_Blackfeet,Blackfeet,EVI,3520.845048783845
2014-06-10T06:00:00Z,tribes_blackfeet_Blackfeet,Blackfeet,NDVI,5572.740366762629
2014-06-10T06:00:00Z,tribes_flathead_Flathead,Flathead,EVI,3336.527025143854
2014-06-10T06:00:00Z,tribes_flathead_Flathead,Flathead,NDVI,5749.047267016875
2014-06-26T06:00:00Z,tribes_northern-cheyenne_Northern Cheyenne,Northern Cheyenne,EVI,3452.6633319840357
2014-06-26T06:00:00Z,tribes_northern-cheyenne_Northern Cheyenne,Northern Cheyenne,NDVI,5812.626405711111
2014-06-26T06:00:00Z,tribes_crow_Crow,Crow,EVI,3444.149027986209
2014-06-26T06:00:00Z,tribes_crow_Crow,Crow,NDVI,5594.675889879329
2014-06-26T06:00:00Z,tribes_fort-peck_Fort Peck,Fort Peck,EVI,3817.7848930612768
2014-06-26T06:00:00Z,tribes_fort-peck_Fort Peck,Fort Peck,NDVI,5866.903074903619
2014-06-26T06:00:00Z,tribes_fort-belknap_Fort Belknap,Fort Belknap,EVI,2844.6376158171893
2014-06-26T06:00:00Z,tribes_fort-belknap_Fort Belknap,Fort Belknap,NDVI,4931.403164379546
2014-06-26T06:00:00Z,tribes_rocky-boys_Rocky Boy's,Rocky Boy's,EVI,3946.017894260602
2014-06-26T06:00:00Z,tribes_rocky-boys_Rocky Boy's,Rocky Boy's,NDVI,6657.772270562461
2014-06-26T06:00:00Z,tribes_blackfeet_Blackfeet,Blackfeet,EVI,3785.8496470567097
2014-06-26T06:00:00Z,tribes_blackfeet_Blackfeet,Blackfeet,NDVI,5940.45873270361
2014-06-26T06:00:00Z,tribes_flathead_Flathead,Flathead,EVI,3181.691222934059
2014-06-26T06:00:00Z,tribes_flathead_Flathead,Flathead,NDVI,5801.595921372888
2014-07-12T06:00:00Z,tribes_northern-cheyenne_Northern Cheyenne,Northern Cheyenne,EVI,2725.71229988358
2014-07-12T06:00:00Z,tribes_northern-cheyenne_Northern Cheyenne,Northern Cheyenne,NDVI,4793.97777975383
2014-07-12T06:00:00Z,tribes_crow_Crow,Crow,EVI,2865.0729789288293
2014-07-12T06:00:00Z,tribes_crow_Crow,Crow,NDVI,4684.91379558282
2014-07-12T06:00:00Z,tribes_fort-peck_Fort Peck,Fort Peck,EVI,3217.419020481212
2014-07-12T06:00:00Z,tribes_fort-peck_Fort Peck,Fort Peck,NDVI,5261.229613449941
2014-07-12T06:00:00Z,tribes_fort-belknap_Fort Belknap,Fort Belknap,EVI,2614.924050841116
2014-07-12T06:00:00Z,tribes_fort-belknap_Fort Belknap,Fort Belknap,NDVI,4552.8857108729535
2014-07-12T06:00:00Z,tribes_rocky-boys_Rocky Boy's,Rocky Boy's,EVI,3783.187209114318
2014-07-12T06:00:00Z,tribes_rocky-boys_Rocky Boy's,Rocky Boy's,NDVI,6226.0062645579565
2014-07-12T06:00:00Z,tribes_blackfeet_Blackfeet,Blackfeet,EVI,3582.6818910148604
2014-07-12T06:00:00Z,tribes_blackfeet_Blackfeet,Blackfeet,NDVI,5537.003208771456
2014-07-12T06:00:00Z,tribes_flathead_Flathead,Flathead,EVI,3171.4170644125543
2014-07-12T06:00:00Z,tribes_flathead_Flathead,Flathead,NDVI,5595.072961251621
2014-07-28T06:00:00Z,tribes_northern-cheyenne_Northern Cheyenne,Northern Cheyenne,EVI,2602.394946586525
2014-07-28T06:00:00Z,tribes_northern-cheyenne_Northern Cheyenne,Northern Cheyenne,NDVI,4458.4194493573
2014-07-28T06:00:00Z,tribes_crow_Crow,Crow,EVI,2541.1130375562257
2014-07-28T06:00:00Z,tribes_crow_Crow,Crow,NDVI,4175.543340980352
2014-07-28T06:00:00Z,tribes_fort-peck_Fort Peck,Fort Peck,EVI,2539.8077334204704
2014-07-28T06:00:00Z,tribes_fort-peck_Fort Peck,Fort Peck,NDVI,4328.077305224126
2014-07-28T06:00:00Z,tribes_fort-belknap_Fort Belknap,Fort Belknap,EVI,2219.383919058866
2014-07-28T06:00:00Z,tribes_fort-belknap_Fort Belknap,Fort Belknap,NDVI,3750.024012169355
2014-07-28T06:00:00Z,tribes_rocky-boys_Rocky Boy's,Rocky Boy's,EVI,3396.3840565143155
2014-07-28T06:00:00Z,tribes_rocky-boys_Rocky Boy's,Rocky Boy's,NDVI,5615.805320176384
2014-07-28T06:00:00Z,tribes_blackfeet_Blackfeet,Blackfeet,EVI,3324.7281199161957
2014-07-28T06:00:00Z,tribes_blackfeet_Blackfeet,Blackfeet,NDVI,5120.383782396451
2014-07-28T06:00:00Z,tribes_flathead_Flathead,Flathead,EVI,2912.058386741689
2014-07-28T06:00:00Z,tribes_flathead_Flathead,Flathead,NDVI,5399.973405777872
2014-08-13T06:00:00Z,tribes_northern-cheyenne_Northern Cheyenne,Northern Cheyenne,EVI,2200.0987884283318
2014-08-13T06:00:00Z,tribes_northern-cheyenne_Northern Cheyenne,Northern Cheyenne,NDVI,4422.074488674343
2014-08-13T06:00:00Z,tribes_crow_Crow,Crow,EVI,2216.2800587167917
2014-08-13T06:00:00Z,tribes_crow_Crow,Crow,NDVI,4121.031292475503
2014-08-13T06:00:00Z,tribes_fort-peck_Fort Peck,Fort Peck,EVI,1894.2122481455563
2014-08-13T06:00:00Z,tribes_fort-peck_Fort Peck,Fort Peck,NDVI,3487.220467818866
2014-08-13T06:00:00Z,tribes_fort-belknap_Fort Belknap,Fort Belknap,EVI,2071.7295465537695
2014-08-13T06:00:00Z,tribes_fort-belknap_Fort Belknap,Fort Belknap,NDVI,3779.9243390791653
2014-08-13T06:00:00Z,tribes_rocky-boys_Rocky Boy's,Rocky Boy's,EVI,3065.6470783605114
2014-08-13T06:00:00Z,tribes_rocky-boys_Rocky Boy's,Rocky Boy's,NDVI,5413.816033510041
2014-08-13T06:00:00Z,tribes_blackfeet_Blackfeet,Blackfeet,EVI,2757.696547285213
2014-08-13T06:00:00Z,tribes_blackfeet_Blackfeet,Blackfeet,NDVI,4672.948825508027
2014-08-13T06:00:00Z,tribes_flathead_Flathead,Flathead,EVI,2590.237575108276
2014-08-13T06:00:00Z,tribes_flathead_Flathead,Flathead,NDVI,5237.83708646704
2014-08-29T06:00:00Z,tribes_northern-cheyenne_Northern Cheyenne,Northern Cheyenne,EVI,2300.3842518894644
2014-08-29T06:00:00Z,tribes_northern-cheyenne_Northern Cheyenne,Northern Cheyenne,NDVI,4649.602258084577
2014-08-29T06:00:00Z,tribes_crow_Crow,Crow,EVI,2279.1973469870513
2014-08-29T06:00:00Z,tribes_crow_Crow,Crow,NDVI,4294.918608473325
2014-08-29T06:00:00Z,tribes_fort-peck_Fort Peck,Fort Peck,EVI,1872.9211728583882
2014-08-29T06:00:00Z,tribes_fort-peck_Fort Peck,Fort Peck,NDVI,3553.5500488227553
2014-08-29T06:00:00Z,tribes_fort-belknap_Fort Belknap,Fort Belknap,EVI,2115.4135400886657
2014-08-29T06:00:00Z,tribes_fort-belknap_Fort Belknap,Fort Belknap,NDVI,4055.8076161507643
2014-08-29T06:00:00Z,tribes_rocky-boys_Rocky Boy's,Rocky Boy's,EVI,2871.489153377885
2014-08-29T06:00:00Z,tribes_rocky-boys_Rocky Boy's,Rocky Boy's,NDVI,5436.432988677054
2014-08-29T06:00:00Z,tribes_blackfeet_Blackfeet,Blackfeet,EVI,2508.9652996114437
2014-08-29T06:00:00Z,tribes_blackfeet_Blackfeet,Blackfeet,NDVI,4513.355736399013
2014-08-29T06:00:00Z,tribes_flathead_Flathead,Flathead,EVI,2505.8595670843793
2014-08-29T06:00:00Z,tribes_flathead_Flathead,Flathead,NDVI,5106.280102189187
2014-09-14T06:00:00Z,tribes_northern-cheyenne_Northern Cheyenne,Northern Cheyenne,EVI,2177.5331140640396
2014-09-14T06:00:00Z,tribes_northern-cheyenne_Northern Cheyenne,Northern Cheyenne,NDVI,4454.35296864583
2014-09-14T06:00:00Z,tribes_crow_Crow,Crow,EVI,2249.170534904485
2014-09-14T06:00:00Z,tribes_crow_Crow,Crow,NDVI,4254.959344732784
2014-09-14T06:00:00Z,tribes_fort-peck_Fort Peck,Fort Peck,EVI,1830.461363160298
2014-09-14T06:00:00Z,tribes_fort-peck_Fort Peck,Fort Peck,NDVI,3484.2064340876436
2014-09-14T06:00:00Z,tribes_fort-belknap_Fort Belknap,Fort Belknap,EVI,2312.118732035865
2014-09-14T06:00:00Z,tribes_fort-belknap_Fort Belknap,Fort Belknap,NDVI,4311.565683518027
2014-09-14T06:00:00Z,tribes_rocky-boys_Rocky Boy's,Rocky Boy's,EVI,2832.4108125352395
2014-09-14T06:00:00Z,tribes_rocky-boys_Rocky Boy's,Rocky Boy's,NDVI,5407.680957666725
2014-09-14T06:00:00Z,tribes_blackfeet_Blackfeet,Blackfeet,EVI,2215.712416272867
2014-09-14T06:00:00Z,tribes_blackfeet_Blackfeet,Blackfeet,NDVI,4042.470979959422
2014-09-14T06:00:00Z,tribes_flathead_Flathead,Flathead,EVI,2328.054231622873
2014-09-14T06:00:00Z,tribes_flathead_Flathead,Flathead,NDVI,4914.645763056467
2014-09-30T06:00:00Z,tribes_northern-cheyenne_Northern Cheyenne,Northern Cheyenne,EVI,2130.1648967153856
2014-09-30T06:00:00Z,tribes_northern-cheyenne_Northern Cheyenne,Northern Cheyenne,NDVI,4564.444843630492
2014-09-30T06:00:00Z,tribes_crow_Crow,Crow,EVI,2130.580425249498
2014-09-30T06:00:00Z,tribes_crow_Crow,Crow,NDVI,4326.8650673604925
2014-09-30T06:00:00Z,tribes_fort-peck_Fort Peck,Fort Peck,EVI,1735.7262157755172
2014-09-30T06:00:00Z,tribes_fort-peck_Fort Peck,Fort Peck,NDVI,3467.0623567984885
2014-09-30T06:00:00Z,tribes_fort-belknap_Fort Belknap,Fort Belknap,EVI,2337.3524648826774
2014-09-30T06:00:00Z,tribes_fort-belknap_Fort Belknap,Fort Belknap,NDVI,4640.311208114255
2014-09-30T06:00:00Z,tribes_rocky-boys_Rocky Boy's,Rocky Boy's,EVI,2729.015885363185
2014-09-30T06:00:00Z,tribes_rocky-boys_Rocky Boy's,Rocky Boy's,NDVI,4977.493569377747
2014-09-30T06:00:00Z,tribes_blackfeet_Blackfeet,Blackfeet,EVI,2103.3238150331335
2014-09-30T06:00:00Z,tribes_blackfeet_Blackfeet,Blackfeet,NDVI,3831.954282284541
2014-09-30T06:00:00Z,tribes_flathead_Flathead,Flathead,EVI,2240.9424655462435
2014-09-30T06:00:00Z,tribes_flathead_Flathead,Flathead,NDVI,4627.945820681416
2014-10-16T06:00:00Z,tribes_northern-cheyenne_Northern Cheyenne,Northern Cheyenne,EVI,1883.1331081722453
2014-10-16T06:00:00Z,tribes_northern-cheyenne_Northern Cheyenne,Northern Cheyenne,NDVI,4037.646441083691
2014-10-16T06:00:00Z,tribes_crow_Crow,Crow,EVI,1943.1027581195735
2014-10-16T06:00:00Z,tribes_crow_Crow,Crow,NDVI,3892.139929772379
2014-10-16T06:00:00Z,tribes_fort-peck_Fort Peck,Fort Peck,EVI,1685.6430809007575
2014-10-16T06:00:00Z,tribes_fort-peck_Fort Peck,Fort Peck,NDVI,3181.590555433742
2014-10-16T06:00:00Z,tribes_fort-belknap_Fort Belknap,Fort Belknap,EVI,2244.164882875482
2014-10-16T06:00:00Z,tribes_fort-belknap_Fort Belknap,Fort Belknap,NDVI,4397.441063007814
2014-10-16T06:00:00Z,tribes_rocky-boys_Rocky Boy's,Rocky Boy's,EVI,2241.4937419972352
2014-10-16T06:00:00Z,tribes_rocky-boys_Rocky Boy's,Rocky Boy's,NDVI,4578.8145979277
2014-10-16T06:00:00Z,tribes_blackfeet_Blackfeet,Blackfeet,EVI,1861.9248208234453
2014-10-16T06:00:00Z,tribes_blackfeet_Blackfeet,Blackfeet,NDVI,3383.3733714863224
2014-10-16T06:00:00Z,tribes_flathead_Flathead,Flathead,EVI,2068.2395771726287
2014-10-16T06:00:00Z,tribes_flathead_Flathead,Flathead,NDVI,4780.015471084266
2014-11-01T06:00:00Z,tribes_northern-cheyenne_Northern Cheyenne,Northern Cheyenne,EVI,1896.3923381431503
2014-11-01T06:00:00Z,tribes_northern-cheyenne_Northern Cheyenne,Northern Cheyenne,NDVI,3745.853041017838
2014-11-01T06:00:00Z,tribes_crow_Crow,Crow,EVI,1838.8879407810762
2014-11-01T06:00:00Z,tribes_crow_Crow,Crow,NDVI,3506.6887155342038
2014-11-01T06:00:00Z,tribes_fort-peck_Fort Peck,Fort Peck,EVI,1537.1907113615473
2014-11-01T06:00:00Z,tribes_fort-peck_Fort Peck,Fort Peck,NDVI,2783.0720402894594
2014-11-01T06:00:00Z,tribes_fort-belknap_Fort Belknap,Fort Belknap,EVI,2362.53931153755
2014-11-01T06:00:00Z,tribes_fort-belknap_Fort Belknap,Fort Belknap,NDVI,3678.9978932489653
2014-11-01T06:00:00Z,tribes_rocky-boys_Rocky Boy's,Rocky Boy's,EVI,2218.5928707664193
2014-11-01T06:00:00Z,tribes_rocky-boys_Rocky Boy's,Rocky Boy's,NDVI,3779.4286963783907
2014-11-01T06:00:00Z,tribes_blackfeet_Blackfeet,Blackfeet,EVI,1858.832241301026
2014-11-01T06:00:00Z,tribes_blackfeet_Blackfeet,Blackfeet,NDVI,3253.649254910281
2014-11-01T06:00:00Z,tribes_flathead_Flathead,Flathead,EVI,2295.7544726199985
2014-11-01T06:00:00Z,tribes_flathead_Flathead,Flathead,NDVI,4414.128090829426
2014-11-17T07:00:00Z,tribes_northern-cheyenne_Northern Cheyenne,Northern Cheyenne,EVI,1603.9329071242105
2014-11-17T07:00:00Z,tribes_northern-cheyenne_Northern Cheyenne,Northern Cheyenne,NDVI,3169.2781316758874
2014-11-17T07:00:00Z,tribes_crow_Crow,Crow,EVI,1468.2920144460572
2014-11-17T07:00:00Z,tribes_crow_Crow,Crow,NDVI,2720.9640240214217
2014-11-17T07:00:00Z,tribes_fort-peck_Fort Peck,Fort Peck,EVI,1568.6155546017678
2014-11-17T07:00:00Z,tribes_fort-peck_Fort Peck,Fort Peck,NDVI,2444.150412964295
2014-11-17T07:00:00Z,tribes_fort-belknap_Fort Belknap,Fort Belknap,EVI,1582.6811095812643
2014-11-17T07:00:00Z,tribes_fort-belknap_Fort Belknap,Fort Belknap,NDVI,2843.5285519455515
2014-11-17T07:00:00Z,tribes_rocky-boys_Rocky Boy's,Rocky Boy's,EVI,1676.219503550029
2014-11-17T07:00:00Z,tribes_rocky-boys_Rocky Boy's,Rocky Boy's,NDVI,3228.9319458136342
2014-11-17T07:00:00Z,tribes_blackfeet_Blackfeet,Blackfeet,EVI,1528.1415829607627
2014-11-17T07:00:00Z,tribes_blackfeet_Blackfeet,Blackfeet,NDVI,2524.841683329103
2014-11-17T07:00:00Z,tribes_flathead_Flathead,Flathead,EVI,1930.7755102040817
2014-11-17T07:00:00Z,tribes_flathead_Flathead,Flathead,NDVI,3463.4489795918366
2014-12-03T07:00:00Z,tribes_northern-cheyenne_Northern Cheyenne,Northern Cheyenne,EVI,1572.571783593733
2014-12-03T07:00:00Z,tribes_northern-cheyenne_Northern Cheyenne,Northern Cheyenne,NDVI,2828.3708671924082
2014-12-03T07:00:00Z,tribes_crow_Crow,Crow,EVI,1521.0713325788179
2014-12-03T07:00:00Z,tribes_crow_Crow,Crow,NDVI,2522.6782757310543
2014-12-03T07:00:00Z,tribes_fort-peck_Fort Peck,Fort Peck,EVI,NA
2014-12-03T07:00:00Z,tribes_fort-peck_Fort Peck,Fort Peck,NDVI,NA
2014-12-03T07:00:00Z,tribes_fort-belknap_Fort Belknap,Fort Belknap,EVI,1476.275138395985
2014-12-03T07:00:00Z,tribes_fort-belknap_Fort Belknap,Fort Belknap,NDVI,2823.9344255937494
2014-12-03T07:00:00Z,tribes_rocky-boys_Rocky Boy's,Rocky Boy's,EVI,1603.4603331905953
2014-12-03T07:00:00Z,tribes_rocky-boys_Rocky Boy's,Rocky Boy's,NDVI,2942.0781713260335
2014-12-03T07:00:00Z,tribes_blackfeet_Blackfeet,Blackfeet,EVI,1422.7964399582015
2014-12-03T07:00:00Z,tribes_blackfeet_Blackfeet,Blackfeet,NDVI,2291.2885848322467
2014-12-03T07:00:00Z,tribes_flathead_Flathead,Flathead,EVI,2028.5279290136943
2014-12-03T07:00:00Z,tribes_flathead_Flathead,Flathead,NDVI,4344.603003962096
2014-12-19T07:00:00Z,tribes_northern-cheyenne_Northern Cheyenne,Northern Cheyenne,EVI,1863.7220942666772
2014-12-19T07:00:00Z,tribes_northern-cheyenne_Northern Cheyenne,Northern Cheyenne,NDVI,3488.7743892407666
2014-12-19T07:00:00Z,tribes_crow_Crow,Crow,EVI,1399.371466763673
2014-12-19T07:00:00Z,tribes_crow_Crow,Crow,NDVI,2338.595287923398
2014-12-19T07:00:00Z,tribes_fort-peck_Fort Peck,Fort Peck,EVI,1396.4867376906816
2014-12-19T07:00:00Z,tribes_fort-peck_Fort Peck,Fort Peck,NDVI,2574.300422298977
2014-12-19T07:00:00Z,tribes_fort-belknap_Fort Belknap,Fort Belknap,EVI,1541.3749701040665
2014-12-19T07:00:00Z,tribes_fort-belknap_Fort Belknap,Fort Belknap,NDVI,2723.545933442227
2014-12-19T07:00:00Z,tribes_rocky-boys_Rocky Boy's,Rocky Boy's,EVI,1538.864454636336
2014-12-19T07:00:00Z,tribes_rocky-boys_Rocky Boy's,Rocky Boy's,NDVI,2799.7159743896973
2014-12-19T07:00:00Z,tribes_blackfeet_Blackfeet,Blackfeet,EVI,694.2680412371134
2014-12-19T07:00:00Z,tribes_blackfeet_Blackfeet,Blackfeet,NDVI,1758.8144329896907
2014-12-19T07:00:00Z,tribes_flathead_Flathead,Flathead,EVI,1672.9998542842259
2014-12-19T07:00:00Z,tribes_flathead_Flathead,Flathead,NDVI,3388.293365925095
2015-01-01T07:00:00Z,tribes_northern-cheyenne_Northern Cheyenne,Northern Cheyenne,EVI,NA
2015-01-01T07:00:00Z,tribes_northern-cheyenne_Northern Cheyenne,Northern Cheyenne,NDVI,NA
2015-01-01T07:00:00Z,tribes_crow_Crow,Crow,EVI,NA
2015-01-01T07:00:00Z,tribes_crow_Crow,Crow,NDVI,NA
2015-01-01T07:00:00Z,tribes_fort-peck_Fort Peck,Fort Peck,EVI,1473.5555555555557
2015-01-01T07:00:00Z,tribes_fort-peck_Fort Peck,Fort Peck,NDVI,2378.6666666666665
2015-01-01T07:00:00Z,tribes_fort-belknap_Fort Belknap,Fort Belknap,EVI,1510.4285714285713
2015-01-01T07:00:00Z,tribes_fort-belknap_Fort Belknap,Fort Belknap,NDVI,2561.285714285714
2015-01-01T07:00:00Z,tribes_rocky-boys_Rocky Boy's,Rocky Boy's,EVI,NA
2015-01-01T07:00:00Z,tribes_rocky-boys_Rocky Boy's,Rocky Boy's,NDVI,NA
2015-01-01T07:00:00Z,tribes_blackfeet_Blackfeet,Blackfeet,EVI,NA
2015-01-01T07:00:00Z,tribes_blackfeet_Blackfeet,Blackfeet,NDVI,NA
2015-01-01T07:00:00Z,tribes_flathead_Flathead,Flathead,EVI,NA
2015-01-01T07:00:00Z,tribes_flathead_Flathead,Flathead,NDVI,NA
2015-01-17T07:00:00Z,tribes_northern-cheyenne_Northern Cheyenne,Northern Cheyenne,EVI,1463.4718839256293
2015-01-17T07:00:00Z,tribes_northern-cheyenne_Northern Cheyenne,Northern Cheyenne,NDVI,2920.896149963228
2015-01-17T07:00:00Z,tribes_crow_Crow,Crow,EVI,1194.1679408513046
2015-01-17T07:00:00Z,tribes_crow_Crow,Crow,NDVI,2306.9112133683743
2015-01-17T07:00:00Z,tribes_fort-peck_Fort Peck,Fort Peck,EVI,1116.6802950163644
2015-01-17T07:00:00Z,tribes_fort-peck_Fort Peck,Fort Peck,NDVI,2211.1257023741305
2015-01-17T07:00:00Z,tribes_fort-belknap_Fort Belknap,Fort Belknap,EVI,1344.1777196888588
2015-01-17T07:00:00Z,tribes_fort-belknap_Fort Belknap,Fort Belknap,NDVI,2628.1188194626748
2015-01-17T07:00:00Z,tribes_rocky-boys_Rocky Boy's,Rocky Boy's,EVI,1347.0811010396462
2015-01-17T07:00:00Z,tribes_rocky-boys_Rocky Boy's,Rocky Boy's,NDVI,2487.093032347747
2015-01-17T07:00:00Z,tribes_blackfeet_Blackfeet,Blackfeet,EVI,1180.5909732930286
2015-01-17T07:00:00Z,tribes_blackfeet_Blackfeet,Blackfeet,NDVI,2131.307253863494
2015-01-17T07:00:00Z,tribes_flathead_Flathead,Flathead,EVI,1555.0038604109257
2015-01-17T07:00:00Z,tribes_flathead_Flathead,Flathead,NDVI,3478.8979956733942
2015-02-02T07:00:00Z,tribes_northern-cheyenne_Northern Cheyenne,Northern Cheyenne,EVI,1476.2512837636712
2015-02-02T07:00:00Z,tribes_northern-cheyenne_Northern Cheyenne,Northern Cheyenne,NDVI,3238.060747422319
2015-02-02T07:00:00Z,tribes_crow_Crow,Crow,EVI,1320.596068820052
2015-02-02T07:00:00Z,tribes_crow_Crow,Crow,NDVI,2561.6080766688583
2015-02-02T07:00:00Z,tribes_fort-peck_Fort Peck,Fort Peck,EVI,1101.0279800748824
2015-02-02T07:00:00Z,tribes_fort-peck_Fort Peck,Fort Peck,NDVI,2134.050644607904
2015-02-02T07:00:00Z,tribes_fort-belknap_Fort Belknap,Fort Belknap,EVI,1328.0543948704014
2015-02-02T07:00:00Z,tribes_fort-belknap_Fort Belknap,Fort Belknap,NDVI,2760.876346635894
2015-02-02T07:00:00Z,tribes_rocky-boys_Rocky Boy's,Rocky Boy's,EVI,1266.1317026586091
2015-02-02T07:00:00Z,tribes_rocky-boys_Rocky Boy's,Rocky Boy's,NDVI,2669.642804358823
2015-02-02T07:00:00Z,tribes_blackfeet_Blackfeet,Blackfeet,EVI,1240.3209519048626
2015-02-02T07:00:00Z,tribes_blackfeet_Blackfeet,Blackfeet,NDVI,2276.4363183711594
2015-02-02T07:00:00Z,tribes_flathead_Flathead,Flathead,EVI,1794.3725869559687
2015-02-02T07:00:00Z,tribes_flathead_Flathead,Flathead,NDVI,3782.965690420162
2015-02-18T07:00:00Z,tribes_northern-cheyenne_Northern Cheyenne,Northern Cheyenne,EVI,1101.2334708329436
2015-02-18T07:00:00Z,tribes_northern-cheyenne_Northern Cheyenne,Northern Cheyenne,NDVI,2137.506993783302
2015-02-18T07:00:00Z,tribes_crow_Crow,Crow,EVI,1244.6910551415049
2015-02-18T07:00:00Z,tribes_crow_Crow,Crow,NDVI,2230.790700893153
2015-02-18T07:00:00Z,tribes_fort-peck_Fort Peck,Fort Peck,EVI,1058.8431910361471
2015-02-18T07:00:00Z,tribes_fort-peck_Fort Peck,Fort Peck,NDVI,1928.5233650951827
2015-02-18T07:00:00Z,tribes_fort-belknap_Fort Belknap,Fort Belknap,EVI,1261.4156941154906
2015-02-18T07:00:00Z,tribes_fort-belknap_Fort Belknap,Fort Belknap,NDVI,2393.28000713236
2015-02-18T07:00:00Z,tribes_rocky-boys_Rocky Boy's,Rocky Boy's,EVI,1162.7154722803066
2015-02-18T07:00:00Z,tribes_rocky-boys_Rocky Boy's,Rocky Boy's,NDVI,2272.155571835413
2015-02-18T07:00:00Z,tribes_blackfeet_Blackfeet,Blackfeet,EVI,1335.1276191296768
2015-02-18T07:00:00Z,tribes_blackfeet_Blackfeet,Blackfeet,NDVI,2113.867181113725
2015-02-18T07:00:00Z,tribes_flathead_Flathead,Flathead,EVI,1781.18097451974
2015-02-18T07:00:00Z,tribes_flathead_Flathead,Flathead,NDVI,3769.347724439878
2015-03-06T07:00:00Z,tribes_northern-cheyenne_Northern Cheyenne,Northern Cheyenne,EVI,1497.0709736447172
2015-03-06T07:00:00Z,tribes_northern-cheyenne_Northern Cheyenne,Northern Cheyenne,NDVI,3047.977991328654
2015-03-06T07:00:00Z,tribes_crow_Crow,Crow,EVI,1415.68377769107
2015-03-06T07:00:00Z,tribes_crow_Crow,Crow,NDVI,2673.4572628247674
2015-03-06T07:00:00Z,tribes_fort-peck_Fort Peck,Fort Peck,EVI,1106.1227850646676
2015-03-06T07:00:00Z,tribes_fort-peck_Fort Peck,Fort Peck,NDVI,2215.8541587252826
2015-03-06T07:00:00Z,tribes_fort-belknap_Fort Belknap,Fort Belknap,EVI,1388.412158203697
2015-03-06T07:00:00Z,tribes_fort-belknap_Fort Belknap,Fort Belknap,NDVI,2729.28548426943
2015-03-06T07:00:00Z,tribes_rocky-boys_Rocky Boy's,Rocky Boy's,EVI,1363.544320411037
2015-03-06T07:00:00Z,tribes_rocky-boys_Rocky Boy's,Rocky Boy's,NDVI,2677.722483566117
2015-03-06T07:00:00Z,tribes_blackfeet_Blackfeet,Blackfeet,EVI,1222.3983440462832
2015-03-06T07:00:00Z,tribes_blackfeet_Blackfeet,Blackfeet,NDVI,2168.036314349198
2015-03-06T07:00:00Z,tribes_flathead_Flathead,Flathead,EVI,2236.0459073514
2015-03-06T07:00:00Z,tribes_flathead_Flathead,Flathead,NDVI,4402.46385988287
2015-03-22T06:00:00Z,tribes_northern-cheyenne_Northern Cheyenne,Northern Cheyenne,EVI,1696.9815489466132
2015-03-22T06:00:00Z,tribes_northern-cheyenne_Northern Cheyenne,Northern Cheyenne,NDVI,3296.1898992076467
2015-03-22T06:00:00Z,tribes_crow_Crow,Crow,EVI,1848.0505426835668
2015-03-22T06:00:00Z,tribes_crow_Crow,Crow,NDVI,3167.825590323727
2015-03-22T06:00:00Z,tribes_fort-peck_Fort Peck,Fort Peck,EVI,1232.2290694940157
2015-03-22T06:00:00Z,tribes_fort-peck_Fort Peck,Fort Peck,NDVI,2283.2682326693403
2015-03-22T06:00:00Z,tribes_fort-belknap_Fort Belknap,Fort Belknap,EVI,1563.0215576378237
2015-03-22T06:00:00Z,tribes_fort-belknap_Fort Belknap,Fort Belknap,NDVI,2817.908357172973
2015-03-22T06:00:00Z,tribes_rocky-boys_Rocky Boy's,Rocky Boy's,EVI,1727.9934726413503
2015-03-22T06:00:00Z,tribes_rocky-boys_Rocky Boy's,Rocky Boy's,NDVI,3290.6961430279616
2015-03-22T06:00:00Z,tribes_blackfeet_Blackfeet,Blackfeet,EVI,1455.4833626531877
2015-03-22T06:00:00Z,tribes_blackfeet_Blackfeet,Blackfeet,NDVI,2627.9366701480835
2015-03-22T06:00:00Z,tribes_flathead_Flathead,Flathead,EVI,2073.0760416638245
2015-03-22T06:00:00Z,tribes_flathead_Flathead,Flathead,NDVI,4482.157942246463
2015-04-07T06:00:00Z,tribes_northern-cheyenne_Northern Cheyenne,Northern Cheyenne,EVI,1882.2117221604537
2015-04-07T06:00:00Z,tribes_northern-cheyenne_Northern Cheyenne,Northern Cheyenne,NDVI,3513.7859494898717
2015-04-07T06:00:00Z,tribes_crow_Crow,Crow,EVI,2087.89305191541
2015-04-07T06:00:00Z,tribes_crow_Crow,Crow,NDVI,3560.6023630170707
2015-04-07T06:00:00Z,tribes_fort-peck_Fort Peck,Fort Peck,EVI,1414.9135276580228
2015-04-07T06:00:00Z,tribes_fort-peck_Fort Peck,Fort Peck,NDVI,2498.777005480629
2015-04-07T06:00:00Z,tribes_fort-belknap_Fort Belknap,Fort Belknap,EVI,1937.739182555329
2015-04-07T06:00:00Z,tribes_fort-belknap_Fort Belknap,Fort Belknap,NDVI,3371.189580742874
2015-04-07T06:00:00Z,tribes_rocky-boys_Rocky Boy's,Rocky Boy's,EVI,2042.0353423976733
2015-04-07T06:00:00Z,tribes_rocky-boys_Rocky Boy's,Rocky Boy's,NDVI,3693.154475785788
2015-04-07T06:00:00Z,tribes_blackfeet_Blackfeet,Blackfeet,EVI,1636.0010732252506
2015-04-07T06:00:00Z,tribes_blackfeet_Blackfeet,Blackfeet,NDVI,2937.4300589791214
2015-04-07T06:00:00Z,tribes_flathead_Flathead,Flathead,EVI,2599.350897248179
2015-04-07T06:00:00Z,tribes_flathead_Flathead,Flathead,NDVI,5060.87779943687
2015-04-23T06:00:00Z,tribes_northern-cheyenne_Northern Cheyenne,Northern Cheyenne,EVI,2077.331639260735
2015-04-23T06:00:00Z,tribes_northern-cheyenne_Northern Cheyenne,Northern Cheyenne,NDVI,3803.526511981616
2015-04-23T06:00:00Z,tribes_crow_Crow,Crow,EVI,2413.9461249848987
2015-04-23T06:00:00Z,tribes_crow_Crow,Crow,NDVI,4010.4911405850175
2015-04-23T06:00:00Z,tribes_fort-peck_Fort Peck,Fort Peck,EVI,1741.536962033317
2015-04-23T06:00:00Z,tribes_fort-peck_Fort Peck,Fort Peck,NDVI,2894.309918073895
2015-04-23T06:00:00Z,tribes_fort-belknap_Fort Belknap,Fort Belknap,EVI,2362.461665954852
2015-04-23T06:00:00Z,tribes_fort-belknap_Fort Belknap,Fort Belknap,NDVI,4004.2583648424584
2015-04-23T06:00:00Z,tribes_rocky-boys_Rocky Boy's,Rocky Boy's,EVI,2408.446892193672
2015-04-23T06:00:00Z,tribes_rocky-boys_Rocky Boy's,Rocky Boy's,NDVI,4398.504678206692
2015-04-23T06:00:00Z,tribes_blackfeet_Blackfeet,Blackfeet,EVI,2105.280998563018
2015-04-23T06:00:00Z,tribes_blackfeet_Blackfeet,Blackfeet,NDVI,3488.1038245471354
2015-04-23T06:00:00Z,tribes_flathead_Flathead,Flathead,EVI,2910.481474853783
2015-04-23T06:00:00Z,tribes_flathead_Flathead,Flathead,NDVI,5262.950369250289
2015-05-09T06:00:00Z,tribes_northern-cheyenne_Northern Cheyenne,Northern Cheyenne,EVI,2417.535669938814
2015-05-09T06:00:00Z,tribes_northern-cheyenne_Northern Cheyenne,Northern Cheyenne,NDVI,4720.005051789189
2015-05-09T06:00:00Z,tribes_crow_Crow,Crow,EVI,2983.1915544733683
2015-05-09T06:00:00Z,tribes_crow_Crow,Crow,NDVI,4809.255829302974
2015-05-09T06:00:00Z,tribes_fort-peck_Fort Peck,Fort Peck,EVI,1966.8421730186096
2015-05-09T06:00:00Z,tribes_fort-peck_Fort Peck,Fort Peck,NDVI,3318.9873745041655
2015-05-09T06:00:00Z,tribes_fort-belknap_Fort Belknap,Fort Belknap,EVI,2504.729486017434
2015-05-09T06:00:00Z,tribes_fort-belknap_Fort Belknap,Fort Belknap,NDVI,4387.79179550373
2015-05-09T06:00:00Z,tribes_rocky-boys_Rocky Boy's,Rocky Boy's,EVI,2870.0977835177696
2015-05-09T06:00:00Z,tribes_rocky-boys_Rocky Boy's,Rocky Boy's,NDVI,5044.497087519873
2015-05-09T06:00:00Z,tribes_blackfeet_Blackfeet,Blackfeet,EVI,2336.2651688596857
2015-05-09T06:00:00Z,tribes_blackfeet_Blackfeet,Blackfeet,NDVI,3945.380111356944
2015-05-09T06:00:00Z,tribes_flathead_Flathead,Flathead,EVI,3103.910218257185
2015-05-09T06:00:00Z,tribes_flathead_Flathead,Flathead,NDVI,5558.842841765782
2015-05-25T06:00:00Z,tribes_northern-cheyenne_Northern Cheyenne,Northern Cheyenne,EVI,2668.1385646280646
2015-05-25T06:00:00Z,tribes_northern-cheyenne_Northern Cheyenne,Northern Cheyenne,NDVI,4938.062065684775
2015-05-25T06:00:00Z,tribes_crow_Crow,Crow,EVI,3204.9795719339127
2015-05-25T06:00:00Z,tribes_crow_Crow,Crow,NDVI,5221.139551994311
2015-05-25T06:00:00Z,tribes_fort-peck_Fort Peck,Fort Peck,EVI,2744.541819459992
2015-05-25T06:00:00Z,tribes_fort-peck_Fort Peck,Fort Peck,NDVI,4510.224773898156
2015-05-25T06:00:00Z,tribes_fort-belknap_Fort Belknap,Fort Belknap,EVI,2822.4467214511774
2015-05-25T06:00:00Z,tribes_fort-belknap_Fort Belknap,Fort Belknap,NDVI,4773.051825787326
2015-05-25T06:00:00Z,tribes_rocky-boys_Rocky Boy's,Rocky Boy's,EVI,4044.4593972291073
2015-05-25T06:00:00Z,tribes_rocky-boys_Rocky Boy's,Rocky Boy's,NDVI,6073.826735100367
2015-05-25T06:00:00Z,tribes_blackfeet_Blackfeet,Blackfeet,EVI,3344.6187536149596
2015-05-25T06:00:00Z,tribes_blackfeet_Blackfeet,Blackfeet,NDVI,5291.166544093716
2015-05-25T06:00:00Z,tribes_flathead_Flathead,Flathead,EVI,3318.8222553631495
2015-05-25T06:00:00Z,tribes_flathead_Flathead,Flathead,NDVI,5797.575706170786
2015-06-10T06:00:00Z,tribes_northern-cheyenne_Northern Cheyenne,Northern Cheyenne,EVI,3128.1212066393964
2015-06-10T06:00:00Z,tribes_northern-cheyenne_Northern Cheyenne,Northern Cheyenne,NDVI,5204.094858130343
2015-06-10T06:00:00Z,tribes_crow_Crow,Crow,EVI,3635.8067978531108
2015-06-10T06:00:00Z,tribes_crow_Crow,Crow,NDVI,5705.561088017884
2015-06-10T06:00:00Z,tribes_fort-peck_Fort Peck,Fort Peck,EVI,3563.5465361725437
2015-06-10T06:00:00Z,tribes_fort-peck_Fort Peck,Fort Peck,NDVI,5524.059177819433
2015-06-10T06:00:00Z,tribes_fort-belknap_Fort Belknap,Fort Belknap,EVI,3260.9838534926353
2015-06-10T06:00:00Z,tribes_fort-belknap_Fort Belknap,Fort Belknap,NDVI,5367.515696651257
2015-06-10T06:00:00Z,tribes_rocky-boys_Rocky Boy's,Rocky Boy's,EVI,3905.1542788681318
2015-06-10T06:00:00Z,tribes_rocky-boys_Rocky Boy's,Rocky Boy's,NDVI,6382.120437517374
2015-06-10T06:00:00Z,tribes_blackfeet_Blackfeet,Blackfeet,EVI,3655.897937965391
2015-06-10T06:00:00Z,tribes_blackfeet_Blackfeet,Blackfeet,NDVI,5619.559272983902
2015-06-10T06:00:00Z,tribes_flathead_Flathead,Flathead,EVI,3146.179454762337
2015-06-10T06:00:00Z,tribes_flathead_Flathead,Flathead,NDVI,5525.690879328509
2015-06-26T06:00:00Z,tribes_northern-cheyenne_Northern Cheyenne,Northern Cheyenne,EVI,2841.978192724942
2015-06-26T06:00:00Z,tribes_northern-cheyenne_Northern Cheyenne,Northern Cheyenne,NDVI,4773.175449440222
2015-06-26T06:00:00Z,tribes_crow_Crow,Crow,EVI,3212.9899761774013
2015-06-26T06:00:00Z,tribes_crow_Crow,Crow,NDVI,5043.200491007399
2015-06-26T06:00:00Z,tribes_fort-peck_Fort Peck,Fort Peck,EVI,3513.613370973058
2015-06-26T06:00:00Z,tribes_fort-peck_Fort Peck,Fort Peck,NDVI,5362.115159465065
2015-06-26T06:00:00Z,tribes_fort-belknap_Fort Belknap,Fort Belknap,EVI,2651.3012408978375
2015-06-26T06:00:00Z,tribes_fort-belknap_Fort Belknap,Fort Belknap,NDVI,4566.299554768398
2015-06-26T06:00:00Z,tribes_rocky-boys_Rocky Boy's,Rocky Boy's,EVI,3582.8077810122713
2015-06-26T06:00:00Z,tribes_rocky-boys_Rocky Boy's,Rocky Boy's,NDVI,5652.326508542215
2015-06-26T06:00:00Z,tribes_blackfeet_Blackfeet,Blackfeet,EVI,3346.474639995692
2015-06-26T06:00:00Z,tribes_blackfeet_Blackfeet,Blackfeet,NDVI,5188.0008625993105
2015-06-26T06:00:00Z,tribes_flathead_Flathead,Flathead,EVI,2871.8225842157653
2015-06-26T06:00:00Z,tribes_flathead_Flathead,Flathead,NDVI,5108.945029071661
2015-07-12T06:00:00Z,tribes_northern-cheyenne_Northern Cheyenne,Northern Cheyenne,EVI,2502.5941585045302
2015-07-12T06:00:00Z,tribes_northern-cheyenne_Northern Cheyenne,Northern Cheyenne,NDVI,4359.129174308726
2015-07-12T06:00:00Z,tribes_crow_Crow,Crow,EVI,2792.350964419941
2015-07-12T06:00:00Z,tribes_crow_Crow,Crow,NDVI,4479.417597252861
2015-07-12T06:00:00Z,tribes_fort-peck_Fort Peck,Fort Peck,EVI,3163.2546451397066
2015-07-12T06:00:00Z,tribes_fort-peck_Fort Peck,Fort Peck,NDVI,5194.815869153554
2015-07-12T06:00:00Z,tribes_fort-belknap_Fort Belknap,Fort Belknap,EVI,2573.6206808771362
2015-07-12T06:00:00Z,tribes_fort-belknap_Fort Belknap,Fort Belknap,NDVI,4116.775057944477
2015-07-12T06:00:00Z,tribes_rocky-boys_Rocky Boy's,Rocky Boy's,EVI,3548.6539994789896
2015-07-12T06:00:00Z,tribes_rocky-boys_Rocky Boy's,Rocky Boy's,NDVI,5253.625128886582
2015-07-12T06:00:00Z,tribes_blackfeet_Blackfeet,Blackfeet,EVI,2864.835263947132
2015-07-12T06:00:00Z,tribes_blackfeet_Blackfeet,Blackfeet,NDVI,4671.5622166614285
2015-07-12T06:00:00Z,tribes_flathead_Flathead,Flathead,EVI,2801.7164767263766
2015-07-12T06:00:00Z,tribes_flathead_Flathead,Flathead,NDVI,5139.331846272452
2015-07-28T06:00:00Z,tribes_northern-cheyenne_Northern Cheyenne,Northern Cheyenne,EVI,2167.992295471106
2015-07-28T06:00:00Z,tribes_northern-cheyenne_Northern Cheyenne,Northern Cheyenne,NDVI,3931.564659653508
2015-07-28T06:00:00Z,tribes_crow_Crow,Crow,EVI,2347.816647976666
2015-07-28T06:00:00Z,tribes_crow_Crow,Crow,NDVI,3958.2767417445307
2015-07-28T06:00:00Z,tribes_fort-peck_Fort Peck,Fort Peck,EVI,2170.9090747186942
2015-07-28T06:00:00Z,tribes_fort-peck_Fort Peck,Fort Peck,NDVI,3764.9595125444403
2015-07-28T06:00:00Z,tribes_fort-belknap_Fort Belknap,Fort Belknap,EVI,2304.9339241037746
2015-07-28T06:00:00Z,tribes_fort-belknap_Fort Belknap,Fort Belknap,NDVI,4025.7776758172536
2015-07-28T06:00:00Z,tribes_rocky-boys_Rocky Boy's,Rocky Boy's,EVI,3233.299634658502
2015-07-28T06:00:00Z,tribes_rocky-boys_Rocky Boy's,Rocky Boy's,NDVI,5282.902400066435
2015-07-28T06:00:00Z,tribes_blackfeet_Blackfeet,Blackfeet,EVI,2570.2796779006753
2015-07-28T06:00:00Z,tribes_blackfeet_Blackfeet,Blackfeet,NDVI,4228.505656381656
2015-07-28T06:00:00Z,tribes_flathead_Flathead,Flathead,EVI,2603.4589616014337
2015-07-28T06:00:00Z,tribes_flathead_Flathead,Flathead,NDVI,5117.828990181171
2015-08-13T06:00:00Z,tribes_northern-cheyenne_Northern Cheyenne,Northern Cheyenne,EVI,2160.170806535853
2015-08-13T06:00:00Z,tribes_northern-cheyenne_Northern Cheyenne,Northern Cheyenne,NDVI,3953.06989549537
2015-08-13T06:00:00Z,tribes_crow_Crow,Crow,EVI,2143.79405250867
2015-08-13T06:00:00Z,tribes_crow_Crow,Crow,NDVI,3833.364441999151
2015-08-13T06:00:00Z,tribes_fort-peck_Fort Peck,Fort Peck,EVI,1971.0426369241904
2015-08-13T06:00:00Z,tribes_fort-peck_Fort Peck,Fort Peck,NDVI,3288.6646165771353
2015-08-13T06:00:00Z,tribes_fort-belknap_Fort Belknap,Fort Belknap,EVI,2594.3905634083203
2015-08-13T06:00:00Z,tribes_fort-belknap_Fort Belknap,Fort Belknap,NDVI,4260.749315130596
2015-08-13T06:00:00Z,tribes_rocky-boys_Rocky Boy's,Rocky Boy's,EVI,3562.7689165821344
2015-08-13T06:00:00Z,tribes_rocky-boys_Rocky Boy's,Rocky Boy's,NDVI,5299.6729812582435
2015-08-13T06:00:00Z,tribes_blackfeet_Blackfeet,Blackfeet,EVI,2328.268255465572
2015-08-13T06:00:00Z,tribes_blackfeet_Blackfeet,Blackfeet,NDVI,3887.5360660136553
2015-08-13T06:00:00Z,tribes_flathead_Flathead,Flathead,EVI,2459.4438396452165
2015-08-13T06:00:00Z,tribes_flathead_Flathead,Flathead,NDVI,4413.7918413606185
2015-08-29T06:00:00Z,tribes_northern-cheyenne_Northern Cheyenne,Northern Cheyenne,EVI,1925.5250870403427
2015-08-29T06:00:00Z,tribes_northern-cheyenne_Northern Cheyenne,Northern Cheyenne,NDVI,3737.226770238586
2015-08-29T06:00:00Z,tribes_crow_Crow,Crow,EVI,1958.2840690733283
2015-08-29T06:00:00Z,tribes_crow_Crow,Crow,NDVI,3470.7856263783174
2015-08-29T06:00:00Z,tribes_fort-peck_Fort Peck,Fort Peck,EVI,1842.505435962721
2015-08-29T06:00:00Z,tribes_fort-peck_Fort Peck,Fort Peck,NDVI,3107.2460052356405
2015-08-29T06:00:00Z,tribes_fort-belknap_Fort Belknap,Fort Belknap,EVI,2367.8178624917036
2015-08-29T06:00:00Z,tribes_fort-belknap_Fort Belknap,Fort Belknap,NDVI,4073.9801993378824
2015-08-29T06:00:00Z,tribes_rocky-boys_Rocky Boy's,Rocky Boy's,EVI,2798.4669641257437
2015-08-29T06:00:00Z,tribes_rocky-boys_Rocky Boy's,Rocky Boy's,NDVI,5038.267715348289
2015-08-29T06:00:00Z,tribes_blackfeet_Blackfeet,Blackfeet,EVI,2073.6074134125347
2015-08-29T06:00:00Z,tribes_blackfeet_Blackfeet,Blackfeet,NDVI,3486.7439489049034
2015-08-29T06:00:00Z,tribes_flathead_Flathead,Flathead,EVI,2427.196239658063
2015-08-29T06:00:00Z,tribes_flathead_Flathead,Flathead,NDVI,4647.42371377758
2015-09-14T06:00:00Z,tribes_northern-cheyenne_Northern Cheyenne,Northern Cheyenne,EVI,1900.0110536600564
2015-09-14T06:00:00Z,tribes_northern-cheyenne_Northern Cheyenne,Northern Cheyenne,NDVI,3741.9418501760447
2015-09-14T06:00:00Z,tribes_crow_Crow,Crow,EVI,1844.1832649349255
2015-09-14T06:00:00Z,tribes_crow_Crow,Crow,NDVI,3295.768800033076
2015-09-14T06:00:00Z,tribes_fort-peck_Fort Peck,Fort Peck,EVI,1646.8009584405604
2015-09-14T06:00:00Z,tribes_fort-peck_Fort Peck,Fort Peck,NDVI,2916.756295465486
2015-09-14T06:00:00Z,tribes_fort-belknap_Fort Belknap,Fort Belknap,EVI,2073.608256605926
2015-09-14T06:00:00Z,tribes_fort-belknap_Fort Belknap,Fort Belknap,NDVI,3926.2597062203486
2015-09-14T06:00:00Z,tribes_rocky-boys_Rocky Boy's,Rocky Boy's,EVI,2554.298950735714
2015-09-14T06:00:00Z,tribes_rocky-boys_Rocky Boy's,Rocky Boy's,NDVI,4758.726966223399
2015-09-14T06:00:00Z,tribes_blackfeet_Blackfeet,Blackfeet,EVI,1987.6075949931258
2015-09-14T06:00:00Z,tribes_blackfeet_Blackfeet,Blackfeet,NDVI,3472.9264483335332
2015-09-14T06:00:00Z,tribes_flathead_Flathead,Flathead,EVI,2373.0585982961857
2015-09-14T06:00:00Z,tribes_flathead_Flathead,Flathead,NDVI,4851.525422342992
2015-09-30T06:00:00Z,tribes_northern-cheyenne_Northern Cheyenne,Northern Cheyenne,EVI,1791.674723360882
2015-09-30T06:00:00Z,tribes_northern-cheyenne_Northern Cheyenne,Northern Cheyenne,NDVI,3819.8180344532393
2015-09-30T06:00:00Z,tribes_crow_Crow,Crow,EVI,1651.4777498779067
2015-09-30T06:00:00Z,tribes_crow_Crow,Crow,NDVI,3220.987596671349
2015-09-30T06:00:00Z,tribes_fort-peck_Fort Peck,Fort Peck,EVI,1363.1054842704305
2015-09-30T06:00:00Z,tribes_fort-peck_Fort Peck,Fort Peck,NDVI,2735.8541760187313
2015-09-30T06:00:00Z,tribes_fort-belknap_Fort Belknap,Fort Belknap,EVI,1886.6322245859803
2015-09-30T06:00:00Z,tribes_fort-belknap_Fort Belknap,Fort Belknap,NDVI,3816.1131604000825
2015-09-30T06:00:00Z,tribes_rocky-boys_Rocky Boy's,Rocky Boy's,EVI,2309.824985687883
2015-09-30T06:00:00Z,tribes_rocky-boys_Rocky Boy's,Rocky Boy's,NDVI,4397.167748998161
2015-09-30T06:00:00Z,tribes_blackfeet_Blackfeet,Blackfeet,EVI,1911.6563891379926
2015-09-30T06:00:00Z,tribes_blackfeet_Blackfeet,Blackfeet,NDVI,3445.402010633364
2015-09-30T06:00:00Z,tribes_flathead_Flathead,Flathead,EVI,2311.9164278893886
2015-09-30T06:00:00Z,tribes_flathead_Flathead,Flathead,NDVI,4993.70117735909
2015-10-16T06:00:00Z,tribes_northern-cheyenne_Northern Cheyenne,Northern Cheyenne,EVI,1767.040005280793
2015-10-16T06:00:00Z,tribes_northern-cheyenne_Northern Cheyenne,Northern Cheyenne,NDVI,3778.3902058745525
2015-10-16T06:00:00Z,tribes_crow_Crow,Crow,EVI,1571.1011199718682
2015-10-16T06:00:00Z,tribes_crow_Crow,Crow,NDVI,3183.7734375222567
2015-10-16T06:00:00Z,tribes_fort-peck_Fort Peck,Fort Peck,EVI,1357.887607017029
2015-10-16T06:00:00Z,tribes_fort-peck_Fort Peck,Fort Peck,NDVI,2719.3627249308693
2015-10-16T06:00:00Z,tribes_fort-belknap_Fort Belknap,Fort Belknap,EVI,1778.9490910664622
2015-10-16T06:00:00Z,tribes_fort-belknap_Fort Belknap,Fort Belknap,NDVI,3443.830864593389
2015-10-16T06:00:00Z,tribes_rocky-boys_Rocky Boy's,Rocky Boy's,EVI,2149.7509783858754
2015-10-16T06:00:00Z,tribes_rocky-boys_Rocky Boy's,Rocky Boy's,NDVI,4133.888356880193
2015-10-16T06:00:00Z,tribes_blackfeet_Blackfeet,Blackfeet,EVI,1845.8292290439147
2015-10-16T06:00:00Z,tribes_blackfeet_Blackfeet,Blackfeet,NDVI,3110.7507363124096
2015-10-16T06:00:00Z,tribes_flathead_Flathead,Flathead,EVI,2159.159612226181
2015-10-16T06:00:00Z,tribes_flathead_Flathead,Flathead,NDVI,4623.4252827250875
2015-11-01T06:00:00Z,tribes_northern-cheyenne_Northern Cheyenne,Northern Cheyenne,EVI,1722.9318260956918
2015-11-01T06:00:00Z,tribes_northern-cheyenne_Northern Cheyenne,Northern Cheyenne,NDVI,3651.9172191158646
2015-11-01T06:00:00Z,tribes_crow_Crow,Crow,EVI,1548.6949751053826
2015-11-01T06:00:00Z,tribes_crow_Crow,Crow,NDVI,3066.1752605162883
2015-11-01T06:00:00Z,tribes_fort-peck_Fort Peck,Fort Peck,EVI,1294.6231824853771
2015-11-01T06:00:00Z,tribes_fort-peck_Fort Peck,Fort Peck,NDVI,2565.6654051392975
2015-11-01T06:00:00Z,tribes_fort-belknap_Fort Belknap,Fort Belknap,EVI,1788.2801074794963
2015-11-01T06:00:00Z,tribes_fort-belknap_Fort Belknap,Fort Belknap,NDVI,3231.400589959537
2015-11-01T06:00:00Z,tribes_rocky-boys_Rocky Boy's,Rocky Boy's,EVI,2015.789873190273
2015-11-01T06:00:00Z,tribes_rocky-boys_Rocky Boy's,Rocky Boy's,NDVI,4030.765913667711
2015-11-01T06:00:00Z,tribes_blackfeet_Blackfeet,Blackfeet,EVI,1692.429823512028
2015-11-01T06:00:00Z,tribes_blackfeet_Blackfeet,Blackfeet,NDVI,2832.4283475119564
2015-11-01T06:00:00Z,tribes_flathead_Flathead,Flathead,EVI,2195.137920179704
2015-11-01T06:00:00Z,tribes_flathead_Flathead,Flathead,NDVI,4769.524162492339
2015-11-17T07:00:00Z,tribes_northern-cheyenne_Northern Cheyenne,Northern Cheyenne,EVI,1647.5532040932878
2015-11-17T07:00:00Z,tribes_northern-cheyenne_Northern Cheyenne,Northern Cheyenne,NDVI,3565.5754925598644
2015-11-17T07:00:00Z,tribes_crow_Crow,Crow,EVI,1385.39861707507
2015-11-17T07:00:00Z,tribes_crow_Crow,Crow,NDVI,2809.2523562506913
2015-11-17T07:00:00Z,tribes_fort-peck_Fort Peck,Fort Peck,EVI,1251.7443686919764
2015-11-17T07:00:00Z,tribes_fort-peck_Fort Peck,Fort Peck,NDVI,2427.4658435669703
2015-11-17T07:00:00Z,tribes_fort-belknap_Fort Belknap,Fort Belknap,EVI,1562.8387573485793
2015-11-17T07:00:00Z,tribes_fort-belknap_Fort Belknap,Fort Belknap,NDVI,2580.4198895112777
2015-11-17T07:00:00Z,tribes_rocky-boys_Rocky Boy's,Rocky Boy's,EVI,1709.0772840424615
2015-11-17T07:00:00Z,tribes_rocky-boys_Rocky Boy's,Rocky Boy's,NDVI,2959.5270250937097
2015-11-17T07:00:00Z,tribes_blackfeet_Blackfeet,Blackfeet,EVI,NA
2015-11-17T07:00:00Z,tribes_blackfeet_Blackfeet,Blackfeet,NDVI,NA
2015-11-17T07:00:00Z,tribes_flathead_Flathead,Flathead,EVI,2158.7190041696317
2015-11-17T07:00:00Z,tribes_flathead_Flathead,Flathead,NDVI,4461.440928241971
2015-12-03T07:00:00Z,tribes_northern-cheyenne_Northern Cheyenne,Northern Cheyenne,EVI,1773.5906756011716
2015-12-03T07:00:00Z,tribes_northern-cheyenne_Northern Cheyenne,Northern Cheyenne,NDVI,3733.726776368802
2015-12-03T07:00:00Z,tribes_crow_Crow,Crow,EVI,1453.3799452744533
2015-12-03T07:00:00Z,tribes_crow_Crow,Crow,NDVI,2775.710916251472
2015-12-03T07:00:00Z,tribes_fort-peck_Fort Peck,Fort Peck,EVI,1254.1559858762525
2015-12-03T07:00:00Z,tribes_fort-peck_Fort Peck,Fort Peck,NDVI,2345.8549782183404
2015-12-03T07:00:00Z,tribes_fort-belknap_Fort Belknap,Fort Belknap,EVI,1446.3174001748762
2015-12-03T07:00:00Z,tribes_fort-belknap_Fort Belknap,Fort Belknap,NDVI,2643.7042381875185
2015-12-03T07:00:00Z,tribes_rocky-boys_Rocky Boy's,Rocky Boy's,EVI,1597.4748746180235
2015-12-03T07:00:00Z,tribes_rocky-boys_Rocky Boy's,Rocky Boy's,NDVI,2885.9510695374315
2015-12-03T07:00:00Z,tribes_blackfeet_Blackfeet,Blackfeet,EVI,1638.556423011159
2015-12-03T07:00:00Z,tribes_blackfeet_Blackfeet,Blackfeet,NDVI,2382.910245801528
2015-12-03T07:00:00Z,tribes_flathead_Flathead,Flathead,EVI,1969.6405450425439
2015-12-03T07:00:00Z,tribes_flathead_Flathead,Flathead,NDVI,5540.173862368753
2015-12-19T07:00:00Z,tribes_northern-cheyenne_Northern Cheyenne,Northern Cheyenne,EVI,NA
2015-12-19T07:00:00Z,tribes_northern-cheyenne_Northern Cheyenne,Northern Cheyenne,NDVI,NA
2015-12-19T07:00:00Z,tribes_crow_Crow,Crow,EVI,NA
2015-12-19T07:00:00Z,tribes_crow_Crow,Crow,NDVI,NA
2015-12-19T07:00:00Z,tribes_fort-peck_Fort Peck,Fort Peck,EVI,NA
2015-12-19T07:00:00Z,tribes_fort-peck_Fort Peck,Fort Peck,NDVI,NA
2015-12-19T07:00:00Z,tribes_fort-belknap_Fort Belknap,Fort Belknap,EVI,NA
2015-12-19T07:00:00Z,tribes_fort-belknap_Fort Belknap,Fort Belknap,NDVI,NA
2015-12-19T07:00:00Z,tribes_rocky-boys_Rocky Boy's,Rocky Boy's,EVI,1343.1666666666665
2015-12-19T07:00:00Z,tribes_rocky-boys_Rocky Boy's,Rocky Boy's,NDVI,2329.881720430107
2015-12-19T07:00:00Z,tribes_blackfeet_Blackfeet,Blackfeet,EVI,NA
2015-12-19T07:00:00Z,tribes_blackfeet_Blackfeet,Blackfeet,NDVI,NA
2015-12-19T07:00:00Z,tribes_flathead_Flathead,Flathead,EVI,NA
2015-12-19T07:00:00Z,tribes_flathead_Flathead,Flathead,NDVI,NA
2016-01-01T07:00:00Z,tribes_northern-cheyenne_Northern Cheyenne,Northern Cheyenne,EVI,NA
2016-01-01T07:00:00Z,tribes_northern-cheyenne_Northern Cheyenne,Northern Cheyenne,NDVI,NA
2016-01-01T07:00:00Z,tribes_crow_Crow,Crow,EVI,NA
2016-01-01T07:00:00Z,tribes_crow_Crow,Crow,NDVI,NA
2016-01-01T07:00:00Z,tribes_fort-peck_Fort Peck,Fort Peck,EVI,NA
2016-01-01T07:00:00Z,tribes_fort-peck_Fort Peck,Fort Peck,NDVI,NA
2016-01-01T07:00:00Z,tribes_fort-belknap_Fort Belknap,Fort Belknap,EVI,NA
2016-01-01T07:00:00Z,tribes_fort-belknap_Fort Belknap,Fort Belknap,NDVI,NA
2016-01-01T07:00:00Z,tribes_rocky-boys_Rocky Boy's,Rocky Boy's,EVI,NA
2016-01-01T07:00:00Z,tribes_rocky-boys_Rocky Boy's,Rocky Boy's,NDVI,NA
2016-01-01T07:00:00Z,tribes_blackfeet_Blackfeet,Blackfeet,EVI,NA
2016-01-01T07:00:00Z,tribes_blackfeet_Blackfeet,Blackfeet,NDVI,NA
2016-01-01T07:00:00Z,tribes_flathead_Flathead,Flathead,EVI,1443.6666666666667
2016-01-01T07:00:00Z,tribes_flathead_Flathead,Flathead,NDVI,5231.888888888889
2016-01-17T07:00:00Z,tribes_northern-cheyenne_Northern Cheyenne,Northern Cheyenne,EVI,1241.8469869090127
2016-01-17T07:00:00Z,tribes_northern-cheyenne_Northern Cheyenne,Northern Cheyenne,NDVI,2340.425576111652
2016-01-17T07:00:00Z,tribes_crow_Crow,Crow,EVI,1090.0162450087048
2016-01-17T07:00:00Z,tribes_crow_Crow,Crow,NDVI,2000.6313762716031
2016-01-17T07:00:00Z,tribes_fort-peck_Fort Peck,Fort Peck,EVI,1090.2644807941515
2016-01-17T07:00:00Z,tribes_fort-peck_Fort Peck,Fort Peck,NDVI,2125.6113352404705
2016-01-17T07:00:00Z,tribes_fort-belknap_Fort Belknap,Fort Belknap,EVI,1200.1188879844267
2016-01-17T07:00:00Z,tribes_fort-belknap_Fort Belknap,Fort Belknap,NDVI,2283.0600353919654
2016-01-17T07:00:00Z,tribes_rocky-boys_Rocky Boy's,Rocky Boy's,EVI,1261.9882416237842
2016-01-17T07:00:00Z,tribes_rocky-boys_Rocky Boy's,Rocky Boy's,NDVI,2507.6833482301704
2016-01-17T07:00:00Z,tribes_blackfeet_Blackfeet,Blackfeet,EVI,1364.5003512717706
2016-01-17T07:00:00Z,tribes_blackfeet_Blackfeet,Blackfeet,NDVI,2223.8807649284554
2016-01-17T07:00:00Z,tribes_flathead_Flathead,Flathead,EVI,NA
2016-01-17T07:00:00Z,tribes_flathead_Flathead,Flathead,NDVI,NA
2016-02-02T07:00:00Z,tribes_northern-cheyenne_Northern Cheyenne,Northern Cheyenne,EVI,1236.8259397427923
2016-02-02T07:00:00Z,tribes_northern-cheyenne_Northern Cheyenne,Northern Cheyenne,NDVI,2423.8409163739284
2016-02-02T07:00:00Z,tribes_crow_Crow,Crow,EVI,1167.612469336526
2016-02-02T07:00:00Z,tribes_crow_Crow,Crow,NDVI,2224.0179241604
2016-02-02T07:00:00Z,tribes_fort-peck_Fort Peck,Fort Peck,EVI,1172.9338029683795
2016-02-02T07:00:00Z,tribes_fort-peck_Fort Peck,Fort Peck,NDVI,2182.0184798975
2016-02-02T07:00:00Z,tribes_fort-belknap_Fort Belknap,Fort Belknap,EVI,1274.3016401487682
2016-02-02T07:00:00Z,tribes_fort-belknap_Fort Belknap,Fort Belknap,NDVI,2458.7032183518595
2016-02-02T07:00:00Z,tribes_rocky-boys_Rocky Boy's,Rocky Boy's,EVI,1339.9948519414202
2016-02-02T07:00:00Z,tribes_rocky-boys_Rocky Boy's,Rocky Boy's,NDVI,2571.6305437636884
2016-02-02T07:00:00Z,tribes_blackfeet_Blackfeet,Blackfeet,EVI,1219.3742305371165
2016-02-02T07:00:00Z,tribes_blackfeet_Blackfeet,Blackfeet,NDVI,2122.837522372029
2016-02-02T07:00:00Z,tribes_flathead_Flathead,Flathead,EVI,1753.076044466951
2016-02-02T07:00:00Z,tribes_flathead_Flathead,Flathead,NDVI,3658.6440170884916
2016-02-18T07:00:00Z,tribes_northern-cheyenne_Northern Cheyenne,Northern Cheyenne,EVI,1696.0303562593597
2016-02-18T07:00:00Z,tribes_northern-cheyenne_Northern Cheyenne,Northern Cheyenne,NDVI,3309.630187576575
2016-02-18T07:00:00Z,tribes_crow_Crow,Crow,EVI,1473.458298432588
2016-02-18T07:00:00Z,tribes_crow_Crow,Crow,NDVI,2630.2468456499246
2016-02-18T07:00:00Z,tribes_fort-peck_Fort Peck,Fort Peck,EVI,1077.0118070887215
2016-02-18T07:00:00Z,tribes_fort-peck_Fort Peck,Fort Peck,NDVI,2131.1425196799705
2016-02-18T07:00:00Z,tribes_fort-belknap_Fort Belknap,Fort Belknap,EVI,1390.8673929748263
2016-02-18T07:00:00Z,tribes_fort-belknap_Fort Belknap,Fort Belknap,NDVI,2542.0164739933616
2016-02-18T07:00:00Z,tribes_rocky-boys_Rocky Boy's,Rocky Boy's,EVI,1623.9930603872822
2016-02-18T07:00:00Z,tribes_rocky-boys_Rocky Boy's,Rocky Boy's,NDVI,2677.71861135458
2016-02-18T07:00:00Z,tribes_blackfeet_Blackfeet,Blackfeet,EVI,1278.5075481929036
2016-02-18T07:00:00Z,tribes_blackfeet_Blackfeet,Blackfeet,NDVI,2173.20202211303
2016-02-18T07:00:00Z,tribes_flathead_Flathead,Flathead,EVI,1949.0564233150726
2016-02-18T07:00:00Z,tribes_flathead_Flathead,Flathead,NDVI,4132.541758770911
2016-03-05T07:00:00Z,tribes_northern-cheyenne_Northern Cheyenne,Northern Cheyenne,EVI,1642.8211943900399
2016-03-05T07:00:00Z,tribes_northern-cheyenne_Northern Cheyenne,Northern Cheyenne,NDVI,3441.057989542433
2016-03-05T07:00:00Z,tribes_crow_Crow,Crow,EVI,1505.452189650572
2016-03-05T07:00:00Z,tribes_crow_Crow,Crow,NDVI,2857.000663441171
2016-03-05T07:00:00Z,tribes_fort-peck_Fort Peck,Fort Peck,EVI,1131.4831518474632
2016-03-05T07:00:00Z,tribes_fort-peck_Fort Peck,Fort Peck,NDVI,2185.9913778370005
2016-03-05T07:00:00Z,tribes_fort-belknap_Fort Belknap,Fort Belknap,EVI,1391.0909366973062
2016-03-05T07:00:00Z,tribes_fort-belknap_Fort Belknap,Fort Belknap,NDVI,2644.719407764049
2016-03-05T07:00:00Z,tribes_rocky-boys_Rocky Boy's,Rocky Boy's,EVI,1548.8734423126025
2016-03-05T07:00:00Z,tribes_rocky-boys_Rocky Boy's,Rocky Boy's,NDVI,2937.7972262075614
2016-03-05T07:00:00Z,tribes_blackfeet_Blackfeet,Blackfeet,EVI,1369.4276829840303
2016-03-05T07:00:00Z,tribes_blackfeet_Blackfeet,Blackfeet,NDVI,2311.0082710461847
2016-03-05T07:00:00Z,tribes_flathead_Flathead,Flathead,EVI,2340.272824176325
2016-03-05T07:00:00Z,tribes_flathead_Flathead,Flathead,NDVI,4410.0651016083375
2016-03-21T06:00:00Z,tribes_northern-cheyenne_Northern Cheyenne,Northern Cheyenne,EVI,1775.783664406572
2016-03-21T06:00:00Z,tribes_northern-cheyenne_Northern Cheyenne,Northern Cheyenne,NDVI,3503.361607100811
2016-03-21T06:00:00Z,tribes_crow_Crow,Crow,EVI,1664.6061605400455
2016-03-21T06:00:00Z,tribes_crow_Crow,Crow,NDVI,3018.8830837840087
2016-03-21T06:00:00Z,tribes_fort-peck_Fort Peck,Fort Peck,EVI,1254.7481795878482
2016-03-21T06:00:00Z,tribes_fort-peck_Fort Peck,Fort Peck,NDVI,2297.861327028047
2016-03-21T06:00:00Z,tribes_fort-belknap_Fort Belknap,Fort Belknap,EVI,1568.2415403600546
2016-03-21T06:00:00Z,tribes_fort-belknap_Fort Belknap,Fort Belknap,NDVI,2762.9802063740503
2016-03-21T06:00:00Z,tribes_rocky-boys_Rocky Boy's,Rocky Boy's,EVI,1719.3785346508714
2016-03-21T06:00:00Z,tribes_rocky-boys_Rocky Boy's,Rocky Boy's,NDVI,3108.0513096718755
2016-03-21T06:00:00Z,tribes_blackfeet_Blackfeet,Blackfeet,EVI,1385.6899581221046
2016-03-21T06:00:00Z,tribes_blackfeet_Blackfeet,Blackfeet,NDVI,2412.0522024651214
2016-03-21T06:00:00Z,tribes_flathead_Flathead,Flathead,EVI,2522.213810814072
2016-03-21T06:00:00Z,tribes_flathead_Flathead,Flathead,NDVI,4778.592357710311
2016-04-06T06:00:00Z,tribes_northern-cheyenne_Northern Cheyenne,Northern Cheyenne,EVI,2003.2056645234334
2016-04-06T06:00:00Z,tribes_northern-cheyenne_Northern Cheyenne,Northern Cheyenne,NDVI,3764.8538262291736
2016-04-06T06:00:00Z,tribes_crow_Crow,Crow,EVI,1928.155240253136
2016-04-06T06:00:00Z,tribes_crow_Crow,Crow,NDVI,3385.9317942482344
2016-04-06T06:00:00Z,tribes_fort-peck_Fort Peck,Fort Peck,EVI,1437.0841584518357
2016-04-06T06:00:00Z,tribes_fort-peck_Fort Peck,Fort Peck,NDVI,2605.516414027325
2016-04-06T06:00:00Z,tribes_fort-belknap_Fort Belknap,Fort Belknap,EVI,1878.092204455014
2016-04-06T06:00:00Z,tribes_fort-belknap_Fort Belknap,Fort Belknap,NDVI,3297.2598595912796
2016-04-06T06:00:00Z,tribes_rocky-boys_Rocky Boy's,Rocky Boy's,EVI,2094.9484344375865
2016-04-06T06:00:00Z,tribes_rocky-boys_Rocky Boy's,Rocky Boy's,NDVI,3873.492549232569
2016-04-06T06:00:00Z,tribes_blackfeet_Blackfeet,Blackfeet,EVI,1827.896247685739
2016-04-06T06:00:00Z,tribes_blackfeet_Blackfeet,Blackfeet,NDVI,3107.364134805013
2016-04-06T06:00:00Z,tribes_flathead_Flathead,Flathead,EVI,2853.6654033902973
2016-04-06T06:00:00Z,tribes_flathead_Flathead,Flathead,NDVI,5405.336846243348
2016-04-22T06:00:00Z,tribes_northern-cheyenne_Northern Cheyenne,Northern Cheyenne,EVI,2249.9762812081085
2016-04-22T06:00:00Z,tribes_northern-cheyenne_Northern Cheyenne,Northern Cheyenne,NDVI,4072.8692116704133
2016-04-22T06:00:00Z,tribes_crow_Crow,Crow,EVI,2502.2039561536794
2016-04-22T06:00:00Z,tribes_crow_Crow,Crow,NDVI,4113.35451034963
2016-04-22T06:00:00Z,tribes_fort-peck_Fort Peck,Fort Peck,EVI,1643.0957614782246
2016-04-22T06:00:00Z,tribes_fort-peck_Fort Peck,Fort Peck,NDVI,2884.5809740392497
2016-04-22T06:00:00Z,tribes_fort-belknap_Fort Belknap,Fort Belknap,EVI,2168.6891058910455
2016-04-22T06:00:00Z,tribes_fort-belknap_Fort Belknap,Fort Belknap,NDVI,3679.50799519071
2016-04-22T06:00:00Z,tribes_rocky-boys_Rocky Boy's,Rocky Boy's,EVI,2969.296886858493
2016-04-22T06:00:00Z,tribes_rocky-boys_Rocky Boy's,Rocky Boy's,NDVI,4952.6262854757015
2016-04-22T06:00:00Z,tribes_blackfeet_Blackfeet,Blackfeet,EVI,2233.006695116043
2016-04-22T06:00:00Z,tribes_blackfeet_Blackfeet,Blackfeet,NDVI,3890.201770123546
2016-04-22T06:00:00Z,tribes_flathead_Flathead,Flathead,EVI,3186.1878088278263
2016-04-22T06:00:00Z,tribes_flathead_Flathead,Flathead,NDVI,6100.095157979821
2016-05-08T06:00:00Z,tribes_northern-cheyenne_Northern Cheyenne,Northern Cheyenne,EVI,2715.3628232167202
2016-05-08T06:00:00Z,tribes_northern-cheyenne_Northern Cheyenne,Northern Cheyenne,NDVI,4672.087729357173
2016-05-08T06:00:00Z,tribes_crow_Crow,Crow,EVI,2949.0088239178717
2016-05-08T06:00:00Z,tribes_crow_Crow,Crow,NDVI,4899.507490953138
2016-05-08T06:00:00Z,tribes_fort-peck_Fort Peck,Fort Peck,EVI,2025.5825004003564
2016-05-08T06:00:00Z,tribes_fort-peck_Fort Peck,Fort Peck,NDVI,3438.5512240609155
2016-05-08T06:00:00Z,tribes_fort-belknap_Fort Belknap,Fort Belknap,EVI,2505.177013802466
2016-05-08T06:00:00Z,tribes_fort-belknap_Fort Belknap,Fort Belknap,NDVI,4202.32633080559
2016-05-08T06:00:00Z,tribes_rocky-boys_Rocky Boy's,Rocky Boy's,EVI,3388.336521440404
2016-05-08T06:00:00Z,tribes_rocky-boys_Rocky Boy's,Rocky Boy's,NDVI,5508.880382763718
2016-05-08T06:00:00Z,tribes_blackfeet_Blackfeet,Blackfeet,EVI,2805.404103215957
2016-05-08T06:00:00Z,tribes_blackfeet_Blackfeet,Blackfeet,NDVI,4434.305363174556
2016-05-08T06:00:00Z,tribes_flathead_Flathead,Flathead,EVI,3610.8815654131945
2016-05-08T06:00:00Z,tribes_flathead_Flathead,Flathead,NDVI,6142.3510536461645
2016-05-24T06:00:00Z,tribes_northern-cheyenne_Northern Cheyenne,Northern Cheyenne,EVI,3130.9148695785902
2016-05-24T06:00:00Z,tribes_northern-cheyenne_Northern Cheyenne,Northern Cheyenne,NDVI,5254.27764860686
2016-05-24T06:00:00Z,tribes_crow_Crow,Crow,EVI,3626.8124141068115
2016-05-24T06:00:00Z,tribes_crow_Crow,Crow,NDVI,5765.436740951499
2016-05-24T06:00:00Z,tribes_fort-peck_Fort Peck,Fort Peck,EVI,2680.5970241514638
2016-05-24T06:00:00Z,tribes_fort-peck_Fort Peck,Fort Peck,NDVI,4636.471048438617
2016-05-24T06:00:00Z,tribes_fort-belknap_Fort Belknap,Fort Belknap,EVI,3073.2324013255043
2016-05-24T06:00:00Z,tribes_fort-belknap_Fort Belknap,Fort Belknap,NDVI,5307.959811102907
2016-05-24T06:00:00Z,tribes_rocky-boys_Rocky Boy's,Rocky Boy's,EVI,4040.669855392947
2016-05-24T06:00:00Z,tribes_rocky-boys_Rocky Boy's,Rocky Boy's,NDVI,6616.703819916374
2016-05-24T06:00:00Z,tribes_blackfeet_Blackfeet,Blackfeet,EVI,3285.3590336472375
2016-05-24T06:00:00Z,tribes_blackfeet_Blackfeet,Blackfeet,NDVI,5128.5256058130035
2016-05-24T06:00:00Z,tribes_flathead_Flathead,Flathead,EVI,3387.3216897851967
2016-05-24T06:00:00Z,tribes_flathead_Flathead,Flathead,NDVI,6011.43520040944
2016-06-09T06:00:00Z,tribes_northern-cheyenne_Northern Cheyenne,Northern Cheyenne,EVI,3221.5050969472836
2016-06-09T06:00:00Z,tribes_northern-cheyenne_Northern Cheyenne,Northern Cheyenne,NDVI,5174.692209957351
2016-06-09T06:00:00Z,tribes_crow_Crow,Crow,EVI,3423.193271891864
2016-06-09T06:00:00Z,tribes_crow_Crow,Crow,NDVI,5464.815992294884
2016-06-09T06:00:00Z,tribes_fort-peck_Fort Peck,Fort Peck,EVI,3511.891402763978
2016-06-09T06:00:00Z,tribes_fort-peck_Fort Peck,Fort Peck,NDVI,5576.640161322272
2016-06-09T06:00:00Z,tribes_fort-belknap_Fort Belknap,Fort Belknap,EVI,3304.5158550338647
2016-06-09T06:00:00Z,tribes_fort-belknap_Fort Belknap,Fort Belknap,NDVI,5494.813182049564
2016-06-09T06:00:00Z,tribes_rocky-boys_Rocky Boy's,Rocky Boy's,EVI,4725.977712420311
2016-06-09T06:00:00Z,tribes_rocky-boys_Rocky Boy's,Rocky Boy's,NDVI,6973.50366434033
2016-06-09T06:00:00Z,tribes_blackfeet_Blackfeet,Blackfeet,EVI,3770.7342537140285
2016-06-09T06:00:00Z,tribes_blackfeet_Blackfeet,Blackfeet,NDVI,5836.148192679183
2016-06-09T06:00:00Z,tribes_flathead_Flathead,Flathead,EVI,3291.4281513694036
2016-06-09T06:00:00Z,tribes_flathead_Flathead,Flathead,NDVI,5962.4764038713165
2016-06-25T06:00:00Z,tribes_northern-cheyenne_Northern Cheyenne,Northern Cheyenne,EVI,2750.958912374838
2016-06-25T06:00:00Z,tribes_northern-cheyenne_Northern Cheyenne,Northern Cheyenne,NDVI,4592.714888999692
2016-06-25T06:00:00Z,tribes_crow_Crow,Crow,EVI,2884.8767607694
2016-06-25T06:00:00Z,tribes_crow_Crow,Crow,NDVI,4503.14274939846
2016-06-25T06:00:00Z,tribes_fort-peck_Fort Peck,Fort Peck,EVI,4026.04604178158
2016-06-25T06:00:00Z,tribes_fort-peck_Fort Peck,Fort Peck,NDVI,6333.339360188966
2016-06-25T06:00:00Z,tribes_fort-belknap_Fort Belknap,Fort Belknap,EVI,3148.795023404874
2016-06-25T06:00:00Z,tribes_fort-belknap_Fort Belknap,Fort Belknap,NDVI,5193.890613577761
2016-06-25T06:00:00Z,tribes_rocky-boys_Rocky Boy's,Rocky Boy's,EVI,4371.650491419291
2016-06-25T06:00:00Z,tribes_rocky-boys_Rocky Boy's,Rocky Boy's,NDVI,6643.80077307313
2016-06-25T06:00:00Z,tribes_blackfeet_Blackfeet,Blackfeet,EVI,3444.580370028591
2016-06-25T06:00:00Z,tribes_blackfeet_Blackfeet,Blackfeet,NDVI,5173.7470449895245
2016-06-25T06:00:00Z,tribes_flathead_Flathead,Flathead,EVI,2952.7646239267415
2016-06-25T06:00:00Z,tribes_flathead_Flathead,Flathead,NDVI,5561.268329204793
2016-07-11T06:00:00Z,tribes_northern-cheyenne_Northern Cheyenne,Northern Cheyenne,EVI,2485.429101534153
2016-07-11T06:00:00Z,tribes_northern-cheyenne_Northern Cheyenne,Northern Cheyenne,NDVI,4285.710602174069
2016-07-11T06:00:00Z,tribes_crow_Crow,Crow,EVI,2588.107150281872
2016-07-11T06:00:00Z,tribes_crow_Crow,Crow,NDVI,4026.681602708411
2016-07-11T06:00:00Z,tribes_fort-peck_Fort Peck,Fort Peck,EVI,3719.982745741166
2016-07-11T06:00:00Z,tribes_fort-peck_Fort Peck,Fort Peck,NDVI,6149.45260816868
2016-07-11T06:00:00Z,tribes_fort-belknap_Fort Belknap,Fort Belknap,EVI,2960.4128922739533
2016-07-11T06:00:00Z,tribes_fort-belknap_Fort Belknap,Fort Belknap,NDVI,5214.884554567872
2016-07-11T06:00:00Z,tribes_rocky-boys_Rocky Boy's,Rocky Boy's,EVI,3922.9073707168363
2016-07-11T06:00:00Z,tribes_rocky-boys_Rocky Boy's,Rocky Boy's,NDVI,6396.720023156215
2016-07-11T06:00:00Z,tribes_blackfeet_Blackfeet,Blackfeet,EVI,2959.295727716525
2016-07-11T06:00:00Z,tribes_blackfeet_Blackfeet,Blackfeet,NDVI,4639.77671926528
2016-07-11T06:00:00Z,tribes_flathead_Flathead,Flathead,EVI,2997.5683908048136
2016-07-11T06:00:00Z,tribes_flathead_Flathead,Flathead,NDVI,5401.253801960113
2016-07-27T06:00:00Z,tribes_northern-cheyenne_Northern Cheyenne,Northern Cheyenne,EVI,2264.060287985122
2016-07-27T06:00:00Z,tribes_northern-cheyenne_Northern Cheyenne,Northern Cheyenne,NDVI,3943.4442905211336
2016-07-27T06:00:00Z,tribes_crow_Crow,Crow,EVI,2240.416276019045
2016-07-27T06:00:00Z,tribes_crow_Crow,Crow,NDVI,3657.1530576454625
2016-07-27T06:00:00Z,tribes_fort-peck_Fort Peck,Fort Peck,EVI,3036.560087123795
2016-07-27T06:00:00Z,tribes_fort-peck_Fort Peck,Fort Peck,NDVI,4887.354272162006
2016-07-27T06:00:00Z,tribes_fort-belknap_Fort Belknap,Fort Belknap,EVI,2828.374889925621
2016-07-27T06:00:00Z,tribes_fort-belknap_Fort Belknap,Fort Belknap,NDVI,4887.242334731799
2016-07-27T06:00:00Z,tribes_rocky-boys_Rocky Boy's,Rocky Boy's,EVI,4014.0968176832357
2016-07-27T06:00:00Z,tribes_rocky-boys_Rocky Boy's,Rocky Boy's,NDVI,6166.319365721718
2016-07-27T06:00:00Z,tribes_blackfeet_Blackfeet,Blackfeet,EVI,2592.381323299812
2016-07-27T06:00:00Z,tribes_blackfeet_Blackfeet,Blackfeet,NDVI,4364.612313202148
2016-07-27T06:00:00Z,tribes_flathead_Flathead,Flathead,EVI,2737.637716653533
2016-07-27T06:00:00Z,tribes_flathead_Flathead,Flathead,NDVI,5198.095411007244
2016-08-12T06:00:00Z,tribes_northern-cheyenne_Northern Cheyenne,Northern Cheyenne,EVI,2184.9393454847614
2016-08-12T06:00:00Z,tribes_northern-cheyenne_Northern Cheyenne,Northern Cheyenne,NDVI,3694.0892897902017
2016-08-12T06:00:00Z,tribes_crow_Crow,Crow,EVI,2093.350367886947
2016-08-12T06:00:00Z,tribes_crow_Crow,Crow,NDVI,3500.7384018620305
2016-08-12T06:00:00Z,tribes_fort-peck_Fort Peck,Fort Peck,EVI,2226.24326070187
2016-08-12T06:00:00Z,tribes_fort-peck_Fort Peck,Fort Peck,NDVI,3806.401334411066
2016-08-12T06:00:00Z,tribes_fort-belknap_Fort Belknap,Fort Belknap,EVI,2702.008563261146
2016-08-12T06:00:00Z,tribes_fort-belknap_Fort Belknap,Fort Belknap,NDVI,4602.597379880162
2016-08-12T06:00:00Z,tribes_rocky-boys_Rocky Boy's,Rocky Boy's,EVI,3549.6597822809445
2016-08-12T06:00:00Z,tribes_rocky-boys_Rocky Boy's,Rocky Boy's,NDVI,5823.824485309876
2016-08-12T06:00:00Z,tribes_blackfeet_Blackfeet,Blackfeet,EVI,2467.8542195384844
2016-08-12T06:00:00Z,tribes_blackfeet_Blackfeet,Blackfeet,NDVI,4155.11818266679
2016-08-12T06:00:00Z,tribes_flathead_Flathead,Flathead,EVI,2688.046907353891
2016-08-12T06:00:00Z,tribes_flathead_Flathead,Flathead,NDVI,4989.316410145434
2016-08-28T06:00:00Z,tribes_northern-cheyenne_Northern Cheyenne,Northern Cheyenne,EVI,2176.9707619726173
2016-08-28T06:00:00Z,tribes_northern-cheyenne_Northern Cheyenne,Northern Cheyenne,NDVI,4078.8425232589448
2016-08-28T06:00:00Z,tribes_crow_Crow,Crow,EVI,2097.85046536479
2016-08-28T06:00:00Z,tribes_crow_Crow,Crow,NDVI,3728.2303984789023
2016-08-28T06:00:00Z,tribes_fort-peck_Fort Peck,Fort Peck,EVI,2012.8853972672903
2016-08-28T06:00:00Z,tribes_fort-peck_Fort Peck,Fort Peck,NDVI,3415.381497231246
2016-08-28T06:00:00Z,tribes_fort-belknap_Fort Belknap,Fort Belknap,EVI,2334.610436647668
2016-08-28T06:00:00Z,tribes_fort-belknap_Fort Belknap,Fort Belknap,NDVI,4269.848104427293
2016-08-28T06:00:00Z,tribes_rocky-boys_Rocky Boy's,Rocky Boy's,EVI,3174.0161650504633
2016-08-28T06:00:00Z,tribes_rocky-boys_Rocky Boy's,Rocky Boy's,NDVI,5483.187877741713
2016-08-28T06:00:00Z,tribes_blackfeet_Blackfeet,Blackfeet,EVI,2247.044224848938
2016-08-28T06:00:00Z,tribes_blackfeet_Blackfeet,Blackfeet,NDVI,3837.3957497539955
2016-08-28T06:00:00Z,tribes_flathead_Flathead,Flathead,EVI,2449.3493530372166
2016-08-28T06:00:00Z,tribes_flathead_Flathead,Flathead,NDVI,4951.59664720458
2016-09-13T06:00:00Z,tribes_northern-cheyenne_Northern Cheyenne,Northern Cheyenne,EVI,2272.371664726374
2016-09-13T06:00:00Z,tribes_northern-cheyenne_Northern Cheyenne,Northern Cheyenne,NDVI,4435.240888177022
2016-09-13T06:00:00Z,tribes_crow_Crow,Crow,EVI,2383.5691210318887
2016-09-13T06:00:00Z,tribes_crow_Crow,Crow,NDVI,4315.903376947822
2016-09-13T06:00:00Z,tribes_fort-peck_Fort Peck,Fort Peck,EVI,1744.5503797892895
2016-09-13T06:00:00Z,tribes_fort-peck_Fort Peck,Fort Peck,NDVI,3176.9371608777105
2016-09-13T06:00:00Z,tribes_fort-belknap_Fort Belknap,Fort Belknap,EVI,2186.2578286407906
2016-09-13T06:00:00Z,tribes_fort-belknap_Fort Belknap,Fort Belknap,NDVI,4198.6059916983095
2016-09-13T06:00:00Z,tribes_rocky-boys_Rocky Boy's,Rocky Boy's,EVI,2819.8998763257878
2016-09-13T06:00:00Z,tribes_rocky-boys_Rocky Boy's,Rocky Boy's,NDVI,5285.108933823378
2016-09-13T06:00:00Z,tribes_blackfeet_Blackfeet,Blackfeet,EVI,1906.0947500595312
2016-09-13T06:00:00Z,tribes_blackfeet_Blackfeet,Blackfeet,NDVI,3527.448909119781
2016-09-13T06:00:00Z,tribes_flathead_Flathead,Flathead,EVI,2302.064033452982
2016-09-13T06:00:00Z,tribes_flathead_Flathead,Flathead,NDVI,4895.274223551155
2016-09-29T06:00:00Z,tribes_northern-cheyenne_Northern Cheyenne,Northern Cheyenne,EVI,2304.0243876625836
2016-09-29T06:00:00Z,tribes_northern-cheyenne_Northern Cheyenne,Northern Cheyenne,NDVI,4632.238521094257
2016-09-29T06:00:00Z,tribes_crow_Crow,Crow,EVI,2350.102308209471
2016-09-29T06:00:00Z,tribes_crow_Crow,Crow,NDVI,4549.148332473594
2016-09-29T06:00:00Z,tribes_fort-peck_Fort Peck,Fort Peck,EVI,1553.873313140941
2016-09-29T06:00:00Z,tribes_fort-peck_Fort Peck,Fort Peck,NDVI,3032.2123703420352
2016-09-29T06:00:00Z,tribes_fort-belknap_Fort Belknap,Fort Belknap,EVI,1999.2777347728634
2016-09-29T06:00:00Z,tribes_fort-belknap_Fort Belknap,Fort Belknap,NDVI,3925.9658598022497
2016-09-29T06:00:00Z,tribes_rocky-boys_Rocky Boy's,Rocky Boy's,EVI,2364.1847432546642
2016-09-29T06:00:00Z,tribes_rocky-boys_Rocky Boy's,Rocky Boy's,NDVI,4590.746759216709
2016-09-29T06:00:00Z,tribes_blackfeet_Blackfeet,Blackfeet,EVI,1848.2222760892848
2016-09-29T06:00:00Z,tribes_blackfeet_Blackfeet,Blackfeet,NDVI,3372.1390280866517
2016-09-29T06:00:00Z,tribes_flathead_Flathead,Flathead,EVI,2200.4113979867147
2016-09-29T06:00:00Z,tribes_flathead_Flathead,Flathead,NDVI,4714.599637976734
2016-10-15T06:00:00Z,tribes_northern-cheyenne_Northern Cheyenne,Northern Cheyenne,EVI,2108.0039845984143
2016-10-15T06:00:00Z,tribes_northern-cheyenne_Northern Cheyenne,Northern Cheyenne,NDVI,4537.720404918987
2016-10-15T06:00:00Z,tribes_crow_Crow,Crow,EVI,2250.9651383982514
2016-10-15T06:00:00Z,tribes_crow_Crow,Crow,NDVI,4352.713454340073
2016-10-15T06:00:00Z,tribes_fort-peck_Fort Peck,Fort Peck,EVI,1545.0680100671443
2016-10-15T06:00:00Z,tribes_fort-peck_Fort Peck,Fort Peck,NDVI,3014.6017372189945
2016-10-15T06:00:00Z,tribes_fort-belknap_Fort Belknap,Fort Belknap,EVI,1825.549103144696
2016-10-15T06:00:00Z,tribes_fort-belknap_Fort Belknap,Fort Belknap,NDVI,3414.1329986637506
2016-10-15T06:00:00Z,tribes_rocky-boys_Rocky Boy's,Rocky Boy's,EVI,2314.4543475339356
2016-10-15T06:00:00Z,tribes_rocky-boys_Rocky Boy's,Rocky Boy's,NDVI,3948.192608520365
2016-10-15T06:00:00Z,tribes_blackfeet_Blackfeet,Blackfeet,EVI,1774.8315498077054
2016-10-15T06:00:00Z,tribes_blackfeet_Blackfeet,Blackfeet,NDVI,3131.6832547780928
2016-10-15T06:00:00Z,tribes_flathead_Flathead,Flathead,EVI,2214.685337525172
2016-10-15T06:00:00Z,tribes_flathead_Flathead,Flathead,NDVI,5167.4119148806185
2016-10-31T06:00:00Z,tribes_northern-cheyenne_Northern Cheyenne,Northern Cheyenne,EVI,2013.4796018364032
2016-10-31T06:00:00Z,tribes_northern-cheyenne_Northern Cheyenne,Northern Cheyenne,NDVI,4405.080936796474
2016-10-31T06:00:00Z,tribes_crow_Crow,Crow,EVI,2150.1456802200723
2016-10-31T06:00:00Z,tribes_crow_Crow,Crow,NDVI,4274.270886724472
2016-10-31T06:00:00Z,tribes_fort-peck_Fort Peck,Fort Peck,EVI,1436.3128255752163
2016-10-31T06:00:00Z,tribes_fort-peck_Fort Peck,Fort Peck,NDVI,2909.5367470731812
2016-10-31T06:00:00Z,tribes_fort-belknap_Fort Belknap,Fort Belknap,EVI,1586.221435778674
2016-10-31T06:00:00Z,tribes_fort-belknap_Fort Belknap,Fort Belknap,NDVI,3272.958733069611
2016-10-31T06:00:00Z,tribes_rocky-boys_Rocky Boy's,Rocky Boy's,EVI,1808.0991076924442
2016-10-31T06:00:00Z,tribes_rocky-boys_Rocky Boy's,Rocky Boy's,NDVI,3879.485980206835
2016-10-31T06:00:00Z,tribes_blackfeet_Blackfeet,Blackfeet,EVI,1616.915627280904
2016-10-31T06:00:00Z,tribes_blackfeet_Blackfeet,Blackfeet,NDVI,3141.4626416596802
2016-10-31T06:00:00Z,tribes_flathead_Flathead,Flathead,EVI,2118.3172523864623
2016-10-31T06:00:00Z,tribes_flathead_Flathead,Flathead,NDVI,5344.862521691066
2016-11-16T07:00:00Z,tribes_northern-cheyenne_Northern Cheyenne,Northern Cheyenne,EVI,1985.7420822911402
2016-11-16T07:00:00Z,tribes_northern-cheyenne_Northern Cheyenne,Northern Cheyenne,NDVI,4312.969217868691
2016-11-16T07:00:00Z,tribes_crow_Crow,Crow,EVI,2002.3081867553437
2016-11-16T07:00:00Z,tribes_crow_Crow,Crow,NDVI,3917.543686758996
2016-11-16T07:00:00Z,tribes_fort-peck_Fort Peck,Fort Peck,EVI,1319.732595417937
2016-11-16T07:00:00Z,tribes_fort-peck_Fort Peck,Fort Peck,NDVI,2652.3471417475885
2016-11-16T07:00:00Z,tribes_fort-belknap_Fort Belknap,Fort Belknap,EVI,1546.4936964100257
2016-11-16T07:00:00Z,tribes_fort-belknap_Fort Belknap,Fort Belknap,NDVI,3129.3369715888102
2016-11-16T07:00:00Z,tribes_rocky-boys_Rocky Boy's,Rocky Boy's,EVI,1784.7375799747404
2016-11-16T07:00:00Z,tribes_rocky-boys_Rocky Boy's,Rocky Boy's,NDVI,3741.7691802575387
2016-11-16T07:00:00Z,tribes_blackfeet_Blackfeet,Blackfeet,EVI,1543.0936144291409
2016-11-16T07:00:00Z,tribes_blackfeet_Blackfeet,Blackfeet,NDVI,2758.2978462121464
2016-11-16T07:00:00Z,tribes_flathead_Flathead,Flathead,EVI,2105.3233076111674
2016-11-16T07:00:00Z,tribes_flathead_Flathead,Flathead,NDVI,4415.119069092561
2016-12-02T07:00:00Z,tribes_northern-cheyenne_Northern Cheyenne,Northern Cheyenne,EVI,1812.129284364363
2016-12-02T07:00:00Z,tribes_northern-cheyenne_Northern Cheyenne,Northern Cheyenne,NDVI,3767.0961722828206
2016-12-02T07:00:00Z,tribes_crow_Crow,Crow,EVI,1874.2049319123173
2016-12-02T07:00:00Z,tribes_crow_Crow,Crow,NDVI,3601.178343029111
2016-12-02T07:00:00Z,tribes_fort-peck_Fort Peck,Fort Peck,EVI,1382.6683125901245
2016-12-02T07:00:00Z,tribes_fort-peck_Fort Peck,Fort Peck,NDVI,2883.2257374455758
2016-12-02T07:00:00Z,tribes_fort-belknap_Fort Belknap,Fort Belknap,EVI,1462.9077692610367
2016-12-02T07:00:00Z,tribes_fort-belknap_Fort Belknap,Fort Belknap,NDVI,2828.275832958573
2016-12-02T07:00:00Z,tribes_rocky-boys_Rocky Boy's,Rocky Boy's,EVI,988.4314214463841
2016-12-02T07:00:00Z,tribes_rocky-boys_Rocky Boy's,Rocky Boy's,NDVI,2202.5985037406485
2016-12-02T07:00:00Z,tribes_blackfeet_Blackfeet,Blackfeet,EVI,1504.9546442722192
2016-12-02T07:00:00Z,tribes_blackfeet_Blackfeet,Blackfeet,NDVI,2621.3031176129116
2016-12-02T07:00:00Z,tribes_flathead_Flathead,Flathead,EVI,1569.125
2016-12-02T07:00:00Z,tribes_flathead_Flathead,Flathead,NDVI,2606.125
2016-12-18T07:00:00Z,tribes_northern-cheyenne_Northern Cheyenne,Northern Cheyenne,EVI,NA
2016-12-18T07:00:00Z,tribes_northern-cheyenne_Northern Cheyenne,Northern Cheyenne,NDVI,NA
2016-12-18T07:00:00Z,tribes_crow_Crow,Crow,EVI,NA
2016-12-18T07:00:00Z,tribes_crow_Crow,Crow,NDVI,NA
2016-12-18T07:00:00Z,tribes_fort-peck_Fort Peck,Fort Peck,EVI,NA
2016-12-18T07:00:00Z,tribes_fort-peck_Fort Peck,Fort Peck,NDVI,NA
2016-12-18T07:00:00Z,tribes_fort-belknap_Fort Belknap,Fort Belknap,EVI,NA
2016-12-18T07:00:00Z,tribes_fort-belknap_Fort Belknap,Fort Belknap,NDVI,NA
2016-12-18T07:00:00Z,tribes_rocky-boys_Rocky Boy's,Rocky Boy's,EVI,NA
2016-12-18T07:00:00Z,tribes_rocky-boys_Rocky Boy's,Rocky Boy's,NDVI,NA
2016-12-18T07:00:00Z,tribes_blackfeet_Blackfeet,Blackfeet,EVI,628
2016-12-18T07:00:00Z,tribes_blackfeet_Blackfeet,Blackfeet,NDVI,1754
2016-12-18T07:00:00Z,tribes_flathead_Flathead,Flathead,EVI,14.664367816091954
2016-12-18T07:00:00Z,tribes_flathead_Flathead,Flathead,NDVI,4325.820689655172
2017-01-01T07:00:00Z,tribes_northern-cheyenne_Northern Cheyenne,Northern Cheyenne,EVI,NA
2017-01-01T07:00:00Z,tribes_northern-cheyenne_Northern Cheyenne,Northern Cheyenne,NDVI,NA
2017-01-01T07:00:00Z,tribes_crow_Crow,Crow,EVI,NA
2017-01-01T07:00:00Z,tribes_crow_Crow,Crow,NDVI,NA
2017-01-01T07:00:00Z,tribes_fort-peck_Fort Peck,Fort Peck,EVI,NA
2017-01-01T07:00:00Z,tribes_fort-peck_Fort Peck,Fort Peck,NDVI,NA
2017-01-01T07:00:00Z,tribes_fort-belknap_Fort Belknap,Fort Belknap,EVI,NA
2017-01-01T07:00:00Z,tribes_fort-belknap_Fort Belknap,Fort Belknap,NDVI,NA
2017-01-01T07:00:00Z,tribes_rocky-boys_Rocky Boy's,Rocky Boy's,EVI,NA
2017-01-01T07:00:00Z,tribes_rocky-boys_Rocky Boy's,Rocky Boy's,NDVI,NA
2017-01-01T07:00:00Z,tribes_blackfeet_Blackfeet,Blackfeet,EVI,NA
2017-01-01T07:00:00Z,tribes_blackfeet_Blackfeet,Blackfeet,NDVI,NA
2017-01-01T07:00:00Z,tribes_flathead_Flathead,Flathead,EVI,NA
2017-01-01T07:00:00Z,tribes_flathead_Flathead,Flathead,NDVI,NA
2017-01-17T07:00:00Z,tribes_northern-cheyenne_Northern Cheyenne,Northern Cheyenne,EVI,NA
2017-01-17T07:00:00Z,tribes_northern-cheyenne_Northern Cheyenne,Northern Cheyenne,NDVI,NA
2017-01-17T07:00:00Z,tribes_crow_Crow,Crow,EVI,1242.587357750789
2017-01-17T07:00:00Z,tribes_crow_Crow,Crow,NDVI,1980.4496509515152
2017-01-17T07:00:00Z,tribes_fort-peck_Fort Peck,Fort Peck,EVI,NA
2017-01-17T07:00:00Z,tribes_fort-peck_Fort Peck,Fort Peck,NDVI,NA
2017-01-17T07:00:00Z,tribes_fort-belknap_Fort Belknap,Fort Belknap,EVI,1545.6888109065528
2017-01-17T07:00:00Z,tribes_fort-belknap_Fort Belknap,Fort Belknap,NDVI,2656.114315879113
2017-01-17T07:00:00Z,tribes_rocky-boys_Rocky Boy's,Rocky Boy's,EVI,1287.2957592798537
2017-01-17T07:00:00Z,tribes_rocky-boys_Rocky Boy's,Rocky Boy's,NDVI,2269.6501878003223
2017-01-17T07:00:00Z,tribes_blackfeet_Blackfeet,Blackfeet,EVI,1264.6989619377164
2017-01-17T07:00:00Z,tribes_blackfeet_Blackfeet,Blackfeet,NDVI,2183.8961937716263
2017-01-17T07:00:00Z,tribes_flathead_Flathead,Flathead,EVI,NA
2017-01-17T07:00:00Z,tribes_flathead_Flathead,Flathead,NDVI,NA
2017-02-02T07:00:00Z,tribes_northern-cheyenne_Northern Cheyenne,Northern Cheyenne,EVI,1210.2140356180257
2017-02-02T07:00:00Z,tribes_northern-cheyenne_Northern Cheyenne,Northern Cheyenne,NDVI,2080.564170382125
2017-02-02T07:00:00Z,tribes_crow_Crow,Crow,EVI,1418.8389752734565
2017-02-02T07:00:00Z,tribes_crow_Crow,Crow,NDVI,2518.0467894289213
2017-02-02T07:00:00Z,tribes_fort-peck_Fort Peck,Fort Peck,EVI,1200.3529411764705
2017-02-02T07:00:00Z,tribes_fort-peck_Fort Peck,Fort Peck,NDVI,2112.1176470588234
2017-02-02T07:00:00Z,tribes_fort-belknap_Fort Belknap,Fort Belknap,EVI,1319.7818191487822
2017-02-02T07:00:00Z,tribes_fort-belknap_Fort Belknap,Fort Belknap,NDVI,2360.810494940367
2017-02-02T07:00:00Z,tribes_rocky-boys_Rocky Boy's,Rocky Boy's,EVI,1348.8756044460738
2017-02-02T07:00:00Z,tribes_rocky-boys_Rocky Boy's,Rocky Boy's,NDVI,2355.628314793307
2017-02-02T07:00:00Z,tribes_blackfeet_Blackfeet,Blackfeet,EVI,1121.459452633618
2017-02-02T07:00:00Z,tribes_blackfeet_Blackfeet,Blackfeet,NDVI,2125.129063097512
2017-02-02T07:00:00Z,tribes_flathead_Flathead,Flathead,EVI,1119.0552147239264
2017-02-02T07:00:00Z,tribes_flathead_Flathead,Flathead,NDVI,3804.355828220859
2017-02-18T07:00:00Z,tribes_northern-cheyenne_Northern Cheyenne,Northern Cheyenne,EVI,1552.7234742059381
2017-02-18T07:00:00Z,tribes_northern-cheyenne_Northern Cheyenne,Northern Cheyenne,NDVI,2873.8690007602263
2017-02-18T07:00:00Z,tribes_crow_Crow,Crow,EVI,1525.2757319988261
2017-02-18T07:00:00Z,tribes_crow_Crow,Crow,NDVI,2737.2979427448213
2017-02-18T07:00:00Z,tribes_fort-peck_Fort Peck,Fort Peck,EVI,1112.638218457622
2017-02-18T07:00:00Z,tribes_fort-peck_Fort Peck,Fort Peck,NDVI,2230.85212101499
2017-02-18T07:00:00Z,tribes_fort-belknap_Fort Belknap,Fort Belknap,EVI,1367.025334525461
2017-02-18T07:00:00Z,tribes_fort-belknap_Fort Belknap,Fort Belknap,NDVI,2677.4083244531257
2017-02-18T07:00:00Z,tribes_rocky-boys_Rocky Boy's,Rocky Boy's,EVI,1484.2906524128557
2017-02-18T07:00:00Z,tribes_rocky-boys_Rocky Boy's,Rocky Boy's,NDVI,2773.6496895105647
2017-02-18T07:00:00Z,tribes_blackfeet_Blackfeet,Blackfeet,EVI,1073.0142551803006
2017-02-18T07:00:00Z,tribes_blackfeet_Blackfeet,Blackfeet,NDVI,2066.8797260323176
2017-02-18T07:00:00Z,tribes_flathead_Flathead,Flathead,EVI,1987.6179775280898
2017-02-18T07:00:00Z,tribes_flathead_Flathead,Flathead,NDVI,3509.1348314606744
2017-03-06T07:00:00Z,tribes_northern-cheyenne_Northern Cheyenne,Northern Cheyenne,EVI,1797.3272901972246
2017-03-06T07:00:00Z,tribes_northern-cheyenne_Northern Cheyenne,Northern Cheyenne,NDVI,3393.4060505358652
2017-03-06T07:00:00Z,tribes_crow_Crow,Crow,EVI,1561.2761618971158
2017-03-06T07:00:00Z,tribes_crow_Crow,Crow,NDVI,2910.1321458694247
2017-03-06T07:00:00Z,tribes_fort-peck_Fort Peck,Fort Peck,EVI,1137.3581260239582
2017-03-06T07:00:00Z,tribes_fort-peck_Fort Peck,Fort Peck,NDVI,2316.907298529829
2017-03-06T07:00:00Z,tribes_fort-belknap_Fort Belknap,Fort Belknap,EVI,1415.9626317601437
2017-03-06T07:00:00Z,tribes_fort-belknap_Fort Belknap,Fort Belknap,NDVI,2655.327358410122
2017-03-06T07:00:00Z,tribes_rocky-boys_Rocky Boy's,Rocky Boy's,EVI,1481.7597199096422
2017-03-06T07:00:00Z,tribes_rocky-boys_Rocky Boy's,Rocky Boy's,NDVI,2844.3381155147354
2017-03-06T07:00:00Z,tribes_blackfeet_Blackfeet,Blackfeet,EVI,1091.8453832207806
2017-03-06T07:00:00Z,tribes_blackfeet_Blackfeet,Blackfeet,NDVI,2130.573168382308
2017-03-06T07:00:00Z,tribes_flathead_Flathead,Flathead,EVI,1830.4500413001113
2017-03-06T07:00:00Z,tribes_flathead_Flathead,Flathead,NDVI,3533.5078991475334
2017-03-22T06:00:00Z,tribes_northern-cheyenne_Northern Cheyenne,Northern Cheyenne,EVI,2064.8352834443867
2017-03-22T06:00:00Z,tribes_northern-cheyenne_Northern Cheyenne,Northern Cheyenne,NDVI,3990.5412163717706
2017-03-22T06:00:00Z,tribes_crow_Crow,Crow,EVI,2230.2405866220442
2017-03-22T06:00:00Z,tribes_crow_Crow,Crow,NDVI,3826.520127542319
2017-03-22T06:00:00Z,tribes_fort-peck_Fort Peck,Fort Peck,EVI,1322.6794742245306
2017-03-22T06:00:00Z,tribes_fort-peck_Fort Peck,Fort Peck,NDVI,2451.4850930725916
2017-03-22T06:00:00Z,tribes_fort-belknap_Fort Belknap,Fort Belknap,EVI,1632.6652343860542
2017-03-22T06:00:00Z,tribes_fort-belknap_Fort Belknap,Fort Belknap,NDVI,2958.266863403754
2017-03-22T06:00:00Z,tribes_rocky-boys_Rocky Boy's,Rocky Boy's,EVI,1653.7216979851373
2017-03-22T06:00:00Z,tribes_rocky-boys_Rocky Boy's,Rocky Boy's,NDVI,3058.87101710771
2017-03-22T06:00:00Z,tribes_blackfeet_Blackfeet,Blackfeet,EVI,1309.5631390956441
2017-03-22T06:00:00Z,tribes_blackfeet_Blackfeet,Blackfeet,NDVI,2272.4562168324837
2017-03-22T06:00:00Z,tribes_flathead_Flathead,Flathead,EVI,2422.66663795671
2017-03-22T06:00:00Z,tribes_flathead_Flathead,Flathead,NDVI,4360.0144136035215
2017-04-07T06:00:00Z,tribes_northern-cheyenne_Northern Cheyenne,Northern Cheyenne,EVI,2265.223109305142
2017-04-07T06:00:00Z,tribes_northern-cheyenne_Northern Cheyenne,Northern Cheyenne,NDVI,4445.931662256599
2017-04-07T06:00:00Z,tribes_crow_Crow,Crow,EVI,2575.406863634365
2017-04-07T06:00:00Z,tribes_crow_Crow,Crow,NDVI,4437.866652610048
2017-04-07T06:00:00Z,tribes_fort-peck_Fort Peck,Fort Peck,EVI,1617.2792846419288
2017-04-07T06:00:00Z,tribes_fort-peck_Fort Peck,Fort Peck,NDVI,2900.707818304101
2017-04-07T06:00:00Z,tribes_fort-belknap_Fort Belknap,Fort Belknap,EVI,2114.197700874145
2017-04-07T06:00:00Z,tribes_fort-belknap_Fort Belknap,Fort Belknap,NDVI,3553.4859168726102
2017-04-07T06:00:00Z,tribes_rocky-boys_Rocky Boy's,Rocky Boy's,EVI,2183.1803614704822
2017-04-07T06:00:00Z,tribes_rocky-boys_Rocky Boy's,Rocky Boy's,NDVI,3710.566355996584
2017-04-07T06:00:00Z,tribes_blackfeet_Blackfeet,Blackfeet,EVI,1596.2460988641483
2017-04-07T06:00:00Z,tribes_blackfeet_Blackfeet,Blackfeet,NDVI,2783.2719225987794
2017-04-07T06:00:00Z,tribes_flathead_Flathead,Flathead,EVI,2869.750099872299
2017-04-07T06:00:00Z,tribes_flathead_Flathead,Flathead,NDVI,5011.8166224156885
2017-04-23T06:00:00Z,tribes_northern-cheyenne_Northern Cheyenne,Northern Cheyenne,EVI,2792.1972845376426
2017-04-23T06:00:00Z,tribes_northern-cheyenne_Northern Cheyenne,Northern Cheyenne,NDVI,4888.517310417884
2017-04-23T06:00:00Z,tribes_crow_Crow,Crow,EVI,3000.48948083029
2017-04-23T06:00:00Z,tribes_crow_Crow,Crow,NDVI,5117.137480528068
2017-04-23T06:00:00Z,tribes_fort-peck_Fort Peck,Fort Peck,EVI,1846.0353232130105
2017-04-23T06:00:00Z,tribes_fort-peck_Fort Peck,Fort Peck,NDVI,3191.937928768371
2017-04-23T06:00:00Z,tribes_fort-belknap_Fort Belknap,Fort Belknap,EVI,2447.940647276784
2017-04-23T06:00:00Z,tribes_fort-belknap_Fort Belknap,Fort Belknap,NDVI,4063.83404360187
2017-04-23T06:00:00Z,tribes_rocky-boys_Rocky Boy's,Rocky Boy's,EVI,2628.290645334692
2017-04-23T06:00:00Z,tribes_rocky-boys_Rocky Boy's,Rocky Boy's,NDVI,4498.296953593773
2017-04-23T06:00:00Z,tribes_blackfeet_Blackfeet,Blackfeet,EVI,2106.4078421833506
2017-04-23T06:00:00Z,tribes_blackfeet_Blackfeet,Blackfeet,NDVI,3473.3556533045307
2017-04-23T06:00:00Z,tribes_flathead_Flathead,Flathead,EVI,3453.520713462809
2017-04-23T06:00:00Z,tribes_flathead_Flathead,Flathead,NDVI,5816.727600767363
2017-05-09T06:00:00Z,tribes_northern-cheyenne_Northern Cheyenne,Northern Cheyenne,EVI,3452.512902570799
2017-05-09T06:00:00Z,tribes_northern-cheyenne_Northern Cheyenne,Northern Cheyenne,NDVI,5747.612594826085
2017-05-09T06:00:00Z,tribes_crow_Crow,Crow,EVI,3799.410078848322
2017-05-09T06:00:00Z,tribes_crow_Crow,Crow,NDVI,5944.065614219344
2017-05-09T06:00:00Z,tribes_fort-peck_Fort Peck,Fort Peck,EVI,2106.4934100972637
2017-05-09T06:00:00Z,tribes_fort-peck_Fort Peck,Fort Peck,NDVI,3548.4214194079764
2017-05-09T06:00:00Z,tribes_fort-belknap_Fort Belknap,Fort Belknap,EVI,2959.943380546018
2017-05-09T06:00:00Z,tribes_fort-belknap_Fort Belknap,Fort Belknap,NDVI,4820.905514209993
2017-05-09T06:00:00Z,tribes_rocky-boys_Rocky Boy's,Rocky Boy's,EVI,3815.086976187259
2017-05-09T06:00:00Z,tribes_rocky-boys_Rocky Boy's,Rocky Boy's,NDVI,6163.143829181017
2017-05-09T06:00:00Z,tribes_blackfeet_Blackfeet,Blackfeet,EVI,2867.3012112243628
2017-05-09T06:00:00Z,tribes_blackfeet_Blackfeet,Blackfeet,NDVI,4620.495822788656
2017-05-09T06:00:00Z,tribes_flathead_Flathead,Flathead,EVI,3542.3866616251103
2017-05-09T06:00:00Z,tribes_flathead_Flathead,Flathead,NDVI,6289.735956282873
2017-05-25T06:00:00Z,tribes_northern-cheyenne_Northern Cheyenne,Northern Cheyenne,EVI,3300.998797637606
2017-05-25T06:00:00Z,tribes_northern-cheyenne_Northern Cheyenne,Northern Cheyenne,NDVI,5545.879121118913
2017-05-25T06:00:00Z,tribes_crow_Crow,Crow,EVI,3850.859475018941
2017-05-25T06:00:00Z,tribes_crow_Crow,Crow,NDVI,5930.487656888059
2017-05-25T06:00:00Z,tribes_fort-peck_Fort Peck,Fort Peck,EVI,2191.047228249427
2017-05-25T06:00:00Z,tribes_fort-peck_Fort Peck,Fort Peck,NDVI,3522.5043491573165
2017-05-25T06:00:00Z,tribes_fort-belknap_Fort Belknap,Fort Belknap,EVI,2975.4129669674116
2017-05-25T06:00:00Z,tribes_fort-belknap_Fort Belknap,Fort Belknap,NDVI,4854.014160802791
2017-05-25T06:00:00Z,tribes_rocky-boys_Rocky Boy's,Rocky Boy's,EVI,4184.00646339812
2017-05-25T06:00:00Z,tribes_rocky-boys_Rocky Boy's,Rocky Boy's,NDVI,6336.569340593568
2017-05-25T06:00:00Z,tribes_blackfeet_Blackfeet,Blackfeet,EVI,3371.610812879251
2017-05-25T06:00:00Z,tribes_blackfeet_Blackfeet,Blackfeet,NDVI,5284.023397711214
2017-05-25T06:00:00Z,tribes_flathead_Flathead,Flathead,EVI,3740.6448669672063
2017-05-25T06:00:00Z,tribes_flathead_Flathead,Flathead,NDVI,6276.812974131865
2017-06-10T06:00:00Z,tribes_northern-cheyenne_Northern Cheyenne,Northern Cheyenne,EVI,3276.750175389974
2017-06-10T06:00:00Z,tribes_northern-cheyenne_Northern Cheyenne,Northern Cheyenne,NDVI,5727.244484898996
2017-06-10T06:00:00Z,tribes_crow_Crow,Crow,EVI,3578.1031746734443
2017-06-10T06:00:00Z,tribes_crow_Crow,Crow,NDVI,5648.241870810937
2017-06-10T06:00:00Z,tribes_fort-peck_Fort Peck,Fort Peck,EVI,2348.139729986287
2017-06-10T06:00:00Z,tribes_fort-peck_Fort Peck,Fort Peck,NDVI,3876.577493276068
2017-06-10T06:00:00Z,tribes_fort-belknap_Fort Belknap,Fort Belknap,EVI,2982.0016682087594
2017-06-10T06:00:00Z,tribes_fort-belknap_Fort Belknap,Fort Belknap,NDVI,4772.157712182028
2017-06-10T06:00:00Z,tribes_rocky-boys_Rocky Boy's,Rocky Boy's,EVI,4403.651449708886
2017-06-10T06:00:00Z,tribes_rocky-boys_Rocky Boy's,Rocky Boy's,NDVI,6343.585912042316
2017-06-10T06:00:00Z,tribes_blackfeet_Blackfeet,Blackfeet,EVI,3870.669015395043
2017-06-10T06:00:00Z,tribes_blackfeet_Blackfeet,Blackfeet,NDVI,5693.688479571581
2017-06-10T06:00:00Z,tribes_flathead_Flathead,Flathead,EVI,3691.5354008607624
2017-06-10T06:00:00Z,tribes_flathead_Flathead,Flathead,NDVI,6222.717274382337
2017-06-26T06:00:00Z,tribes_northern-cheyenne_Northern Cheyenne,Northern Cheyenne,EVI,2931.353097937979
2017-06-26T06:00:00Z,tribes_northern-cheyenne_Northern Cheyenne,Northern Cheyenne,NDVI,5153.192239416317
2017-06-26T06:00:00Z,tribes_crow_Crow,Crow,EVI,3162.7402027456114
2017-06-26T06:00:00Z,tribes_crow_Crow,Crow,NDVI,5072.517152515704
2017-06-26T06:00:00Z,tribes_fort-peck_Fort Peck,Fort Peck,EVI,2398.267077707973
2017-06-26T06:00:00Z,tribes_fort-peck_Fort Peck,Fort Peck,NDVI,3755.593998492604
2017-06-26T06:00:00Z,tribes_fort-belknap_Fort Belknap,Fort Belknap,EVI,2661.426611360278
2017-06-26T06:00:00Z,tribes_fort-belknap_Fort Belknap,Fort Belknap,NDVI,4108.674774174318
2017-06-26T06:00:00Z,tribes_rocky-boys_Rocky Boy's,Rocky Boy's,EVI,4195.07635681105
2017-06-26T06:00:00Z,tribes_rocky-boys_Rocky Boy's,Rocky Boy's,NDVI,6197.587861135279
2017-06-26T06:00:00Z,tribes_blackfeet_Blackfeet,Blackfeet,EVI,3680.8403796641046
2017-06-26T06:00:00Z,tribes_blackfeet_Blackfeet,Blackfeet,NDVI,5503.157815973949
2017-06-26T06:00:00Z,tribes_flathead_Flathead,Flathead,EVI,3282.2301718531326
2017-06-26T06:00:00Z,tribes_flathead_Flathead,Flathead,NDVI,5693.194627463869
2017-07-12T06:00:00Z,tribes_northern-cheyenne_Northern Cheyenne,Northern Cheyenne,EVI,2382.9960344953615
2017-07-12T06:00:00Z,tribes_northern-cheyenne_Northern Cheyenne,Northern Cheyenne,NDVI,4261.428942783046
2017-07-12T06:00:00Z,tribes_crow_Crow,Crow,EVI,2578.477648761212
2017-07-12T06:00:00Z,tribes_crow_Crow,Crow,NDVI,4216.21909211052
2017-07-12T06:00:00Z,tribes_fort-peck_Fort Peck,Fort Peck,EVI,1951.5309970979504
2017-07-12T06:00:00Z,tribes_fort-peck_Fort Peck,Fort Peck,NDVI,3093.9577671658935
2017-07-12T06:00:00Z,tribes_fort-belknap_Fort Belknap,Fort Belknap,EVI,2232.292183305297
2017-07-12T06:00:00Z,tribes_fort-belknap_Fort Belknap,Fort Belknap,NDVI,3608.1430510545556
2017-07-12T06:00:00Z,tribes_rocky-boys_Rocky Boy's,Rocky Boy's,EVI,3548.5286286146365
2017-07-12T06:00:00Z,tribes_rocky-boys_Rocky Boy's,Rocky Boy's,NDVI,5448.984160523029
2017-07-12T06:00:00Z,tribes_blackfeet_Blackfeet,Blackfeet,EVI,3125.7684191267504
2017-07-12T06:00:00Z,tribes_blackfeet_Blackfeet,Blackfeet,NDVI,4801.530610191448
2017-07-12T06:00:00Z,tribes_flathead_Flathead,Flathead,EVI,2935.865172762686
2017-07-12T06:00:00Z,tribes_flathead_Flathead,Flathead,NDVI,5314.397189162123
2017-07-28T06:00:00Z,tribes_northern-cheyenne_Northern Cheyenne,Northern Cheyenne,EVI,2265.809583766583
2017-07-28T06:00:00Z,tribes_northern-cheyenne_Northern Cheyenne,Northern Cheyenne,NDVI,4055.8356685931326
2017-07-28T06:00:00Z,tribes_crow_Crow,Crow,EVI,2311.467081003537
2017-07-28T06:00:00Z,tribes_crow_Crow,Crow,NDVI,3779.110665712125
2017-07-28T06:00:00Z,tribes_fort-peck_Fort Peck,Fort Peck,EVI,1872.3124855757062
2017-07-28T06:00:00Z,tribes_fort-peck_Fort Peck,Fort Peck,NDVI,2918.2184582704735
2017-07-28T06:00:00Z,tribes_fort-belknap_Fort Belknap,Fort Belknap,EVI,2158.2547582083416
2017-07-28T06:00:00Z,tribes_fort-belknap_Fort Belknap,Fort Belknap,NDVI,3310.406279672111
2017-07-28T06:00:00Z,tribes_rocky-boys_Rocky Boy's,Rocky Boy's,EVI,3076.836693222395
2017-07-28T06:00:00Z,tribes_rocky-boys_Rocky Boy's,Rocky Boy's,NDVI,4909.603906007603
2017-07-28T06:00:00Z,tribes_blackfeet_Blackfeet,Blackfeet,EVI,2717.0041448619722
2017-07-28T06:00:00Z,tribes_blackfeet_Blackfeet,Blackfeet,NDVI,4114.562543086114
2017-07-28T06:00:00Z,tribes_flathead_Flathead,Flathead,EVI,2792.1848846657035
2017-07-28T06:00:00Z,tribes_flathead_Flathead,Flathead,NDVI,4648.578458740091
2017-08-13T06:00:00Z,tribes_northern-cheyenne_Northern Cheyenne,Northern Cheyenne,EVI,2207.690656104906
2017-08-13T06:00:00Z,tribes_northern-cheyenne_Northern Cheyenne,Northern Cheyenne,NDVI,3694.0373533294764
2017-08-13T06:00:00Z,tribes_crow_Crow,Crow,EVI,2075.7810948839156
2017-08-13T06:00:00Z,tribes_crow_Crow,Crow,NDVI,3338.2098128149137
2017-08-13T06:00:00Z,tribes_fort-peck_Fort Peck,Fort Peck,EVI,1691.3666504028606
2017-08-13T06:00:00Z,tribes_fort-peck_Fort Peck,Fort Peck,NDVI,2778.5673127426057
2017-08-13T06:00:00Z,tribes_fort-belknap_Fort Belknap,Fort Belknap,EVI,1957.1451695191215
2017-08-13T06:00:00Z,tribes_fort-belknap_Fort Belknap,Fort Belknap,NDVI,3113.4590092971566
2017-08-13T06:00:00Z,tribes_rocky-boys_Rocky Boy's,Rocky Boy's,EVI,2761.0115480253717
2017-08-13T06:00:00Z,tribes_rocky-boys_Rocky Boy's,Rocky Boy's,NDVI,4449.709077163107
2017-08-13T06:00:00Z,tribes_blackfeet_Blackfeet,Blackfeet,EVI,2340.8626809800953
2017-08-13T06:00:00Z,tribes_blackfeet_Blackfeet,Blackfeet,NDVI,3655.476303717289
2017-08-13T06:00:00Z,tribes_flathead_Flathead,Flathead,EVI,2531.3133768175394
2017-08-13T06:00:00Z,tribes_flathead_Flathead,Flathead,NDVI,4996.114117411915
2017-08-29T06:00:00Z,tribes_northern-cheyenne_Northern Cheyenne,Northern Cheyenne,EVI,1968.206930157135
2017-08-29T06:00:00Z,tribes_northern-cheyenne_Northern Cheyenne,Northern Cheyenne,NDVI,3654.1865264381263
2017-08-29T06:00:00Z,tribes_crow_Crow,Crow,EVI,1984.9383044195492
2017-08-29T06:00:00Z,tribes_crow_Crow,Crow,NDVI,3299.510210971358
2017-08-29T06:00:00Z,tribes_fort-peck_Fort Peck,Fort Peck,EVI,1613.9112557549954
2017-08-29T06:00:00Z,tribes_fort-peck_Fort Peck,Fort Peck,NDVI,2594.2594501356875
2017-08-29T06:00:00Z,tribes_fort-belknap_Fort Belknap,Fort Belknap,EVI,1796.786881131418
2017-08-29T06:00:00Z,tribes_fort-belknap_Fort Belknap,Fort Belknap,NDVI,2907.4287530516312
2017-08-29T06:00:00Z,tribes_rocky-boys_Rocky Boy's,Rocky Boy's,EVI,2222.737741009495
2017-08-29T06:00:00Z,tribes_rocky-boys_Rocky Boy's,Rocky Boy's,NDVI,3803.7799251856786
2017-08-29T06:00:00Z,tribes_blackfeet_Blackfeet,Blackfeet,EVI,2030.6617233078407
2017-08-29T06:00:00Z,tribes_blackfeet_Blackfeet,Blackfeet,NDVI,3164.2287278361205
2017-08-29T06:00:00Z,tribes_flathead_Flathead,Flathead,EVI,2487.4676056356147
2017-08-29T06:00:00Z,tribes_flathead_Flathead,Flathead,NDVI,4700.8004990326435
2017-09-14T06:00:00Z,tribes_northern-cheyenne_Northern Cheyenne,Northern Cheyenne,EVI,1912.7850520823654
2017-09-14T06:00:00Z,tribes_northern-cheyenne_Northern Cheyenne,Northern Cheyenne,NDVI,3790.5560855139333
2017-09-14T06:00:00Z,tribes_crow_Crow,Crow,EVI,1844.998319022734
2017-09-14T06:00:00Z,tribes_crow_Crow,Crow,NDVI,3323.2502384272525
2017-09-14T06:00:00Z,tribes_fort-peck_Fort Peck,Fort Peck,EVI,1489.5600009040922
2017-09-14T06:00:00Z,tribes_fort-peck_Fort Peck,Fort Peck,NDVI,2609.084753450436
2017-09-14T06:00:00Z,tribes_fort-belknap_Fort Belknap,Fort Belknap,EVI,1635.463024463701
2017-09-14T06:00:00Z,tribes_fort-belknap_Fort Belknap,Fort Belknap,NDVI,2778.086723116698
2017-09-14T06:00:00Z,tribes_rocky-boys_Rocky Boy's,Rocky Boy's,EVI,2055.156122748192
2017-09-14T06:00:00Z,tribes_rocky-boys_Rocky Boy's,Rocky Boy's,NDVI,3637.210843094593
2017-09-14T06:00:00Z,tribes_blackfeet_Blackfeet,Blackfeet,EVI,1908.5670754890414
2017-09-14T06:00:00Z,tribes_blackfeet_Blackfeet,Blackfeet,NDVI,3144.514196739656
2017-09-14T06:00:00Z,tribes_flathead_Flathead,Flathead,EVI,2306.050961437143
2017-09-14T06:00:00Z,tribes_flathead_Flathead,Flathead,NDVI,4808.912660005574
2017-09-30T06:00:00Z,tribes_northern-cheyenne_Northern Cheyenne,Northern Cheyenne,EVI,1866.5927559302543
2017-09-30T06:00:00Z,tribes_northern-cheyenne_Northern Cheyenne,Northern Cheyenne,NDVI,3870.874606804586
2017-09-30T06:00:00Z,tribes_crow_Crow,Crow,EVI,1837.0985779833768
2017-09-30T06:00:00Z,tribes_crow_Crow,Crow,NDVI,3500.6067307816
2017-09-30T06:00:00Z,tribes_fort-peck_Fort Peck,Fort Peck,EVI,1427.9172496236279
2017-09-30T06:00:00Z,tribes_fort-peck_Fort Peck,Fort Peck,NDVI,2730.528138230812
2017-09-30T06:00:00Z,tribes_fort-belknap_Fort Belknap,Fort Belknap,EVI,1535.3395243475195
2017-09-30T06:00:00Z,tribes_fort-belknap_Fort Belknap,Fort Belknap,NDVI,2535.623089439711
2017-09-30T06:00:00Z,tribes_rocky-boys_Rocky Boy's,Rocky Boy's,EVI,1858.778809254765
2017-09-30T06:00:00Z,tribes_rocky-boys_Rocky Boy's,Rocky Boy's,NDVI,3118.3482815139732
2017-09-30T06:00:00Z,tribes_blackfeet_Blackfeet,Blackfeet,EVI,1514.7597818693039
2017-09-30T06:00:00Z,tribes_blackfeet_Blackfeet,Blackfeet,NDVI,2457.3639536677283
2017-09-30T06:00:00Z,tribes_flathead_Flathead,Flathead,EVI,2357.7646922539766
2017-09-30T06:00:00Z,tribes_flathead_Flathead,Flathead,NDVI,4721.308117745169
2017-10-16T06:00:00Z,tribes_northern-cheyenne_Northern Cheyenne,Northern Cheyenne,EVI,1812.9861055905217
2017-10-16T06:00:00Z,tribes_northern-cheyenne_Northern Cheyenne,Northern Cheyenne,NDVI,3703.0363264989674
2017-10-16T06:00:00Z,tribes_crow_Crow,Crow,EVI,1784.4088415070412
2017-10-16T06:00:00Z,tribes_crow_Crow,Crow,NDVI,3360.045612068839
2017-10-16T06:00:00Z,tribes_fort-peck_Fort Peck,Fort Peck,EVI,1389.9084190020833
2017-10-16T06:00:00Z,tribes_fort-peck_Fort Peck,Fort Peck,NDVI,2518.344470126101
2017-10-16T06:00:00Z,tribes_fort-belknap_Fort Belknap,Fort Belknap,EVI,1538.312043780853
2017-10-16T06:00:00Z,tribes_fort-belknap_Fort Belknap,Fort Belknap,NDVI,2622.6313373096777
2017-10-16T06:00:00Z,tribes_rocky-boys_Rocky Boy's,Rocky Boy's,EVI,1660.8619001819352
2017-10-16T06:00:00Z,tribes_rocky-boys_Rocky Boy's,Rocky Boy's,NDVI,3123.809909962116
2017-10-16T06:00:00Z,tribes_blackfeet_Blackfeet,Blackfeet,EVI,1517.2398057624912
2017-10-16T06:00:00Z,tribes_blackfeet_Blackfeet,Blackfeet,NDVI,2606.0357308182984
2017-10-16T06:00:00Z,tribes_flathead_Flathead,Flathead,EVI,2172.2461720151837
2017-10-16T06:00:00Z,tribes_flathead_Flathead,Flathead,NDVI,4670.487017933991
2017-11-01T06:00:00Z,tribes_northern-cheyenne_Northern Cheyenne,Northern Cheyenne,EVI,1732.2158306679619
2017-11-01T06:00:00Z,tribes_northern-cheyenne_Northern Cheyenne,Northern Cheyenne,NDVI,3530.7145370986927
2017-11-01T06:00:00Z,tribes_crow_Crow,Crow,EVI,1590.676727950941
2017-11-01T06:00:00Z,tribes_crow_Crow,Crow,NDVI,2738.190286772063
2017-11-01T06:00:00Z,tribes_fort-peck_Fort Peck,Fort Peck,EVI,1375.1757078456344
2017-11-01T06:00:00Z,tribes_fort-peck_Fort Peck,Fort Peck,NDVI,2227.379406535997
2017-11-01T06:00:00Z,tribes_fort-belknap_Fort Belknap,Fort Belknap,EVI,1631.2082784913546
2017-11-01T06:00:00Z,tribes_fort-belknap_Fort Belknap,Fort Belknap,NDVI,2534.746987095115
2017-11-01T06:00:00Z,tribes_rocky-boys_Rocky Boy's,Rocky Boy's,EVI,1824.2228835978833
2017-11-01T06:00:00Z,tribes_rocky-boys_Rocky Boy's,Rocky Boy's,NDVI,2550.644841269841
2017-11-01T06:00:00Z,tribes_blackfeet_Blackfeet,Blackfeet,EVI,1385.3333333333333
2017-11-01T06:00:00Z,tribes_blackfeet_Blackfeet,Blackfeet,NDVI,1694.5555555555557
2017-11-01T06:00:00Z,tribes_flathead_Flathead,Flathead,EVI,1725.3966677347005
2017-11-01T06:00:00Z,tribes_flathead_Flathead,Flathead,NDVI,3517.5744953540534
2017-11-17T07:00:00Z,tribes_northern-cheyenne_Northern Cheyenne,Northern Cheyenne,EVI,1773.3390875321093
2017-11-17T07:00:00Z,tribes_northern-cheyenne_Northern Cheyenne,Northern Cheyenne,NDVI,3721.462605711783
2017-11-17T07:00:00Z,tribes_crow_Crow,Crow,EVI,1536.7263133499528
2017-11-17T07:00:00Z,tribes_crow_Crow,Crow,NDVI,3011.9748206547033
2017-11-17T07:00:00Z,tribes_fort-peck_Fort Peck,Fort Peck,EVI,1237.1180973556627
2017-11-17T07:00:00Z,tribes_fort-peck_Fort Peck,Fort Peck,NDVI,2260.753534899134
2017-11-17T07:00:00Z,tribes_fort-belknap_Fort Belknap,Fort Belknap,EVI,1508.9629916171652
2017-11-17T07:00:00Z,tribes_fort-belknap_Fort Belknap,Fort Belknap,NDVI,2516.062549156773
2017-11-17T07:00:00Z,tribes_rocky-boys_Rocky Boy's,Rocky Boy's,EVI,1471.3134646820213
2017-11-17T07:00:00Z,tribes_rocky-boys_Rocky Boy's,Rocky Boy's,NDVI,2961.376470796989
2017-11-17T07:00:00Z,tribes_blackfeet_Blackfeet,Blackfeet,EVI,1276.547378914964
2017-11-17T07:00:00Z,tribes_blackfeet_Blackfeet,Blackfeet,NDVI,2036.0958002533785
2017-11-17T07:00:00Z,tribes_flathead_Flathead,Flathead,EVI,2024.6849640716896
2017-11-17T07:00:00Z,tribes_flathead_Flathead,Flathead,NDVI,4306.51759145405
2017-12-03T07:00:00Z,tribes_northern-cheyenne_Northern Cheyenne,Northern Cheyenne,EVI,1664.91007279897
2017-12-03T07:00:00Z,tribes_northern-cheyenne_Northern Cheyenne,Northern Cheyenne,NDVI,3427.3092018801826
2017-12-03T07:00:00Z,tribes_crow_Crow,Crow,EVI,1409.213832903629
2017-12-03T07:00:00Z,tribes_crow_Crow,Crow,NDVI,2640.871624883553
2017-12-03T07:00:00Z,tribes_fort-peck_Fort Peck,Fort Peck,EVI,1203.9841785556396
2017-12-03T07:00:00Z,tribes_fort-peck_Fort Peck,Fort Peck,NDVI,2189.8295661031543
2017-12-03T07:00:00Z,tribes_fort-belknap_Fort Belknap,Fort Belknap,EVI,1367.8813106519667
2017-12-03T07:00:00Z,tribes_fort-belknap_Fort Belknap,Fort Belknap,NDVI,2371.228147533668
2017-12-03T07:00:00Z,tribes_rocky-boys_Rocky Boy's,Rocky Boy's,EVI,1403.4197809952348
2017-12-03T07:00:00Z,tribes_rocky-boys_Rocky Boy's,Rocky Boy's,NDVI,2416.5102773623275
2017-12-03T07:00:00Z,tribes_blackfeet_Blackfeet,Blackfeet,EVI,1277.1580704436249
2017-12-03T07:00:00Z,tribes_blackfeet_Blackfeet,Blackfeet,NDVI,2080.546881830127
2017-12-03T07:00:00Z,tribes_flathead_Flathead,Flathead,EVI,1889.155782096209
2017-12-03T07:00:00Z,tribes_flathead_Flathead,Flathead,NDVI,3530.410003185728
2017-12-19T07:00:00Z,tribes_northern-cheyenne_Northern Cheyenne,Northern Cheyenne,EVI,NA
2017-12-19T07:00:00Z,tribes_northern-cheyenne_Northern Cheyenne,Northern Cheyenne,NDVI,NA
2017-12-19T07:00:00Z,tribes_crow_Crow,Crow,EVI,NA
2017-12-19T07:00:00Z,tribes_crow_Crow,Crow,NDVI,NA
2017-12-19T07:00:00Z,tribes_fort-peck_Fort Peck,Fort Peck,EVI,1368.4222623202977
2017-12-19T07:00:00Z,tribes_fort-peck_Fort Peck,Fort Peck,NDVI,2338.1916425092186
2017-12-19T07:00:00Z,tribes_fort-belknap_Fort Belknap,Fort Belknap,EVI,NA
2017-12-19T07:00:00Z,tribes_fort-belknap_Fort Belknap,Fort Belknap,NDVI,NA
2017-12-19T07:00:00Z,tribes_rocky-boys_Rocky Boy's,Rocky Boy's,EVI,NA
2017-12-19T07:00:00Z,tribes_rocky-boys_Rocky Boy's,Rocky Boy's,NDVI,NA
2017-12-19T07:00:00Z,tribes_blackfeet_Blackfeet,Blackfeet,EVI,NA
2017-12-19T07:00:00Z,tribes_blackfeet_Blackfeet,Blackfeet,NDVI,NA
2017-12-19T07:00:00Z,tribes_flathead_Flathead,Flathead,EVI,NA
2017-12-19T07:00:00Z,tribes_flathead_Flathead,Flathead,NDVI,NA
2018-01-01T07:00:00Z,tribes_northern-cheyenne_Northern Cheyenne,Northern Cheyenne,EVI,NA
2018-01-01T07:00:00Z,tribes_northern-cheyenne_Northern Cheyenne,Northern Cheyenne,NDVI,NA
2018-01-01T07:00:00Z,tribes_crow_Crow,Crow,EVI,NA
2018-01-01T07:00:00Z,tribes_crow_Crow,Crow,NDVI,NA
2018-01-01T07:00:00Z,tribes_fort-peck_Fort Peck,Fort Peck,EVI,NA
2018-01-01T07:00:00Z,tribes_fort-peck_Fort Peck,Fort Peck,NDVI,NA
2018-01-01T07:00:00Z,tribes_fort-belknap_Fort Belknap,Fort Belknap,EVI,NA
2018-01-01T07:00:00Z,tribes_fort-belknap_Fort Belknap,Fort Belknap,NDVI,NA
2018-01-01T07:00:00Z,tribes_rocky-boys_Rocky Boy's,Rocky Boy's,EVI,NA
2018-01-01T07:00:00Z,tribes_rocky-boys_Rocky Boy's,Rocky Boy's,NDVI,NA
2018-01-01T07:00:00Z,tribes_blackfeet_Blackfeet,Blackfeet,EVI,NA
2018-01-01T07:00:00Z,tribes_blackfeet_Blackfeet,Blackfeet,NDVI,NA
2018-01-01T07:00:00Z,tribes_flathead_Flathead,Flathead,EVI,NA
2018-01-01T07:00:00Z,tribes_flathead_Flathead,Flathead,NDVI,NA
2018-01-17T07:00:00Z,tribes_northern-cheyenne_Northern Cheyenne,Northern Cheyenne,EVI,NA
2018-01-17T07:00:00Z,tribes_northern-cheyenne_Northern Cheyenne,Northern Cheyenne,NDVI,NA
2018-01-17T07:00:00Z,tribes_crow_Crow,Crow,EVI,1237.726383656911
2018-01-17T07:00:00Z,tribes_crow_Crow,Crow,NDVI,2073.676398145465
2018-01-17T07:00:00Z,tribes_fort-peck_Fort Peck,Fort Peck,EVI,NA
2018-01-17T07:00:00Z,tribes_fort-peck_Fort Peck,Fort Peck,NDVI,NA
2018-01-17T07:00:00Z,tribes_fort-belknap_Fort Belknap,Fort Belknap,EVI,NA
2018-01-17T07:00:00Z,tribes_fort-belknap_Fort Belknap,Fort Belknap,NDVI,NA
2018-01-17T07:00:00Z,tribes_rocky-boys_Rocky Boy's,Rocky Boy's,EVI,NA
2018-01-17T07:00:00Z,tribes_rocky-boys_Rocky Boy's,Rocky Boy's,NDVI,NA
2018-01-17T07:00:00Z,tribes_blackfeet_Blackfeet,Blackfeet,EVI,1132.7155511811022
2018-01-17T07:00:00Z,tribes_blackfeet_Blackfeet,Blackfeet,NDVI,1680.4088919394944
2018-01-17T07:00:00Z,tribes_flathead_Flathead,Flathead,EVI,609.2222222222222
2018-01-17T07:00:00Z,tribes_flathead_Flathead,Flathead,NDVI,2011.888888888889
2018-02-02T07:00:00Z,tribes_northern-cheyenne_Northern Cheyenne,Northern Cheyenne,EVI,NA
2018-02-02T07:00:00Z,tribes_northern-cheyenne_Northern Cheyenne,Northern Cheyenne,NDVI,NA
2018-02-02T07:00:00Z,tribes_crow_Crow,Crow,EVI,NA
2018-02-02T07:00:00Z,tribes_crow_Crow,Crow,NDVI,NA
2018-02-02T07:00:00Z,tribes_fort-peck_Fort Peck,Fort Peck,EVI,NA
2018-02-02T07:00:00Z,tribes_fort-peck_Fort Peck,Fort Peck,NDVI,NA
2018-02-02T07:00:00Z,tribes_fort-belknap_Fort Belknap,Fort Belknap,EVI,NA
2018-02-02T07:00:00Z,tribes_fort-belknap_Fort Belknap,Fort Belknap,NDVI,NA
2018-02-02T07:00:00Z,tribes_rocky-boys_Rocky Boy's,Rocky Boy's,EVI,NA
2018-02-02T07:00:00Z,tribes_rocky-boys_Rocky Boy's,Rocky Boy's,NDVI,NA
2018-02-02T07:00:00Z,tribes_blackfeet_Blackfeet,Blackfeet,EVI,NA
2018-02-02T07:00:00Z,tribes_blackfeet_Blackfeet,Blackfeet,NDVI,NA
2018-02-02T07:00:00Z,tribes_flathead_Flathead,Flathead,EVI,1397.605681818182
2018-02-02T07:00:00Z,tribes_flathead_Flathead,Flathead,NDVI,2879.7579545454546
2018-02-18T07:00:00Z,tribes_northern-cheyenne_Northern Cheyenne,Northern Cheyenne,EVI,NA
2018-02-18T07:00:00Z,tribes_northern-cheyenne_Northern Cheyenne,Northern Cheyenne,NDVI,NA
2018-02-18T07:00:00Z,tribes_crow_Crow,Crow,EVI,NA
2018-02-18T07:00:00Z,tribes_crow_Crow,Crow,NDVI,NA
2018-02-18T07:00:00Z,tribes_fort-peck_Fort Peck,Fort Peck,EVI,NA
2018-02-18T07:00:00Z,tribes_fort-peck_Fort Peck,Fort Peck,NDVI,NA
2018-02-18T07:00:00Z,tribes_fort-belknap_Fort Belknap,Fort Belknap,EVI,NA
2018-02-18T07:00:00Z,tribes_fort-belknap_Fort Belknap,Fort Belknap,NDVI,NA
2018-02-18T07:00:00Z,tribes_rocky-boys_Rocky Boy's,Rocky Boy's,EVI,NA
2018-02-18T07:00:00Z,tribes_rocky-boys_Rocky Boy's,Rocky Boy's,NDVI,NA
2018-02-18T07:00:00Z,tribes_blackfeet_Blackfeet,Blackfeet,EVI,NA
2018-02-18T07:00:00Z,tribes_blackfeet_Blackfeet,Blackfeet,NDVI,NA
2018-02-18T07:00:00Z,tribes_flathead_Flathead,Flathead,EVI,NA
2018-02-18T07:00:00Z,tribes_flathead_Flathead,Flathead,NDVI,NA
2018-03-06T07:00:00Z,tribes_northern-cheyenne_Northern Cheyenne,Northern Cheyenne,EVI,NA
2018-03-06T07:00:00Z,tribes_northern-cheyenne_Northern Cheyenne,Northern Cheyenne,NDVI,NA
2018-03-06T07:00:00Z,tribes_crow_Crow,Crow,EVI,1176.061317711824
2018-03-06T07:00:00Z,tribes_crow_Crow,Crow,NDVI,2227.5366935558263
2018-03-06T07:00:00Z,tribes_fort-peck_Fort Peck,Fort Peck,EVI,NA
2018-03-06T07:00:00Z,tribes_fort-peck_Fort Peck,Fort Peck,NDVI,NA
2018-03-06T07:00:00Z,tribes_fort-belknap_Fort Belknap,Fort Belknap,EVI,NA
2018-03-06T07:00:00Z,tribes_fort-belknap_Fort Belknap,Fort Belknap,NDVI,NA
2018-03-06T07:00:00Z,tribes_rocky-boys_Rocky Boy's,Rocky Boy's,EVI,NA
2018-03-06T07:00:00Z,tribes_rocky-boys_Rocky Boy's,Rocky Boy's,NDVI,NA
2018-03-06T07:00:00Z,tribes_blackfeet_Blackfeet,Blackfeet,EVI,NA
2018-03-06T07:00:00Z,tribes_blackfeet_Blackfeet,Blackfeet,NDVI,NA
2018-03-06T07:00:00Z,tribes_flathead_Flathead,Flathead,EVI,1716.2276859504132
2018-03-06T07:00:00Z,tribes_flathead_Flathead,Flathead,NDVI,3081.665702479339
2018-03-22T06:00:00Z,tribes_northern-cheyenne_Northern Cheyenne,Northern Cheyenne,EVI,NA
2018-03-22T06:00:00Z,tribes_northern-cheyenne_Northern Cheyenne,Northern Cheyenne,NDVI,NA
2018-03-22T06:00:00Z,tribes_crow_Crow,Crow,EVI,1230.3108320138003
2018-03-22T06:00:00Z,tribes_crow_Crow,Crow,NDVI,2310.0559036930035
2018-03-22T06:00:00Z,tribes_fort-peck_Fort Peck,Fort Peck,EVI,971.6558723906303
2018-03-22T06:00:00Z,tribes_fort-peck_Fort Peck,Fort Peck,NDVI,1935.3225009990308
2018-03-22T06:00:00Z,tribes_fort-belknap_Fort Belknap,Fort Belknap,EVI,NA
2018-03-22T06:00:00Z,tribes_fort-belknap_Fort Belknap,Fort Belknap,NDVI,NA
2018-03-22T06:00:00Z,tribes_rocky-boys_Rocky Boy's,Rocky Boy's,EVI,NA
2018-03-22T06:00:00Z,tribes_rocky-boys_Rocky Boy's,Rocky Boy's,NDVI,NA
2018-03-22T06:00:00Z,tribes_blackfeet_Blackfeet,Blackfeet,EVI,961.679012345679
2018-03-22T06:00:00Z,tribes_blackfeet_Blackfeet,Blackfeet,NDVI,1602.9135802469136
2018-03-22T06:00:00Z,tribes_flathead_Flathead,Flathead,EVI,1748.879364950128
2018-03-22T06:00:00Z,tribes_flathead_Flathead,Flathead,NDVI,3251.8451276221654
2018-04-07T06:00:00Z,tribes_northern-cheyenne_Northern Cheyenne,Northern Cheyenne,EVI,1632.9830660082432
2018-04-07T06:00:00Z,tribes_northern-cheyenne_Northern Cheyenne,Northern Cheyenne,NDVI,3253.6480645487018
2018-04-07T06:00:00Z,tribes_crow_Crow,Crow,EVI,1591.349313792267
2018-04-07T06:00:00Z,tribes_crow_Crow,Crow,NDVI,2906.7922153187574
2018-04-07T06:00:00Z,tribes_fort-peck_Fort Peck,Fort Peck,EVI,1061.704886565008
2018-04-07T06:00:00Z,tribes_fort-peck_Fort Peck,Fort Peck,NDVI,1964.9718898193162
2018-04-07T06:00:00Z,tribes_fort-belknap_Fort Belknap,Fort Belknap,EVI,1274.4397414364698
2018-04-07T06:00:00Z,tribes_fort-belknap_Fort Belknap,Fort Belknap,NDVI,2190.8989409547858
2018-04-07T06:00:00Z,tribes_rocky-boys_Rocky Boy's,Rocky Boy's,EVI,1161.4336525460646
2018-04-07T06:00:00Z,tribes_rocky-boys_Rocky Boy's,Rocky Boy's,NDVI,2130.6844710641285
2018-04-07T06:00:00Z,tribes_blackfeet_Blackfeet,Blackfeet,EVI,1022.0012465850286
2018-04-07T06:00:00Z,tribes_blackfeet_Blackfeet,Blackfeet,NDVI,1763.0613267948606
2018-04-07T06:00:00Z,tribes_flathead_Flathead,Flathead,EVI,2403.9588660772997
2018-04-07T06:00:00Z,tribes_flathead_Flathead,Flathead,NDVI,4331.509669983287
2018-04-23T06:00:00Z,tribes_northern-cheyenne_Northern Cheyenne,Northern Cheyenne,EVI,2285.0986089910966
2018-04-23T06:00:00Z,tribes_northern-cheyenne_Northern Cheyenne,Northern Cheyenne,NDVI,4117.45863796999
2018-04-23T06:00:00Z,tribes_crow_Crow,Crow,EVI,2393.5517841607266
2018-04-23T06:00:00Z,tribes_crow_Crow,Crow,NDVI,4025.8713707803213
2018-04-23T06:00:00Z,tribes_fort-peck_Fort Peck,Fort Peck,EVI,1500.7849234777339
2018-04-23T06:00:00Z,tribes_fort-peck_Fort Peck,Fort Peck,NDVI,2525.198527428726
2018-04-23T06:00:00Z,tribes_fort-belknap_Fort Belknap,Fort Belknap,EVI,1665.199387016208
2018-04-23T06:00:00Z,tribes_fort-belknap_Fort Belknap,Fort Belknap,NDVI,2978.7760622172577
2018-04-23T06:00:00Z,tribes_rocky-boys_Rocky Boy's,Rocky Boy's,EVI,1800.5567407606384
2018-04-23T06:00:00Z,tribes_rocky-boys_Rocky Boy's,Rocky Boy's,NDVI,3308.48463163651
2018-04-23T06:00:00Z,tribes_blackfeet_Blackfeet,Blackfeet,EVI,1316.7270334668594
2018-04-23T06:00:00Z,tribes_blackfeet_Blackfeet,Blackfeet,NDVI,2270.3963012838785
2018-04-23T06:00:00Z,tribes_flathead_Flathead,Flathead,EVI,2852.065062902913
2018-04-23T06:00:00Z,tribes_flathead_Flathead,Flathead,NDVI,5300.135944765463
2018-05-09T06:00:00Z,tribes_northern-cheyenne_Northern Cheyenne,Northern Cheyenne,EVI,3116.511245688897
2018-05-09T06:00:00Z,tribes_northern-cheyenne_Northern Cheyenne,Northern Cheyenne,NDVI,5739.745658347962
2018-05-09T06:00:00Z,tribes_crow_Crow,Crow,EVI,3551.621616584659
2018-05-09T06:00:00Z,tribes_crow_Crow,Crow,NDVI,5710.24679827396
2018-05-09T06:00:00Z,tribes_fort-peck_Fort Peck,Fort Peck,EVI,2117.662767100836
2018-05-09T06:00:00Z,tribes_fort-peck_Fort Peck,Fort Peck,NDVI,3647.0111754275486
2018-05-09T06:00:00Z,tribes_fort-belknap_Fort Belknap,Fort Belknap,EVI,2586.406040138292
2018-05-09T06:00:00Z,tribes_fort-belknap_Fort Belknap,Fort Belknap,NDVI,4307.383236334067
2018-05-09T06:00:00Z,tribes_rocky-boys_Rocky Boy's,Rocky Boy's,EVI,3111.1769480874245
2018-05-09T06:00:00Z,tribes_rocky-boys_Rocky Boy's,Rocky Boy's,NDVI,5219.192245670328
2018-05-09T06:00:00Z,tribes_blackfeet_Blackfeet,Blackfeet,EVI,2338.5079485212605
2018-05-09T06:00:00Z,tribes_blackfeet_Blackfeet,Blackfeet,NDVI,4151.849538246027
2018-05-09T06:00:00Z,tribes_flathead_Flathead,Flathead,EVI,3929.3126385119776
2018-05-09T06:00:00Z,tribes_flathead_Flathead,Flathead,NDVI,6336.335885704821
2018-05-25T06:00:00Z,tribes_northern-cheyenne_Northern Cheyenne,Northern Cheyenne,EVI,3749.610117083038
2018-05-25T06:00:00Z,tribes_northern-cheyenne_Northern Cheyenne,Northern Cheyenne,NDVI,6375.25333950153
2018-05-25T06:00:00Z,tribes_crow_Crow,Crow,EVI,3985.124636929628
2018-05-25T06:00:00Z,tribes_crow_Crow,Crow,NDVI,6407.3962278534445
2018-05-25T06:00:00Z,tribes_fort-peck_Fort Peck,Fort Peck,EVI,2915.9544805869964
2018-05-25T06:00:00Z,tribes_fort-peck_Fort Peck,Fort Peck,NDVI,4900.162311313248
2018-05-25T06:00:00Z,tribes_fort-belknap_Fort Belknap,Fort Belknap,EVI,3142.2355986368466
2018-05-25T06:00:00Z,tribes_fort-belknap_Fort Belknap,Fort Belknap,NDVI,5118.95419070346
2018-05-25T06:00:00Z,tribes_rocky-boys_Rocky Boy's,Rocky Boy's,EVI,4106.804877675312
2018-05-25T06:00:00Z,tribes_rocky-boys_Rocky Boy's,Rocky Boy's,NDVI,6348.653045867395
2018-05-25T06:00:00Z,tribes_blackfeet_Blackfeet,Blackfeet,EVI,2904.7881343527797
2018-05-25T06:00:00Z,tribes_blackfeet_Blackfeet,Blackfeet,NDVI,4661.5067872344525
2018-05-25T06:00:00Z,tribes_flathead_Flathead,Flathead,EVI,3908.750610851557
2018-05-25T06:00:00Z,tribes_flathead_Flathead,Flathead,NDVI,6292.438006884221
2018-06-10T06:00:00Z,tribes_northern-cheyenne_Northern Cheyenne,Northern Cheyenne,EVI,4190.748254556045
2018-06-10T06:00:00Z,tribes_northern-cheyenne_Northern Cheyenne,Northern Cheyenne,NDVI,6502.983889216814
2018-06-10T06:00:00Z,tribes_crow_Crow,Crow,EVI,4519.981712895456
2018-06-10T06:00:00Z,tribes_crow_Crow,Crow,NDVI,6696.160432932024
2018-06-10T06:00:00Z,tribes_fort-peck_Fort Peck,Fort Peck,EVI,3314.176641792979
2018-06-10T06:00:00Z,tribes_fort-peck_Fort Peck,Fort Peck,NDVI,5007.298294579042
2018-06-10T06:00:00Z,tribes_fort-belknap_Fort Belknap,Fort Belknap,EVI,3113.288902897656
2018-06-10T06:00:00Z,tribes_fort-belknap_Fort Belknap,Fort Belknap,NDVI,5130.3294803549725
2018-06-10T06:00:00Z,tribes_rocky-boys_Rocky Boy's,Rocky Boy's,EVI,4126.509572676439
2018-06-10T06:00:00Z,tribes_rocky-boys_Rocky Boy's,Rocky Boy's,NDVI,6600.041119021658
2018-06-10T06:00:00Z,tribes_blackfeet_Blackfeet,Blackfeet,EVI,3332.8929391260763
2018-06-10T06:00:00Z,tribes_blackfeet_Blackfeet,Blackfeet,NDVI,5327.425139525412
2018-06-10T06:00:00Z,tribes_flathead_Flathead,Flathead,EVI,3878.3600267733927
2018-06-10T06:00:00Z,tribes_flathead_Flathead,Flathead,NDVI,6349.185956303624
2018-06-26T06:00:00Z,tribes_northern-cheyenne_Northern Cheyenne,Northern Cheyenne,EVI,3633.5698384884686
2018-06-26T06:00:00Z,tribes_northern-cheyenne_Northern Cheyenne,Northern Cheyenne,NDVI,6203.031786773788
2018-06-26T06:00:00Z,tribes_crow_Crow,Crow,EVI,3965.3988832480863
2018-06-26T06:00:00Z,tribes_crow_Crow,Crow,NDVI,6135.679232825291
2018-06-26T06:00:00Z,tribes_fort-peck_Fort Peck,Fort Peck,EVI,3541.551724754482
2018-06-26T06:00:00Z,tribes_fort-peck_Fort Peck,Fort Peck,NDVI,5579.081075734246
2018-06-26T06:00:00Z,tribes_fort-belknap_Fort Belknap,Fort Belknap,EVI,3111.324381315685
2018-06-26T06:00:00Z,tribes_fort-belknap_Fort Belknap,Fort Belknap,NDVI,5037.079949366541
2018-06-26T06:00:00Z,tribes_rocky-boys_Rocky Boy's,Rocky Boy's,EVI,4617.824496235157
2018-06-26T06:00:00Z,tribes_rocky-boys_Rocky Boy's,Rocky Boy's,NDVI,6745.959145992409
2018-06-26T06:00:00Z,tribes_blackfeet_Blackfeet,Blackfeet,EVI,3847.4189370110203
2018-06-26T06:00:00Z,tribes_blackfeet_Blackfeet,Blackfeet,NDVI,5881.227810022619
2018-06-26T06:00:00Z,tribes_flathead_Flathead,Flathead,EVI,3402.7956783742006
2018-06-26T06:00:00Z,tribes_flathead_Flathead,Flathead,NDVI,6202.697590385194
2018-07-12T06:00:00Z,tribes_northern-cheyenne_Northern Cheyenne,Northern Cheyenne,EVI,3245.453882026461
2018-07-12T06:00:00Z,tribes_northern-cheyenne_Northern Cheyenne,Northern Cheyenne,NDVI,5650.802253095999
2018-07-12T06:00:00Z,tribes_crow_Crow,Crow,EVI,3292.6702878741185
2018-07-12T06:00:00Z,tribes_crow_Crow,Crow,NDVI,5297.171165793196
2018-07-12T06:00:00Z,tribes_fort-peck_Fort Peck,Fort Peck,EVI,3151.8027465050186
2018-07-12T06:00:00Z,tribes_fort-peck_Fort Peck,Fort Peck,NDVI,5093.592796560272
2018-07-12T06:00:00Z,tribes_fort-belknap_Fort Belknap,Fort Belknap,EVI,2507.814121653037
2018-07-12T06:00:00Z,tribes_fort-belknap_Fort Belknap,Fort Belknap,NDVI,4266.886895143813
2018-07-12T06:00:00Z,tribes_rocky-boys_Rocky Boy's,Rocky Boy's,EVI,3683.5774340440676
2018-07-12T06:00:00Z,tribes_rocky-boys_Rocky Boy's,Rocky Boy's,NDVI,6020.432593181761
2018-07-12T06:00:00Z,tribes_blackfeet_Blackfeet,Blackfeet,EVI,3462.5643730370766
2018-07-12T06:00:00Z,tribes_blackfeet_Blackfeet,Blackfeet,NDVI,5343.130555644167
2018-07-12T06:00:00Z,tribes_flathead_Flathead,Flathead,EVI,3151.1515435810193
2018-07-12T06:00:00Z,tribes_flathead_Flathead,Flathead,NDVI,5728.622849221017
2018-07-28T06:00:00Z,tribes_northern-cheyenne_Northern Cheyenne,Northern Cheyenne,EVI,2849.6342527077672
2018-07-28T06:00:00Z,tribes_northern-cheyenne_Northern Cheyenne,Northern Cheyenne,NDVI,5141.587432585316
2018-07-28T06:00:00Z,tribes_crow_Crow,Crow,EVI,2856.348505816009
2018-07-28T06:00:00Z,tribes_crow_Crow,Crow,NDVI,4775.1650053038
2018-07-28T06:00:00Z,tribes_fort-peck_Fort Peck,Fort Peck,EVI,2201.948768811457
2018-07-28T06:00:00Z,tribes_fort-peck_Fort Peck,Fort Peck,NDVI,3574.8183995017735
2018-07-28T06:00:00Z,tribes_fort-belknap_Fort Belknap,Fort Belknap,EVI,2197.7452823884696
2018-07-28T06:00:00Z,tribes_fort-belknap_Fort Belknap,Fort Belknap,NDVI,3754.867873466431
2018-07-28T06:00:00Z,tribes_rocky-boys_Rocky Boy's,Rocky Boy's,EVI,3308.294128315284
2018-07-28T06:00:00Z,tribes_rocky-boys_Rocky Boy's,Rocky Boy's,NDVI,5316.694998841921
2018-07-28T06:00:00Z,tribes_blackfeet_Blackfeet,Blackfeet,EVI,2922.646889748919
2018-07-28T06:00:00Z,tribes_blackfeet_Blackfeet,Blackfeet,NDVI,4594.879483601757
2018-07-28T06:00:00Z,tribes_flathead_Flathead,Flathead,EVI,2906.555401126237
2018-07-28T06:00:00Z,tribes_flathead_Flathead,Flathead,NDVI,5453.922535434786
2018-08-13T06:00:00Z,tribes_northern-cheyenne_Northern Cheyenne,Northern Cheyenne,EVI,2822.0912415947187
2018-08-13T06:00:00Z,tribes_northern-cheyenne_Northern Cheyenne,Northern Cheyenne,NDVI,4788.677871814616
2018-08-13T06:00:00Z,tribes_crow_Crow,Crow,EVI,2951.7275755598253
2018-08-13T06:00:00Z,tribes_crow_Crow,Crow,NDVI,4593.86861947076
2018-08-13T06:00:00Z,tribes_fort-peck_Fort Peck,Fort Peck,EVI,2083.7659564944365
2018-08-13T06:00:00Z,tribes_fort-peck_Fort Peck,Fort Peck,NDVI,3096.6305951919107
2018-08-13T06:00:00Z,tribes_fort-belknap_Fort Belknap,Fort Belknap,EVI,2193.0386614266044
2018-08-13T06:00:00Z,tribes_fort-belknap_Fort Belknap,Fort Belknap,NDVI,3325.9440521598003
2018-08-13T06:00:00Z,tribes_rocky-boys_Rocky Boy's,Rocky Boy's,EVI,2519.695407034739
2018-08-13T06:00:00Z,tribes_rocky-boys_Rocky Boy's,Rocky Boy's,NDVI,3797.9875309016766
2018-08-13T06:00:00Z,tribes_blackfeet_Blackfeet,Blackfeet,EVI,2580.8607765854626
2018-08-13T06:00:00Z,tribes_blackfeet_Blackfeet,Blackfeet,NDVI,4221.034850752237
2018-08-13T06:00:00Z,tribes_flathead_Flathead,Flathead,EVI,2759.0854107003047
2018-08-13T06:00:00Z,tribes_flathead_Flathead,Flathead,NDVI,5292.681664027838
2018-08-29T06:00:00Z,tribes_northern-cheyenne_Northern Cheyenne,Northern Cheyenne,EVI,2419.498024612423
2018-08-29T06:00:00Z,tribes_northern-cheyenne_Northern Cheyenne,Northern Cheyenne,NDVI,4750.031264695388
2018-08-29T06:00:00Z,tribes_crow_Crow,Crow,EVI,2392.726957421265
2018-08-29T06:00:00Z,tribes_crow_Crow,Crow,NDVI,4330.793916980609
2018-08-29T06:00:00Z,tribes_fort-peck_Fort Peck,Fort Peck,EVI,1728.0292807598323
2018-08-29T06:00:00Z,tribes_fort-peck_Fort Peck,Fort Peck,NDVI,2863.821348649707
2018-08-29T06:00:00Z,tribes_fort-belknap_Fort Belknap,Fort Belknap,EVI,2049.641733161592
2018-08-29T06:00:00Z,tribes_fort-belknap_Fort Belknap,Fort Belknap,NDVI,3636.7196951966575
2018-08-29T06:00:00Z,tribes_rocky-boys_Rocky Boy's,Rocky Boy's,EVI,2722.363414282412
2018-08-29T06:00:00Z,tribes_rocky-boys_Rocky Boy's,Rocky Boy's,NDVI,4626.869641694393
2018-08-29T06:00:00Z,tribes_blackfeet_Blackfeet,Blackfeet,EVI,2356.2872679514276
2018-08-29T06:00:00Z,tribes_blackfeet_Blackfeet,Blackfeet,NDVI,3826.766368753454
2018-08-29T06:00:00Z,tribes_flathead_Flathead,Flathead,EVI,2660.6172433069046
2018-08-29T06:00:00Z,tribes_flathead_Flathead,Flathead,NDVI,5063.276162244964
2018-09-14T06:00:00Z,tribes_northern-cheyenne_Northern Cheyenne,Northern Cheyenne,EVI,2202.9981129550742
2018-09-14T06:00:00Z,tribes_northern-cheyenne_Northern Cheyenne,Northern Cheyenne,NDVI,4502.007696796137
2018-09-14T06:00:00Z,tribes_crow_Crow,Crow,EVI,2165.390962658433
2018-09-14T06:00:00Z,tribes_crow_Crow,Crow,NDVI,4057.930293585771
2018-09-14T06:00:00Z,tribes_fort-peck_Fort Peck,Fort Peck,EVI,1482.1513903631908
2018-09-14T06:00:00Z,tribes_fort-peck_Fort Peck,Fort Peck,NDVI,2618.374264089101
2018-09-14T06:00:00Z,tribes_fort-belknap_Fort Belknap,Fort Belknap,EVI,2208.4560593874357
2018-09-14T06:00:00Z,tribes_fort-belknap_Fort Belknap,Fort Belknap,NDVI,3969.2475097935367
2018-09-14T06:00:00Z,tribes_rocky-boys_Rocky Boy's,Rocky Boy's,EVI,2545.3406515936117
2018-09-14T06:00:00Z,tribes_rocky-boys_Rocky Boy's,Rocky Boy's,NDVI,4114.581052805885
2018-09-14T06:00:00Z,tribes_blackfeet_Blackfeet,Blackfeet,EVI,2126.822225451772
2018-09-14T06:00:00Z,tribes_blackfeet_Blackfeet,Blackfeet,NDVI,3522.1023434470612
2018-09-14T06:00:00Z,tribes_flathead_Flathead,Flathead,EVI,2533.3377920353378
2018-09-14T06:00:00Z,tribes_flathead_Flathead,Flathead,NDVI,4718.294299010547
2018-09-30T06:00:00Z,tribes_northern-cheyenne_Northern Cheyenne,Northern Cheyenne,EVI,1989.5256276664238
2018-09-30T06:00:00Z,tribes_northern-cheyenne_Northern Cheyenne,Northern Cheyenne,NDVI,4623.880474964259
2018-09-30T06:00:00Z,tribes_crow_Crow,Crow,EVI,2038.8174796684245
2018-09-30T06:00:00Z,tribes_crow_Crow,Crow,NDVI,4062.465437458816
2018-09-30T06:00:00Z,tribes_fort-peck_Fort Peck,Fort Peck,EVI,1256.6631251147899
2018-09-30T06:00:00Z,tribes_fort-peck_Fort Peck,Fort Peck,NDVI,2505.8250710162342
2018-09-30T06:00:00Z,tribes_fort-belknap_Fort Belknap,Fort Belknap,EVI,2035.9709862866846
2018-09-30T06:00:00Z,tribes_fort-belknap_Fort Belknap,Fort Belknap,NDVI,4065.3208030862897
2018-09-30T06:00:00Z,tribes_rocky-boys_Rocky Boy's,Rocky Boy's,EVI,2082.0693043686147
2018-09-30T06:00:00Z,tribes_rocky-boys_Rocky Boy's,Rocky Boy's,NDVI,4275.571472117515
2018-09-30T06:00:00Z,tribes_blackfeet_Blackfeet,Blackfeet,EVI,1417.1906380295945
2018-09-30T06:00:00Z,tribes_blackfeet_Blackfeet,Blackfeet,NDVI,2450.778793967251
2018-09-30T06:00:00Z,tribes_flathead_Flathead,Flathead,EVI,2296.94393588641
2018-09-30T06:00:00Z,tribes_flathead_Flathead,Flathead,NDVI,4728.173034739263
2018-10-16T06:00:00Z,tribes_northern-cheyenne_Northern Cheyenne,Northern Cheyenne,EVI,1771.1004403905918
2018-10-16T06:00:00Z,tribes_northern-cheyenne_Northern Cheyenne,Northern Cheyenne,NDVI,4038.855627549773
2018-10-16T06:00:00Z,tribes_crow_Crow,Crow,EVI,1705.4602041975515
2018-10-16T06:00:00Z,tribes_crow_Crow,Crow,NDVI,3436.9562403658124
2018-10-16T06:00:00Z,tribes_fort-peck_Fort Peck,Fort Peck,EVI,1217.2367764363214
2018-10-16T06:00:00Z,tribes_fort-peck_Fort Peck,Fort Peck,NDVI,2394.1193925540492
2018-10-16T06:00:00Z,tribes_fort-belknap_Fort Belknap,Fort Belknap,EVI,1758.5934225741278
2018-10-16T06:00:00Z,tribes_fort-belknap_Fort Belknap,Fort Belknap,NDVI,3514.0363306743916
2018-10-16T06:00:00Z,tribes_rocky-boys_Rocky Boy's,Rocky Boy's,EVI,1831.5427156760381
2018-10-16T06:00:00Z,tribes_rocky-boys_Rocky Boy's,Rocky Boy's,NDVI,3816.4956036656595
2018-10-16T06:00:00Z,tribes_blackfeet_Blackfeet,Blackfeet,EVI,1504.188610656598
2018-10-16T06:00:00Z,tribes_blackfeet_Blackfeet,Blackfeet,NDVI,2760.3586486696136
2018-10-16T06:00:00Z,tribes_flathead_Flathead,Flathead,EVI,2059.5998534216274
2018-10-16T06:00:00Z,tribes_flathead_Flathead,Flathead,NDVI,4400.742269700664
2018-11-01T06:00:00Z,tribes_northern-cheyenne_Northern Cheyenne,Northern Cheyenne,EVI,1547.933042639824
2018-11-01T06:00:00Z,tribes_northern-cheyenne_Northern Cheyenne,Northern Cheyenne,NDVI,3589.325087470593
2018-11-01T06:00:00Z,tribes_crow_Crow,Crow,EVI,1375.2048992132934
2018-11-01T06:00:00Z,tribes_crow_Crow,Crow,NDVI,2783.3374699828264
2018-11-01T06:00:00Z,tribes_fort-peck_Fort Peck,Fort Peck,EVI,1226.2223890225796
2018-11-01T06:00:00Z,tribes_fort-peck_Fort Peck,Fort Peck,NDVI,2408.616785758611
2018-11-01T06:00:00Z,tribes_fort-belknap_Fort Belknap,Fort Belknap,EVI,1587.5083297190195
2018-11-01T06:00:00Z,tribes_fort-belknap_Fort Belknap,Fort Belknap,NDVI,3306.3174558832175
2018-11-01T06:00:00Z,tribes_rocky-boys_Rocky Boy's,Rocky Boy's,EVI,1412.6708917397834
2018-11-01T06:00:00Z,tribes_rocky-boys_Rocky Boy's,Rocky Boy's,NDVI,2610.1486209668974
2018-11-01T06:00:00Z,tribes_blackfeet_Blackfeet,Blackfeet,EVI,1514.508782725488
2018-11-01T06:00:00Z,tribes_blackfeet_Blackfeet,Blackfeet,NDVI,2606.0510172538493
2018-11-01T06:00:00Z,tribes_flathead_Flathead,Flathead,EVI,2407.367158671587
2018-11-01T06:00:00Z,tribes_flathead_Flathead,Flathead,NDVI,4040.909594095941
2018-11-17T07:00:00Z,tribes_northern-cheyenne_Northern Cheyenne,Northern Cheyenne,EVI,1716.0991759382075
2018-11-17T07:00:00Z,tribes_northern-cheyenne_Northern Cheyenne,Northern Cheyenne,NDVI,3920.551244928364
2018-11-17T07:00:00Z,tribes_crow_Crow,Crow,EVI,1494.4963178687979
2018-11-17T07:00:00Z,tribes_crow_Crow,Crow,NDVI,2961.001689075785
2018-11-17T07:00:00Z,tribes_fort-peck_Fort Peck,Fort Peck,EVI,1141.7828726655816
2018-11-17T07:00:00Z,tribes_fort-peck_Fort Peck,Fort Peck,NDVI,2484.862815751403
2018-11-17T07:00:00Z,tribes_fort-belknap_Fort Belknap,Fort Belknap,EVI,1550.0453316020312
2018-11-17T07:00:00Z,tribes_fort-belknap_Fort Belknap,Fort Belknap,NDVI,3127.489390150892
2018-11-17T07:00:00Z,tribes_rocky-boys_Rocky Boy's,Rocky Boy's,EVI,1505.8271064776775
2018-11-17T07:00:00Z,tribes_rocky-boys_Rocky Boy's,Rocky Boy's,NDVI,2790.083219693776
2018-11-17T07:00:00Z,tribes_blackfeet_Blackfeet,Blackfeet,EVI,1232.7427313604078
2018-11-17T07:00:00Z,tribes_blackfeet_Blackfeet,Blackfeet,NDVI,2114.013975865327
2018-11-17T07:00:00Z,tribes_flathead_Flathead,Flathead,EVI,1890.508892891662
2018-11-17T07:00:00Z,tribes_flathead_Flathead,Flathead,NDVI,4092.778081597986
2018-12-03T07:00:00Z,tribes_northern-cheyenne_Northern Cheyenne,Northern Cheyenne,EVI,1526.200044096593
2018-12-03T07:00:00Z,tribes_northern-cheyenne_Northern Cheyenne,Northern Cheyenne,NDVI,3237.9386136366466
2018-12-03T07:00:00Z,tribes_crow_Crow,Crow,EVI,1374.776599597983
2018-12-03T07:00:00Z,tribes_crow_Crow,Crow,NDVI,2756.2266890478327
2018-12-03T07:00:00Z,tribes_fort-peck_Fort Peck,Fort Peck,EVI,1089.1165919282514
2018-12-03T07:00:00Z,tribes_fort-peck_Fort Peck,Fort Peck,NDVI,2015.0246636771303
2018-12-03T07:00:00Z,tribes_fort-belknap_Fort Belknap,Fort Belknap,EVI,1303.9660097036433
2018-12-03T07:00:00Z,tribes_fort-belknap_Fort Belknap,Fort Belknap,NDVI,2527.575963117843
2018-12-03T07:00:00Z,tribes_rocky-boys_Rocky Boy's,Rocky Boy's,EVI,1302.7459450456538
2018-12-03T07:00:00Z,tribes_rocky-boys_Rocky Boy's,Rocky Boy's,NDVI,2469.798012453132
2018-12-03T07:00:00Z,tribes_blackfeet_Blackfeet,Blackfeet,EVI,1278.2431930608664
2018-12-03T07:00:00Z,tribes_blackfeet_Blackfeet,Blackfeet,NDVI,2047.4545015907415
2018-12-03T07:00:00Z,tribes_flathead_Flathead,Flathead,EVI,1805.2068313595305
2018-12-03T07:00:00Z,tribes_flathead_Flathead,Flathead,NDVI,3616.3921965936024
2018-12-19T07:00:00Z,tribes_northern-cheyenne_Northern Cheyenne,Northern Cheyenne,EVI,1719.5150385036816
2018-12-19T07:00:00Z,tribes_northern-cheyenne_Northern Cheyenne,Northern Cheyenne,NDVI,3723.5368350712392
2018-12-19T07:00:00Z,tribes_crow_Crow,Crow,EVI,1406.9985157300819
2018-12-19T07:00:00Z,tribes_crow_Crow,Crow,NDVI,2628.4586836942526
2018-12-19T07:00:00Z,tribes_fort-peck_Fort Peck,Fort Peck,EVI,1099.573507498177
2018-12-19T07:00:00Z,tribes_fort-peck_Fort Peck,Fort Peck,NDVI,2127.8203608002277
2018-12-19T07:00:00Z,tribes_fort-belknap_Fort Belknap,Fort Belknap,EVI,1296.1138593686303
2018-12-19T07:00:00Z,tribes_fort-belknap_Fort Belknap,Fort Belknap,NDVI,2500.8275000546255
2018-12-19T07:00:00Z,tribes_rocky-boys_Rocky Boy's,Rocky Boy's,EVI,1368.065347516761
2018-12-19T07:00:00Z,tribes_rocky-boys_Rocky Boy's,Rocky Boy's,NDVI,2592.0135064646365
2018-12-19T07:00:00Z,tribes_blackfeet_Blackfeet,Blackfeet,EVI,1175.5021319541884
2018-12-19T07:00:00Z,tribes_blackfeet_Blackfeet,Blackfeet,NDVI,2048.8942517142154
2018-12-19T07:00:00Z,tribes_flathead_Flathead,Flathead,EVI,1793.6122941834708
2018-12-19T07:00:00Z,tribes_flathead_Flathead,Flathead,NDVI,3392.3696076640254
2019-01-01T07:00:00Z,tribes_northern-cheyenne_Northern Cheyenne,Northern Cheyenne,EVI,1365.4360086718693
2019-01-01T07:00:00Z,tribes_northern-cheyenne_Northern Cheyenne,Northern Cheyenne,NDVI,2727.222119165648
2019-01-01T07:00:00Z,tribes_crow_Crow,Crow,EVI,1228.3371462885486
2019-01-01T07:00:00Z,tribes_crow_Crow,Crow,NDVI,2203.8838037218497
2019-01-01T07:00:00Z,tribes_fort-peck_Fort Peck,Fort Peck,EVI,969.6263317111669
2019-01-01T07:00:00Z,tribes_fort-peck_Fort Peck,Fort Peck,NDVI,2063.1129513653514
2019-01-01T07:00:00Z,tribes_fort-belknap_Fort Belknap,Fort Belknap,EVI,1381.0107301536113
2019-01-01T07:00:00Z,tribes_fort-belknap_Fort Belknap,Fort Belknap,NDVI,2631.1821638776682
2019-01-01T07:00:00Z,tribes_rocky-boys_Rocky Boy's,Rocky Boy's,EVI,1336.7810875036496
2019-01-01T07:00:00Z,tribes_rocky-boys_Rocky Boy's,Rocky Boy's,NDVI,2500.749714505346
2019-01-01T07:00:00Z,tribes_blackfeet_Blackfeet,Blackfeet,EVI,1079.770048460319
2019-01-01T07:00:00Z,tribes_blackfeet_Blackfeet,Blackfeet,NDVI,1879.462676418757
2019-01-01T07:00:00Z,tribes_flathead_Flathead,Flathead,EVI,1362.173076923077
2019-01-01T07:00:00Z,tribes_flathead_Flathead,Flathead,NDVI,3396.25
2019-01-17T07:00:00Z,tribes_northern-cheyenne_Northern Cheyenne,Northern Cheyenne,EVI,816
2019-01-17T07:00:00Z,tribes_northern-cheyenne_Northern Cheyenne,Northern Cheyenne,NDVI,2013.8372093023256
2019-01-17T07:00:00Z,tribes_crow_Crow,Crow,EVI,1385.625
2019-01-17T07:00:00Z,tribes_crow_Crow,Crow,NDVI,2074.7083333333335
2019-01-17T07:00:00Z,tribes_fort-peck_Fort Peck,Fort Peck,EVI,NA
2019-01-17T07:00:00Z,tribes_fort-peck_Fort Peck,Fort Peck,NDVI,NA
2019-01-17T07:00:00Z,tribes_fort-belknap_Fort Belknap,Fort Belknap,EVI,NA
2019-01-17T07:00:00Z,tribes_fort-belknap_Fort Belknap,Fort Belknap,NDVI,NA
2019-01-17T07:00:00Z,tribes_rocky-boys_Rocky Boy's,Rocky Boy's,EVI,NA
2019-01-17T07:00:00Z,tribes_rocky-boys_Rocky Boy's,Rocky Boy's,NDVI,NA
2019-01-17T07:00:00Z,tribes_blackfeet_Blackfeet,Blackfeet,EVI,NA
2019-01-17T07:00:00Z,tribes_blackfeet_Blackfeet,Blackfeet,NDVI,NA
2019-01-17T07:00:00Z,tribes_flathead_Flathead,Flathead,EVI,667
2019-01-17T07:00:00Z,tribes_flathead_Flathead,Flathead,NDVI,3317
2019-02-02T07:00:00Z,tribes_northern-cheyenne_Northern Cheyenne,Northern Cheyenne,EVI,NA
2019-02-02T07:00:00Z,tribes_northern-cheyenne_Northern Cheyenne,Northern Cheyenne,NDVI,NA
2019-02-02T07:00:00Z,tribes_crow_Crow,Crow,EVI,NA
2019-02-02T07:00:00Z,tribes_crow_Crow,Crow,NDVI,NA
2019-02-02T07:00:00Z,tribes_fort-peck_Fort Peck,Fort Peck,EVI,NA
2019-02-02T07:00:00Z,tribes_fort-peck_Fort Peck,Fort Peck,NDVI,NA
2019-02-02T07:00:00Z,tribes_fort-belknap_Fort Belknap,Fort Belknap,EVI,NA
2019-02-02T07:00:00Z,tribes_fort-belknap_Fort Belknap,Fort Belknap,NDVI,NA
2019-02-02T07:00:00Z,tribes_rocky-boys_Rocky Boy's,Rocky Boy's,EVI,NA
2019-02-02T07:00:00Z,tribes_rocky-boys_Rocky Boy's,Rocky Boy's,NDVI,NA
2019-02-02T07:00:00Z,tribes_blackfeet_Blackfeet,Blackfeet,EVI,508.2072600648731
2019-02-02T07:00:00Z,tribes_blackfeet_Blackfeet,Blackfeet,NDVI,1457.093589009731
2019-02-02T07:00:00Z,tribes_flathead_Flathead,Flathead,EVI,NA
2019-02-02T07:00:00Z,tribes_flathead_Flathead,Flathead,NDVI,NA
2019-02-18T07:00:00Z,tribes_northern-cheyenne_Northern Cheyenne,Northern Cheyenne,EVI,NA
2019-02-18T07:00:00Z,tribes_northern-cheyenne_Northern Cheyenne,Northern Cheyenne,NDVI,NA
2019-02-18T07:00:00Z,tribes_crow_Crow,Crow,EVI,NA
2019-02-18T07:00:00Z,tribes_crow_Crow,Crow,NDVI,NA
2019-02-18T07:00:00Z,tribes_fort-peck_Fort Peck,Fort Peck,EVI,NA
2019-02-18T07:00:00Z,tribes_fort-peck_Fort Peck,Fort Peck,NDVI,NA
2019-02-18T07:00:00Z,tribes_fort-belknap_Fort Belknap,Fort Belknap,EVI,NA
2019-02-18T07:00:00Z,tribes_fort-belknap_Fort Belknap,Fort Belknap,NDVI,NA
2019-02-18T07:00:00Z,tribes_rocky-boys_Rocky Boy's,Rocky Boy's,EVI,NA
2019-02-18T07:00:00Z,tribes_rocky-boys_Rocky Boy's,Rocky Boy's,NDVI,NA
2019-02-18T07:00:00Z,tribes_blackfeet_Blackfeet,Blackfeet,EVI,NA
2019-02-18T07:00:00Z,tribes_blackfeet_Blackfeet,Blackfeet,NDVI,NA
2019-02-18T07:00:00Z,tribes_flathead_Flathead,Flathead,EVI,NA
2019-02-18T07:00:00Z,tribes_flathead_Flathead,Flathead,NDVI,NA
2019-03-06T07:00:00Z,tribes_northern-cheyenne_Northern Cheyenne,Northern Cheyenne,EVI,1066.3676639815878
2019-03-06T07:00:00Z,tribes_northern-cheyenne_Northern Cheyenne,Northern Cheyenne,NDVI,2222.313885692367
2019-03-06T07:00:00Z,tribes_crow_Crow,Crow,EVI,1010.2586096256684
2019-03-06T07:00:00Z,tribes_crow_Crow,Crow,NDVI,1914.7150802139045
2019-03-06T07:00:00Z,tribes_fort-peck_Fort Peck,Fort Peck,EVI,NA
2019-03-06T07:00:00Z,tribes_fort-peck_Fort Peck,Fort Peck,NDVI,NA
2019-03-06T07:00:00Z,tribes_fort-belknap_Fort Belknap,Fort Belknap,EVI,NA
2019-03-06T07:00:00Z,tribes_fort-belknap_Fort Belknap,Fort Belknap,NDVI,NA
2019-03-06T07:00:00Z,tribes_rocky-boys_Rocky Boy's,Rocky Boy's,EVI,NA
2019-03-06T07:00:00Z,tribes_rocky-boys_Rocky Boy's,Rocky Boy's,NDVI,NA
2019-03-06T07:00:00Z,tribes_blackfeet_Blackfeet,Blackfeet,EVI,NA
2019-03-06T07:00:00Z,tribes_blackfeet_Blackfeet,Blackfeet,NDVI,NA
2019-03-06T07:00:00Z,tribes_flathead_Flathead,Flathead,EVI,NA
2019-03-06T07:00:00Z,tribes_flathead_Flathead,Flathead,NDVI,NA
2019-03-22T06:00:00Z,tribes_northern-cheyenne_Northern Cheyenne,Northern Cheyenne,EVI,1731.897900824683
2019-03-22T06:00:00Z,tribes_northern-cheyenne_Northern Cheyenne,Northern Cheyenne,NDVI,3145.0560655702943
2019-03-22T06:00:00Z,tribes_crow_Crow,Crow,EVI,1347.2746928805493
2019-03-22T06:00:00Z,tribes_crow_Crow,Crow,NDVI,2492.2089973709594
2019-03-22T06:00:00Z,tribes_fort-peck_Fort Peck,Fort Peck,EVI,970.6361013617527
2019-03-22T06:00:00Z,tribes_fort-peck_Fort Peck,Fort Peck,NDVI,1966.7490387256282
2019-03-22T06:00:00Z,tribes_fort-belknap_Fort Belknap,Fort Belknap,EVI,1267.53738377179
2019-03-22T06:00:00Z,tribes_fort-belknap_Fort Belknap,Fort Belknap,NDVI,2533.0381507793572
2019-03-22T06:00:00Z,tribes_rocky-boys_Rocky Boy's,Rocky Boy's,EVI,1292.3978753030487
2019-03-22T06:00:00Z,tribes_rocky-boys_Rocky Boy's,Rocky Boy's,NDVI,2430.135938902592
2019-03-22T06:00:00Z,tribes_blackfeet_Blackfeet,Blackfeet,EVI,1059.3372502843094
2019-03-22T06:00:00Z,tribes_blackfeet_Blackfeet,Blackfeet,NDVI,1899.7019813276215
2019-03-22T06:00:00Z,tribes_flathead_Flathead,Flathead,EVI,1479.3412982124087
2019-03-22T06:00:00Z,tribes_flathead_Flathead,Flathead,NDVI,2857.1772258954984
2019-04-07T06:00:00Z,tribes_northern-cheyenne_Northern Cheyenne,Northern Cheyenne,EVI,1696.3001318617867
2019-04-07T06:00:00Z,tribes_northern-cheyenne_Northern Cheyenne,Northern Cheyenne,NDVI,3429.905786591645
2019-04-07T06:00:00Z,tribes_crow_Crow,Crow,EVI,1708.3581096499126
2019-04-07T06:00:00Z,tribes_crow_Crow,Crow,NDVI,3056.2525538716145
2019-04-07T06:00:00Z,tribes_fort-peck_Fort Peck,Fort Peck,EVI,1296.731672886088
2019-04-07T06:00:00Z,tribes_fort-peck_Fort Peck,Fort Peck,NDVI,2431.26167995021
2019-04-07T06:00:00Z,tribes_fort-belknap_Fort Belknap,Fort Belknap,EVI,1750.3337569231828
2019-04-07T06:00:00Z,tribes_fort-belknap_Fort Belknap,Fort Belknap,NDVI,3215.8770908706038
2019-04-07T06:00:00Z,tribes_rocky-boys_Rocky Boy's,Rocky Boy's,EVI,1822.5311764277037
2019-04-07T06:00:00Z,tribes_rocky-boys_Rocky Boy's,Rocky Boy's,NDVI,3463.3394797931273
2019-04-07T06:00:00Z,tribes_blackfeet_Blackfeet,Blackfeet,EVI,1442.186210034102
2019-04-07T06:00:00Z,tribes_blackfeet_Blackfeet,Blackfeet,NDVI,2440.130261685861
2019-04-07T06:00:00Z,tribes_flathead_Flathead,Flathead,EVI,2563.6383135783794
2019-04-07T06:00:00Z,tribes_flathead_Flathead,Flathead,NDVI,4508.01039217145
2019-04-23T06:00:00Z,tribes_northern-cheyenne_Northern Cheyenne,Northern Cheyenne,EVI,2213.3702667577327
2019-04-23T06:00:00Z,tribes_northern-cheyenne_Northern Cheyenne,Northern Cheyenne,NDVI,4059.985010830327
2019-04-23T06:00:00Z,tribes_crow_Crow,Crow,EVI,2255.359063326971
2019-04-23T06:00:00Z,tribes_crow_Crow,Crow,NDVI,3862.8570660451737
2019-04-23T06:00:00Z,tribes_fort-peck_Fort Peck,Fort Peck,EVI,1559.3334709265907
2019-04-23T06:00:00Z,tribes_fort-peck_Fort Peck,Fort Peck,NDVI,2789.4896226903597
2019-04-23T06:00:00Z,tribes_fort-belknap_Fort Belknap,Fort Belknap,EVI,2091.123879316961
2019-04-23T06:00:00Z,tribes_fort-belknap_Fort Belknap,Fort Belknap,NDVI,3716.681246278883
2019-04-23T06:00:00Z,tribes_rocky-boys_Rocky Boy's,Rocky Boy's,EVI,2035.3842089379139
2019-04-23T06:00:00Z,tribes_rocky-boys_Rocky Boy's,Rocky Boy's,NDVI,4025.9123255824957
2019-04-23T06:00:00Z,tribes_blackfeet_Blackfeet,Blackfeet,EVI,1541.5786645931246
2019-04-23T06:00:00Z,tribes_blackfeet_Blackfeet,Blackfeet,NDVI,2777.436123435275
2019-04-23T06:00:00Z,tribes_flathead_Flathead,Flathead,EVI,2921.991289416017
2019-04-23T06:00:00Z,tribes_flathead_Flathead,Flathead,NDVI,5116.947039576438
2019-05-09T06:00:00Z,tribes_northern-cheyenne_Northern Cheyenne,Northern Cheyenne,EVI,2279.076893251655
2019-05-09T06:00:00Z,tribes_northern-cheyenne_Northern Cheyenne,Northern Cheyenne,NDVI,4216.3750146908405
2019-05-09T06:00:00Z,tribes_crow_Crow,Crow,EVI,2540.429745637546
2019-05-09T06:00:00Z,tribes_crow_Crow,Crow,NDVI,4373.466441770994
2019-05-09T06:00:00Z,tribes_fort-peck_Fort Peck,Fort Peck,EVI,1864.9588302308457
2019-05-09T06:00:00Z,tribes_fort-peck_Fort Peck,Fort Peck,NDVI,3098.784155633099
2019-05-09T06:00:00Z,tribes_fort-belknap_Fort Belknap,Fort Belknap,EVI,2576.190731460267
2019-05-09T06:00:00Z,tribes_fort-belknap_Fort Belknap,Fort Belknap,NDVI,4196.385433200226
2019-05-09T06:00:00Z,tribes_rocky-boys_Rocky Boy's,Rocky Boy's,EVI,2690.783637449533
2019-05-09T06:00:00Z,tribes_rocky-boys_Rocky Boy's,Rocky Boy's,NDVI,4692.016065544287
2019-05-09T06:00:00Z,tribes_blackfeet_Blackfeet,Blackfeet,EVI,2022.4217724239393
2019-05-09T06:00:00Z,tribes_blackfeet_Blackfeet,Blackfeet,NDVI,3478.562308985117
2019-05-09T06:00:00Z,tribes_flathead_Flathead,Flathead,EVI,3105.959675854337
2019-05-09T06:00:00Z,tribes_flathead_Flathead,Flathead,NDVI,5612.543581363451
2019-05-25T06:00:00Z,tribes_northern-cheyenne_Northern Cheyenne,Northern Cheyenne,EVI,3205.4578263036037
2019-05-25T06:00:00Z,tribes_northern-cheyenne_Northern Cheyenne,Northern Cheyenne,NDVI,5516.693437252666
2019-05-25T06:00:00Z,tribes_crow_Crow,Crow,EVI,3527.4394348811857
2019-05-25T06:00:00Z,tribes_crow_Crow,Crow,NDVI,5645.701329387032
2019-05-25T06:00:00Z,tribes_fort-peck_Fort Peck,Fort Peck,EVI,2289.931700896226
2019-05-25T06:00:00Z,tribes_fort-peck_Fort Peck,Fort Peck,NDVI,3753.1118473426677
2019-05-25T06:00:00Z,tribes_fort-belknap_Fort Belknap,Fort Belknap,EVI,3079.624536729063
2019-05-25T06:00:00Z,tribes_fort-belknap_Fort Belknap,Fort Belknap,NDVI,4907.789011947844
2019-05-25T06:00:00Z,tribes_rocky-boys_Rocky Boy's,Rocky Boy's,EVI,3638.1179602022235
2019-05-25T06:00:00Z,tribes_rocky-boys_Rocky Boy's,Rocky Boy's,NDVI,5902.889270102866
2019-05-25T06:00:00Z,tribes_blackfeet_Blackfeet,Blackfeet,EVI,3037.3564816622147
2019-05-25T06:00:00Z,tribes_blackfeet_Blackfeet,Blackfeet,NDVI,5003.6043785567335
2019-05-25T06:00:00Z,tribes_flathead_Flathead,Flathead,EVI,3739.8724982997733
2019-05-25T06:00:00Z,tribes_flathead_Flathead,Flathead,NDVI,6331.23425733008
2019-06-10T06:00:00Z,tribes_northern-cheyenne_Northern Cheyenne,Northern Cheyenne,EVI,3617.7666242984246
2019-06-10T06:00:00Z,tribes_northern-cheyenne_Northern Cheyenne,Northern Cheyenne,NDVI,6205.292180423619
2019-06-10T06:00:00Z,tribes_crow_Crow,Crow,EVI,3907.4345357236884
2019-06-10T06:00:00Z,tribes_crow_Crow,Crow,NDVI,6320.123807814081
2019-06-10T06:00:00Z,tribes_fort-peck_Fort Peck,Fort Peck,EVI,2638.128199743792
2019-06-10T06:00:00Z,tribes_fort-peck_Fort Peck,Fort Peck,NDVI,4546.684570090762
2019-06-10T06:00:00Z,tribes_fort-belknap_Fort Belknap,Fort Belknap,EVI,3227.857727007935
2019-06-10T06:00:00Z,tribes_fort-belknap_Fort Belknap,Fort Belknap,NDVI,5185.901713684909
2019-06-10T06:00:00Z,tribes_rocky-boys_Rocky Boy's,Rocky Boy's,EVI,4110.624260416508
2019-06-10T06:00:00Z,tribes_rocky-boys_Rocky Boy's,Rocky Boy's,NDVI,6203.0523954973105
2019-06-10T06:00:00Z,tribes_blackfeet_Blackfeet,Blackfeet,EVI,3714.9457127410747
2019-06-10T06:00:00Z,tribes_blackfeet_Blackfeet,Blackfeet,NDVI,5747.4695849276695
2019-06-10T06:00:00Z,tribes_flathead_Flathead,Flathead,EVI,3652.188260707943
2019-06-10T06:00:00Z,tribes_flathead_Flathead,Flathead,NDVI,6061.972952248896
2019-06-26T06:00:00Z,tribes_northern-cheyenne_Northern Cheyenne,Northern Cheyenne,EVI,3409.318258342073
2019-06-26T06:00:00Z,tribes_northern-cheyenne_Northern Cheyenne,Northern Cheyenne,NDVI,6119.977128928812
2019-06-26T06:00:00Z,tribes_crow_Crow,Crow,EVI,3887.828246474044
2019-06-26T06:00:00Z,tribes_crow_Crow,Crow,NDVI,6174.143521037664
2019-06-26T06:00:00Z,tribes_fort-peck_Fort Peck,Fort Peck,EVI,4050.349036697926
2019-06-26T06:00:00Z,tribes_fort-peck_Fort Peck,Fort Peck,NDVI,6648.005532067222
2019-06-26T06:00:00Z,tribes_fort-belknap_Fort Belknap,Fort Belknap,EVI,3257.609635365552
2019-06-26T06:00:00Z,tribes_fort-belknap_Fort Belknap,Fort Belknap,NDVI,5410.325657377454
2019-06-26T06:00:00Z,tribes_rocky-boys_Rocky Boy's,Rocky Boy's,EVI,4191.910828449514
2019-06-26T06:00:00Z,tribes_rocky-boys_Rocky Boy's,Rocky Boy's,NDVI,6596.879457301565
2019-06-26T06:00:00Z,tribes_blackfeet_Blackfeet,Blackfeet,EVI,3883.5075186904674
2019-06-26T06:00:00Z,tribes_blackfeet_Blackfeet,Blackfeet,NDVI,5975.046686687354
2019-06-26T06:00:00Z,tribes_flathead_Flathead,Flathead,EVI,3348.8115930200465
2019-06-26T06:00:00Z,tribes_flathead_Flathead,Flathead,NDVI,6174.522936963124
2019-07-12T06:00:00Z,tribes_northern-cheyenne_Northern Cheyenne,Northern Cheyenne,EVI,3364.5148533215993
2019-07-12T06:00:00Z,tribes_northern-cheyenne_Northern Cheyenne,Northern Cheyenne,NDVI,5877.666079305721
2019-07-12T06:00:00Z,tribes_crow_Crow,Crow,EVI,3505.504367114673
2019-07-12T06:00:00Z,tribes_crow_Crow,Crow,NDVI,5874.796897909541
2019-07-12T06:00:00Z,tribes_fort-peck_Fort Peck,Fort Peck,EVI,4056.0541128685127
2019-07-12T06:00:00Z,tribes_fort-peck_Fort Peck,Fort Peck,NDVI,6475.937862050318
2019-07-12T06:00:00Z,tribes_fort-belknap_Fort Belknap,Fort Belknap,EVI,3057.0940133923295
2019-07-12T06:00:00Z,tribes_fort-belknap_Fort Belknap,Fort Belknap,NDVI,5163.59255589927
2019-07-12T06:00:00Z,tribes_rocky-boys_Rocky Boy's,Rocky Boy's,EVI,3622.003445834634
2019-07-12T06:00:00Z,tribes_rocky-boys_Rocky Boy's,Rocky Boy's,NDVI,5826.042221853204
2019-07-12T06:00:00Z,tribes_blackfeet_Blackfeet,Blackfeet,EVI,3600.082976118557
2019-07-12T06:00:00Z,tribes_blackfeet_Blackfeet,Blackfeet,NDVI,5703.112993883984
2019-07-12T06:00:00Z,tribes_flathead_Flathead,Flathead,EVI,3145.307945588976
2019-07-12T06:00:00Z,tribes_flathead_Flathead,Flathead,NDVI,5695.729614898529
2019-07-28T06:00:00Z,tribes_northern-cheyenne_Northern Cheyenne,Northern Cheyenne,EVI,3128.7283146523455
2019-07-28T06:00:00Z,tribes_northern-cheyenne_Northern Cheyenne,Northern Cheyenne,NDVI,5442.793858677679
2019-07-28T06:00:00Z,tribes_crow_Crow,Crow,EVI,3177.179629289726
2019-07-28T06:00:00Z,tribes_crow_Crow,Crow,NDVI,5283.749041291072
2019-07-28T06:00:00Z,tribes_fort-peck_Fort Peck,Fort Peck,EVI,3348.498969975865
2019-07-28T06:00:00Z,tribes_fort-peck_Fort Peck,Fort Peck,NDVI,5412.855723764024
2019-07-28T06:00:00Z,tribes_fort-belknap_Fort Belknap,Fort Belknap,EVI,2785.773501882372
2019-07-28T06:00:00Z,tribes_fort-belknap_Fort Belknap,Fort Belknap,NDVI,4633.0390660759385
2019-07-28T06:00:00Z,tribes_rocky-boys_Rocky Boy's,Rocky Boy's,EVI,3572.901694293076
2019-07-28T06:00:00Z,tribes_rocky-boys_Rocky Boy's,Rocky Boy's,NDVI,5625.911607895939
2019-07-28T06:00:00Z,tribes_blackfeet_Blackfeet,Blackfeet,EVI,3087.5901056658877
2019-07-28T06:00:00Z,tribes_blackfeet_Blackfeet,Blackfeet,NDVI,4858.829068649534
2019-07-28T06:00:00Z,tribes_flathead_Flathead,Flathead,EVI,2943.127683820244
2019-07-28T06:00:00Z,tribes_flathead_Flathead,Flathead,NDVI,5481.333164135896
2019-08-13T06:00:00Z,tribes_northern-cheyenne_Northern Cheyenne,Northern Cheyenne,EVI,2757.344280431932
2019-08-13T06:00:00Z,tribes_northern-cheyenne_Northern Cheyenne,Northern Cheyenne,NDVI,5136.496791154463
2019-08-13T06:00:00Z,tribes_crow_Crow,Crow,EVI,2720.1256491542927
2019-08-13T06:00:00Z,tribes_crow_Crow,Crow,NDVI,4730.521718781746
2019-08-13T06:00:00Z,tribes_fort-peck_Fort Peck,Fort Peck,EVI,2617.454792488466
2019-08-13T06:00:00Z,tribes_fort-peck_Fort Peck,Fort Peck,NDVI,4565.193237139339
2019-08-13T06:00:00Z,tribes_fort-belknap_Fort Belknap,Fort Belknap,EVI,2469.587946641161
2019-08-13T06:00:00Z,tribes_fort-belknap_Fort Belknap,Fort Belknap,NDVI,4428.470864876403
2019-08-13T06:00:00Z,tribes_rocky-boys_Rocky Boy's,Rocky Boy's,EVI,3040.703354499258
2019-08-13T06:00:00Z,tribes_rocky-boys_Rocky Boy's,Rocky Boy's,NDVI,5452.819171251663
2019-08-13T06:00:00Z,tribes_blackfeet_Blackfeet,Blackfeet,EVI,2610.677945462199
2019-08-13T06:00:00Z,tribes_blackfeet_Blackfeet,Blackfeet,NDVI,4444.597873125991
2019-08-13T06:00:00Z,tribes_flathead_Flathead,Flathead,EVI,2783.30773862163
2019-08-13T06:00:00Z,tribes_flathead_Flathead,Flathead,NDVI,5293.3385793858315
2019-08-29T06:00:00Z,tribes_northern-cheyenne_Northern Cheyenne,Northern Cheyenne,EVI,2426.4886867140895
2019-08-29T06:00:00Z,tribes_northern-cheyenne_Northern Cheyenne,Northern Cheyenne,NDVI,4869.407478143101
2019-08-29T06:00:00Z,tribes_crow_Crow,Crow,EVI,2308.404968696699
2019-08-29T06:00:00Z,tribes_crow_Crow,Crow,NDVI,4229.372558690828
2019-08-29T06:00:00Z,tribes_fort-peck_Fort Peck,Fort Peck,EVI,2296.719084234217
2019-08-29T06:00:00Z,tribes_fort-peck_Fort Peck,Fort Peck,NDVI,4247.2268648770105
2019-08-29T06:00:00Z,tribes_fort-belknap_Fort Belknap,Fort Belknap,EVI,2195.744623039397
2019-08-29T06:00:00Z,tribes_fort-belknap_Fort Belknap,Fort Belknap,NDVI,4025.2943360350196
2019-08-29T06:00:00Z,tribes_rocky-boys_Rocky Boy's,Rocky Boy's,EVI,2783.6992585829307
2019-08-29T06:00:00Z,tribes_rocky-boys_Rocky Boy's,Rocky Boy's,NDVI,5132.888530642173
2019-08-29T06:00:00Z,tribes_blackfeet_Blackfeet,Blackfeet,EVI,2277.5654010511607
2019-08-29T06:00:00Z,tribes_blackfeet_Blackfeet,Blackfeet,NDVI,4069.3372147556047
2019-08-29T06:00:00Z,tribes_flathead_Flathead,Flathead,EVI,2512.285182930657
2019-08-29T06:00:00Z,tribes_flathead_Flathead,Flathead,NDVI,5077.619256266636
2019-09-14T06:00:00Z,tribes_northern-cheyenne_Northern Cheyenne,Northern Cheyenne,EVI,2294.803581228742
2019-09-14T06:00:00Z,tribes_northern-cheyenne_Northern Cheyenne,Northern Cheyenne,NDVI,4758.374629171575
2019-09-14T06:00:00Z,tribes_crow_Crow,Crow,EVI,2147.0108733901507
2019-09-14T06:00:00Z,tribes_crow_Crow,Crow,NDVI,4197.172711557462
2019-09-14T06:00:00Z,tribes_fort-peck_Fort Peck,Fort Peck,EVI,2147.6957005512895
2019-09-14T06:00:00Z,tribes_fort-peck_Fort Peck,Fort Peck,NDVI,4314.0749945184525
2019-09-14T06:00:00Z,tribes_fort-belknap_Fort Belknap,Fort Belknap,EVI,2142.3492349171306
2019-09-14T06:00:00Z,tribes_fort-belknap_Fort Belknap,Fort Belknap,NDVI,4172.429002507758
2019-09-14T06:00:00Z,tribes_rocky-boys_Rocky Boy's,Rocky Boy's,EVI,2729.2795299505797
2019-09-14T06:00:00Z,tribes_rocky-boys_Rocky Boy's,Rocky Boy's,NDVI,5132.14477968073
2019-09-14T06:00:00Z,tribes_blackfeet_Blackfeet,Blackfeet,EVI,2235.923123721132
2019-09-14T06:00:00Z,tribes_blackfeet_Blackfeet,Blackfeet,NDVI,3966.76660821467
2019-09-14T06:00:00Z,tribes_flathead_Flathead,Flathead,EVI,2887.2417235589783
2019-09-14T06:00:00Z,tribes_flathead_Flathead,Flathead,NDVI,5429.019611351054
2019-09-30T06:00:00Z,tribes_northern-cheyenne_Northern Cheyenne,Northern Cheyenne,EVI,2191.7155005460813
2019-09-30T06:00:00Z,tribes_northern-cheyenne_Northern Cheyenne,Northern Cheyenne,NDVI,4798.205698346692
2019-09-30T06:00:00Z,tribes_crow_Crow,Crow,EVI,2186.2673607868624
2019-09-30T06:00:00Z,tribes_crow_Crow,Crow,NDVI,4259.257753919653
2019-09-30T06:00:00Z,tribes_fort-peck_Fort Peck,Fort Peck,EVI,2216.4447860307678
2019-09-30T06:00:00Z,tribes_fort-peck_Fort Peck,Fort Peck,NDVI,4085.131667672839
2019-09-30T06:00:00Z,tribes_fort-belknap_Fort Belknap,Fort Belknap,EVI,1990.816634139666
2019-09-30T06:00:00Z,tribes_fort-belknap_Fort Belknap,Fort Belknap,NDVI,3631.6471953334735
2019-09-30T06:00:00Z,tribes_rocky-boys_Rocky Boy's,Rocky Boy's,EVI,2222.9474818305603
2019-09-30T06:00:00Z,tribes_rocky-boys_Rocky Boy's,Rocky Boy's,NDVI,4431.82063233105
2019-09-30T06:00:00Z,tribes_blackfeet_Blackfeet,Blackfeet,EVI,999.1566784814851
2019-09-30T06:00:00Z,tribes_blackfeet_Blackfeet,Blackfeet,NDVI,1939.1074526629982
2019-09-30T06:00:00Z,tribes_flathead_Flathead,Flathead,EVI,2689.0447559538643
2019-09-30T06:00:00Z,tribes_flathead_Flathead,Flathead,NDVI,5346.135529729657
2019-10-16T06:00:00Z,tribes_northern-cheyenne_Northern Cheyenne,Northern Cheyenne,EVI,1947.632126334352
2019-10-16T06:00:00Z,tribes_northern-cheyenne_Northern Cheyenne,Northern Cheyenne,NDVI,4269.092115071263
2019-10-16T06:00:00Z,tribes_crow_Crow,Crow,EVI,1926.63102855925
2019-10-16T06:00:00Z,tribes_crow_Crow,Crow,NDVI,3689.7286159470264
2019-10-16T06:00:00Z,tribes_fort-peck_Fort Peck,Fort Peck,EVI,1814.1897556366705
2019-10-16T06:00:00Z,tribes_fort-peck_Fort Peck,Fort Peck,NDVI,3412.138253623868
2019-10-16T06:00:00Z,tribes_fort-belknap_Fort Belknap,Fort Belknap,EVI,1898.5182073982412
2019-10-16T06:00:00Z,tribes_fort-belknap_Fort Belknap,Fort Belknap,NDVI,3322.0048912832704
2019-10-16T06:00:00Z,tribes_rocky-boys_Rocky Boy's,Rocky Boy's,EVI,1886.0541803028666
2019-10-16T06:00:00Z,tribes_rocky-boys_Rocky Boy's,Rocky Boy's,NDVI,3693.536925017716
2019-10-16T06:00:00Z,tribes_blackfeet_Blackfeet,Blackfeet,EVI,1532.7136689494564
2019-10-16T06:00:00Z,tribes_blackfeet_Blackfeet,Blackfeet,NDVI,2715.7374038241837
2019-10-16T06:00:00Z,tribes_flathead_Flathead,Flathead,EVI,2330.6262095105376
2019-10-16T06:00:00Z,tribes_flathead_Flathead,Flathead,NDVI,4956.5781904847945
2019-11-01T06:00:00Z,tribes_northern-cheyenne_Northern Cheyenne,Northern Cheyenne,EVI,1793.6793949886878
2019-11-01T06:00:00Z,tribes_northern-cheyenne_Northern Cheyenne,Northern Cheyenne,NDVI,3425.208036368657
2019-11-01T06:00:00Z,tribes_crow_Crow,Crow,EVI,1690.9393651597693
2019-11-01T06:00:00Z,tribes_crow_Crow,Crow,NDVI,3109.0745587717975
2019-11-01T06:00:00Z,tribes_fort-peck_Fort Peck,Fort Peck,EVI,1660.874148715411
2019-11-01T06:00:00Z,tribes_fort-peck_Fort Peck,Fort Peck,NDVI,2843.9316922383787
2019-11-01T06:00:00Z,tribes_fort-belknap_Fort Belknap,Fort Belknap,EVI,1503.488378790742
2019-11-01T06:00:00Z,tribes_fort-belknap_Fort Belknap,Fort Belknap,NDVI,2776.7860108722543
2019-11-01T06:00:00Z,tribes_rocky-boys_Rocky Boy's,Rocky Boy's,EVI,1553.8392199781117
2019-11-01T06:00:00Z,tribes_rocky-boys_Rocky Boy's,Rocky Boy's,NDVI,2689.5888767286824
2019-11-01T06:00:00Z,tribes_blackfeet_Blackfeet,Blackfeet,EVI,1234.319220351441
2019-11-01T06:00:00Z,tribes_blackfeet_Blackfeet,Blackfeet,NDVI,2238.1455396153483
2019-11-01T06:00:00Z,tribes_flathead_Flathead,Flathead,EVI,2351.9904300882768
2019-11-01T06:00:00Z,tribes_flathead_Flathead,Flathead,NDVI,4517.469038973429
2019-11-17T07:00:00Z,tribes_northern-cheyenne_Northern Cheyenne,Northern Cheyenne,EVI,1688.4512193391747
2019-11-17T07:00:00Z,tribes_northern-cheyenne_Northern Cheyenne,Northern Cheyenne,NDVI,3909.8881885896703
2019-11-17T07:00:00Z,tribes_crow_Crow,Crow,EVI,1535.344084502621
2019-11-17T07:00:00Z,tribes_crow_Crow,Crow,NDVI,3152.1954996853156
2019-11-17T07:00:00Z,tribes_fort-peck_Fort Peck,Fort Peck,EVI,1461.9646258896964
2019-11-17T07:00:00Z,tribes_fort-peck_Fort Peck,Fort Peck,NDVI,2906.84300375158
2019-11-17T07:00:00Z,tribes_fort-belknap_Fort Belknap,Fort Belknap,EVI,1436.2813025911767
2019-11-17T07:00:00Z,tribes_fort-belknap_Fort Belknap,Fort Belknap,NDVI,2846.978342160593
2019-11-17T07:00:00Z,tribes_rocky-boys_Rocky Boy's,Rocky Boy's,EVI,1417.9415909758875
2019-11-17T07:00:00Z,tribes_rocky-boys_Rocky Boy's,Rocky Boy's,NDVI,2822.450582900653
2019-11-17T07:00:00Z,tribes_blackfeet_Blackfeet,Blackfeet,EVI,1313.7586206896551
2019-11-17T07:00:00Z,tribes_blackfeet_Blackfeet,Blackfeet,NDVI,2185.1724137931033
2019-11-17T07:00:00Z,tribes_flathead_Flathead,Flathead,EVI,2235.5516811759717
2019-11-17T07:00:00Z,tribes_flathead_Flathead,Flathead,NDVI,4395.705788225939
2019-12-03T07:00:00Z,tribes_northern-cheyenne_Northern Cheyenne,Northern Cheyenne,EVI,1462.5858855711838
2019-12-03T07:00:00Z,tribes_northern-cheyenne_Northern Cheyenne,Northern Cheyenne,NDVI,2997.3750940945524
2019-12-03T07:00:00Z,tribes_crow_Crow,Crow,EVI,1382.799728742802
2019-12-03T07:00:00Z,tribes_crow_Crow,Crow,NDVI,2515.960433863828
2019-12-03T07:00:00Z,tribes_fort-peck_Fort Peck,Fort Peck,EVI,1369.8370957839447
2019-12-03T07:00:00Z,tribes_fort-peck_Fort Peck,Fort Peck,NDVI,2723.5403323137075
2019-12-03T07:00:00Z,tribes_fort-belknap_Fort Belknap,Fort Belknap,EVI,1425.0668961314861
2019-12-03T07:00:00Z,tribes_fort-belknap_Fort Belknap,Fort Belknap,NDVI,2489.0723308245897
2019-12-03T07:00:00Z,tribes_rocky-boys_Rocky Boy's,Rocky Boy's,EVI,NA
2019-12-03T07:00:00Z,tribes_rocky-boys_Rocky Boy's,Rocky Boy's,NDVI,NA
2019-12-03T07:00:00Z,tribes_blackfeet_Blackfeet,Blackfeet,EVI,NA
2019-12-03T07:00:00Z,tribes_blackfeet_Blackfeet,Blackfeet,NDVI,NA
2019-12-03T07:00:00Z,tribes_flathead_Flathead,Flathead,EVI,2042.6003430531732
2019-12-03T07:00:00Z,tribes_flathead_Flathead,Flathead,NDVI,3666.9708404802745
2019-12-19T07:00:00Z,tribes_northern-cheyenne_Northern Cheyenne,Northern Cheyenne,EVI,718.7687572143133
2019-12-19T07:00:00Z,tribes_northern-cheyenne_Northern Cheyenne,Northern Cheyenne,NDVI,1691.0088495575224
2019-12-19T07:00:00Z,tribes_crow_Crow,Crow,EVI,1382.3951221745588
2019-12-19T07:00:00Z,tribes_crow_Crow,Crow,NDVI,2542.5261326157756
2019-12-19T07:00:00Z,tribes_fort-peck_Fort Peck,Fort Peck,EVI,NA
2019-12-19T07:00:00Z,tribes_fort-peck_Fort Peck,Fort Peck,NDVI,NA
2019-12-19T07:00:00Z,tribes_fort-belknap_Fort Belknap,Fort Belknap,EVI,1308.3967767434838
2019-12-19T07:00:00Z,tribes_fort-belknap_Fort Belknap,Fort Belknap,NDVI,2419.887520582001
2019-12-19T07:00:00Z,tribes_rocky-boys_Rocky Boy's,Rocky Boy's,EVI,1222.975256082773
2019-12-19T07:00:00Z,tribes_rocky-boys_Rocky Boy's,Rocky Boy's,NDVI,2348.6027401501674
2019-12-19T07:00:00Z,tribes_blackfeet_Blackfeet,Blackfeet,EVI,1002.0205392867223
2019-12-19T07:00:00Z,tribes_blackfeet_Blackfeet,Blackfeet,NDVI,1869.9610370205226
2019-12-19T07:00:00Z,tribes_flathead_Flathead,Flathead,EVI,2153.288867192616
2019-12-19T07:00:00Z,tribes_flathead_Flathead,Flathead,NDVI,4254.676060364611
2020-01-01T07:00:00Z,tribes_northern-cheyenne_Northern Cheyenne,Northern Cheyenne,EVI,878.4405707121963
2020-01-01T07:00:00Z,tribes_northern-cheyenne_Northern Cheyenne,Northern Cheyenne,NDVI,2523.0109247209116
2020-01-01T07:00:00Z,tribes_crow_Crow,Crow,EVI,1212.996763731837
2020-01-01T07:00:00Z,tribes_crow_Crow,Crow,NDVI,2388.714514802588
2020-01-01T07:00:00Z,tribes_fort-peck_Fort Peck,Fort Peck,EVI,NA
2020-01-01T07:00:00Z,tribes_fort-peck_Fort Peck,Fort Peck,NDVI,NA
2020-01-01T07:00:00Z,tribes_fort-belknap_Fort Belknap,Fort Belknap,EVI,1277.8953753064218
2020-01-01T07:00:00Z,tribes_fort-belknap_Fort Belknap,Fort Belknap,NDVI,2300.1004955237186
2020-01-01T07:00:00Z,tribes_rocky-boys_Rocky Boy's,Rocky Boy's,EVI,1203.867316981163
2020-01-01T07:00:00Z,tribes_rocky-boys_Rocky Boy's,Rocky Boy's,NDVI,2369.997785814452
2020-01-01T07:00:00Z,tribes_blackfeet_Blackfeet,Blackfeet,EVI,1029.4489260280407
2020-01-01T07:00:00Z,tribes_blackfeet_Blackfeet,Blackfeet,NDVI,1892.9942183238886
2020-01-01T07:00:00Z,tribes_flathead_Flathead,Flathead,EVI,1950.0447368421053
2020-01-01T07:00:00Z,tribes_flathead_Flathead,Flathead,NDVI,3339.8184210526315
2020-01-17T07:00:00Z,tribes_northern-cheyenne_Northern Cheyenne,Northern Cheyenne,EVI,1376.0997449681934
2020-01-17T07:00:00Z,tribes_northern-cheyenne_Northern Cheyenne,Northern Cheyenne,NDVI,3000.9412716813276
2020-01-17T07:00:00Z,tribes_crow_Crow,Crow,EVI,1347.8506332923278
2020-01-17T07:00:00Z,tribes_crow_Crow,Crow,NDVI,2519.9428398875802
2020-01-17T07:00:00Z,tribes_fort-peck_Fort Peck,Fort Peck,EVI,1287.7777777777778
2020-01-17T07:00:00Z,tribes_fort-peck_Fort Peck,Fort Peck,NDVI,2039.7777777777778
2020-01-17T07:00:00Z,tribes_fort-belknap_Fort Belknap,Fort Belknap,EVI,1199.4727507251712
2020-01-17T07:00:00Z,tribes_fort-belknap_Fort Belknap,Fort Belknap,NDVI,2301.36464375787
2020-01-17T07:00:00Z,tribes_rocky-boys_Rocky Boy's,Rocky Boy's,EVI,1210.0994792161327
2020-01-17T07:00:00Z,tribes_rocky-boys_Rocky Boy's,Rocky Boy's,NDVI,2454.6983727482793
2020-01-17T07:00:00Z,tribes_blackfeet_Blackfeet,Blackfeet,EVI,1091.1226799598696
2020-01-17T07:00:00Z,tribes_blackfeet_Blackfeet,Blackfeet,NDVI,1936.823176969888
2020-01-17T07:00:00Z,tribes_flathead_Flathead,Flathead,EVI,1950.1090909090908
2020-01-17T07:00:00Z,tribes_flathead_Flathead,Flathead,NDVI,4005.418181818182
2020-02-02T07:00:00Z,tribes_northern-cheyenne_Northern Cheyenne,Northern Cheyenne,EVI,NA
2020-02-02T07:00:00Z,tribes_northern-cheyenne_Northern Cheyenne,Northern Cheyenne,NDVI,NA
2020-02-02T07:00:00Z,tribes_crow_Crow,Crow,EVI,NA
2020-02-02T07:00:00Z,tribes_crow_Crow,Crow,NDVI,NA
2020-02-02T07:00:00Z,tribes_fort-peck_Fort Peck,Fort Peck,EVI,1215.3140145628606
2020-02-02T07:00:00Z,tribes_fort-peck_Fort Peck,Fort Peck,NDVI,2144.824669245987
2020-02-02T07:00:00Z,tribes_fort-belknap_Fort Belknap,Fort Belknap,EVI,1160.424838179349
2020-02-02T07:00:00Z,tribes_fort-belknap_Fort Belknap,Fort Belknap,NDVI,2159.940500414041
2020-02-02T07:00:00Z,tribes_rocky-boys_Rocky Boy's,Rocky Boy's,EVI,1175.0176823843415
2020-02-02T07:00:00Z,tribes_rocky-boys_Rocky Boy's,Rocky Boy's,NDVI,2313.9175282243204
2020-02-02T07:00:00Z,tribes_blackfeet_Blackfeet,Blackfeet,EVI,1071.8656484217292
2020-02-02T07:00:00Z,tribes_blackfeet_Blackfeet,Blackfeet,NDVI,1870.7002852612522
2020-02-02T07:00:00Z,tribes_flathead_Flathead,Flathead,EVI,1824.0954026362015
2020-02-02T07:00:00Z,tribes_flathead_Flathead,Flathead,NDVI,3459.055436015822
2020-02-18T07:00:00Z,tribes_northern-cheyenne_Northern Cheyenne,Northern Cheyenne,EVI,1259.1346228281448
2020-02-18T07:00:00Z,tribes_northern-cheyenne_Northern Cheyenne,Northern Cheyenne,NDVI,2618.8465562102197
2020-02-18T07:00:00Z,tribes_crow_Crow,Crow,EVI,1228.933228675261
2020-02-18T07:00:00Z,tribes_crow_Crow,Crow,NDVI,2264.645607807991
2020-02-18T07:00:00Z,tribes_fort-peck_Fort Peck,Fort Peck,EVI,1157.2760249335067
2020-02-18T07:00:00Z,tribes_fort-peck_Fort Peck,Fort Peck,NDVI,2222.23083529591
2020-02-18T07:00:00Z,tribes_fort-belknap_Fort Belknap,Fort Belknap,EVI,1117.6729954932955
2020-02-18T07:00:00Z,tribes_fort-belknap_Fort Belknap,Fort Belknap,NDVI,2199.6189698030053
2020-02-18T07:00:00Z,tribes_rocky-boys_Rocky Boy's,Rocky Boy's,EVI,1162.8488387570683
2020-02-18T07:00:00Z,tribes_rocky-boys_Rocky Boy's,Rocky Boy's,NDVI,2263.527393106983
2020-02-18T07:00:00Z,tribes_blackfeet_Blackfeet,Blackfeet,EVI,1087.0082492758777
2020-02-18T07:00:00Z,tribes_blackfeet_Blackfeet,Blackfeet,NDVI,1878.2702382274092
2020-02-18T07:00:00Z,tribes_flathead_Flathead,Flathead,EVI,1751.6952985354476
2020-02-18T07:00:00Z,tribes_flathead_Flathead,Flathead,NDVI,3518.770331747237
2020-03-05T07:00:00Z,tribes_northern-cheyenne_Northern Cheyenne,Northern Cheyenne,EVI,1437.3514422175392
2020-03-05T07:00:00Z,tribes_northern-cheyenne_Northern Cheyenne,Northern Cheyenne,NDVI,3025.713891384479
2020-03-05T07:00:00Z,tribes_crow_Crow,Crow,EVI,1290.3396758463246
2020-03-05T07:00:00Z,tribes_crow_Crow,Crow,NDVI,2424.8824507201175
2020-03-05T07:00:00Z,tribes_fort-peck_Fort Peck,Fort Peck,EVI,1205.4799581513632
2020-03-05T07:00:00Z,tribes_fort-peck_Fort Peck,Fort Peck,NDVI,2262.632792167236
2020-03-05T07:00:00Z,tribes_fort-belknap_Fort Belknap,Fort Belknap,EVI,1247.8015934846164
2020-03-05T07:00:00Z,tribes_fort-belknap_Fort Belknap,Fort Belknap,NDVI,2208.7562626045024
2020-03-05T07:00:00Z,tribes_rocky-boys_Rocky Boy's,Rocky Boy's,EVI,1426.8790917107585
2020-03-05T07:00:00Z,tribes_rocky-boys_Rocky Boy's,Rocky Boy's,NDVI,2242.7356084656085
2020-03-05T07:00:00Z,tribes_blackfeet_Blackfeet,Blackfeet,EVI,1177.788620260412
2020-03-05T07:00:00Z,tribes_blackfeet_Blackfeet,Blackfeet,NDVI,1925.7404401195383
2020-03-05T07:00:00Z,tribes_flathead_Flathead,Flathead,EVI,2001.0719842254957
2020-03-05T07:00:00Z,tribes_flathead_Flathead,Flathead,NDVI,3787.4781639467396
2020-03-21T06:00:00Z,tribes_northern-cheyenne_Northern Cheyenne,Northern Cheyenne,EVI,1635.2011941978901
2020-03-21T06:00:00Z,tribes_northern-cheyenne_Northern Cheyenne,Northern Cheyenne,NDVI,3316.9023621616884
2020-03-21T06:00:00Z,tribes_crow_Crow,Crow,EVI,1558.1264410510908
2020-03-21T06:00:00Z,tribes_crow_Crow,Crow,NDVI,2700.3941060372754
2020-03-21T06:00:00Z,tribes_fort-peck_Fort Peck,Fort Peck,EVI,1255.9085840173113
2020-03-21T06:00:00Z,tribes_fort-peck_Fort Peck,Fort Peck,NDVI,2338.0381751588147
2020-03-21T06:00:00Z,tribes_fort-belknap_Fort Belknap,Fort Belknap,EVI,1295.7889840780022
2020-03-21T06:00:00Z,tribes_fort-belknap_Fort Belknap,Fort Belknap,NDVI,2401.480302368368
2020-03-21T06:00:00Z,tribes_rocky-boys_Rocky Boy's,Rocky Boy's,EVI,1268.1574277502223
2020-03-21T06:00:00Z,tribes_rocky-boys_Rocky Boy's,Rocky Boy's,NDVI,2394.801236643747
2020-03-21T06:00:00Z,tribes_blackfeet_Blackfeet,Blackfeet,EVI,1010.4015061454515
2020-03-21T06:00:00Z,tribes_blackfeet_Blackfeet,Blackfeet,NDVI,1894.1702392025588
2020-03-21T06:00:00Z,tribes_flathead_Flathead,Flathead,EVI,2045.2260979892494
2020-03-21T06:00:00Z,tribes_flathead_Flathead,Flathead,NDVI,3835.690818284942
2020-04-06T06:00:00Z,tribes_northern-cheyenne_Northern Cheyenne,Northern Cheyenne,EVI,1887.9719059626027
2020-04-06T06:00:00Z,tribes_northern-cheyenne_Northern Cheyenne,Northern Cheyenne,NDVI,3499.132432798086
2020-04-06T06:00:00Z,tribes_crow_Crow,Crow,EVI,1810.1882734337385
2020-04-06T06:00:00Z,tribes_crow_Crow,Crow,NDVI,3093.839704563869
2020-04-06T06:00:00Z,tribes_fort-peck_Fort Peck,Fort Peck,EVI,1364.7078257180322
2020-04-06T06:00:00Z,tribes_fort-peck_Fort Peck,Fort Peck,NDVI,2310.5442131335035
2020-04-06T06:00:00Z,tribes_fort-belknap_Fort Belknap,Fort Belknap,EVI,1593.201487164485
2020-04-06T06:00:00Z,tribes_fort-belknap_Fort Belknap,Fort Belknap,NDVI,2711.6751620888795
2020-04-06T06:00:00Z,tribes_rocky-boys_Rocky Boy's,Rocky Boy's,EVI,1636.0788910800982
2020-04-06T06:00:00Z,tribes_rocky-boys_Rocky Boy's,Rocky Boy's,NDVI,2760.6771199939353
2020-04-06T06:00:00Z,tribes_blackfeet_Blackfeet,Blackfeet,EVI,1234.4136955703134
2020-04-06T06:00:00Z,tribes_blackfeet_Blackfeet,Blackfeet,NDVI,2176.762984566937
2020-04-06T06:00:00Z,tribes_flathead_Flathead,Flathead,EVI,2473.294156075527
2020-04-06T06:00:00Z,tribes_flathead_Flathead,Flathead,NDVI,4270.219034353509
2020-04-22T06:00:00Z,tribes_northern-cheyenne_Northern Cheyenne,Northern Cheyenne,EVI,2297.9093508827204
2020-04-22T06:00:00Z,tribes_northern-cheyenne_Northern Cheyenne,Northern Cheyenne,NDVI,4135.628022028371
2020-04-22T06:00:00Z,tribes_crow_Crow,Crow,EVI,2375.518011180737
2020-04-22T06:00:00Z,tribes_crow_Crow,Crow,NDVI,3991.3348038894856
2020-04-22T06:00:00Z,tribes_fort-peck_Fort Peck,Fort Peck,EVI,1709.8246698593744
2020-04-22T06:00:00Z,tribes_fort-peck_Fort Peck,Fort Peck,NDVI,2832.6085195743935
2020-04-22T06:00:00Z,tribes_fort-belknap_Fort Belknap,Fort Belknap,EVI,2259.0739703324384
2020-04-22T06:00:00Z,tribes_fort-belknap_Fort Belknap,Fort Belknap,NDVI,3566.8208472133906
2020-04-22T06:00:00Z,tribes_rocky-boys_Rocky Boy's,Rocky Boy's,EVI,2166.838805528833
2020-04-22T06:00:00Z,tribes_rocky-boys_Rocky Boy's,Rocky Boy's,NDVI,3691.2668801093637
2020-04-22T06:00:00Z,tribes_blackfeet_Blackfeet,Blackfeet,EVI,1778.304292448935
2020-04-22T06:00:00Z,tribes_blackfeet_Blackfeet,Blackfeet,NDVI,2895.019401827811
2020-04-22T06:00:00Z,tribes_flathead_Flathead,Flathead,EVI,3213.824912471952
2020-04-22T06:00:00Z,tribes_flathead_Flathead,Flathead,NDVI,5382.994351307087
2020-05-08T06:00:00Z,tribes_northern-cheyenne_Northern Cheyenne,Northern Cheyenne,EVI,2776.069333929317
2020-05-08T06:00:00Z,tribes_northern-cheyenne_Northern Cheyenne,Northern Cheyenne,NDVI,5034.073754793746
2020-05-08T06:00:00Z,tribes_crow_Crow,Crow,EVI,2937.8107218216956
2020-05-08T06:00:00Z,tribes_crow_Crow,Crow,NDVI,4904.402901749115
2020-05-08T06:00:00Z,tribes_fort-peck_Fort Peck,Fort Peck,EVI,2205.0136034597417
2020-05-08T06:00:00Z,tribes_fort-peck_Fort Peck,Fort Peck,NDVI,3630.8702267927574
2020-05-08T06:00:00Z,tribes_fort-belknap_Fort Belknap,Fort Belknap,EVI,2528.142392263543
2020-05-08T06:00:00Z,tribes_fort-belknap_Fort Belknap,Fort Belknap,NDVI,4242.749593819683
2020-05-08T06:00:00Z,tribes_rocky-boys_Rocky Boy's,Rocky Boy's,EVI,2643.8301358259714
2020-05-08T06:00:00Z,tribes_rocky-boys_Rocky Boy's,Rocky Boy's,NDVI,4452.546374406445
2020-05-08T06:00:00Z,tribes_blackfeet_Blackfeet,Blackfeet,EVI,2198.94661237316
2020-05-08T06:00:00Z,tribes_blackfeet_Blackfeet,Blackfeet,NDVI,3803.364100769355
2020-05-08T06:00:00Z,tribes_flathead_Flathead,Flathead,EVI,3299.7138016987565
2020-05-08T06:00:00Z,tribes_flathead_Flathead,Flathead,NDVI,5785.853534154642
2020-05-24T06:00:00Z,tribes_northern-cheyenne_Northern Cheyenne,Northern Cheyenne,EVI,3585.9769229213957
2020-05-24T06:00:00Z,tribes_northern-cheyenne_Northern Cheyenne,Northern Cheyenne,NDVI,5686.242272714107
2020-05-24T06:00:00Z,tribes_crow_Crow,Crow,EVI,3725.025495060925
2020-05-24T06:00:00Z,tribes_crow_Crow,Crow,NDVI,5809.062588290475
2020-05-24T06:00:00Z,tribes_fort-peck_Fort Peck,Fort Peck,EVI,2721.7627252063776
2020-05-24T06:00:00Z,tribes_fort-peck_Fort Peck,Fort Peck,NDVI,4221.223328588136
2020-05-24T06:00:00Z,tribes_fort-belknap_Fort Belknap,Fort Belknap,EVI,2878.6119469788882
2020-05-24T06:00:00Z,tribes_fort-belknap_Fort Belknap,Fort Belknap,NDVI,4724.907641461406
2020-05-24T06:00:00Z,tribes_rocky-boys_Rocky Boy's,Rocky Boy's,EVI,3495.69569541285
2020-05-24T06:00:00Z,tribes_rocky-boys_Rocky Boy's,Rocky Boy's,NDVI,5968.400494619011
2020-05-24T06:00:00Z,tribes_blackfeet_Blackfeet,Blackfeet,EVI,2701.441055283281
2020-05-24T06:00:00Z,tribes_blackfeet_Blackfeet,Blackfeet,NDVI,4361.617942272151
2020-05-24T06:00:00Z,tribes_flathead_Flathead,Flathead,EVI,3750.797318929804
2020-05-24T06:00:00Z,tribes_flathead_Flathead,Flathead,NDVI,6267.741368918903
2020-06-09T06:00:00Z,tribes_northern-cheyenne_Northern Cheyenne,Northern Cheyenne,EVI,3344.8589663205844
2020-06-09T06:00:00Z,tribes_northern-cheyenne_Northern Cheyenne,Northern Cheyenne,NDVI,5479.140891508919
2020-06-09T06:00:00Z,tribes_crow_Crow,Crow,EVI,3556.2128312019236
2020-06-09T06:00:00Z,tribes_crow_Crow,Crow,NDVI,5732.997214535809
2020-06-09T06:00:00Z,tribes_fort-peck_Fort Peck,Fort Peck,EVI,3313.3017237929707
2020-06-09T06:00:00Z,tribes_fort-peck_Fort Peck,Fort Peck,NDVI,5234.215126614025
2020-06-09T06:00:00Z,tribes_fort-belknap_Fort Belknap,Fort Belknap,EVI,3125.8064658656804
2020-06-09T06:00:00Z,tribes_fort-belknap_Fort Belknap,Fort Belknap,NDVI,5031.262382549785
2020-06-09T06:00:00Z,tribes_rocky-boys_Rocky Boy's,Rocky Boy's,EVI,4026.7609176364767
2020-06-09T06:00:00Z,tribes_rocky-boys_Rocky Boy's,Rocky Boy's,NDVI,6371.012199172313
2020-06-09T06:00:00Z,tribes_blackfeet_Blackfeet,Blackfeet,EVI,3625.868072902067
2020-06-09T06:00:00Z,tribes_blackfeet_Blackfeet,Blackfeet,NDVI,5850.167500978495
2020-06-09T06:00:00Z,tribes_flathead_Flathead,Flathead,EVI,3578.5722103931907
2020-06-09T06:00:00Z,tribes_flathead_Flathead,Flathead,NDVI,6388.275799410212
2020-06-25T06:00:00Z,tribes_northern-cheyenne_Northern Cheyenne,Northern Cheyenne,EVI,3043.2656178909742
2020-06-25T06:00:00Z,tribes_northern-cheyenne_Northern Cheyenne,Northern Cheyenne,NDVI,5489.864877707087
2020-06-25T06:00:00Z,tribes_crow_Crow,Crow,EVI,3369.789317315336
2020-06-25T06:00:00Z,tribes_crow_Crow,Crow,NDVI,5411.489857330018
2020-06-25T06:00:00Z,tribes_fort-peck_Fort Peck,Fort Peck,EVI,3838.560699028446
2020-06-25T06:00:00Z,tribes_fort-peck_Fort Peck,Fort Peck,NDVI,6242.614939165751
2020-06-25T06:00:00Z,tribes_fort-belknap_Fort Belknap,Fort Belknap,EVI,3091.5610447325753
2020-06-25T06:00:00Z,tribes_fort-belknap_Fort Belknap,Fort Belknap,NDVI,5352.799368038972
2020-06-25T06:00:00Z,tribes_rocky-boys_Rocky Boy's,Rocky Boy's,EVI,4187.792295129644
2020-06-25T06:00:00Z,tribes_rocky-boys_Rocky Boy's,Rocky Boy's,NDVI,6742.73652106805
2020-06-25T06:00:00Z,tribes_blackfeet_Blackfeet,Blackfeet,EVI,4030.626948664063
2020-06-25T06:00:00Z,tribes_blackfeet_Blackfeet,Blackfeet,NDVI,6187.101895132979
2020-06-25T06:00:00Z,tribes_flathead_Flathead,Flathead,EVI,3349.6072462837783
2020-06-25T06:00:00Z,tribes_flathead_Flathead,Flathead,NDVI,6130.187045175243
2020-07-11T06:00:00Z,tribes_northern-cheyenne_Northern Cheyenne,Northern Cheyenne,EVI,2774.3966192013527
2020-07-11T06:00:00Z,tribes_northern-cheyenne_Northern Cheyenne,Northern Cheyenne,NDVI,4814.0037063748105
2020-07-11T06:00:00Z,tribes_crow_Crow,Crow,EVI,2903.7443696110763
2020-07-11T06:00:00Z,tribes_crow_Crow,Crow,NDVI,4746.787786690396
2020-07-11T06:00:00Z,tribes_fort-peck_Fort Peck,Fort Peck,EVI,4082.444907758976
2020-07-11T06:00:00Z,tribes_fort-peck_Fort Peck,Fort Peck,NDVI,6308.602805257404
2020-07-11T06:00:00Z,tribes_fort-belknap_Fort Belknap,Fort Belknap,EVI,3069.2683297082317
2020-07-11T06:00:00Z,tribes_fort-belknap_Fort Belknap,Fort Belknap,NDVI,5319.652084316281
2020-07-11T06:00:00Z,tribes_rocky-boys_Rocky Boy's,Rocky Boy's,EVI,4042.0290459604953
2020-07-11T06:00:00Z,tribes_rocky-boys_Rocky Boy's,Rocky Boy's,NDVI,6715.693093472378
2020-07-11T06:00:00Z,tribes_blackfeet_Blackfeet,Blackfeet,EVI,3840.22969408129
2020-07-11T06:00:00Z,tribes_blackfeet_Blackfeet,Blackfeet,NDVI,5977.695826140434
2020-07-11T06:00:00Z,tribes_flathead_Flathead,Flathead,EVI,3198.8867243432774
2020-07-11T06:00:00Z,tribes_flathead_Flathead,Flathead,NDVI,5853.967304268406
2020-07-27T06:00:00Z,tribes_northern-cheyenne_Northern Cheyenne,Northern Cheyenne,EVI,2576.577322703372
2020-07-27T06:00:00Z,tribes_northern-cheyenne_Northern Cheyenne,Northern Cheyenne,NDVI,4406.022438460754
2020-07-27T06:00:00Z,tribes_crow_Crow,Crow,EVI,2497.4687368910504
2020-07-27T06:00:00Z,tribes_crow_Crow,Crow,NDVI,4154.644592386216
2020-07-27T06:00:00Z,tribes_fort-peck_Fort Peck,Fort Peck,EVI,3255.0786371264808
2020-07-27T06:00:00Z,tribes_fort-peck_Fort Peck,Fort Peck,NDVI,5042.362457136136
2020-07-27T06:00:00Z,tribes_fort-belknap_Fort Belknap,Fort Belknap,EVI,2430.7140502665275
2020-07-27T06:00:00Z,tribes_fort-belknap_Fort Belknap,Fort Belknap,NDVI,4158.085610941601
2020-07-27T06:00:00Z,tribes_rocky-boys_Rocky Boy's,Rocky Boy's,EVI,3506.134022645939
2020-07-27T06:00:00Z,tribes_rocky-boys_Rocky Boy's,Rocky Boy's,NDVI,5813.3850616404625
2020-07-27T06:00:00Z,tribes_blackfeet_Blackfeet,Blackfeet,EVI,3374.273101069394
2020-07-27T06:00:00Z,tribes_blackfeet_Blackfeet,Blackfeet,NDVI,5290.291524127828
2020-07-27T06:00:00Z,tribes_flathead_Flathead,Flathead,EVI,3075.362899088064
2020-07-27T06:00:00Z,tribes_flathead_Flathead,Flathead,NDVI,5538.719675879055
2020-08-12T06:00:00Z,tribes_northern-cheyenne_Northern Cheyenne,Northern Cheyenne,EVI,2253.57926972305
2020-08-12T06:00:00Z,tribes_northern-cheyenne_Northern Cheyenne,Northern Cheyenne,NDVI,4087.687482338256
2020-08-12T06:00:00Z,tribes_crow_Crow,Crow,EVI,2201.4362961470015
2020-08-12T06:00:00Z,tribes_crow_Crow,Crow,NDVI,3693.149418170345
2020-08-12T06:00:00Z,tribes_fort-peck_Fort Peck,Fort Peck,EVI,2193.5491835473917
2020-08-12T06:00:00Z,tribes_fort-peck_Fort Peck,Fort Peck,NDVI,3545.0315186454727
2020-08-12T06:00:00Z,tribes_fort-belknap_Fort Belknap,Fort Belknap,EVI,2113.7118163789046
2020-08-12T06:00:00Z,tribes_fort-belknap_Fort Belknap,Fort Belknap,NDVI,3572.080202666056
2020-08-12T06:00:00Z,tribes_rocky-boys_Rocky Boy's,Rocky Boy's,EVI,3109.5961665362997
2020-08-12T06:00:00Z,tribes_rocky-boys_Rocky Boy's,Rocky Boy's,NDVI,5185.3810586163445
2020-08-12T06:00:00Z,tribes_blackfeet_Blackfeet,Blackfeet,EVI,2754.7014172431695
2020-08-12T06:00:00Z,tribes_blackfeet_Blackfeet,Blackfeet,NDVI,4320.927614247687
2020-08-12T06:00:00Z,tribes_flathead_Flathead,Flathead,EVI,2749.8420744346795
2020-08-12T06:00:00Z,tribes_flathead_Flathead,Flathead,NDVI,5262.309921283372
2020-08-28T06:00:00Z,tribes_northern-cheyenne_Northern Cheyenne,Northern Cheyenne,EVI,2173.5231874823376
2020-08-28T06:00:00Z,tribes_northern-cheyenne_Northern Cheyenne,Northern Cheyenne,NDVI,3976.41652582733
2020-08-28T06:00:00Z,tribes_crow_Crow,Crow,EVI,2032.0672389431966
2020-08-28T06:00:00Z,tribes_crow_Crow,Crow,NDVI,3509.520634026326
2020-08-28T06:00:00Z,tribes_fort-peck_Fort Peck,Fort Peck,EVI,2020.5707922911092
2020-08-28T06:00:00Z,tribes_fort-peck_Fort Peck,Fort Peck,NDVI,3179.9392513446933
2020-08-28T06:00:00Z,tribes_fort-belknap_Fort Belknap,Fort Belknap,EVI,2025.677582161917
2020-08-28T06:00:00Z,tribes_fort-belknap_Fort Belknap,Fort Belknap,NDVI,3412.01137087329
2020-08-28T06:00:00Z,tribes_rocky-boys_Rocky Boy's,Rocky Boy's,EVI,2743.8736228679386
2020-08-28T06:00:00Z,tribes_rocky-boys_Rocky Boy's,Rocky Boy's,NDVI,4744.252596940059
2020-08-28T06:00:00Z,tribes_blackfeet_Blackfeet,Blackfeet,EVI,2465.251854299741
2020-08-28T06:00:00Z,tribes_blackfeet_Blackfeet,Blackfeet,NDVI,4013.3483439154993
2020-08-28T06:00:00Z,tribes_flathead_Flathead,Flathead,EVI,2654.799910004043
2020-08-28T06:00:00Z,tribes_flathead_Flathead,Flathead,NDVI,5065.375874511991
2020-09-13T06:00:00Z,tribes_northern-cheyenne_Northern Cheyenne,Northern Cheyenne,EVI,2074.4037635308728
2020-09-13T06:00:00Z,tribes_northern-cheyenne_Northern Cheyenne,Northern Cheyenne,NDVI,3733.936359278323
2020-09-13T06:00:00Z,tribes_crow_Crow,Crow,EVI,1938.8484982514524
2020-09-13T06:00:00Z,tribes_crow_Crow,Crow,NDVI,3166.8675106319333
2020-09-13T06:00:00Z,tribes_fort-peck_Fort Peck,Fort Peck,EVI,1715.2557729441237
2020-09-13T06:00:00Z,tribes_fort-peck_Fort Peck,Fort Peck,NDVI,2670.552291524022
2020-09-13T06:00:00Z,tribes_fort-belknap_Fort Belknap,Fort Belknap,EVI,2132.7810590681934
2020-09-13T06:00:00Z,tribes_fort-belknap_Fort Belknap,Fort Belknap,NDVI,3346.4746533933026
2020-09-13T06:00:00Z,tribes_rocky-boys_Rocky Boy's,Rocky Boy's,EVI,2784.8150404546386
2020-09-13T06:00:00Z,tribes_rocky-boys_Rocky Boy's,Rocky Boy's,NDVI,4457.324970501838
2020-09-13T06:00:00Z,tribes_blackfeet_Blackfeet,Blackfeet,EVI,2234.842768872192
2020-09-13T06:00:00Z,tribes_blackfeet_Blackfeet,Blackfeet,NDVI,3642.601465108018
2020-09-13T06:00:00Z,tribes_flathead_Flathead,Flathead,EVI,2777.536981946805
2020-09-13T06:00:00Z,tribes_flathead_Flathead,Flathead,NDVI,4903.862234488774
2020-09-29T06:00:00Z,tribes_northern-cheyenne_Northern Cheyenne,Northern Cheyenne,EVI,1914.6550165937288
2020-09-29T06:00:00Z,tribes_northern-cheyenne_Northern Cheyenne,Northern Cheyenne,NDVI,3656.695731152501
2020-09-29T06:00:00Z,tribes_crow_Crow,Crow,EVI,1785.280093696834
2020-09-29T06:00:00Z,tribes_crow_Crow,Crow,NDVI,3095.2412186726547
2020-09-29T06:00:00Z,tribes_fort-peck_Fort Peck,Fort Peck,EVI,1565.301549329193
2020-09-29T06:00:00Z,tribes_fort-peck_Fort Peck,Fort Peck,NDVI,2499.4291386142263
2020-09-29T06:00:00Z,tribes_fort-belknap_Fort Belknap,Fort Belknap,EVI,1798.7709519860987
2020-09-29T06:00:00Z,tribes_fort-belknap_Fort Belknap,Fort Belknap,NDVI,3146.169470504619
2020-09-29T06:00:00Z,tribes_rocky-boys_Rocky Boy's,Rocky Boy's,EVI,2400.7691159697115
2020-09-29T06:00:00Z,tribes_rocky-boys_Rocky Boy's,Rocky Boy's,NDVI,4182.510383390083
2020-09-29T06:00:00Z,tribes_blackfeet_Blackfeet,Blackfeet,EVI,2075.4650480164437
2020-09-29T06:00:00Z,tribes_blackfeet_Blackfeet,Blackfeet,NDVI,3481.184993175074
2020-09-29T06:00:00Z,tribes_flathead_Flathead,Flathead,EVI,2283.9460439574773
2020-09-29T06:00:00Z,tribes_flathead_Flathead,Flathead,NDVI,4832.959703101301
2020-10-15T06:00:00Z,tribes_northern-cheyenne_Northern Cheyenne,Northern Cheyenne,EVI,1659.3761101206674
2020-10-15T06:00:00Z,tribes_northern-cheyenne_Northern Cheyenne,Northern Cheyenne,NDVI,3291.667083665147
2020-10-15T06:00:00Z,tribes_crow_Crow,Crow,EVI,1364.8399990361097
2020-10-15T06:00:00Z,tribes_crow_Crow,Crow,NDVI,2427.700726945082
2020-10-15T06:00:00Z,tribes_fort-peck_Fort Peck,Fort Peck,EVI,1673.0946085345572
2020-10-15T06:00:00Z,tribes_fort-peck_Fort Peck,Fort Peck,NDVI,2407.6665964927065
2020-10-15T06:00:00Z,tribes_fort-belknap_Fort Belknap,Fort Belknap,EVI,1678.8377740066414
2020-10-15T06:00:00Z,tribes_fort-belknap_Fort Belknap,Fort Belknap,NDVI,2781.0486987980316
2020-10-15T06:00:00Z,tribes_rocky-boys_Rocky Boy's,Rocky Boy's,EVI,NA
2020-10-15T06:00:00Z,tribes_rocky-boys_Rocky Boy's,Rocky Boy's,NDVI,NA
2020-10-15T06:00:00Z,tribes_blackfeet_Blackfeet,Blackfeet,EVI,1766.1302675081029
2020-10-15T06:00:00Z,tribes_blackfeet_Blackfeet,Blackfeet,NDVI,2705.9106443049313
2020-10-15T06:00:00Z,tribes_flathead_Flathead,Flathead,EVI,2051.5877921458937
2020-10-15T06:00:00Z,tribes_flathead_Flathead,Flathead,NDVI,3974.80114865995
2020-10-31T06:00:00Z,tribes_northern-cheyenne_Northern Cheyenne,Northern Cheyenne,EVI,1714.47021154865
2020-10-31T06:00:00Z,tribes_northern-cheyenne_Northern Cheyenne,Northern Cheyenne,NDVI,3593.682931192557
2020-10-31T06:00:00Z,tribes_crow_Crow,Crow,EVI,1440.2750562730216
2020-10-31T06:00:00Z,tribes_crow_Crow,Crow,NDVI,2661.2809642959196
2020-10-31T06:00:00Z,tribes_fort-peck_Fort Peck,Fort Peck,EVI,1315.79496804034
2020-10-31T06:00:00Z,tribes_fort-peck_Fort Peck,Fort Peck,NDVI,2140.5391027890696
2020-10-31T06:00:00Z,tribes_fort-belknap_Fort Belknap,Fort Belknap,EVI,1565.3916503419766
2020-10-31T06:00:00Z,tribes_fort-belknap_Fort Belknap,Fort Belknap,NDVI,2874.4534143243113
2020-10-31T06:00:00Z,tribes_rocky-boys_Rocky Boy's,Rocky Boy's,EVI,1859.05048081244
2020-10-31T06:00:00Z,tribes_rocky-boys_Rocky Boy's,Rocky Boy's,NDVI,3625.5672732991825
2020-10-31T06:00:00Z,tribes_blackfeet_Blackfeet,Blackfeet,EVI,1605.8019716444185
2020-10-31T06:00:00Z,tribes_blackfeet_Blackfeet,Blackfeet,NDVI,2635.2984177661187
2020-10-31T06:00:00Z,tribes_flathead_Flathead,Flathead,EVI,2080.531201501646
2020-10-31T06:00:00Z,tribes_flathead_Flathead,Flathead,NDVI,4330.0711687762205
2020-11-16T07:00:00Z,tribes_northern-cheyenne_Northern Cheyenne,Northern Cheyenne,EVI,1693.6442671208808
2020-11-16T07:00:00Z,tribes_northern-cheyenne_Northern Cheyenne,Northern Cheyenne,NDVI,3484.7620241794316
2020-11-16T07:00:00Z,tribes_crow_Crow,Crow,EVI,1447.1118819401981
2020-11-16T07:00:00Z,tribes_crow_Crow,Crow,NDVI,2704.4498271230727
2020-11-16T07:00:00Z,tribes_fort-peck_Fort Peck,Fort Peck,EVI,1243.7800690814809
2020-11-16T07:00:00Z,tribes_fort-peck_Fort Peck,Fort Peck,NDVI,2007.665087800686
2020-11-16T07:00:00Z,tribes_fort-belknap_Fort Belknap,Fort Belknap,EVI,1494.813368043488
2020-11-16T07:00:00Z,tribes_fort-belknap_Fort Belknap,Fort Belknap,NDVI,2488.8083770106623
2020-11-16T07:00:00Z,tribes_rocky-boys_Rocky Boy's,Rocky Boy's,EVI,NA
2020-11-16T07:00:00Z,tribes_rocky-boys_Rocky Boy's,Rocky Boy's,NDVI,NA
2020-11-16T07:00:00Z,tribes_blackfeet_Blackfeet,Blackfeet,EVI,1182.5469338406165
2020-11-16T07:00:00Z,tribes_blackfeet_Blackfeet,Blackfeet,NDVI,1762.4178872700452
2020-11-16T07:00:00Z,tribes_flathead_Flathead,Flathead,EVI,2063.680441446477
2020-11-16T07:00:00Z,tribes_flathead_Flathead,Flathead,NDVI,4048.527850917174
2020-12-02T07:00:00Z,tribes_northern-cheyenne_Northern Cheyenne,Northern Cheyenne,EVI,1656.6803515080449
2020-12-02T07:00:00Z,tribes_northern-cheyenne_Northern Cheyenne,Northern Cheyenne,NDVI,3420.3234883779646
2020-12-02T07:00:00Z,tribes_crow_Crow,Crow,EVI,1369.699778453452
2020-12-02T07:00:00Z,tribes_crow_Crow,Crow,NDVI,2513.7369846425527
2020-12-02T07:00:00Z,tribes_fort-peck_Fort Peck,Fort Peck,EVI,1240.3561628879725
2020-12-02T07:00:00Z,tribes_fort-peck_Fort Peck,Fort Peck,NDVI,2072.840146783113
2020-12-02T07:00:00Z,tribes_fort-belknap_Fort Belknap,Fort Belknap,EVI,1502.1236963963206
2020-12-02T07:00:00Z,tribes_fort-belknap_Fort Belknap,Fort Belknap,NDVI,2495.8668721756894
2020-12-02T07:00:00Z,tribes_rocky-boys_Rocky Boy's,Rocky Boy's,EVI,1358.715236855441
2020-12-02T07:00:00Z,tribes_rocky-boys_Rocky Boy's,Rocky Boy's,NDVI,2296.625006210807
2020-12-02T07:00:00Z,tribes_blackfeet_Blackfeet,Blackfeet,EVI,1197.1512186066632
2020-12-02T07:00:00Z,tribes_blackfeet_Blackfeet,Blackfeet,NDVI,1858.9204492634567
2020-12-02T07:00:00Z,tribes_flathead_Flathead,Flathead,EVI,1813.426195464313
2020-12-02T07:00:00Z,tribes_flathead_Flathead,Flathead,NDVI,3863.831938273262
2020-12-18T07:00:00Z,tribes_northern-cheyenne_Northern Cheyenne,Northern Cheyenne,EVI,1482.6414854619698
2020-12-18T07:00:00Z,tribes_northern-cheyenne_Northern Cheyenne,Northern Cheyenne,NDVI,3201.4301494070955
2020-12-18T07:00:00Z,tribes_crow_Crow,Crow,EVI,1339.1132646091007
2020-12-18T07:00:00Z,tribes_crow_Crow,Crow,NDVI,2436.721756238374
2020-12-18T07:00:00Z,tribes_fort-peck_Fort Peck,Fort Peck,EVI,1250.3570530996772
2020-12-18T07:00:00Z,tribes_fort-peck_Fort Peck,Fort Peck,NDVI,1971.7971702980935
2020-12-18T07:00:00Z,tribes_fort-belknap_Fort Belknap,Fort Belknap,EVI,1312.0214100357941
2020-12-18T07:00:00Z,tribes_fort-belknap_Fort Belknap,Fort Belknap,NDVI,2368.1267430777352
2020-12-18T07:00:00Z,tribes_rocky-boys_Rocky Boy's,Rocky Boy's,EVI,NA
2020-12-18T07:00:00Z,tribes_rocky-boys_Rocky Boy's,Rocky Boy's,NDVI,NA
2020-12-18T07:00:00Z,tribes_blackfeet_Blackfeet,Blackfeet,EVI,442.3229166666667
2020-12-18T07:00:00Z,tribes_blackfeet_Blackfeet,Blackfeet,NDVI,1383.5104166666667
2020-12-18T07:00:00Z,tribes_flathead_Flathead,Flathead,EVI,1744.4347826086957
2020-12-18T07:00:00Z,tribes_flathead_Flathead,Flathead,NDVI,2729.1739130434785
2021-01-01T07:00:00Z,tribes_northern-cheyenne_Northern Cheyenne,Northern Cheyenne,EVI,1891.1327315056703
2021-01-01T07:00:00Z,tribes_northern-cheyenne_Northern Cheyenne,Northern Cheyenne,NDVI,3442.5162481550888
2021-01-01T07:00:00Z,tribes_crow_Crow,Crow,EVI,1327.747630006763
2021-01-01T07:00:00Z,tribes_crow_Crow,Crow,NDVI,2237.457416147042
2021-01-01T07:00:00Z,tribes_fort-peck_Fort Peck,Fort Peck,EVI,1177.7224810495172
2021-01-01T07:00:00Z,tribes_fort-peck_Fort Peck,Fort Peck,NDVI,1974.6731988814909
2021-01-01T07:00:00Z,tribes_fort-belknap_Fort Belknap,Fort Belknap,EVI,1191.0298778270928
2021-01-01T07:00:00Z,tribes_fort-belknap_Fort Belknap,Fort Belknap,NDVI,2091.470327380443
2021-01-01T07:00:00Z,tribes_rocky-boys_Rocky Boy's,Rocky Boy's,EVI,1270.460912165871
2021-01-01T07:00:00Z,tribes_rocky-boys_Rocky Boy's,Rocky Boy's,NDVI,2224.8456990910267
2021-01-01T07:00:00Z,tribes_blackfeet_Blackfeet,Blackfeet,EVI,1161.5101297893964
2021-01-01T07:00:00Z,tribes_blackfeet_Blackfeet,Blackfeet,NDVI,1811.7184314131775
2021-01-01T07:00:00Z,tribes_flathead_Flathead,Flathead,EVI,1912.4858789745213
2021-01-01T07:00:00Z,tribes_flathead_Flathead,Flathead,NDVI,3954.9077207484042
2021-01-17T07:00:00Z,tribes_northern-cheyenne_Northern Cheyenne,Northern Cheyenne,EVI,1301.9792044861556
2021-01-17T07:00:00Z,tribes_northern-cheyenne_Northern Cheyenne,Northern Cheyenne,NDVI,2422.2135554853235
2021-01-17T07:00:00Z,tribes_crow_Crow,Crow,EVI,1199.5846909021454
2021-01-17T07:00:00Z,tribes_crow_Crow,Crow,NDVI,2100.6978568038894
2021-01-17T07:00:00Z,tribes_fort-peck_Fort Peck,Fort Peck,EVI,1191.4387723410696
2021-01-17T07:00:00Z,tribes_fort-peck_Fort Peck,Fort Peck,NDVI,1848.0178604870139
2021-01-17T07:00:00Z,tribes_fort-belknap_Fort Belknap,Fort Belknap,EVI,1401.8094847025018
2021-01-17T07:00:00Z,tribes_fort-belknap_Fort Belknap,Fort Belknap,NDVI,2135.792368919838
2021-01-17T07:00:00Z,tribes_rocky-boys_Rocky Boy's,Rocky Boy's,EVI,1307.0719868808253
2021-01-17T07:00:00Z,tribes_rocky-boys_Rocky Boy's,Rocky Boy's,NDVI,2055.81267369626
2021-01-17T07:00:00Z,tribes_blackfeet_Blackfeet,Blackfeet,EVI,1184.4366125305514
2021-01-17T07:00:00Z,tribes_blackfeet_Blackfeet,Blackfeet,NDVI,1831.1648487626032
2021-01-17T07:00:00Z,tribes_flathead_Flathead,Flathead,EVI,1677.0267220902613
2021-01-17T07:00:00Z,tribes_flathead_Flathead,Flathead,NDVI,3225.774346793349
2021-02-02T07:00:00Z,tribes_northern-cheyenne_Northern Cheyenne,Northern Cheyenne,EVI,NA
2021-02-02T07:00:00Z,tribes_northern-cheyenne_Northern Cheyenne,Northern Cheyenne,NDVI,NA
2021-02-02T07:00:00Z,tribes_crow_Crow,Crow,EVI,NA
2021-02-02T07:00:00Z,tribes_crow_Crow,Crow,NDVI,NA
2021-02-02T07:00:00Z,tribes_fort-peck_Fort Peck,Fort Peck,EVI,1219.5773046332959
2021-02-02T07:00:00Z,tribes_fort-peck_Fort Peck,Fort Peck,NDVI,1806.3920367550002
2021-02-02T07:00:00Z,tribes_fort-belknap_Fort Belknap,Fort Belknap,EVI,1325.4939938753678
2021-02-02T07:00:00Z,tribes_fort-belknap_Fort Belknap,Fort Belknap,NDVI,2176.7346461032566
2021-02-02T07:00:00Z,tribes_rocky-boys_Rocky Boy's,Rocky Boy's,EVI,1255.4107261753907
2021-02-02T07:00:00Z,tribes_rocky-boys_Rocky Boy's,Rocky Boy's,NDVI,2172.460508172426
2021-02-02T07:00:00Z,tribes_blackfeet_Blackfeet,Blackfeet,EVI,1121.2838367683164
2021-02-02T07:00:00Z,tribes_blackfeet_Blackfeet,Blackfeet,NDVI,1842.0401847562703
2021-02-02T07:00:00Z,tribes_flathead_Flathead,Flathead,EVI,NA
2021-02-02T07:00:00Z,tribes_flathead_Flathead,Flathead,NDVI,NA
2021-02-18T07:00:00Z,tribes_northern-cheyenne_Northern Cheyenne,Northern Cheyenne,EVI,1233.7953256114715
2021-02-18T07:00:00Z,tribes_northern-cheyenne_Northern Cheyenne,Northern Cheyenne,NDVI,2451.197756023103
2021-02-18T07:00:00Z,tribes_crow_Crow,Crow,EVI,1022.8594093244142
2021-02-18T07:00:00Z,tribes_crow_Crow,Crow,NDVI,1960.6934284083459
2021-02-18T07:00:00Z,tribes_fort-peck_Fort Peck,Fort Peck,EVI,1169.4450682865734
2021-02-18T07:00:00Z,tribes_fort-peck_Fort Peck,Fort Peck,NDVI,1884.0264795553367
2021-02-18T07:00:00Z,tribes_fort-belknap_Fort Belknap,Fort Belknap,EVI,1164.5927345438731
2021-02-18T07:00:00Z,tribes_fort-belknap_Fort Belknap,Fort Belknap,NDVI,1996.4029400736865
2021-02-18T07:00:00Z,tribes_rocky-boys_Rocky Boy's,Rocky Boy's,EVI,1058.4419128272343
2021-02-18T07:00:00Z,tribes_rocky-boys_Rocky Boy's,Rocky Boy's,NDVI,1907.2881170816952
2021-02-18T07:00:00Z,tribes_blackfeet_Blackfeet,Blackfeet,EVI,1085.4682598455067
2021-02-18T07:00:00Z,tribes_blackfeet_Blackfeet,Blackfeet,NDVI,1663.3175552760058
2021-02-18T07:00:00Z,tribes_flathead_Flathead,Flathead,EVI,1648.9150530691707
2021-02-18T07:00:00Z,tribes_flathead_Flathead,Flathead,NDVI,3053.0517443587423
2021-03-06T07:00:00Z,tribes_northern-cheyenne_Northern Cheyenne,Northern Cheyenne,EVI,1517.0550317052487
2021-03-06T07:00:00Z,tribes_northern-cheyenne_Northern Cheyenne,Northern Cheyenne,NDVI,3073.9632521726503
2021-03-06T07:00:00Z,tribes_crow_Crow,Crow,EVI,1238.6631949402342
2021-03-06T07:00:00Z,tribes_crow_Crow,Crow,NDVI,2299.8481283740134
2021-03-06T07:00:00Z,tribes_fort-peck_Fort Peck,Fort Peck,EVI,1195.992681233397
2021-03-06T07:00:00Z,tribes_fort-peck_Fort Peck,Fort Peck,NDVI,1970.658271831132
2021-03-06T07:00:00Z,tribes_fort-belknap_Fort Belknap,Fort Belknap,EVI,1292.8635891414926
2021-03-06T07:00:00Z,tribes_fort-belknap_Fort Belknap,Fort Belknap,NDVI,2252.283144965862
2021-03-06T07:00:00Z,tribes_rocky-boys_Rocky Boy's,Rocky Boy's,EVI,1239.6947111913996
2021-03-06T07:00:00Z,tribes_rocky-boys_Rocky Boy's,Rocky Boy's,NDVI,2181.55300957472
2021-03-06T07:00:00Z,tribes_blackfeet_Blackfeet,Blackfeet,EVI,1194.542185223034
2021-03-06T07:00:00Z,tribes_blackfeet_Blackfeet,Blackfeet,NDVI,1886.9690970010809
2021-03-06T07:00:00Z,tribes_flathead_Flathead,Flathead,EVI,1869.1897485494428
2021-03-06T07:00:00Z,tribes_flathead_Flathead,Flathead,NDVI,3578.9898967888057
2021-03-22T06:00:00Z,tribes_northern-cheyenne_Northern Cheyenne,Northern Cheyenne,EVI,1677.562714148521
2021-03-22T06:00:00Z,tribes_northern-cheyenne_Northern Cheyenne,Northern Cheyenne,NDVI,3363.554802717937
2021-03-22T06:00:00Z,tribes_crow_Crow,Crow,EVI,1492.1547855628417
2021-03-22T06:00:00Z,tribes_crow_Crow,Crow,NDVI,2629.518089704532
2021-03-22T06:00:00Z,tribes_fort-peck_Fort Peck,Fort Peck,EVI,1223.3509575901105
2021-03-22T06:00:00Z,tribes_fort-peck_Fort Peck,Fort Peck,NDVI,1971.9254980822457
2021-03-22T06:00:00Z,tribes_fort-belknap_Fort Belknap,Fort Belknap,EVI,1451.626154339505
2021-03-22T06:00:00Z,tribes_fort-belknap_Fort Belknap,Fort Belknap,NDVI,2380.976140446009
2021-03-22T06:00:00Z,tribes_rocky-boys_Rocky Boy's,Rocky Boy's,EVI,1486.7591299251062
2021-03-22T06:00:00Z,tribes_rocky-boys_Rocky Boy's,Rocky Boy's,NDVI,2574.6943770758717
2021-03-22T06:00:00Z,tribes_blackfeet_Blackfeet,Blackfeet,EVI,1250.076699718378
2021-03-22T06:00:00Z,tribes_blackfeet_Blackfeet,Blackfeet,NDVI,1982.620269066231
2021-03-22T06:00:00Z,tribes_flathead_Flathead,Flathead,EVI,2055.316227152836
2021-03-22T06:00:00Z,tribes_flathead_Flathead,Flathead,NDVI,3881.749530948076
2021-04-07T06:00:00Z,tribes_northern-cheyenne_Northern Cheyenne,Northern Cheyenne,EVI,1989.559347276517
2021-04-07T06:00:00Z,tribes_northern-cheyenne_Northern Cheyenne,Northern Cheyenne,NDVI,3588.574324434906
2021-04-07T06:00:00Z,tribes_crow_Crow,Crow,EVI,1894.2625317071313
2021-04-07T06:00:00Z,tribes_crow_Crow,Crow,NDVI,3212.4627633857503
2021-04-07T06:00:00Z,tribes_fort-peck_Fort Peck,Fort Peck,EVI,1296.7128565325618
2021-04-07T06:00:00Z,tribes_fort-peck_Fort Peck,Fort Peck,NDVI,2048.88253469694
2021-04-07T06:00:00Z,tribes_fort-belknap_Fort Belknap,Fort Belknap,EVI,1534.308814644355
2021-04-07T06:00:00Z,tribes_fort-belknap_Fort Belknap,Fort Belknap,NDVI,2565.778502895955
2021-04-07T06:00:00Z,tribes_rocky-boys_Rocky Boy's,Rocky Boy's,EVI,1618.9118270494964
2021-04-07T06:00:00Z,tribes_rocky-boys_Rocky Boy's,Rocky Boy's,NDVI,2975.2975556569204
2021-04-07T06:00:00Z,tribes_blackfeet_Blackfeet,Blackfeet,EVI,1349.3201244332076
2021-04-07T06:00:00Z,tribes_blackfeet_Blackfeet,Blackfeet,NDVI,2198.359790235931
2021-04-07T06:00:00Z,tribes_flathead_Flathead,Flathead,EVI,2380.7153855065285
2021-04-07T06:00:00Z,tribes_flathead_Flathead,Flathead,NDVI,4504.941511302581
2021-04-23T06:00:00Z,tribes_northern-cheyenne_Northern Cheyenne,Northern Cheyenne,EVI,2206.91078715118
2021-04-23T06:00:00Z,tribes_northern-cheyenne_Northern Cheyenne,Northern Cheyenne,NDVI,3860.616172343753
2021-04-23T06:00:00Z,tribes_crow_Crow,Crow,EVI,2340.8608758771084
2021-04-23T06:00:00Z,tribes_crow_Crow,Crow,NDVI,4108.919423084929
2021-04-23T06:00:00Z,tribes_fort-peck_Fort Peck,Fort Peck,EVI,1347.0384426626858
2021-04-23T06:00:00Z,tribes_fort-peck_Fort Peck,Fort Peck,NDVI,2093.0369829301317
2021-04-23T06:00:00Z,tribes_fort-belknap_Fort Belknap,Fort Belknap,EVI,1880.2734491736849
2021-04-23T06:00:00Z,tribes_fort-belknap_Fort Belknap,Fort Belknap,NDVI,3157.6933409500552
2021-04-23T06:00:00Z,tribes_rocky-boys_Rocky Boy's,Rocky Boy's,EVI,2070.0398685469845
2021-04-23T06:00:00Z,tribes_rocky-boys_Rocky Boy's,Rocky Boy's,NDVI,3651.20998396169
2021-04-23T06:00:00Z,tribes_blackfeet_Blackfeet,Blackfeet,EVI,1690.4668521943265
2021-04-23T06:00:00Z,tribes_blackfeet_Blackfeet,Blackfeet,NDVI,2626.6244219374053
2021-04-23T06:00:00Z,tribes_flathead_Flathead,Flathead,EVI,3181.7759753057617
2021-04-23T06:00:00Z,tribes_flathead_Flathead,Flathead,NDVI,5254.125776289078
2021-05-09T06:00:00Z,tribes_northern-cheyenne_Northern Cheyenne,Northern Cheyenne,EVI,2742.7405211681566
2021-05-09T06:00:00Z,tribes_northern-cheyenne_Northern Cheyenne,Northern Cheyenne,NDVI,4622.573035476323
2021-05-09T06:00:00Z,tribes_crow_Crow,Crow,EVI,3088.398748131172
2021-05-09T06:00:00Z,tribes_crow_Crow,Crow,NDVI,4876.588192895032
2021-05-09T06:00:00Z,tribes_fort-peck_Fort Peck,Fort Peck,EVI,1645.0009820968523
2021-05-09T06:00:00Z,tribes_fort-peck_Fort Peck,Fort Peck,NDVI,2516.953734798564
2021-05-09T06:00:00Z,tribes_fort-belknap_Fort Belknap,Fort Belknap,EVI,2328.4992176786054
2021-05-09T06:00:00Z,tribes_fort-belknap_Fort Belknap,Fort Belknap,NDVI,3697.8104510407125
2021-05-09T06:00:00Z,tribes_rocky-boys_Rocky Boy's,Rocky Boy's,EVI,2819.7522888470385
2021-05-09T06:00:00Z,tribes_rocky-boys_Rocky Boy's,Rocky Boy's,NDVI,4818.945353913663
2021-05-09T06:00:00Z,tribes_blackfeet_Blackfeet,Blackfeet,EVI,2319.196012758502
2021-05-09T06:00:00Z,tribes_blackfeet_Blackfeet,Blackfeet,NDVI,3667.875929759127
2021-05-09T06:00:00Z,tribes_flathead_Flathead,Flathead,EVI,3108.5089168935106
2021-05-09T06:00:00Z,tribes_flathead_Flathead,Flathead,NDVI,5610.198809449473
2021-05-25T06:00:00Z,tribes_northern-cheyenne_Northern Cheyenne,Northern Cheyenne,EVI,3163.853996436555
2021-05-25T06:00:00Z,tribes_northern-cheyenne_Northern Cheyenne,Northern Cheyenne,NDVI,5523.957255580568
2021-05-25T06:00:00Z,tribes_crow_Crow,Crow,EVI,3352.043586096824
2021-05-25T06:00:00Z,tribes_crow_Crow,Crow,NDVI,5432.058010625949
2021-05-25T06:00:00Z,tribes_fort-peck_Fort Peck,Fort Peck,EVI,2189.15172244161
2021-05-25T06:00:00Z,tribes_fort-peck_Fort Peck,Fort Peck,NDVI,3518.1215503376225
2021-05-25T06:00:00Z,tribes_fort-belknap_Fort Belknap,Fort Belknap,EVI,2518.6450385714784
2021-05-25T06:00:00Z,tribes_fort-belknap_Fort Belknap,Fort Belknap,NDVI,4291.361548341615
2021-05-25T06:00:00Z,tribes_rocky-boys_Rocky Boy's,Rocky Boy's,EVI,3614.9997704411326
2021-05-25T06:00:00Z,tribes_rocky-boys_Rocky Boy's,Rocky Boy's,NDVI,5696.418715388549
2021-05-25T06:00:00Z,tribes_blackfeet_Blackfeet,Blackfeet,EVI,2933.235687500456
2021-05-25T06:00:00Z,tribes_blackfeet_Blackfeet,Blackfeet,NDVI,4538.23909933997
2021-05-25T06:00:00Z,tribes_flathead_Flathead,Flathead,EVI,3385.41425336725
2021-05-25T06:00:00Z,tribes_flathead_Flathead,Flathead,NDVI,6090.728419079925
2021-06-10T06:00:00Z,tribes_northern-cheyenne_Northern Cheyenne,Northern Cheyenne,EVI,2892.8479758960166
2021-06-10T06:00:00Z,tribes_northern-cheyenne_Northern Cheyenne,Northern Cheyenne,NDVI,4926.187694006404
2021-06-10T06:00:00Z,tribes_crow_Crow,Crow,EVI,3020.672864057885
2021-06-10T06:00:00Z,tribes_crow_Crow,Crow,NDVI,4762.529366399809
2021-06-10T06:00:00Z,tribes_fort-peck_Fort Peck,Fort Peck,EVI,2853.2453641997076
2021-06-10T06:00:00Z,tribes_fort-peck_Fort Peck,Fort Peck,NDVI,4364.840998050163
2021-06-10T06:00:00Z,tribes_fort-belknap_Fort Belknap,Fort Belknap,EVI,2728.6826275600047
2021-06-10T06:00:00Z,tribes_fort-belknap_Fort Belknap,Fort Belknap,NDVI,4290.76934917962
2021-06-10T06:00:00Z,tribes_rocky-boys_Rocky Boy's,Rocky Boy's,EVI,3907.0371765569657
2021-06-10T06:00:00Z,tribes_rocky-boys_Rocky Boy's,Rocky Boy's,NDVI,6149.069530693506
2021-06-10T06:00:00Z,tribes_blackfeet_Blackfeet,Blackfeet,EVI,3430.3110979829767
2021-06-10T06:00:00Z,tribes_blackfeet_Blackfeet,Blackfeet,NDVI,5094.0436577275195
2021-06-10T06:00:00Z,tribes_flathead_Flathead,Flathead,EVI,3757.5171617854885
2021-06-10T06:00:00Z,tribes_flathead_Flathead,Flathead,NDVI,6174.874589655041
2021-06-26T06:00:00Z,tribes_northern-cheyenne_Northern Cheyenne,Northern Cheyenne,EVI,2537.9308633336177
2021-06-26T06:00:00Z,tribes_northern-cheyenne_Northern Cheyenne,Northern Cheyenne,NDVI,4420.259611427274
2021-06-26T06:00:00Z,tribes_crow_Crow,Crow,EVI,2569.0344244332637
2021-06-26T06:00:00Z,tribes_crow_Crow,Crow,NDVI,4153.201022622767
2021-06-26T06:00:00Z,tribes_fort-peck_Fort Peck,Fort Peck,EVI,2724.0308774197742
2021-06-26T06:00:00Z,tribes_fort-peck_Fort Peck,Fort Peck,NDVI,4215.732589312957
2021-06-26T06:00:00Z,tribes_fort-belknap_Fort Belknap,Fort Belknap,EVI,2284.661928019456
2021-06-26T06:00:00Z,tribes_fort-belknap_Fort Belknap,Fort Belknap,NDVI,3580.2335121945416
2021-06-26T06:00:00Z,tribes_rocky-boys_Rocky Boy's,Rocky Boy's,EVI,3511.2444488631177
2021-06-26T06:00:00Z,tribes_rocky-boys_Rocky Boy's,Rocky Boy's,NDVI,5562.8638141478195
2021-06-26T06:00:00Z,tribes_blackfeet_Blackfeet,Blackfeet,EVI,3461.154163047537
2021-06-26T06:00:00Z,tribes_blackfeet_Blackfeet,Blackfeet,NDVI,5243.936032656594
2021-06-26T06:00:00Z,tribes_flathead_Flathead,Flathead,EVI,3345.0653765987527
2021-06-26T06:00:00Z,tribes_flathead_Flathead,Flathead,NDVI,5959.5973054314645
2021-07-12T06:00:00Z,tribes_northern-cheyenne_Northern Cheyenne,Northern Cheyenne,EVI,1860.4084772974638
2021-07-12T06:00:00Z,tribes_northern-cheyenne_Northern Cheyenne,Northern Cheyenne,NDVI,2941.6403732945296
2021-07-12T06:00:00Z,tribes_crow_Crow,Crow,EVI,2116.56528958537
2021-07-12T06:00:00Z,tribes_crow_Crow,Crow,NDVI,3448.424485476102
2021-07-12T06:00:00Z,tribes_fort-peck_Fort Peck,Fort Peck,EVI,2509.0875873213167
2021-07-12T06:00:00Z,tribes_fort-peck_Fort Peck,Fort Peck,NDVI,3830.502061298154
2021-07-12T06:00:00Z,tribes_fort-belknap_Fort Belknap,Fort Belknap,EVI,2046.5277434440059
2021-07-12T06:00:00Z,tribes_fort-belknap_Fort Belknap,Fort Belknap,NDVI,3404.192716242367
2021-07-12T06:00:00Z,tribes_rocky-boys_Rocky Boy's,Rocky Boy's,EVI,3154.234877698008
2021-07-12T06:00:00Z,tribes_rocky-boys_Rocky Boy's,Rocky Boy's,NDVI,5331.677703163406
2021-07-12T06:00:00Z,tribes_blackfeet_Blackfeet,Blackfeet,EVI,3004.348632525095
2021-07-12T06:00:00Z,tribes_blackfeet_Blackfeet,Blackfeet,NDVI,4521.782275060089
2021-07-12T06:00:00Z,tribes_flathead_Flathead,Flathead,EVI,3118.763055304029
2021-07-12T06:00:00Z,tribes_flathead_Flathead,Flathead,NDVI,5328.047679123238
2021-07-28T06:00:00Z,tribes_northern-cheyenne_Northern Cheyenne,Northern Cheyenne,EVI,2040.6811806333872
2021-07-28T06:00:00Z,tribes_northern-cheyenne_Northern Cheyenne,Northern Cheyenne,NDVI,3733.6164169616545
2021-07-28T06:00:00Z,tribes_crow_Crow,Crow,EVI,2001.593651897464
2021-07-28T06:00:00Z,tribes_crow_Crow,Crow,NDVI,3262.7886603583925
2021-07-28T06:00:00Z,tribes_fort-peck_Fort Peck,Fort Peck,EVI,1710.6267263523375
2021-07-28T06:00:00Z,tribes_fort-peck_Fort Peck,Fort Peck,NDVI,2664.34398023787
2021-07-28T06:00:00Z,tribes_fort-belknap_Fort Belknap,Fort Belknap,EVI,1853.7215801851353
2021-07-28T06:00:00Z,tribes_fort-belknap_Fort Belknap,Fort Belknap,NDVI,2877.600889090071
2021-07-28T06:00:00Z,tribes_rocky-boys_Rocky Boy's,Rocky Boy's,EVI,2344.749776808489
2021-07-28T06:00:00Z,tribes_rocky-boys_Rocky Boy's,Rocky Boy's,NDVI,3620.4617194674033
2021-07-28T06:00:00Z,tribes_blackfeet_Blackfeet,Blackfeet,EVI,2512.048533019198
2021-07-28T06:00:00Z,tribes_blackfeet_Blackfeet,Blackfeet,NDVI,3828.9887210908178
2021-07-28T06:00:00Z,tribes_flathead_Flathead,Flathead,EVI,2546.7909080670374
2021-07-28T06:00:00Z,tribes_flathead_Flathead,Flathead,NDVI,5283.219123477354
2021-08-13T06:00:00Z,tribes_northern-cheyenne_Northern Cheyenne,Northern Cheyenne,EVI,1945.988227487038
2021-08-13T06:00:00Z,tribes_northern-cheyenne_Northern Cheyenne,Northern Cheyenne,NDVI,3720.046975785261
2021-08-13T06:00:00Z,tribes_crow_Crow,Crow,EVI,2019.3501865377946
2021-08-13T06:00:00Z,tribes_crow_Crow,Crow,NDVI,3533.8075618290363
2021-08-13T06:00:00Z,tribes_fort-peck_Fort Peck,Fort Peck,EVI,1658.1812546466322
2021-08-13T06:00:00Z,tribes_fort-peck_Fort Peck,Fort Peck,NDVI,2627.4790859757145
2021-08-13T06:00:00Z,tribes_fort-belknap_Fort Belknap,Fort Belknap,EVI,1896.0426168306808
2021-08-13T06:00:00Z,tribes_fort-belknap_Fort Belknap,Fort Belknap,NDVI,3002.113870752129
2021-08-13T06:00:00Z,tribes_rocky-boys_Rocky Boy's,Rocky Boy's,EVI,2413.168553213279
2021-08-13T06:00:00Z,tribes_rocky-boys_Rocky Boy's,Rocky Boy's,NDVI,4325.156917368163
2021-08-13T06:00:00Z,tribes_blackfeet_Blackfeet,Blackfeet,EVI,2406.947637228812
2021-08-13T06:00:00Z,tribes_blackfeet_Blackfeet,Blackfeet,NDVI,3824.267286264541
2021-08-13T06:00:00Z,tribes_flathead_Flathead,Flathead,EVI,2745.681818102043
2021-08-13T06:00:00Z,tribes_flathead_Flathead,Flathead,NDVI,5139.504745833656
2021-08-29T06:00:00Z,tribes_northern-cheyenne_Northern Cheyenne,Northern Cheyenne,EVI,1907.1340466131235
2021-08-29T06:00:00Z,tribes_northern-cheyenne_Northern Cheyenne,Northern Cheyenne,NDVI,3612.6865602369758
2021-08-29T06:00:00Z,tribes_crow_Crow,Crow,EVI,2100.251356636204
2021-08-29T06:00:00Z,tribes_crow_Crow,Crow,NDVI,3620.9203555214795
2021-08-29T06:00:00Z,tribes_fort-peck_Fort Peck,Fort Peck,EVI,1591.6627517738752
2021-08-29T06:00:00Z,tribes_fort-peck_Fort Peck,Fort Peck,NDVI,2732.1875325952637
2021-08-29T06:00:00Z,tribes_fort-belknap_Fort Belknap,Fort Belknap,EVI,1938.6286414543706
2021-08-29T06:00:00Z,tribes_fort-belknap_Fort Belknap,Fort Belknap,NDVI,3408.760889989405
2021-08-29T06:00:00Z,tribes_rocky-boys_Rocky Boy's,Rocky Boy's,EVI,2641.7672013507854
2021-08-29T06:00:00Z,tribes_rocky-boys_Rocky Boy's,Rocky Boy's,NDVI,4934.938840479218
2021-08-29T06:00:00Z,tribes_blackfeet_Blackfeet,Blackfeet,EVI,2346.0142244474278
2021-08-29T06:00:00Z,tribes_blackfeet_Blackfeet,Blackfeet,NDVI,4022.7290682785642
2021-08-29T06:00:00Z,tribes_flathead_Flathead,Flathead,EVI,2644.632708507209
2021-08-29T06:00:00Z,tribes_flathead_Flathead,Flathead,NDVI,5193.998223998268
2021-09-14T06:00:00Z,tribes_northern-cheyenne_Northern Cheyenne,Northern Cheyenne,EVI,1921.4881081054534
2021-09-14T06:00:00Z,tribes_northern-cheyenne_Northern Cheyenne,Northern Cheyenne,NDVI,3679.2862189771595
2021-09-14T06:00:00Z,tribes_crow_Crow,Crow,EVI,2029.5669334552495
2021-09-14T06:00:00Z,tribes_crow_Crow,Crow,NDVI,3491.164280471074
2021-09-14T06:00:00Z,tribes_fort-peck_Fort Peck,Fort Peck,EVI,1518.2570646862905
2021-09-14T06:00:00Z,tribes_fort-peck_Fort Peck,Fort Peck,NDVI,2581.574613668924
2021-09-14T06:00:00Z,tribes_fort-belknap_Fort Belknap,Fort Belknap,EVI,1948.0115277978018
2021-09-14T06:00:00Z,tribes_fort-belknap_Fort Belknap,Fort Belknap,NDVI,3335.70258814218
2021-09-14T06:00:00Z,tribes_rocky-boys_Rocky Boy's,Rocky Boy's,EVI,1945.4050046541788
2021-09-14T06:00:00Z,tribes_rocky-boys_Rocky Boy's,Rocky Boy's,NDVI,3680.0071866519324
2021-09-14T06:00:00Z,tribes_blackfeet_Blackfeet,Blackfeet,EVI,2158.516117014196
2021-09-14T06:00:00Z,tribes_blackfeet_Blackfeet,Blackfeet,NDVI,3759.436873350995
2021-09-14T06:00:00Z,tribes_flathead_Flathead,Flathead,EVI,2450.5600026123398
2021-09-14T06:00:00Z,tribes_flathead_Flathead,Flathead,NDVI,5233.61791672599
2021-09-30T06:00:00Z,tribes_northern-cheyenne_Northern Cheyenne,Northern Cheyenne,EVI,1837.3854755277755
2021-09-30T06:00:00Z,tribes_northern-cheyenne_Northern Cheyenne,Northern Cheyenne,NDVI,3541.8580137671556
2021-09-30T06:00:00Z,tribes_crow_Crow,Crow,EVI,1808.753226862567
2021-09-30T06:00:00Z,tribes_crow_Crow,Crow,NDVI,3242.066256972291
2021-09-30T06:00:00Z,tribes_fort-peck_Fort Peck,Fort Peck,EVI,1351.3118757460024
2021-09-30T06:00:00Z,tribes_fort-peck_Fort Peck,Fort Peck,NDVI,2398.6988133338036
2021-09-30T06:00:00Z,tribes_fort-belknap_Fort Belknap,Fort Belknap,EVI,1655.9219720083179
2021-09-30T06:00:00Z,tribes_fort-belknap_Fort Belknap,Fort Belknap,NDVI,3005.7464453997845
2021-09-30T06:00:00Z,tribes_rocky-boys_Rocky Boy's,Rocky Boy's,EVI,1739.3174953130572
2021-09-30T06:00:00Z,tribes_rocky-boys_Rocky Boy's,Rocky Boy's,NDVI,3390.9222797135
2021-09-30T06:00:00Z,tribes_blackfeet_Blackfeet,Blackfeet,EVI,1764.189325217364
2021-09-30T06:00:00Z,tribes_blackfeet_Blackfeet,Blackfeet,NDVI,3024.995197084156
2021-09-30T06:00:00Z,tribes_flathead_Flathead,Flathead,EVI,2364.718157202293
2021-09-30T06:00:00Z,tribes_flathead_Flathead,Flathead,NDVI,5044.566542828389
2021-10-16T06:00:00Z,tribes_northern-cheyenne_Northern Cheyenne,Northern Cheyenne,EVI,1707.9611075567805
2021-10-16T06:00:00Z,tribes_northern-cheyenne_Northern Cheyenne,Northern Cheyenne,NDVI,3635.2911498675844
2021-10-16T06:00:00Z,tribes_crow_Crow,Crow,EVI,1664.9452154668377
2021-10-16T06:00:00Z,tribes_crow_Crow,Crow,NDVI,3161.60644712388
2021-10-16T06:00:00Z,tribes_fort-peck_Fort Peck,Fort Peck,EVI,1257.933902028863
2021-10-16T06:00:00Z,tribes_fort-peck_Fort Peck,Fort Peck,NDVI,2325.6740614609903
2021-10-16T06:00:00Z,tribes_fort-belknap_Fort Belknap,Fort Belknap,EVI,1552.4643157838864
2021-10-16T06:00:00Z,tribes_fort-belknap_Fort Belknap,Fort Belknap,NDVI,2841.988793396413
2021-10-16T06:00:00Z,tribes_rocky-boys_Rocky Boy's,Rocky Boy's,EVI,1623.004714609979
2021-10-16T06:00:00Z,tribes_rocky-boys_Rocky Boy's,Rocky Boy's,NDVI,3263.4722604218587
2021-10-16T06:00:00Z,tribes_blackfeet_Blackfeet,Blackfeet,EVI,1698.5702248545565
2021-10-16T06:00:00Z,tribes_blackfeet_Blackfeet,Blackfeet,NDVI,2902.0235161854143
2021-10-16T06:00:00Z,tribes_flathead_Flathead,Flathead,EVI,2262.9395828056704
2021-10-16T06:00:00Z,tribes_flathead_Flathead,Flathead,NDVI,4674.180953388968
2021-11-01T06:00:00Z,tribes_northern-cheyenne_Northern Cheyenne,Northern Cheyenne,EVI,1748.023230629464
2021-11-01T06:00:00Z,tribes_northern-cheyenne_Northern Cheyenne,Northern Cheyenne,NDVI,3558.8320432724686
2021-11-01T06:00:00Z,tribes_crow_Crow,Crow,EVI,1701.2566093073997
2021-11-01T06:00:00Z,tribes_crow_Crow,Crow,NDVI,3211.6311880186227
2021-11-01T06:00:00Z,tribes_fort-peck_Fort Peck,Fort Peck,EVI,1199.757203227891
2021-11-01T06:00:00Z,tribes_fort-peck_Fort Peck,Fort Peck,NDVI,2151.862594704176
2021-11-01T06:00:00Z,tribes_fort-belknap_Fort Belknap,Fort Belknap,EVI,1464.0263344834593
2021-11-01T06:00:00Z,tribes_fort-belknap_Fort Belknap,Fort Belknap,NDVI,2709.6086124864873
2021-11-01T06:00:00Z,tribes_rocky-boys_Rocky Boy's,Rocky Boy's,EVI,1515.4763040830503
2021-11-01T06:00:00Z,tribes_rocky-boys_Rocky Boy's,Rocky Boy's,NDVI,3118.127544538982
2021-11-01T06:00:00Z,tribes_blackfeet_Blackfeet,Blackfeet,EVI,1562.9273716948042
2021-11-01T06:00:00Z,tribes_blackfeet_Blackfeet,Blackfeet,NDVI,2574.985781770158
2021-11-01T06:00:00Z,tribes_flathead_Flathead,Flathead,EVI,1990.6656641095947
2021-11-01T06:00:00Z,tribes_flathead_Flathead,Flathead,NDVI,4695.580283883289
2021-11-17T07:00:00Z,tribes_northern-cheyenne_Northern Cheyenne,Northern Cheyenne,EVI,1786.7575774614272
2021-11-17T07:00:00Z,tribes_northern-cheyenne_Northern Cheyenne,Northern Cheyenne,NDVI,3603.3682517795887
2021-11-17T07:00:00Z,tribes_crow_Crow,Crow,EVI,1572.5519756015901
2021-11-17T07:00:00Z,tribes_crow_Crow,Crow,NDVI,3022.9317396713755
2021-11-17T07:00:00Z,tribes_fort-peck_Fort Peck,Fort Peck,EVI,1093.816719361364
2021-11-17T07:00:00Z,tribes_fort-peck_Fort Peck,Fort Peck,NDVI,2006.9346825945527
2021-11-17T07:00:00Z,tribes_fort-belknap_Fort Belknap,Fort Belknap,EVI,1581.2853093153992
2021-11-17T07:00:00Z,tribes_fort-belknap_Fort Belknap,Fort Belknap,NDVI,2636.6314808775196
2021-11-17T07:00:00Z,tribes_rocky-boys_Rocky Boy's,Rocky Boy's,EVI,1762.2466579581317
2021-11-17T07:00:00Z,tribes_rocky-boys_Rocky Boy's,Rocky Boy's,NDVI,3120.9794897024394
2021-11-17T07:00:00Z,tribes_blackfeet_Blackfeet,Blackfeet,EVI,1484.0883103885483
2021-11-17T07:00:00Z,tribes_blackfeet_Blackfeet,Blackfeet,NDVI,2384.0042252592143
2021-11-17T07:00:00Z,tribes_flathead_Flathead,Flathead,EVI,2005.9257094963812
2021-11-17T07:00:00Z,tribes_flathead_Flathead,Flathead,NDVI,4157.102586816004
2021-12-03T07:00:00Z,tribes_northern-cheyenne_Northern Cheyenne,Northern Cheyenne,EVI,1643.7508224418555
2021-12-03T07:00:00Z,tribes_northern-cheyenne_Northern Cheyenne,Northern Cheyenne,NDVI,3478.0781153218672
2021-12-03T07:00:00Z,tribes_crow_Crow,Crow,EVI,1409.9970422711485
2021-12-03T07:00:00Z,tribes_crow_Crow,Crow,NDVI,2654.4797778230645
2021-12-03T07:00:00Z,tribes_fort-peck_Fort Peck,Fort Peck,EVI,NA
2021-12-03T07:00:00Z,tribes_fort-peck_Fort Peck,Fort Peck,NDVI,NA
2021-12-03T07:00:00Z,tribes_fort-belknap_Fort Belknap,Fort Belknap,EVI,576.7444826150324
2021-12-03T07:00:00Z,tribes_fort-belknap_Fort Belknap,Fort Belknap,NDVI,2768.098844472205
2021-12-03T07:00:00Z,tribes_rocky-boys_Rocky Boy's,Rocky Boy's,EVI,NA
2021-12-03T07:00:00Z,tribes_rocky-boys_Rocky Boy's,Rocky Boy's,NDVI,NA
2021-12-03T07:00:00Z,tribes_blackfeet_Blackfeet,Blackfeet,EVI,1194.573810523848
2021-12-03T07:00:00Z,tribes_blackfeet_Blackfeet,Blackfeet,NDVI,1739.0768922707246
2021-12-03T07:00:00Z,tribes_flathead_Flathead,Flathead,EVI,1866.775590551181
2021-12-03T07:00:00Z,tribes_flathead_Flathead,Flathead,NDVI,3508.634842519685
2021-12-19T07:00:00Z,tribes_northern-cheyenne_Northern Cheyenne,Northern Cheyenne,EVI,NA
2021-12-19T07:00:00Z,tribes_northern-cheyenne_Northern Cheyenne,Northern Cheyenne,NDVI,NA
2021-12-19T07:00:00Z,tribes_crow_Crow,Crow,EVI,1516.147746130298
2021-12-19T07:00:00Z,tribes_crow_Crow,Crow,NDVI,2649.032409659239
2021-12-19T07:00:00Z,tribes_fort-peck_Fort Peck,Fort Peck,EVI,NA
2021-12-19T07:00:00Z,tribes_fort-peck_Fort Peck,Fort Peck,NDVI,NA
2021-12-19T07:00:00Z,tribes_fort-belknap_Fort Belknap,Fort Belknap,EVI,NA
2021-12-19T07:00:00Z,tribes_fort-belknap_Fort Belknap,Fort Belknap,NDVI,NA
2021-12-19T07:00:00Z,tribes_rocky-boys_Rocky Boy's,Rocky Boy's,EVI,NA
2021-12-19T07:00:00Z,tribes_rocky-boys_Rocky Boy's,Rocky Boy's,NDVI,NA
2021-12-19T07:00:00Z,tribes_blackfeet_Blackfeet,Blackfeet,EVI,1317.0809399477805
2021-12-19T07:00:00Z,tribes_blackfeet_Blackfeet,Blackfeet,NDVI,3795.7258485639686
2021-12-19T07:00:00Z,tribes_flathead_Flathead,Flathead,EVI,NA
2021-12-19T07:00:00Z,tribes_flathead_Flathead,Flathead,NDVI,NA
2022-01-01T07:00:00Z,tribes_northern-cheyenne_Northern Cheyenne,Northern Cheyenne,EVI,1219.2696358051776
2022-01-01T07:00:00Z,tribes_northern-cheyenne_Northern Cheyenne,Northern Cheyenne,NDVI,2306.228609039052
2022-01-01T07:00:00Z,tribes_crow_Crow,Crow,EVI,1403.144458388306
2022-01-01T07:00:00Z,tribes_crow_Crow,Crow,NDVI,2429.3033111304203
2022-01-01T07:00:00Z,tribes_fort-peck_Fort Peck,Fort Peck,EVI,NA
2022-01-01T07:00:00Z,tribes_fort-peck_Fort Peck,Fort Peck,NDVI,NA
2022-01-01T07:00:00Z,tribes_fort-belknap_Fort Belknap,Fort Belknap,EVI,1682.1060210450817
2022-01-01T07:00:00Z,tribes_fort-belknap_Fort Belknap,Fort Belknap,NDVI,2824.0186021493323
2022-01-01T07:00:00Z,tribes_rocky-boys_Rocky Boy's,Rocky Boy's,EVI,NA
2022-01-01T07:00:00Z,tribes_rocky-boys_Rocky Boy's,Rocky Boy's,NDVI,NA
2022-01-01T07:00:00Z,tribes_blackfeet_Blackfeet,Blackfeet,EVI,692.859649122807
2022-01-01T07:00:00Z,tribes_blackfeet_Blackfeet,Blackfeet,NDVI,1488.0526315789473
2022-01-01T07:00:00Z,tribes_flathead_Flathead,Flathead,EVI,66
2022-01-01T07:00:00Z,tribes_flathead_Flathead,Flathead,NDVI,2080.25
2022-01-17T07:00:00Z,tribes_northern-cheyenne_Northern Cheyenne,Northern Cheyenne,EVI,1370.960734085262
2022-01-17T07:00:00Z,tribes_northern-cheyenne_Northern Cheyenne,Northern Cheyenne,NDVI,2448.3683521315247
2022-01-17T07:00:00Z,tribes_crow_Crow,Crow,EVI,1195.400960537421
2022-01-17T07:00:00Z,tribes_crow_Crow,Crow,NDVI,2240.2327960223733
2022-01-17T07:00:00Z,tribes_fort-peck_Fort Peck,Fort Peck,EVI,NA
2022-01-17T07:00:00Z,tribes_fort-peck_Fort Peck,Fort Peck,NDVI,NA
2022-01-17T07:00:00Z,tribes_fort-belknap_Fort Belknap,Fort Belknap,EVI,1059.6691518017647
2022-01-17T07:00:00Z,tribes_fort-belknap_Fort Belknap,Fort Belknap,NDVI,1946.7285993261492
2022-01-17T07:00:00Z,tribes_rocky-boys_Rocky Boy's,Rocky Boy's,EVI,1007.3301447753624
2022-01-17T07:00:00Z,tribes_rocky-boys_Rocky Boy's,Rocky Boy's,NDVI,1917.6345467650228
2022-01-17T07:00:00Z,tribes_blackfeet_Blackfeet,Blackfeet,EVI,1105.4984573671368
2022-01-17T07:00:00Z,tribes_blackfeet_Blackfeet,Blackfeet,NDVI,1803.1733220396943
2022-01-17T07:00:00Z,tribes_flathead_Flathead,Flathead,EVI,1798.0987762237762
2022-01-17T07:00:00Z,tribes_flathead_Flathead,Flathead,NDVI,3488.4064685314684
2022-02-02T07:00:00Z,tribes_northern-cheyenne_Northern Cheyenne,Northern Cheyenne,EVI,1508.346153224371
2022-02-02T07:00:00Z,tribes_northern-cheyenne_Northern Cheyenne,Northern Cheyenne,NDVI,2705.830087944775
2022-02-02T07:00:00Z,tribes_crow_Crow,Crow,EVI,1270.5338505318703
2022-02-02T07:00:00Z,tribes_crow_Crow,Crow,NDVI,2280.139782309718
2022-02-02T07:00:00Z,tribes_fort-peck_Fort Peck,Fort Peck,EVI,904.91557915921
2022-02-02T07:00:00Z,tribes_fort-peck_Fort Peck,Fort Peck,NDVI,1609.0604514665938
2022-02-02T07:00:00Z,tribes_fort-belknap_Fort Belknap,Fort Belknap,EVI,1205.632423415719
2022-02-02T07:00:00Z,tribes_fort-belknap_Fort Belknap,Fort Belknap,NDVI,2116.736094937149
2022-02-02T07:00:00Z,tribes_rocky-boys_Rocky Boy's,Rocky Boy's,EVI,1191.0411539437816
2022-02-02T07:00:00Z,tribes_rocky-boys_Rocky Boy's,Rocky Boy's,NDVI,2196.0299191047443
2022-02-02T07:00:00Z,tribes_blackfeet_Blackfeet,Blackfeet,EVI,1188.1663763198876
2022-02-02T07:00:00Z,tribes_blackfeet_Blackfeet,Blackfeet,NDVI,1899.5399559114442
2022-02-02T07:00:00Z,tribes_flathead_Flathead,Flathead,EVI,1662.0399246623717
2022-02-02T07:00:00Z,tribes_flathead_Flathead,Flathead,NDVI,3396.6157842115076
2022-02-18T07:00:00Z,tribes_northern-cheyenne_Northern Cheyenne,Northern Cheyenne,EVI,1467.1048370418598
2022-02-18T07:00:00Z,tribes_northern-cheyenne_Northern Cheyenne,Northern Cheyenne,NDVI,2796.8494504231926
2022-02-18T07:00:00Z,tribes_crow_Crow,Crow,EVI,1547.3100782333283
2022-02-18T07:00:00Z,tribes_crow_Crow,Crow,NDVI,2505.1114095814078
2022-02-18T07:00:00Z,tribes_fort-peck_Fort Peck,Fort Peck,EVI,NA
2022-02-18T07:00:00Z,tribes_fort-peck_Fort Peck,Fort Peck,NDVI,NA
2022-02-18T07:00:00Z,tribes_fort-belknap_Fort Belknap,Fort Belknap,EVI,NA
2022-02-18T07:00:00Z,tribes_fort-belknap_Fort Belknap,Fort Belknap,NDVI,NA
2022-02-18T07:00:00Z,tribes_rocky-boys_Rocky Boy's,Rocky Boy's,EVI,NA
2022-02-18T07:00:00Z,tribes_rocky-boys_Rocky Boy's,Rocky Boy's,NDVI,NA
2022-02-18T07:00:00Z,tribes_blackfeet_Blackfeet,Blackfeet,EVI,1378.914196869607
2022-02-18T07:00:00Z,tribes_blackfeet_Blackfeet,Blackfeet,NDVI,1977.1449666726182
2022-02-18T07:00:00Z,tribes_flathead_Flathead,Flathead,EVI,1722.8608349900596
2022-02-18T07:00:00Z,tribes_flathead_Flathead,Flathead,NDVI,4897.783300198807
2022-03-06T07:00:00Z,tribes_northern-cheyenne_Northern Cheyenne,Northern Cheyenne,EVI,1578.2823909798353
2022-03-06T07:00:00Z,tribes_northern-cheyenne_Northern Cheyenne,Northern Cheyenne,NDVI,3199.6255219013947
2022-03-06T07:00:00Z,tribes_crow_Crow,Crow,EVI,1405.153272472759
2022-03-06T07:00:00Z,tribes_crow_Crow,Crow,NDVI,2573.2460022623864
2022-03-06T07:00:00Z,tribes_fort-peck_Fort Peck,Fort Peck,EVI,1007.8181034125178
2022-03-06T07:00:00Z,tribes_fort-peck_Fort Peck,Fort Peck,NDVI,1893.4188489911567
2022-03-06T07:00:00Z,tribes_fort-belknap_Fort Belknap,Fort Belknap,EVI,1277.947614421874
2022-03-06T07:00:00Z,tribes_fort-belknap_Fort Belknap,Fort Belknap,NDVI,2210.562543380589
2022-03-06T07:00:00Z,tribes_rocky-boys_Rocky Boy's,Rocky Boy's,EVI,1314.8345045985707
2022-03-06T07:00:00Z,tribes_rocky-boys_Rocky Boy's,Rocky Boy's,NDVI,2247.0381234330152
2022-03-06T07:00:00Z,tribes_blackfeet_Blackfeet,Blackfeet,EVI,1150.831556762896
2022-03-06T07:00:00Z,tribes_blackfeet_Blackfeet,Blackfeet,NDVI,1922.7035493118044
2022-03-06T07:00:00Z,tribes_flathead_Flathead,Flathead,EVI,2119.6745469473817
2022-03-06T07:00:00Z,tribes_flathead_Flathead,Flathead,NDVI,3659.8618481019685
2022-03-22T06:00:00Z,tribes_northern-cheyenne_Northern Cheyenne,Northern Cheyenne,EVI,1751.438623193005
2022-03-22T06:00:00Z,tribes_northern-cheyenne_Northern Cheyenne,Northern Cheyenne,NDVI,3525.2222331326257
2022-03-22T06:00:00Z,tribes_crow_Crow,Crow,EVI,1586.529837860629
2022-03-22T06:00:00Z,tribes_crow_Crow,Crow,NDVI,2913.6655339865597
2022-03-22T06:00:00Z,tribes_fort-peck_Fort Peck,Fort Peck,EVI,1068.7979708639277
2022-03-22T06:00:00Z,tribes_fort-peck_Fort Peck,Fort Peck,NDVI,1872.4982182645253
2022-03-22T06:00:00Z,tribes_fort-belknap_Fort Belknap,Fort Belknap,EVI,1258.8272867216078
2022-03-22T06:00:00Z,tribes_fort-belknap_Fort Belknap,Fort Belknap,NDVI,2270.6337764442083
2022-03-22T06:00:00Z,tribes_rocky-boys_Rocky Boy's,Rocky Boy's,EVI,1294.6145500474381
2022-03-22T06:00:00Z,tribes_rocky-boys_Rocky Boy's,Rocky Boy's,NDVI,2386.107120198827
2022-03-22T06:00:00Z,tribes_blackfeet_Blackfeet,Blackfeet,EVI,1275.17367911597
2022-03-22T06:00:00Z,tribes_blackfeet_Blackfeet,Blackfeet,NDVI,2050.4318394637767
2022-03-22T06:00:00Z,tribes_flathead_Flathead,Flathead,EVI,2190.371078477155
2022-03-22T06:00:00Z,tribes_flathead_Flathead,Flathead,NDVI,4168.213618561597
2022-04-07T06:00:00Z,tribes_northern-cheyenne_Northern Cheyenne,Northern Cheyenne,EVI,1803.1464168098432
2022-04-07T06:00:00Z,tribes_northern-cheyenne_Northern Cheyenne,Northern Cheyenne,NDVI,3622.952734690376
2022-04-07T06:00:00Z,tribes_crow_Crow,Crow,EVI,1801.1006141561882
2022-04-07T06:00:00Z,tribes_crow_Crow,Crow,NDVI,3173.5407543494302
2022-04-07T06:00:00Z,tribes_fort-peck_Fort Peck,Fort Peck,EVI,1168.5561568850796
2022-04-07T06:00:00Z,tribes_fort-peck_Fort Peck,Fort Peck,NDVI,2011.2157650071117
2022-04-07T06:00:00Z,tribes_fort-belknap_Fort Belknap,Fort Belknap,EVI,1307.9385389235852
2022-04-07T06:00:00Z,tribes_fort-belknap_Fort Belknap,Fort Belknap,NDVI,2306.9720837679897
2022-04-07T06:00:00Z,tribes_rocky-boys_Rocky Boy's,Rocky Boy's,EVI,1471.1368566466315
2022-04-07T06:00:00Z,tribes_rocky-boys_Rocky Boy's,Rocky Boy's,NDVI,2801.888927540011
2022-04-07T06:00:00Z,tribes_blackfeet_Blackfeet,Blackfeet,EVI,1319.307066509975
2022-04-07T06:00:00Z,tribes_blackfeet_Blackfeet,Blackfeet,NDVI,2079.507971324747
2022-04-07T06:00:00Z,tribes_flathead_Flathead,Flathead,EVI,2483.3278507776645
2022-04-07T06:00:00Z,tribes_flathead_Flathead,Flathead,NDVI,4463.664554115914
2022-04-23T06:00:00Z,tribes_northern-cheyenne_Northern Cheyenne,Northern Cheyenne,EVI,2464.1683130353144
2022-04-23T06:00:00Z,tribes_northern-cheyenne_Northern Cheyenne,Northern Cheyenne,NDVI,4088.624771594271
2022-04-23T06:00:00Z,tribes_crow_Crow,Crow,EVI,2529.1629333729584
2022-04-23T06:00:00Z,tribes_crow_Crow,Crow,NDVI,4019.936699810409
2022-04-23T06:00:00Z,tribes_fort-peck_Fort Peck,Fort Peck,EVI,1278.2933241473918
2022-04-23T06:00:00Z,tribes_fort-peck_Fort Peck,Fort Peck,NDVI,2146.652489644857
2022-04-23T06:00:00Z,tribes_fort-belknap_Fort Belknap,Fort Belknap,EVI,1654.0276814850802
2022-04-23T06:00:00Z,tribes_fort-belknap_Fort Belknap,Fort Belknap,NDVI,2712.6828037325367
2022-04-23T06:00:00Z,tribes_rocky-boys_Rocky Boy's,Rocky Boy's,EVI,1897.1952420809725
2022-04-23T06:00:00Z,tribes_rocky-boys_Rocky Boy's,Rocky Boy's,NDVI,3181.03998279306
2022-04-23T06:00:00Z,tribes_blackfeet_Blackfeet,Blackfeet,EVI,1706.8184697163238
2022-04-23T06:00:00Z,tribes_blackfeet_Blackfeet,Blackfeet,NDVI,2590.9231592406495
2022-04-23T06:00:00Z,tribes_flathead_Flathead,Flathead,EVI,2856.909945672889
2022-04-23T06:00:00Z,tribes_flathead_Flathead,Flathead,NDVI,4929.57888544768
2022-05-09T06:00:00Z,tribes_northern-cheyenne_Northern Cheyenne,Northern Cheyenne,EVI,2745.287867718401
2022-05-09T06:00:00Z,tribes_northern-cheyenne_Northern Cheyenne,Northern Cheyenne,NDVI,4818.918659834677
2022-05-09T06:00:00Z,tribes_crow_Crow,Crow,EVI,3016.9191538821397
2022-05-09T06:00:00Z,tribes_crow_Crow,Crow,NDVI,4822.610836656965
2022-05-09T06:00:00Z,tribes_fort-peck_Fort Peck,Fort Peck,EVI,1737.6230133277795
2022-05-09T06:00:00Z,tribes_fort-peck_Fort Peck,Fort Peck,NDVI,2805.8066933086793
2022-05-09T06:00:00Z,tribes_fort-belknap_Fort Belknap,Fort Belknap,EVI,1921.8513031807652
2022-05-09T06:00:00Z,tribes_fort-belknap_Fort Belknap,Fort Belknap,NDVI,3200.0461896094052
2022-05-09T06:00:00Z,tribes_rocky-boys_Rocky Boy's,Rocky Boy's,EVI,2107.405593043391
2022-05-09T06:00:00Z,tribes_rocky-boys_Rocky Boy's,Rocky Boy's,NDVI,3861.7916342919225
2022-05-09T06:00:00Z,tribes_blackfeet_Blackfeet,Blackfeet,EVI,1821.795799417332
2022-05-09T06:00:00Z,tribes_blackfeet_Blackfeet,Blackfeet,NDVI,2940.632104047442
2022-05-09T06:00:00Z,tribes_flathead_Flathead,Flathead,EVI,3439.787364259919
2022-05-09T06:00:00Z,tribes_flathead_Flathead,Flathead,NDVI,5351.179559687222
2022-05-25T06:00:00Z,tribes_northern-cheyenne_Northern Cheyenne,Northern Cheyenne,EVI,3268.722065505506
2022-05-25T06:00:00Z,tribes_northern-cheyenne_Northern Cheyenne,Northern Cheyenne,NDVI,5706.718204499313
2022-05-25T06:00:00Z,tribes_crow_Crow,Crow,EVI,3678.8042769715894
2022-05-25T06:00:00Z,tribes_crow_Crow,Crow,NDVI,5993.902087633561
2022-05-25T06:00:00Z,tribes_fort-peck_Fort Peck,Fort Peck,EVI,2224.366899579123
2022-05-25T06:00:00Z,tribes_fort-peck_Fort Peck,Fort Peck,NDVI,3604.2832138246536
2022-05-25T06:00:00Z,tribes_fort-belknap_Fort Belknap,Fort Belknap,EVI,2254.1157522334315
2022-05-25T06:00:00Z,tribes_fort-belknap_Fort Belknap,Fort Belknap,NDVI,3539.455030905672
2022-05-25T06:00:00Z,tribes_rocky-boys_Rocky Boy's,Rocky Boy's,EVI,3003.676932821977
2022-05-25T06:00:00Z,tribes_rocky-boys_Rocky Boy's,Rocky Boy's,NDVI,4975.417662241086
2022-05-25T06:00:00Z,tribes_blackfeet_Blackfeet,Blackfeet,EVI,2303.794829066538
2022-05-25T06:00:00Z,tribes_blackfeet_Blackfeet,Blackfeet,NDVI,3516.019644342385
2022-05-25T06:00:00Z,tribes_flathead_Flathead,Flathead,EVI,3455.0349014637873
2022-05-25T06:00:00Z,tribes_flathead_Flathead,Flathead,NDVI,5434.018550708579
2022-06-10T06:00:00Z,tribes_northern-cheyenne_Northern Cheyenne,Northern Cheyenne,EVI,3803.687640689322
2022-06-10T06:00:00Z,tribes_northern-cheyenne_Northern Cheyenne,Northern Cheyenne,NDVI,6299.518416068147
2022-06-10T06:00:00Z,tribes_crow_Crow,Crow,EVI,4340.737404931698
2022-06-10T06:00:00Z,tribes_crow_Crow,Crow,NDVI,6354.481088222092
2022-06-10T06:00:00Z,tribes_fort-peck_Fort Peck,Fort Peck,EVI,3291.757167963002
2022-06-10T06:00:00Z,tribes_fort-peck_Fort Peck,Fort Peck,NDVI,5088.782282585222
2022-06-10T06:00:00Z,tribes_fort-belknap_Fort Belknap,Fort Belknap,EVI,2869.7569058903123
2022-06-10T06:00:00Z,tribes_fort-belknap_Fort Belknap,Fort Belknap,NDVI,5000.709531813383
2022-06-10T06:00:00Z,tribes_rocky-boys_Rocky Boy's,Rocky Boy's,EVI,3884.1027871115434
2022-06-10T06:00:00Z,tribes_rocky-boys_Rocky Boy's,Rocky Boy's,NDVI,6567.002367504981
2022-06-10T06:00:00Z,tribes_blackfeet_Blackfeet,Blackfeet,EVI,3115.475493616345
2022-06-10T06:00:00Z,tribes_blackfeet_Blackfeet,Blackfeet,NDVI,4697.793903517432
2022-06-10T06:00:00Z,tribes_flathead_Flathead,Flathead,EVI,3576.545618469771
2022-06-10T06:00:00Z,tribes_flathead_Flathead,Flathead,NDVI,6130.3198160793145
2022-06-26T06:00:00Z,tribes_northern-cheyenne_Northern Cheyenne,Northern Cheyenne,EVI,3542.50051389536
2022-06-26T06:00:00Z,tribes_northern-cheyenne_Northern Cheyenne,Northern Cheyenne,NDVI,5870.647423049345
2022-06-26T06:00:00Z,tribes_crow_Crow,Crow,EVI,3846.305681687354
2022-06-26T06:00:00Z,tribes_crow_Crow,Crow,NDVI,5924.536683447063
2022-06-26T06:00:00Z,tribes_fort-peck_Fort Peck,Fort Peck,EVI,3479.533982611673
2022-06-26T06:00:00Z,tribes_fort-peck_Fort Peck,Fort Peck,NDVI,5522.020340411744
2022-06-26T06:00:00Z,tribes_fort-belknap_Fort Belknap,Fort Belknap,EVI,2828.9691220088016
2022-06-26T06:00:00Z,tribes_fort-belknap_Fort Belknap,Fort Belknap,NDVI,4692.134621009371
2022-06-26T06:00:00Z,tribes_rocky-boys_Rocky Boy's,Rocky Boy's,EVI,3757.275959567715
2022-06-26T06:00:00Z,tribes_rocky-boys_Rocky Boy's,Rocky Boy's,NDVI,6061.006056977557
2022-06-26T06:00:00Z,tribes_blackfeet_Blackfeet,Blackfeet,EVI,3486.368733956056
2022-06-26T06:00:00Z,tribes_blackfeet_Blackfeet,Blackfeet,NDVI,5485.572892633345
2022-06-26T06:00:00Z,tribes_flathead_Flathead,Flathead,EVI,3220.2926930443255
2022-06-26T06:00:00Z,tribes_flathead_Flathead,Flathead,NDVI,5850.164712394547
2022-07-12T06:00:00Z,tribes_northern-cheyenne_Northern Cheyenne,Northern Cheyenne,EVI,3079.627739547791
2022-07-12T06:00:00Z,tribes_northern-cheyenne_Northern Cheyenne,Northern Cheyenne,NDVI,5241.210501249813
2022-07-12T06:00:00Z,tribes_crow_Crow,Crow,EVI,3127.69524391956
2022-07-12T06:00:00Z,tribes_crow_Crow,Crow,NDVI,5011.42082708354
2022-07-12T06:00:00Z,tribes_fort-peck_Fort Peck,Fort Peck,EVI,3144.1860088714643
2022-07-12T06:00:00Z,tribes_fort-peck_Fort Peck,Fort Peck,NDVI,5213.622350036667
2022-07-12T06:00:00Z,tribes_fort-belknap_Fort Belknap,Fort Belknap,EVI,2522.499466052251
2022-07-12T06:00:00Z,tribes_fort-belknap_Fort Belknap,Fort Belknap,NDVI,4392.576570616201
2022-07-12T06:00:00Z,tribes_rocky-boys_Rocky Boy's,Rocky Boy's,EVI,3623.0966559890285
2022-07-12T06:00:00Z,tribes_rocky-boys_Rocky Boy's,Rocky Boy's,NDVI,5716.4266301616635
2022-07-12T06:00:00Z,tribes_blackfeet_Blackfeet,Blackfeet,EVI,3498.373208854463
2022-07-12T06:00:00Z,tribes_blackfeet_Blackfeet,Blackfeet,NDVI,5502.277736419306
2022-07-12T06:00:00Z,tribes_flathead_Flathead,Flathead,EVI,3034.828183751133
2022-07-12T06:00:00Z,tribes_flathead_Flathead,Flathead,NDVI,5511.273787513333
2022-07-28T06:00:00Z,tribes_northern-cheyenne_Northern Cheyenne,Northern Cheyenne,EVI,2723.5520867315668
2022-07-28T06:00:00Z,tribes_northern-cheyenne_Northern Cheyenne,Northern Cheyenne,NDVI,4748.142161895581
2022-07-28T06:00:00Z,tribes_crow_Crow,Crow,EVI,2674.499383069273
2022-07-28T06:00:00Z,tribes_crow_Crow,Crow,NDVI,4320.733434904099
2022-07-28T06:00:00Z,tribes_fort-peck_Fort Peck,Fort Peck,EVI,2242.9721833429985
2022-07-28T06:00:00Z,tribes_fort-peck_Fort Peck,Fort Peck,NDVI,3596.853423659941
2022-07-28T06:00:00Z,tribes_fort-belknap_Fort Belknap,Fort Belknap,EVI,2015.7288605208919
2022-07-28T06:00:00Z,tribes_fort-belknap_Fort Belknap,Fort Belknap,NDVI,3455.729802593644
2022-07-28T06:00:00Z,tribes_rocky-boys_Rocky Boy's,Rocky Boy's,EVI,3308.5535167326652
2022-07-28T06:00:00Z,tribes_rocky-boys_Rocky Boy's,Rocky Boy's,NDVI,5109.083858950294
2022-07-28T06:00:00Z,tribes_blackfeet_Blackfeet,Blackfeet,EVI,2966.5539087950024
2022-07-28T06:00:00Z,tribes_blackfeet_Blackfeet,Blackfeet,NDVI,4728.085419007491
2022-07-28T06:00:00Z,tribes_flathead_Flathead,Flathead,EVI,2707.087683263792
2022-07-28T06:00:00Z,tribes_flathead_Flathead,Flathead,NDVI,5110.8729707543025
2022-08-13T06:00:00Z,tribes_northern-cheyenne_Northern Cheyenne,Northern Cheyenne,EVI,2525.778891338952
2022-08-13T06:00:00Z,tribes_northern-cheyenne_Northern Cheyenne,Northern Cheyenne,NDVI,4549.896533552128
2022-08-13T06:00:00Z,tribes_crow_Crow,Crow,EVI,2393.8710653798917
2022-08-13T06:00:00Z,tribes_crow_Crow,Crow,NDVI,4015.0269757490933
2022-08-13T06:00:00Z,tribes_fort-peck_Fort Peck,Fort Peck,EVI,1721.9421521844235
2022-08-13T06:00:00Z,tribes_fort-peck_Fort Peck,Fort Peck,NDVI,2870.899544921849
2022-08-13T06:00:00Z,tribes_fort-belknap_Fort Belknap,Fort Belknap,EVI,1954.6159862138438
2022-08-13T06:00:00Z,tribes_fort-belknap_Fort Belknap,Fort Belknap,NDVI,3418.374733618642
2022-08-13T06:00:00Z,tribes_rocky-boys_Rocky Boy's,Rocky Boy's,EVI,2712.7455380960682
2022-08-13T06:00:00Z,tribes_rocky-boys_Rocky Boy's,Rocky Boy's,NDVI,4523.151459930149
2022-08-13T06:00:00Z,tribes_blackfeet_Blackfeet,Blackfeet,EVI,2573.251319000509
2022-08-13T06:00:00Z,tribes_blackfeet_Blackfeet,Blackfeet,NDVI,4041.1108342500816
2022-08-13T06:00:00Z,tribes_flathead_Flathead,Flathead,EVI,2541.3656398576336
2022-08-13T06:00:00Z,tribes_flathead_Flathead,Flathead,NDVI,5005.033683155199
2022-08-29T06:00:00Z,tribes_northern-cheyenne_Northern Cheyenne,Northern Cheyenne,EVI,2217.2962061211365
2022-08-29T06:00:00Z,tribes_northern-cheyenne_Northern Cheyenne,Northern Cheyenne,NDVI,4138.352896089483
2022-08-29T06:00:00Z,tribes_crow_Crow,Crow,EVI,2200.424603757369
2022-08-29T06:00:00Z,tribes_crow_Crow,Crow,NDVI,3693.977141743848
2022-08-29T06:00:00Z,tribes_fort-peck_Fort Peck,Fort Peck,EVI,1529.7254724686998
2022-08-29T06:00:00Z,tribes_fort-peck_Fort Peck,Fort Peck,NDVI,2549.701219123447
2022-08-29T06:00:00Z,tribes_fort-belknap_Fort Belknap,Fort Belknap,EVI,1716.8472611906705
2022-08-29T06:00:00Z,tribes_fort-belknap_Fort Belknap,Fort Belknap,NDVI,2980.489677467037
2022-08-29T06:00:00Z,tribes_rocky-boys_Rocky Boy's,Rocky Boy's,EVI,2307.275868552406
2022-08-29T06:00:00Z,tribes_rocky-boys_Rocky Boy's,Rocky Boy's,NDVI,4128.423190693471
2022-08-29T06:00:00Z,tribes_blackfeet_Blackfeet,Blackfeet,EVI,2332.05716515993
2022-08-29T06:00:00Z,tribes_blackfeet_Blackfeet,Blackfeet,NDVI,4058.392949346242
2022-08-29T06:00:00Z,tribes_flathead_Flathead,Flathead,EVI,2468.3373331363136
2022-08-29T06:00:00Z,tribes_flathead_Flathead,Flathead,NDVI,4957.561803821381
2022-09-14T06:00:00Z,tribes_northern-cheyenne_Northern Cheyenne,Northern Cheyenne,EVI,2127.5453460828808
2022-09-14T06:00:00Z,tribes_northern-cheyenne_Northern Cheyenne,Northern Cheyenne,NDVI,4027.3102585951997
2022-09-14T06:00:00Z,tribes_crow_Crow,Crow,EVI,2057.1196585957714
2022-09-14T06:00:00Z,tribes_crow_Crow,Crow,NDVI,3562.814983526188
2022-09-14T06:00:00Z,tribes_fort-peck_Fort Peck,Fort Peck,EVI,1539.0454332687686
2022-09-14T06:00:00Z,tribes_fort-peck_Fort Peck,Fort Peck,NDVI,2504.0668973667207
2022-09-14T06:00:00Z,tribes_fort-belknap_Fort Belknap,Fort Belknap,EVI,1656.0377300312648
2022-09-14T06:00:00Z,tribes_fort-belknap_Fort Belknap,Fort Belknap,NDVI,2973.2903974328265
2022-09-14T06:00:00Z,tribes_rocky-boys_Rocky Boy's,Rocky Boy's,EVI,2095.018426584277
2022-09-14T06:00:00Z,tribes_rocky-boys_Rocky Boy's,Rocky Boy's,NDVI,3953.2722755618947
2022-09-14T06:00:00Z,tribes_blackfeet_Blackfeet,Blackfeet,EVI,2225.485470591987
2022-09-14T06:00:00Z,tribes_blackfeet_Blackfeet,Blackfeet,NDVI,3812.9327993372895
2022-09-14T06:00:00Z,tribes_flathead_Flathead,Flathead,EVI,2422.945889895285
2022-09-14T06:00:00Z,tribes_flathead_Flathead,Flathead,NDVI,4928.12741573035
2022-09-30T06:00:00Z,tribes_northern-cheyenne_Northern Cheyenne,Northern Cheyenne,EVI,2011.7781788683183
2022-09-30T06:00:00Z,tribes_northern-cheyenne_Northern Cheyenne,Northern Cheyenne,NDVI,4282.863702621515
2022-09-30T06:00:00Z,tribes_crow_Crow,Crow,EVI,1917.8206204349513
2022-09-30T06:00:00Z,tribes_crow_Crow,Crow,NDVI,3747.91991486524
2022-09-30T06:00:00Z,tribes_fort-peck_Fort Peck,Fort Peck,EVI,1275.5390398458424
2022-09-30T06:00:00Z,tribes_fort-peck_Fort Peck,Fort Peck,NDVI,2373.615215719698
2022-09-30T06:00:00Z,tribes_fort-belknap_Fort Belknap,Fort Belknap,EVI,1457.7976071143653
2022-09-30T06:00:00Z,tribes_fort-belknap_Fort Belknap,Fort Belknap,NDVI,2804.758601588848
2022-09-30T06:00:00Z,tribes_rocky-boys_Rocky Boy's,Rocky Boy's,EVI,1666.591776757118
2022-09-30T06:00:00Z,tribes_rocky-boys_Rocky Boy's,Rocky Boy's,NDVI,3418.280585333032
2022-09-30T06:00:00Z,tribes_blackfeet_Blackfeet,Blackfeet,EVI,1939.4266782367572
2022-09-30T06:00:00Z,tribes_blackfeet_Blackfeet,Blackfeet,NDVI,3440.544306555597
2022-09-30T06:00:00Z,tribes_flathead_Flathead,Flathead,EVI,2548.901940000292
2022-09-30T06:00:00Z,tribes_flathead_Flathead,Flathead,NDVI,5023.238928725126
2022-10-16T06:00:00Z,tribes_northern-cheyenne_Northern Cheyenne,Northern Cheyenne,EVI,1990.480830734345
2022-10-16T06:00:00Z,tribes_northern-cheyenne_Northern Cheyenne,Northern Cheyenne,NDVI,3767.9732146401925
2022-10-16T06:00:00Z,tribes_crow_Crow,Crow,EVI,1882.9046985871869
2022-10-16T06:00:00Z,tribes_crow_Crow,Crow,NDVI,3319.8973257467906
2022-10-16T06:00:00Z,tribes_fort-peck_Fort Peck,Fort Peck,EVI,1388.613228896636
2022-10-16T06:00:00Z,tribes_fort-peck_Fort Peck,Fort Peck,NDVI,2638.5112005356323
2022-10-16T06:00:00Z,tribes_fort-belknap_Fort Belknap,Fort Belknap,EVI,1424.559247072642
2022-10-16T06:00:00Z,tribes_fort-belknap_Fort Belknap,Fort Belknap,NDVI,2651.942373985834
2022-10-16T06:00:00Z,tribes_rocky-boys_Rocky Boy's,Rocky Boy's,EVI,937.2548563244112
2022-10-16T06:00:00Z,tribes_rocky-boys_Rocky Boy's,Rocky Boy's,NDVI,2279.1844508101335
2022-10-16T06:00:00Z,tribes_blackfeet_Blackfeet,Blackfeet,EVI,1410.6293428566728
2022-10-16T06:00:00Z,tribes_blackfeet_Blackfeet,Blackfeet,NDVI,2496.1556705079033
2022-10-16T06:00:00Z,tribes_flathead_Flathead,Flathead,EVI,2278.9337488585315
2022-10-16T06:00:00Z,tribes_flathead_Flathead,Flathead,NDVI,4312.818799144435
2022-11-01T06:00:00Z,tribes_northern-cheyenne_Northern Cheyenne,Northern Cheyenne,EVI,1801.7541913755938
2022-11-01T06:00:00Z,tribes_northern-cheyenne_Northern Cheyenne,Northern Cheyenne,NDVI,3700.0587735576783
2022-11-01T06:00:00Z,tribes_crow_Crow,Crow,EVI,1779.9482122150625
2022-11-01T06:00:00Z,tribes_crow_Crow,Crow,NDVI,3322.921273127308
2022-11-01T06:00:00Z,tribes_fort-peck_Fort Peck,Fort Peck,EVI,1302.3297753204997
2022-11-01T06:00:00Z,tribes_fort-peck_Fort Peck,Fort Peck,NDVI,2515.843120864505
2022-11-01T06:00:00Z,tribes_fort-belknap_Fort Belknap,Fort Belknap,EVI,1390.8268202755244
2022-11-01T06:00:00Z,tribes_fort-belknap_Fort Belknap,Fort Belknap,NDVI,2618.3152760143926
2022-11-01T06:00:00Z,tribes_rocky-boys_Rocky Boy's,Rocky Boy's,EVI,1509.288902074723
2022-11-01T06:00:00Z,tribes_rocky-boys_Rocky Boy's,Rocky Boy's,NDVI,3030.366828988828
2022-11-01T06:00:00Z,tribes_blackfeet_Blackfeet,Blackfeet,EVI,1378.6350620865937
2022-11-01T06:00:00Z,tribes_blackfeet_Blackfeet,Blackfeet,NDVI,2369.01170348111
2022-11-01T06:00:00Z,tribes_flathead_Flathead,Flathead,EVI,2573.6765553262435
2022-11-01T06:00:00Z,tribes_flathead_Flathead,Flathead,NDVI,4425.6849238862815
2022-11-17T07:00:00Z,tribes_northern-cheyenne_Northern Cheyenne,Northern Cheyenne,EVI,1148.4401445966519
2022-11-17T07:00:00Z,tribes_northern-cheyenne_Northern Cheyenne,Northern Cheyenne,NDVI,2664.759988584476
2022-11-17T07:00:00Z,tribes_crow_Crow,Crow,EVI,1255.083691582305
2022-11-17T07:00:00Z,tribes_crow_Crow,Crow,NDVI,2225.9185163018487
2022-11-17T07:00:00Z,tribes_fort-peck_Fort Peck,Fort Peck,EVI,NA
2022-11-17T07:00:00Z,tribes_fort-peck_Fort Peck,Fort Peck,NDVI,NA
2022-11-17T07:00:00Z,tribes_fort-belknap_Fort Belknap,Fort Belknap,EVI,1377.1112243537225
2022-11-17T07:00:00Z,tribes_fort-belknap_Fort Belknap,Fort Belknap,NDVI,2407.553045167927
2022-11-17T07:00:00Z,tribes_rocky-boys_Rocky Boy's,Rocky Boy's,EVI,1031.9105398457584
2022-11-17T07:00:00Z,tribes_rocky-boys_Rocky Boy's,Rocky Boy's,NDVI,1867.8344473007712
2022-11-17T07:00:00Z,tribes_blackfeet_Blackfeet,Blackfeet,EVI,1370.9578571041116
2022-11-17T07:00:00Z,tribes_blackfeet_Blackfeet,Blackfeet,NDVI,2409.0797925079246
2022-11-17T07:00:00Z,tribes_flathead_Flathead,Flathead,EVI,1114.4568524632616
2022-11-17T07:00:00Z,tribes_flathead_Flathead,Flathead,NDVI,3718.7859131222895
2022-12-03T07:00:00Z,tribes_northern-cheyenne_Northern Cheyenne,Northern Cheyenne,EVI,NA
2022-12-03T07:00:00Z,tribes_northern-cheyenne_Northern Cheyenne,Northern Cheyenne,NDVI,NA
2022-12-03T07:00:00Z,tribes_crow_Crow,Crow,EVI,1178.4615384615386
2022-12-03T07:00:00Z,tribes_crow_Crow,Crow,NDVI,2210.923076923077
2022-12-03T07:00:00Z,tribes_fort-peck_Fort Peck,Fort Peck,EVI,NA
2022-12-03T07:00:00Z,tribes_fort-peck_Fort Peck,Fort Peck,NDVI,NA
2022-12-03T07:00:00Z,tribes_fort-belknap_Fort Belknap,Fort Belknap,EVI,NA
2022-12-03T07:00:00Z,tribes_fort-belknap_Fort Belknap,Fort Belknap,NDVI,NA
2022-12-03T07:00:00Z,tribes_rocky-boys_Rocky Boy's,Rocky Boy's,EVI,NA
2022-12-03T07:00:00Z,tribes_rocky-boys_Rocky Boy's,Rocky Boy's,NDVI,NA
2022-12-03T07:00:00Z,tribes_blackfeet_Blackfeet,Blackfeet,EVI,NA
2022-12-03T07:00:00Z,tribes_blackfeet_Blackfeet,Blackfeet,NDVI,NA
2022-12-03T07:00:00Z,tribes_flathead_Flathead,Flathead,EVI,NA
2022-12-03T07:00:00Z,tribes_flathead_Flathead,Flathead,NDVI,NA
2022-12-19T07:00:00Z,tribes_northern-cheyenne_Northern Cheyenne,Northern Cheyenne,EVI,NA
2022-12-19T07:00:00Z,tribes_northern-cheyenne_Northern Cheyenne,Northern Cheyenne,NDVI,NA
2022-12-19T07:00:00Z,tribes_crow_Crow,Crow,EVI,1364.257473975073
2022-12-19T07:00:00Z,tribes_crow_Crow,Crow,NDVI,2511.8087126954283
2022-12-19T07:00:00Z,tribes_fort-peck_Fort Peck,Fort Peck,EVI,NA
2022-12-19T07:00:00Z,tribes_fort-peck_Fort Peck,Fort Peck,NDVI,NA
2022-12-19T07:00:00Z,tribes_fort-belknap_Fort Belknap,Fort Belknap,EVI,NA
2022-12-19T07:00:00Z,tribes_fort-belknap_Fort Belknap,Fort Belknap,NDVI,NA
2022-12-19T07:00:00Z,tribes_rocky-boys_Rocky Boy's,Rocky Boy's,EVI,NA
2022-12-19T07:00:00Z,tribes_rocky-boys_Rocky Boy's,Rocky Boy's,NDVI,NA
2022-12-19T07:00:00Z,tribes_blackfeet_Blackfeet,Blackfeet,EVI,1107.3227077593388
2022-12-19T07:00:00Z,tribes_blackfeet_Blackfeet,Blackfeet,NDVI,1891.944047542769
2022-12-19T07:00:00Z,tribes_flathead_Flathead,Flathead,EVI,2143.2105263157896
2022-12-19T07:00:00Z,tribes_flathead_Flathead,Flathead,NDVI,3551.092105263158
2023-01-01T07:00:00Z,tribes_northern-cheyenne_Northern Cheyenne,Northern Cheyenne,EVI,1468
2023-01-01T07:00:00Z,tribes_northern-cheyenne_Northern Cheyenne,Northern Cheyenne,NDVI,2368
2023-01-01T07:00:00Z,tribes_crow_Crow,Crow,EVI,1319.1748493588213
2023-01-01T07:00:00Z,tribes_crow_Crow,Crow,NDVI,2353.442608521018
2023-01-01T07:00:00Z,tribes_fort-peck_Fort Peck,Fort Peck,EVI,NA
2023-01-01T07:00:00Z,tribes_fort-peck_Fort Peck,Fort Peck,NDVI,NA
2023-01-01T07:00:00Z,tribes_fort-belknap_Fort Belknap,Fort Belknap,EVI,NA
2023-01-01T07:00:00Z,tribes_fort-belknap_Fort Belknap,Fort Belknap,NDVI,NA
2023-01-01T07:00:00Z,tribes_rocky-boys_Rocky Boy's,Rocky Boy's,EVI,NA
2023-01-01T07:00:00Z,tribes_rocky-boys_Rocky Boy's,Rocky Boy's,NDVI,NA
2023-01-01T07:00:00Z,tribes_blackfeet_Blackfeet,Blackfeet,EVI,1010.0196750902527
2023-01-01T07:00:00Z,tribes_blackfeet_Blackfeet,Blackfeet,NDVI,1803.8387237205352
2023-01-01T07:00:00Z,tribes_flathead_Flathead,Flathead,EVI,1750.6075085324233
2023-01-01T07:00:00Z,tribes_flathead_Flathead,Flathead,NDVI,3587.8122866894196
2023-01-17T07:00:00Z,tribes_northern-cheyenne_Northern Cheyenne,Northern Cheyenne,EVI,NA
2023-01-17T07:00:00Z,tribes_northern-cheyenne_Northern Cheyenne,Northern Cheyenne,NDVI,NA
2023-01-17T07:00:00Z,tribes_crow_Crow,Crow,EVI,1249.3949958425544
2023-01-17T07:00:00Z,tribes_crow_Crow,Crow,NDVI,2253.6042556911775
2023-01-17T07:00:00Z,tribes_fort-peck_Fort Peck,Fort Peck,EVI,NA
2023-01-17T07:00:00Z,tribes_fort-peck_Fort Peck,Fort Peck,NDVI,NA
2023-01-17T07:00:00Z,tribes_fort-belknap_Fort Belknap,Fort Belknap,EVI,1751.3333333333333
2023-01-17T07:00:00Z,tribes_fort-belknap_Fort Belknap,Fort Belknap,NDVI,3176.6666666666665
2023-01-17T07:00:00Z,tribes_rocky-boys_Rocky Boy's,Rocky Boy's,EVI,NA
2023-01-17T07:00:00Z,tribes_rocky-boys_Rocky Boy's,Rocky Boy's,NDVI,NA
2023-01-17T07:00:00Z,tribes_blackfeet_Blackfeet,Blackfeet,EVI,1198.833728984423
2023-01-17T07:00:00Z,tribes_blackfeet_Blackfeet,Blackfeet,NDVI,2009.1475724366685
2023-01-17T07:00:00Z,tribes_flathead_Flathead,Flathead,EVI,NA
2023-01-17T07:00:00Z,tribes_flathead_Flathead,Flathead,NDVI,NA
2023-02-02T07:00:00Z,tribes_northern-cheyenne_Northern Cheyenne,Northern Cheyenne,EVI,978.7349897089091
2023-02-02T07:00:00Z,tribes_northern-cheyenne_Northern Cheyenne,Northern Cheyenne,NDVI,1779.5838282857983
2023-02-02T07:00:00Z,tribes_crow_Crow,Crow,EVI,1186.1137250855559
2023-02-02T07:00:00Z,tribes_crow_Crow,Crow,NDVI,2170.990006183515
2023-02-02T07:00:00Z,tribes_fort-peck_Fort Peck,Fort Peck,EVI,NA
2023-02-02T07:00:00Z,tribes_fort-peck_Fort Peck,Fort Peck,NDVI,NA
2023-02-02T07:00:00Z,tribes_fort-belknap_Fort Belknap,Fort Belknap,EVI,1203.7288928112453
2023-02-02T07:00:00Z,tribes_fort-belknap_Fort Belknap,Fort Belknap,NDVI,2194.7913604905007
2023-02-02T07:00:00Z,tribes_rocky-boys_Rocky Boy's,Rocky Boy's,EVI,NA
2023-02-02T07:00:00Z,tribes_rocky-boys_Rocky Boy's,Rocky Boy's,NDVI,NA
2023-02-02T07:00:00Z,tribes_blackfeet_Blackfeet,Blackfeet,EVI,1057.0204119736138
2023-02-02T07:00:00Z,tribes_blackfeet_Blackfeet,Blackfeet,NDVI,1796.9701520404049
2023-02-02T07:00:00Z,tribes_flathead_Flathead,Flathead,EVI,1838.3561643835617
2023-02-02T07:00:00Z,tribes_flathead_Flathead,Flathead,NDVI,3197.5753424657532
2023-02-18T07:00:00Z,tribes_northern-cheyenne_Northern Cheyenne,Northern Cheyenne,EVI,NA
2023-02-18T07:00:00Z,tribes_northern-cheyenne_Northern Cheyenne,Northern Cheyenne,NDVI,NA
2023-02-18T07:00:00Z,tribes_crow_Crow,Crow,EVI,NA
2023-02-18T07:00:00Z,tribes_crow_Crow,Crow,NDVI,NA
2023-02-18T07:00:00Z,tribes_fort-peck_Fort Peck,Fort Peck,EVI,NA
2023-02-18T07:00:00Z,tribes_fort-peck_Fort Peck,Fort Peck,NDVI,NA
2023-02-18T07:00:00Z,tribes_fort-belknap_Fort Belknap,Fort Belknap,EVI,NA
2023-02-18T07:00:00Z,tribes_fort-belknap_Fort Belknap,Fort Belknap,NDVI,NA
2023-02-18T07:00:00Z,tribes_rocky-boys_Rocky Boy's,Rocky Boy's,EVI,NA
2023-02-18T07:00:00Z,tribes_rocky-boys_Rocky Boy's,Rocky Boy's,NDVI,NA
2023-02-18T07:00:00Z,tribes_blackfeet_Blackfeet,Blackfeet,EVI,1422.4
2023-02-18T07:00:00Z,tribes_blackfeet_Blackfeet,Blackfeet,NDVI,2303.4
2023-02-18T07:00:00Z,tribes_flathead_Flathead,Flathead,EVI,1697.3333333333333
2023-02-18T07:00:00Z,tribes_flathead_Flathead,Flathead,NDVI,2864.3333333333335
2023-03-06T07:00:00Z,tribes_northern-cheyenne_Northern Cheyenne,Northern Cheyenne,EVI,NA
2023-03-06T07:00:00Z,tribes_northern-cheyenne_Northern Cheyenne,Northern Cheyenne,NDVI,NA
2023-03-06T07:00:00Z,tribes_crow_Crow,Crow,EVI,1160.8175771936064
2023-03-06T07:00:00Z,tribes_crow_Crow,Crow,NDVI,2097.834694171849
2023-03-06T07:00:00Z,tribes_fort-peck_Fort Peck,Fort Peck,EVI,NA
2023-03-06T07:00:00Z,tribes_fort-peck_Fort Peck,Fort Peck,NDVI,NA
2023-03-06T07:00:00Z,tribes_fort-belknap_Fort Belknap,Fort Belknap,EVI,NA
2023-03-06T07:00:00Z,tribes_fort-belknap_Fort Belknap,Fort Belknap,NDVI,NA
2023-03-06T07:00:00Z,tribes_rocky-boys_Rocky Boy's,Rocky Boy's,EVI,NA
2023-03-06T07:00:00Z,tribes_rocky-boys_Rocky Boy's,Rocky Boy's,NDVI,NA
2023-03-06T07:00:00Z,tribes_blackfeet_Blackfeet,Blackfeet,EVI,NA
2023-03-06T07:00:00Z,tribes_blackfeet_Blackfeet,Blackfeet,NDVI,NA
2023-03-06T07:00:00Z,tribes_flathead_Flathead,Flathead,EVI,1591.9068496229438
2023-03-06T07:00:00Z,tribes_flathead_Flathead,Flathead,NDVI,3101.7009756508687
2023-03-22T06:00:00Z,tribes_northern-cheyenne_Northern Cheyenne,Northern Cheyenne,EVI,NA
2023-03-22T06:00:00Z,tribes_northern-cheyenne_Northern Cheyenne,Northern Cheyenne,NDVI,NA
2023-03-22T06:00:00Z,tribes_crow_Crow,Crow,EVI,1237.5878905234702
2023-03-22T06:00:00Z,tribes_crow_Crow,Crow,NDVI,2191.919909549306
2023-03-22T06:00:00Z,tribes_fort-peck_Fort Peck,Fort Peck,EVI,NA
2023-03-22T06:00:00Z,tribes_fort-peck_Fort Peck,Fort Peck,NDVI,NA
2023-03-22T06:00:00Z,tribes_fort-belknap_Fort Belknap,Fort Belknap,EVI,NA
2023-03-22T06:00:00Z,tribes_fort-belknap_Fort Belknap,Fort Belknap,NDVI,NA
2023-03-22T06:00:00Z,tribes_rocky-boys_Rocky Boy's,Rocky Boy's,EVI,NA
2023-03-22T06:00:00Z,tribes_rocky-boys_Rocky Boy's,Rocky Boy's,NDVI,NA
2023-03-22T06:00:00Z,tribes_blackfeet_Blackfeet,Blackfeet,EVI,986.0724771618001
2023-03-22T06:00:00Z,tribes_blackfeet_Blackfeet,Blackfeet,NDVI,1681.6644062855776
2023-03-22T06:00:00Z,tribes_flathead_Flathead,Flathead,EVI,1758.5286284301487
2023-03-22T06:00:00Z,tribes_flathead_Flathead,Flathead,NDVI,3051.0464889954037
2023-04-07T06:00:00Z,tribes_northern-cheyenne_Northern Cheyenne,Northern Cheyenne,EVI,1501.5513047687773
2023-04-07T06:00:00Z,tribes_northern-cheyenne_Northern Cheyenne,Northern Cheyenne,NDVI,2505.4427856379534
2023-04-07T06:00:00Z,tribes_crow_Crow,Crow,EVI,1469.0983175232263
2023-04-07T06:00:00Z,tribes_crow_Crow,Crow,NDVI,2497.113818140469
2023-04-07T06:00:00Z,tribes_fort-peck_Fort Peck,Fort Peck,EVI,1073.3976607623376
2023-04-07T06:00:00Z,tribes_fort-peck_Fort Peck,Fort Peck,NDVI,2135.19807501095
2023-04-07T06:00:00Z,tribes_fort-belknap_Fort Belknap,Fort Belknap,EVI,1152.7249509245305
2023-04-07T06:00:00Z,tribes_fort-belknap_Fort Belknap,Fort Belknap,NDVI,2225.8328305018927
2023-04-07T06:00:00Z,tribes_rocky-boys_Rocky Boy's,Rocky Boy's,EVI,1239.355604425501
2023-04-07T06:00:00Z,tribes_rocky-boys_Rocky Boy's,Rocky Boy's,NDVI,2212.940010882378
2023-04-07T06:00:00Z,tribes_blackfeet_Blackfeet,Blackfeet,EVI,1280.1510813879904
2023-04-07T06:00:00Z,tribes_blackfeet_Blackfeet,Blackfeet,NDVI,2056.192686150261
2023-04-07T06:00:00Z,tribes_flathead_Flathead,Flathead,EVI,2319.3932663593337
2023-04-07T06:00:00Z,tribes_flathead_Flathead,Flathead,NDVI,3658.392305370493
2023-04-23T06:00:00Z,tribes_northern-cheyenne_Northern Cheyenne,Northern Cheyenne,EVI,1856.4194329912093
2023-04-23T06:00:00Z,tribes_northern-cheyenne_Northern Cheyenne,Northern Cheyenne,NDVI,3604.724319688736
2023-04-23T06:00:00Z,tribes_crow_Crow,Crow,EVI,1906.8046347496013
2023-04-23T06:00:00Z,tribes_crow_Crow,Crow,NDVI,3338.982346578166
2023-04-23T06:00:00Z,tribes_fort-peck_Fort Peck,Fort Peck,EVI,1391.6031348701015
2023-04-23T06:00:00Z,tribes_fort-peck_Fort Peck,Fort Peck,NDVI,2469.6317477532552
2023-04-23T06:00:00Z,tribes_fort-belknap_Fort Belknap,Fort Belknap,EVI,1573.2210447164505
2023-04-23T06:00:00Z,tribes_fort-belknap_Fort Belknap,Fort Belknap,NDVI,2883.6484192401435
2023-04-23T06:00:00Z,tribes_rocky-boys_Rocky Boy's,Rocky Boy's,EVI,1732.3360066143064
2023-04-23T06:00:00Z,tribes_rocky-boys_Rocky Boy's,Rocky Boy's,NDVI,3239.1171909253812
2023-04-23T06:00:00Z,tribes_blackfeet_Blackfeet,Blackfeet,EVI,1670.861652620951
2023-04-23T06:00:00Z,tribes_blackfeet_Blackfeet,Blackfeet,NDVI,2747.876091802075
2023-04-23T06:00:00Z,tribes_flathead_Flathead,Flathead,EVI,2881.1549588006046
2023-04-23T06:00:00Z,tribes_flathead_Flathead,Flathead,NDVI,4841.101183227607
2023-05-09T06:00:00Z,tribes_northern-cheyenne_Northern Cheyenne,Northern Cheyenne,EVI,2629.496347467977
2023-05-09T06:00:00Z,tribes_northern-cheyenne_Northern Cheyenne,Northern Cheyenne,NDVI,4806.122331011594
2023-05-09T06:00:00Z,tribes_crow_Crow,Crow,EVI,2873.8858921136966
2023-05-09T06:00:00Z,tribes_crow_Crow,Crow,NDVI,4791.197289458961
2023-05-09T06:00:00Z,tribes_fort-peck_Fort Peck,Fort Peck,EVI,1997.9291531364145
2023-05-09T06:00:00Z,tribes_fort-peck_Fort Peck,Fort Peck,NDVI,3458.79310336272
2023-05-09T06:00:00Z,tribes_fort-belknap_Fort Belknap,Fort Belknap,EVI,2508.5561403681595
2023-05-09T06:00:00Z,tribes_fort-belknap_Fort Belknap,Fort Belknap,NDVI,4299.871512231842
2023-05-09T06:00:00Z,tribes_rocky-boys_Rocky Boy's,Rocky Boy's,EVI,3103.1075876761724
2023-05-09T06:00:00Z,tribes_rocky-boys_Rocky Boy's,Rocky Boy's,NDVI,5227.192281219276
2023-05-09T06:00:00Z,tribes_blackfeet_Blackfeet,Blackfeet,EVI,2506.239359909627
2023-05-09T06:00:00Z,tribes_blackfeet_Blackfeet,Blackfeet,NDVI,4370.380689292389
2023-05-09T06:00:00Z,tribes_flathead_Flathead,Flathead,EVI,3570.4024129334534
2023-05-09T06:00:00Z,tribes_flathead_Flathead,Flathead,NDVI,5860.2936608708615
2023-05-25T06:00:00Z,tribes_northern-cheyenne_Northern Cheyenne,Northern Cheyenne,EVI,3669.688155246362
2023-05-25T06:00:00Z,tribes_northern-cheyenne_Northern Cheyenne,Northern Cheyenne,NDVI,6451.9768060178885
2023-05-25T06:00:00Z,tribes_crow_Crow,Crow,EVI,3778.3406581305626
2023-05-25T06:00:00Z,tribes_crow_Crow,Crow,NDVI,6264.212386471717
2023-05-25T06:00:00Z,tribes_fort-peck_Fort Peck,Fort Peck,EVI,3083.2971853564636
2023-05-25T06:00:00Z,tribes_fort-peck_Fort Peck,Fort Peck,NDVI,5070.975592812027
2023-05-25T06:00:00Z,tribes_fort-belknap_Fort Belknap,Fort Belknap,EVI,3344.7977765089936
2023-05-25T06:00:00Z,tribes_fort-belknap_Fort Belknap,Fort Belknap,NDVI,5734.642704657864
2023-05-25T06:00:00Z,tribes_rocky-boys_Rocky Boy's,Rocky Boy's,EVI,3940.182261962518
2023-05-25T06:00:00Z,tribes_rocky-boys_Rocky Boy's,Rocky Boy's,NDVI,6501.787268539779
2023-05-25T06:00:00Z,tribes_blackfeet_Blackfeet,Blackfeet,EVI,3484.5641912557203
2023-05-25T06:00:00Z,tribes_blackfeet_Blackfeet,Blackfeet,NDVI,5210.967769385588
2023-05-25T06:00:00Z,tribes_flathead_Flathead,Flathead,EVI,3771.8967764155827
2023-05-25T06:00:00Z,tribes_flathead_Flathead,Flathead,NDVI,6763.474967164174
2023-06-10T06:00:00Z,tribes_northern-cheyenne_Northern Cheyenne,Northern Cheyenne,EVI,4161.193653809209
2023-06-10T06:00:00Z,tribes_northern-cheyenne_Northern Cheyenne,Northern Cheyenne,NDVI,6434.254482274198
2023-06-10T06:00:00Z,tribes_crow_Crow,Crow,EVI,4760.084332335955
2023-06-10T06:00:00Z,tribes_crow_Crow,Crow,NDVI,6695.8686599985795
2023-06-10T06:00:00Z,tribes_fort-peck_Fort Peck,Fort Peck,EVI,3427.6886672842334
2023-06-10T06:00:00Z,tribes_fort-peck_Fort Peck,Fort Peck,NDVI,5392.433145335021
2023-06-10T06:00:00Z,tribes_fort-belknap_Fort Belknap,Fort Belknap,EVI,3511.5102284981444
2023-06-10T06:00:00Z,tribes_fort-belknap_Fort Belknap,Fort Belknap,NDVI,5767.703509232852
2023-06-10T06:00:00Z,tribes_rocky-boys_Rocky Boy's,Rocky Boy's,EVI,4530.653455610953
2023-06-10T06:00:00Z,tribes_rocky-boys_Rocky Boy's,Rocky Boy's,NDVI,6820.587990602621
2023-06-10T06:00:00Z,tribes_blackfeet_Blackfeet,Blackfeet,EVI,3899.192383706875
2023-06-10T06:00:00Z,tribes_blackfeet_Blackfeet,Blackfeet,NDVI,6155.12020093585
2023-06-10T06:00:00Z,tribes_flathead_Flathead,Flathead,EVI,3673.835163698901
2023-06-10T06:00:00Z,tribes_flathead_Flathead,Flathead,NDVI,6226.093767748247
2023-06-26T06:00:00Z,tribes_northern-cheyenne_Northern Cheyenne,Northern Cheyenne,EVI,3689.1547817908618
2023-06-26T06:00:00Z,tribes_northern-cheyenne_Northern Cheyenne,Northern Cheyenne,NDVI,6316.2977014366115
2023-06-26T06:00:00Z,tribes_crow_Crow,Crow,EVI,3921.176206937049
2023-06-26T06:00:00Z,tribes_crow_Crow,Crow,NDVI,6205.150561109093
2023-06-26T06:00:00Z,tribes_fort-peck_Fort Peck,Fort Peck,EVI,3396.067899368518
2023-06-26T06:00:00Z,tribes_fort-peck_Fort Peck,Fort Peck,NDVI,5532.420506729193
2023-06-26T06:00:00Z,tribes_fort-belknap_Fort Belknap,Fort Belknap,EVI,3294.8184786657907
2023-06-26T06:00:00Z,tribes_fort-belknap_Fort Belknap,Fort Belknap,NDVI,5434.289847576383
2023-06-26T06:00:00Z,tribes_rocky-boys_Rocky Boy's,Rocky Boy's,EVI,4099.749428247939
2023-06-26T06:00:00Z,tribes_rocky-boys_Rocky Boy's,Rocky Boy's,NDVI,6774.99479897334
2023-06-26T06:00:00Z,tribes_blackfeet_Blackfeet,Blackfeet,EVI,3849.4452732710706
2023-06-26T06:00:00Z,tribes_blackfeet_Blackfeet,Blackfeet,NDVI,5693.931801592544
2023-06-26T06:00:00Z,tribes_flathead_Flathead,Flathead,EVI,3362.557200800795
2023-06-26T06:00:00Z,tribes_flathead_Flathead,Flathead,NDVI,6000.83988010276
2023-07-12T06:00:00Z,tribes_northern-cheyenne_Northern Cheyenne,Northern Cheyenne,EVI,3450.7197667249266
2023-07-12T06:00:00Z,tribes_northern-cheyenne_Northern Cheyenne,Northern Cheyenne,NDVI,5987.6017662806335
2023-07-12T06:00:00Z,tribes_crow_Crow,Crow,EVI,3625.0334894706334
2023-07-12T06:00:00Z,tribes_crow_Crow,Crow,NDVI,5870.968247992641
2023-07-12T06:00:00Z,tribes_fort-peck_Fort Peck,Fort Peck,EVI,3017.760269465011
2023-07-12T06:00:00Z,tribes_fort-peck_Fort Peck,Fort Peck,NDVI,4869.824016529196
2023-07-12T06:00:00Z,tribes_fort-belknap_Fort Belknap,Fort Belknap,EVI,2648.3431983855003
2023-07-12T06:00:00Z,tribes_fort-belknap_Fort Belknap,Fort Belknap,NDVI,4307.019875922999
2023-07-12T06:00:00Z,tribes_rocky-boys_Rocky Boy's,Rocky Boy's,EVI,3699.3477474249166
2023-07-12T06:00:00Z,tribes_rocky-boys_Rocky Boy's,Rocky Boy's,NDVI,5780.205150615986
2023-07-12T06:00:00Z,tribes_blackfeet_Blackfeet,Blackfeet,EVI,3134.530934799092
2023-07-12T06:00:00Z,tribes_blackfeet_Blackfeet,Blackfeet,NDVI,4909.010555680039
2023-07-12T06:00:00Z,tribes_flathead_Flathead,Flathead,EVI,2916.6805640495427
2023-07-12T06:00:00Z,tribes_flathead_Flathead,Flathead,NDVI,5369.742556972432
2023-07-28T06:00:00Z,tribes_northern-cheyenne_Northern Cheyenne,Northern Cheyenne,EVI,3105.4026964776895
2023-07-28T06:00:00Z,tribes_northern-cheyenne_Northern Cheyenne,Northern Cheyenne,NDVI,5578.224306595861
2023-07-28T06:00:00Z,tribes_crow_Crow,Crow,EVI,3013.6754514283975
2023-07-28T06:00:00Z,tribes_crow_Crow,Crow,NDVI,5128.3257086374815
2023-07-28T06:00:00Z,tribes_fort-peck_Fort Peck,Fort Peck,EVI,2477.6101305899406
2023-07-28T06:00:00Z,tribes_fort-peck_Fort Peck,Fort Peck,NDVI,3971.0873261060356
2023-07-28T06:00:00Z,tribes_fort-belknap_Fort Belknap,Fort Belknap,EVI,2387.2576408918485
2023-07-28T06:00:00Z,tribes_fort-belknap_Fort Belknap,Fort Belknap,NDVI,3984.236292794958
2023-07-28T06:00:00Z,tribes_rocky-boys_Rocky Boy's,Rocky Boy's,EVI,3023.1408400232594
2023-07-28T06:00:00Z,tribes_rocky-boys_Rocky Boy's,Rocky Boy's,NDVI,4930.609407980715
2023-07-28T06:00:00Z,tribes_blackfeet_Blackfeet,Blackfeet,EVI,2511.5845225624353
2023-07-28T06:00:00Z,tribes_blackfeet_Blackfeet,Blackfeet,NDVI,4003.338411092798
2023-07-28T06:00:00Z,tribes_flathead_Flathead,Flathead,EVI,2905.4155319834254
2023-07-28T06:00:00Z,tribes_flathead_Flathead,Flathead,NDVI,5129.46395903662
2023-08-13T06:00:00Z,tribes_northern-cheyenne_Northern Cheyenne,Northern Cheyenne,EVI,2557.8165791807987
2023-08-13T06:00:00Z,tribes_northern-cheyenne_Northern Cheyenne,Northern Cheyenne,NDVI,4967.122410201964
2023-08-13T06:00:00Z,tribes_crow_Crow,Crow,EVI,2646.937861626882
2023-08-13T06:00:00Z,tribes_crow_Crow,Crow,NDVI,4511.518514009539
2023-08-13T06:00:00Z,tribes_fort-peck_Fort Peck,Fort Peck,EVI,2105.0543311054516
2023-08-13T06:00:00Z,tribes_fort-peck_Fort Peck,Fort Peck,NDVI,3402.7443286946836
2023-08-13T06:00:00Z,tribes_fort-belknap_Fort Belknap,Fort Belknap,EVI,2063.597653634606
2023-08-13T06:00:00Z,tribes_fort-belknap_Fort Belknap,Fort Belknap,NDVI,3596.7575286042215
2023-08-13T06:00:00Z,tribes_rocky-boys_Rocky Boy's,Rocky Boy's,EVI,2656.2468677210345
2023-08-13T06:00:00Z,tribes_rocky-boys_Rocky Boy's,Rocky Boy's,NDVI,4633.78035153195
2023-08-13T06:00:00Z,tribes_blackfeet_Blackfeet,Blackfeet,EVI,2241.493311844726
2023-08-13T06:00:00Z,tribes_blackfeet_Blackfeet,Blackfeet,NDVI,3733.2334895360787
2023-08-13T06:00:00Z,tribes_flathead_Flathead,Flathead,EVI,2503.4134312343913
2023-08-13T06:00:00Z,tribes_flathead_Flathead,Flathead,NDVI,5156.661032942157
2023-08-29T06:00:00Z,tribes_northern-cheyenne_Northern Cheyenne,Northern Cheyenne,EVI,2388.3656043616697
2023-08-29T06:00:00Z,tribes_northern-cheyenne_Northern Cheyenne,Northern Cheyenne,NDVI,4661.707681371785
2023-08-29T06:00:00Z,tribes_crow_Crow,Crow,EVI,2342.2042955751713
2023-08-29T06:00:00Z,tribes_crow_Crow,Crow,NDVI,4209.327813286304
2023-08-29T06:00:00Z,tribes_fort-peck_Fort Peck,Fort Peck,EVI,1683.6449986057619
2023-08-29T06:00:00Z,tribes_fort-peck_Fort Peck,Fort Peck,NDVI,2978.2978552213926
2023-08-29T06:00:00Z,tribes_fort-belknap_Fort Belknap,Fort Belknap,EVI,1968.7085006174348
2023-08-29T06:00:00Z,tribes_fort-belknap_Fort Belknap,Fort Belknap,NDVI,3472.9032524937957
2023-08-29T06:00:00Z,tribes_rocky-boys_Rocky Boy's,Rocky Boy's,EVI,2614.701444759583
2023-08-29T06:00:00Z,tribes_rocky-boys_Rocky Boy's,Rocky Boy's,NDVI,4309.647653030464
2023-08-29T06:00:00Z,tribes_blackfeet_Blackfeet,Blackfeet,EVI,2315.4199172519893
2023-08-29T06:00:00Z,tribes_blackfeet_Blackfeet,Blackfeet,NDVI,3875.785273001062
2023-08-29T06:00:00Z,tribes_flathead_Flathead,Flathead,EVI,2562.7415864687573
2023-08-29T06:00:00Z,tribes_flathead_Flathead,Flathead,NDVI,5567.998793477719
2023-09-14T06:00:00Z,tribes_northern-cheyenne_Northern Cheyenne,Northern Cheyenne,EVI,2275.8158645280164
2023-09-14T06:00:00Z,tribes_northern-cheyenne_Northern Cheyenne,Northern Cheyenne,NDVI,4657.2702347661625
2023-09-14T06:00:00Z,tribes_crow_Crow,Crow,EVI,2197.2401417591213
2023-09-14T06:00:00Z,tribes_crow_Crow,Crow,NDVI,4097.006255753408
2023-09-14T06:00:00Z,tribes_fort-peck_Fort Peck,Fort Peck,EVI,1523.7636929806438
2023-09-14T06:00:00Z,tribes_fort-peck_Fort Peck,Fort Peck,NDVI,2860.468600230053
2023-09-14T06:00:00Z,tribes_fort-belknap_Fort Belknap,Fort Belknap,EVI,1840.3962587617941
2023-09-14T06:00:00Z,tribes_fort-belknap_Fort Belknap,Fort Belknap,NDVI,3637.708261346278
2023-09-14T06:00:00Z,tribes_rocky-boys_Rocky Boy's,Rocky Boy's,EVI,2152.3791598019493
2023-09-14T06:00:00Z,tribes_rocky-boys_Rocky Boy's,Rocky Boy's,NDVI,4100.246631734897
2023-09-14T06:00:00Z,tribes_blackfeet_Blackfeet,Blackfeet,EVI,2212.034037916946
2023-09-14T06:00:00Z,tribes_blackfeet_Blackfeet,Blackfeet,NDVI,3810.661870599874
2023-09-14T06:00:00Z,tribes_flathead_Flathead,Flathead,EVI,2719.387746241402
2023-09-14T06:00:00Z,tribes_flathead_Flathead,Flathead,NDVI,5192.470020502875
2023-09-30T06:00:00Z,tribes_northern-cheyenne_Northern Cheyenne,Northern Cheyenne,EVI,2258.2346739710365
2023-09-30T06:00:00Z,tribes_northern-cheyenne_Northern Cheyenne,Northern Cheyenne,NDVI,4723.523697013406
2023-09-30T06:00:00Z,tribes_crow_Crow,Crow,EVI,2202.527045653367
2023-09-30T06:00:00Z,tribes_crow_Crow,Crow,NDVI,4175.871455684169
2023-09-30T06:00:00Z,tribes_fort-peck_Fort Peck,Fort Peck,EVI,1411.6270664751194
2023-09-30T06:00:00Z,tribes_fort-peck_Fort Peck,Fort Peck,NDVI,2913.0081546555625
2023-09-30T06:00:00Z,tribes_fort-belknap_Fort Belknap,Fort Belknap,EVI,1947.9991846154426
2023-09-30T06:00:00Z,tribes_fort-belknap_Fort Belknap,Fort Belknap,NDVI,3452.077040714367
2023-09-30T06:00:00Z,tribes_rocky-boys_Rocky Boy's,Rocky Boy's,EVI,1934.1613948528861
2023-09-30T06:00:00Z,tribes_rocky-boys_Rocky Boy's,Rocky Boy's,NDVI,4233.75366543285
2023-09-30T06:00:00Z,tribes_blackfeet_Blackfeet,Blackfeet,EVI,1941.1947346354084
2023-09-30T06:00:00Z,tribes_blackfeet_Blackfeet,Blackfeet,NDVI,3721.022324107476
2023-09-30T06:00:00Z,tribes_flathead_Flathead,Flathead,EVI,2529.7437537813016
2023-09-30T06:00:00Z,tribes_flathead_Flathead,Flathead,NDVI,5551.7274067049
2023-10-16T06:00:00Z,tribes_northern-cheyenne_Northern Cheyenne,Northern Cheyenne,EVI,2134.785396861419
2023-10-16T06:00:00Z,tribes_northern-cheyenne_Northern Cheyenne,Northern Cheyenne,NDVI,4455.962430539568
2023-10-16T06:00:00Z,tribes_crow_Crow,Crow,EVI,2175.0899209707904
2023-10-16T06:00:00Z,tribes_crow_Crow,Crow,NDVI,4068.3468921195513
2023-10-16T06:00:00Z,tribes_fort-peck_Fort Peck,Fort Peck,EVI,1395.153138019722
2023-10-16T06:00:00Z,tribes_fort-peck_Fort Peck,Fort Peck,NDVI,2663.548539471342
2023-10-16T06:00:00Z,tribes_fort-belknap_Fort Belknap,Fort Belknap,EVI,1667.7140176737946
2023-10-16T06:00:00Z,tribes_fort-belknap_Fort Belknap,Fort Belknap,NDVI,3337.9742818098366
2023-10-16T06:00:00Z,tribes_rocky-boys_Rocky Boy's,Rocky Boy's,EVI,1735.0314562638434
2023-10-16T06:00:00Z,tribes_rocky-boys_Rocky Boy's,Rocky Boy's,NDVI,3839.9254456943663
2023-10-16T06:00:00Z,tribes_blackfeet_Blackfeet,Blackfeet,EVI,2132.4475762415027
2023-10-16T06:00:00Z,tribes_blackfeet_Blackfeet,Blackfeet,NDVI,3412.310694748524
2023-10-16T06:00:00Z,tribes_flathead_Flathead,Flathead,EVI,2453.5314375357852
2023-10-16T06:00:00Z,tribes_flathead_Flathead,Flathead,NDVI,5321.682984301107
2023-11-01T06:00:00Z,tribes_northern-cheyenne_Northern Cheyenne,Northern Cheyenne,EVI,1982.742016328414
2023-11-01T06:00:00Z,tribes_northern-cheyenne_Northern Cheyenne,Northern Cheyenne,NDVI,4456.70653704593
2023-11-01T06:00:00Z,tribes_crow_Crow,Crow,EVI,1884.797061048536
2023-11-01T06:00:00Z,tribes_crow_Crow,Crow,NDVI,3889.1644090622476
2023-11-01T06:00:00Z,tribes_fort-peck_Fort Peck,Fort Peck,EVI,1336.5357678147577
2023-11-01T06:00:00Z,tribes_fort-peck_Fort Peck,Fort Peck,NDVI,2781.464513774409
2023-11-01T06:00:00Z,tribes_fort-belknap_Fort Belknap,Fort Belknap,EVI,1543.4212144938615
2023-11-01T06:00:00Z,tribes_fort-belknap_Fort Belknap,Fort Belknap,NDVI,3191.6186096802335
2023-11-01T06:00:00Z,tribes_rocky-boys_Rocky Boy's,Rocky Boy's,EVI,1650.7418210096284
2023-11-01T06:00:00Z,tribes_rocky-boys_Rocky Boy's,Rocky Boy's,NDVI,3722.1450696049355
2023-11-01T06:00:00Z,tribes_blackfeet_Blackfeet,Blackfeet,EVI,1620.1015563713909
2023-11-01T06:00:00Z,tribes_blackfeet_Blackfeet,Blackfeet,NDVI,2935.234569056864
2023-11-01T06:00:00Z,tribes_flathead_Flathead,Flathead,EVI,2318.1361734167317
2023-11-01T06:00:00Z,tribes_flathead_Flathead,Flathead,NDVI,5057.132331059199
2023-11-17T07:00:00Z,tribes_northern-cheyenne_Northern Cheyenne,Northern Cheyenne,EVI,1856.0900986594359
2023-11-17T07:00:00Z,tribes_northern-cheyenne_Northern Cheyenne,Northern Cheyenne,NDVI,4034.754563319245
2023-11-17T07:00:00Z,tribes_crow_Crow,Crow,EVI,1815.5340998502327
2023-11-17T07:00:00Z,tribes_crow_Crow,Crow,NDVI,3485.641449925539
2023-11-17T07:00:00Z,tribes_fort-peck_Fort Peck,Fort Peck,EVI,1256.1923317009055
2023-11-17T07:00:00Z,tribes_fort-peck_Fort Peck,Fort Peck,NDVI,2613.4904322477014
2023-11-17T07:00:00Z,tribes_fort-belknap_Fort Belknap,Fort Belknap,EVI,1465.5818649277167
2023-11-17T07:00:00Z,tribes_fort-belknap_Fort Belknap,Fort Belknap,NDVI,3035.19935144542
2023-11-17T07:00:00Z,tribes_rocky-boys_Rocky Boy's,Rocky Boy's,EVI,1581.0064589141903
2023-11-17T07:00:00Z,tribes_rocky-boys_Rocky Boy's,Rocky Boy's,NDVI,3675.0112591881166
2023-11-17T07:00:00Z,tribes_blackfeet_Blackfeet,Blackfeet,EVI,1488.3277417628249
2023-11-17T07:00:00Z,tribes_blackfeet_Blackfeet,Blackfeet,NDVI,2655.7015316428797
2023-11-17T07:00:00Z,tribes_flathead_Flathead,Flathead,EVI,2442.924785782467
2023-11-17T07:00:00Z,tribes_flathead_Flathead,Flathead,NDVI,4733.723825144012
2023-12-03T07:00:00Z,tribes_northern-cheyenne_Northern Cheyenne,Northern Cheyenne,EVI,1620.3076151826217
2023-12-03T07:00:00Z,tribes_northern-cheyenne_Northern Cheyenne,Northern Cheyenne,NDVI,3668.9433998474055
2023-12-03T07:00:00Z,tribes_crow_Crow,Crow,EVI,1578.5789458445602
2023-12-03T07:00:00Z,tribes_crow_Crow,Crow,NDVI,3075.9950039288196
2023-12-03T07:00:00Z,tribes_fort-peck_Fort Peck,Fort Peck,EVI,1166.9902605984148
2023-12-03T07:00:00Z,tribes_fort-peck_Fort Peck,Fort Peck,NDVI,2506.166140313388
2023-12-03T07:00:00Z,tribes_fort-belknap_Fort Belknap,Fort Belknap,EVI,1313.279223263249
2023-12-03T07:00:00Z,tribes_fort-belknap_Fort Belknap,Fort Belknap,NDVI,2485.0943304843477
2023-12-03T07:00:00Z,tribes_rocky-boys_Rocky Boy's,Rocky Boy's,EVI,1503.5505288901875
2023-12-03T07:00:00Z,tribes_rocky-boys_Rocky Boy's,Rocky Boy's,NDVI,3015.7121398162267
2023-12-03T07:00:00Z,tribes_blackfeet_Blackfeet,Blackfeet,EVI,1327.8320783315646
2023-12-03T07:00:00Z,tribes_blackfeet_Blackfeet,Blackfeet,NDVI,2453.804345359196
2023-12-03T07:00:00Z,tribes_flathead_Flathead,Flathead,EVI,2109.8771575602077
2023-12-03T07:00:00Z,tribes_flathead_Flathead,Flathead,NDVI,3973.194523004257
2023-12-19T07:00:00Z,tribes_northern-cheyenne_Northern Cheyenne,Northern Cheyenne,EVI,1690.9921538281867
2023-12-19T07:00:00Z,tribes_northern-cheyenne_Northern Cheyenne,Northern Cheyenne,NDVI,3631.2744020963883
2023-12-19T07:00:00Z,tribes_crow_Crow,Crow,EVI,1558.4856090031267
2023-12-19T07:00:00Z,tribes_crow_Crow,Crow,NDVI,2991.9039973783274
2023-12-19T07:00:00Z,tribes_fort-peck_Fort Peck,Fort Peck,EVI,1113.9117159657324
2023-12-19T07:00:00Z,tribes_fort-peck_Fort Peck,Fort Peck,NDVI,2319.1420180660343
2023-12-19T07:00:00Z,tribes_fort-belknap_Fort Belknap,Fort Belknap,EVI,1361.6451271690503
2023-12-19T07:00:00Z,tribes_fort-belknap_Fort Belknap,Fort Belknap,NDVI,2551.635921125223
2023-12-19T07:00:00Z,tribes_rocky-boys_Rocky Boy's,Rocky Boy's,EVI,1314.772261455954
2023-12-19T07:00:00Z,tribes_rocky-boys_Rocky Boy's,Rocky Boy's,NDVI,2739.11316061414
2023-12-19T07:00:00Z,tribes_blackfeet_Blackfeet,Blackfeet,EVI,1330.6425357308244
2023-12-19T07:00:00Z,tribes_blackfeet_Blackfeet,Blackfeet,NDVI,2456.5902171671355
2023-12-19T07:00:00Z,tribes_flathead_Flathead,Flathead,EVI,2016.268204045608
2023-12-19T07:00:00Z,tribes_flathead_Flathead,Flathead,NDVI,4322.746883685224
2024-01-01T07:00:00Z,tribes_northern-cheyenne_Northern Cheyenne,Northern Cheyenne,EVI,1745.3339172465905
2024-01-01T07:00:00Z,tribes_northern-cheyenne_Northern Cheyenne,Northern Cheyenne,NDVI,3544.084709857916
2024-01-01T07:00:00Z,tribes_crow_Crow,Crow,EVI,1517.7251127048112
2024-01-01T07:00:00Z,tribes_crow_Crow,Crow,NDVI,2680.198431046824
2024-01-01T07:00:00Z,tribes_fort-peck_Fort Peck,Fort Peck,EVI,1298.6212555147513
2024-01-01T07:00:00Z,tribes_fort-peck_Fort Peck,Fort Peck,NDVI,2234.188815221946
2024-01-01T07:00:00Z,tribes_fort-belknap_Fort Belknap,Fort Belknap,EVI,1570.1549554344922
2024-01-01T07:00:00Z,tribes_fort-belknap_Fort Belknap,Fort Belknap,NDVI,3320.4836647457246
2024-01-01T07:00:00Z,tribes_rocky-boys_Rocky Boy's,Rocky Boy's,EVI,NA
2024-01-01T07:00:00Z,tribes_rocky-boys_Rocky Boy's,Rocky Boy's,NDVI,NA
2024-01-01T07:00:00Z,tribes_blackfeet_Blackfeet,Blackfeet,EVI,1314.199184272438
2024-01-01T07:00:00Z,tribes_blackfeet_Blackfeet,Blackfeet,NDVI,2439.6720515387206
2024-01-01T07:00:00Z,tribes_flathead_Flathead,Flathead,EVI,1588.398865784499
2024-01-01T07:00:00Z,tribes_flathead_Flathead,Flathead,NDVI,4161.672967863894
2024-01-17T07:00:00Z,tribes_northern-cheyenne_Northern Cheyenne,Northern Cheyenne,EVI,1577.2624033461605
2024-01-17T07:00:00Z,tribes_northern-cheyenne_Northern Cheyenne,Northern Cheyenne,NDVI,3240.596370524408
2024-01-17T07:00:00Z,tribes_crow_Crow,Crow,EVI,1392.4137960070912
2024-01-17T07:00:00Z,tribes_crow_Crow,Crow,NDVI,2687.9690877735384
2024-01-17T07:00:00Z,tribes_fort-peck_Fort Peck,Fort Peck,EVI,1120.3905843942848
2024-01-17T07:00:00Z,tribes_fort-peck_Fort Peck,Fort Peck,NDVI,2313.2484975977527
2024-01-17T07:00:00Z,tribes_fort-belknap_Fort Belknap,Fort Belknap,EVI,1312.8576184829274
2024-01-17T07:00:00Z,tribes_fort-belknap_Fort Belknap,Fort Belknap,NDVI,2393.686085463093
2024-01-17T07:00:00Z,tribes_rocky-boys_Rocky Boy's,Rocky Boy's,EVI,1373.4202859748518
2024-01-17T07:00:00Z,tribes_rocky-boys_Rocky Boy's,Rocky Boy's,NDVI,3089.0591444181377
2024-01-17T07:00:00Z,tribes_blackfeet_Blackfeet,Blackfeet,EVI,1281.3250212232708
2024-01-17T07:00:00Z,tribes_blackfeet_Blackfeet,Blackfeet,NDVI,2495.998154659056
2024-01-17T07:00:00Z,tribes_flathead_Flathead,Flathead,EVI,2431.241283849884
2024-01-17T07:00:00Z,tribes_flathead_Flathead,Flathead,NDVI,5124.011186737806
2024-02-02T07:00:00Z,tribes_northern-cheyenne_Northern Cheyenne,Northern Cheyenne,EVI,1637.878390622627
2024-02-02T07:00:00Z,tribes_northern-cheyenne_Northern Cheyenne,Northern Cheyenne,NDVI,3428.767608448175
2024-02-02T07:00:00Z,tribes_crow_Crow,Crow,EVI,1484.4872096499944
2024-02-02T07:00:00Z,tribes_crow_Crow,Crow,NDVI,2960.340804148651
2024-02-02T07:00:00Z,tribes_fort-peck_Fort Peck,Fort Peck,EVI,1178.0945471061368
2024-02-02T07:00:00Z,tribes_fort-peck_Fort Peck,Fort Peck,NDVI,2159.291536074433
2024-02-02T07:00:00Z,tribes_fort-belknap_Fort Belknap,Fort Belknap,EVI,1764.0681201865702
2024-02-02T07:00:00Z,tribes_fort-belknap_Fort Belknap,Fort Belknap,NDVI,2789.21561361704
2024-02-02T07:00:00Z,tribes_rocky-boys_Rocky Boy's,Rocky Boy's,EVI,991.6697247706423
2024-02-02T07:00:00Z,tribes_rocky-boys_Rocky Boy's,Rocky Boy's,NDVI,2494.56880733945
2024-02-02T07:00:00Z,tribes_blackfeet_Blackfeet,Blackfeet,EVI,1670.727311494476
2024-02-02T07:00:00Z,tribes_blackfeet_Blackfeet,Blackfeet,NDVI,2587.1116592362864
2024-02-02T07:00:00Z,tribes_flathead_Flathead,Flathead,EVI,1463.2763157894738
2024-02-02T07:00:00Z,tribes_flathead_Flathead,Flathead,NDVI,3128.1973684210525
2024-02-18T07:00:00Z,tribes_northern-cheyenne_Northern Cheyenne,Northern Cheyenne,EVI,1496.0617991087995
2024-02-18T07:00:00Z,tribes_northern-cheyenne_Northern Cheyenne,Northern Cheyenne,NDVI,3156.6438342325414
2024-02-18T07:00:00Z,tribes_crow_Crow,Crow,EVI,1414.9606045075852
2024-02-18T07:00:00Z,tribes_crow_Crow,Crow,NDVI,2649.9815785406777
2024-02-18T07:00:00Z,tribes_fort-peck_Fort Peck,Fort Peck,EVI,1067.2474656767893
2024-02-18T07:00:00Z,tribes_fort-peck_Fort Peck,Fort Peck,NDVI,2261.0939560964125
2024-02-18T07:00:00Z,tribes_fort-belknap_Fort Belknap,Fort Belknap,EVI,1231.1881186242051
2024-02-18T07:00:00Z,tribes_fort-belknap_Fort Belknap,Fort Belknap,NDVI,2401.101630263289
2024-02-18T07:00:00Z,tribes_rocky-boys_Rocky Boy's,Rocky Boy's,EVI,1245.0559942412217
2024-02-18T07:00:00Z,tribes_rocky-boys_Rocky Boy's,Rocky Boy's,NDVI,2658.651857591097
2024-02-18T07:00:00Z,tribes_blackfeet_Blackfeet,Blackfeet,EVI,996.8201136694646
2024-02-18T07:00:00Z,tribes_blackfeet_Blackfeet,Blackfeet,NDVI,2163.5918941072077
2024-02-18T07:00:00Z,tribes_flathead_Flathead,Flathead,EVI,1642.6480801506436
2024-02-18T07:00:00Z,tribes_flathead_Flathead,Flathead,NDVI,3143.626162689625
2024-03-05T07:00:00Z,tribes_northern-cheyenne_Northern Cheyenne,Northern Cheyenne,EVI,1550.9336086053934
2024-03-05T07:00:00Z,tribes_northern-cheyenne_Northern Cheyenne,Northern Cheyenne,NDVI,3148.83435132596
2024-03-05T07:00:00Z,tribes_crow_Crow,Crow,EVI,1433.603895274449
2024-03-05T07:00:00Z,tribes_crow_Crow,Crow,NDVI,2787.576411705399
2024-03-05T07:00:00Z,tribes_fort-peck_Fort Peck,Fort Peck,EVI,1117.4108488857407
2024-03-05T07:00:00Z,tribes_fort-peck_Fort Peck,Fort Peck,NDVI,2235.3534961002906
2024-03-05T07:00:00Z,tribes_fort-belknap_Fort Belknap,Fort Belknap,EVI,1424.1389281842294
2024-03-05T07:00:00Z,tribes_fort-belknap_Fort Belknap,Fort Belknap,NDVI,2543.046781207548
2024-03-05T07:00:00Z,tribes_rocky-boys_Rocky Boy's,Rocky Boy's,EVI,1547.622775624468
2024-03-05T07:00:00Z,tribes_rocky-boys_Rocky Boy's,Rocky Boy's,NDVI,2947.964738418394
2024-03-05T07:00:00Z,tribes_blackfeet_Blackfeet,Blackfeet,EVI,1134.6866812434712
2024-03-05T07:00:00Z,tribes_blackfeet_Blackfeet,Blackfeet,NDVI,2160.600709004843
2024-03-05T07:00:00Z,tribes_flathead_Flathead,Flathead,EVI,1852.1691667153152
2024-03-05T07:00:00Z,tribes_flathead_Flathead,Flathead,NDVI,3866.997224330347
2024-03-21T06:00:00Z,tribes_northern-cheyenne_Northern Cheyenne,Northern Cheyenne,EVI,1639.971327524016
2024-03-21T06:00:00Z,tribes_northern-cheyenne_Northern Cheyenne,Northern Cheyenne,NDVI,3185.8617538273384
2024-03-21T06:00:00Z,tribes_crow_Crow,Crow,EVI,1662.8943847729447
2024-03-21T06:00:00Z,tribes_crow_Crow,Crow,NDVI,2966.879956017629
2024-03-21T06:00:00Z,tribes_fort-peck_Fort Peck,Fort Peck,EVI,1129.353804188825
2024-03-21T06:00:00Z,tribes_fort-peck_Fort Peck,Fort Peck,NDVI,2279.2024808642173
2024-03-21T06:00:00Z,tribes_fort-belknap_Fort Belknap,Fort Belknap,EVI,1377.045931768356
2024-03-21T06:00:00Z,tribes_fort-belknap_Fort Belknap,Fort Belknap,NDVI,2649.7383853093706
2024-03-21T06:00:00Z,tribes_rocky-boys_Rocky Boy's,Rocky Boy's,EVI,1526.897521386421
2024-03-21T06:00:00Z,tribes_rocky-boys_Rocky Boy's,Rocky Boy's,NDVI,2949.9689015879167
2024-03-21T06:00:00Z,tribes_blackfeet_Blackfeet,Blackfeet,EVI,1326.6201134413277
2024-03-21T06:00:00Z,tribes_blackfeet_Blackfeet,Blackfeet,NDVI,2178.6233056169053
2024-03-21T06:00:00Z,tribes_flathead_Flathead,Flathead,EVI,2250.1604227103717
2024-03-21T06:00:00Z,tribes_flathead_Flathead,Flathead,NDVI,3923.873490776115
2024-04-06T06:00:00Z,tribes_northern-cheyenne_Northern Cheyenne,Northern Cheyenne,EVI,1892.3296238878258
2024-04-06T06:00:00Z,tribes_northern-cheyenne_Northern Cheyenne,Northern Cheyenne,NDVI,3551.4948711976185
2024-04-06T06:00:00Z,tribes_crow_Crow,Crow,EVI,2071.6752306539765
2024-04-06T06:00:00Z,tribes_crow_Crow,Crow,NDVI,3639.247310473298
2024-04-06T06:00:00Z,tribes_fort-peck_Fort Peck,Fort Peck,EVI,1455.8380992115892
2024-04-06T06:00:00Z,tribes_fort-peck_Fort Peck,Fort Peck,NDVI,2733.5660532840616
2024-04-06T06:00:00Z,tribes_fort-belknap_Fort Belknap,Fort Belknap,EVI,1875.1999600499753
2024-04-06T06:00:00Z,tribes_fort-belknap_Fort Belknap,Fort Belknap,NDVI,3277.064355962535
2024-04-06T06:00:00Z,tribes_rocky-boys_Rocky Boy's,Rocky Boy's,EVI,2022.9033704411568
2024-04-06T06:00:00Z,tribes_rocky-boys_Rocky Boy's,Rocky Boy's,NDVI,3678.365053167086
2024-04-06T06:00:00Z,tribes_blackfeet_Blackfeet,Blackfeet,EVI,1547.4912224298705
2024-04-06T06:00:00Z,tribes_blackfeet_Blackfeet,Blackfeet,NDVI,2716.6783995060905
2024-04-06T06:00:00Z,tribes_flathead_Flathead,Flathead,EVI,2622.517644685616
2024-04-06T06:00:00Z,tribes_flathead_Flathead,Flathead,NDVI,5186.630914028073
2024-04-22T06:00:00Z,tribes_northern-cheyenne_Northern Cheyenne,Northern Cheyenne,EVI,2467.870736768834
2024-04-22T06:00:00Z,tribes_northern-cheyenne_Northern Cheyenne,Northern Cheyenne,NDVI,3979.0150900844333
2024-04-22T06:00:00Z,tribes_crow_Crow,Crow,EVI,2638.0473147022385
2024-04-22T06:00:00Z,tribes_crow_Crow,Crow,NDVI,4188.31679262371
2024-04-22T06:00:00Z,tribes_fort-peck_Fort Peck,Fort Peck,EVI,1666.2010359481496
2024-04-22T06:00:00Z,tribes_fort-peck_Fort Peck,Fort Peck,NDVI,2836.9840623361697
2024-04-22T06:00:00Z,tribes_fort-belknap_Fort Belknap,Fort Belknap,EVI,1942.7937888807048
2024-04-22T06:00:00Z,tribes_fort-belknap_Fort Belknap,Fort Belknap,NDVI,3322.327391995854
2024-04-22T06:00:00Z,tribes_rocky-boys_Rocky Boy's,Rocky Boy's,EVI,1905.1230161091116
2024-04-22T06:00:00Z,tribes_rocky-boys_Rocky Boy's,Rocky Boy's,NDVI,3784.8998065193273
2024-04-22T06:00:00Z,tribes_blackfeet_Blackfeet,Blackfeet,EVI,1762.6290061649197
2024-04-22T06:00:00Z,tribes_blackfeet_Blackfeet,Blackfeet,NDVI,3033.315660925785
2024-04-22T06:00:00Z,tribes_flathead_Flathead,Flathead,EVI,2901.0362156204937
2024-04-22T06:00:00Z,tribes_flathead_Flathead,Flathead,NDVI,5016.50192438356
2024-05-08T06:00:00Z,tribes_northern-cheyenne_Northern Cheyenne,Northern Cheyenne,EVI,2578.8216987253477
2024-05-08T06:00:00Z,tribes_northern-cheyenne_Northern Cheyenne,Northern Cheyenne,NDVI,4745.078763559246
2024-05-08T06:00:00Z,tribes_crow_Crow,Crow,EVI,2992.225794765358
2024-05-08T06:00:00Z,tribes_crow_Crow,Crow,NDVI,4819.859286915653
2024-05-08T06:00:00Z,tribes_fort-peck_Fort Peck,Fort Peck,EVI,2123.3095930269938
2024-05-08T06:00:00Z,tribes_fort-peck_Fort Peck,Fort Peck,NDVI,3523.5210039774165
2024-05-08T06:00:00Z,tribes_fort-belknap_Fort Belknap,Fort Belknap,EVI,2442.8420093688874
2024-05-08T06:00:00Z,tribes_fort-belknap_Fort Belknap,Fort Belknap,NDVI,4226.5491882251445
2024-05-08T06:00:00Z,tribes_rocky-boys_Rocky Boy's,Rocky Boy's,EVI,2681.7892584807755
2024-05-08T06:00:00Z,tribes_rocky-boys_Rocky Boy's,Rocky Boy's,NDVI,4858.761166276365
2024-05-08T06:00:00Z,tribes_blackfeet_Blackfeet,Blackfeet,EVI,2098.996620059037
2024-05-08T06:00:00Z,tribes_blackfeet_Blackfeet,Blackfeet,NDVI,3531.646584684607
2024-05-08T06:00:00Z,tribes_flathead_Flathead,Flathead,EVI,3366.9465767281017
2024-05-08T06:00:00Z,tribes_flathead_Flathead,Flathead,NDVI,5698.824612092342
2024-05-24T06:00:00Z,tribes_northern-cheyenne_Northern Cheyenne,Northern Cheyenne,EVI,3263.3113185725733
2024-05-24T06:00:00Z,tribes_northern-cheyenne_Northern Cheyenne,Northern Cheyenne,NDVI,5919.0509203745805
2024-05-24T06:00:00Z,tribes_crow_Crow,Crow,EVI,3693.2228464524787
2024-05-24T06:00:00Z,tribes_crow_Crow,Crow,NDVI,5899.2842091626
2024-05-24T06:00:00Z,tribes_fort-peck_Fort Peck,Fort Peck,EVI,2973.9047150568485
2024-05-24T06:00:00Z,tribes_fort-peck_Fort Peck,Fort Peck,NDVI,4567.195798357986
2024-05-24T06:00:00Z,tribes_fort-belknap_Fort Belknap,Fort Belknap,EVI,2958.6902118526164
2024-05-24T06:00:00Z,tribes_fort-belknap_Fort Belknap,Fort Belknap,NDVI,5189.259211417867
2024-05-24T06:00:00Z,tribes_rocky-boys_Rocky Boy's,Rocky Boy's,EVI,3250.8725347096365
2024-05-24T06:00:00Z,tribes_rocky-boys_Rocky Boy's,Rocky Boy's,NDVI,5881.109952059862
2024-05-24T06:00:00Z,tribes_blackfeet_Blackfeet,Blackfeet,EVI,2947.9156758954714
2024-05-24T06:00:00Z,tribes_blackfeet_Blackfeet,Blackfeet,NDVI,4933.799076385202
2024-05-24T06:00:00Z,tribes_flathead_Flathead,Flathead,EVI,3462.3910346454163
2024-05-24T06:00:00Z,tribes_flathead_Flathead,Flathead,NDVI,6167.649982974725
2024-06-09T06:00:00Z,tribes_northern-cheyenne_Northern Cheyenne,Northern Cheyenne,EVI,3722.5823416389417
2024-06-09T06:00:00Z,tribes_northern-cheyenne_Northern Cheyenne,Northern Cheyenne,NDVI,5638.788852289455
2024-06-09T06:00:00Z,tribes_crow_Crow,Crow,EVI,3924.027677228414
2024-06-09T06:00:00Z,tribes_crow_Crow,Crow,NDVI,5991.929170934501
2024-06-09T06:00:00Z,tribes_fort-peck_Fort Peck,Fort Peck,EVI,3077.260898370106
2024-06-09T06:00:00Z,tribes_fort-peck_Fort Peck,Fort Peck,NDVI,5183.871176201106
2024-06-09T06:00:00Z,tribes_fort-belknap_Fort Belknap,Fort Belknap,EVI,3098.414920235204
2024-06-09T06:00:00Z,tribes_fort-belknap_Fort Belknap,Fort Belknap,NDVI,5178.8648837159135
2024-06-09T06:00:00Z,tribes_rocky-boys_Rocky Boy's,Rocky Boy's,EVI,3842.499069165794
2024-06-09T06:00:00Z,tribes_rocky-boys_Rocky Boy's,Rocky Boy's,NDVI,6379.5112049714635
2024-06-09T06:00:00Z,tribes_blackfeet_Blackfeet,Blackfeet,EVI,3303.1649564969475
2024-06-09T06:00:00Z,tribes_blackfeet_Blackfeet,Blackfeet,NDVI,5280.111785707892
2024-06-09T06:00:00Z,tribes_flathead_Flathead,Flathead,EVI,3422.2848115797046
2024-06-09T06:00:00Z,tribes_flathead_Flathead,Flathead,NDVI,6084.607538549615
2024-06-25T06:00:00Z,tribes_northern-cheyenne_Northern Cheyenne,Northern Cheyenne,EVI,3243.1574396445717
2024-06-25T06:00:00Z,tribes_northern-cheyenne_Northern Cheyenne,Northern Cheyenne,NDVI,5743.838379363887
2024-06-25T06:00:00Z,tribes_crow_Crow,Crow,EVI,3517.1021472604707
2024-06-25T06:00:00Z,tribes_crow_Crow,Crow,NDVI,5619.693840117512
2024-06-25T06:00:00Z,tribes_fort-peck_Fort Peck,Fort Peck,EVI,3645.4220430358614
2024-06-25T06:00:00Z,tribes_fort-peck_Fort Peck,Fort Peck,NDVI,5893.31326180099
2024-06-25T06:00:00Z,tribes_fort-belknap_Fort Belknap,Fort Belknap,EVI,2989.8357914605767
2024-06-25T06:00:00Z,tribes_fort-belknap_Fort Belknap,Fort Belknap,NDVI,5114.557937319116
2024-06-25T06:00:00Z,tribes_rocky-boys_Rocky Boy's,Rocky Boy's,EVI,4029.3372088958126
2024-06-25T06:00:00Z,tribes_rocky-boys_Rocky Boy's,Rocky Boy's,NDVI,6368.972595017217
2024-06-25T06:00:00Z,tribes_blackfeet_Blackfeet,Blackfeet,EVI,3552.7187371689656
2024-06-25T06:00:00Z,tribes_blackfeet_Blackfeet,Blackfeet,NDVI,5416.469483897837
2024-06-25T06:00:00Z,tribes_flathead_Flathead,Flathead,EVI,3455.148769311223
2024-06-25T06:00:00Z,tribes_flathead_Flathead,Flathead,NDVI,5871.508604006462
2024-07-11T06:00:00Z,tribes_northern-cheyenne_Northern Cheyenne,Northern Cheyenne,EVI,2790.6493411745614
2024-07-11T06:00:00Z,tribes_northern-cheyenne_Northern Cheyenne,Northern Cheyenne,NDVI,4516.539930914197
2024-07-11T06:00:00Z,tribes_crow_Crow,Crow,EVI,2764.9819383571844
2024-07-11T06:00:00Z,tribes_crow_Crow,Crow,NDVI,4339.735455055713
2024-07-11T06:00:00Z,tribes_fort-peck_Fort Peck,Fort Peck,EVI,3073.920772245825
2024-07-11T06:00:00Z,tribes_fort-peck_Fort Peck,Fort Peck,NDVI,5035.716617624516
2024-07-11T06:00:00Z,tribes_fort-belknap_Fort Belknap,Fort Belknap,EVI,2508.844238975814
2024-07-11T06:00:00Z,tribes_fort-belknap_Fort Belknap,Fort Belknap,NDVI,4371.246374887766
2024-07-11T06:00:00Z,tribes_rocky-boys_Rocky Boy's,Rocky Boy's,EVI,3788.4105436104273
2024-07-11T06:00:00Z,tribes_rocky-boys_Rocky Boy's,Rocky Boy's,NDVI,6093.510397932035
2024-07-11T06:00:00Z,tribes_blackfeet_Blackfeet,Blackfeet,EVI,3090.9884025725173
2024-07-11T06:00:00Z,tribes_blackfeet_Blackfeet,Blackfeet,NDVI,4841.815591087836
2024-07-11T06:00:00Z,tribes_flathead_Flathead,Flathead,EVI,2812.7853809029816
2024-07-11T06:00:00Z,tribes_flathead_Flathead,Flathead,NDVI,5439.624570280152
2024-07-27T06:00:00Z,tribes_northern-cheyenne_Northern Cheyenne,Northern Cheyenne,EVI,2624.286512764826
2024-07-27T06:00:00Z,tribes_northern-cheyenne_Northern Cheyenne,Northern Cheyenne,NDVI,4673.296933057605
2024-07-27T06:00:00Z,tribes_crow_Crow,Crow,EVI,2518.9523659538745
2024-07-27T06:00:00Z,tribes_crow_Crow,Crow,NDVI,4069.845836606558
2024-07-27T06:00:00Z,tribes_fort-peck_Fort Peck,Fort Peck,EVI,2165.9583317144006
2024-07-27T06:00:00Z,tribes_fort-peck_Fort Peck,Fort Peck,NDVI,3502.883787420565
2024-07-27T06:00:00Z,tribes_fort-belknap_Fort Belknap,Fort Belknap,EVI,2161.8369928384072
2024-07-27T06:00:00Z,tribes_fort-belknap_Fort Belknap,Fort Belknap,NDVI,3594.7396130996513
2024-07-27T06:00:00Z,tribes_rocky-boys_Rocky Boy's,Rocky Boy's,EVI,3446.6116097961917
2024-07-27T06:00:00Z,tribes_rocky-boys_Rocky Boy's,Rocky Boy's,NDVI,5435.825608525986
2024-07-27T06:00:00Z,tribes_blackfeet_Blackfeet,Blackfeet,EVI,2647.242116093053
2024-07-27T06:00:00Z,tribes_blackfeet_Blackfeet,Blackfeet,NDVI,4389.699912407677
2024-07-27T06:00:00Z,tribes_flathead_Flathead,Flathead,EVI,2681.5111617908015
2024-07-27T06:00:00Z,tribes_flathead_Flathead,Flathead,NDVI,4984.52039901357
2024-08-12T06:00:00Z,tribes_northern-cheyenne_Northern Cheyenne,Northern Cheyenne,EVI,2425.0875225988475
2024-08-12T06:00:00Z,tribes_northern-cheyenne_Northern Cheyenne,Northern Cheyenne,NDVI,4642.826828720093
2024-08-12T06:00:00Z,tribes_crow_Crow,Crow,EVI,2123.8624779677484
2024-08-12T06:00:00Z,tribes_crow_Crow,Crow,NDVI,3821.0349874788963
2024-08-12T06:00:00Z,tribes_fort-peck_Fort Peck,Fort Peck,EVI,1843.2435121160138
2024-08-12T06:00:00Z,tribes_fort-peck_Fort Peck,Fort Peck,NDVI,3121.3674987786094
2024-08-12T06:00:00Z,tribes_fort-belknap_Fort Belknap,Fort Belknap,EVI,1930.1634815734094
2024-08-12T06:00:00Z,tribes_fort-belknap_Fort Belknap,Fort Belknap,NDVI,3449.731599551857
2024-08-12T06:00:00Z,tribes_rocky-boys_Rocky Boy's,Rocky Boy's,EVI,3039.5135276532196
2024-08-12T06:00:00Z,tribes_rocky-boys_Rocky Boy's,Rocky Boy's,NDVI,5171.54282071574
2024-08-12T06:00:00Z,tribes_blackfeet_Blackfeet,Blackfeet,EVI,2493.724736896919
2024-08-12T06:00:00Z,tribes_blackfeet_Blackfeet,Blackfeet,NDVI,4291.588187424057
2024-08-12T06:00:00Z,tribes_flathead_Flathead,Flathead,EVI,2448.180979096283
2024-08-12T06:00:00Z,tribes_flathead_Flathead,Flathead,NDVI,5092.569327536103
2024-08-28T06:00:00Z,tribes_northern-cheyenne_Northern Cheyenne,Northern Cheyenne,EVI,2167.8849785715347
2024-08-28T06:00:00Z,tribes_northern-cheyenne_Northern Cheyenne,Northern Cheyenne,NDVI,4295.880498155808
2024-08-28T06:00:00Z,tribes_crow_Crow,Crow,EVI,1921.638386741503
2024-08-28T06:00:00Z,tribes_crow_Crow,Crow,NDVI,3463.8059578134275
2024-08-28T06:00:00Z,tribes_fort-peck_Fort Peck,Fort Peck,EVI,1714.529581934816
2024-08-28T06:00:00Z,tribes_fort-peck_Fort Peck,Fort Peck,NDVI,2994.45384451773
2024-08-28T06:00:00Z,tribes_fort-belknap_Fort Belknap,Fort Belknap,EVI,1888.8635422315558
2024-08-28T06:00:00Z,tribes_fort-belknap_Fort Belknap,Fort Belknap,NDVI,3430.6933826163645
2024-08-28T06:00:00Z,tribes_rocky-boys_Rocky Boy's,Rocky Boy's,EVI,2731.588197634029
2024-08-28T06:00:00Z,tribes_rocky-boys_Rocky Boy's,Rocky Boy's,NDVI,5150.979097746344
2024-08-28T06:00:00Z,tribes_blackfeet_Blackfeet,Blackfeet,EVI,2571.1276405247345
2024-08-28T06:00:00Z,tribes_blackfeet_Blackfeet,Blackfeet,NDVI,4304.7214832838645
2024-08-28T06:00:00Z,tribes_flathead_Flathead,Flathead,EVI,2438.0956218034544
2024-08-28T06:00:00Z,tribes_flathead_Flathead,Flathead,NDVI,4902.400591730638
2024-09-13T06:00:00Z,tribes_northern-cheyenne_Northern Cheyenne,Northern Cheyenne,EVI,2284.5946434864577
2024-09-13T06:00:00Z,tribes_northern-cheyenne_Northern Cheyenne,Northern Cheyenne,NDVI,4328.409130534876
2024-09-13T06:00:00Z,tribes_crow_Crow,Crow,EVI,2041.5479704229454
2024-09-13T06:00:00Z,tribes_crow_Crow,Crow,NDVI,3533.2662229326997
2024-09-13T06:00:00Z,tribes_fort-peck_Fort Peck,Fort Peck,EVI,1799.8436132854783
2024-09-13T06:00:00Z,tribes_fort-peck_Fort Peck,Fort Peck,NDVI,3281.663450362983
2024-09-13T06:00:00Z,tribes_fort-belknap_Fort Belknap,Fort Belknap,EVI,2005.5754842978847
2024-09-13T06:00:00Z,tribes_fort-belknap_Fort Belknap,Fort Belknap,NDVI,3851.652620739197
2024-09-13T06:00:00Z,tribes_rocky-boys_Rocky Boy's,Rocky Boy's,EVI,2850.0137068615227
2024-09-13T06:00:00Z,tribes_rocky-boys_Rocky Boy's,Rocky Boy's,NDVI,4868.133666481677
2024-09-13T06:00:00Z,tribes_blackfeet_Blackfeet,Blackfeet,EVI,2388.475372264372
2024-09-13T06:00:00Z,tribes_blackfeet_Blackfeet,Blackfeet,NDVI,4357.809382885628
2024-09-13T06:00:00Z,tribes_flathead_Flathead,Flathead,EVI,2451.0161901892875
2024-09-13T06:00:00Z,tribes_flathead_Flathead,Flathead,NDVI,5311.7339905013805
2024-09-29T06:00:00Z,tribes_northern-cheyenne_Northern Cheyenne,Northern Cheyenne,EVI,2038.3968627288223
2024-09-29T06:00:00Z,tribes_northern-cheyenne_Northern Cheyenne,Northern Cheyenne,NDVI,3975.1618234965513
2024-09-29T06:00:00Z,tribes_crow_Crow,Crow,EVI,1887.4422490011393
2024-09-29T06:00:00Z,tribes_crow_Crow,Crow,NDVI,3278.7950441330863
2024-09-29T06:00:00Z,tribes_fort-peck_Fort Peck,Fort Peck,EVI,1781.016850475636
2024-09-29T06:00:00Z,tribes_fort-peck_Fort Peck,Fort Peck,NDVI,3192.8508750152832
2024-09-29T06:00:00Z,tribes_fort-belknap_Fort Belknap,Fort Belknap,EVI,1910.9042042638885
2024-09-29T06:00:00Z,tribes_fort-belknap_Fort Belknap,Fort Belknap,NDVI,3648.694601083171
2024-09-29T06:00:00Z,tribes_rocky-boys_Rocky Boy's,Rocky Boy's,EVI,2469.864187792532
2024-09-29T06:00:00Z,tribes_rocky-boys_Rocky Boy's,Rocky Boy's,NDVI,4848.045357409759
2024-09-29T06:00:00Z,tribes_blackfeet_Blackfeet,Blackfeet,EVI,2069.5429372947015
2024-09-29T06:00:00Z,tribes_blackfeet_Blackfeet,Blackfeet,NDVI,3599.841088811672
2024-09-29T06:00:00Z,tribes_flathead_Flathead,Flathead,EVI,2319.440245852885
2024-09-29T06:00:00Z,tribes_flathead_Flathead,Flathead,NDVI,5099.786695031855
2024-10-15T06:00:00Z,tribes_northern-cheyenne_Northern Cheyenne,Northern Cheyenne,EVI,1922.6046589978491
2024-10-15T06:00:00Z,tribes_northern-cheyenne_Northern Cheyenne,Northern Cheyenne,NDVI,4037.964890711136
2024-10-15T06:00:00Z,tribes_crow_Crow,Crow,EVI,1846.6708728143697
2024-10-15T06:00:00Z,tribes_crow_Crow,Crow,NDVI,3258.272447601651
2024-10-15T06:00:00Z,tribes_fort-peck_Fort Peck,Fort Peck,EVI,1729.0836000956576
2024-10-15T06:00:00Z,tribes_fort-peck_Fort Peck,Fort Peck,NDVI,3137.2811320915744
2024-10-15T06:00:00Z,tribes_fort-belknap_Fort Belknap,Fort Belknap,EVI,1762.44039940212
2024-10-15T06:00:00Z,tribes_fort-belknap_Fort Belknap,Fort Belknap,NDVI,3294.5242416562255
2024-10-15T06:00:00Z,tribes_rocky-boys_Rocky Boy's,Rocky Boy's,EVI,2140.197854711206
2024-10-15T06:00:00Z,tribes_rocky-boys_Rocky Boy's,Rocky Boy's,NDVI,4274.66617575724
2024-10-15T06:00:00Z,tribes_blackfeet_Blackfeet,Blackfeet,EVI,1705.5405224145206
2024-10-15T06:00:00Z,tribes_blackfeet_Blackfeet,Blackfeet,NDVI,3121.2560024876484
2024-10-15T06:00:00Z,tribes_flathead_Flathead,Flathead,EVI,2358.1552240913547
2024-10-15T06:00:00Z,tribes_flathead_Flathead,Flathead,NDVI,4808.905281618254
2024-10-31T06:00:00Z,tribes_northern-cheyenne_Northern Cheyenne,Northern Cheyenne,EVI,1745.0768469955651
2024-10-31T06:00:00Z,tribes_northern-cheyenne_Northern Cheyenne,Northern Cheyenne,NDVI,3781.0697211981296
2024-10-31T06:00:00Z,tribes_crow_Crow,Crow,EVI,1649.1238420896882
2024-10-31T06:00:00Z,tribes_crow_Crow,Crow,NDVI,3127.872627574866
2024-10-31T06:00:00Z,tribes_fort-peck_Fort Peck,Fort Peck,EVI,1635.4892077275792
2024-10-31T06:00:00Z,tribes_fort-peck_Fort Peck,Fort Peck,NDVI,2897.5475699750154
2024-10-31T06:00:00Z,tribes_fort-belknap_Fort Belknap,Fort Belknap,EVI,1679.9819371419105
2024-10-31T06:00:00Z,tribes_fort-belknap_Fort Belknap,Fort Belknap,NDVI,3116.52165491712
2024-10-31T06:00:00Z,tribes_rocky-boys_Rocky Boy's,Rocky Boy's,EVI,1952.3487488819185
2024-10-31T06:00:00Z,tribes_rocky-boys_Rocky Boy's,Rocky Boy's,NDVI,3752.8235834964207
2024-10-31T06:00:00Z,tribes_blackfeet_Blackfeet,Blackfeet,EVI,1568.1152514889284
2024-10-31T06:00:00Z,tribes_blackfeet_Blackfeet,Blackfeet,NDVI,2613.665242716934
2024-10-31T06:00:00Z,tribes_flathead_Flathead,Flathead,EVI,1968.9624389531464
2024-10-31T06:00:00Z,tribes_flathead_Flathead,Flathead,NDVI,4257.38612436627
2024-11-16T07:00:00Z,tribes_northern-cheyenne_Northern Cheyenne,Northern Cheyenne,EVI,1525.4534375600097
2024-11-16T07:00:00Z,tribes_northern-cheyenne_Northern Cheyenne,Northern Cheyenne,NDVI,3042.0120791161035
2024-11-16T07:00:00Z,tribes_crow_Crow,Crow,EVI,1567.9221481951258
2024-11-16T07:00:00Z,tribes_crow_Crow,Crow,NDVI,2736.6742950172293
2024-11-16T07:00:00Z,tribes_fort-peck_Fort Peck,Fort Peck,EVI,1720.7144839167186
2024-11-16T07:00:00Z,tribes_fort-peck_Fort Peck,Fort Peck,NDVI,2623.9153639764877
2024-11-16T07:00:00Z,tribes_fort-belknap_Fort Belknap,Fort Belknap,EVI,1938.426214041212
2024-11-16T07:00:00Z,tribes_fort-belknap_Fort Belknap,Fort Belknap,NDVI,2998.47339996607
2024-11-16T07:00:00Z,tribes_rocky-boys_Rocky Boy's,Rocky Boy's,EVI,1784.161379310345
2024-11-16T07:00:00Z,tribes_rocky-boys_Rocky Boy's,Rocky Boy's,NDVI,2980.6798620689656
2024-11-16T07:00:00Z,tribes_blackfeet_Blackfeet,Blackfeet,EVI,1602.3583014501437
2024-11-16T07:00:00Z,tribes_blackfeet_Blackfeet,Blackfeet,NDVI,2629.4741073121554
2024-11-16T07:00:00Z,tribes_flathead_Flathead,Flathead,EVI,1759.4832738742834
2024-11-16T07:00:00Z,tribes_flathead_Flathead,Flathead,NDVI,3409.3998747611618
2024-12-02T07:00:00Z,tribes_northern-cheyenne_Northern Cheyenne,Northern Cheyenne,EVI,1569.138485441971
2024-12-02T07:00:00Z,tribes_northern-cheyenne_Northern Cheyenne,Northern Cheyenne,NDVI,3420.3041481706364
2024-12-02T07:00:00Z,tribes_crow_Crow,Crow,EVI,1360.9271053060897
2024-12-02T07:00:00Z,tribes_crow_Crow,Crow,NDVI,2593.766790498454
2024-12-02T07:00:00Z,tribes_fort-peck_Fort Peck,Fort Peck,EVI,NA
2024-12-02T07:00:00Z,tribes_fort-peck_Fort Peck,Fort Peck,NDVI,NA
2024-12-02T07:00:00Z,tribes_fort-belknap_Fort Belknap,Fort Belknap,EVI,NA
2024-12-02T07:00:00Z,tribes_fort-belknap_Fort Belknap,Fort Belknap,NDVI,NA
2024-12-02T07:00:00Z,tribes_rocky-boys_Rocky Boy's,Rocky Boy's,EVI,1663.0887573964499
2024-12-02T07:00:00Z,tribes_rocky-boys_Rocky Boy's,Rocky Boy's,NDVI,2305.6982248520712
2024-12-02T07:00:00Z,tribes_blackfeet_Blackfeet,Blackfeet,EVI,1385.3167698727873
2024-12-02T07:00:00Z,tribes_blackfeet_Blackfeet,Blackfeet,NDVI,2272.4480641373725
2024-12-02T07:00:00Z,tribes_flathead_Flathead,Flathead,EVI,1669.7321811880734
2024-12-02T07:00:00Z,tribes_flathead_Flathead,Flathead,NDVI,3607.9279227289144
2024-12-18T07:00:00Z,tribes_northern-cheyenne_Northern Cheyenne,Northern Cheyenne,EVI,1342.1446404400228
2024-12-18T07:00:00Z,tribes_northern-cheyenne_Northern Cheyenne,Northern Cheyenne,NDVI,2719.1748232816967
2024-12-18T07:00:00Z,tribes_crow_Crow,Crow,EVI,1335.0472332801671
2024-12-18T07:00:00Z,tribes_crow_Crow,Crow,NDVI,2449.5150435658757
2024-12-18T07:00:00Z,tribes_fort-peck_Fort Peck,Fort Peck,EVI,1395.113050706567
2024-12-18T07:00:00Z,tribes_fort-peck_Fort Peck,Fort Peck,NDVI,2886.100581878637
2024-12-18T07:00:00Z,tribes_fort-belknap_Fort Belknap,Fort Belknap,EVI,1444.1128954433548
2024-12-18T07:00:00Z,tribes_fort-belknap_Fort Belknap,Fort Belknap,NDVI,2711.0763936143458
2024-12-18T07:00:00Z,tribes_rocky-boys_Rocky Boy's,Rocky Boy's,EVI,1439.6718927393626
2024-12-18T07:00:00Z,tribes_rocky-boys_Rocky Boy's,Rocky Boy's,NDVI,2348.5852841001233
2024-12-18T07:00:00Z,tribes_blackfeet_Blackfeet,Blackfeet,EVI,1469.0412748163935
2024-12-18T07:00:00Z,tribes_blackfeet_Blackfeet,Blackfeet,NDVI,2319.276297204111
2024-12-18T07:00:00Z,tribes_flathead_Flathead,Flathead,EVI,1446.5100600510307
2024-12-18T07:00:00Z,tribes_flathead_Flathead,Flathead,NDVI,3863.491636669787
2025-01-01T07:00:00Z,tribes_northern-cheyenne_Northern Cheyenne,Northern Cheyenne,EVI,1014.8787475016657
2025-01-01T07:00:00Z,tribes_northern-cheyenne_Northern Cheyenne,Northern Cheyenne,NDVI,1882.964023984011
2025-01-01T07:00:00Z,tribes_crow_Crow,Crow,EVI,NA
2025-01-01T07:00:00Z,tribes_crow_Crow,Crow,NDVI,NA
2025-01-01T07:00:00Z,tribes_fort-peck_Fort Peck,Fort Peck,EVI,1381.8025948483698
2025-01-01T07:00:00Z,tribes_fort-peck_Fort Peck,Fort Peck,NDVI,2555.0987184367464
2025-01-01T07:00:00Z,tribes_fort-belknap_Fort Belknap,Fort Belknap,EVI,NA
2025-01-01T07:00:00Z,tribes_fort-belknap_Fort Belknap,Fort Belknap,NDVI,NA
2025-01-01T07:00:00Z,tribes_rocky-boys_Rocky Boy's,Rocky Boy's,EVI,NA
2025-01-01T07:00:00Z,tribes_rocky-boys_Rocky Boy's,Rocky Boy's,NDVI,NA
2025-01-01T07:00:00Z,tribes_blackfeet_Blackfeet,Blackfeet,EVI,NA
2025-01-01T07:00:00Z,tribes_blackfeet_Blackfeet,Blackfeet,NDVI,NA
2025-01-01T07:00:00Z,tribes_flathead_Flathead,Flathead,EVI,NA
2025-01-01T07:00:00Z,tribes_flathead_Flathead,Flathead,NDVI,NA
2025-01-17T07:00:00Z,tribes_northern-cheyenne_Northern Cheyenne,Northern Cheyenne,EVI,NA
2025-01-17T07:00:00Z,tribes_northern-cheyenne_Northern Cheyenne,Northern Cheyenne,NDVI,NA
2025-01-17T07:00:00Z,tribes_crow_Crow,Crow,EVI,1093.0874316939892
2025-01-17T07:00:00Z,tribes_crow_Crow,Crow,NDVI,1715.7896174863388
2025-01-17T07:00:00Z,tribes_fort-peck_Fort Peck,Fort Peck,EVI,1290.589925993919
2025-01-17T07:00:00Z,tribes_fort-peck_Fort Peck,Fort Peck,NDVI,2153.266536630142
2025-01-17T07:00:00Z,tribes_fort-belknap_Fort Belknap,Fort Belknap,EVI,1101.0534645429643
2025-01-17T07:00:00Z,tribes_fort-belknap_Fort Belknap,Fort Belknap,NDVI,2063.0277975043114
2025-01-17T07:00:00Z,tribes_rocky-boys_Rocky Boy's,Rocky Boy's,EVI,NA
2025-01-17T07:00:00Z,tribes_rocky-boys_Rocky Boy's,Rocky Boy's,NDVI,NA
2025-01-17T07:00:00Z,tribes_blackfeet_Blackfeet,Blackfeet,EVI,1065.5555555555557
2025-01-17T07:00:00Z,tribes_blackfeet_Blackfeet,Blackfeet,NDVI,1709.611111111111
2025-01-17T07:00:00Z,tribes_flathead_Flathead,Flathead,EVI,1082.4198901623688
2025-01-17T07:00:00Z,tribes_flathead_Flathead,Flathead,NDVI,3977.34300382044
2025-02-02T07:00:00Z,tribes_northern-cheyenne_Northern Cheyenne,Northern Cheyenne,EVI,NA
2025-02-02T07:00:00Z,tribes_northern-cheyenne_Northern Cheyenne,Northern Cheyenne,NDVI,NA
2025-02-02T07:00:00Z,tribes_crow_Crow,Crow,EVI,NA
2025-02-02T07:00:00Z,tribes_crow_Crow,Crow,NDVI,NA
2025-02-02T07:00:00Z,tribes_fort-peck_Fort Peck,Fort Peck,EVI,NA
2025-02-02T07:00:00Z,tribes_fort-peck_Fort Peck,Fort Peck,NDVI,NA
2025-02-02T07:00:00Z,tribes_fort-belknap_Fort Belknap,Fort Belknap,EVI,NA
2025-02-02T07:00:00Z,tribes_fort-belknap_Fort Belknap,Fort Belknap,NDVI,NA
2025-02-02T07:00:00Z,tribes_rocky-boys_Rocky Boy's,Rocky Boy's,EVI,NA
2025-02-02T07:00:00Z,tribes_rocky-boys_Rocky Boy's,Rocky Boy's,NDVI,NA
2025-02-02T07:00:00Z,tribes_blackfeet_Blackfeet,Blackfeet,EVI,NA
2025-02-02T07:00:00Z,tribes_blackfeet_Blackfeet,Blackfeet,NDVI,NA
2025-02-02T07:00:00Z,tribes_flathead_Flathead,Flathead,EVI,NA
2025-02-02T07:00:00Z,tribes_flathead_Flathead,Flathead,NDVI,NA
2025-02-18T07:00:00Z,tribes_northern-cheyenne_Northern Cheyenne,Northern Cheyenne,EVI,1003.2990073550785
2025-02-18T07:00:00Z,tribes_northern-cheyenne_Northern Cheyenne,Northern Cheyenne,NDVI,2081.9850846808527
2025-02-18T07:00:00Z,tribes_crow_Crow,Crow,EVI,1141.749082178057
2025-02-18T07:00:00Z,tribes_crow_Crow,Crow,NDVI,2130.9529316312637
2025-02-18T07:00:00Z,tribes_fort-peck_Fort Peck,Fort Peck,EVI,1097.460755407306
2025-02-18T07:00:00Z,tribes_fort-peck_Fort Peck,Fort Peck,NDVI,2297.6351113057353
2025-02-18T07:00:00Z,tribes_fort-belknap_Fort Belknap,Fort Belknap,EVI,1237.6439592036104
2025-02-18T07:00:00Z,tribes_fort-belknap_Fort Belknap,Fort Belknap,NDVI,2424.4105497378046
2025-02-18T07:00:00Z,tribes_rocky-boys_Rocky Boy's,Rocky Boy's,EVI,1222.1660286310087
2025-02-18T07:00:00Z,tribes_rocky-boys_Rocky Boy's,Rocky Boy's,NDVI,2363.667937700857
2025-02-18T07:00:00Z,tribes_blackfeet_Blackfeet,Blackfeet,EVI,1130.5269579341266
2025-02-18T07:00:00Z,tribes_blackfeet_Blackfeet,Blackfeet,NDVI,1898.735628747757
2025-02-18T07:00:00Z,tribes_flathead_Flathead,Flathead,EVI,1421.466263402477
2025-02-18T07:00:00Z,tribes_flathead_Flathead,Flathead,NDVI,2816.6271120037577
2025-03-06T07:00:00Z,tribes_northern-cheyenne_Northern Cheyenne,Northern Cheyenne,EVI,1102.9828486772003
2025-03-06T07:00:00Z,tribes_northern-cheyenne_Northern Cheyenne,Northern Cheyenne,NDVI,2447.414032581075
2025-03-06T07:00:00Z,tribes_crow_Crow,Crow,EVI,1218.1397918550924
2025-03-06T07:00:00Z,tribes_crow_Crow,Crow,NDVI,2237.3422248987895
2025-03-06T07:00:00Z,tribes_fort-peck_Fort Peck,Fort Peck,EVI,1167.053795811992
2025-03-06T07:00:00Z,tribes_fort-peck_Fort Peck,Fort Peck,NDVI,2222.738917665896
2025-03-06T07:00:00Z,tribes_fort-belknap_Fort Belknap,Fort Belknap,EVI,1318.2070645118954
2025-03-06T07:00:00Z,tribes_fort-belknap_Fort Belknap,Fort Belknap,NDVI,2484.276626318559
2025-03-06T07:00:00Z,tribes_rocky-boys_Rocky Boy's,Rocky Boy's,EVI,1294.929599006066
2025-03-06T07:00:00Z,tribes_rocky-boys_Rocky Boy's,Rocky Boy's,NDVI,2487.3255525019367
2025-03-06T07:00:00Z,tribes_blackfeet_Blackfeet,Blackfeet,EVI,1216.4294202455776
2025-03-06T07:00:00Z,tribes_blackfeet_Blackfeet,Blackfeet,NDVI,1997.076964615109
2025-03-06T07:00:00Z,tribes_flathead_Flathead,Flathead,EVI,1722.7017099938012
2025-03-06T07:00:00Z,tribes_flathead_Flathead,Flathead,NDVI,3205.8965273105127
2025-03-22T06:00:00Z,tribes_northern-cheyenne_Northern Cheyenne,Northern Cheyenne,EVI,1806.7974275773033
2025-03-22T06:00:00Z,tribes_northern-cheyenne_Northern Cheyenne,Northern Cheyenne,NDVI,3322.5572420512567
2025-03-22T06:00:00Z,tribes_crow_Crow,Crow,EVI,1681.034824497111
2025-03-22T06:00:00Z,tribes_crow_Crow,Crow,NDVI,2991.396027745768
2025-03-22T06:00:00Z,tribes_fort-peck_Fort Peck,Fort Peck,EVI,1295.3226885866793
2025-03-22T06:00:00Z,tribes_fort-peck_Fort Peck,Fort Peck,NDVI,2301.883227887914
2025-03-22T06:00:00Z,tribes_fort-belknap_Fort Belknap,Fort Belknap,EVI,1432.7602530849927
2025-03-22T06:00:00Z,tribes_fort-belknap_Fort Belknap,Fort Belknap,NDVI,2659.612719490168
2025-03-22T06:00:00Z,tribes_rocky-boys_Rocky Boy's,Rocky Boy's,EVI,1451.2976145960718
2025-03-22T06:00:00Z,tribes_rocky-boys_Rocky Boy's,Rocky Boy's,NDVI,2790.0927076911676
2025-03-22T06:00:00Z,tribes_blackfeet_Blackfeet,Blackfeet,EVI,1241.1113378545151
2025-03-22T06:00:00Z,tribes_blackfeet_Blackfeet,Blackfeet,NDVI,2199.758851924176
2025-03-22T06:00:00Z,tribes_flathead_Flathead,Flathead,EVI,2127.6427804249174
2025-03-22T06:00:00Z,tribes_flathead_Flathead,Flathead,NDVI,4101.551381212485
2025-04-07T06:00:00Z,tribes_northern-cheyenne_Northern Cheyenne,Northern Cheyenne,EVI,1946.62745368668
2025-04-07T06:00:00Z,tribes_northern-cheyenne_Northern Cheyenne,Northern Cheyenne,NDVI,3535.148449203463
2025-04-07T06:00:00Z,tribes_crow_Crow,Crow,EVI,2151.601448212896
2025-04-07T06:00:00Z,tribes_crow_Crow,Crow,NDVI,3460.514719780514
2025-04-07T06:00:00Z,tribes_fort-peck_Fort Peck,Fort Peck,EVI,1480.7393870098333
2025-04-07T06:00:00Z,tribes_fort-peck_Fort Peck,Fort Peck,NDVI,2467.5468134082107
2025-04-07T06:00:00Z,tribes_fort-belknap_Fort Belknap,Fort Belknap,EVI,1706.0137128796448
2025-04-07T06:00:00Z,tribes_fort-belknap_Fort Belknap,Fort Belknap,NDVI,3004.8103066672843
2025-04-07T06:00:00Z,tribes_rocky-boys_Rocky Boy's,Rocky Boy's,EVI,1895.8459318435132
2025-04-07T06:00:00Z,tribes_rocky-boys_Rocky Boy's,Rocky Boy's,NDVI,3278.3639516565895
2025-04-07T06:00:00Z,tribes_blackfeet_Blackfeet,Blackfeet,EVI,1508.627883639727
2025-04-07T06:00:00Z,tribes_blackfeet_Blackfeet,Blackfeet,NDVI,2569.8914718796636
2025-04-07T06:00:00Z,tribes_flathead_Flathead,Flathead,EVI,2611.8375831304234
2025-04-07T06:00:00Z,tribes_flathead_Flathead,Flathead,NDVI,4836.679864093727
2025-04-23T06:00:00Z,tribes_northern-cheyenne_Northern Cheyenne,Northern Cheyenne,EVI,2168.452255193234
2025-04-23T06:00:00Z,tribes_northern-cheyenne_Northern Cheyenne,Northern Cheyenne,NDVI,4442.977636277736
2025-04-23T06:00:00Z,tribes_crow_Crow,Crow,EVI,2500.338779600804
2025-04-23T06:00:00Z,tribes_crow_Crow,Crow,NDVI,4492.5650529135155
2025-04-23T06:00:00Z,tribes_fort-peck_Fort Peck,Fort Peck,EVI,1590.466586293661
2025-04-23T06:00:00Z,tribes_fort-peck_Fort Peck,Fort Peck,NDVI,2906.7017142322284
2025-04-23T06:00:00Z,tribes_fort-belknap_Fort Belknap,Fort Belknap,EVI,1884.6541031314102
2025-04-23T06:00:00Z,tribes_fort-belknap_Fort Belknap,Fort Belknap,NDVI,3325.7263115812634
2025-04-23T06:00:00Z,tribes_rocky-boys_Rocky Boy's,Rocky Boy's,EVI,2429.308416891029
2025-04-23T06:00:00Z,tribes_rocky-boys_Rocky Boy's,Rocky Boy's,NDVI,4386.536334506905
2025-04-23T06:00:00Z,tribes_blackfeet_Blackfeet,Blackfeet,EVI,1866.4593235504549
2025-04-23T06:00:00Z,tribes_blackfeet_Blackfeet,Blackfeet,NDVI,3359.018731094243
2025-04-23T06:00:00Z,tribes_flathead_Flathead,Flathead,EVI,2718.6579551871964
2025-04-23T06:00:00Z,tribes_flathead_Flathead,Flathead,NDVI,5256.419239236362
2025-05-09T06:00:00Z,tribes_northern-cheyenne_Northern Cheyenne,Northern Cheyenne,EVI,3279.997684545847
2025-05-09T06:00:00Z,tribes_northern-cheyenne_Northern Cheyenne,Northern Cheyenne,NDVI,5180.472551333543
2025-05-09T06:00:00Z,tribes_crow_Crow,Crow,EVI,3662.5977779635114
2025-05-09T06:00:00Z,tribes_crow_Crow,Crow,NDVI,5531.047445182488
2025-05-09T06:00:00Z,tribes_fort-peck_Fort Peck,Fort Peck,EVI,2235.0902639929154
2025-05-09T06:00:00Z,tribes_fort-peck_Fort Peck,Fort Peck,NDVI,3451.5206307881085
2025-05-09T06:00:00Z,tribes_fort-belknap_Fort Belknap,Fort Belknap,EVI,3145.1034207927405
2025-05-09T06:00:00Z,tribes_fort-belknap_Fort Belknap,Fort Belknap,NDVI,4311.6765863503815
2025-05-09T06:00:00Z,tribes_rocky-boys_Rocky Boy's,Rocky Boy's,EVI,3907.2979244124217
2025-05-09T06:00:00Z,tribes_rocky-boys_Rocky Boy's,Rocky Boy's,NDVI,5359.592107422335
2025-05-09T06:00:00Z,tribes_blackfeet_Blackfeet,Blackfeet,EVI,2596.4087945512156
2025-05-09T06:00:00Z,tribes_blackfeet_Blackfeet,Blackfeet,NDVI,4603.2600903514485
2025-05-09T06:00:00Z,tribes_flathead_Flathead,Flathead,EVI,3118.7176459744833
2025-05-09T06:00:00Z,tribes_flathead_Flathead,Flathead,NDVI,5920.36214529571
2025-05-25T06:00:00Z,tribes_northern-cheyenne_Northern Cheyenne,Northern Cheyenne,EVI,3478.8058607958656
2025-05-25T06:00:00Z,tribes_northern-cheyenne_Northern Cheyenne,Northern Cheyenne,NDVI,5965.705715724503
2025-05-25T06:00:00Z,tribes_crow_Crow,Crow,EVI,3892.798212707592
2025-05-25T06:00:00Z,tribes_crow_Crow,Crow,NDVI,6081.476541813695
2025-05-25T06:00:00Z,tribes_fort-peck_Fort Peck,Fort Peck,EVI,2421.6447044401943
2025-05-25T06:00:00Z,tribes_fort-peck_Fort Peck,Fort Peck,NDVI,3911.7159026454474
2025-05-25T06:00:00Z,tribes_fort-belknap_Fort Belknap,Fort Belknap,EVI,2644.3790831602
2025-05-25T06:00:00Z,tribes_fort-belknap_Fort Belknap,Fort Belknap,NDVI,4544.699863517705
2025-05-25T06:00:00Z,tribes_rocky-boys_Rocky Boy's,Rocky Boy's,EVI,4108.744785361877
2025-05-25T06:00:00Z,tribes_rocky-boys_Rocky Boy's,Rocky Boy's,NDVI,6246.379972643097
2025-05-25T06:00:00Z,tribes_blackfeet_Blackfeet,Blackfeet,EVI,3219.651128306755
2025-05-25T06:00:00Z,tribes_blackfeet_Blackfeet,Blackfeet,NDVI,4778.38083946871
2025-05-25T06:00:00Z,tribes_flathead_Flathead,Flathead,EVI,3132.039369248825
2025-05-25T06:00:00Z,tribes_flathead_Flathead,Flathead,NDVI,5867.295429132535
2025-06-10T06:00:00Z,tribes_northern-cheyenne_Northern Cheyenne,Northern Cheyenne,EVI,3431.2906361937216
2025-06-10T06:00:00Z,tribes_northern-cheyenne_Northern Cheyenne,Northern Cheyenne,NDVI,6147.413351350589
2025-06-10T06:00:00Z,tribes_crow_Crow,Crow,EVI,3853.1850449232916
2025-06-10T06:00:00Z,tribes_crow_Crow,Crow,NDVI,6085.577606644431
2025-06-10T06:00:00Z,tribes_fort-peck_Fort Peck,Fort Peck,EVI,2793.2512547266288
2025-06-10T06:00:00Z,tribes_fort-peck_Fort Peck,Fort Peck,NDVI,4487.291448722348
2025-06-10T06:00:00Z,tribes_fort-belknap_Fort Belknap,Fort Belknap,EVI,2583.855234705535
2025-06-10T06:00:00Z,tribes_fort-belknap_Fort Belknap,Fort Belknap,NDVI,4389.085305392319
2025-06-10T06:00:00Z,tribes_rocky-boys_Rocky Boy's,Rocky Boy's,EVI,3883.3033648482055
2025-06-10T06:00:00Z,tribes_rocky-boys_Rocky Boy's,Rocky Boy's,NDVI,6332.337974044287
2025-06-10T06:00:00Z,tribes_blackfeet_Blackfeet,Blackfeet,EVI,3373.3150493080007
2025-06-10T06:00:00Z,tribes_blackfeet_Blackfeet,Blackfeet,NDVI,4955.697900365087
2025-06-10T06:00:00Z,tribes_flathead_Flathead,Flathead,EVI,3330.024585248046
2025-06-10T06:00:00Z,tribes_flathead_Flathead,Flathead,NDVI,5396.346208750468
2025-06-26T06:00:00Z,tribes_northern-cheyenne_Northern Cheyenne,Northern Cheyenne,EVI,3432.474600367256
2025-06-26T06:00:00Z,tribes_northern-cheyenne_Northern Cheyenne,Northern Cheyenne,NDVI,5642.932005970348
2025-06-26T06:00:00Z,tribes_crow_Crow,Crow,EVI,3529.8954913983653
2025-06-26T06:00:00Z,tribes_crow_Crow,Crow,NDVI,5639.125531281798
2025-06-26T06:00:00Z,tribes_fort-peck_Fort Peck,Fort Peck,EVI,3038.497895968579
2025-06-26T06:00:00Z,tribes_fort-peck_Fort Peck,Fort Peck,NDVI,4902.8215742342645
2025-06-26T06:00:00Z,tribes_fort-belknap_Fort Belknap,Fort Belknap,EVI,2387.051578606789
2025-06-26T06:00:00Z,tribes_fort-belknap_Fort Belknap,Fort Belknap,NDVI,4507.708452767285
2025-06-26T06:00:00Z,tribes_rocky-boys_Rocky Boy's,Rocky Boy's,EVI,4093.50350046105
2025-06-26T06:00:00Z,tribes_rocky-boys_Rocky Boy's,Rocky Boy's,NDVI,6273.423374426978
2025-06-26T06:00:00Z,tribes_blackfeet_Blackfeet,Blackfeet,EVI,3274.9406442820773
2025-06-26T06:00:00Z,tribes_blackfeet_Blackfeet,Blackfeet,NDVI,5514.715631761922
2025-06-26T06:00:00Z,tribes_flathead_Flathead,Flathead,EVI,2997.4813397481853
2025-06-26T06:00:00Z,tribes_flathead_Flathead,Flathead,NDVI,5521.514901444221
2025-07-12T06:00:00Z,tribes_northern-cheyenne_Northern Cheyenne,Northern Cheyenne,EVI,2866.4081943942792
2025-07-12T06:00:00Z,tribes_northern-cheyenne_Northern Cheyenne,Northern Cheyenne,NDVI,5556.425580096197
2025-07-12T06:00:00Z,tribes_crow_Crow,Crow,EVI,2897.3158642637063
2025-07-12T06:00:00Z,tribes_crow_Crow,Crow,NDVI,5127.169812283634
2025-07-12T06:00:00Z,tribes_fort-peck_Fort Peck,Fort Peck,EVI,2823.7968791169787
2025-07-12T06:00:00Z,tribes_fort-peck_Fort Peck,Fort Peck,NDVI,4956.71997668459
2025-07-12T06:00:00Z,tribes_fort-belknap_Fort Belknap,Fort Belknap,EVI,2069.15685200899
2025-07-12T06:00:00Z,tribes_fort-belknap_Fort Belknap,Fort Belknap,NDVI,3914.337750768683
2025-07-12T06:00:00Z,tribes_rocky-boys_Rocky Boy's,Rocky Boy's,EVI,3487.9812238066393
2025-07-12T06:00:00Z,tribes_rocky-boys_Rocky Boy's,Rocky Boy's,NDVI,5771.733669977767
2025-07-12T06:00:00Z,tribes_blackfeet_Blackfeet,Blackfeet,EVI,3184.577923210943
2025-07-12T06:00:00Z,tribes_blackfeet_Blackfeet,Blackfeet,NDVI,5218.276576827892
2025-07-12T06:00:00Z,tribes_flathead_Flathead,Flathead,EVI,2742.7533375419357
2025-07-12T06:00:00Z,tribes_flathead_Flathead,Flathead,NDVI,5283.980597664369
2025-07-28T06:00:00Z,tribes_northern-cheyenne_Northern Cheyenne,Northern Cheyenne,EVI,3011.663353805497
2025-07-28T06:00:00Z,tribes_northern-cheyenne_Northern Cheyenne,Northern Cheyenne,NDVI,5384.74549577809
2025-07-28T06:00:00Z,tribes_crow_Crow,Crow,EVI,2813.5527368421726
2025-07-28T06:00:00Z,tribes_crow_Crow,Crow,NDVI,4669.90844512718
2025-07-28T06:00:00Z,tribes_fort-peck_Fort Peck,Fort Peck,EVI,3176.4337044842355
2025-07-28T06:00:00Z,tribes_fort-peck_Fort Peck,Fort Peck,NDVI,4943.427351903554
2025-07-28T06:00:00Z,tribes_fort-belknap_Fort Belknap,Fort Belknap,EVI,2593.8932063556676
2025-07-28T06:00:00Z,tribes_fort-belknap_Fort Belknap,Fort Belknap,NDVI,4573.5551455724835
2025-07-28T06:00:00Z,tribes_rocky-boys_Rocky Boy's,Rocky Boy's,EVI,3343.1516267106344
2025-07-28T06:00:00Z,tribes_rocky-boys_Rocky Boy's,Rocky Boy's,NDVI,5767.126274199582
2025-07-28T06:00:00Z,tribes_blackfeet_Blackfeet,Blackfeet,EVI,3418.2326304805433
2025-07-28T06:00:00Z,tribes_blackfeet_Blackfeet,Blackfeet,NDVI,5275.020438554573
2025-07-28T06:00:00Z,tribes_flathead_Flathead,Flathead,EVI,2768.9961052978824
2025-07-28T06:00:00Z,tribes_flathead_Flathead,Flathead,NDVI,5333.758364085119
2025-08-13T06:00:00Z,tribes_northern-cheyenne_Northern Cheyenne,Northern Cheyenne,EVI,2765.7604702087956
2025-08-13T06:00:00Z,tribes_northern-cheyenne_Northern Cheyenne,Northern Cheyenne,NDVI,5436.783390378261
2025-08-13T06:00:00Z,tribes_crow_Crow,Crow,EVI,2465.644366153748
2025-08-13T06:00:00Z,tribes_crow_Crow,Crow,NDVI,4233.864115945183
2025-08-13T06:00:00Z,tribes_fort-peck_Fort Peck,Fort Peck,EVI,2577.6332316822572
2025-08-13T06:00:00Z,tribes_fort-peck_Fort Peck,Fort Peck,NDVI,4566.250129672281
2025-08-13T06:00:00Z,tribes_fort-belknap_Fort Belknap,Fort Belknap,EVI,2636.654113951933
2025-08-13T06:00:00Z,tribes_fort-belknap_Fort Belknap,Fort Belknap,NDVI,5027.28046149416
2025-08-13T06:00:00Z,tribes_rocky-boys_Rocky Boy's,Rocky Boy's,EVI,3065.8260148496515
2025-08-13T06:00:00Z,tribes_rocky-boys_Rocky Boy's,Rocky Boy's,NDVI,5724.524568779054
2025-08-13T06:00:00Z,tribes_blackfeet_Blackfeet,Blackfeet,EVI,2734.2842621337536
2025-08-13T06:00:00Z,tribes_blackfeet_Blackfeet,Blackfeet,NDVI,4636.07029691368
2025-08-13T06:00:00Z,tribes_flathead_Flathead,Flathead,EVI,2686.1868239947576
2025-08-13T06:00:00Z,tribes_flathead_Flathead,Flathead,NDVI,5324.621330905102
2025-08-29T06:00:00Z,tribes_northern-cheyenne_Northern Cheyenne,Northern Cheyenne,EVI,2565.3995564399033
2025-08-29T06:00:00Z,tribes_northern-cheyenne_Northern Cheyenne,Northern Cheyenne,NDVI,4634.096899147082
2025-08-29T06:00:00Z,tribes_crow_Crow,Crow,EVI,2242.9956319057364
2025-08-29T06:00:00Z,tribes_crow_Crow,Crow,NDVI,3864.1265200162547
2025-08-29T06:00:00Z,tribes_fort-peck_Fort Peck,Fort Peck,EVI,2459.5122618211367
2025-08-29T06:00:00Z,tribes_fort-peck_Fort Peck,Fort Peck,NDVI,3816.739143341005
2025-08-29T06:00:00Z,tribes_fort-belknap_Fort Belknap,Fort Belknap,EVI,2730.9433202179193
2025-08-29T06:00:00Z,tribes_fort-belknap_Fort Belknap,Fort Belknap,NDVI,4417.302117030807
2025-08-29T06:00:00Z,tribes_rocky-boys_Rocky Boy's,Rocky Boy's,EVI,3131.1028628533845
2025-08-29T06:00:00Z,tribes_rocky-boys_Rocky Boy's,Rocky Boy's,NDVI,5508.479932298965
2025-08-29T06:00:00Z,tribes_blackfeet_Blackfeet,Blackfeet,EVI,2354.0576290211184
2025-08-29T06:00:00Z,tribes_blackfeet_Blackfeet,Blackfeet,NDVI,3890.0025844878573
2025-08-29T06:00:00Z,tribes_flathead_Flathead,Flathead,EVI,2688.6654308633065
2025-08-29T06:00:00Z,tribes_flathead_Flathead,Flathead,NDVI,5151.209609792145
2025-09-14T06:00:00Z,tribes_northern-cheyenne_Northern Cheyenne,Northern Cheyenne,EVI,2209.614019305444
2025-09-14T06:00:00Z,tribes_northern-cheyenne_Northern Cheyenne,Northern Cheyenne,NDVI,4573.5470492477625
2025-09-14T06:00:00Z,tribes_crow_Crow,Crow,EVI,2008.5114047157895
2025-09-14T06:00:00Z,tribes_crow_Crow,Crow,NDVI,3823.2514017920644
2025-09-14T06:00:00Z,tribes_fort-peck_Fort Peck,Fort Peck,EVI,1806.8075203635844
2025-09-14T06:00:00Z,tribes_fort-peck_Fort Peck,Fort Peck,NDVI,3389.474992950645
2025-09-14T06:00:00Z,tribes_fort-belknap_Fort Belknap,Fort Belknap,EVI,2339.2774154437684
2025-09-14T06:00:00Z,tribes_fort-belknap_Fort Belknap,Fort Belknap,NDVI,4179.10151965784
2025-09-14T06:00:00Z,tribes_rocky-boys_Rocky Boy's,Rocky Boy's,EVI,2507.3194749745485
2025-09-14T06:00:00Z,tribes_rocky-boys_Rocky Boy's,Rocky Boy's,NDVI,4769.476099848372
2025-09-14T06:00:00Z,tribes_blackfeet_Blackfeet,Blackfeet,EVI,2075.004465542115
2025-09-14T06:00:00Z,tribes_blackfeet_Blackfeet,Blackfeet,NDVI,3744.8772552626324
2025-09-14T06:00:00Z,tribes_flathead_Flathead,Flathead,EVI,2429.345930824241
2025-09-14T06:00:00Z,tribes_flathead_Flathead,Flathead,NDVI,5024.264758280481
2025-09-30T06:00:00Z,tribes_northern-cheyenne_Northern Cheyenne,Northern Cheyenne,EVI,2007.6307683663024
2025-09-30T06:00:00Z,tribes_northern-cheyenne_Northern Cheyenne,Northern Cheyenne,NDVI,4504.14873342796
2025-09-30T06:00:00Z,tribes_crow_Crow,Crow,EVI,1887.4517774116932
2025-09-30T06:00:00Z,tribes_crow_Crow,Crow,NDVI,3805.3023044914703
2025-09-30T06:00:00Z,tribes_fort-peck_Fort Peck,Fort Peck,EVI,1665.719081029205
2025-09-30T06:00:00Z,tribes_fort-peck_Fort Peck,Fort Peck,NDVI,2946.7694412429923
2025-09-30T06:00:00Z,tribes_fort-belknap_Fort Belknap,Fort Belknap,EVI,2021.5553456673715
2025-09-30T06:00:00Z,tribes_fort-belknap_Fort Belknap,Fort Belknap,NDVI,3896.3357400424165
2025-09-30T06:00:00Z,tribes_rocky-boys_Rocky Boy's,Rocky Boy's,EVI,2020.6287981750445
2025-09-30T06:00:00Z,tribes_rocky-boys_Rocky Boy's,Rocky Boy's,NDVI,4311.374804983689
2025-09-30T06:00:00Z,tribes_blackfeet_Blackfeet,Blackfeet,EVI,1815.2485851470774
2025-09-30T06:00:00Z,tribes_blackfeet_Blackfeet,Blackfeet,NDVI,3542.057135862039
2025-09-30T06:00:00Z,tribes_flathead_Flathead,Flathead,EVI,2233.7824382566487
2025-09-30T06:00:00Z,tribes_flathead_Flathead,Flathead,NDVI,5138.616081726266
