date,id,name,variable,value
2000-02-18T07:00:00Z,blm_billings_Billings District,Billings,EVI,1073.1583659244602
2000-02-18T07:00:00Z,blm_billings_Billings District,Billings,NDVI,1984.1640297346883
2000-02-18T07:00:00Z,blm_miles-city_Miles City District,Miles City,EVI,1040.0807804803762
2000-02-18T07:00:00Z,blm_miles-city_Miles City District,Miles City,NDVI,1962.0456454641858
2000-02-18T07:00:00Z,blm_malta_Malta District,Malta,EVI,1035.3961436747447
2000-02-18T07:00:00Z,blm_malta_Malta District,Malta,NDVI,1984.5442276770964
2000-02-18T07:00:00Z,blm_lewistown_Lewistown District,Lewistown,EVI,1135.9080622423132
2000-02-18T07:00:00Z,blm_lewistown_Lewistown District,Lewistown,NDVI,2162.2600041190185
2000-02-18T07:00:00Z,blm_missoula_Missoula District,Missoula,EVI,1580.7933735070494
2000-02-18T07:00:00Z,blm_missoula_Missoula District,Missoula,NDVI,3162.430995131408
2000-02-18T07:00:00Z,blm_butte_Butte District,Butte,EVI,1325.4994404496877
2000-02-18T07:00:00Z,blm_butte_Butte District,Butte,NDVI,2417.223399576659
2000-02-18T07:00:00Z,blm_dillon_Dillon District,Dillon,EVI,1230.7760385255292
2000-02-18T07:00:00Z,blm_dillon_Dillon District,Dillon,NDVI,1927.3688750476308
2000-03-05T07:00:00Z,blm_billings_Billings District,Billings,EVI,1110.8653699198544
2000-03-05T07:00:00Z,blm_billings_Billings District,Billings,NDVI,2140.0957416091633
2000-03-05T07:00:00Z,blm_miles-city_Miles City District,Miles City,EVI,1091.6967964916994
2000-03-05T07:00:00Z,blm_miles-city_Miles City District,Miles City,NDVI,2026.1293896316329
2000-03-05T07:00:00Z,blm_malta_Malta District,Malta,EVI,1099.3510962536784
2000-03-05T07:00:00Z,blm_malta_Malta District,Malta,NDVI,2021.9924758764828
2000-03-05T07:00:00Z,blm_lewistown_Lewistown District,Lewistown,EVI,1204.097916272135
2000-03-05T07:00:00Z,blm_lewistown_Lewistown District,Lewistown,NDVI,2208.4017294236774
2000-03-05T07:00:00Z,blm_missoula_Missoula District,Missoula,EVI,1912.0881427434144
2000-03-05T07:00:00Z,blm_missoula_Missoula District,Missoula,NDVI,3474.0487238530955
2000-03-05T07:00:00Z,blm_butte_Butte District,Butte,EVI,1303.3267403189739
2000-03-05T07:00:00Z,blm_butte_Butte District,Butte,NDVI,2335.762451176695
2000-03-05T07:00:00Z,blm_dillon_Dillon District,Dillon,EVI,1199.8840007510062
2000-03-05T07:00:00Z,blm_dillon_Dillon District,Dillon,NDVI,1948.891373924183
2000-03-21T07:00:00Z,blm_billings_Billings District,Billings,EVI,1295.3578146533928
2000-03-21T07:00:00Z,blm_billings_Billings District,Billings,NDVI,2351.1494930889135
2000-03-21T07:00:00Z,blm_miles-city_Miles City District,Miles City,EVI,1241.8039508024283
2000-03-21T07:00:00Z,blm_miles-city_Miles City District,Miles City,NDVI,2216.665327019366
2000-03-21T07:00:00Z,blm_malta_Malta District,Malta,EVI,1187.2667445319964
2000-03-21T07:00:00Z,blm_malta_Malta District,Malta,NDVI,2044.2355100542723
2000-03-21T07:00:00Z,blm_lewistown_Lewistown District,Lewistown,EVI,1368.94939050787
2000-03-21T07:00:00Z,blm_lewistown_Lewistown District,Lewistown,NDVI,2415.114746981054
2000-03-21T07:00:00Z,blm_missoula_Missoula District,Missoula,EVI,2330.5735588227403
2000-03-21T07:00:00Z,blm_missoula_Missoula District,Missoula,NDVI,4623.442438510155
2000-03-21T07:00:00Z,blm_butte_Butte District,Butte,EVI,1546.7302081283985
2000-03-21T07:00:00Z,blm_butte_Butte District,Butte,NDVI,2761.7415523165173
2000-03-21T07:00:00Z,blm_dillon_Dillon District,Dillon,EVI,1339.1032777836795
2000-03-21T07:00:00Z,blm_dillon_Dillon District,Dillon,NDVI,2097.036000204265
2000-04-06T06:00:00Z,blm_billings_Billings District,Billings,EVI,1518.6821905027007
2000-04-06T06:00:00Z,blm_billings_Billings District,Billings,NDVI,2711.424744595756
2000-04-06T06:00:00Z,blm_miles-city_Miles City District,Miles City,EVI,1381.3251198187634
2000-04-06T06:00:00Z,blm_miles-city_Miles City District,Miles City,NDVI,2423.631494939321
2000-04-06T06:00:00Z,blm_malta_Malta District,Malta,EVI,1339.228177298571
2000-04-06T06:00:00Z,blm_malta_Malta District,Malta,NDVI,2320.170384135293
2000-04-06T06:00:00Z,blm_lewistown_Lewistown District,Lewistown,EVI,1578.150491188237
2000-04-06T06:00:00Z,blm_lewistown_Lewistown District,Lewistown,NDVI,2813.7527692780177
2000-04-06T06:00:00Z,blm_missoula_Missoula District,Missoula,EVI,2364.3831430729233
2000-04-06T06:00:00Z,blm_missoula_Missoula District,Missoula,NDVI,5156.157257670936
2000-04-06T06:00:00Z,blm_butte_Butte District,Butte,EVI,1658.4737329561283
2000-04-06T06:00:00Z,blm_butte_Butte District,Butte,NDVI,3068.5385266289395
2000-04-06T06:00:00Z,blm_dillon_Dillon District,Dillon,EVI,1423.2859954355035
2000-04-06T06:00:00Z,blm_dillon_Dillon District,Dillon,NDVI,2329.745970205928
2000-04-22T06:00:00Z,blm_billings_Billings District,Billings,EVI,1929.8259862239643
2000-04-22T06:00:00Z,blm_billings_Billings District,Billings,NDVI,3367.797781155913
2000-04-22T06:00:00Z,blm_miles-city_Miles City District,Miles City,EVI,1683.0716873371023
2000-04-22T06:00:00Z,blm_miles-city_Miles City District,Miles City,NDVI,2834.447981859194
2000-04-22T06:00:00Z,blm_malta_Malta District,Malta,EVI,1629.985622354321
2000-04-22T06:00:00Z,blm_malta_Malta District,Malta,NDVI,2768.2307204603026
2000-04-22T06:00:00Z,blm_lewistown_Lewistown District,Lewistown,EVI,2025.7878923958294
2000-04-22T06:00:00Z,blm_lewistown_Lewistown District,Lewistown,NDVI,3582.2238719185875
2000-04-22T06:00:00Z,blm_missoula_Missoula District,Missoula,EVI,2583.5531501404535
2000-04-22T06:00:00Z,blm_missoula_Missoula District,Missoula,NDVI,5440.028935830234
2000-04-22T06:00:00Z,blm_butte_Butte District,Butte,EVI,2070.424737313333
2000-04-22T06:00:00Z,blm_butte_Butte District,Butte,NDVI,4048.748477377463
2000-04-22T06:00:00Z,blm_dillon_Dillon District,Dillon,EVI,1880.6876919178235
2000-04-22T06:00:00Z,blm_dillon_Dillon District,Dillon,NDVI,3384.2182317711226
2000-05-08T06:00:00Z,blm_billings_Billings District,Billings,EVI,2496.83164881573
2000-05-08T06:00:00Z,blm_billings_Billings District,Billings,NDVI,4030.293986839228
2000-05-08T06:00:00Z,blm_miles-city_Miles City District,Miles City,EVI,1969.8935927721232
2000-05-08T06:00:00Z,blm_miles-city_Miles City District,Miles City,NDVI,3264.929607468632
2000-05-08T06:00:00Z,blm_malta_Malta District,Malta,EVI,1949.5846106335573
2000-05-08T06:00:00Z,blm_malta_Malta District,Malta,NDVI,3213.901332248659
2000-05-08T06:00:00Z,blm_lewistown_Lewistown District,Lewistown,EVI,2371.4087391978155
2000-05-08T06:00:00Z,blm_lewistown_Lewistown District,Lewistown,NDVI,3873.2797139655895
2000-05-08T06:00:00Z,blm_missoula_Missoula District,Missoula,EVI,2934.429531612612
2000-05-08T06:00:00Z,blm_missoula_Missoula District,Missoula,NDVI,6101.705803292827
2000-05-08T06:00:00Z,blm_butte_Butte District,Butte,EVI,2513.827538006663
2000-05-08T06:00:00Z,blm_butte_Butte District,Butte,NDVI,4839.875853707945
2000-05-08T06:00:00Z,blm_dillon_Dillon District,Dillon,EVI,2257.129045419126
2000-05-08T06:00:00Z,blm_dillon_Dillon District,Dillon,NDVI,3761.746072427545
2000-05-24T06:00:00Z,blm_billings_Billings District,Billings,EVI,2604.768717117122
2000-05-24T06:00:00Z,blm_billings_Billings District,Billings,NDVI,4249.716546652146
2000-05-24T06:00:00Z,blm_miles-city_Miles City District,Miles City,EVI,2189.5818598689207
2000-05-24T06:00:00Z,blm_miles-city_Miles City District,Miles City,NDVI,3678.458090277953
2000-05-24T06:00:00Z,blm_malta_Malta District,Malta,EVI,2104.352605561051
2000-05-24T06:00:00Z,blm_malta_Malta District,Malta,NDVI,3471.907480360454
2000-05-24T06:00:00Z,blm_lewistown_Lewistown District,Lewistown,EVI,2568.0220578808685
2000-05-24T06:00:00Z,blm_lewistown_Lewistown District,Lewistown,NDVI,4366.984074801914
2000-05-24T06:00:00Z,blm_missoula_Missoula District,Missoula,EVI,3044.9412454449093
2000-05-24T06:00:00Z,blm_missoula_Missoula District,Missoula,NDVI,6302.552631143058
2000-05-24T06:00:00Z,blm_butte_Butte District,Butte,EVI,2698.6713759060503
2000-05-24T06:00:00Z,blm_butte_Butte District,Butte,NDVI,4973.880457841245
2000-05-24T06:00:00Z,blm_dillon_Dillon District,Dillon,EVI,2615.027015232229
2000-05-24T06:00:00Z,blm_dillon_Dillon District,Dillon,NDVI,4724.608214313029
2000-06-09T06:00:00Z,blm_billings_Billings District,Billings,EVI,2578.9371381400742
2000-06-09T06:00:00Z,blm_billings_Billings District,Billings,NDVI,4294.976479615219
2000-06-09T06:00:00Z,blm_miles-city_Miles City District,Miles City,EVI,2339.0851965397846
2000-06-09T06:00:00Z,blm_miles-city_Miles City District,Miles City,NDVI,4021.3085477754935
2000-06-09T06:00:00Z,blm_malta_Malta District,Malta,EVI,2578.302152369651
2000-06-09T06:00:00Z,blm_malta_Malta District,Malta,NDVI,4077.129308804501
2000-06-09T06:00:00Z,blm_lewistown_Lewistown District,Lewistown,EVI,3020.8213321053386
2000-06-09T06:00:00Z,blm_lewistown_Lewistown District,Lewistown,NDVI,4764.505863584127
2000-06-09T06:00:00Z,blm_missoula_Missoula District,Missoula,EVI,3657.963186984387
2000-06-09T06:00:00Z,blm_missoula_Missoula District,Missoula,NDVI,6590.1335794394845
2000-06-09T06:00:00Z,blm_butte_Butte District,Butte,EVI,2934.1976388872768
2000-06-09T06:00:00Z,blm_butte_Butte District,Butte,NDVI,5477.492866678554
2000-06-09T06:00:00Z,blm_dillon_Dillon District,Dillon,EVI,2830.6011137675687
2000-06-09T06:00:00Z,blm_dillon_Dillon District,Dillon,NDVI,5031.938618493203
2000-06-25T06:00:00Z,blm_billings_Billings District,Billings,EVI,2368.8974441137566
2000-06-25T06:00:00Z,blm_billings_Billings District,Billings,NDVI,3993.0292505426437
2000-06-25T06:00:00Z,blm_miles-city_Miles City District,Miles City,EVI,2298.379790176139
2000-06-25T06:00:00Z,blm_miles-city_Miles City District,Miles City,NDVI,3925.3245037511924
2000-06-25T06:00:00Z,blm_malta_Malta District,Malta,EVI,2398.9726232036414
2000-06-25T06:00:00Z,blm_malta_Malta District,Malta,NDVI,3951.347063766102
2000-06-25T06:00:00Z,blm_lewistown_Lewistown District,Lewistown,EVI,2941.7381758025012
2000-06-25T06:00:00Z,blm_lewistown_Lewistown District,Lewistown,NDVI,5028.123509589734
2000-06-25T06:00:00Z,blm_missoula_Missoula District,Missoula,EVI,3395.103554683056
2000-06-25T06:00:00Z,blm_missoula_Missoula District,Missoula,NDVI,6774.163479861308
2000-06-25T06:00:00Z,blm_butte_Butte District,Butte,EVI,3032.3550156600822
2000-06-25T06:00:00Z,blm_butte_Butte District,Butte,NDVI,5527.348174123506
2000-06-25T06:00:00Z,blm_dillon_Dillon District,Dillon,EVI,2931.1939594422465
2000-06-25T06:00:00Z,blm_dillon_Dillon District,Dillon,NDVI,4990.067970909639
2000-07-11T06:00:00Z,blm_billings_Billings District,Billings,EVI,2056.892840750091
2000-07-11T06:00:00Z,blm_billings_Billings District,Billings,NDVI,3542.9815018142267
2000-07-11T06:00:00Z,blm_miles-city_Miles City District,Miles City,EVI,2264.276030111409
2000-07-11T06:00:00Z,blm_miles-city_Miles City District,Miles City,NDVI,3740.791370764413
2000-07-11T06:00:00Z,blm_malta_Malta District,Malta,EVI,2151.66551584797
2000-07-11T06:00:00Z,blm_malta_Malta District,Malta,NDVI,3588.551786841338
2000-07-11T06:00:00Z,blm_lewistown_Lewistown District,Lewistown,EVI,2646.477025939994
2000-07-11T06:00:00Z,blm_lewistown_Lewistown District,Lewistown,NDVI,4627.970924794378
2000-07-11T06:00:00Z,blm_missoula_Missoula District,Missoula,EVI,3388.452640086515
2000-07-11T06:00:00Z,blm_missoula_Missoula District,Missoula,NDVI,6753.783702429047
2000-07-11T06:00:00Z,blm_butte_Butte District,Butte,EVI,2764.0412186003505
2000-07-11T06:00:00Z,blm_butte_Butte District,Butte,NDVI,5208.2504157728235
2000-07-11T06:00:00Z,blm_dillon_Dillon District,Dillon,EVI,2683.1660394044416
2000-07-11T06:00:00Z,blm_dillon_Dillon District,Dillon,NDVI,4720.018106168612
2000-07-27T06:00:00Z,blm_billings_Billings District,Billings,EVI,1776.6207834436966
2000-07-27T06:00:00Z,blm_billings_Billings District,Billings,NDVI,2943.0056090473904
2000-07-27T06:00:00Z,blm_miles-city_Miles City District,Miles City,EVI,2281.5118462420105
2000-07-27T06:00:00Z,blm_miles-city_Miles City District,Miles City,NDVI,3674.6472029428564
2000-07-27T06:00:00Z,blm_malta_Malta District,Malta,EVI,1873.7427825454286
2000-07-27T06:00:00Z,blm_malta_Malta District,Malta,NDVI,3089.4437954173554
2000-07-27T06:00:00Z,blm_lewistown_Lewistown District,Lewistown,EVI,2231.647523772363
2000-07-27T06:00:00Z,blm_lewistown_Lewistown District,Lewistown,NDVI,3869.776653852903
2000-07-27T06:00:00Z,blm_missoula_Missoula District,Missoula,EVI,3234.71008669405
2000-07-27T06:00:00Z,blm_missoula_Missoula District,Missoula,NDVI,6438.601924686526
2000-07-27T06:00:00Z,blm_butte_Butte District,Butte,EVI,2438.4429189509938
2000-07-27T06:00:00Z,blm_butte_Butte District,Butte,NDVI,4638.126155666873
2000-07-27T06:00:00Z,blm_dillon_Dillon District,Dillon,EVI,2321.5122647343173
2000-07-27T06:00:00Z,blm_dillon_Dillon District,Dillon,NDVI,4266.5033693287005
2000-08-12T06:00:00Z,blm_billings_Billings District,Billings,EVI,1754.1998192582907
2000-08-12T06:00:00Z,blm_billings_Billings District,Billings,NDVI,3009.3949806815103
2000-08-12T06:00:00Z,blm_miles-city_Miles City District,Miles City,EVI,1661.8101070658763
2000-08-12T06:00:00Z,blm_miles-city_Miles City District,Miles City,NDVI,2744.679596198475
2000-08-12T06:00:00Z,blm_malta_Malta District,Malta,EVI,1548.984614868532
2000-08-12T06:00:00Z,blm_malta_Malta District,Malta,NDVI,2505.970155632323
2000-08-12T06:00:00Z,blm_lewistown_Lewistown District,Lewistown,EVI,1851.3634469500876
2000-08-12T06:00:00Z,blm_lewistown_Lewistown District,Lewistown,NDVI,3214.748477444992
2000-08-12T06:00:00Z,blm_missoula_Missoula District,Missoula,EVI,2985.8661286555225
2000-08-12T06:00:00Z,blm_missoula_Missoula District,Missoula,NDVI,6234.178485682421
2000-08-12T06:00:00Z,blm_butte_Butte District,Butte,EVI,2179.827569631348
2000-08-12T06:00:00Z,blm_butte_Butte District,Butte,NDVI,4401.561166039455
2000-08-12T06:00:00Z,blm_dillon_Dillon District,Dillon,EVI,2097.5196782766297
2000-08-12T06:00:00Z,blm_dillon_Dillon District,Dillon,NDVI,3988.564456651602
2000-08-28T06:00:00Z,blm_billings_Billings District,Billings,EVI,1684.652073431726
2000-08-28T06:00:00Z,blm_billings_Billings District,Billings,NDVI,2960.0265083049608
2000-08-28T06:00:00Z,blm_miles-city_Miles City District,Miles City,EVI,1576.7703324246409
2000-08-28T06:00:00Z,blm_miles-city_Miles City District,Miles City,NDVI,2707.0319127709145
2000-08-28T06:00:00Z,blm_malta_Malta District,Malta,EVI,1612.3999986478054
2000-08-28T06:00:00Z,blm_malta_Malta District,Malta,NDVI,2690.2559306960043
2000-08-28T06:00:00Z,blm_lewistown_Lewistown District,Lewistown,EVI,1901.1420449050884
2000-08-28T06:00:00Z,blm_lewistown_Lewistown District,Lewistown,NDVI,3442.8719651480997
2000-08-28T06:00:00Z,blm_missoula_Missoula District,Missoula,EVI,2740.9700087287715
2000-08-28T06:00:00Z,blm_missoula_Missoula District,Missoula,NDVI,6146.183924978629
2000-08-28T06:00:00Z,blm_butte_Butte District,Butte,EVI,2212.916609749462
2000-08-28T06:00:00Z,blm_butte_Butte District,Butte,NDVI,4635.059112570781
2000-08-28T06:00:00Z,blm_dillon_Dillon District,Dillon,EVI,2180.330589651667
2000-08-28T06:00:00Z,blm_dillon_Dillon District,Dillon,NDVI,4161.321035497418
2000-09-13T06:00:00Z,blm_billings_Billings District,Billings,EVI,1570.5633481580576
2000-09-13T06:00:00Z,blm_billings_Billings District,Billings,NDVI,2866.652078621442
2000-09-13T06:00:00Z,blm_miles-city_Miles City District,Miles City,EVI,1441.6915533184124
2000-09-13T06:00:00Z,blm_miles-city_Miles City District,Miles City,NDVI,2553.155063131292
2000-09-13T06:00:00Z,blm_malta_Malta District,Malta,EVI,1431.1281730298629
2000-09-13T06:00:00Z,blm_malta_Malta District,Malta,NDVI,2560.412958000186
2000-09-13T06:00:00Z,blm_lewistown_Lewistown District,Lewistown,EVI,1696.0583347839963
2000-09-13T06:00:00Z,blm_lewistown_Lewistown District,Lewistown,NDVI,3249.152120815181
2000-09-13T06:00:00Z,blm_missoula_Missoula District,Missoula,EVI,2590.58619828137
2000-09-13T06:00:00Z,blm_missoula_Missoula District,Missoula,NDVI,6177.653315982597
2000-09-13T06:00:00Z,blm_butte_Butte District,Butte,EVI,1963.6946479789922
2000-09-13T06:00:00Z,blm_butte_Butte District,Butte,NDVI,4382.2930525080965
2000-09-13T06:00:00Z,blm_dillon_Dillon District,Dillon,EVI,1906.612410875357
2000-09-13T06:00:00Z,blm_dillon_Dillon District,Dillon,NDVI,3957.784561374173
2000-09-29T06:00:00Z,blm_billings_Billings District,Billings,EVI,1531.779792126153
2000-09-29T06:00:00Z,blm_billings_Billings District,Billings,NDVI,2931.644105722486
2000-09-29T06:00:00Z,blm_miles-city_Miles City District,Miles City,EVI,1345.9441567674296
2000-09-29T06:00:00Z,blm_miles-city_Miles City District,Miles City,NDVI,2468.4092522383594
2000-09-29T06:00:00Z,blm_malta_Malta District,Malta,EVI,1323.5233365118486
2000-09-29T06:00:00Z,blm_malta_Malta District,Malta,NDVI,2397.9430915832804
2000-09-29T06:00:00Z,blm_lewistown_Lewistown District,Lewistown,EVI,1630.3927239309432
2000-09-29T06:00:00Z,blm_lewistown_Lewistown District,Lewistown,NDVI,3296.4777578454596
2000-09-29T06:00:00Z,blm_missoula_Missoula District,Missoula,EVI,2260.2198916387038
2000-09-29T06:00:00Z,blm_missoula_Missoula District,Missoula,NDVI,6005.577880343644
2000-09-29T06:00:00Z,blm_butte_Butte District,Butte,EVI,1833.0185453841957
2000-09-29T06:00:00Z,blm_butte_Butte District,Butte,NDVI,4429.136096356015
2000-09-29T06:00:00Z,blm_dillon_Dillon District,Dillon,EVI,1766.045785234199
2000-09-29T06:00:00Z,blm_dillon_Dillon District,Dillon,NDVI,3901.3969989107754
2000-10-15T06:00:00Z,blm_billings_Billings District,Billings,EVI,1518.6149519833102
2000-10-15T06:00:00Z,blm_billings_Billings District,Billings,NDVI,2874.4890200475716
2000-10-15T06:00:00Z,blm_miles-city_Miles City District,Miles City,EVI,1251.573413424306
2000-10-15T06:00:00Z,blm_miles-city_Miles City District,Miles City,NDVI,2331.4263362707047
2000-10-15T06:00:00Z,blm_malta_Malta District,Malta,EVI,1237.7524782468374
2000-10-15T06:00:00Z,blm_malta_Malta District,Malta,NDVI,2314.5308821426543
2000-10-15T06:00:00Z,blm_lewistown_Lewistown District,Lewistown,EVI,1592.2918857069938
2000-10-15T06:00:00Z,blm_lewistown_Lewistown District,Lewistown,NDVI,3167.0494014232518
2000-10-15T06:00:00Z,blm_missoula_Missoula District,Missoula,EVI,2147.493814819263
2000-10-15T06:00:00Z,blm_missoula_Missoula District,Missoula,NDVI,5695.813446201379
2000-10-15T06:00:00Z,blm_butte_Butte District,Butte,EVI,1837.5534085720196
2000-10-15T06:00:00Z,blm_butte_Butte District,Butte,NDVI,4056.251813502612
2000-10-15T06:00:00Z,blm_dillon_Dillon District,Dillon,EVI,1609.6231703093677
2000-10-15T06:00:00Z,blm_dillon_Dillon District,Dillon,NDVI,3280.8752902780884
2000-10-31T07:00:00Z,blm_billings_Billings District,Billings,EVI,1488.9747766779624
2000-10-31T07:00:00Z,blm_billings_Billings District,Billings,NDVI,2813.302160114079
2000-10-31T07:00:00Z,blm_miles-city_Miles City District,Miles City,EVI,1166.3477289899074
2000-10-31T07:00:00Z,blm_miles-city_Miles City District,Miles City,NDVI,2394.1848623550754
2000-10-31T07:00:00Z,blm_malta_Malta District,Malta,EVI,1130.7108129227402
2000-10-31T07:00:00Z,blm_malta_Malta District,Malta,NDVI,2169.8750849930043
2000-10-31T07:00:00Z,blm_lewistown_Lewistown District,Lewistown,EVI,1400.0594368989096
2000-10-31T07:00:00Z,blm_lewistown_Lewistown District,Lewistown,NDVI,2772.7645671473247
2000-10-31T07:00:00Z,blm_missoula_Missoula District,Missoula,EVI,2117.0227339167404
2000-10-31T07:00:00Z,blm_missoula_Missoula District,Missoula,NDVI,5208.32950100367
2000-10-31T07:00:00Z,blm_butte_Butte District,Butte,EVI,1577.8090517690591
2000-10-31T07:00:00Z,blm_butte_Butte District,Butte,NDVI,3449.3846762135972
2000-10-31T07:00:00Z,blm_dillon_Dillon District,Dillon,EVI,1524.4709309385976
2000-10-31T07:00:00Z,blm_dillon_Dillon District,Dillon,NDVI,2918.33561199932
2000-11-16T07:00:00Z,blm_billings_Billings District,Billings,EVI,1223.887657924021
2000-11-16T07:00:00Z,blm_billings_Billings District,Billings,NDVI,2176.9172304916556
2000-11-16T07:00:00Z,blm_miles-city_Miles City District,Miles City,EVI,1000.4758464079272
2000-11-16T07:00:00Z,blm_miles-city_Miles City District,Miles City,NDVI,2222.213459950454
2000-11-16T07:00:00Z,blm_malta_Malta District,Malta,EVI,1075.0251082548473
2000-11-16T07:00:00Z,blm_malta_Malta District,Malta,NDVI,1903.0127797595815
2000-11-16T07:00:00Z,blm_lewistown_Lewistown District,Lewistown,EVI,1226.8215948166176
2000-11-16T07:00:00Z,blm_lewistown_Lewistown District,Lewistown,NDVI,2250.858351756573
2000-11-16T07:00:00Z,blm_missoula_Missoula District,Missoula,EVI,2129.5872827143667
2000-11-16T07:00:00Z,blm_missoula_Missoula District,Missoula,NDVI,5107.466475395823
2000-11-16T07:00:00Z,blm_butte_Butte District,Butte,EVI,1405.5099147986607
2000-11-16T07:00:00Z,blm_butte_Butte District,Butte,NDVI,2570.9907698549546
2000-11-16T07:00:00Z,blm_dillon_Dillon District,Dillon,EVI,NA
2000-11-16T07:00:00Z,blm_dillon_Dillon District,Dillon,NDVI,NA
2000-12-02T07:00:00Z,blm_billings_Billings District,Billings,EVI,1166.4620020713594
2000-12-02T07:00:00Z,blm_billings_Billings District,Billings,NDVI,2129.932042365122
2000-12-02T07:00:00Z,blm_miles-city_Miles City District,Miles City,EVI,1210.4103040910084
2000-12-02T07:00:00Z,blm_miles-city_Miles City District,Miles City,NDVI,2316.110533800044
2000-12-02T07:00:00Z,blm_malta_Malta District,Malta,EVI,1097.8550319051385
2000-12-02T07:00:00Z,blm_malta_Malta District,Malta,NDVI,1964.5399588896732
2000-12-02T07:00:00Z,blm_lewistown_Lewistown District,Lewistown,EVI,1180.593087067992
2000-12-02T07:00:00Z,blm_lewistown_Lewistown District,Lewistown,NDVI,2243.2709875523483
2000-12-02T07:00:00Z,blm_missoula_Missoula District,Missoula,EVI,2342.065167063056
2000-12-02T07:00:00Z,blm_missoula_Missoula District,Missoula,NDVI,5952.29542284817
2000-12-02T07:00:00Z,blm_butte_Butte District,Butte,EVI,1484.5348500482644
2000-12-02T07:00:00Z,blm_butte_Butte District,Butte,NDVI,3410.4745864261226
2000-12-02T07:00:00Z,blm_dillon_Dillon District,Dillon,EVI,419.5
2000-12-02T07:00:00Z,blm_dillon_Dillon District,Dillon,NDVI,1730.625
2000-12-18T07:00:00Z,blm_billings_Billings District,Billings,EVI,1002.2241897938538
2000-12-18T07:00:00Z,blm_billings_Billings District,Billings,NDVI,1809.2689288096365
2000-12-18T07:00:00Z,blm_miles-city_Miles City District,Miles City,EVI,794.6363636363636
2000-12-18T07:00:00Z,blm_miles-city_Miles City District,Miles City,NDVI,1965
2000-12-18T07:00:00Z,blm_malta_Malta District,Malta,EVI,1009.0262449051154
2000-12-18T07:00:00Z,blm_malta_Malta District,Malta,NDVI,1809.2146437094389
2000-12-18T07:00:00Z,blm_lewistown_Lewistown District,Lewistown,EVI,946.8059158725184
2000-12-18T07:00:00Z,blm_lewistown_Lewistown District,Lewistown,NDVI,1841.1227781260036
2000-12-18T07:00:00Z,blm_missoula_Missoula District,Missoula,EVI,940.7904647685507
2000-12-18T07:00:00Z,blm_missoula_Missoula District,Missoula,NDVI,3736.3126129213138
2000-12-18T07:00:00Z,blm_butte_Butte District,Butte,EVI,1096.5372559941263
2000-12-18T07:00:00Z,blm_butte_Butte District,Butte,NDVI,3183.3362787047117
2000-12-18T07:00:00Z,blm_dillon_Dillon District,Dillon,EVI,1073.7880794701987
2000-12-18T07:00:00Z,blm_dillon_Dillon District,Dillon,NDVI,3501.980132450331
2001-01-01T07:00:00Z,blm_billings_Billings District,Billings,EVI,1127.2476538378987
2001-01-01T07:00:00Z,blm_billings_Billings District,Billings,NDVI,2153.003027300143
2001-01-01T07:00:00Z,blm_miles-city_Miles City District,Miles City,EVI,999.0608020651172
2001-01-01T07:00:00Z,blm_miles-city_Miles City District,Miles City,NDVI,2011.989967692129
2001-01-01T07:00:00Z,blm_malta_Malta District,Malta,EVI,1026.4416256352893
2001-01-01T07:00:00Z,blm_malta_Malta District,Malta,NDVI,1914.0300853658766
2001-01-01T07:00:00Z,blm_lewistown_Lewistown District,Lewistown,EVI,1163.9679323865946
2001-01-01T07:00:00Z,blm_lewistown_Lewistown District,Lewistown,NDVI,2185.019275152045
2001-01-01T07:00:00Z,blm_missoula_Missoula District,Missoula,EVI,2149.8191562635475
2001-01-01T07:00:00Z,blm_missoula_Missoula District,Missoula,NDVI,6431.7360215302215
2001-01-01T07:00:00Z,blm_butte_Butte District,Butte,EVI,1153.0281335451405
2001-01-01T07:00:00Z,blm_butte_Butte District,Butte,NDVI,2095.361133277174
2001-01-01T07:00:00Z,blm_dillon_Dillon District,Dillon,EVI,1228.3488108139302
2001-01-01T07:00:00Z,blm_dillon_Dillon District,Dillon,NDVI,2141.4277414762705
2001-01-17T07:00:00Z,blm_billings_Billings District,Billings,EVI,1046.302655566059
2001-01-17T07:00:00Z,blm_billings_Billings District,Billings,NDVI,1932.37306010015
2001-01-17T07:00:00Z,blm_miles-city_Miles City District,Miles City,EVI,1003.7982462003617
2001-01-17T07:00:00Z,blm_miles-city_Miles City District,Miles City,NDVI,1998.242441609935
2001-01-17T07:00:00Z,blm_malta_Malta District,Malta,EVI,988.3400648830524
2001-01-17T07:00:00Z,blm_malta_Malta District,Malta,NDVI,1706.1188785036716
2001-01-17T07:00:00Z,blm_lewistown_Lewistown District,Lewistown,EVI,1109.731171145974
2001-01-17T07:00:00Z,blm_lewistown_Lewistown District,Lewistown,NDVI,2003.8753426165815
2001-01-17T07:00:00Z,blm_missoula_Missoula District,Missoula,EVI,1816
2001-01-17T07:00:00Z,blm_missoula_Missoula District,Missoula,NDVI,5573.857142857143
2001-01-17T07:00:00Z,blm_butte_Butte District,Butte,EVI,1152.6300983283916
2001-01-17T07:00:00Z,blm_butte_Butte District,Butte,NDVI,2025.0409948948375
2001-01-17T07:00:00Z,blm_dillon_Dillon District,Dillon,EVI,1545.5
2001-01-17T07:00:00Z,blm_dillon_Dillon District,Dillon,NDVI,2035.5714285714287
2001-02-02T07:00:00Z,blm_billings_Billings District,Billings,EVI,1119.6784586860902
2001-02-02T07:00:00Z,blm_billings_Billings District,Billings,NDVI,1919.5857800501417
2001-02-02T07:00:00Z,blm_miles-city_Miles City District,Miles City,EVI,966.2373479124403
2001-02-02T07:00:00Z,blm_miles-city_Miles City District,Miles City,NDVI,1861.7130535585015
2001-02-02T07:00:00Z,blm_malta_Malta District,Malta,EVI,1142.0077528379013
2001-02-02T07:00:00Z,blm_malta_Malta District,Malta,NDVI,1922.5405336194804
2001-02-02T07:00:00Z,blm_lewistown_Lewistown District,Lewistown,EVI,1209.4391108780283
2001-02-02T07:00:00Z,blm_lewistown_Lewistown District,Lewistown,NDVI,2063.6841761638366
2001-02-02T07:00:00Z,blm_missoula_Missoula District,Missoula,EVI,2730.2003484320553
2001-02-02T07:00:00Z,blm_missoula_Missoula District,Missoula,NDVI,5938.364111498257
2001-02-02T07:00:00Z,blm_butte_Butte District,Butte,EVI,1897.5333333333333
2001-02-02T07:00:00Z,blm_butte_Butte District,Butte,NDVI,2469.4333333333334
2001-02-02T07:00:00Z,blm_dillon_Dillon District,Dillon,EVI,1691.642857142857
2001-02-02T07:00:00Z,blm_dillon_Dillon District,Dillon,NDVI,2174.1428571428573
2001-02-18T07:00:00Z,blm_billings_Billings District,Billings,EVI,1078.3655018115244
2001-02-18T07:00:00Z,blm_billings_Billings District,Billings,NDVI,1756.3837548733927
2001-02-18T07:00:00Z,blm_miles-city_Miles City District,Miles City,EVI,928.5889698579723
2001-02-18T07:00:00Z,blm_miles-city_Miles City District,Miles City,NDVI,1704.690293255668
2001-02-18T07:00:00Z,blm_malta_Malta District,Malta,EVI,943.8484057167336
2001-02-18T07:00:00Z,blm_malta_Malta District,Malta,NDVI,1648.6965248909823
2001-02-18T07:00:00Z,blm_lewistown_Lewistown District,Lewistown,EVI,1058.930704402145
2001-02-18T07:00:00Z,blm_lewistown_Lewistown District,Lewistown,NDVI,1881.6980652732084
2001-02-18T07:00:00Z,blm_missoula_Missoula District,Missoula,EVI,1862.7731289299916
2001-02-18T07:00:00Z,blm_missoula_Missoula District,Missoula,NDVI,3951.1215691941225
2001-02-18T07:00:00Z,blm_butte_Butte District,Butte,EVI,1216.6762036701077
2001-02-18T07:00:00Z,blm_butte_Butte District,Butte,NDVI,1947.9781860562277
2001-02-18T07:00:00Z,blm_dillon_Dillon District,Dillon,EVI,1414.963607093202
2001-02-18T07:00:00Z,blm_dillon_Dillon District,Dillon,NDVI,2072.282085681066
2001-03-06T07:00:00Z,blm_billings_Billings District,Billings,EVI,1212.2391751871378
2001-03-06T07:00:00Z,blm_billings_Billings District,Billings,NDVI,2251.358739724445
2001-03-06T07:00:00Z,blm_miles-city_Miles City District,Miles City,EVI,1028.570480800057
2001-03-06T07:00:00Z,blm_miles-city_Miles City District,Miles City,NDVI,2053.6965120275786
2001-03-06T07:00:00Z,blm_malta_Malta District,Malta,EVI,1041.4756402116066
2001-03-06T07:00:00Z,blm_malta_Malta District,Malta,NDVI,1936.7885350081683
2001-03-06T07:00:00Z,blm_lewistown_Lewistown District,Lewistown,EVI,1149.0557210628283
2001-03-06T07:00:00Z,blm_lewistown_Lewistown District,Lewistown,NDVI,2148.444070031372
2001-03-06T07:00:00Z,blm_missoula_Missoula District,Missoula,EVI,2094.6942802962126
2001-03-06T07:00:00Z,blm_missoula_Missoula District,Missoula,NDVI,4309.470070352446
2001-03-06T07:00:00Z,blm_butte_Butte District,Butte,EVI,1204.3418524160882
2001-03-06T07:00:00Z,blm_butte_Butte District,Butte,NDVI,2131.8160665132054
2001-03-06T07:00:00Z,blm_dillon_Dillon District,Dillon,EVI,1240.2664302358937
2001-03-06T07:00:00Z,blm_dillon_Dillon District,Dillon,NDVI,1999.4764983240375
2001-03-22T07:00:00Z,blm_billings_Billings District,Billings,EVI,1376.4855252221807
2001-03-22T07:00:00Z,blm_billings_Billings District,Billings,NDVI,2485.2620101765897
2001-03-22T07:00:00Z,blm_miles-city_Miles City District,Miles City,EVI,1117.0031410932736
2001-03-22T07:00:00Z,blm_miles-city_Miles City District,Miles City,NDVI,2070.5148236069763
2001-03-22T07:00:00Z,blm_malta_Malta District,Malta,EVI,1171.3960887658482
2001-03-22T07:00:00Z,blm_malta_Malta District,Malta,NDVI,2019.3772404328922
2001-03-22T07:00:00Z,blm_lewistown_Lewistown District,Lewistown,EVI,1299.7437666854144
2001-03-22T07:00:00Z,blm_lewistown_Lewistown District,Lewistown,NDVI,2231.2044974010196
2001-03-22T07:00:00Z,blm_missoula_Missoula District,Missoula,EVI,1942.452173879894
2001-03-22T07:00:00Z,blm_missoula_Missoula District,Missoula,NDVI,4087.9808729706165
2001-03-22T07:00:00Z,blm_butte_Butte District,Butte,EVI,1298.2084926064397
2001-03-22T07:00:00Z,blm_butte_Butte District,Butte,NDVI,2273.411541502847
2001-03-22T07:00:00Z,blm_dillon_Dillon District,Dillon,EVI,1298.7165778115218
2001-03-22T07:00:00Z,blm_dillon_Dillon District,Dillon,NDVI,2082.58822709904
2001-04-07T06:00:00Z,blm_billings_Billings District,Billings,EVI,1559.590160662214
2001-04-07T06:00:00Z,blm_billings_Billings District,Billings,NDVI,2679.925876416066
2001-04-07T06:00:00Z,blm_miles-city_Miles City District,Miles City,EVI,1321.5530490688084
2001-04-07T06:00:00Z,blm_miles-city_Miles City District,Miles City,NDVI,2346.151968192313
2001-04-07T06:00:00Z,blm_malta_Malta District,Malta,EVI,1221.0660087572808
2001-04-07T06:00:00Z,blm_malta_Malta District,Malta,NDVI,2139.1618410005267
2001-04-07T06:00:00Z,blm_lewistown_Lewistown District,Lewistown,EVI,1421.1108436746147
2001-04-07T06:00:00Z,blm_lewistown_Lewistown District,Lewistown,NDVI,2443.0849506454256
2001-04-07T06:00:00Z,blm_missoula_Missoula District,Missoula,EVI,2104.480448069367
2001-04-07T06:00:00Z,blm_missoula_Missoula District,Missoula,NDVI,4075.130402683415
2001-04-07T06:00:00Z,blm_butte_Butte District,Butte,EVI,1433.9644404390992
2001-04-07T06:00:00Z,blm_butte_Butte District,Butte,NDVI,2417.9949502042346
2001-04-07T06:00:00Z,blm_dillon_Dillon District,Dillon,EVI,1384.3395788651003
2001-04-07T06:00:00Z,blm_dillon_Dillon District,Dillon,NDVI,2203.7062017723465
2001-04-23T06:00:00Z,blm_billings_Billings District,Billings,EVI,1996.7607206534315
2001-04-23T06:00:00Z,blm_billings_Billings District,Billings,NDVI,3420.4534020594606
2001-04-23T06:00:00Z,blm_miles-city_Miles City District,Miles City,EVI,1688.3514342746496
2001-04-23T06:00:00Z,blm_miles-city_Miles City District,Miles City,NDVI,2884.0091082338304
2001-04-23T06:00:00Z,blm_malta_Malta District,Malta,EVI,1360.488597847654
2001-04-23T06:00:00Z,blm_malta_Malta District,Malta,NDVI,2313.655070213657
2001-04-23T06:00:00Z,blm_lewistown_Lewistown District,Lewistown,EVI,1752.2299476506876
2001-04-23T06:00:00Z,blm_lewistown_Lewistown District,Lewistown,NDVI,3128.4622195220495
2001-04-23T06:00:00Z,blm_missoula_Missoula District,Missoula,EVI,2449.3409722464703
2001-04-23T06:00:00Z,blm_missoula_Missoula District,Missoula,NDVI,5172.169796961886
2001-04-23T06:00:00Z,blm_butte_Butte District,Butte,EVI,1959.530849902504
2001-04-23T06:00:00Z,blm_butte_Butte District,Butte,NDVI,3755.8386988203047
2001-04-23T06:00:00Z,blm_dillon_Dillon District,Dillon,EVI,1831.296489765357
2001-04-23T06:00:00Z,blm_dillon_Dillon District,Dillon,NDVI,3263.0674116535774
2001-05-09T06:00:00Z,blm_billings_Billings District,Billings,EVI,2255.566570068846
2001-05-09T06:00:00Z,blm_billings_Billings District,Billings,NDVI,3690.9266709247304
2001-05-09T06:00:00Z,blm_miles-city_Miles City District,Miles City,EVI,1974.8966239598674
2001-05-09T06:00:00Z,blm_miles-city_Miles City District,Miles City,NDVI,3284.6389625716165
2001-05-09T06:00:00Z,blm_malta_Malta District,Malta,EVI,1549.3828737352953
2001-05-09T06:00:00Z,blm_malta_Malta District,Malta,NDVI,2563.797285260664
2001-05-09T06:00:00Z,blm_lewistown_Lewistown District,Lewistown,EVI,2097.8324250866094
2001-05-09T06:00:00Z,blm_lewistown_Lewistown District,Lewistown,NDVI,3629.9968330432403
2001-05-09T06:00:00Z,blm_missoula_Missoula District,Missoula,EVI,2880.780108071053
2001-05-09T06:00:00Z,blm_missoula_Missoula District,Missoula,NDVI,5800.110153638455
2001-05-09T06:00:00Z,blm_butte_Butte District,Butte,EVI,2312.2703903457723
2001-05-09T06:00:00Z,blm_butte_Butte District,Butte,NDVI,4461.259439107989
2001-05-09T06:00:00Z,blm_dillon_Dillon District,Dillon,EVI,2210.1626596626033
2001-05-09T06:00:00Z,blm_dillon_Dillon District,Dillon,NDVI,4090.4873822098975
2001-05-25T06:00:00Z,blm_billings_Billings District,Billings,EVI,2296.104427644315
2001-05-25T06:00:00Z,blm_billings_Billings District,Billings,NDVI,3821.441437757564
2001-05-25T06:00:00Z,blm_miles-city_Miles City District,Miles City,EVI,2092.478300058665
2001-05-25T06:00:00Z,blm_miles-city_Miles City District,Miles City,NDVI,3529.31474540807
2001-05-25T06:00:00Z,blm_malta_Malta District,Malta,EVI,1731.7324869170434
2001-05-25T06:00:00Z,blm_malta_Malta District,Malta,NDVI,2824.2501007945507
2001-05-25T06:00:00Z,blm_lewistown_Lewistown District,Lewistown,EVI,2352.6686591221637
2001-05-25T06:00:00Z,blm_lewistown_Lewistown District,Lewistown,NDVI,4031.7538135535833
2001-05-25T06:00:00Z,blm_missoula_Missoula District,Missoula,EVI,3003.073356545755
2001-05-25T06:00:00Z,blm_missoula_Missoula District,Missoula,NDVI,6137.504237036851
2001-05-25T06:00:00Z,blm_butte_Butte District,Butte,EVI,2599.7834137788445
2001-05-25T06:00:00Z,blm_butte_Butte District,Butte,NDVI,4931.523382685455
2001-05-25T06:00:00Z,blm_dillon_Dillon District,Dillon,EVI,2615.6964735782435
2001-05-25T06:00:00Z,blm_dillon_Dillon District,Dillon,NDVI,4649.026418325224
2001-06-10T06:00:00Z,blm_billings_Billings District,Billings,EVI,2500.3634339842115
2001-06-10T06:00:00Z,blm_billings_Billings District,Billings,NDVI,4105.666254486989
2001-06-10T06:00:00Z,blm_miles-city_Miles City District,Miles City,EVI,2287.370651159036
2001-06-10T06:00:00Z,blm_miles-city_Miles City District,Miles City,NDVI,3710.275938747925
2001-06-10T06:00:00Z,blm_malta_Malta District,Malta,EVI,1905.4262166868432
2001-06-10T06:00:00Z,blm_malta_Malta District,Malta,NDVI,3019.556203530882
2001-06-10T06:00:00Z,blm_lewistown_Lewistown District,Lewistown,EVI,2433.5931204897565
2001-06-10T06:00:00Z,blm_lewistown_Lewistown District,Lewistown,NDVI,3717.7106312768656
2001-06-10T06:00:00Z,blm_missoula_Missoula District,Missoula,EVI,2861.101886245157
2001-06-10T06:00:00Z,blm_missoula_Missoula District,Missoula,NDVI,6207.618210702347
2001-06-10T06:00:00Z,blm_butte_Butte District,Butte,EVI,2393.0173959482368
2001-06-10T06:00:00Z,blm_butte_Butte District,Butte,NDVI,5392.70041354327
2001-06-10T06:00:00Z,blm_dillon_Dillon District,Dillon,EVI,2847.924541112555
2001-06-10T06:00:00Z,blm_dillon_Dillon District,Dillon,NDVI,5479.764213896945
2001-06-26T06:00:00Z,blm_billings_Billings District,Billings,EVI,2491.743495887086
2001-06-26T06:00:00Z,blm_billings_Billings District,Billings,NDVI,4071.533211907261
2001-06-26T06:00:00Z,blm_miles-city_Miles City District,Miles City,EVI,2566.0878665730843
2001-06-26T06:00:00Z,blm_miles-city_Miles City District,Miles City,NDVI,4176.371109778813
2001-06-26T06:00:00Z,blm_malta_Malta District,Malta,EVI,2097.9338114731468
2001-06-26T06:00:00Z,blm_malta_Malta District,Malta,NDVI,3423.7927892041225
2001-06-26T06:00:00Z,blm_lewistown_Lewistown District,Lewistown,EVI,2771.018594490083
2001-06-26T06:00:00Z,blm_lewistown_Lewistown District,Lewistown,NDVI,4712.369245902984
2001-06-26T06:00:00Z,blm_missoula_Missoula District,Missoula,EVI,3070.6759487175177
2001-06-26T06:00:00Z,blm_missoula_Missoula District,Missoula,NDVI,7020.41490244849
2001-06-26T06:00:00Z,blm_butte_Butte District,Butte,EVI,2917.530523213538
2001-06-26T06:00:00Z,blm_butte_Butte District,Butte,NDVI,5746.129569445731
2001-06-26T06:00:00Z,blm_dillon_Dillon District,Dillon,EVI,2915.0017421498874
2001-06-26T06:00:00Z,blm_dillon_Dillon District,Dillon,NDVI,5557.303042495681
2001-07-12T06:00:00Z,blm_billings_Billings District,Billings,EVI,2370.978767880287
2001-07-12T06:00:00Z,blm_billings_Billings District,Billings,NDVI,4027.6765533047387
2001-07-12T06:00:00Z,blm_miles-city_Miles City District,Miles City,EVI,2570.6570473536476
2001-07-12T06:00:00Z,blm_miles-city_Miles City District,Miles City,NDVI,4356.4388411233
2001-07-12T06:00:00Z,blm_malta_Malta District,Malta,EVI,2049.7617811475366
2001-07-12T06:00:00Z,blm_malta_Malta District,Malta,NDVI,3497.5959645357957
2001-07-12T06:00:00Z,blm_lewistown_Lewistown District,Lewistown,EVI,2672.307320954214
2001-07-12T06:00:00Z,blm_lewistown_Lewistown District,Lewistown,NDVI,4703.539905329978
2001-07-12T06:00:00Z,blm_missoula_Missoula District,Missoula,EVI,3432.01740113184
2001-07-12T06:00:00Z,blm_missoula_Missoula District,Missoula,NDVI,6751.053282522808
2001-07-12T06:00:00Z,blm_butte_Butte District,Butte,EVI,2896.08585701309
2001-07-12T06:00:00Z,blm_butte_Butte District,Butte,NDVI,5566.2941009465585
2001-07-12T06:00:00Z,blm_dillon_Dillon District,Dillon,EVI,2856.064901391033
2001-07-12T06:00:00Z,blm_dillon_Dillon District,Dillon,NDVI,5327.785040539331
2001-07-28T06:00:00Z,blm_billings_Billings District,Billings,EVI,2109.1109532331866
2001-07-28T06:00:00Z,blm_billings_Billings District,Billings,NDVI,3577.8903877875086
2001-07-28T06:00:00Z,blm_miles-city_Miles City District,Miles City,EVI,2366.879708359089
2001-07-28T06:00:00Z,blm_miles-city_Miles City District,Miles City,NDVI,4012.5316952744315
2001-07-28T06:00:00Z,blm_malta_Malta District,Malta,EVI,1925.7606170661434
2001-07-28T06:00:00Z,blm_malta_Malta District,Malta,NDVI,3330.3019022004555
2001-07-28T06:00:00Z,blm_lewistown_Lewistown District,Lewistown,EVI,2417.019633696032
2001-07-28T06:00:00Z,blm_lewistown_Lewistown District,Lewistown,NDVI,4354.012343495722
2001-07-28T06:00:00Z,blm_missoula_Missoula District,Missoula,EVI,3184.831501726825
2001-07-28T06:00:00Z,blm_missoula_Missoula District,Missoula,NDVI,6671.944216033425
2001-07-28T06:00:00Z,blm_butte_Butte District,Butte,EVI,2634.0193375147046
2001-07-28T06:00:00Z,blm_butte_Butte District,Butte,NDVI,5279.206186125795
2001-07-28T06:00:00Z,blm_dillon_Dillon District,Dillon,EVI,2582.680103104915
2001-07-28T06:00:00Z,blm_dillon_Dillon District,Dillon,NDVI,4876.9448168211775
2001-08-13T06:00:00Z,blm_billings_Billings District,Billings,EVI,1864.7541182852287
2001-08-13T06:00:00Z,blm_billings_Billings District,Billings,NDVI,3212.9477098341927
2001-08-13T06:00:00Z,blm_miles-city_Miles City District,Miles City,EVI,2077.7565280592867
2001-08-13T06:00:00Z,blm_miles-city_Miles City District,Miles City,NDVI,3374.66580072882
2001-08-13T06:00:00Z,blm_malta_Malta District,Malta,EVI,1682.5839047259833
2001-08-13T06:00:00Z,blm_malta_Malta District,Malta,NDVI,2841.4333191245846
2001-08-13T06:00:00Z,blm_lewistown_Lewistown District,Lewistown,EVI,2133.541853822389
2001-08-13T06:00:00Z,blm_lewistown_Lewistown District,Lewistown,NDVI,3859.989572579432
2001-08-13T06:00:00Z,blm_missoula_Missoula District,Missoula,EVI,3100.695093330315
2001-08-13T06:00:00Z,blm_missoula_Missoula District,Missoula,NDVI,6427.45697401631
2001-08-13T06:00:00Z,blm_butte_Butte District,Butte,EVI,2372.8089864275075
2001-08-13T06:00:00Z,blm_butte_Butte District,Butte,NDVI,4832.373956789296
2001-08-13T06:00:00Z,blm_dillon_Dillon District,Dillon,EVI,2329.4876401473316
2001-08-13T06:00:00Z,blm_dillon_Dillon District,Dillon,NDVI,4412.4588643173975
2001-08-29T06:00:00Z,blm_billings_Billings District,Billings,EVI,1796.1157159535082
2001-08-29T06:00:00Z,blm_billings_Billings District,Billings,NDVI,3159.227298457633
2001-08-29T06:00:00Z,blm_miles-city_Miles City District,Miles City,EVI,1863.4976960552506
2001-08-29T06:00:00Z,blm_miles-city_Miles City District,Miles City,NDVI,3067.879767629785
2001-08-29T06:00:00Z,blm_malta_Malta District,Malta,EVI,1590.6749549846334
2001-08-29T06:00:00Z,blm_malta_Malta District,Malta,NDVI,2663.732213466807
2001-08-29T06:00:00Z,blm_lewistown_Lewistown District,Lewistown,EVI,1980.2903895025788
2001-08-29T06:00:00Z,blm_lewistown_Lewistown District,Lewistown,NDVI,3709.433134287197
2001-08-29T06:00:00Z,blm_missoula_Missoula District,Missoula,EVI,2783.796572201113
2001-08-29T06:00:00Z,blm_missoula_Missoula District,Missoula,NDVI,6307.0892593037215
2001-08-29T06:00:00Z,blm_butte_Butte District,Butte,EVI,2214.3367297285185
2001-08-29T06:00:00Z,blm_butte_Butte District,Butte,NDVI,4656.3108880529935
2001-08-29T06:00:00Z,blm_dillon_Dillon District,Dillon,EVI,2132.975353628559
2001-08-29T06:00:00Z,blm_dillon_Dillon District,Dillon,NDVI,4224.842035945459
2001-09-14T06:00:00Z,blm_billings_Billings District,Billings,EVI,1745.7097861675948
2001-09-14T06:00:00Z,blm_billings_Billings District,Billings,NDVI,3166.178973289444
2001-09-14T06:00:00Z,blm_miles-city_Miles City District,Miles City,EVI,1746.043205130396
2001-09-14T06:00:00Z,blm_miles-city_Miles City District,Miles City,NDVI,2997.3785937300945
2001-09-14T06:00:00Z,blm_malta_Malta District,Malta,EVI,1450.00517252165
2001-09-14T06:00:00Z,blm_malta_Malta District,Malta,NDVI,2508.8703727203997
2001-09-14T06:00:00Z,blm_lewistown_Lewistown District,Lewistown,EVI,1952.7747043622999
2001-09-14T06:00:00Z,blm_lewistown_Lewistown District,Lewistown,NDVI,3712.1052165131414
2001-09-14T06:00:00Z,blm_missoula_Missoula District,Missoula,EVI,2603.4670663658335
2001-09-14T06:00:00Z,blm_missoula_Missoula District,Missoula,NDVI,6093.835837909568
2001-09-14T06:00:00Z,blm_butte_Butte District,Butte,EVI,2111.762556878421
2001-09-14T06:00:00Z,blm_butte_Butte District,Butte,NDVI,4612.5903336698
2001-09-14T06:00:00Z,blm_dillon_Dillon District,Dillon,EVI,2048.2992211339956
2001-09-14T06:00:00Z,blm_dillon_Dillon District,Dillon,NDVI,4113.40306791947
2001-09-30T06:00:00Z,blm_billings_Billings District,Billings,EVI,1661.6018938252726
2001-09-30T06:00:00Z,blm_billings_Billings District,Billings,NDVI,3012.617091897617
2001-09-30T06:00:00Z,blm_miles-city_Miles City District,Miles City,EVI,1575.6580801914736
2001-09-30T06:00:00Z,blm_miles-city_Miles City District,Miles City,NDVI,2718.463293655497
2001-09-30T06:00:00Z,blm_malta_Malta District,Malta,EVI,1332.4911118655687
2001-09-30T06:00:00Z,blm_malta_Malta District,Malta,NDVI,2332.091172776379
2001-09-30T06:00:00Z,blm_lewistown_Lewistown District,Lewistown,EVI,1922.4662849560787
2001-09-30T06:00:00Z,blm_lewistown_Lewistown District,Lewistown,NDVI,3549.541154516478
2001-09-30T06:00:00Z,blm_missoula_Missoula District,Missoula,EVI,2445.4051385598286
2001-09-30T06:00:00Z,blm_missoula_Missoula District,Missoula,NDVI,6025.281398470942
2001-09-30T06:00:00Z,blm_butte_Butte District,Butte,EVI,2185.339894546822
2001-09-30T06:00:00Z,blm_butte_Butte District,Butte,NDVI,4515.657927909348
2001-09-30T06:00:00Z,blm_dillon_Dillon District,Dillon,EVI,2045.5714059770105
2001-09-30T06:00:00Z,blm_dillon_Dillon District,Dillon,NDVI,3982.780728771775
2001-10-16T06:00:00Z,blm_billings_Billings District,Billings,EVI,1572.0256174148997
2001-10-16T06:00:00Z,blm_billings_Billings District,Billings,NDVI,2848.4204007286976
2001-10-16T06:00:00Z,blm_miles-city_Miles City District,Miles City,EVI,1470.0264534461164
2001-10-16T06:00:00Z,blm_miles-city_Miles City District,Miles City,NDVI,2526.030753420174
2001-10-16T06:00:00Z,blm_malta_Malta District,Malta,EVI,1285.1837234268455
2001-10-16T06:00:00Z,blm_malta_Malta District,Malta,NDVI,2201.967909796382
2001-10-16T06:00:00Z,blm_lewistown_Lewistown District,Lewistown,EVI,1700.9823745257327
2001-10-16T06:00:00Z,blm_lewistown_Lewistown District,Lewistown,NDVI,3251.0132042951286
2001-10-16T06:00:00Z,blm_missoula_Missoula District,Missoula,EVI,2276.2054907043434
2001-10-16T06:00:00Z,blm_missoula_Missoula District,Missoula,NDVI,5775.355189172597
2001-10-16T06:00:00Z,blm_butte_Butte District,Butte,EVI,1858.5777831062442
2001-10-16T06:00:00Z,blm_butte_Butte District,Butte,NDVI,4108.793962882741
2001-10-16T06:00:00Z,blm_dillon_Dillon District,Dillon,EVI,1732.5263118033772
2001-10-16T06:00:00Z,blm_dillon_Dillon District,Dillon,NDVI,3443.349478391169
2001-11-01T07:00:00Z,blm_billings_Billings District,Billings,EVI,1464.073552468312
2001-11-01T07:00:00Z,blm_billings_Billings District,Billings,NDVI,2721.31931343984
2001-11-01T07:00:00Z,blm_miles-city_Miles City District,Miles City,EVI,1336.405392196036
2001-11-01T07:00:00Z,blm_miles-city_Miles City District,Miles City,NDVI,2330.348118463188
2001-11-01T07:00:00Z,blm_malta_Malta District,Malta,EVI,1210.0507927381539
2001-11-01T07:00:00Z,blm_malta_Malta District,Malta,NDVI,2107.3327706601012
2001-11-01T07:00:00Z,blm_lewistown_Lewistown District,Lewistown,EVI,1563.9327724010782
2001-11-01T07:00:00Z,blm_lewistown_Lewistown District,Lewistown,NDVI,3157.8468331189183
2001-11-01T07:00:00Z,blm_missoula_Missoula District,Missoula,EVI,2165.893666139517
2001-11-01T07:00:00Z,blm_missoula_Missoula District,Missoula,NDVI,5630.330988476338
2001-11-01T07:00:00Z,blm_butte_Butte District,Butte,EVI,1819.8997996361431
2001-11-01T07:00:00Z,blm_butte_Butte District,Butte,NDVI,4306.093493202546
2001-11-01T07:00:00Z,blm_dillon_Dillon District,Dillon,EVI,1698.0143686207075
2001-11-01T07:00:00Z,blm_dillon_Dillon District,Dillon,NDVI,3684.031174948513
2001-11-17T07:00:00Z,blm_billings_Billings District,Billings,EVI,1540.72592370439
2001-11-17T07:00:00Z,blm_billings_Billings District,Billings,NDVI,2642.429359398331
2001-11-17T07:00:00Z,blm_miles-city_Miles City District,Miles City,EVI,1268.02714889673
2001-11-17T07:00:00Z,blm_miles-city_Miles City District,Miles City,NDVI,2198.2232613059537
2001-11-17T07:00:00Z,blm_malta_Malta District,Malta,EVI,1214.4133810546539
2001-11-17T07:00:00Z,blm_malta_Malta District,Malta,NDVI,2037.8141600446945
2001-11-17T07:00:00Z,blm_lewistown_Lewistown District,Lewistown,EVI,1625.2551859440164
2001-11-17T07:00:00Z,blm_lewistown_Lewistown District,Lewistown,NDVI,2868.3609207379964
2001-11-17T07:00:00Z,blm_missoula_Missoula District,Missoula,EVI,2207.874479478592
2001-11-17T07:00:00Z,blm_missoula_Missoula District,Missoula,NDVI,5061.221982498243
2001-11-17T07:00:00Z,blm_butte_Butte District,Butte,EVI,2246.667338552609
2001-11-17T07:00:00Z,blm_butte_Butte District,Butte,NDVI,4329.901356524632
2001-11-17T07:00:00Z,blm_dillon_Dillon District,Dillon,EVI,1891.3947774898559
2001-11-17T07:00:00Z,blm_dillon_Dillon District,Dillon,NDVI,3200.0871769326427
2001-12-03T07:00:00Z,blm_billings_Billings District,Billings,EVI,1202.9785990273367
2001-12-03T07:00:00Z,blm_billings_Billings District,Billings,NDVI,2101.8342002673653
2001-12-03T07:00:00Z,blm_miles-city_Miles City District,Miles City,EVI,1199.3523130259575
2001-12-03T07:00:00Z,blm_miles-city_Miles City District,Miles City,NDVI,2100.6437324729095
2001-12-03T07:00:00Z,blm_malta_Malta District,Malta,EVI,1100.5269506125424
2001-12-03T07:00:00Z,blm_malta_Malta District,Malta,NDVI,1938.3247174118694
2001-12-03T07:00:00Z,blm_lewistown_Lewistown District,Lewistown,EVI,1265.4844045248155
2001-12-03T07:00:00Z,blm_lewistown_Lewistown District,Lewistown,NDVI,2343.9062977166054
2001-12-03T07:00:00Z,blm_missoula_Missoula District,Missoula,EVI,1969.1762335958397
2001-12-03T07:00:00Z,blm_missoula_Missoula District,Missoula,NDVI,3847.453797483385
2001-12-03T07:00:00Z,blm_butte_Butte District,Butte,EVI,1416.3181848849588
2001-12-03T07:00:00Z,blm_butte_Butte District,Butte,NDVI,2420.5829026937995
2001-12-03T07:00:00Z,blm_dillon_Dillon District,Dillon,EVI,1422.8169571572075
2001-12-03T07:00:00Z,blm_dillon_Dillon District,Dillon,NDVI,2381.0902483729824
2001-12-19T07:00:00Z,blm_billings_Billings District,Billings,EVI,1185.7152021741379
2001-12-19T07:00:00Z,blm_billings_Billings District,Billings,NDVI,2029.9876832409773
2001-12-19T07:00:00Z,blm_miles-city_Miles City District,Miles City,EVI,1160.861288230891
2001-12-19T07:00:00Z,blm_miles-city_Miles City District,Miles City,NDVI,2007.5053866172298
2001-12-19T07:00:00Z,blm_malta_Malta District,Malta,EVI,1092.8991321533563
2001-12-19T07:00:00Z,blm_malta_Malta District,Malta,NDVI,1928.8573046836236
2001-12-19T07:00:00Z,blm_lewistown_Lewistown District,Lewistown,EVI,1277.0087837629003
2001-12-19T07:00:00Z,blm_lewistown_Lewistown District,Lewistown,NDVI,2290.1220463784884
2001-12-19T07:00:00Z,blm_missoula_Missoula District,Missoula,EVI,1773.281612169111
2001-12-19T07:00:00Z,blm_missoula_Missoula District,Missoula,NDVI,3277.0117450970515
2001-12-19T07:00:00Z,blm_butte_Butte District,Butte,EVI,1312.8522025289337
2001-12-19T07:00:00Z,blm_butte_Butte District,Butte,NDVI,2262.6370754978852
2001-12-19T07:00:00Z,blm_dillon_Dillon District,Dillon,EVI,1311.1460096671549
2001-12-19T07:00:00Z,blm_dillon_Dillon District,Dillon,NDVI,2293.7934354025147
2002-01-01T07:00:00Z,blm_billings_Billings District,Billings,EVI,1217.6276718450374
2002-01-01T07:00:00Z,blm_billings_Billings District,Billings,NDVI,2312.648788372615
2002-01-01T07:00:00Z,blm_miles-city_Miles City District,Miles City,EVI,1245.0534559248538
2002-01-01T07:00:00Z,blm_miles-city_Miles City District,Miles City,NDVI,2239.4717651616857
2002-01-01T07:00:00Z,blm_malta_Malta District,Malta,EVI,1138.9468157108518
2002-01-01T07:00:00Z,blm_malta_Malta District,Malta,NDVI,2044.9691528815943
2002-01-01T07:00:00Z,blm_lewistown_Lewistown District,Lewistown,EVI,1260.3942138483785
2002-01-01T07:00:00Z,blm_lewistown_Lewistown District,Lewistown,NDVI,2291.418860568235
2002-01-01T07:00:00Z,blm_missoula_Missoula District,Missoula,EVI,1794.4864440992621
2002-01-01T07:00:00Z,blm_missoula_Missoula District,Missoula,NDVI,3843.21392304711
2002-01-01T07:00:00Z,blm_butte_Butte District,Butte,EVI,1344.2601984312298
2002-01-01T07:00:00Z,blm_butte_Butte District,Butte,NDVI,2397.149748386912
2002-01-01T07:00:00Z,blm_dillon_Dillon District,Dillon,EVI,1453.6251065854494
2002-01-01T07:00:00Z,blm_dillon_Dillon District,Dillon,NDVI,2628.6347310748993
2002-01-17T07:00:00Z,blm_billings_Billings District,Billings,EVI,1140.9455140310426
2002-01-17T07:00:00Z,blm_billings_Billings District,Billings,NDVI,1963.7655112604534
2002-01-17T07:00:00Z,blm_miles-city_Miles City District,Miles City,EVI,1241.1417118248569
2002-01-17T07:00:00Z,blm_miles-city_Miles City District,Miles City,NDVI,2033.974113889777
2002-01-17T07:00:00Z,blm_malta_Malta District,Malta,EVI,1078.859805126785
2002-01-17T07:00:00Z,blm_malta_Malta District,Malta,NDVI,1845.6497444770366
2002-01-17T07:00:00Z,blm_lewistown_Lewistown District,Lewistown,EVI,1218.2827707720523
2002-01-17T07:00:00Z,blm_lewistown_Lewistown District,Lewistown,NDVI,2021.0517047595072
2002-01-17T07:00:00Z,blm_missoula_Missoula District,Missoula,EVI,1598.9807692307693
2002-01-17T07:00:00Z,blm_missoula_Missoula District,Missoula,NDVI,2414.2884615384614
2002-01-17T07:00:00Z,blm_butte_Butte District,Butte,EVI,1436.827423456413
2002-01-17T07:00:00Z,blm_butte_Butte District,Butte,NDVI,2727.5418065303625
2002-01-17T07:00:00Z,blm_dillon_Dillon District,Dillon,EVI,1567.7353509336767
2002-01-17T07:00:00Z,blm_dillon_Dillon District,Dillon,NDVI,2163.1349510285695
2002-02-02T07:00:00Z,blm_billings_Billings District,Billings,EVI,1149.3687418642203
2002-02-02T07:00:00Z,blm_billings_Billings District,Billings,NDVI,1972.3541963403773
2002-02-02T07:00:00Z,blm_miles-city_Miles City District,Miles City,EVI,1155.3189140858497
2002-02-02T07:00:00Z,blm_miles-city_Miles City District,Miles City,NDVI,1901.3744774459208
2002-02-02T07:00:00Z,blm_malta_Malta District,Malta,EVI,1063.0335968983275
2002-02-02T07:00:00Z,blm_malta_Malta District,Malta,NDVI,1818.546724995593
2002-02-02T07:00:00Z,blm_lewistown_Lewistown District,Lewistown,EVI,1141.9209147931151
2002-02-02T07:00:00Z,blm_lewistown_Lewistown District,Lewistown,NDVI,1972.688135248115
2002-02-02T07:00:00Z,blm_missoula_Missoula District,Missoula,EVI,1541.9489143535714
2002-02-02T07:00:00Z,blm_missoula_Missoula District,Missoula,NDVI,3012.07303821006
2002-02-02T07:00:00Z,blm_butte_Butte District,Butte,EVI,1313.028771949906
2002-02-02T07:00:00Z,blm_butte_Butte District,Butte,NDVI,2202.7406485976016
2002-02-02T07:00:00Z,blm_dillon_Dillon District,Dillon,EVI,1253.5968174694437
2002-02-02T07:00:00Z,blm_dillon_Dillon District,Dillon,NDVI,1893.3001993617704
2002-02-18T07:00:00Z,blm_billings_Billings District,Billings,EVI,1185.5756028812434
2002-02-18T07:00:00Z,blm_billings_Billings District,Billings,NDVI,2012.0383102779772
2002-02-18T07:00:00Z,blm_miles-city_Miles City District,Miles City,EVI,1205.1240947353206
2002-02-18T07:00:00Z,blm_miles-city_Miles City District,Miles City,NDVI,1974.3525781980893
2002-02-18T07:00:00Z,blm_malta_Malta District,Malta,EVI,1081.9607513100004
2002-02-18T07:00:00Z,blm_malta_Malta District,Malta,NDVI,1860.0143516906267
2002-02-18T07:00:00Z,blm_lewistown_Lewistown District,Lewistown,EVI,1161.9102555853503
2002-02-18T07:00:00Z,blm_lewistown_Lewistown District,Lewistown,NDVI,1989.736821987036
2002-02-18T07:00:00Z,blm_missoula_Missoula District,Missoula,EVI,1562.3767520561921
2002-02-18T07:00:00Z,blm_missoula_Missoula District,Missoula,NDVI,2753.147494953569
2002-02-18T07:00:00Z,blm_butte_Butte District,Butte,EVI,1240.9011822837797
2002-02-18T07:00:00Z,blm_butte_Butte District,Butte,NDVI,2187.840644423207
2002-02-18T07:00:00Z,blm_dillon_Dillon District,Dillon,EVI,1298.974069105745
2002-02-18T07:00:00Z,blm_dillon_Dillon District,Dillon,NDVI,1956.587541364494
2002-03-06T07:00:00Z,blm_billings_Billings District,Billings,EVI,1116.7200163555228
2002-03-06T07:00:00Z,blm_billings_Billings District,Billings,NDVI,2057.3156517429657
2002-03-06T07:00:00Z,blm_miles-city_Miles City District,Miles City,EVI,1078.8946212109056
2002-03-06T07:00:00Z,blm_miles-city_Miles City District,Miles City,NDVI,1948.1512260735174
2002-03-06T07:00:00Z,blm_malta_Malta District,Malta,EVI,918.3749559070077
2002-03-06T07:00:00Z,blm_malta_Malta District,Malta,NDVI,1656.4074089549727
2002-03-06T07:00:00Z,blm_lewistown_Lewistown District,Lewistown,EVI,1034.0017556181767
2002-03-06T07:00:00Z,blm_lewistown_Lewistown District,Lewistown,NDVI,1867.7347219633757
2002-03-06T07:00:00Z,blm_missoula_Missoula District,Missoula,EVI,1616.45
2002-03-06T07:00:00Z,blm_missoula_Missoula District,Missoula,NDVI,2804.05
2002-03-06T07:00:00Z,blm_butte_Butte District,Butte,EVI,1207.1965516451407
2002-03-06T07:00:00Z,blm_butte_Butte District,Butte,NDVI,1989.6140972299327
2002-03-06T07:00:00Z,blm_dillon_Dillon District,Dillon,EVI,1395.040404939785
2002-03-06T07:00:00Z,blm_dillon_Dillon District,Dillon,NDVI,1958.9149887355672
2002-03-22T07:00:00Z,blm_billings_Billings District,Billings,EVI,1098.7055327942521
2002-03-22T07:00:00Z,blm_billings_Billings District,Billings,NDVI,2026.8556262545005
2002-03-22T07:00:00Z,blm_miles-city_Miles City District,Miles City,EVI,1058.5686115252345
2002-03-22T07:00:00Z,blm_miles-city_Miles City District,Miles City,NDVI,1827.2348805799982
2002-03-22T07:00:00Z,blm_malta_Malta District,Malta,EVI,983.0405525863738
2002-03-22T07:00:00Z,blm_malta_Malta District,Malta,NDVI,1723.748058727137
2002-03-22T07:00:00Z,blm_lewistown_Lewistown District,Lewistown,EVI,999.468369751404
2002-03-22T07:00:00Z,blm_lewistown_Lewistown District,Lewistown,NDVI,1916.3297905857644
2002-03-22T07:00:00Z,blm_missoula_Missoula District,Missoula,EVI,1741.7118808511852
2002-03-22T07:00:00Z,blm_missoula_Missoula District,Missoula,NDVI,3432.472435265453
2002-03-22T07:00:00Z,blm_butte_Butte District,Butte,EVI,1196.1105629555561
2002-03-22T07:00:00Z,blm_butte_Butte District,Butte,NDVI,2147.9648012689113
2002-03-22T07:00:00Z,blm_dillon_Dillon District,Dillon,EVI,1196.2257562272443
2002-03-22T07:00:00Z,blm_dillon_Dillon District,Dillon,NDVI,1928.307221283296
2002-04-07T07:00:00Z,blm_billings_Billings District,Billings,EVI,1334.8372026930494
2002-04-07T07:00:00Z,blm_billings_Billings District,Billings,NDVI,2264.654486437314
2002-04-07T07:00:00Z,blm_miles-city_Miles City District,Miles City,EVI,1263.5437637437994
2002-04-07T07:00:00Z,blm_miles-city_Miles City District,Miles City,NDVI,2111.8558755493905
2002-04-07T07:00:00Z,blm_malta_Malta District,Malta,EVI,1134.1768920389488
2002-04-07T07:00:00Z,blm_malta_Malta District,Malta,NDVI,1875.504678025358
2002-04-07T07:00:00Z,blm_lewistown_Lewistown District,Lewistown,EVI,1305.5355520728149
2002-04-07T07:00:00Z,blm_lewistown_Lewistown District,Lewistown,NDVI,2242.0769214583074
2002-04-07T07:00:00Z,blm_missoula_Missoula District,Missoula,EVI,2288.6821242419082
2002-04-07T07:00:00Z,blm_missoula_Missoula District,Missoula,NDVI,4568.087233300309
2002-04-07T07:00:00Z,blm_butte_Butte District,Butte,EVI,1565.820343795312
2002-04-07T07:00:00Z,blm_butte_Butte District,Butte,NDVI,2776.8922787598885
2002-04-07T07:00:00Z,blm_dillon_Dillon District,Dillon,EVI,1343.702734200802
2002-04-07T07:00:00Z,blm_dillon_Dillon District,Dillon,NDVI,2238.140613023373
2002-04-23T06:00:00Z,blm_billings_Billings District,Billings,EVI,1555.8129064895288
2002-04-23T06:00:00Z,blm_billings_Billings District,Billings,NDVI,2698.787269460075
2002-04-23T06:00:00Z,blm_miles-city_Miles City District,Miles City,EVI,1407.1941328150785
2002-04-23T06:00:00Z,blm_miles-city_Miles City District,Miles City,NDVI,2410.671243269059
2002-04-23T06:00:00Z,blm_malta_Malta District,Malta,EVI,1175.2158886557534
2002-04-23T06:00:00Z,blm_malta_Malta District,Malta,NDVI,1922.71303511568
2002-04-23T06:00:00Z,blm_lewistown_Lewistown District,Lewistown,EVI,1468.5005633669864
2002-04-23T06:00:00Z,blm_lewistown_Lewistown District,Lewistown,NDVI,2557.1880562718748
2002-04-23T06:00:00Z,blm_missoula_Missoula District,Missoula,EVI,2306.7823471126017
2002-04-23T06:00:00Z,blm_missoula_Missoula District,Missoula,NDVI,5024.36803077333
2002-04-23T06:00:00Z,blm_butte_Butte District,Butte,EVI,1852.7302366665804
2002-04-23T06:00:00Z,blm_butte_Butte District,Butte,NDVI,3346.0668243322793
2002-04-23T06:00:00Z,blm_dillon_Dillon District,Dillon,EVI,1626.9831892281127
2002-04-23T06:00:00Z,blm_dillon_Dillon District,Dillon,NDVI,2716.091718103924
2002-05-09T06:00:00Z,blm_billings_Billings District,Billings,EVI,1916.7348178770783
2002-05-09T06:00:00Z,blm_billings_Billings District,Billings,NDVI,3104.8139987703958
2002-05-09T06:00:00Z,blm_miles-city_Miles City District,Miles City,EVI,1700.6819957967732
2002-05-09T06:00:00Z,blm_miles-city_Miles City District,Miles City,NDVI,2773.9699716152113
2002-05-09T06:00:00Z,blm_malta_Malta District,Malta,EVI,1398.7799543371787
2002-05-09T06:00:00Z,blm_malta_Malta District,Malta,NDVI,2277.2732107601532
2002-05-09T06:00:00Z,blm_lewistown_Lewistown District,Lewistown,EVI,1828.8082858225757
2002-05-09T06:00:00Z,blm_lewistown_Lewistown District,Lewistown,NDVI,3189.2084102072295
2002-05-09T06:00:00Z,blm_missoula_Missoula District,Missoula,EVI,2377.185825636649
2002-05-09T06:00:00Z,blm_missoula_Missoula District,Missoula,NDVI,5340.972954516714
2002-05-09T06:00:00Z,blm_butte_Butte District,Butte,EVI,2137.700144825302
2002-05-09T06:00:00Z,blm_butte_Butte District,Butte,NDVI,4028.4748131456086
2002-05-09T06:00:00Z,blm_dillon_Dillon District,Dillon,EVI,1928.2536984239134
2002-05-09T06:00:00Z,blm_dillon_Dillon District,Dillon,NDVI,3418.785504866238
2002-05-25T06:00:00Z,blm_billings_Billings District,Billings,EVI,2657.026185687999
2002-05-25T06:00:00Z,blm_billings_Billings District,Billings,NDVI,4197.259566957558
2002-05-25T06:00:00Z,blm_miles-city_Miles City District,Miles City,EVI,2077.2086979841456
2002-05-25T06:00:00Z,blm_miles-city_Miles City District,Miles City,NDVI,3317.1670873499843
2002-05-25T06:00:00Z,blm_malta_Malta District,Malta,EVI,1986.4404209191948
2002-05-25T06:00:00Z,blm_malta_Malta District,Malta,NDVI,3089.7448733362667
2002-05-25T06:00:00Z,blm_lewistown_Lewistown District,Lewistown,EVI,2850.2305643149175
2002-05-25T06:00:00Z,blm_lewistown_Lewistown District,Lewistown,NDVI,4545.5742061963
2002-05-25T06:00:00Z,blm_missoula_Missoula District,Missoula,EVI,2934.451872952527
2002-05-25T06:00:00Z,blm_missoula_Missoula District,Missoula,NDVI,6231.922265489358
2002-05-25T06:00:00Z,blm_butte_Butte District,Butte,EVI,2829.1726095942577
2002-05-25T06:00:00Z,blm_butte_Butte District,Butte,NDVI,5349.9246968164625
2002-05-25T06:00:00Z,blm_dillon_Dillon District,Dillon,EVI,2499.9517940800542
2002-05-25T06:00:00Z,blm_dillon_Dillon District,Dillon,NDVI,4853.385809821249
2002-06-10T06:00:00Z,blm_billings_Billings District,Billings,EVI,2854.7606490791245
2002-06-10T06:00:00Z,blm_billings_Billings District,Billings,NDVI,4565.876469700998
2002-06-10T06:00:00Z,blm_miles-city_Miles City District,Miles City,EVI,2396.4977090171046
2002-06-10T06:00:00Z,blm_miles-city_Miles City District,Miles City,NDVI,3838.9210817898015
2002-06-10T06:00:00Z,blm_malta_Malta District,Malta,EVI,2574.5773061813543
2002-06-10T06:00:00Z,blm_malta_Malta District,Malta,NDVI,4268.614603613141
2002-06-10T06:00:00Z,blm_lewistown_Lewistown District,Lewistown,EVI,3124.2158654606724
2002-06-10T06:00:00Z,blm_lewistown_Lewistown District,Lewistown,NDVI,5365.525377303931
2002-06-10T06:00:00Z,blm_missoula_Missoula District,Missoula,EVI,3135.216855640216
2002-06-10T06:00:00Z,blm_missoula_Missoula District,Missoula,NDVI,6726.562125469862
2002-06-10T06:00:00Z,blm_butte_Butte District,Butte,EVI,3109.662718416204
2002-06-10T06:00:00Z,blm_butte_Butte District,Butte,NDVI,5808.56506720589
2002-06-10T06:00:00Z,blm_dillon_Dillon District,Dillon,EVI,2948.3422746848496
2002-06-10T06:00:00Z,blm_dillon_Dillon District,Dillon,NDVI,5337.76756249784
2002-06-26T06:00:00Z,blm_billings_Billings District,Billings,EVI,2517.261665592824
2002-06-26T06:00:00Z,blm_billings_Billings District,Billings,NDVI,4155.420542740795
2002-06-26T06:00:00Z,blm_miles-city_Miles City District,Miles City,EVI,2299.342591444758
2002-06-26T06:00:00Z,blm_miles-city_Miles City District,Miles City,NDVI,3755.214825705778
2002-06-26T06:00:00Z,blm_malta_Malta District,Malta,EVI,2735.422118826012
2002-06-26T06:00:00Z,blm_malta_Malta District,Malta,NDVI,4359.051992837768
2002-06-26T06:00:00Z,blm_lewistown_Lewistown District,Lewistown,EVI,3203.1681933883174
2002-06-26T06:00:00Z,blm_lewistown_Lewistown District,Lewistown,NDVI,5301.914023027007
2002-06-26T06:00:00Z,blm_missoula_Missoula District,Missoula,EVI,3578.296150505145
2002-06-26T06:00:00Z,blm_missoula_Missoula District,Missoula,NDVI,6849.5554560883165
2002-06-26T06:00:00Z,blm_butte_Butte District,Butte,EVI,3164.172067076676
2002-06-26T06:00:00Z,blm_butte_Butte District,Butte,NDVI,5774.2219633811765
2002-06-26T06:00:00Z,blm_dillon_Dillon District,Dillon,EVI,2947.049233203352
2002-06-26T06:00:00Z,blm_dillon_Dillon District,Dillon,NDVI,5220.0457491864445
2002-07-12T06:00:00Z,blm_billings_Billings District,Billings,EVI,2119.446806235058
2002-07-12T06:00:00Z,blm_billings_Billings District,Billings,NDVI,3492.659274280455
2002-07-12T06:00:00Z,blm_miles-city_Miles City District,Miles City,EVI,2089.0465548770535
2002-07-12T06:00:00Z,blm_miles-city_Miles City District,Miles City,NDVI,3453.5758163130527
2002-07-12T06:00:00Z,blm_malta_Malta District,Malta,EVI,2648.357353861922
2002-07-12T06:00:00Z,blm_malta_Malta District,Malta,NDVI,4248.880869204521
2002-07-12T06:00:00Z,blm_lewistown_Lewistown District,Lewistown,EVI,2924.557163351335
2002-07-12T06:00:00Z,blm_lewistown_Lewistown District,Lewistown,NDVI,4903.813115583266
2002-07-12T06:00:00Z,blm_missoula_Missoula District,Missoula,EVI,3331.2216385421007
2002-07-12T06:00:00Z,blm_missoula_Missoula District,Missoula,NDVI,6873.978682618443
2002-07-12T06:00:00Z,blm_butte_Butte District,Butte,EVI,3074.833948758937
2002-07-12T06:00:00Z,blm_butte_Butte District,Butte,NDVI,5614.4395012581845
2002-07-12T06:00:00Z,blm_dillon_Dillon District,Dillon,EVI,2864.1220050899433
2002-07-12T06:00:00Z,blm_dillon_Dillon District,Dillon,NDVI,5026.83218969023
2002-07-28T06:00:00Z,blm_billings_Billings District,Billings,EVI,1954.531664267833
2002-07-28T06:00:00Z,blm_billings_Billings District,Billings,NDVI,3309.107318547058
2002-07-28T06:00:00Z,blm_miles-city_Miles City District,Miles City,EVI,1855.6987841160756
2002-07-28T06:00:00Z,blm_miles-city_Miles City District,Miles City,NDVI,3144.73439084207
2002-07-28T06:00:00Z,blm_malta_Malta District,Malta,EVI,2381.674119564179
2002-07-28T06:00:00Z,blm_malta_Malta District,Malta,NDVI,3998.5868604067696
2002-07-28T06:00:00Z,blm_lewistown_Lewistown District,Lewistown,EVI,2575.07934530438
2002-07-28T06:00:00Z,blm_lewistown_Lewistown District,Lewistown,NDVI,4579.666310889866
2002-07-28T06:00:00Z,blm_missoula_Missoula District,Missoula,EVI,3128.539273407641
2002-07-28T06:00:00Z,blm_missoula_Missoula District,Missoula,NDVI,6781.242869166729
2002-07-28T06:00:00Z,blm_butte_Butte District,Butte,EVI,2804.151408927492
2002-07-28T06:00:00Z,blm_butte_Butte District,Butte,NDVI,5435.357805051811
2002-07-28T06:00:00Z,blm_dillon_Dillon District,Dillon,EVI,2670.6970253936706
2002-07-28T06:00:00Z,blm_dillon_Dillon District,Dillon,NDVI,4891.690062062531
2002-08-13T06:00:00Z,blm_billings_Billings District,Billings,EVI,1869.9150282441535
2002-08-13T06:00:00Z,blm_billings_Billings District,Billings,NDVI,3220.181525836048
2002-08-13T06:00:00Z,blm_miles-city_Miles City District,Miles City,EVI,1750.9050191781196
2002-08-13T06:00:00Z,blm_miles-city_Miles City District,Miles City,NDVI,3022.813028865405
2002-08-13T06:00:00Z,blm_malta_Malta District,Malta,EVI,2266.4971192616713
2002-08-13T06:00:00Z,blm_malta_Malta District,Malta,NDVI,3797.1163775274827
2002-08-13T06:00:00Z,blm_lewistown_Lewistown District,Lewistown,EVI,2468.4463237900354
2002-08-13T06:00:00Z,blm_lewistown_Lewistown District,Lewistown,NDVI,4489.855526854623
2002-08-13T06:00:00Z,blm_missoula_Missoula District,Missoula,EVI,3069.614657361196
2002-08-13T06:00:00Z,blm_missoula_Missoula District,Missoula,NDVI,6690.7985214116225
2002-08-13T06:00:00Z,blm_butte_Butte District,Butte,EVI,2588.7955767559342
2002-08-13T06:00:00Z,blm_butte_Butte District,Butte,NDVI,5171.380119223196
2002-08-13T06:00:00Z,blm_dillon_Dillon District,Dillon,EVI,2430.123408825543
2002-08-13T06:00:00Z,blm_dillon_Dillon District,Dillon,NDVI,4541.0500974012075
2002-08-29T06:00:00Z,blm_billings_Billings District,Billings,EVI,1797.1113117483328
2002-08-29T06:00:00Z,blm_billings_Billings District,Billings,NDVI,3203.526855379458
2002-08-29T06:00:00Z,blm_miles-city_Miles City District,Miles City,EVI,1658.6384645028074
2002-08-29T06:00:00Z,blm_miles-city_Miles City District,Miles City,NDVI,3014.13482287622
2002-08-29T06:00:00Z,blm_malta_Malta District,Malta,EVI,2099.450637517035
2002-08-29T06:00:00Z,blm_malta_Malta District,Malta,NDVI,3724.2597656614353
2002-08-29T06:00:00Z,blm_lewistown_Lewistown District,Lewistown,EVI,2355.427953096208
2002-08-29T06:00:00Z,blm_lewistown_Lewistown District,Lewistown,NDVI,4419.599737788217
2002-08-29T06:00:00Z,blm_missoula_Missoula District,Missoula,EVI,2922.3368034412765
2002-08-29T06:00:00Z,blm_missoula_Missoula District,Missoula,NDVI,6486.45686534891
2002-08-29T06:00:00Z,blm_butte_Butte District,Butte,EVI,2430.788983953401
2002-08-29T06:00:00Z,blm_butte_Butte District,Butte,NDVI,5012.6974496899475
2002-08-29T06:00:00Z,blm_dillon_Dillon District,Dillon,EVI,2262.0978398011193
2002-08-29T06:00:00Z,blm_dillon_Dillon District,Dillon,NDVI,4454.9588271045905
2002-09-14T06:00:00Z,blm_billings_Billings District,Billings,EVI,1659.7323124664915
2002-09-14T06:00:00Z,blm_billings_Billings District,Billings,NDVI,3167.702401348511
2002-09-14T06:00:00Z,blm_miles-city_Miles City District,Miles City,EVI,1634.4562990151533
2002-09-14T06:00:00Z,blm_miles-city_Miles City District,Miles City,NDVI,2980.1619266011667
2002-09-14T06:00:00Z,blm_malta_Malta District,Malta,EVI,1914.8539831175974
2002-09-14T06:00:00Z,blm_malta_Malta District,Malta,NDVI,3478.114545108237
2002-09-14T06:00:00Z,blm_lewistown_Lewistown District,Lewistown,EVI,2132.947370202501
2002-09-14T06:00:00Z,blm_lewistown_Lewistown District,Lewistown,NDVI,4206.294652211171
2002-09-14T06:00:00Z,blm_missoula_Missoula District,Missoula,EVI,2639.7689029179933
2002-09-14T06:00:00Z,blm_missoula_Missoula District,Missoula,NDVI,6338.783915075479
2002-09-14T06:00:00Z,blm_butte_Butte District,Butte,EVI,2150.213414032681
2002-09-14T06:00:00Z,blm_butte_Butte District,Butte,NDVI,4776.356517384345
2002-09-14T06:00:00Z,blm_dillon_Dillon District,Dillon,EVI,2027.5543573423543
2002-09-14T06:00:00Z,blm_dillon_Dillon District,Dillon,NDVI,4172.690601174552
2002-09-30T06:00:00Z,blm_billings_Billings District,Billings,EVI,1667.4611214027805
2002-09-30T06:00:00Z,blm_billings_Billings District,Billings,NDVI,3235.647358052668
2002-09-30T06:00:00Z,blm_miles-city_Miles City District,Miles City,EVI,1494.9662699341482
2002-09-30T06:00:00Z,blm_miles-city_Miles City District,Miles City,NDVI,2789.1068173373383
2002-09-30T06:00:00Z,blm_malta_Malta District,Malta,EVI,1709.964052569485
2002-09-30T06:00:00Z,blm_malta_Malta District,Malta,NDVI,3149.6737905566606
2002-09-30T06:00:00Z,blm_lewistown_Lewistown District,Lewistown,EVI,2035.2590493656926
2002-09-30T06:00:00Z,blm_lewistown_Lewistown District,Lewistown,NDVI,4109.993708027541
2002-09-30T06:00:00Z,blm_missoula_Missoula District,Missoula,EVI,2535.5627125123096
2002-09-30T06:00:00Z,blm_missoula_Missoula District,Missoula,NDVI,5980.8097337115905
2002-09-30T06:00:00Z,blm_butte_Butte District,Butte,EVI,2103.980645506047
2002-09-30T06:00:00Z,blm_butte_Butte District,Butte,NDVI,4782.650807306023
2002-09-30T06:00:00Z,blm_dillon_Dillon District,Dillon,EVI,1936.982003485442
2002-09-30T06:00:00Z,blm_dillon_Dillon District,Dillon,NDVI,4206.132288608484
2002-10-16T06:00:00Z,blm_billings_Billings District,Billings,EVI,1487.3461403725553
2002-10-16T06:00:00Z,blm_billings_Billings District,Billings,NDVI,2926.5778840118896
2002-10-16T06:00:00Z,blm_miles-city_Miles City District,Miles City,EVI,1400.2754489167219
2002-10-16T06:00:00Z,blm_miles-city_Miles City District,Miles City,NDVI,2474.772241549046
2002-10-16T06:00:00Z,blm_malta_Malta District,Malta,EVI,1449.7085620462929
2002-10-16T06:00:00Z,blm_malta_Malta District,Malta,NDVI,2623.8091454805176
2002-10-16T06:00:00Z,blm_lewistown_Lewistown District,Lewistown,EVI,1757.9196616739903
2002-10-16T06:00:00Z,blm_lewistown_Lewistown District,Lewistown,NDVI,3573.0563941806886
2002-10-16T06:00:00Z,blm_missoula_Missoula District,Missoula,EVI,2235.629471795404
2002-10-16T06:00:00Z,blm_missoula_Missoula District,Missoula,NDVI,5611.650753379298
2002-10-16T06:00:00Z,blm_butte_Butte District,Butte,EVI,1889.0500243289482
2002-10-16T06:00:00Z,blm_butte_Butte District,Butte,NDVI,4315.300381627399
2002-10-16T06:00:00Z,blm_dillon_Dillon District,Dillon,EVI,1771.9227544619903
2002-10-16T06:00:00Z,blm_dillon_Dillon District,Dillon,NDVI,3768.223063949021
2002-11-01T07:00:00Z,blm_billings_Billings District,Billings,EVI,1369.2480393389883
2002-11-01T07:00:00Z,blm_billings_Billings District,Billings,NDVI,2625.021227943856
2002-11-01T07:00:00Z,blm_miles-city_Miles City District,Miles City,EVI,1201.9059170586272
2002-11-01T07:00:00Z,blm_miles-city_Miles City District,Miles City,NDVI,2322.8561449433655
2002-11-01T07:00:00Z,blm_malta_Malta District,Malta,EVI,1280.2327351888139
2002-11-01T07:00:00Z,blm_malta_Malta District,Malta,NDVI,2418.240610040409
2002-11-01T07:00:00Z,blm_lewistown_Lewistown District,Lewistown,EVI,1459.301808631935
2002-11-01T07:00:00Z,blm_lewistown_Lewistown District,Lewistown,NDVI,2853.0243334987285
2002-11-01T07:00:00Z,blm_missoula_Missoula District,Missoula,EVI,2168.2946856954422
2002-11-01T07:00:00Z,blm_missoula_Missoula District,Missoula,NDVI,5274.53012688383
2002-11-01T07:00:00Z,blm_butte_Butte District,Butte,EVI,1651.167364513852
2002-11-01T07:00:00Z,blm_butte_Butte District,Butte,NDVI,3328.8916984335
2002-11-01T07:00:00Z,blm_dillon_Dillon District,Dillon,EVI,1871.1484580767349
2002-11-01T07:00:00Z,blm_dillon_Dillon District,Dillon,NDVI,3492.945282158917
2002-11-17T07:00:00Z,blm_billings_Billings District,Billings,EVI,1357.0697458832565
2002-11-17T07:00:00Z,blm_billings_Billings District,Billings,NDVI,2593.27724584259
2002-11-17T07:00:00Z,blm_miles-city_Miles City District,Miles City,EVI,1160.7481815920105
2002-11-17T07:00:00Z,blm_miles-city_Miles City District,Miles City,NDVI,2267.074223584702
2002-11-17T07:00:00Z,blm_malta_Malta District,Malta,EVI,1285.7628117788963
2002-11-17T07:00:00Z,blm_malta_Malta District,Malta,NDVI,2379.520220398731
2002-11-17T07:00:00Z,blm_lewistown_Lewistown District,Lewistown,EVI,1527.3098172804066
2002-11-17T07:00:00Z,blm_lewistown_Lewistown District,Lewistown,NDVI,3062.6278159865315
2002-11-17T07:00:00Z,blm_missoula_Missoula District,Missoula,EVI,2225.0063233501137
2002-11-17T07:00:00Z,blm_missoula_Missoula District,Missoula,NDVI,5704.300531963151
2002-11-17T07:00:00Z,blm_butte_Butte District,Butte,EVI,1759.9518369431935
2002-11-17T07:00:00Z,blm_butte_Butte District,Butte,NDVI,3539.8792098902495
2002-11-17T07:00:00Z,blm_dillon_Dillon District,Dillon,EVI,1570.0447956845435
2002-11-17T07:00:00Z,blm_dillon_Dillon District,Dillon,NDVI,2850.9895099154733
2002-12-03T07:00:00Z,blm_billings_Billings District,Billings,EVI,1467.7927157635577
2002-12-03T07:00:00Z,blm_billings_Billings District,Billings,NDVI,2718.042880001894
2002-12-03T07:00:00Z,blm_miles-city_Miles City District,Miles City,EVI,1123.987720563957
2002-12-03T07:00:00Z,blm_miles-city_Miles City District,Miles City,NDVI,2090.428567683341
2002-12-03T07:00:00Z,blm_malta_Malta District,Malta,EVI,1202.3792844620107
2002-12-03T07:00:00Z,blm_malta_Malta District,Malta,NDVI,2154.141914769649
2002-12-03T07:00:00Z,blm_lewistown_Lewistown District,Lewistown,EVI,1499.2333608200825
2002-12-03T07:00:00Z,blm_lewistown_Lewistown District,Lewistown,NDVI,2735.2058425643536
2002-12-03T07:00:00Z,blm_missoula_Missoula District,Missoula,EVI,2091.3629559423566
2002-12-03T07:00:00Z,blm_missoula_Missoula District,Missoula,NDVI,5248.640117067708
2002-12-03T07:00:00Z,blm_butte_Butte District,Butte,EVI,1773.6881782858768
2002-12-03T07:00:00Z,blm_butte_Butte District,Butte,NDVI,3621.1553737104327
2002-12-03T07:00:00Z,blm_dillon_Dillon District,Dillon,EVI,1576.4893001651321
2002-12-03T07:00:00Z,blm_dillon_Dillon District,Dillon,NDVI,3037.210987723819
2002-12-19T07:00:00Z,blm_billings_Billings District,Billings,EVI,1289.4164442913907
2002-12-19T07:00:00Z,blm_billings_Billings District,Billings,NDVI,2479.1992592980378
2002-12-19T07:00:00Z,blm_miles-city_Miles City District,Miles City,EVI,1185.0185922673743
2002-12-19T07:00:00Z,blm_miles-city_Miles City District,Miles City,NDVI,2218.62127485695
2002-12-19T07:00:00Z,blm_malta_Malta District,Malta,EVI,1158.1239906983546
2002-12-19T07:00:00Z,blm_malta_Malta District,Malta,NDVI,2195.1957233539183
2002-12-19T07:00:00Z,blm_lewistown_Lewistown District,Lewistown,EVI,1337.4173477405798
2002-12-19T07:00:00Z,blm_lewistown_Lewistown District,Lewistown,NDVI,2689.978327233882
2002-12-19T07:00:00Z,blm_missoula_Missoula District,Missoula,EVI,2094.1628678300353
2002-12-19T07:00:00Z,blm_missoula_Missoula District,Missoula,NDVI,4613.7908114902975
2002-12-19T07:00:00Z,blm_butte_Butte District,Butte,EVI,1332.7183650466009
2002-12-19T07:00:00Z,blm_butte_Butte District,Butte,NDVI,2566.8673304844774
2002-12-19T07:00:00Z,blm_dillon_Dillon District,Dillon,EVI,1554.4927251940553
2002-12-19T07:00:00Z,blm_dillon_Dillon District,Dillon,NDVI,2487.3385843512456
2003-01-01T07:00:00Z,blm_billings_Billings District,Billings,EVI,1270.9488514165737
2003-01-01T07:00:00Z,blm_billings_Billings District,Billings,NDVI,2496.187045829714
2003-01-01T07:00:00Z,blm_miles-city_Miles City District,Miles City,EVI,1114.0384285590933
2003-01-01T07:00:00Z,blm_miles-city_Miles City District,Miles City,NDVI,2160.908381676958
2003-01-01T07:00:00Z,blm_malta_Malta District,Malta,EVI,1142.5613560918005
2003-01-01T07:00:00Z,blm_malta_Malta District,Malta,NDVI,2121.080828904735
2003-01-01T07:00:00Z,blm_lewistown_Lewistown District,Lewistown,EVI,1348.948930117585
2003-01-01T07:00:00Z,blm_lewistown_Lewistown District,Lewistown,NDVI,2684.395517296325
2003-01-01T07:00:00Z,blm_missoula_Missoula District,Missoula,EVI,1854.5183308076996
2003-01-01T07:00:00Z,blm_missoula_Missoula District,Missoula,NDVI,4530.465066693514
2003-01-01T07:00:00Z,blm_butte_Butte District,Butte,EVI,1597.258382532998
2003-01-01T07:00:00Z,blm_butte_Butte District,Butte,NDVI,3158.178803536135
2003-01-01T07:00:00Z,blm_dillon_Dillon District,Dillon,EVI,1610.256004381935
2003-01-01T07:00:00Z,blm_dillon_Dillon District,Dillon,NDVI,2672.9323087503017
2003-01-17T07:00:00Z,blm_billings_Billings District,Billings,EVI,1093.6240770612023
2003-01-17T07:00:00Z,blm_billings_Billings District,Billings,NDVI,2126.0513047354198
2003-01-17T07:00:00Z,blm_miles-city_Miles City District,Miles City,EVI,607.16
2003-01-17T07:00:00Z,blm_miles-city_Miles City District,Miles City,NDVI,1294.96
2003-01-17T07:00:00Z,blm_malta_Malta District,Malta,EVI,1189.3110927836376
2003-01-17T07:00:00Z,blm_malta_Malta District,Malta,NDVI,1993.093293424843
2003-01-17T07:00:00Z,blm_lewistown_Lewistown District,Lewistown,EVI,1295.9889645335304
2003-01-17T07:00:00Z,blm_lewistown_Lewistown District,Lewistown,NDVI,2349.2430638495875
2003-01-17T07:00:00Z,blm_missoula_Missoula District,Missoula,EVI,1375.2154462242563
2003-01-17T07:00:00Z,blm_missoula_Missoula District,Missoula,NDVI,3656.887871853547
2003-01-17T07:00:00Z,blm_butte_Butte District,Butte,EVI,1226.9269662151607
2003-01-17T07:00:00Z,blm_butte_Butte District,Butte,NDVI,2293.6536074338155
2003-01-17T07:00:00Z,blm_dillon_Dillon District,Dillon,EVI,1518.436
2003-01-17T07:00:00Z,blm_dillon_Dillon District,Dillon,NDVI,2214.172
2003-02-02T07:00:00Z,blm_billings_Billings District,Billings,EVI,1055.166801891692
2003-02-02T07:00:00Z,blm_billings_Billings District,Billings,NDVI,2137.3861952977695
2003-02-02T07:00:00Z,blm_miles-city_Miles City District,Miles City,EVI,997.2087278730492
2003-02-02T07:00:00Z,blm_miles-city_Miles City District,Miles City,NDVI,1959.2755293256337
2003-02-02T07:00:00Z,blm_malta_Malta District,Malta,EVI,1243.4087210207272
2003-02-02T07:00:00Z,blm_malta_Malta District,Malta,NDVI,1939.0578987328965
2003-02-02T07:00:00Z,blm_lewistown_Lewistown District,Lewistown,EVI,1346.7367377455425
2003-02-02T07:00:00Z,blm_lewistown_Lewistown District,Lewistown,NDVI,2084.3054284837053
2003-02-02T07:00:00Z,blm_missoula_Missoula District,Missoula,EVI,1850.8797231040207
2003-02-02T07:00:00Z,blm_missoula_Missoula District,Missoula,NDVI,4414.689250178233
2003-02-02T07:00:00Z,blm_butte_Butte District,Butte,EVI,1460.9507720276786
2003-02-02T07:00:00Z,blm_butte_Butte District,Butte,NDVI,2301.815783127316
2003-02-02T07:00:00Z,blm_dillon_Dillon District,Dillon,EVI,1399.0725367649886
2003-02-02T07:00:00Z,blm_dillon_Dillon District,Dillon,NDVI,2163.4750474696925
2003-02-18T07:00:00Z,blm_billings_Billings District,Billings,EVI,1202.700003177717
2003-02-18T07:00:00Z,blm_billings_Billings District,Billings,NDVI,2260.6162389834735
2003-02-18T07:00:00Z,blm_miles-city_Miles City District,Miles City,EVI,1061.4178234900571
2003-02-18T07:00:00Z,blm_miles-city_Miles City District,Miles City,NDVI,2002.9107486043843
2003-02-18T07:00:00Z,blm_malta_Malta District,Malta,EVI,1281.3062221495438
2003-02-18T07:00:00Z,blm_malta_Malta District,Malta,NDVI,1917.982274421901
2003-02-18T07:00:00Z,blm_lewistown_Lewistown District,Lewistown,EVI,1216.4615333237268
2003-02-18T07:00:00Z,blm_lewistown_Lewistown District,Lewistown,NDVI,2012.4976225712066
2003-02-18T07:00:00Z,blm_missoula_Missoula District,Missoula,EVI,1768.4771666851134
2003-02-18T07:00:00Z,blm_missoula_Missoula District,Missoula,NDVI,4138.422967941658
2003-02-18T07:00:00Z,blm_butte_Butte District,Butte,EVI,1396.5405956752345
2003-02-18T07:00:00Z,blm_butte_Butte District,Butte,NDVI,2318.7097103223173
2003-02-18T07:00:00Z,blm_dillon_Dillon District,Dillon,EVI,1579.8960922024132
2003-02-18T07:00:00Z,blm_dillon_Dillon District,Dillon,NDVI,2234.746083198271
2003-03-06T07:00:00Z,blm_billings_Billings District,Billings,EVI,1167.043515333546
2003-03-06T07:00:00Z,blm_billings_Billings District,Billings,NDVI,2183.4287214377464
2003-03-06T07:00:00Z,blm_miles-city_Miles City District,Miles City,EVI,1022.0151624159797
2003-03-06T07:00:00Z,blm_miles-city_Miles City District,Miles City,NDVI,2057.4402593133973
2003-03-06T07:00:00Z,blm_malta_Malta District,Malta,EVI,1139.5409643162836
2003-03-06T07:00:00Z,blm_malta_Malta District,Malta,NDVI,2081.816939264723
2003-03-06T07:00:00Z,blm_lewistown_Lewistown District,Lewistown,EVI,1229.6938051037569
2003-03-06T07:00:00Z,blm_lewistown_Lewistown District,Lewistown,NDVI,2251.9067342542508
2003-03-06T07:00:00Z,blm_missoula_Missoula District,Missoula,EVI,1825.049614397867
2003-03-06T07:00:00Z,blm_missoula_Missoula District,Missoula,NDVI,4336.348686645167
2003-03-06T07:00:00Z,blm_butte_Butte District,Butte,EVI,1380.255926505037
2003-03-06T07:00:00Z,blm_butte_Butte District,Butte,NDVI,2490.635921130194
2003-03-06T07:00:00Z,blm_dillon_Dillon District,Dillon,EVI,1334.3062973278563
2003-03-06T07:00:00Z,blm_dillon_Dillon District,Dillon,NDVI,2121.188621000242
2003-03-22T07:00:00Z,blm_billings_Billings District,Billings,EVI,1379.2300885774207
2003-03-22T07:00:00Z,blm_billings_Billings District,Billings,NDVI,2454.160711421853
2003-03-22T07:00:00Z,blm_miles-city_Miles City District,Miles City,EVI,1147.1325418476104
2003-03-22T07:00:00Z,blm_miles-city_Miles City District,Miles City,NDVI,2122.074638226394
2003-03-22T07:00:00Z,blm_malta_Malta District,Malta,EVI,1181.0442611231417
2003-03-22T07:00:00Z,blm_malta_Malta District,Malta,NDVI,2091.850820381972
2003-03-22T07:00:00Z,blm_lewistown_Lewistown District,Lewistown,EVI,1296.951203460924
2003-03-22T07:00:00Z,blm_lewistown_Lewistown District,Lewistown,NDVI,2348.7222431212776
2003-03-22T07:00:00Z,blm_missoula_Missoula District,Missoula,EVI,2118.957793955217
2003-03-22T07:00:00Z,blm_missoula_Missoula District,Missoula,NDVI,4128.951803404347
2003-03-22T07:00:00Z,blm_butte_Butte District,Butte,EVI,1288.2586862161572
2003-03-22T07:00:00Z,blm_butte_Butte District,Butte,NDVI,2339.6717500250875
2003-03-22T07:00:00Z,blm_dillon_Dillon District,Dillon,EVI,1290.7117022555665
2003-03-22T07:00:00Z,blm_dillon_Dillon District,Dillon,NDVI,2138.169264415909
2003-04-07T06:00:00Z,blm_billings_Billings District,Billings,EVI,1854.1836233419813
2003-04-07T06:00:00Z,blm_billings_Billings District,Billings,NDVI,3164.552456136605
2003-04-07T06:00:00Z,blm_miles-city_Miles City District,Miles City,EVI,1513.7202476823281
2003-04-07T06:00:00Z,blm_miles-city_Miles City District,Miles City,NDVI,2690.4481759395126
2003-04-07T06:00:00Z,blm_malta_Malta District,Malta,EVI,1513.4651038962993
2003-04-07T06:00:00Z,blm_malta_Malta District,Malta,NDVI,2692.375779475032
2003-04-07T06:00:00Z,blm_lewistown_Lewistown District,Lewistown,EVI,1852.852855765364
2003-04-07T06:00:00Z,blm_lewistown_Lewistown District,Lewistown,NDVI,3332.2254720084397
2003-04-07T06:00:00Z,blm_missoula_Missoula District,Missoula,EVI,2281.1235103455215
2003-04-07T06:00:00Z,blm_missoula_Missoula District,Missoula,NDVI,5011.278462183811
2003-04-07T06:00:00Z,blm_butte_Butte District,Butte,EVI,1853.804414532447
2003-04-07T06:00:00Z,blm_butte_Butte District,Butte,NDVI,3448.2825086776757
2003-04-07T06:00:00Z,blm_dillon_Dillon District,Dillon,EVI,1574.3958726462547
2003-04-07T06:00:00Z,blm_dillon_Dillon District,Dillon,NDVI,2640.220730348888
2003-04-23T06:00:00Z,blm_billings_Billings District,Billings,EVI,2284.2521207986647
2003-04-23T06:00:00Z,blm_billings_Billings District,Billings,NDVI,3779.552478306443
2003-04-23T06:00:00Z,blm_miles-city_Miles City District,Miles City,EVI,1909.497010283869
2003-04-23T06:00:00Z,blm_miles-city_Miles City District,Miles City,NDVI,3317.9956928536953
2003-04-23T06:00:00Z,blm_malta_Malta District,Malta,EVI,1855.414404623448
2003-04-23T06:00:00Z,blm_malta_Malta District,Malta,NDVI,3218.137612196752
2003-04-23T06:00:00Z,blm_lewistown_Lewistown District,Lewistown,EVI,2259.6811317154334
2003-04-23T06:00:00Z,blm_lewistown_Lewistown District,Lewistown,NDVI,3791.450806677962
2003-04-23T06:00:00Z,blm_missoula_Missoula District,Missoula,EVI,2857.4090083715946
2003-04-23T06:00:00Z,blm_missoula_Missoula District,Missoula,NDVI,5516.18589856219
2003-04-23T06:00:00Z,blm_butte_Butte District,Butte,EVI,2239.3857264562134
2003-04-23T06:00:00Z,blm_butte_Butte District,Butte,NDVI,4052.5797187485523
2003-04-23T06:00:00Z,blm_dillon_Dillon District,Dillon,EVI,2039.293740852778
2003-04-23T06:00:00Z,blm_dillon_Dillon District,Dillon,NDVI,3621.020528581696
2003-05-09T06:00:00Z,blm_billings_Billings District,Billings,EVI,2555.9380926342224
2003-05-09T06:00:00Z,blm_billings_Billings District,Billings,NDVI,4294.241930825519
2003-05-09T06:00:00Z,blm_miles-city_Miles City District,Miles City,EVI,2287.069814387898
2003-05-09T06:00:00Z,blm_miles-city_Miles City District,Miles City,NDVI,3950.006460305917
2003-05-09T06:00:00Z,blm_malta_Malta District,Malta,EVI,2225.0117951901166
2003-05-09T06:00:00Z,blm_malta_Malta District,Malta,NDVI,3879.1534694427714
2003-05-09T06:00:00Z,blm_lewistown_Lewistown District,Lewistown,EVI,2756.9753596227442
2003-05-09T06:00:00Z,blm_lewistown_Lewistown District,Lewistown,NDVI,4868.811623961889
2003-05-09T06:00:00Z,blm_missoula_Missoula District,Missoula,EVI,2727.278382656254
2003-05-09T06:00:00Z,blm_missoula_Missoula District,Missoula,NDVI,5954.925979529547
2003-05-09T06:00:00Z,blm_butte_Butte District,Butte,EVI,2472.614419479988
2003-05-09T06:00:00Z,blm_butte_Butte District,Butte,NDVI,4795.418155524769
2003-05-09T06:00:00Z,blm_dillon_Dillon District,Dillon,EVI,2260.5169611566325
2003-05-09T06:00:00Z,blm_dillon_Dillon District,Dillon,NDVI,4092.061459126206
2003-05-25T06:00:00Z,blm_billings_Billings District,Billings,EVI,2947.634255714163
2003-05-25T06:00:00Z,blm_billings_Billings District,Billings,NDVI,4739.903114722853
2003-05-25T06:00:00Z,blm_miles-city_Miles City District,Miles City,EVI,2427.1540521045526
2003-05-25T06:00:00Z,blm_miles-city_Miles City District,Miles City,NDVI,3996.63643196487
2003-05-25T06:00:00Z,blm_malta_Malta District,Malta,EVI,2594.525764771278
2003-05-25T06:00:00Z,blm_malta_Malta District,Malta,NDVI,4104.259628824137
2003-05-25T06:00:00Z,blm_lewistown_Lewistown District,Lewistown,EVI,3268.2185192402935
2003-05-25T06:00:00Z,blm_lewistown_Lewistown District,Lewistown,NDVI,5193.096858901423
2003-05-25T06:00:00Z,blm_missoula_Missoula District,Missoula,EVI,3081.061140304044
2003-05-25T06:00:00Z,blm_missoula_Missoula District,Missoula,NDVI,6483.343035768326
2003-05-25T06:00:00Z,blm_butte_Butte District,Butte,EVI,3067.6764747048815
2003-05-25T06:00:00Z,blm_butte_Butte District,Butte,NDVI,5338.236971071799
2003-05-25T06:00:00Z,blm_dillon_Dillon District,Dillon,EVI,2731.527276838064
2003-05-25T06:00:00Z,blm_dillon_Dillon District,Dillon,NDVI,4819.146030454188
2003-06-10T06:00:00Z,blm_billings_Billings District,Billings,EVI,3154.7812935931693
2003-06-10T06:00:00Z,blm_billings_Billings District,Billings,NDVI,5089.337114337043
2003-06-10T06:00:00Z,blm_miles-city_Miles City District,Miles City,EVI,2934.4904514388895
2003-06-10T06:00:00Z,blm_miles-city_Miles City District,Miles City,NDVI,4693.074616773109
2003-06-10T06:00:00Z,blm_malta_Malta District,Malta,EVI,2858.897242274652
2003-06-10T06:00:00Z,blm_malta_Malta District,Malta,NDVI,4704.030743119945
2003-06-10T06:00:00Z,blm_lewistown_Lewistown District,Lewistown,EVI,3336.224741365009
2003-06-10T06:00:00Z,blm_lewistown_Lewistown District,Lewistown,NDVI,5705.128628339627
2003-06-10T06:00:00Z,blm_missoula_Missoula District,Missoula,EVI,3206.0106477942463
2003-06-10T06:00:00Z,blm_missoula_Missoula District,Missoula,NDVI,6676.613078307222
2003-06-10T06:00:00Z,blm_butte_Butte District,Butte,EVI,3008.0338992996963
2003-06-10T06:00:00Z,blm_butte_Butte District,Butte,NDVI,5806.498759165682
2003-06-10T06:00:00Z,blm_dillon_Dillon District,Dillon,EVI,2807.5055190082135
2003-06-10T06:00:00Z,blm_dillon_Dillon District,Dillon,NDVI,5183.746247733948
2003-06-26T06:00:00Z,blm_billings_Billings District,Billings,EVI,2593.4562130623167
2003-06-26T06:00:00Z,blm_billings_Billings District,Billings,NDVI,4229.3718846635775
2003-06-26T06:00:00Z,blm_miles-city_Miles City District,Miles City,EVI,2537.4058729158187
2003-06-26T06:00:00Z,blm_miles-city_Miles City District,Miles City,NDVI,4196.256996564765
2003-06-26T06:00:00Z,blm_malta_Malta District,Malta,EVI,2577.955557075076
2003-06-26T06:00:00Z,blm_malta_Malta District,Malta,NDVI,4176.701243542072
2003-06-26T06:00:00Z,blm_lewistown_Lewistown District,Lewistown,EVI,3072.383488502755
2003-06-26T06:00:00Z,blm_lewistown_Lewistown District,Lewistown,NDVI,5095.423582436384
2003-06-26T06:00:00Z,blm_missoula_Missoula District,Missoula,EVI,3293.0443351097783
2003-06-26T06:00:00Z,blm_missoula_Missoula District,Missoula,NDVI,6745.523467175825
2003-06-26T06:00:00Z,blm_butte_Butte District,Butte,EVI,2957.9732100954748
2003-06-26T06:00:00Z,blm_butte_Butte District,Butte,NDVI,5577.912907919178
2003-06-26T06:00:00Z,blm_dillon_Dillon District,Dillon,EVI,2788.8230407267256
2003-06-26T06:00:00Z,blm_dillon_Dillon District,Dillon,NDVI,5019.967414099047
2003-07-12T06:00:00Z,blm_billings_Billings District,Billings,EVI,2115.933777748608
2003-07-12T06:00:00Z,blm_billings_Billings District,Billings,NDVI,3464.4125696383558
2003-07-12T06:00:00Z,blm_miles-city_Miles City District,Miles City,EVI,2219.4752160717126
2003-07-12T06:00:00Z,blm_miles-city_Miles City District,Miles City,NDVI,3590.5244940775283
2003-07-12T06:00:00Z,blm_malta_Malta District,Malta,EVI,2097.942809151818
2003-07-12T06:00:00Z,blm_malta_Malta District,Malta,NDVI,3443.970443405218
2003-07-12T06:00:00Z,blm_lewistown_Lewistown District,Lewistown,EVI,2503.8338181897957
2003-07-12T06:00:00Z,blm_lewistown_Lewistown District,Lewistown,NDVI,4289.447924914734
2003-07-12T06:00:00Z,blm_missoula_Missoula District,Missoula,EVI,3241.353082494155
2003-07-12T06:00:00Z,blm_missoula_Missoula District,Missoula,NDVI,6598.376626999423
2003-07-12T06:00:00Z,blm_butte_Butte District,Butte,EVI,2720.555141248386
2003-07-12T06:00:00Z,blm_butte_Butte District,Butte,NDVI,5140.240649245332
2003-07-12T06:00:00Z,blm_dillon_Dillon District,Dillon,EVI,2549.3809938789313
2003-07-12T06:00:00Z,blm_dillon_Dillon District,Dillon,NDVI,4633.456816510818
2003-07-28T06:00:00Z,blm_billings_Billings District,Billings,EVI,1884.835802317694
2003-07-28T06:00:00Z,blm_billings_Billings District,Billings,NDVI,3159.546598511436
2003-07-28T06:00:00Z,blm_miles-city_Miles City District,Miles City,EVI,1881.0212425456973
2003-07-28T06:00:00Z,blm_miles-city_Miles City District,Miles City,NDVI,3080.051231082751
2003-07-28T06:00:00Z,blm_malta_Malta District,Malta,EVI,1817.5829587487488
2003-07-28T06:00:00Z,blm_malta_Malta District,Malta,NDVI,2932.6124364227035
2003-07-28T06:00:00Z,blm_lewistown_Lewistown District,Lewistown,EVI,2200.568097619025
2003-07-28T06:00:00Z,blm_lewistown_Lewistown District,Lewistown,NDVI,3779.7986755277952
2003-07-28T06:00:00Z,blm_missoula_Missoula District,Missoula,EVI,3094.9209991028083
2003-07-28T06:00:00Z,blm_missoula_Missoula District,Missoula,NDVI,6383.285813308323
2003-07-28T06:00:00Z,blm_butte_Butte District,Butte,EVI,2564.0436083025706
2003-07-28T06:00:00Z,blm_butte_Butte District,Butte,NDVI,5057.995055638123
2003-07-28T06:00:00Z,blm_dillon_Dillon District,Dillon,EVI,2356.9749404891663
2003-07-28T06:00:00Z,blm_dillon_Dillon District,Dillon,NDVI,4589.728829465962
2003-08-13T06:00:00Z,blm_billings_Billings District,Billings,EVI,1748.4435204505567
2003-08-13T06:00:00Z,blm_billings_Billings District,Billings,NDVI,2973.0519825998026
2003-08-13T06:00:00Z,blm_miles-city_Miles City District,Miles City,EVI,1688.2119216867072
2003-08-13T06:00:00Z,blm_miles-city_Miles City District,Miles City,NDVI,2706.153065744852
2003-08-13T06:00:00Z,blm_malta_Malta District,Malta,EVI,1614.9949022196156
2003-08-13T06:00:00Z,blm_malta_Malta District,Malta,NDVI,2596.533711099505
2003-08-13T06:00:00Z,blm_lewistown_Lewistown District,Lewistown,EVI,1932.9845789886342
2003-08-13T06:00:00Z,blm_lewistown_Lewistown District,Lewistown,NDVI,3393.155324894534
2003-08-13T06:00:00Z,blm_missoula_Missoula District,Missoula,EVI,2909.0259274769946
2003-08-13T06:00:00Z,blm_missoula_Missoula District,Missoula,NDVI,6225.057243231044
2003-08-13T06:00:00Z,blm_butte_Butte District,Butte,EVI,2331.641904992913
2003-08-13T06:00:00Z,blm_butte_Butte District,Butte,NDVI,4649.781229374595
2003-08-13T06:00:00Z,blm_dillon_Dillon District,Dillon,EVI,2189.5906995919163
2003-08-13T06:00:00Z,blm_dillon_Dillon District,Dillon,NDVI,4255.248445104802
2003-08-29T06:00:00Z,blm_billings_Billings District,Billings,EVI,1645.7748232280937
2003-08-29T06:00:00Z,blm_billings_Billings District,Billings,NDVI,2702.174744745952
2003-08-29T06:00:00Z,blm_miles-city_Miles City District,Miles City,EVI,1564.8296932672379
2003-08-29T06:00:00Z,blm_miles-city_Miles City District,Miles City,NDVI,2541.6718538818013
2003-08-29T06:00:00Z,blm_malta_Malta District,Malta,EVI,1509.3387894023322
2003-08-29T06:00:00Z,blm_malta_Malta District,Malta,NDVI,2435.723628919724
2003-08-29T06:00:00Z,blm_lewistown_Lewistown District,Lewistown,EVI,1799.83309135986
2003-08-29T06:00:00Z,blm_lewistown_Lewistown District,Lewistown,NDVI,3243.974062481502
2003-08-29T06:00:00Z,blm_missoula_Missoula District,Missoula,EVI,2729.8214042210247
2003-08-29T06:00:00Z,blm_missoula_Missoula District,Missoula,NDVI,6063.62988747988
2003-08-29T06:00:00Z,blm_butte_Butte District,Butte,EVI,2162.0066108533424
2003-08-29T06:00:00Z,blm_butte_Butte District,Butte,NDVI,4497.471063589577
2003-08-29T06:00:00Z,blm_dillon_Dillon District,Dillon,EVI,2030.5757149309993
2003-08-29T06:00:00Z,blm_dillon_Dillon District,Dillon,NDVI,4111.902849047742
2003-09-14T06:00:00Z,blm_billings_Billings District,Billings,EVI,1637.8827069423241
2003-09-14T06:00:00Z,blm_billings_Billings District,Billings,NDVI,2771.453954289547
2003-09-14T06:00:00Z,blm_miles-city_Miles City District,Miles City,EVI,1508.0110272804263
2003-09-14T06:00:00Z,blm_miles-city_Miles City District,Miles City,NDVI,2570.825855473404
2003-09-14T06:00:00Z,blm_malta_Malta District,Malta,EVI,1449.4576222005167
2003-09-14T06:00:00Z,blm_malta_Malta District,Malta,NDVI,2468.454165616565
2003-09-14T06:00:00Z,blm_lewistown_Lewistown District,Lewistown,EVI,1697.7016310381143
2003-09-14T06:00:00Z,blm_lewistown_Lewistown District,Lewistown,NDVI,3270.316236866974
2003-09-14T06:00:00Z,blm_missoula_Missoula District,Missoula,EVI,2513.1409721132136
2003-09-14T06:00:00Z,blm_missoula_Missoula District,Missoula,NDVI,5972.391684578944
2003-09-14T06:00:00Z,blm_butte_Butte District,Butte,EVI,2139.335609346377
2003-09-14T06:00:00Z,blm_butte_Butte District,Butte,NDVI,4471.4384313356495
2003-09-14T06:00:00Z,blm_dillon_Dillon District,Dillon,EVI,2017.5459037646756
2003-09-14T06:00:00Z,blm_dillon_Dillon District,Dillon,NDVI,3999.409749421503
2003-09-30T06:00:00Z,blm_billings_Billings District,Billings,EVI,1474.5794713789255
2003-09-30T06:00:00Z,blm_billings_Billings District,Billings,NDVI,2632.7309253085086
2003-09-30T06:00:00Z,blm_miles-city_Miles City District,Miles City,EVI,1377.0480950047167
2003-09-30T06:00:00Z,blm_miles-city_Miles City District,Miles City,NDVI,2345.984615438067
2003-09-30T06:00:00Z,blm_malta_Malta District,Malta,EVI,1318.1625031312863
2003-09-30T06:00:00Z,blm_malta_Malta District,Malta,NDVI,2321.9017689259013
2003-09-30T06:00:00Z,blm_lewistown_Lewistown District,Lewistown,EVI,1666.7427076366628
2003-09-30T06:00:00Z,blm_lewistown_Lewistown District,Lewistown,NDVI,3222.1993502803707
2003-09-30T06:00:00Z,blm_missoula_Missoula District,Missoula,EVI,2392.9789935871404
2003-09-30T06:00:00Z,blm_missoula_Missoula District,Missoula,NDVI,5642.381828159923
2003-09-30T06:00:00Z,blm_butte_Butte District,Butte,EVI,1845.4634797910967
2003-09-30T06:00:00Z,blm_butte_Butte District,Butte,NDVI,4147.442670096411
2003-09-30T06:00:00Z,blm_dillon_Dillon District,Dillon,EVI,1731.830194812342
2003-09-30T06:00:00Z,blm_dillon_Dillon District,Dillon,NDVI,3671.6225173105922
2003-10-16T06:00:00Z,blm_billings_Billings District,Billings,EVI,1430.4738019274812
2003-10-16T06:00:00Z,blm_billings_Billings District,Billings,NDVI,2585.5132945539563
2003-10-16T06:00:00Z,blm_miles-city_Miles City District,Miles City,EVI,1267.8868652244178
2003-10-16T06:00:00Z,blm_miles-city_Miles City District,Miles City,NDVI,2235.0323205700433
2003-10-16T06:00:00Z,blm_malta_Malta District,Malta,EVI,1266.262526225646
2003-10-16T06:00:00Z,blm_malta_Malta District,Malta,NDVI,2227.6641133022313
2003-10-16T06:00:00Z,blm_lewistown_Lewistown District,Lewistown,EVI,1645.6171366519654
2003-10-16T06:00:00Z,blm_lewistown_Lewistown District,Lewistown,NDVI,3244.0062840733717
2003-10-16T06:00:00Z,blm_missoula_Missoula District,Missoula,EVI,2118.711727244913
2003-10-16T06:00:00Z,blm_missoula_Missoula District,Missoula,NDVI,5629.399023887024
2003-10-16T06:00:00Z,blm_butte_Butte District,Butte,EVI,1793.2571404764092
2003-10-16T06:00:00Z,blm_butte_Butte District,Butte,NDVI,4230.206724010552
2003-10-16T06:00:00Z,blm_dillon_Dillon District,Dillon,EVI,1648.679373772261
2003-10-16T06:00:00Z,blm_dillon_Dillon District,Dillon,NDVI,3717.1304324107664
2003-11-01T07:00:00Z,blm_billings_Billings District,Billings,EVI,1207.8553453843708
2003-11-01T07:00:00Z,blm_billings_Billings District,Billings,NDVI,2166.9645327635844
2003-11-01T07:00:00Z,blm_miles-city_Miles City District,Miles City,EVI,1169.5218966540913
2003-11-01T07:00:00Z,blm_miles-city_Miles City District,Miles City,NDVI,2225.2874129720162
2003-11-01T07:00:00Z,blm_malta_Malta District,Malta,EVI,1025.6740218248015
2003-11-01T07:00:00Z,blm_malta_Malta District,Malta,NDVI,1960.97752289329
2003-11-01T07:00:00Z,blm_lewistown_Lewistown District,Lewistown,EVI,1185.1635118594497
2003-11-01T07:00:00Z,blm_lewistown_Lewistown District,Lewistown,NDVI,2143.472139773148
2003-11-01T07:00:00Z,blm_missoula_Missoula District,Missoula,EVI,2293.7149105481485
2003-11-01T07:00:00Z,blm_missoula_Missoula District,Missoula,NDVI,5258.136097021693
2003-11-01T07:00:00Z,blm_butte_Butte District,Butte,EVI,1478.7213671906338
2003-11-01T07:00:00Z,blm_butte_Butte District,Butte,NDVI,2531.278520344498
2003-11-01T07:00:00Z,blm_dillon_Dillon District,Dillon,EVI,1536.4335450921312
2003-11-01T07:00:00Z,blm_dillon_Dillon District,Dillon,NDVI,2427.13138303207
2003-11-17T07:00:00Z,blm_billings_Billings District,Billings,EVI,1281.0177585919125
2003-11-17T07:00:00Z,blm_billings_Billings District,Billings,NDVI,2183.0394985880625
2003-11-17T07:00:00Z,blm_miles-city_Miles City District,Miles City,EVI,1276.5165254348542
2003-11-17T07:00:00Z,blm_miles-city_Miles City District,Miles City,NDVI,2266.562926337627
2003-11-17T07:00:00Z,blm_malta_Malta District,Malta,EVI,1067.9458899962872
2003-11-17T07:00:00Z,blm_malta_Malta District,Malta,NDVI,1933.52720552473
2003-11-17T07:00:00Z,blm_lewistown_Lewistown District,Lewistown,EVI,1330.4359924834648
2003-11-17T07:00:00Z,blm_lewistown_Lewistown District,Lewistown,NDVI,2384.5475027354723
2003-11-17T07:00:00Z,blm_missoula_Missoula District,Missoula,EVI,1545.8109874744935
2003-11-17T07:00:00Z,blm_missoula_Missoula District,Missoula,NDVI,3622.095512311672
2003-11-17T07:00:00Z,blm_butte_Butte District,Butte,EVI,1403.202441220602
2003-11-17T07:00:00Z,blm_butte_Butte District,Butte,NDVI,2614.4811487566303
2003-11-17T07:00:00Z,blm_dillon_Dillon District,Dillon,EVI,1351.504293494912
2003-11-17T07:00:00Z,blm_dillon_Dillon District,Dillon,NDVI,2212.421746191806
2003-12-03T07:00:00Z,blm_billings_Billings District,Billings,EVI,1217.8797107661217
2003-12-03T07:00:00Z,blm_billings_Billings District,Billings,NDVI,2113.6569175623213
2003-12-03T07:00:00Z,blm_miles-city_Miles City District,Miles City,EVI,1076.3330695423904
2003-12-03T07:00:00Z,blm_miles-city_Miles City District,Miles City,NDVI,1860.2726267221715
2003-12-03T07:00:00Z,blm_malta_Malta District,Malta,EVI,1029.4656199568092
2003-12-03T07:00:00Z,blm_malta_Malta District,Malta,NDVI,1875.183833505133
2003-12-03T07:00:00Z,blm_lewistown_Lewistown District,Lewistown,EVI,1219.0314566666543
2003-12-03T07:00:00Z,blm_lewistown_Lewistown District,Lewistown,NDVI,2222.430679240655
2003-12-03T07:00:00Z,blm_missoula_Missoula District,Missoula,EVI,1660.447943003578
2003-12-03T07:00:00Z,blm_missoula_Missoula District,Missoula,NDVI,3587.1134542480704
2003-12-03T07:00:00Z,blm_butte_Butte District,Butte,EVI,1347.6572635670514
2003-12-03T07:00:00Z,blm_butte_Butte District,Butte,NDVI,2666.0772796038236
2003-12-03T07:00:00Z,blm_dillon_Dillon District,Dillon,EVI,1245.0568344204341
2003-12-03T07:00:00Z,blm_dillon_Dillon District,Dillon,NDVI,2122.2518962522395
2003-12-19T07:00:00Z,blm_billings_Billings District,Billings,EVI,1187.477004757589
2003-12-19T07:00:00Z,blm_billings_Billings District,Billings,NDVI,2028.4936225618458
2003-12-19T07:00:00Z,blm_miles-city_Miles City District,Miles City,EVI,1073.6526636683109
2003-12-19T07:00:00Z,blm_miles-city_Miles City District,Miles City,NDVI,1820.0441623717957
2003-12-19T07:00:00Z,blm_malta_Malta District,Malta,EVI,1047.6648337865936
2003-12-19T07:00:00Z,blm_malta_Malta District,Malta,NDVI,1778.2547261466739
2003-12-19T07:00:00Z,blm_lewistown_Lewistown District,Lewistown,EVI,1120.813030512444
2003-12-19T07:00:00Z,blm_lewistown_Lewistown District,Lewistown,NDVI,2103.1499832767113
2003-12-19T07:00:00Z,blm_missoula_Missoula District,Missoula,EVI,NA
2003-12-19T07:00:00Z,blm_missoula_Missoula District,Missoula,NDVI,NA
2003-12-19T07:00:00Z,blm_butte_Butte District,Butte,EVI,1224.6869848671897
2003-12-19T07:00:00Z,blm_butte_Butte District,Butte,NDVI,2013.3119929720094
2003-12-19T07:00:00Z,blm_dillon_Dillon District,Dillon,EVI,NA
2003-12-19T07:00:00Z,blm_dillon_Dillon District,Dillon,NDVI,NA
2004-01-01T07:00:00Z,blm_billings_Billings District,Billings,EVI,919.9085560290091
2004-01-01T07:00:00Z,blm_billings_Billings District,Billings,NDVI,1503.6655755284023
2004-01-01T07:00:00Z,blm_miles-city_Miles City District,Miles City,EVI,NA
2004-01-01T07:00:00Z,blm_miles-city_Miles City District,Miles City,NDVI,NA
2004-01-01T07:00:00Z,blm_malta_Malta District,Malta,EVI,931.9113847826604
2004-01-01T07:00:00Z,blm_malta_Malta District,Malta,NDVI,1594.757806805535
2004-01-01T07:00:00Z,blm_lewistown_Lewistown District,Lewistown,EVI,1070.4756577062578
2004-01-01T07:00:00Z,blm_lewistown_Lewistown District,Lewistown,NDVI,1802.9194606457331
2004-01-01T07:00:00Z,blm_missoula_Missoula District,Missoula,EVI,2599
2004-01-01T07:00:00Z,blm_missoula_Missoula District,Missoula,NDVI,6789
2004-01-01T07:00:00Z,blm_butte_Butte District,Butte,EVI,984.7990706025241
2004-01-01T07:00:00Z,blm_butte_Butte District,Butte,NDVI,2125.9649759729627
2004-01-01T07:00:00Z,blm_dillon_Dillon District,Dillon,EVI,1810.375
2004-01-01T07:00:00Z,blm_dillon_Dillon District,Dillon,NDVI,2402
2004-01-17T07:00:00Z,blm_billings_Billings District,Billings,EVI,1093.767749855135
2004-01-17T07:00:00Z,blm_billings_Billings District,Billings,NDVI,1783.3148769404384
2004-01-17T07:00:00Z,blm_miles-city_Miles City District,Miles City,EVI,1168.2264159724493
2004-01-17T07:00:00Z,blm_miles-city_Miles City District,Miles City,NDVI,1940.2676502071029
2004-01-17T07:00:00Z,blm_malta_Malta District,Malta,EVI,955.0380215235167
2004-01-17T07:00:00Z,blm_malta_Malta District,Malta,NDVI,1634.7599241489936
2004-01-17T07:00:00Z,blm_lewistown_Lewistown District,Lewistown,EVI,1090.6311743735364
2004-01-17T07:00:00Z,blm_lewistown_Lewistown District,Lewistown,NDVI,1815.2320512114793
2004-01-17T07:00:00Z,blm_missoula_Missoula District,Missoula,EVI,NA
2004-01-17T07:00:00Z,blm_missoula_Missoula District,Missoula,NDVI,NA
2004-01-17T07:00:00Z,blm_butte_Butte District,Butte,EVI,1143.3034055727553
2004-01-17T07:00:00Z,blm_butte_Butte District,Butte,NDVI,1819.0240820885103
2004-01-17T07:00:00Z,blm_dillon_Dillon District,Dillon,EVI,1559.6434536191248
2004-01-17T07:00:00Z,blm_dillon_Dillon District,Dillon,NDVI,2134.0539025052003
2004-02-02T07:00:00Z,blm_billings_Billings District,Billings,EVI,1061.25003859133
2004-02-02T07:00:00Z,blm_billings_Billings District,Billings,NDVI,1757.069950037594
2004-02-02T07:00:00Z,blm_miles-city_Miles City District,Miles City,EVI,1023.213900539245
2004-02-02T07:00:00Z,blm_miles-city_Miles City District,Miles City,NDVI,1826.4337926902333
2004-02-02T07:00:00Z,blm_malta_Malta District,Malta,EVI,938.7479804073686
2004-02-02T07:00:00Z,blm_malta_Malta District,Malta,NDVI,1475.4852205922273
2004-02-02T07:00:00Z,blm_lewistown_Lewistown District,Lewistown,EVI,1092.297423165201
2004-02-02T07:00:00Z,blm_lewistown_Lewistown District,Lewistown,NDVI,1770.853147914063
2004-02-02T07:00:00Z,blm_missoula_Missoula District,Missoula,EVI,1551.5207384980204
2004-02-02T07:00:00Z,blm_missoula_Missoula District,Missoula,NDVI,3016.254710889035
2004-02-02T07:00:00Z,blm_butte_Butte District,Butte,EVI,1203.620388253472
2004-02-02T07:00:00Z,blm_butte_Butte District,Butte,NDVI,1890.7407600195966
2004-02-02T07:00:00Z,blm_dillon_Dillon District,Dillon,EVI,1345.5986147947415
2004-02-02T07:00:00Z,blm_dillon_Dillon District,Dillon,NDVI,1920.1564974438807
2004-02-18T07:00:00Z,blm_billings_Billings District,Billings,EVI,1059.5734630358681
2004-02-18T07:00:00Z,blm_billings_Billings District,Billings,NDVI,1858.6368957942184
2004-02-18T07:00:00Z,blm_miles-city_Miles City District,Miles City,EVI,1130.5851966457428
2004-02-18T07:00:00Z,blm_miles-city_Miles City District,Miles City,NDVI,2028.8983083179942
2004-02-18T07:00:00Z,blm_malta_Malta District,Malta,EVI,936.2710609241316
2004-02-18T07:00:00Z,blm_malta_Malta District,Malta,NDVI,1685.4086526832027
2004-02-18T07:00:00Z,blm_lewistown_Lewistown District,Lewistown,EVI,1104.216343788639
2004-02-18T07:00:00Z,blm_lewistown_Lewistown District,Lewistown,NDVI,1882.957220951732
2004-02-18T07:00:00Z,blm_missoula_Missoula District,Missoula,EVI,1524.6056894906494
2004-02-18T07:00:00Z,blm_missoula_Missoula District,Missoula,NDVI,3296.6099564856686
2004-02-18T07:00:00Z,blm_butte_Butte District,Butte,EVI,1130.3158719618727
2004-02-18T07:00:00Z,blm_butte_Butte District,Butte,NDVI,1945.2547582281265
2004-02-18T07:00:00Z,blm_dillon_Dillon District,Dillon,EVI,1256.92742944011
2004-02-18T07:00:00Z,blm_dillon_Dillon District,Dillon,NDVI,1942.8436520001528
2004-03-05T07:00:00Z,blm_billings_Billings District,Billings,EVI,1130.955295827405
2004-03-05T07:00:00Z,blm_billings_Billings District,Billings,NDVI,2039.3318453929637
2004-03-05T07:00:00Z,blm_miles-city_Miles City District,Miles City,EVI,1087.152261106424
2004-03-05T07:00:00Z,blm_miles-city_Miles City District,Miles City,NDVI,1986.13755091347
2004-03-05T07:00:00Z,blm_malta_Malta District,Malta,EVI,997.122750830883
2004-03-05T07:00:00Z,blm_malta_Malta District,Malta,NDVI,1767.2611975052025
2004-03-05T07:00:00Z,blm_lewistown_Lewistown District,Lewistown,EVI,1150.6683466269433
2004-03-05T07:00:00Z,blm_lewistown_Lewistown District,Lewistown,NDVI,2013.0007959803193
2004-03-05T07:00:00Z,blm_missoula_Missoula District,Missoula,EVI,1892.6438653506498
2004-03-05T07:00:00Z,blm_missoula_Missoula District,Missoula,NDVI,3788.5724459737944
2004-03-05T07:00:00Z,blm_butte_Butte District,Butte,EVI,1225.8973585613417
2004-03-05T07:00:00Z,blm_butte_Butte District,Butte,NDVI,2237.9822807417386
2004-03-05T07:00:00Z,blm_dillon_Dillon District,Dillon,EVI,1171.5194390688869
2004-03-05T07:00:00Z,blm_dillon_Dillon District,Dillon,NDVI,1913.9176060381326
2004-03-21T07:00:00Z,blm_billings_Billings District,Billings,EVI,1333.7908158537673
2004-03-21T07:00:00Z,blm_billings_Billings District,Billings,NDVI,2360.277596996406
2004-03-21T07:00:00Z,blm_miles-city_Miles City District,Miles City,EVI,1155.694720690711
2004-03-21T07:00:00Z,blm_miles-city_Miles City District,Miles City,NDVI,2055.7575054903327
2004-03-21T07:00:00Z,blm_malta_Malta District,Malta,EVI,1132.5012841420803
2004-03-21T07:00:00Z,blm_malta_Malta District,Malta,NDVI,2034.2170251194789
2004-03-21T07:00:00Z,blm_lewistown_Lewistown District,Lewistown,EVI,1450.3457814473384
2004-03-21T07:00:00Z,blm_lewistown_Lewistown District,Lewistown,NDVI,2605.3151045063814
2004-03-21T07:00:00Z,blm_missoula_Missoula District,Missoula,EVI,2106.7145378275163
2004-03-21T07:00:00Z,blm_missoula_Missoula District,Missoula,NDVI,4823.0186152106235
2004-03-21T07:00:00Z,blm_butte_Butte District,Butte,EVI,1613.8347303756493
2004-03-21T07:00:00Z,blm_butte_Butte District,Butte,NDVI,3112.8249013627465
2004-03-21T07:00:00Z,blm_dillon_Dillon District,Dillon,EVI,1368.5225005860598
2004-03-21T07:00:00Z,blm_dillon_Dillon District,Dillon,NDVI,2382.872070894029
2004-04-06T06:00:00Z,blm_billings_Billings District,Billings,EVI,1615.816086910433
2004-04-06T06:00:00Z,blm_billings_Billings District,Billings,NDVI,2716.312186374029
2004-04-06T06:00:00Z,blm_miles-city_Miles City District,Miles City,EVI,1370.9797314434884
2004-04-06T06:00:00Z,blm_miles-city_Miles City District,Miles City,NDVI,2336.1142759281233
2004-04-06T06:00:00Z,blm_malta_Malta District,Malta,EVI,1315.4350349733106
2004-04-06T06:00:00Z,blm_malta_Malta District,Malta,NDVI,2203.156586574011
2004-04-06T06:00:00Z,blm_lewistown_Lewistown District,Lewistown,EVI,1708.3997469065932
2004-04-06T06:00:00Z,blm_lewistown_Lewistown District,Lewistown,NDVI,2976.4434372030673
2004-04-06T06:00:00Z,blm_missoula_Missoula District,Missoula,EVI,2428.077845376427
2004-04-06T06:00:00Z,blm_missoula_Missoula District,Missoula,NDVI,5100.976021654782
2004-04-06T06:00:00Z,blm_butte_Butte District,Butte,EVI,1907.3680681638918
2004-04-06T06:00:00Z,blm_butte_Butte District,Butte,NDVI,3597.756980411281
2004-04-06T06:00:00Z,blm_dillon_Dillon District,Dillon,EVI,1633.730333539636
2004-04-06T06:00:00Z,blm_dillon_Dillon District,Dillon,NDVI,2824.0115601611924
2004-04-22T06:00:00Z,blm_billings_Billings District,Billings,EVI,1901.9949248358312
2004-04-22T06:00:00Z,blm_billings_Billings District,Billings,NDVI,3127.490061110418
2004-04-22T06:00:00Z,blm_miles-city_Miles City District,Miles City,EVI,1585.6974307877595
2004-04-22T06:00:00Z,blm_miles-city_Miles City District,Miles City,NDVI,2654.381561384994
2004-04-22T06:00:00Z,blm_malta_Malta District,Malta,EVI,1679.4220225283723
2004-04-22T06:00:00Z,blm_malta_Malta District,Malta,NDVI,2776.560225774463
2004-04-22T06:00:00Z,blm_lewistown_Lewistown District,Lewistown,EVI,2193.2051931290107
2004-04-22T06:00:00Z,blm_lewistown_Lewistown District,Lewistown,NDVI,3770.531473086734
2004-04-22T06:00:00Z,blm_missoula_Missoula District,Missoula,EVI,2612.7318226612974
2004-04-22T06:00:00Z,blm_missoula_Missoula District,Missoula,NDVI,5660.9913720379445
2004-04-22T06:00:00Z,blm_butte_Butte District,Butte,EVI,2223.468696897348
2004-04-22T06:00:00Z,blm_butte_Butte District,Butte,NDVI,4297.7480407826615
2004-04-22T06:00:00Z,blm_dillon_Dillon District,Dillon,EVI,1893.910318515858
2004-04-22T06:00:00Z,blm_dillon_Dillon District,Dillon,NDVI,3529.9257388804144
2004-05-08T06:00:00Z,blm_billings_Billings District,Billings,EVI,2064.455162392191
2004-05-08T06:00:00Z,blm_billings_Billings District,Billings,NDVI,3290.1606919467577
2004-05-08T06:00:00Z,blm_miles-city_Miles City District,Miles City,EVI,1766.485376308715
2004-05-08T06:00:00Z,blm_miles-city_Miles City District,Miles City,NDVI,2872.282260314607
2004-05-08T06:00:00Z,blm_malta_Malta District,Malta,EVI,1975.6545201165704
2004-05-08T06:00:00Z,blm_malta_Malta District,Malta,NDVI,3217.2645924506405
2004-05-08T06:00:00Z,blm_lewistown_Lewistown District,Lewistown,EVI,2514.616154364528
2004-05-08T06:00:00Z,blm_lewistown_Lewistown District,Lewistown,NDVI,4111.072322391014
2004-05-08T06:00:00Z,blm_missoula_Missoula District,Missoula,EVI,3207.5604635635677
2004-05-08T06:00:00Z,blm_missoula_Missoula District,Missoula,NDVI,6075.100091340112
2004-05-08T06:00:00Z,blm_butte_Butte District,Butte,EVI,2662.2617237757017
2004-05-08T06:00:00Z,blm_butte_Butte District,Butte,NDVI,4609.402034402823
2004-05-08T06:00:00Z,blm_dillon_Dillon District,Dillon,EVI,2248.8950499324696
2004-05-08T06:00:00Z,blm_dillon_Dillon District,Dillon,NDVI,3699.519496422959
2004-05-24T06:00:00Z,blm_billings_Billings District,Billings,EVI,2218.403748935824
2004-05-24T06:00:00Z,blm_billings_Billings District,Billings,NDVI,3553.0216826889096
2004-05-24T06:00:00Z,blm_miles-city_Miles City District,Miles City,EVI,1935.8940040195164
2004-05-24T06:00:00Z,blm_miles-city_Miles City District,Miles City,NDVI,3180.9382830417285
2004-05-24T06:00:00Z,blm_malta_Malta District,Malta,EVI,2377.6715709809864
2004-05-24T06:00:00Z,blm_malta_Malta District,Malta,NDVI,3918.4333027765733
2004-05-24T06:00:00Z,blm_lewistown_Lewistown District,Lewistown,EVI,2879.61232220109
2004-05-24T06:00:00Z,blm_lewistown_Lewistown District,Lewistown,NDVI,4859.402812609467
2004-05-24T06:00:00Z,blm_missoula_Missoula District,Missoula,EVI,3064.0875748696667
2004-05-24T06:00:00Z,blm_missoula_Missoula District,Missoula,NDVI,6318.5435074768975
2004-05-24T06:00:00Z,blm_butte_Butte District,Butte,EVI,2840.5164895235935
2004-05-24T06:00:00Z,blm_butte_Butte District,Butte,NDVI,5096.011691243476
2004-05-24T06:00:00Z,blm_dillon_Dillon District,Dillon,EVI,2591.906038120127
2004-05-24T06:00:00Z,blm_dillon_Dillon District,Dillon,NDVI,4596.042561031189
2004-06-09T06:00:00Z,blm_billings_Billings District,Billings,EVI,2462.0921273395456
2004-06-09T06:00:00Z,blm_billings_Billings District,Billings,NDVI,3995.693083391692
2004-06-09T06:00:00Z,blm_miles-city_Miles City District,Miles City,EVI,2307.5463038534535
2004-06-09T06:00:00Z,blm_miles-city_Miles City District,Miles City,NDVI,3751.7902645087443
2004-06-09T06:00:00Z,blm_malta_Malta District,Malta,EVI,2908.770708548216
2004-06-09T06:00:00Z,blm_malta_Malta District,Malta,NDVI,4664.272701851132
2004-06-09T06:00:00Z,blm_lewistown_Lewistown District,Lewistown,EVI,3440.6882338819255
2004-06-09T06:00:00Z,blm_lewistown_Lewistown District,Lewistown,NDVI,5485.57976136896
2004-06-09T06:00:00Z,blm_missoula_Missoula District,Missoula,EVI,3145.900005414797
2004-06-09T06:00:00Z,blm_missoula_Missoula District,Missoula,NDVI,6513.637180174356
2004-06-09T06:00:00Z,blm_butte_Butte District,Butte,EVI,3010.242790706325
2004-06-09T06:00:00Z,blm_butte_Butte District,Butte,NDVI,5554.327582964121
2004-06-09T06:00:00Z,blm_dillon_Dillon District,Dillon,EVI,2784.876059119257
2004-06-09T06:00:00Z,blm_dillon_Dillon District,Dillon,NDVI,5122.025892229801
2004-06-25T06:00:00Z,blm_billings_Billings District,Billings,EVI,2403.4583991406403
2004-06-25T06:00:00Z,blm_billings_Billings District,Billings,NDVI,4042.5178469640705
2004-06-25T06:00:00Z,blm_miles-city_Miles City District,Miles City,EVI,2288.1779051761296
2004-06-25T06:00:00Z,blm_miles-city_Miles City District,Miles City,NDVI,3730.6085600917263
2004-06-25T06:00:00Z,blm_malta_Malta District,Malta,EVI,2951.2554794718885
2004-06-25T06:00:00Z,blm_malta_Malta District,Malta,NDVI,4672.570502026186
2004-06-25T06:00:00Z,blm_lewistown_Lewistown District,Lewistown,EVI,3322.767329437151
2004-06-25T06:00:00Z,blm_lewistown_Lewistown District,Lewistown,NDVI,5448.793835317015
2004-06-25T06:00:00Z,blm_missoula_Missoula District,Missoula,EVI,3314.1286538871727
2004-06-25T06:00:00Z,blm_missoula_Missoula District,Missoula,NDVI,6678.156321259952
2004-06-25T06:00:00Z,blm_butte_Butte District,Butte,EVI,3043.9344784883533
2004-06-25T06:00:00Z,blm_butte_Butte District,Butte,NDVI,5597.773961481938
2004-06-25T06:00:00Z,blm_dillon_Dillon District,Dillon,EVI,2912.695207517722
2004-06-25T06:00:00Z,blm_dillon_Dillon District,Dillon,NDVI,5166.1802380600175
2004-07-11T06:00:00Z,blm_billings_Billings District,Billings,EVI,2276.0601527627787
2004-07-11T06:00:00Z,blm_billings_Billings District,Billings,NDVI,3786.237269259452
2004-07-11T06:00:00Z,blm_miles-city_Miles City District,Miles City,EVI,2220.942733899946
2004-07-11T06:00:00Z,blm_miles-city_Miles City District,Miles City,NDVI,3714.0857748134376
2004-07-11T06:00:00Z,blm_malta_Malta District,Malta,EVI,2544.2144722780627
2004-07-11T06:00:00Z,blm_malta_Malta District,Malta,NDVI,4226.779730612605
2004-07-11T06:00:00Z,blm_lewistown_Lewistown District,Lewistown,EVI,2843.4420851818463
2004-07-11T06:00:00Z,blm_lewistown_Lewistown District,Lewistown,NDVI,4913.251360248278
2004-07-11T06:00:00Z,blm_missoula_Missoula District,Missoula,EVI,3366.1429129788826
2004-07-11T06:00:00Z,blm_missoula_Missoula District,Missoula,NDVI,6594.284771864806
2004-07-11T06:00:00Z,blm_butte_Butte District,Butte,EVI,2876.248329641936
2004-07-11T06:00:00Z,blm_butte_Butte District,Butte,NDVI,5447.767471124062
2004-07-11T06:00:00Z,blm_dillon_Dillon District,Dillon,EVI,2783.732164299758
2004-07-11T06:00:00Z,blm_dillon_Dillon District,Dillon,NDVI,5070.976191392995
2004-07-27T06:00:00Z,blm_billings_Billings District,Billings,EVI,2034.3407710379752
2004-07-27T06:00:00Z,blm_billings_Billings District,Billings,NDVI,3489.871781997519
2004-07-27T06:00:00Z,blm_miles-city_Miles City District,Miles City,EVI,2012.723190456682
2004-07-27T06:00:00Z,blm_miles-city_Miles City District,Miles City,NDVI,3433.210177094472
2004-07-27T06:00:00Z,blm_malta_Malta District,Malta,EVI,2206.666785745918
2004-07-27T06:00:00Z,blm_malta_Malta District,Malta,NDVI,3701.376403163362
2004-07-27T06:00:00Z,blm_lewistown_Lewistown District,Lewistown,EVI,2467.8714452482
2004-07-27T06:00:00Z,blm_lewistown_Lewistown District,Lewistown,NDVI,4333.21639990186
2004-07-27T06:00:00Z,blm_missoula_Missoula District,Missoula,EVI,3185.4419970661884
2004-07-27T06:00:00Z,blm_missoula_Missoula District,Missoula,NDVI,6560.9147199742965
2004-07-27T06:00:00Z,blm_butte_Butte District,Butte,EVI,2655.075451217667
2004-07-27T06:00:00Z,blm_butte_Butte District,Butte,NDVI,5233.642079372006
2004-07-27T06:00:00Z,blm_dillon_Dillon District,Dillon,EVI,2549.536668376881
2004-07-27T06:00:00Z,blm_dillon_Dillon District,Dillon,NDVI,4967.323522679364
2004-08-12T06:00:00Z,blm_billings_Billings District,Billings,EVI,1944.9759820474228
2004-08-12T06:00:00Z,blm_billings_Billings District,Billings,NDVI,3208.8461401503046
2004-08-12T06:00:00Z,blm_miles-city_Miles City District,Miles City,EVI,1868.3888800196505
2004-08-12T06:00:00Z,blm_miles-city_Miles City District,Miles City,NDVI,3166.362080395921
2004-08-12T06:00:00Z,blm_malta_Malta District,Malta,EVI,1988.6860198301
2004-08-12T06:00:00Z,blm_malta_Malta District,Malta,NDVI,3355.373500899026
2004-08-12T06:00:00Z,blm_lewistown_Lewistown District,Lewistown,EVI,2345.3484144784634
2004-08-12T06:00:00Z,blm_lewistown_Lewistown District,Lewistown,NDVI,4008.9414495283045
2004-08-12T06:00:00Z,blm_missoula_Missoula District,Missoula,EVI,2889.133328488612
2004-08-12T06:00:00Z,blm_missoula_Missoula District,Missoula,NDVI,6440.9893899174485
2004-08-12T06:00:00Z,blm_butte_Butte District,Butte,EVI,2608.7958685913586
2004-08-12T06:00:00Z,blm_butte_Butte District,Butte,NDVI,4960.793442401593
2004-08-12T06:00:00Z,blm_dillon_Dillon District,Dillon,EVI,2483.8132624964815
2004-08-12T06:00:00Z,blm_dillon_Dillon District,Dillon,NDVI,4637.626984160789
2004-08-28T06:00:00Z,blm_billings_Billings District,Billings,EVI,1809.8418656921879
2004-08-28T06:00:00Z,blm_billings_Billings District,Billings,NDVI,3113.6160246729146
2004-08-28T06:00:00Z,blm_miles-city_Miles City District,Miles City,EVI,1677.0472195154946
2004-08-28T06:00:00Z,blm_miles-city_Miles City District,Miles City,NDVI,2946.3657059904685
2004-08-28T06:00:00Z,blm_malta_Malta District,Malta,EVI,1884.600790156568
2004-08-28T06:00:00Z,blm_malta_Malta District,Malta,NDVI,3304.045064270238
2004-08-28T06:00:00Z,blm_lewistown_Lewistown District,Lewistown,EVI,2173.492318480778
2004-08-28T06:00:00Z,blm_lewistown_Lewistown District,Lewistown,NDVI,4035.0615008747536
2004-08-28T06:00:00Z,blm_missoula_Missoula District,Missoula,EVI,2730.4873268615556
2004-08-28T06:00:00Z,blm_missoula_Missoula District,Missoula,NDVI,6437.529329607015
2004-08-28T06:00:00Z,blm_butte_Butte District,Butte,EVI,2322.8927293256684
2004-08-28T06:00:00Z,blm_butte_Butte District,Butte,NDVI,5053.378463859446
2004-08-28T06:00:00Z,blm_dillon_Dillon District,Dillon,EVI,2164.7358832211653
2004-08-28T06:00:00Z,blm_dillon_Dillon District,Dillon,NDVI,4568.622702668225
2004-09-13T06:00:00Z,blm_billings_Billings District,Billings,EVI,1634.2094144437763
2004-09-13T06:00:00Z,blm_billings_Billings District,Billings,NDVI,3084.3019152885286
2004-09-13T06:00:00Z,blm_miles-city_Miles City District,Miles City,EVI,1574.6410616148453
2004-09-13T06:00:00Z,blm_miles-city_Miles City District,Miles City,NDVI,2867.3164545905465
2004-09-13T06:00:00Z,blm_malta_Malta District,Malta,EVI,1700.2870369506263
2004-09-13T06:00:00Z,blm_malta_Malta District,Malta,NDVI,3143.99892318646
2004-09-13T06:00:00Z,blm_lewistown_Lewistown District,Lewistown,EVI,1936.3563059618336
2004-09-13T06:00:00Z,blm_lewistown_Lewistown District,Lewistown,NDVI,3802.143800818568
2004-09-13T06:00:00Z,blm_missoula_Missoula District,Missoula,EVI,2545.116428503288
2004-09-13T06:00:00Z,blm_missoula_Missoula District,Missoula,NDVI,6142.01787989553
2004-09-13T06:00:00Z,blm_butte_Butte District,Butte,EVI,2096.7375314474416
2004-09-13T06:00:00Z,blm_butte_Butte District,Butte,NDVI,4703.294173577429
2004-09-13T06:00:00Z,blm_dillon_Dillon District,Dillon,EVI,1913.2312738414519
2004-09-13T06:00:00Z,blm_dillon_Dillon District,Dillon,NDVI,4131.659620178174
2004-09-29T06:00:00Z,blm_billings_Billings District,Billings,EVI,1630.1248386485363
2004-09-29T06:00:00Z,blm_billings_Billings District,Billings,NDVI,2964.8513730640902
2004-09-29T06:00:00Z,blm_miles-city_Miles City District,Miles City,EVI,1425.3204175302562
2004-09-29T06:00:00Z,blm_miles-city_Miles City District,Miles City,NDVI,2607.3047388159002
2004-09-29T06:00:00Z,blm_malta_Malta District,Malta,EVI,1474.53842588948
2004-09-29T06:00:00Z,blm_malta_Malta District,Malta,NDVI,2785.785491189374
2004-09-29T06:00:00Z,blm_lewistown_Lewistown District,Lewistown,EVI,1824.1169166954187
2004-09-29T06:00:00Z,blm_lewistown_Lewistown District,Lewistown,NDVI,3716.106392006589
2004-09-29T06:00:00Z,blm_missoula_Missoula District,Missoula,EVI,2404.572618977131
2004-09-29T06:00:00Z,blm_missoula_Missoula District,Missoula,NDVI,6166.308471048608
2004-09-29T06:00:00Z,blm_butte_Butte District,Butte,EVI,2034.3940574140097
2004-09-29T06:00:00Z,blm_butte_Butte District,Butte,NDVI,4714.840323534602
2004-09-29T06:00:00Z,blm_dillon_Dillon District,Dillon,EVI,1887.1442134316658
2004-09-29T06:00:00Z,blm_dillon_Dillon District,Dillon,NDVI,4165.577093986183
2004-10-15T06:00:00Z,blm_billings_Billings District,Billings,EVI,1471.3466490585133
2004-10-15T06:00:00Z,blm_billings_Billings District,Billings,NDVI,3029.687448312482
2004-10-15T06:00:00Z,blm_miles-city_Miles City District,Miles City,EVI,1247.4092852717881
2004-10-15T06:00:00Z,blm_miles-city_Miles City District,Miles City,NDVI,2598.535677113808
2004-10-15T06:00:00Z,blm_malta_Malta District,Malta,EVI,1298.0575216059983
2004-10-15T06:00:00Z,blm_malta_Malta District,Malta,NDVI,2516.3900179381712
2004-10-15T06:00:00Z,blm_lewistown_Lewistown District,Lewistown,EVI,1669.927850110542
2004-10-15T06:00:00Z,blm_lewistown_Lewistown District,Lewistown,NDVI,3354.0215400390266
2004-10-15T06:00:00Z,blm_missoula_Missoula District,Missoula,EVI,2245.6891202385905
2004-10-15T06:00:00Z,blm_missoula_Missoula District,Missoula,NDVI,5541.191251244017
2004-10-15T06:00:00Z,blm_butte_Butte District,Butte,EVI,2005.6272744579567
2004-10-15T06:00:00Z,blm_butte_Butte District,Butte,NDVI,4438.485823829917
2004-10-15T06:00:00Z,blm_dillon_Dillon District,Dillon,EVI,1862.2470214467942
2004-10-15T06:00:00Z,blm_dillon_Dillon District,Dillon,NDVI,3536.4923977846706
2004-10-31T06:00:00Z,blm_billings_Billings District,Billings,EVI,1421.8117313310977
2004-10-31T06:00:00Z,blm_billings_Billings District,Billings,NDVI,2912.3089788576617
2004-10-31T06:00:00Z,blm_miles-city_Miles City District,Miles City,EVI,1192.2204163854947
2004-10-31T06:00:00Z,blm_miles-city_Miles City District,Miles City,NDVI,2500.3950390936893
2004-10-31T06:00:00Z,blm_malta_Malta District,Malta,EVI,1253.79896017423
2004-10-31T06:00:00Z,blm_malta_Malta District,Malta,NDVI,2447.8831089904256
2004-10-31T06:00:00Z,blm_lewistown_Lewistown District,Lewistown,EVI,1566.9648274860547
2004-10-31T06:00:00Z,blm_lewistown_Lewistown District,Lewistown,NDVI,3304.1920984896774
2004-10-31T06:00:00Z,blm_missoula_Missoula District,Missoula,EVI,2223.7049198363693
2004-10-31T06:00:00Z,blm_missoula_Missoula District,Missoula,NDVI,5666.10022414982
2004-10-31T06:00:00Z,blm_butte_Butte District,Butte,EVI,1823.0553584485335
2004-10-31T06:00:00Z,blm_butte_Butte District,Butte,NDVI,4305.485896669694
2004-10-31T06:00:00Z,blm_dillon_Dillon District,Dillon,EVI,1721.3185800700226
2004-10-31T06:00:00Z,blm_dillon_Dillon District,Dillon,NDVI,3750.933034762942
2004-11-16T07:00:00Z,blm_billings_Billings District,Billings,EVI,1404.4453368515733
2004-11-16T07:00:00Z,blm_billings_Billings District,Billings,NDVI,2773.5631598492864
2004-11-16T07:00:00Z,blm_miles-city_Miles City District,Miles City,EVI,1155.3052352453203
2004-11-16T07:00:00Z,blm_miles-city_Miles City District,Miles City,NDVI,2324.5570800758296
2004-11-16T07:00:00Z,blm_malta_Malta District,Malta,EVI,1186.5928267234685
2004-11-16T07:00:00Z,blm_malta_Malta District,Malta,NDVI,2227.393424769193
2004-11-16T07:00:00Z,blm_lewistown_Lewistown District,Lewistown,EVI,1506.1647915819838
2004-11-16T07:00:00Z,blm_lewistown_Lewistown District,Lewistown,NDVI,2951.991151388011
2004-11-16T07:00:00Z,blm_missoula_Missoula District,Missoula,EVI,2237.968908653681
2004-11-16T07:00:00Z,blm_missoula_Missoula District,Missoula,NDVI,5547.045150716943
2004-11-16T07:00:00Z,blm_butte_Butte District,Butte,EVI,1866.403480146733
2004-11-16T07:00:00Z,blm_butte_Butte District,Butte,NDVI,3958.902143692264
2004-11-16T07:00:00Z,blm_dillon_Dillon District,Dillon,EVI,1777.845125260641
2004-11-16T07:00:00Z,blm_dillon_Dillon District,Dillon,NDVI,3555.6317145410494
2004-12-02T07:00:00Z,blm_billings_Billings District,Billings,EVI,1319.9247447808125
2004-12-02T07:00:00Z,blm_billings_Billings District,Billings,NDVI,2560.2020745884647
2004-12-02T07:00:00Z,blm_miles-city_Miles City District,Miles City,EVI,1105.4888742563858
2004-12-02T07:00:00Z,blm_miles-city_Miles City District,Miles City,NDVI,2216.495324377677
2004-12-02T07:00:00Z,blm_malta_Malta District,Malta,EVI,1099.3958623022147
2004-12-02T07:00:00Z,blm_malta_Malta District,Malta,NDVI,2158.613809053735
2004-12-02T07:00:00Z,blm_lewistown_Lewistown District,Lewistown,EVI,1390.6687240146898
2004-12-02T07:00:00Z,blm_lewistown_Lewistown District,Lewistown,NDVI,2707.9101221121805
2004-12-02T07:00:00Z,blm_missoula_Missoula District,Missoula,EVI,2358.8245844452363
2004-12-02T07:00:00Z,blm_missoula_Missoula District,Missoula,NDVI,5543.379402067401
2004-12-02T07:00:00Z,blm_butte_Butte District,Butte,EVI,1722.3174416921338
2004-12-02T07:00:00Z,blm_butte_Butte District,Butte,NDVI,3651.022764839991
2004-12-02T07:00:00Z,blm_dillon_Dillon District,Dillon,EVI,1545.965760200209
2004-12-02T07:00:00Z,blm_dillon_Dillon District,Dillon,NDVI,2782.292375420331
2004-12-18T07:00:00Z,blm_billings_Billings District,Billings,EVI,1308.970710202127
2004-12-18T07:00:00Z,blm_billings_Billings District,Billings,NDVI,2420.9392009179373
2004-12-18T07:00:00Z,blm_miles-city_Miles City District,Miles City,EVI,1145.1722087474939
2004-12-18T07:00:00Z,blm_miles-city_Miles City District,Miles City,NDVI,2253.108179012159
2004-12-18T07:00:00Z,blm_malta_Malta District,Malta,EVI,1171.8917156495124
2004-12-18T07:00:00Z,blm_malta_Malta District,Malta,NDVI,2152.533493955465
2004-12-18T07:00:00Z,blm_lewistown_Lewistown District,Lewistown,EVI,1428.3728686988243
2004-12-18T07:00:00Z,blm_lewistown_Lewistown District,Lewistown,NDVI,2661.369365637286
2004-12-18T07:00:00Z,blm_missoula_Missoula District,Missoula,EVI,1988.2269301235985
2004-12-18T07:00:00Z,blm_missoula_Missoula District,Missoula,NDVI,5090.613374924746
2004-12-18T07:00:00Z,blm_butte_Butte District,Butte,EVI,1568.6677122147923
2004-12-18T07:00:00Z,blm_butte_Butte District,Butte,NDVI,3262.3002306780236
2004-12-18T07:00:00Z,blm_dillon_Dillon District,Dillon,EVI,1263.7762813425938
2004-12-18T07:00:00Z,blm_dillon_Dillon District,Dillon,NDVI,2408.578373134895
2005-01-01T07:00:00Z,blm_billings_Billings District,Billings,EVI,1577.5
2005-01-01T07:00:00Z,blm_billings_Billings District,Billings,NDVI,2483
2005-01-01T07:00:00Z,blm_miles-city_Miles City District,Miles City,EVI,997.1128796652083
2005-01-01T07:00:00Z,blm_miles-city_Miles City District,Miles City,NDVI,1781.9860109490944
2005-01-01T07:00:00Z,blm_malta_Malta District,Malta,EVI,NA
2005-01-01T07:00:00Z,blm_malta_Malta District,Malta,NDVI,NA
2005-01-01T07:00:00Z,blm_lewistown_Lewistown District,Lewistown,EVI,NA
2005-01-01T07:00:00Z,blm_lewistown_Lewistown District,Lewistown,NDVI,NA
2005-01-01T07:00:00Z,blm_missoula_Missoula District,Missoula,EVI,2728.8055555555557
2005-01-01T07:00:00Z,blm_missoula_Missoula District,Missoula,NDVI,5535.805555555556
2005-01-01T07:00:00Z,blm_butte_Butte District,Butte,EVI,NA
2005-01-01T07:00:00Z,blm_butte_Butte District,Butte,NDVI,NA
2005-01-01T07:00:00Z,blm_dillon_Dillon District,Dillon,EVI,NA
2005-01-01T07:00:00Z,blm_dillon_Dillon District,Dillon,NDVI,NA
2005-01-17T07:00:00Z,blm_billings_Billings District,Billings,EVI,1259.6083738036311
2005-01-17T07:00:00Z,blm_billings_Billings District,Billings,NDVI,2537.491409013478
2005-01-17T07:00:00Z,blm_miles-city_Miles City District,Miles City,EVI,1106.7603580547527
2005-01-17T07:00:00Z,blm_miles-city_Miles City District,Miles City,NDVI,2232.2807809336505
2005-01-17T07:00:00Z,blm_malta_Malta District,Malta,EVI,1110.527484497173
2005-01-17T07:00:00Z,blm_malta_Malta District,Malta,NDVI,2162.668701763535
2005-01-17T07:00:00Z,blm_lewistown_Lewistown District,Lewistown,EVI,1332.2993918211944
2005-01-17T07:00:00Z,blm_lewistown_Lewistown District,Lewistown,NDVI,2679.7625029960514
2005-01-17T07:00:00Z,blm_missoula_Missoula District,Missoula,EVI,2090.43812432883
2005-01-17T07:00:00Z,blm_missoula_Missoula District,Missoula,NDVI,5468.972865746422
2005-01-17T07:00:00Z,blm_butte_Butte District,Butte,EVI,1521.4219876070583
2005-01-17T07:00:00Z,blm_butte_Butte District,Butte,NDVI,3306.218443282325
2005-01-17T07:00:00Z,blm_dillon_Dillon District,Dillon,EVI,1303.8464474924726
2005-01-17T07:00:00Z,blm_dillon_Dillon District,Dillon,NDVI,2538.6191974116327
2005-02-02T07:00:00Z,blm_billings_Billings District,Billings,EVI,1232.9364822589678
2005-02-02T07:00:00Z,blm_billings_Billings District,Billings,NDVI,2414.864747261389
2005-02-02T07:00:00Z,blm_miles-city_Miles City District,Miles City,EVI,1058.338085659716
2005-02-02T07:00:00Z,blm_miles-city_Miles City District,Miles City,NDVI,2049.6325515470717
2005-02-02T07:00:00Z,blm_malta_Malta District,Malta,EVI,1062.030705620173
2005-02-02T07:00:00Z,blm_malta_Malta District,Malta,NDVI,1996.2129673089448
2005-02-02T07:00:00Z,blm_lewistown_Lewistown District,Lewistown,EVI,1311.5086195420547
2005-02-02T07:00:00Z,blm_lewistown_Lewistown District,Lewistown,NDVI,2552.483905032509
2005-02-02T07:00:00Z,blm_missoula_Missoula District,Missoula,EVI,2132.4998038535923
2005-02-02T07:00:00Z,blm_missoula_Missoula District,Missoula,NDVI,5099.582717237955
2005-02-02T07:00:00Z,blm_butte_Butte District,Butte,EVI,1524.3561735010865
2005-02-02T07:00:00Z,blm_butte_Butte District,Butte,NDVI,3191.4071432827486
2005-02-02T07:00:00Z,blm_dillon_Dillon District,Dillon,EVI,1331.7010117987313
2005-02-02T07:00:00Z,blm_dillon_Dillon District,Dillon,NDVI,2492.310598470914
2005-02-18T07:00:00Z,blm_billings_Billings District,Billings,EVI,1280.1462075518418
2005-02-18T07:00:00Z,blm_billings_Billings District,Billings,NDVI,2346.7957330099307
2005-02-18T07:00:00Z,blm_miles-city_Miles City District,Miles City,EVI,1071.4045071168373
2005-02-18T07:00:00Z,blm_miles-city_Miles City District,Miles City,NDVI,1969.2816707814745
2005-02-18T07:00:00Z,blm_malta_Malta District,Malta,EVI,1033.3857861321778
2005-02-18T07:00:00Z,blm_malta_Malta District,Malta,NDVI,1918.914216924021
2005-02-18T07:00:00Z,blm_lewistown_Lewistown District,Lewistown,EVI,1304.1290650002184
2005-02-18T07:00:00Z,blm_lewistown_Lewistown District,Lewistown,NDVI,2503.3919875326264
2005-02-18T07:00:00Z,blm_missoula_Missoula District,Missoula,EVI,2075.253033948757
2005-02-18T07:00:00Z,blm_missoula_Missoula District,Missoula,NDVI,5053.51073518238
2005-02-18T07:00:00Z,blm_butte_Butte District,Butte,EVI,1479.7675272610002
2005-02-18T07:00:00Z,blm_butte_Butte District,Butte,NDVI,3075.730027310806
2005-02-18T07:00:00Z,blm_dillon_Dillon District,Dillon,EVI,1264.6159757607018
2005-02-18T07:00:00Z,blm_dillon_Dillon District,Dillon,NDVI,2357.5118407192413
2005-03-06T07:00:00Z,blm_billings_Billings District,Billings,EVI,1336.427244672642
2005-03-06T07:00:00Z,blm_billings_Billings District,Billings,NDVI,2393.582885604571
2005-03-06T07:00:00Z,blm_miles-city_Miles City District,Miles City,EVI,1112.2527878446097
2005-03-06T07:00:00Z,blm_miles-city_Miles City District,Miles City,NDVI,2016.166080917819
2005-03-06T07:00:00Z,blm_malta_Malta District,Malta,EVI,1121.8488967418234
2005-03-06T07:00:00Z,blm_malta_Malta District,Malta,NDVI,2100.0862422573186
2005-03-06T07:00:00Z,blm_lewistown_Lewistown District,Lewistown,EVI,1387.5868101773572
2005-03-06T07:00:00Z,blm_lewistown_Lewistown District,Lewistown,NDVI,2619.169733718543
2005-03-06T07:00:00Z,blm_missoula_Missoula District,Missoula,EVI,2115.8030352260857
2005-03-06T07:00:00Z,blm_missoula_Missoula District,Missoula,NDVI,5190.046578342832
2005-03-06T07:00:00Z,blm_butte_Butte District,Butte,EVI,1616.9832479302609
2005-03-06T07:00:00Z,blm_butte_Butte District,Butte,NDVI,3205.2461554944566
2005-03-06T07:00:00Z,blm_dillon_Dillon District,Dillon,EVI,1361.986034696915
2005-03-06T07:00:00Z,blm_dillon_Dillon District,Dillon,NDVI,2476.1073956698697
2005-03-22T07:00:00Z,blm_billings_Billings District,Billings,EVI,1458.609932444575
2005-03-22T07:00:00Z,blm_billings_Billings District,Billings,NDVI,2603.129638238993
2005-03-22T07:00:00Z,blm_miles-city_Miles City District,Miles City,EVI,1246.5046362607602
2005-03-22T07:00:00Z,blm_miles-city_Miles City District,Miles City,NDVI,2218.2012157182917
2005-03-22T07:00:00Z,blm_malta_Malta District,Malta,EVI,1259.3438845946337
2005-03-22T07:00:00Z,blm_malta_Malta District,Malta,NDVI,2134.7670478708014
2005-03-22T07:00:00Z,blm_lewistown_Lewistown District,Lewistown,EVI,1321.2404571964682
2005-03-22T07:00:00Z,blm_lewistown_Lewistown District,Lewistown,NDVI,2323.2919163131305
2005-03-22T07:00:00Z,blm_missoula_Missoula District,Missoula,EVI,2141.1456497131007
2005-03-22T07:00:00Z,blm_missoula_Missoula District,Missoula,NDVI,4457.2639794312645
2005-03-22T07:00:00Z,blm_butte_Butte District,Butte,EVI,1428.5841939381646
2005-03-22T07:00:00Z,blm_butte_Butte District,Butte,NDVI,2829.377263545291
2005-03-22T07:00:00Z,blm_dillon_Dillon District,Dillon,EVI,1304.2421976645942
2005-03-22T07:00:00Z,blm_dillon_Dillon District,Dillon,NDVI,2270.230130332788
2005-04-07T06:00:00Z,blm_billings_Billings District,Billings,EVI,1755.499931342113
2005-04-07T06:00:00Z,blm_billings_Billings District,Billings,NDVI,2995.9432866338734
2005-04-07T06:00:00Z,blm_miles-city_Miles City District,Miles City,EVI,1485.4805333380448
2005-04-07T06:00:00Z,blm_miles-city_Miles City District,Miles City,NDVI,2629.0292435105116
2005-04-07T06:00:00Z,blm_malta_Malta District,Malta,EVI,1447.7244797056833
2005-04-07T06:00:00Z,blm_malta_Malta District,Malta,NDVI,2545.2997782502616
2005-04-07T06:00:00Z,blm_lewistown_Lewistown District,Lewistown,EVI,1601.3540862865204
2005-04-07T06:00:00Z,blm_lewistown_Lewistown District,Lewistown,NDVI,2862.364234164958
2005-04-07T06:00:00Z,blm_missoula_Missoula District,Missoula,EVI,2440.891052811396
2005-04-07T06:00:00Z,blm_missoula_Missoula District,Missoula,NDVI,5067.956271695016
2005-04-07T06:00:00Z,blm_butte_Butte District,Butte,EVI,1671.515942077402
2005-04-07T06:00:00Z,blm_butte_Butte District,Butte,NDVI,3246.298041562186
2005-04-07T06:00:00Z,blm_dillon_Dillon District,Dillon,EVI,1452.7046445146893
2005-04-07T06:00:00Z,blm_dillon_Dillon District,Dillon,NDVI,2558.853095458807
2005-04-23T06:00:00Z,blm_billings_Billings District,Billings,EVI,1957.983623229435
2005-04-23T06:00:00Z,blm_billings_Billings District,Billings,NDVI,3315.5593014366823
2005-04-23T06:00:00Z,blm_miles-city_Miles City District,Miles City,EVI,1651.1069981726944
2005-04-23T06:00:00Z,blm_miles-city_Miles City District,Miles City,NDVI,2934.2556299471526
2005-04-23T06:00:00Z,blm_malta_Malta District,Malta,EVI,1648.761940758998
2005-04-23T06:00:00Z,blm_malta_Malta District,Malta,NDVI,2806.0223764569387
2005-04-23T06:00:00Z,blm_lewistown_Lewistown District,Lewistown,EVI,1881.1285158315234
2005-04-23T06:00:00Z,blm_lewistown_Lewistown District,Lewistown,NDVI,3336.400657520493
2005-04-23T06:00:00Z,blm_missoula_Missoula District,Missoula,EVI,2508.293000821663
2005-04-23T06:00:00Z,blm_missoula_Missoula District,Missoula,NDVI,5540.453154567152
2005-04-23T06:00:00Z,blm_butte_Butte District,Butte,EVI,1925.3311696330695
2005-04-23T06:00:00Z,blm_butte_Butte District,Butte,NDVI,3792.762606954409
2005-04-23T06:00:00Z,blm_dillon_Dillon District,Dillon,EVI,1694.2498613556995
2005-04-23T06:00:00Z,blm_dillon_Dillon District,Dillon,NDVI,3016.9338904948063
2005-05-09T06:00:00Z,blm_billings_Billings District,Billings,EVI,2554.2074842008496
2005-05-09T06:00:00Z,blm_billings_Billings District,Billings,NDVI,4240.345578628805
2005-05-09T06:00:00Z,blm_miles-city_Miles City District,Miles City,EVI,2062.3731741272622
2005-05-09T06:00:00Z,blm_miles-city_Miles City District,Miles City,NDVI,3563.422308280012
2005-05-09T06:00:00Z,blm_malta_Malta District,Malta,EVI,2096.8197464092923
2005-05-09T06:00:00Z,blm_malta_Malta District,Malta,NDVI,3462.6033019459423
2005-05-09T06:00:00Z,blm_lewistown_Lewistown District,Lewistown,EVI,2605.4514486901653
2005-05-09T06:00:00Z,blm_lewistown_Lewistown District,Lewistown,NDVI,4407.245810705874
2005-05-09T06:00:00Z,blm_missoula_Missoula District,Missoula,EVI,2940.722285324974
2005-05-09T06:00:00Z,blm_missoula_Missoula District,Missoula,NDVI,6057.491022979659
2005-05-09T06:00:00Z,blm_butte_Butte District,Butte,EVI,2623.405076448261
2005-05-09T06:00:00Z,blm_butte_Butte District,Butte,NDVI,4979.518863025877
2005-05-09T06:00:00Z,blm_dillon_Dillon District,Dillon,EVI,2439.928073515676
2005-05-09T06:00:00Z,blm_dillon_Dillon District,Dillon,NDVI,4522.802917898971
2005-05-25T06:00:00Z,blm_billings_Billings District,Billings,EVI,2919.945893532371
2005-05-25T06:00:00Z,blm_billings_Billings District,Billings,NDVI,4572.9079589226485
2005-05-25T06:00:00Z,blm_miles-city_Miles City District,Miles City,EVI,2547.058922369952
2005-05-25T06:00:00Z,blm_miles-city_Miles City District,Miles City,NDVI,4196.139840448194
2005-05-25T06:00:00Z,blm_malta_Malta District,Malta,EVI,2209.1428559795427
2005-05-25T06:00:00Z,blm_malta_Malta District,Malta,NDVI,3670.200648190047
2005-05-25T06:00:00Z,blm_lewistown_Lewistown District,Lewistown,EVI,2865.0683138064505
2005-05-25T06:00:00Z,blm_lewistown_Lewistown District,Lewistown,NDVI,4941.373308149416
2005-05-25T06:00:00Z,blm_missoula_Missoula District,Missoula,EVI,2900.461242189431
2005-05-25T06:00:00Z,blm_missoula_Missoula District,Missoula,NDVI,6369.400130730728
2005-05-25T06:00:00Z,blm_butte_Butte District,Butte,EVI,2752.753520637275
2005-05-25T06:00:00Z,blm_butte_Butte District,Butte,NDVI,5179.838065258032
2005-05-25T06:00:00Z,blm_dillon_Dillon District,Dillon,EVI,2588.206005060501
2005-05-25T06:00:00Z,blm_dillon_Dillon District,Dillon,NDVI,4512.790233214216
2005-06-10T06:00:00Z,blm_billings_Billings District,Billings,EVI,3083.731585543934
2005-06-10T06:00:00Z,blm_billings_Billings District,Billings,NDVI,5092.150485603011
2005-06-10T06:00:00Z,blm_miles-city_Miles City District,Miles City,EVI,2882.57102478602
2005-06-10T06:00:00Z,blm_miles-city_Miles City District,Miles City,NDVI,4718.412153773084
2005-06-10T06:00:00Z,blm_malta_Malta District,Malta,EVI,2669.7064399971814
2005-06-10T06:00:00Z,blm_malta_Malta District,Malta,NDVI,4545.257731082538
2005-06-10T06:00:00Z,blm_lewistown_Lewistown District,Lewistown,EVI,3278.393745974586
2005-06-10T06:00:00Z,blm_lewistown_Lewistown District,Lewistown,NDVI,5552.196236455668
2005-06-10T06:00:00Z,blm_missoula_Missoula District,Missoula,EVI,3285.2471469558695
2005-06-10T06:00:00Z,blm_missoula_Missoula District,Missoula,NDVI,6704.979395864276
2005-06-10T06:00:00Z,blm_butte_Butte District,Butte,EVI,3088.9334641096725
2005-06-10T06:00:00Z,blm_butte_Butte District,Butte,NDVI,5694.0343949897015
2005-06-10T06:00:00Z,blm_dillon_Dillon District,Dillon,EVI,3028.926828495946
2005-06-10T06:00:00Z,blm_dillon_Dillon District,Dillon,NDVI,5365.485093280801
2005-06-26T06:00:00Z,blm_billings_Billings District,Billings,EVI,3024.0555900583163
2005-06-26T06:00:00Z,blm_billings_Billings District,Billings,NDVI,5121.503295657667
2005-06-26T06:00:00Z,blm_miles-city_Miles City District,Miles City,EVI,2959.5087002980467
2005-06-26T06:00:00Z,blm_miles-city_Miles City District,Miles City,NDVI,4789.809703448063
2005-06-26T06:00:00Z,blm_malta_Malta District,Malta,EVI,2991.717990322347
2005-06-26T06:00:00Z,blm_malta_Malta District,Malta,NDVI,4869.31156177829
2005-06-26T06:00:00Z,blm_lewistown_Lewistown District,Lewistown,EVI,3445.9179039082237
2005-06-26T06:00:00Z,blm_lewistown_Lewistown District,Lewistown,NDVI,5723.729380651444
2005-06-26T06:00:00Z,blm_missoula_Missoula District,Missoula,EVI,3462.5439293176646
2005-06-26T06:00:00Z,blm_missoula_Missoula District,Missoula,NDVI,6764.351987602534
2005-06-26T06:00:00Z,blm_butte_Butte District,Butte,EVI,3172.5097633029122
2005-06-26T06:00:00Z,blm_butte_Butte District,Butte,NDVI,5812.165599941121
2005-06-26T06:00:00Z,blm_dillon_Dillon District,Dillon,EVI,3102.794237236246
2005-06-26T06:00:00Z,blm_dillon_Dillon District,Dillon,NDVI,5620.568546874323
2005-07-12T06:00:00Z,blm_billings_Billings District,Billings,EVI,2540.719651867219
2005-07-12T06:00:00Z,blm_billings_Billings District,Billings,NDVI,4242.009318996104
2005-07-12T06:00:00Z,blm_miles-city_Miles City District,Miles City,EVI,2546.8216384736984
2005-07-12T06:00:00Z,blm_miles-city_Miles City District,Miles City,NDVI,4259.342980794701
2005-07-12T06:00:00Z,blm_malta_Malta District,Malta,EVI,2422.191944335278
2005-07-12T06:00:00Z,blm_malta_Malta District,Malta,NDVI,3980.8124867627816
2005-07-12T06:00:00Z,blm_lewistown_Lewistown District,Lewistown,EVI,2918.4384268667677
2005-07-12T06:00:00Z,blm_lewistown_Lewistown District,Lewistown,NDVI,5024.510600028768
2005-07-12T06:00:00Z,blm_missoula_Missoula District,Missoula,EVI,3450.5526468734815
2005-07-12T06:00:00Z,blm_missoula_Missoula District,Missoula,NDVI,6796.927015530781
2005-07-12T06:00:00Z,blm_butte_Butte District,Butte,EVI,2943.099506243254
2005-07-12T06:00:00Z,blm_butte_Butte District,Butte,NDVI,5632.500423779715
2005-07-12T06:00:00Z,blm_dillon_Dillon District,Dillon,EVI,2989.4873030929825
2005-07-12T06:00:00Z,blm_dillon_Dillon District,Dillon,NDVI,5301.541951640102
2005-07-28T06:00:00Z,blm_billings_Billings District,Billings,EVI,2265.3158447964397
2005-07-28T06:00:00Z,blm_billings_Billings District,Billings,NDVI,3770.384962237644
2005-07-28T06:00:00Z,blm_miles-city_Miles City District,Miles City,EVI,2159.0084788846357
2005-07-28T06:00:00Z,blm_miles-city_Miles City District,Miles City,NDVI,3615.825356133577
2005-07-28T06:00:00Z,blm_malta_Malta District,Malta,EVI,2006.532115268294
2005-07-28T06:00:00Z,blm_malta_Malta District,Malta,NDVI,3315.022085849934
2005-07-28T06:00:00Z,blm_lewistown_Lewistown District,Lewistown,EVI,2448.575561974785
2005-07-28T06:00:00Z,blm_lewistown_Lewistown District,Lewistown,NDVI,4281.230020085413
2005-07-28T06:00:00Z,blm_missoula_Missoula District,Missoula,EVI,3199.789355331194
2005-07-28T06:00:00Z,blm_missoula_Missoula District,Missoula,NDVI,6651.705780913105
2005-07-28T06:00:00Z,blm_butte_Butte District,Butte,EVI,2801.766304768446
2005-07-28T06:00:00Z,blm_butte_Butte District,Butte,NDVI,5291.048063108722
2005-07-28T06:00:00Z,blm_dillon_Dillon District,Dillon,EVI,2784.492991030952
2005-07-28T06:00:00Z,blm_dillon_Dillon District,Dillon,NDVI,4972.961943248511
2005-08-13T06:00:00Z,blm_billings_Billings District,Billings,EVI,2000.751496107128
2005-08-13T06:00:00Z,blm_billings_Billings District,Billings,NDVI,3622.0954032948944
2005-08-13T06:00:00Z,blm_miles-city_Miles City District,Miles City,EVI,1946.5438350082272
2005-08-13T06:00:00Z,blm_miles-city_Miles City District,Miles City,NDVI,3320.7263081364736
2005-08-13T06:00:00Z,blm_malta_Malta District,Malta,EVI,1797.0387098147808
2005-08-13T06:00:00Z,blm_malta_Malta District,Malta,NDVI,3095.1865033330187
2005-08-13T06:00:00Z,blm_lewistown_Lewistown District,Lewistown,EVI,2156.389710186934
2005-08-13T06:00:00Z,blm_lewistown_Lewistown District,Lewistown,NDVI,4007.1374642333144
2005-08-13T06:00:00Z,blm_missoula_Missoula District,Missoula,EVI,2984.565943168415
2005-08-13T06:00:00Z,blm_missoula_Missoula District,Missoula,NDVI,6462.137920158834
2005-08-13T06:00:00Z,blm_butte_Butte District,Butte,EVI,2514.8492222581185
2005-08-13T06:00:00Z,blm_butte_Butte District,Butte,NDVI,5153.921839535418
2005-08-13T06:00:00Z,blm_dillon_Dillon District,Dillon,EVI,2478.5151231807313
2005-08-13T06:00:00Z,blm_dillon_Dillon District,Dillon,NDVI,4736.883375655941
2005-08-29T06:00:00Z,blm_billings_Billings District,Billings,EVI,1874.9513590309602
2005-08-29T06:00:00Z,blm_billings_Billings District,Billings,NDVI,3278.583751744462
2005-08-29T06:00:00Z,blm_miles-city_Miles City District,Miles City,EVI,1765.4548126317422
2005-08-29T06:00:00Z,blm_miles-city_Miles City District,Miles City,NDVI,2995.6466937012074
2005-08-29T06:00:00Z,blm_malta_Malta District,Malta,EVI,1662.1455032146373
2005-08-29T06:00:00Z,blm_malta_Malta District,Malta,NDVI,2816.2695756189287
2005-08-29T06:00:00Z,blm_lewistown_Lewistown District,Lewistown,EVI,2028.8152032719215
2005-08-29T06:00:00Z,blm_lewistown_Lewistown District,Lewistown,NDVI,3690.3372816660976
2005-08-29T06:00:00Z,blm_missoula_Missoula District,Missoula,EVI,2841.7223081105003
2005-08-29T06:00:00Z,blm_missoula_Missoula District,Missoula,NDVI,6257.637417384008
2005-08-29T06:00:00Z,blm_butte_Butte District,Butte,EVI,2387.5837074335814
2005-08-29T06:00:00Z,blm_butte_Butte District,Butte,NDVI,4781.431232510594
2005-08-29T06:00:00Z,blm_dillon_Dillon District,Dillon,EVI,2316.962837523488
2005-08-29T06:00:00Z,blm_dillon_Dillon District,Dillon,NDVI,4374.788254041822
2005-09-14T06:00:00Z,blm_billings_Billings District,Billings,EVI,1744.934112014042
2005-09-14T06:00:00Z,blm_billings_Billings District,Billings,NDVI,3188.5725266631935
2005-09-14T06:00:00Z,blm_miles-city_Miles City District,Miles City,EVI,1652.512263027878
2005-09-14T06:00:00Z,blm_miles-city_Miles City District,Miles City,NDVI,2839.9704422629516
2005-09-14T06:00:00Z,blm_malta_Malta District,Malta,EVI,1590.7377364541205
2005-09-14T06:00:00Z,blm_malta_Malta District,Malta,NDVI,2786.253455995893
2005-09-14T06:00:00Z,blm_lewistown_Lewistown District,Lewistown,EVI,1837.2235331795764
2005-09-14T06:00:00Z,blm_lewistown_Lewistown District,Lewistown,NDVI,3605.4713111831206
2005-09-14T06:00:00Z,blm_missoula_Missoula District,Missoula,EVI,2471.2751027638956
2005-09-14T06:00:00Z,blm_missoula_Missoula District,Missoula,NDVI,6119.896953786901
2005-09-14T06:00:00Z,blm_butte_Butte District,Butte,EVI,2002.2177548851548
2005-09-14T06:00:00Z,blm_butte_Butte District,Butte,NDVI,4669.105924446282
2005-09-14T06:00:00Z,blm_dillon_Dillon District,Dillon,EVI,1936.8747668443104
2005-09-14T06:00:00Z,blm_dillon_Dillon District,Dillon,NDVI,4152.3826473067375
2005-09-30T06:00:00Z,blm_billings_Billings District,Billings,EVI,1602.5618335491856
2005-09-30T06:00:00Z,blm_billings_Billings District,Billings,NDVI,3139.2446568558726
2005-09-30T06:00:00Z,blm_miles-city_Miles City District,Miles City,EVI,1533.363796143116
2005-09-30T06:00:00Z,blm_miles-city_Miles City District,Miles City,NDVI,2688.423264450035
2005-09-30T06:00:00Z,blm_malta_Malta District,Malta,EVI,1421.0346177917816
2005-09-30T06:00:00Z,blm_malta_Malta District,Malta,NDVI,2670.309123897184
2005-09-30T06:00:00Z,blm_lewistown_Lewistown District,Lewistown,EVI,1707.0466742099545
2005-09-30T06:00:00Z,blm_lewistown_Lewistown District,Lewistown,NDVI,3515.770202003241
2005-09-30T06:00:00Z,blm_missoula_Missoula District,Missoula,EVI,2472.1694415721927
2005-09-30T06:00:00Z,blm_missoula_Missoula District,Missoula,NDVI,5737.2439095016225
2005-09-30T06:00:00Z,blm_butte_Butte District,Butte,EVI,1993.168241545392
2005-09-30T06:00:00Z,blm_butte_Butte District,Butte,NDVI,4471.052084875886
2005-09-30T06:00:00Z,blm_dillon_Dillon District,Dillon,EVI,1850.0844833927829
2005-09-30T06:00:00Z,blm_dillon_Dillon District,Dillon,NDVI,3863.835886781458
2005-10-16T06:00:00Z,blm_billings_Billings District,Billings,EVI,1634.8241455288846
2005-10-16T06:00:00Z,blm_billings_Billings District,Billings,NDVI,3151.4320306190275
2005-10-16T06:00:00Z,blm_miles-city_Miles City District,Miles City,EVI,1387.7541078967495
2005-10-16T06:00:00Z,blm_miles-city_Miles City District,Miles City,NDVI,2517.3210448811838
2005-10-16T06:00:00Z,blm_malta_Malta District,Malta,EVI,1326.5053577905132
2005-10-16T06:00:00Z,blm_malta_Malta District,Malta,NDVI,2537.07891098012
2005-10-16T06:00:00Z,blm_lewistown_Lewistown District,Lewistown,EVI,1662.4587559465476
2005-10-16T06:00:00Z,blm_lewistown_Lewistown District,Lewistown,NDVI,3556.7003735534604
2005-10-16T06:00:00Z,blm_missoula_Missoula District,Missoula,EVI,2126.115989226351
2005-10-16T06:00:00Z,blm_missoula_Missoula District,Missoula,NDVI,5760.704867944533
2005-10-16T06:00:00Z,blm_butte_Butte District,Butte,EVI,1878.3266658542716
2005-10-16T06:00:00Z,blm_butte_Butte District,Butte,NDVI,4522.284065875175
2005-10-16T06:00:00Z,blm_dillon_Dillon District,Dillon,EVI,1736.3399841976022
2005-10-16T06:00:00Z,blm_dillon_Dillon District,Dillon,NDVI,3891.2443435062487
2005-11-01T07:00:00Z,blm_billings_Billings District,Billings,EVI,1583.0520716151168
2005-11-01T07:00:00Z,blm_billings_Billings District,Billings,NDVI,2930.153162807844
2005-11-01T07:00:00Z,blm_miles-city_Miles City District,Miles City,EVI,1315.5077744253504
2005-11-01T07:00:00Z,blm_miles-city_Miles City District,Miles City,NDVI,2451.952232248513
2005-11-01T07:00:00Z,blm_malta_Malta District,Malta,EVI,1277.8358628327521
2005-11-01T07:00:00Z,blm_malta_Malta District,Malta,NDVI,2353.6955565037533
2005-11-01T07:00:00Z,blm_lewistown_Lewistown District,Lewistown,EVI,1599.1315196719736
2005-11-01T07:00:00Z,blm_lewistown_Lewistown District,Lewistown,NDVI,3019.7032514515913
2005-11-01T07:00:00Z,blm_missoula_Missoula District,Missoula,EVI,2211.9470966730205
2005-11-01T07:00:00Z,blm_missoula_Missoula District,Missoula,NDVI,5450.968075521612
2005-11-01T07:00:00Z,blm_butte_Butte District,Butte,EVI,1672.0296910352376
2005-11-01T07:00:00Z,blm_butte_Butte District,Butte,NDVI,3233.484135142317
2005-11-01T07:00:00Z,blm_dillon_Dillon District,Dillon,EVI,1565.2297259265868
2005-11-01T07:00:00Z,blm_dillon_Dillon District,Dillon,NDVI,2680.1857793608133
2005-11-17T07:00:00Z,blm_billings_Billings District,Billings,EVI,1453.4954920528055
2005-11-17T07:00:00Z,blm_billings_Billings District,Billings,NDVI,2846.696618188628
2005-11-17T07:00:00Z,blm_miles-city_Miles City District,Miles City,EVI,1244.4943590290352
2005-11-17T07:00:00Z,blm_miles-city_Miles City District,Miles City,NDVI,2410.9800159696542
2005-11-17T07:00:00Z,blm_malta_Malta District,Malta,EVI,1173.9063339064503
2005-11-17T07:00:00Z,blm_malta_Malta District,Malta,NDVI,2261.5179513370463
2005-11-17T07:00:00Z,blm_lewistown_Lewistown District,Lewistown,EVI,1435.0487620794863
2005-11-17T07:00:00Z,blm_lewistown_Lewistown District,Lewistown,NDVI,2877.3414848103002
2005-11-17T07:00:00Z,blm_missoula_Missoula District,Missoula,EVI,2300.541930598292
2005-11-17T07:00:00Z,blm_missoula_Missoula District,Missoula,NDVI,5036.989828001626
2005-11-17T07:00:00Z,blm_butte_Butte District,Butte,EVI,1597.8261831212792
2005-11-17T07:00:00Z,blm_butte_Butte District,Butte,NDVI,3385.619911713585
2005-11-17T07:00:00Z,blm_dillon_Dillon District,Dillon,EVI,1382.074057803434
2005-11-17T07:00:00Z,blm_dillon_Dillon District,Dillon,NDVI,2665.5687303512177
2005-12-03T07:00:00Z,blm_billings_Billings District,Billings,EVI,1276.0382775119617
2005-12-03T07:00:00Z,blm_billings_Billings District,Billings,NDVI,2074.2583732057415
2005-12-03T07:00:00Z,blm_miles-city_Miles City District,Miles City,EVI,1180.7730681491068
2005-12-03T07:00:00Z,blm_miles-city_Miles City District,Miles City,NDVI,2010.5802021246714
2005-12-03T07:00:00Z,blm_malta_Malta District,Malta,EVI,898.2505738195393
2005-12-03T07:00:00Z,blm_malta_Malta District,Malta,NDVI,1677.0968527003013
2005-12-03T07:00:00Z,blm_lewistown_Lewistown District,Lewistown,EVI,1142.1007462686566
2005-12-03T07:00:00Z,blm_lewistown_Lewistown District,Lewistown,NDVI,1865.4402985074628
2005-12-03T07:00:00Z,blm_missoula_Missoula District,Missoula,EVI,1854.7607039739164
2005-12-03T07:00:00Z,blm_missoula_Missoula District,Missoula,NDVI,5455.476560033522
2005-12-03T07:00:00Z,blm_butte_Butte District,Butte,EVI,NA
2005-12-03T07:00:00Z,blm_butte_Butte District,Butte,NDVI,NA
2005-12-03T07:00:00Z,blm_dillon_Dillon District,Dillon,EVI,1190
2005-12-03T07:00:00Z,blm_dillon_Dillon District,Dillon,NDVI,8249
2005-12-19T07:00:00Z,blm_billings_Billings District,Billings,EVI,1331.9605908587198
2005-12-19T07:00:00Z,blm_billings_Billings District,Billings,NDVI,2541.266728130491
2005-12-19T07:00:00Z,blm_miles-city_Miles City District,Miles City,EVI,1110.8254190569548
2005-12-19T07:00:00Z,blm_miles-city_Miles City District,Miles City,NDVI,2116.705151726238
2005-12-19T07:00:00Z,blm_malta_Malta District,Malta,EVI,1084.5658270606407
2005-12-19T07:00:00Z,blm_malta_Malta District,Malta,NDVI,2057.1368007914516
2005-12-19T07:00:00Z,blm_lewistown_Lewistown District,Lewistown,EVI,1247.1398510989807
2005-12-19T07:00:00Z,blm_lewistown_Lewistown District,Lewistown,NDVI,2400.7048547041622
2005-12-19T07:00:00Z,blm_missoula_Missoula District,Missoula,EVI,1790.2090648861767
2005-12-19T07:00:00Z,blm_missoula_Missoula District,Missoula,NDVI,4037.808373674793
2005-12-19T07:00:00Z,blm_butte_Butte District,Butte,EVI,1331.073957039966
2005-12-19T07:00:00Z,blm_butte_Butte District,Butte,NDVI,2678.6498552043918
2005-12-19T07:00:00Z,blm_dillon_Dillon District,Dillon,EVI,1275.6082491496604
2005-12-19T07:00:00Z,blm_dillon_Dillon District,Dillon,NDVI,2300.100292088854
2006-01-01T07:00:00Z,blm_billings_Billings District,Billings,EVI,1309.600281164316
2006-01-01T07:00:00Z,blm_billings_Billings District,Billings,NDVI,2520.894218600765
2006-01-01T07:00:00Z,blm_miles-city_Miles City District,Miles City,EVI,1012.2003549394018
2006-01-01T07:00:00Z,blm_miles-city_Miles City District,Miles City,NDVI,2042.2587568541871
2006-01-01T07:00:00Z,blm_malta_Malta District,Malta,EVI,1053.4699494781614
2006-01-01T07:00:00Z,blm_malta_Malta District,Malta,NDVI,2163.1952106696754
2006-01-01T07:00:00Z,blm_lewistown_Lewistown District,Lewistown,EVI,1250.052218212916
2006-01-01T07:00:00Z,blm_lewistown_Lewistown District,Lewistown,NDVI,2438.2024116993275
2006-01-01T07:00:00Z,blm_missoula_Missoula District,Missoula,EVI,1892.7724878854456
2006-01-01T07:00:00Z,blm_missoula_Missoula District,Missoula,NDVI,4310.732789966699
2006-01-01T07:00:00Z,blm_butte_Butte District,Butte,EVI,1413.762236516726
2006-01-01T07:00:00Z,blm_butte_Butte District,Butte,NDVI,2733.2937469930694
2006-01-01T07:00:00Z,blm_dillon_Dillon District,Dillon,EVI,1298.5653569352864
2006-01-01T07:00:00Z,blm_dillon_Dillon District,Dillon,NDVI,2336.8324027903764
2006-01-17T07:00:00Z,blm_billings_Billings District,Billings,EVI,1321.1266413306882
2006-01-17T07:00:00Z,blm_billings_Billings District,Billings,NDVI,2424.4547422352225
2006-01-17T07:00:00Z,blm_miles-city_Miles City District,Miles City,EVI,1087.3833923180346
2006-01-17T07:00:00Z,blm_miles-city_Miles City District,Miles City,NDVI,2055.44163485073
2006-01-17T07:00:00Z,blm_malta_Malta District,Malta,EVI,1061.2005834382462
2006-01-17T07:00:00Z,blm_malta_Malta District,Malta,NDVI,2047.2194037558875
2006-01-17T07:00:00Z,blm_lewistown_Lewistown District,Lewistown,EVI,1298.6501816095026
2006-01-17T07:00:00Z,blm_lewistown_Lewistown District,Lewistown,NDVI,2405.8027436340303
2006-01-17T07:00:00Z,blm_missoula_Missoula District,Missoula,EVI,1720.218256603124
2006-01-17T07:00:00Z,blm_missoula_Missoula District,Missoula,NDVI,3759.202761686669
2006-01-17T07:00:00Z,blm_butte_Butte District,Butte,EVI,1396.3925513383176
2006-01-17T07:00:00Z,blm_butte_Butte District,Butte,NDVI,2607.4167804265494
2006-01-17T07:00:00Z,blm_dillon_Dillon District,Dillon,EVI,1289.106800349672
2006-01-17T07:00:00Z,blm_dillon_Dillon District,Dillon,NDVI,2085.4916560884403
2006-02-02T07:00:00Z,blm_billings_Billings District,Billings,EVI,1312.7095222675423
2006-02-02T07:00:00Z,blm_billings_Billings District,Billings,NDVI,2341.8009892036675
2006-02-02T07:00:00Z,blm_miles-city_Miles City District,Miles City,EVI,1152.5851225674132
2006-02-02T07:00:00Z,blm_miles-city_Miles City District,Miles City,NDVI,2113.2648060849156
2006-02-02T07:00:00Z,blm_malta_Malta District,Malta,EVI,1068.2237821989165
2006-02-02T07:00:00Z,blm_malta_Malta District,Malta,NDVI,2024.6175943112855
2006-02-02T07:00:00Z,blm_lewistown_Lewistown District,Lewistown,EVI,1297.960486131804
2006-02-02T07:00:00Z,blm_lewistown_Lewistown District,Lewistown,NDVI,2314.375739268732
2006-02-02T07:00:00Z,blm_missoula_Missoula District,Missoula,EVI,1797.0172725845543
2006-02-02T07:00:00Z,blm_missoula_Missoula District,Missoula,NDVI,4055.4377347156933
2006-02-02T07:00:00Z,blm_butte_Butte District,Butte,EVI,1177.1495366955387
2006-02-02T07:00:00Z,blm_butte_Butte District,Butte,NDVI,2152.0242599656694
2006-02-02T07:00:00Z,blm_dillon_Dillon District,Dillon,EVI,1183.4835475488815
2006-02-02T07:00:00Z,blm_dillon_Dillon District,Dillon,NDVI,1978.3925440759333
2006-02-18T07:00:00Z,blm_billings_Billings District,Billings,EVI,1258.5559885314672
2006-02-18T07:00:00Z,blm_billings_Billings District,Billings,NDVI,2286.1051364106384
2006-02-18T07:00:00Z,blm_miles-city_Miles City District,Miles City,EVI,1107.4333595112646
2006-02-18T07:00:00Z,blm_miles-city_Miles City District,Miles City,NDVI,2092.493902815132
2006-02-18T07:00:00Z,blm_malta_Malta District,Malta,EVI,1062.8123264895337
2006-02-18T07:00:00Z,blm_malta_Malta District,Malta,NDVI,2060.854868405936
2006-02-18T07:00:00Z,blm_lewistown_Lewistown District,Lewistown,EVI,1229.1445094386856
2006-02-18T07:00:00Z,blm_lewistown_Lewistown District,Lewistown,NDVI,2346.5913675377574
2006-02-18T07:00:00Z,blm_missoula_Missoula District,Missoula,EVI,1680.194013121029
2006-02-18T07:00:00Z,blm_missoula_Missoula District,Missoula,NDVI,3446.4195204857647
2006-02-18T07:00:00Z,blm_butte_Butte District,Butte,EVI,1327.554391477085
2006-02-18T07:00:00Z,blm_butte_Butte District,Butte,NDVI,2344.7057732213575
2006-02-18T07:00:00Z,blm_dillon_Dillon District,Dillon,EVI,1250.895813389981
2006-02-18T07:00:00Z,blm_dillon_Dillon District,Dillon,NDVI,1967.0073800380922
2006-03-06T07:00:00Z,blm_billings_Billings District,Billings,EVI,1257.790440957864
2006-03-06T07:00:00Z,blm_billings_Billings District,Billings,NDVI,2278.4964962208855
2006-03-06T07:00:00Z,blm_miles-city_Miles City District,Miles City,EVI,1110.8331648424219
2006-03-06T07:00:00Z,blm_miles-city_Miles City District,Miles City,NDVI,2090.8154497924447
2006-03-06T07:00:00Z,blm_malta_Malta District,Malta,EVI,986.5577962277982
2006-03-06T07:00:00Z,blm_malta_Malta District,Malta,NDVI,1919.3434656812601
2006-03-06T07:00:00Z,blm_lewistown_Lewistown District,Lewistown,EVI,1198.193575300636
2006-03-06T07:00:00Z,blm_lewistown_Lewistown District,Lewistown,NDVI,2227.661986172139
2006-03-06T07:00:00Z,blm_missoula_Missoula District,Missoula,EVI,1842.5208655275344
2006-03-06T07:00:00Z,blm_missoula_Missoula District,Missoula,NDVI,3524.2659907931743
2006-03-06T07:00:00Z,blm_butte_Butte District,Butte,EVI,1332.1775133045053
2006-03-06T07:00:00Z,blm_butte_Butte District,Butte,NDVI,2418.146988466703
2006-03-06T07:00:00Z,blm_dillon_Dillon District,Dillon,EVI,1224.065333485525
2006-03-06T07:00:00Z,blm_dillon_Dillon District,Dillon,NDVI,1915.6626719000765
2006-03-22T07:00:00Z,blm_billings_Billings District,Billings,EVI,1417.2626460724548
2006-03-22T07:00:00Z,blm_billings_Billings District,Billings,NDVI,2438.591993654315
2006-03-22T07:00:00Z,blm_miles-city_Miles City District,Miles City,EVI,1247.65237117723
2006-03-22T07:00:00Z,blm_miles-city_Miles City District,Miles City,NDVI,2200.6509645903175
2006-03-22T07:00:00Z,blm_malta_Malta District,Malta,EVI,1150.287072645746
2006-03-22T07:00:00Z,blm_malta_Malta District,Malta,NDVI,2103.5823413073635
2006-03-22T07:00:00Z,blm_lewistown_Lewistown District,Lewistown,EVI,1385.4000906775304
2006-03-22T07:00:00Z,blm_lewistown_Lewistown District,Lewistown,NDVI,2374.191612577847
2006-03-22T07:00:00Z,blm_missoula_Missoula District,Missoula,EVI,1875.2201475181469
2006-03-22T07:00:00Z,blm_missoula_Missoula District,Missoula,NDVI,3287.8346553266374
2006-03-22T07:00:00Z,blm_butte_Butte District,Butte,EVI,1347.7469727096743
2006-03-22T07:00:00Z,blm_butte_Butte District,Butte,NDVI,2320.2359972131762
2006-03-22T07:00:00Z,blm_dillon_Dillon District,Dillon,EVI,1313.6131381023758
2006-03-22T07:00:00Z,blm_dillon_Dillon District,Dillon,NDVI,2085.8245657123625
2006-04-07T06:00:00Z,blm_billings_Billings District,Billings,EVI,1922.5288160229452
2006-04-07T06:00:00Z,blm_billings_Billings District,Billings,NDVI,3307.4707584592134
2006-04-07T06:00:00Z,blm_miles-city_Miles City District,Miles City,EVI,1636.5232147531312
2006-04-07T06:00:00Z,blm_miles-city_Miles City District,Miles City,NDVI,2825.4648160904458
2006-04-07T06:00:00Z,blm_malta_Malta District,Malta,EVI,1534.4768469579494
2006-04-07T06:00:00Z,blm_malta_Malta District,Malta,NDVI,2700.8482994463347
2006-04-07T06:00:00Z,blm_lewistown_Lewistown District,Lewistown,EVI,1855.4479102177077
2006-04-07T06:00:00Z,blm_lewistown_Lewistown District,Lewistown,NDVI,3263.725890279818
2006-04-07T06:00:00Z,blm_missoula_Missoula District,Missoula,EVI,2274.4458645064697
2006-04-07T06:00:00Z,blm_missoula_Missoula District,Missoula,NDVI,4978.911562453512
2006-04-07T06:00:00Z,blm_butte_Butte District,Butte,EVI,1860.437899542258
2006-04-07T06:00:00Z,blm_butte_Butte District,Butte,NDVI,3342.1587539348184
2006-04-07T06:00:00Z,blm_dillon_Dillon District,Dillon,EVI,1562.991255719637
2006-04-07T06:00:00Z,blm_dillon_Dillon District,Dillon,NDVI,2510.6190560293912
2006-04-23T06:00:00Z,blm_billings_Billings District,Billings,EVI,2279.740452530064
2006-04-23T06:00:00Z,blm_billings_Billings District,Billings,NDVI,3814.4225344461834
2006-04-23T06:00:00Z,blm_miles-city_Miles City District,Miles City,EVI,1970.81827898902
2006-04-23T06:00:00Z,blm_miles-city_Miles City District,Miles City,NDVI,3353.925172577804
2006-04-23T06:00:00Z,blm_malta_Malta District,Malta,EVI,1838.024253286235
2006-04-23T06:00:00Z,blm_malta_Malta District,Malta,NDVI,3137.118918335657
2006-04-23T06:00:00Z,blm_lewistown_Lewistown District,Lewistown,EVI,2311.5201987674686
2006-04-23T06:00:00Z,blm_lewistown_Lewistown District,Lewistown,NDVI,3960.939415063539
2006-04-23T06:00:00Z,blm_missoula_Missoula District,Missoula,EVI,2573.8292440693367
2006-04-23T06:00:00Z,blm_missoula_Missoula District,Missoula,NDVI,5447.087270123021
2006-04-23T06:00:00Z,blm_butte_Butte District,Butte,EVI,2192.580824764584
2006-04-23T06:00:00Z,blm_butte_Butte District,Butte,NDVI,4085.574094671288
2006-04-23T06:00:00Z,blm_dillon_Dillon District,Dillon,EVI,1842.7553015280566
2006-04-23T06:00:00Z,blm_dillon_Dillon District,Dillon,NDVI,3245.4687670076814
2006-05-09T06:00:00Z,blm_billings_Billings District,Billings,EVI,2635.643477467624
2006-05-09T06:00:00Z,blm_billings_Billings District,Billings,NDVI,4232.6087031067345
2006-05-09T06:00:00Z,blm_miles-city_Miles City District,Miles City,EVI,2261.7576335732083
2006-05-09T06:00:00Z,blm_miles-city_Miles City District,Miles City,NDVI,3701.1529631092944
2006-05-09T06:00:00Z,blm_malta_Malta District,Malta,EVI,2172.286632574943
2006-05-09T06:00:00Z,blm_malta_Malta District,Malta,NDVI,3568.7349088019414
2006-05-09T06:00:00Z,blm_lewistown_Lewistown District,Lewistown,EVI,2661.404459500796
2006-05-09T06:00:00Z,blm_lewistown_Lewistown District,Lewistown,NDVI,4601.75786289697
2006-05-09T06:00:00Z,blm_missoula_Missoula District,Missoula,EVI,2789.67716923132
2006-05-09T06:00:00Z,blm_missoula_Missoula District,Missoula,NDVI,5882.256236082708
2006-05-09T06:00:00Z,blm_butte_Butte District,Butte,EVI,2450.4661249799383
2006-05-09T06:00:00Z,blm_butte_Butte District,Butte,NDVI,4637.881271309718
2006-05-09T06:00:00Z,blm_dillon_Dillon District,Dillon,EVI,2163.971051214326
2006-05-09T06:00:00Z,blm_dillon_Dillon District,Dillon,NDVI,3861.2137489311594
2006-05-25T06:00:00Z,blm_billings_Billings District,Billings,EVI,2702.576072610518
2006-05-25T06:00:00Z,blm_billings_Billings District,Billings,NDVI,4561.493061171056
2006-05-25T06:00:00Z,blm_miles-city_Miles City District,Miles City,EVI,2584.375805529526
2006-05-25T06:00:00Z,blm_miles-city_Miles City District,Miles City,NDVI,4150.850516212397
2006-05-25T06:00:00Z,blm_malta_Malta District,Malta,EVI,2501.268314857259
2006-05-25T06:00:00Z,blm_malta_Malta District,Malta,NDVI,4085.7849645363376
2006-05-25T06:00:00Z,blm_lewistown_Lewistown District,Lewistown,EVI,3101.6035452187652
2006-05-25T06:00:00Z,blm_lewistown_Lewistown District,Lewistown,NDVI,5253.716410394532
2006-05-25T06:00:00Z,blm_missoula_Missoula District,Missoula,EVI,3404.5199633991106
2006-05-25T06:00:00Z,blm_missoula_Missoula District,Missoula,NDVI,6463.968208510833
2006-05-25T06:00:00Z,blm_butte_Butte District,Butte,EVI,2904.779299237094
2006-05-25T06:00:00Z,blm_butte_Butte District,Butte,NDVI,5327.975155100385
2006-05-25T06:00:00Z,blm_dillon_Dillon District,Dillon,EVI,2658.499209644514
2006-05-25T06:00:00Z,blm_dillon_Dillon District,Dillon,NDVI,4765.162172885279
2006-06-10T06:00:00Z,blm_billings_Billings District,Billings,EVI,2677.1486593527093
2006-06-10T06:00:00Z,blm_billings_Billings District,Billings,NDVI,4350.964851114592
2006-06-10T06:00:00Z,blm_miles-city_Miles City District,Miles City,EVI,2670.519959229649
2006-06-10T06:00:00Z,blm_miles-city_Miles City District,Miles City,NDVI,4385.563032568127
2006-06-10T06:00:00Z,blm_malta_Malta District,Malta,EVI,2793.128707481868
2006-06-10T06:00:00Z,blm_malta_Malta District,Malta,NDVI,4499.419474789455
2006-06-10T06:00:00Z,blm_lewistown_Lewistown District,Lewistown,EVI,3508.907031188434
2006-06-10T06:00:00Z,blm_lewistown_Lewistown District,Lewistown,NDVI,5633.17181154095
2006-06-10T06:00:00Z,blm_missoula_Missoula District,Missoula,EVI,3301.0515286264085
2006-06-10T06:00:00Z,blm_missoula_Missoula District,Missoula,NDVI,6821.674166457923
2006-06-10T06:00:00Z,blm_butte_Butte District,Butte,EVI,3201.2504865405026
2006-06-10T06:00:00Z,blm_butte_Butte District,Butte,NDVI,5739.3769061432295
2006-06-10T06:00:00Z,blm_dillon_Dillon District,Dillon,EVI,2992.3403862852306
2006-06-10T06:00:00Z,blm_dillon_Dillon District,Dillon,NDVI,5340.701146761356
2006-06-26T06:00:00Z,blm_billings_Billings District,Billings,EVI,2297.2013913374212
2006-06-26T06:00:00Z,blm_billings_Billings District,Billings,NDVI,3857.839598501246
2006-06-26T06:00:00Z,blm_miles-city_Miles City District,Miles City,EVI,2342.5363908363156
2006-06-26T06:00:00Z,blm_miles-city_Miles City District,Miles City,NDVI,3841.6749506143187
2006-06-26T06:00:00Z,blm_malta_Malta District,Malta,EVI,2517.3973665558915
2006-06-26T06:00:00Z,blm_malta_Malta District,Malta,NDVI,4185.154926195825
2006-06-26T06:00:00Z,blm_lewistown_Lewistown District,Lewistown,EVI,3220.009265138687
2006-06-26T06:00:00Z,blm_lewistown_Lewistown District,Lewistown,NDVI,5424.103291046562
2006-06-26T06:00:00Z,blm_missoula_Missoula District,Missoula,EVI,3412.415702909114
2006-06-26T06:00:00Z,blm_missoula_Missoula District,Missoula,NDVI,6926.732591201032
2006-06-26T06:00:00Z,blm_butte_Butte District,Butte,EVI,3080.910789771181
2006-06-26T06:00:00Z,blm_butte_Butte District,Butte,NDVI,5724.510007835506
2006-06-26T06:00:00Z,blm_dillon_Dillon District,Dillon,EVI,3044.952203106347
2006-06-26T06:00:00Z,blm_dillon_Dillon District,Dillon,NDVI,5377.055197249038
2006-07-12T06:00:00Z,blm_billings_Billings District,Billings,EVI,1932.0121600894431
2006-07-12T06:00:00Z,blm_billings_Billings District,Billings,NDVI,3329.7094609322958
2006-07-12T06:00:00Z,blm_miles-city_Miles City District,Miles City,EVI,1882.640272328467
2006-07-12T06:00:00Z,blm_miles-city_Miles City District,Miles City,NDVI,3094.8177697128244
2006-07-12T06:00:00Z,blm_malta_Malta District,Malta,EVI,1997.2602934928466
2006-07-12T06:00:00Z,blm_malta_Malta District,Malta,NDVI,3330.540962190758
2006-07-12T06:00:00Z,blm_lewistown_Lewistown District,Lewistown,EVI,2621.826008721524
2006-07-12T06:00:00Z,blm_lewistown_Lewistown District,Lewistown,NDVI,4589.336409537349
2006-07-12T06:00:00Z,blm_missoula_Missoula District,Missoula,EVI,3445.6203386842562
2006-07-12T06:00:00Z,blm_missoula_Missoula District,Missoula,NDVI,6773.591467220216
2006-07-12T06:00:00Z,blm_butte_Butte District,Butte,EVI,2787.042590618298
2006-07-12T06:00:00Z,blm_butte_Butte District,Butte,NDVI,5394.0134400300785
2006-07-12T06:00:00Z,blm_dillon_Dillon District,Dillon,EVI,2774.4296051428237
2006-07-12T06:00:00Z,blm_dillon_Dillon District,Dillon,NDVI,5112.296841432266
2006-07-28T06:00:00Z,blm_billings_Billings District,Billings,EVI,1813.5128975544378
2006-07-28T06:00:00Z,blm_billings_Billings District,Billings,NDVI,3010.301159793647
2006-07-28T06:00:00Z,blm_miles-city_Miles City District,Miles City,EVI,1703.801419276033
2006-07-28T06:00:00Z,blm_miles-city_Miles City District,Miles City,NDVI,2782.455244877918
2006-07-28T06:00:00Z,blm_malta_Malta District,Malta,EVI,1748.4711502324274
2006-07-28T06:00:00Z,blm_malta_Malta District,Malta,NDVI,2826.226760726347
2006-07-28T06:00:00Z,blm_lewistown_Lewistown District,Lewistown,EVI,2269.5703092774925
2006-07-28T06:00:00Z,blm_lewistown_Lewistown District,Lewistown,NDVI,3926.8648029770234
2006-07-28T06:00:00Z,blm_missoula_Missoula District,Missoula,EVI,3168.8019600543157
2006-07-28T06:00:00Z,blm_missoula_Missoula District,Missoula,NDVI,6488.3353615772885
2006-07-28T06:00:00Z,blm_butte_Butte District,Butte,EVI,2553.0539616649744
2006-07-28T06:00:00Z,blm_butte_Butte District,Butte,NDVI,4923.162609657933
2006-07-28T06:00:00Z,blm_dillon_Dillon District,Dillon,EVI,2506.4312303550087
2006-07-28T06:00:00Z,blm_dillon_Dillon District,Dillon,NDVI,4711.553111679968
2006-08-13T06:00:00Z,blm_billings_Billings District,Billings,EVI,1740.276296739057
2006-08-13T06:00:00Z,blm_billings_Billings District,Billings,NDVI,2943.561597197058
2006-08-13T06:00:00Z,blm_miles-city_Miles City District,Miles City,EVI,1585.946229530033
2006-08-13T06:00:00Z,blm_miles-city_Miles City District,Miles City,NDVI,2695.2699558805134
2006-08-13T06:00:00Z,blm_malta_Malta District,Malta,EVI,1628.6995562445593
2006-08-13T06:00:00Z,blm_malta_Malta District,Malta,NDVI,2691.0778107885503
2006-08-13T06:00:00Z,blm_lewistown_Lewistown District,Lewistown,EVI,2116.8781652426705
2006-08-13T06:00:00Z,blm_lewistown_Lewistown District,Lewistown,NDVI,3709.938217530122
2006-08-13T06:00:00Z,blm_missoula_Missoula District,Missoula,EVI,2828.3220748359568
2006-08-13T06:00:00Z,blm_missoula_Missoula District,Missoula,NDVI,6381.882127435622
2006-08-13T06:00:00Z,blm_butte_Butte District,Butte,EVI,2358.309841974531
2006-08-13T06:00:00Z,blm_butte_Butte District,Butte,NDVI,4719.654702933029
2006-08-13T06:00:00Z,blm_dillon_Dillon District,Dillon,EVI,2293.418695677698
2006-08-13T06:00:00Z,blm_dillon_Dillon District,Dillon,NDVI,4399.623557043701
2006-08-29T06:00:00Z,blm_billings_Billings District,Billings,EVI,1568.3249657513293
2006-08-29T06:00:00Z,blm_billings_Billings District,Billings,NDVI,2783.3268847501326
2006-08-29T06:00:00Z,blm_miles-city_Miles City District,Miles City,EVI,1503.4264623026925
2006-08-29T06:00:00Z,blm_miles-city_Miles City District,Miles City,NDVI,2545.729466030885
2006-08-29T06:00:00Z,blm_malta_Malta District,Malta,EVI,1480.9434265108334
2006-08-29T06:00:00Z,blm_malta_Malta District,Malta,NDVI,2507.037473833398
2006-08-29T06:00:00Z,blm_lewistown_Lewistown District,Lewistown,EVI,1930.4786127533266
2006-08-29T06:00:00Z,blm_lewistown_Lewistown District,Lewistown,NDVI,3531.7930384776964
2006-08-29T06:00:00Z,blm_missoula_Missoula District,Missoula,EVI,2738.812498259266
2006-08-29T06:00:00Z,blm_missoula_Missoula District,Missoula,NDVI,6011.391344023485
2006-08-29T06:00:00Z,blm_butte_Butte District,Butte,EVI,2176.7272025211028
2006-08-29T06:00:00Z,blm_butte_Butte District,Butte,NDVI,4409.493073573839
2006-08-29T06:00:00Z,blm_dillon_Dillon District,Dillon,EVI,2096.3594423606096
2006-08-29T06:00:00Z,blm_dillon_Dillon District,Dillon,NDVI,4069.4053168459795
2006-09-14T06:00:00Z,blm_billings_Billings District,Billings,EVI,1470.8641968675063
2006-09-14T06:00:00Z,blm_billings_Billings District,Billings,NDVI,2857.1654320698394
2006-09-14T06:00:00Z,blm_miles-city_Miles City District,Miles City,EVI,1367.002348875936
2006-09-14T06:00:00Z,blm_miles-city_Miles City District,Miles City,NDVI,2523.693197453446
2006-09-14T06:00:00Z,blm_malta_Malta District,Malta,EVI,1369.7617038707722
2006-09-14T06:00:00Z,blm_malta_Malta District,Malta,NDVI,2538.7990879686117
2006-09-14T06:00:00Z,blm_lewistown_Lewistown District,Lewistown,EVI,1755.8173273821315
2006-09-14T06:00:00Z,blm_lewistown_Lewistown District,Lewistown,NDVI,3490.0757093599104
2006-09-14T06:00:00Z,blm_missoula_Missoula District,Missoula,EVI,2605.097005866697
2006-09-14T06:00:00Z,blm_missoula_Missoula District,Missoula,NDVI,5999.745122958217
2006-09-14T06:00:00Z,blm_butte_Butte District,Butte,EVI,1973.3888120365061
2006-09-14T06:00:00Z,blm_butte_Butte District,Butte,NDVI,4389.232235047912
2006-09-14T06:00:00Z,blm_dillon_Dillon District,Dillon,EVI,1902.4078189200927
2006-09-14T06:00:00Z,blm_dillon_Dillon District,Dillon,NDVI,3905.9467361543216
2006-09-30T06:00:00Z,blm_billings_Billings District,Billings,EVI,1673.0911233473448
2006-09-30T06:00:00Z,blm_billings_Billings District,Billings,NDVI,3356.257558061318
2006-09-30T06:00:00Z,blm_miles-city_Miles City District,Miles City,EVI,1441.8680768656309
2006-09-30T06:00:00Z,blm_miles-city_Miles City District,Miles City,NDVI,2809.9930671115912
2006-09-30T06:00:00Z,blm_malta_Malta District,Malta,EVI,1437.195063308949
2006-09-30T06:00:00Z,blm_malta_Malta District,Malta,NDVI,2691.2322948761353
2006-09-30T06:00:00Z,blm_lewistown_Lewistown District,Lewistown,EVI,1857.1499119823868
2006-09-30T06:00:00Z,blm_lewistown_Lewistown District,Lewistown,NDVI,3781.938421728204
2006-09-30T06:00:00Z,blm_missoula_Missoula District,Missoula,EVI,2400.764280884445
2006-09-30T06:00:00Z,blm_missoula_Missoula District,Missoula,NDVI,5959.302310840882
2006-09-30T06:00:00Z,blm_butte_Butte District,Butte,EVI,1885.6930368941612
2006-09-30T06:00:00Z,blm_butte_Butte District,Butte,NDVI,4456.438896053915
2006-09-30T06:00:00Z,blm_dillon_Dillon District,Dillon,EVI,1782.6701903062074
2006-09-30T06:00:00Z,blm_dillon_Dillon District,Dillon,NDVI,3954.1902336726926
2006-10-16T06:00:00Z,blm_billings_Billings District,Billings,EVI,1692.5754050202402
2006-10-16T06:00:00Z,blm_billings_Billings District,Billings,NDVI,3392.657220773208
2006-10-16T06:00:00Z,blm_miles-city_Miles City District,Miles City,EVI,1370.3473323507965
2006-10-16T06:00:00Z,blm_miles-city_Miles City District,Miles City,NDVI,2757.349014070512
2006-10-16T06:00:00Z,blm_malta_Malta District,Malta,EVI,1367.2503422476127
2006-10-16T06:00:00Z,blm_malta_Malta District,Malta,NDVI,2599.4866252895
2006-10-16T06:00:00Z,blm_lewistown_Lewistown District,Lewistown,EVI,1711.2128284025418
2006-10-16T06:00:00Z,blm_lewistown_Lewistown District,Lewistown,NDVI,3384.1701131837594
2006-10-16T06:00:00Z,blm_missoula_Missoula District,Missoula,EVI,2271.2614848421376
2006-10-16T06:00:00Z,blm_missoula_Missoula District,Missoula,NDVI,5574.061794104131
2006-10-16T06:00:00Z,blm_butte_Butte District,Butte,EVI,1835.2266899314734
2006-10-16T06:00:00Z,blm_butte_Butte District,Butte,NDVI,3818.452287396771
2006-10-16T06:00:00Z,blm_dillon_Dillon District,Dillon,EVI,1714.992546596137
2006-10-16T06:00:00Z,blm_dillon_Dillon District,Dillon,NDVI,3419.3447523817135
2006-11-01T07:00:00Z,blm_billings_Billings District,Billings,EVI,1637.1672063386245
2006-11-01T07:00:00Z,blm_billings_Billings District,Billings,NDVI,3162.4482244531296
2006-11-01T07:00:00Z,blm_miles-city_Miles City District,Miles City,EVI,1316.020153136833
2006-11-01T07:00:00Z,blm_miles-city_Miles City District,Miles City,NDVI,2570.344789113489
2006-11-01T07:00:00Z,blm_malta_Malta District,Malta,EVI,1309.4465972933751
2006-11-01T07:00:00Z,blm_malta_Malta District,Malta,NDVI,2420.002783347011
2006-11-01T07:00:00Z,blm_lewistown_Lewistown District,Lewistown,EVI,1678.5869153386084
2006-11-01T07:00:00Z,blm_lewistown_Lewistown District,Lewistown,NDVI,3377.2920855022435
2006-11-01T07:00:00Z,blm_missoula_Missoula District,Missoula,EVI,2167.060301329715
2006-11-01T07:00:00Z,blm_missoula_Missoula District,Missoula,NDVI,5080.520740467393
2006-11-01T07:00:00Z,blm_butte_Butte District,Butte,EVI,1681.853511764024
2006-11-01T07:00:00Z,blm_butte_Butte District,Butte,NDVI,3841.4043966521317
2006-11-01T07:00:00Z,blm_dillon_Dillon District,Dillon,EVI,1534.3384546874515
2006-11-01T07:00:00Z,blm_dillon_Dillon District,Dillon,NDVI,3054.424428858355
2006-11-17T07:00:00Z,blm_billings_Billings District,Billings,EVI,1682.703300656573
2006-11-17T07:00:00Z,blm_billings_Billings District,Billings,NDVI,3092.865955294254
2006-11-17T07:00:00Z,blm_miles-city_Miles City District,Miles City,EVI,1316.6602899042596
2006-11-17T07:00:00Z,blm_miles-city_Miles City District,Miles City,NDVI,2480.014566996447
2006-11-17T07:00:00Z,blm_malta_Malta District,Malta,EVI,1277.871815920466
2006-11-17T07:00:00Z,blm_malta_Malta District,Malta,NDVI,2285.321080152024
2006-11-17T07:00:00Z,blm_lewistown_Lewistown District,Lewistown,EVI,1688.4043074070337
2006-11-17T07:00:00Z,blm_lewistown_Lewistown District,Lewistown,NDVI,3135.127071445451
2006-11-17T07:00:00Z,blm_missoula_Missoula District,Missoula,EVI,2061.1389932381667
2006-11-17T07:00:00Z,blm_missoula_Missoula District,Missoula,NDVI,4933.474045542141
2006-11-17T07:00:00Z,blm_butte_Butte District,Butte,EVI,1868.2600118011403
2006-11-17T07:00:00Z,blm_butte_Butte District,Butte,NDVI,3571.581744763999
2006-11-17T07:00:00Z,blm_dillon_Dillon District,Dillon,EVI,1421.0983726342126
2006-11-17T07:00:00Z,blm_dillon_Dillon District,Dillon,NDVI,2605.834752249866
2006-12-03T07:00:00Z,blm_billings_Billings District,Billings,EVI,1480.821540300277
2006-12-03T07:00:00Z,blm_billings_Billings District,Billings,NDVI,2807.9581803673864
2006-12-03T07:00:00Z,blm_miles-city_Miles City District,Miles City,EVI,1194.573816505777
2006-12-03T07:00:00Z,blm_miles-city_Miles City District,Miles City,NDVI,2299.9412007720775
2006-12-03T07:00:00Z,blm_malta_Malta District,Malta,EVI,1088.6751426351286
2006-12-03T07:00:00Z,blm_malta_Malta District,Malta,NDVI,1880.490740676001
2006-12-03T07:00:00Z,blm_lewistown_Lewistown District,Lewistown,EVI,1397.2190738636043
2006-12-03T07:00:00Z,blm_lewistown_Lewistown District,Lewistown,NDVI,2515.881376870769
2006-12-03T07:00:00Z,blm_missoula_Missoula District,Missoula,EVI,1869.885799817399
2006-12-03T07:00:00Z,blm_missoula_Missoula District,Missoula,NDVI,3985.239702546644
2006-12-03T07:00:00Z,blm_butte_Butte District,Butte,EVI,1459.6282699926537
2006-12-03T07:00:00Z,blm_butte_Butte District,Butte,NDVI,2607.993973695963
2006-12-03T07:00:00Z,blm_dillon_Dillon District,Dillon,EVI,1293.3445625257696
2006-12-03T07:00:00Z,blm_dillon_Dillon District,Dillon,NDVI,2159.6664843887725
2006-12-19T07:00:00Z,blm_billings_Billings District,Billings,EVI,1379.8005711772016
2006-12-19T07:00:00Z,blm_billings_Billings District,Billings,NDVI,2591.4448192122813
2006-12-19T07:00:00Z,blm_miles-city_Miles City District,Miles City,EVI,1185.6158669376027
2006-12-19T07:00:00Z,blm_miles-city_Miles City District,Miles City,NDVI,2213.6247288946274
2006-12-19T07:00:00Z,blm_malta_Malta District,Malta,EVI,1101.2252199721195
2006-12-19T07:00:00Z,blm_malta_Malta District,Malta,NDVI,1855.014673651778
2006-12-19T07:00:00Z,blm_lewistown_Lewistown District,Lewistown,EVI,1319.8077671149863
2006-12-19T07:00:00Z,blm_lewistown_Lewistown District,Lewistown,NDVI,2314.582228583672
2006-12-19T07:00:00Z,blm_missoula_Missoula District,Missoula,EVI,1936.9927267541357
2006-12-19T07:00:00Z,blm_missoula_Missoula District,Missoula,NDVI,3806.7254706217914
2006-12-19T07:00:00Z,blm_butte_Butte District,Butte,EVI,1321.645233889586
2006-12-19T07:00:00Z,blm_butte_Butte District,Butte,NDVI,2441.6611099490237
2006-12-19T07:00:00Z,blm_dillon_Dillon District,Dillon,EVI,1159.7309833283687
2006-12-19T07:00:00Z,blm_dillon_Dillon District,Dillon,NDVI,1962.415046032217
2007-01-01T07:00:00Z,blm_billings_Billings District,Billings,EVI,1339.2772575732965
2007-01-01T07:00:00Z,blm_billings_Billings District,Billings,NDVI,2379.9934917026253
2007-01-01T07:00:00Z,blm_miles-city_Miles City District,Miles City,EVI,1238.9470879595663
2007-01-01T07:00:00Z,blm_miles-city_Miles City District,Miles City,NDVI,2217.0455272776426
2007-01-01T07:00:00Z,blm_malta_Malta District,Malta,EVI,1083.711860826254
2007-01-01T07:00:00Z,blm_malta_Malta District,Malta,NDVI,1974.8901752460242
2007-01-01T07:00:00Z,blm_lewistown_Lewistown District,Lewistown,EVI,1339.4666603095268
2007-01-01T07:00:00Z,blm_lewistown_Lewistown District,Lewistown,NDVI,2317.5700884323737
2007-01-01T07:00:00Z,blm_missoula_Missoula District,Missoula,EVI,1798.2051973458283
2007-01-01T07:00:00Z,blm_missoula_Missoula District,Missoula,NDVI,3381.904352836617
2007-01-01T07:00:00Z,blm_butte_Butte District,Butte,EVI,1207.2015016221103
2007-01-01T07:00:00Z,blm_butte_Butte District,Butte,NDVI,2200.625643969769
2007-01-01T07:00:00Z,blm_dillon_Dillon District,Dillon,EVI,1133.888344021124
2007-01-01T07:00:00Z,blm_dillon_Dillon District,Dillon,NDVI,1795.5364739494014
2007-01-17T07:00:00Z,blm_billings_Billings District,Billings,EVI,1241.800689774909
2007-01-17T07:00:00Z,blm_billings_Billings District,Billings,NDVI,2332.041833314764
2007-01-17T07:00:00Z,blm_miles-city_Miles City District,Miles City,EVI,1099.5305210238407
2007-01-17T07:00:00Z,blm_miles-city_Miles City District,Miles City,NDVI,2087.1933005964797
2007-01-17T07:00:00Z,blm_malta_Malta District,Malta,EVI,1061.498686881866
2007-01-17T07:00:00Z,blm_malta_Malta District,Malta,NDVI,1908.583782870155
2007-01-17T07:00:00Z,blm_lewistown_Lewistown District,Lewistown,EVI,1280.263379137456
2007-01-17T07:00:00Z,blm_lewistown_Lewistown District,Lewistown,NDVI,2249.172706503863
2007-01-17T07:00:00Z,blm_missoula_Missoula District,Missoula,EVI,1674.0841332322989
2007-01-17T07:00:00Z,blm_missoula_Missoula District,Missoula,NDVI,3354.675376812498
2007-01-17T07:00:00Z,blm_butte_Butte District,Butte,EVI,1341.2724214957204
2007-01-17T07:00:00Z,blm_butte_Butte District,Butte,NDVI,2424.2136731272894
2007-01-17T07:00:00Z,blm_dillon_Dillon District,Dillon,EVI,1256.2022334650699
2007-01-17T07:00:00Z,blm_dillon_Dillon District,Dillon,NDVI,2005.3605630209424
2007-02-02T07:00:00Z,blm_billings_Billings District,Billings,EVI,1201.7646442775629
2007-02-02T07:00:00Z,blm_billings_Billings District,Billings,NDVI,2061.9071656038327
2007-02-02T07:00:00Z,blm_miles-city_Miles City District,Miles City,EVI,1162.2372424811533
2007-02-02T07:00:00Z,blm_miles-city_Miles City District,Miles City,NDVI,2005.8250059681434
2007-02-02T07:00:00Z,blm_malta_Malta District,Malta,EVI,NA
2007-02-02T07:00:00Z,blm_malta_Malta District,Malta,NDVI,NA
2007-02-02T07:00:00Z,blm_lewistown_Lewistown District,Lewistown,EVI,1233.4243497527807
2007-02-02T07:00:00Z,blm_lewistown_Lewistown District,Lewistown,NDVI,1930.4318809417264
2007-02-02T07:00:00Z,blm_missoula_Missoula District,Missoula,EVI,1420.4709675599438
2007-02-02T07:00:00Z,blm_missoula_Missoula District,Missoula,NDVI,2891.45413822285
2007-02-02T07:00:00Z,blm_butte_Butte District,Butte,EVI,1099.8093694037727
2007-02-02T07:00:00Z,blm_butte_Butte District,Butte,NDVI,1937.0934539152984
2007-02-02T07:00:00Z,blm_dillon_Dillon District,Dillon,EVI,1122.8950123841523
2007-02-02T07:00:00Z,blm_dillon_Dillon District,Dillon,NDVI,1921.2728084008088
2007-02-18T07:00:00Z,blm_billings_Billings District,Billings,EVI,1237.7323296504617
2007-02-18T07:00:00Z,blm_billings_Billings District,Billings,NDVI,2311.080518244094
2007-02-18T07:00:00Z,blm_miles-city_Miles City District,Miles City,EVI,1030.1897756335375
2007-02-18T07:00:00Z,blm_miles-city_Miles City District,Miles City,NDVI,1944.5677744279171
2007-02-18T07:00:00Z,blm_malta_Malta District,Malta,EVI,1004.1791257809248
2007-02-18T07:00:00Z,blm_malta_Malta District,Malta,NDVI,1910.6557283051775
2007-02-18T07:00:00Z,blm_lewistown_Lewistown District,Lewistown,EVI,1116.3466592378772
2007-02-18T07:00:00Z,blm_lewistown_Lewistown District,Lewistown,NDVI,2019.462528726184
2007-02-18T07:00:00Z,blm_missoula_Missoula District,Missoula,EVI,1519.6201648700064
2007-02-18T07:00:00Z,blm_missoula_Missoula District,Missoula,NDVI,2938.4730500951173
2007-02-18T07:00:00Z,blm_butte_Butte District,Butte,EVI,1263.9507042989678
2007-02-18T07:00:00Z,blm_butte_Butte District,Butte,NDVI,2092.271875081667
2007-02-18T07:00:00Z,blm_dillon_Dillon District,Dillon,EVI,1298.896466373848
2007-02-18T07:00:00Z,blm_dillon_Dillon District,Dillon,NDVI,1969.3600905457947
2007-03-06T07:00:00Z,blm_billings_Billings District,Billings,EVI,1362.4985510365577
2007-03-06T07:00:00Z,blm_billings_Billings District,Billings,NDVI,2554.169683551057
2007-03-06T07:00:00Z,blm_miles-city_Miles City District,Miles City,EVI,1093.1182700627073
2007-03-06T07:00:00Z,blm_miles-city_Miles City District,Miles City,NDVI,2137.4849372458793
2007-03-06T07:00:00Z,blm_malta_Malta District,Malta,EVI,1149.7432475817893
2007-03-06T07:00:00Z,blm_malta_Malta District,Malta,NDVI,2090.160948158406
2007-03-06T07:00:00Z,blm_lewistown_Lewistown District,Lewistown,EVI,1355.395072707158
2007-03-06T07:00:00Z,blm_lewistown_Lewistown District,Lewistown,NDVI,2499.4861520235104
2007-03-06T07:00:00Z,blm_missoula_Missoula District,Missoula,EVI,2041.794629185577
2007-03-06T07:00:00Z,blm_missoula_Missoula District,Missoula,NDVI,4386.934650771807
2007-03-06T07:00:00Z,blm_butte_Butte District,Butte,EVI,1475.5322580208694
2007-03-06T07:00:00Z,blm_butte_Butte District,Butte,NDVI,2938.5799608163875
2007-03-06T07:00:00Z,blm_dillon_Dillon District,Dillon,EVI,1297.4273187858403
2007-03-06T07:00:00Z,blm_dillon_Dillon District,Dillon,NDVI,2267.001545358174
2007-03-22T06:00:00Z,blm_billings_Billings District,Billings,EVI,1622.2939198107008
2007-03-22T06:00:00Z,blm_billings_Billings District,Billings,NDVI,2855.449680640387
2007-03-22T06:00:00Z,blm_miles-city_Miles City District,Miles City,EVI,1305.097448192361
2007-03-22T06:00:00Z,blm_miles-city_Miles City District,Miles City,NDVI,2374.375945277181
2007-03-22T06:00:00Z,blm_malta_Malta District,Malta,EVI,1280.9651950219004
2007-03-22T06:00:00Z,blm_malta_Malta District,Malta,NDVI,2250.2902316075274
2007-03-22T06:00:00Z,blm_lewistown_Lewistown District,Lewistown,EVI,1600.509231650139
2007-03-22T06:00:00Z,blm_lewistown_Lewistown District,Lewistown,NDVI,2861.5105182119473
2007-03-22T06:00:00Z,blm_missoula_Missoula District,Missoula,EVI,2344.643589775439
2007-03-22T06:00:00Z,blm_missoula_Missoula District,Missoula,NDVI,5000.873324839037
2007-03-22T06:00:00Z,blm_butte_Butte District,Butte,EVI,1696.0779860621594
2007-03-22T06:00:00Z,blm_butte_Butte District,Butte,NDVI,3244.447135299227
2007-03-22T06:00:00Z,blm_dillon_Dillon District,Dillon,EVI,1487.0430793877276
2007-03-22T06:00:00Z,blm_dillon_Dillon District,Dillon,NDVI,2568.0552243008333
2007-04-07T06:00:00Z,blm_billings_Billings District,Billings,EVI,1892.511010010441
2007-04-07T06:00:00Z,blm_billings_Billings District,Billings,NDVI,3230.8737131765733
2007-04-07T06:00:00Z,blm_miles-city_Miles City District,Miles City,EVI,1428.800526131456
2007-04-07T06:00:00Z,blm_miles-city_Miles City District,Miles City,NDVI,2626.700132571857
2007-04-07T06:00:00Z,blm_malta_Malta District,Malta,EVI,1449.8524112924147
2007-04-07T06:00:00Z,blm_malta_Malta District,Malta,NDVI,2577.745613926865
2007-04-07T06:00:00Z,blm_lewistown_Lewistown District,Lewistown,EVI,1672.181860097426
2007-04-07T06:00:00Z,blm_lewistown_Lewistown District,Lewistown,NDVI,2958.02591891743
2007-04-07T06:00:00Z,blm_missoula_Missoula District,Missoula,EVI,2412.152459686118
2007-04-07T06:00:00Z,blm_missoula_Missoula District,Missoula,NDVI,5173.179871336846
2007-04-07T06:00:00Z,blm_butte_Butte District,Butte,EVI,1798.3582733451938
2007-04-07T06:00:00Z,blm_butte_Butte District,Butte,NDVI,3464.6290642776667
2007-04-07T06:00:00Z,blm_dillon_Dillon District,Dillon,EVI,1652.0100281396622
2007-04-07T06:00:00Z,blm_dillon_Dillon District,Dillon,NDVI,2892.16596973679
2007-04-23T06:00:00Z,blm_billings_Billings District,Billings,EVI,2495.9490027080938
2007-04-23T06:00:00Z,blm_billings_Billings District,Billings,NDVI,4282.216905209164
2007-04-23T06:00:00Z,blm_miles-city_Miles City District,Miles City,EVI,1994.4025073008102
2007-04-23T06:00:00Z,blm_miles-city_Miles City District,Miles City,NDVI,3512.7212536455313
2007-04-23T06:00:00Z,blm_malta_Malta District,Malta,EVI,1961.7996459398473
2007-04-23T06:00:00Z,blm_malta_Malta District,Malta,NDVI,3324.8166466446596
2007-04-23T06:00:00Z,blm_lewistown_Lewistown District,Lewistown,EVI,2325.5396971574623
2007-04-23T06:00:00Z,blm_lewistown_Lewistown District,Lewistown,NDVI,4095.4630735093524
2007-04-23T06:00:00Z,blm_missoula_Missoula District,Missoula,EVI,2518.2048212072978
2007-04-23T06:00:00Z,blm_missoula_Missoula District,Missoula,NDVI,5949.099357144929
2007-04-23T06:00:00Z,blm_butte_Butte District,Butte,EVI,2184.6980653446335
2007-04-23T06:00:00Z,blm_butte_Butte District,Butte,NDVI,4413.504671984715
2007-04-23T06:00:00Z,blm_dillon_Dillon District,Dillon,EVI,2079.5741824688434
2007-04-23T06:00:00Z,blm_dillon_Dillon District,Dillon,NDVI,3883.810394667733
2007-05-09T06:00:00Z,blm_billings_Billings District,Billings,EVI,2838.6364430037156
2007-05-09T06:00:00Z,blm_billings_Billings District,Billings,NDVI,4594.062092504071
2007-05-09T06:00:00Z,blm_miles-city_Miles City District,Miles City,EVI,2452.2053550343085
2007-05-09T06:00:00Z,blm_miles-city_Miles City District,Miles City,NDVI,4097.411400637254
2007-05-09T06:00:00Z,blm_malta_Malta District,Malta,EVI,2366.8249203641963
2007-05-09T06:00:00Z,blm_malta_Malta District,Malta,NDVI,3786.895772660292
2007-05-09T06:00:00Z,blm_lewistown_Lewistown District,Lewistown,EVI,2947.8108916101924
2007-05-09T06:00:00Z,blm_lewistown_Lewistown District,Lewistown,NDVI,4772.3858445825135
2007-05-09T06:00:00Z,blm_missoula_Missoula District,Missoula,EVI,3033.6227915447635
2007-05-09T06:00:00Z,blm_missoula_Missoula District,Missoula,NDVI,6105.35324566803
2007-05-09T06:00:00Z,blm_butte_Butte District,Butte,EVI,2752.8522374570257
2007-05-09T06:00:00Z,blm_butte_Butte District,Butte,NDVI,4885.7880349407615
2007-05-09T06:00:00Z,blm_dillon_Dillon District,Dillon,EVI,2507.7984363514365
2007-05-09T06:00:00Z,blm_dillon_Dillon District,Dillon,NDVI,4408.728036594963
2007-05-25T06:00:00Z,blm_billings_Billings District,Billings,EVI,3204.897911510643
2007-05-25T06:00:00Z,blm_billings_Billings District,Billings,NDVI,5267.216257214603
2007-05-25T06:00:00Z,blm_miles-city_Miles City District,Miles City,EVI,2890.778163776417
2007-05-25T06:00:00Z,blm_miles-city_Miles City District,Miles City,NDVI,4787.014396669562
2007-05-25T06:00:00Z,blm_malta_Malta District,Malta,EVI,2807.039322914204
2007-05-25T06:00:00Z,blm_malta_Malta District,Malta,NDVI,4474.963078825569
2007-05-25T06:00:00Z,blm_lewistown_Lewistown District,Lewistown,EVI,3398.17374824022
2007-05-25T06:00:00Z,blm_lewistown_Lewistown District,Lewistown,NDVI,5504.181926988131
2007-05-25T06:00:00Z,blm_missoula_Missoula District,Missoula,EVI,3225.3097656662467
2007-05-25T06:00:00Z,blm_missoula_Missoula District,Missoula,NDVI,6573.091644363898
2007-05-25T06:00:00Z,blm_butte_Butte District,Butte,EVI,2990.4194918903368
2007-05-25T06:00:00Z,blm_butte_Butte District,Butte,NDVI,5457.270447192919
2007-05-25T06:00:00Z,blm_dillon_Dillon District,Dillon,EVI,2838.3034789483568
2007-05-25T06:00:00Z,blm_dillon_Dillon District,Dillon,NDVI,4970.0861031577315
2007-06-10T06:00:00Z,blm_billings_Billings District,Billings,EVI,3207.4582088034153
2007-06-10T06:00:00Z,blm_billings_Billings District,Billings,NDVI,5207.848730992862
2007-06-10T06:00:00Z,blm_miles-city_Miles City District,Miles City,EVI,3140.370353470708
2007-06-10T06:00:00Z,blm_miles-city_Miles City District,Miles City,NDVI,5096.087064238498
2007-06-10T06:00:00Z,blm_malta_Malta District,Malta,EVI,2965.593988985246
2007-06-10T06:00:00Z,blm_malta_Malta District,Malta,NDVI,4807.258102004903
2007-06-10T06:00:00Z,blm_lewistown_Lewistown District,Lewistown,EVI,3542.2860926984026
2007-06-10T06:00:00Z,blm_lewistown_Lewistown District,Lewistown,NDVI,5786.229976989888
2007-06-10T06:00:00Z,blm_missoula_Missoula District,Missoula,EVI,3465.256646349874
2007-06-10T06:00:00Z,blm_missoula_Missoula District,Missoula,NDVI,6620.1433384772645
2007-06-10T06:00:00Z,blm_butte_Butte District,Butte,EVI,3098.267927460716
2007-06-10T06:00:00Z,blm_butte_Butte District,Butte,NDVI,5651.743626482973
2007-06-10T06:00:00Z,blm_dillon_Dillon District,Dillon,EVI,2974.3589217374238
2007-06-10T06:00:00Z,blm_dillon_Dillon District,Dillon,NDVI,5232.26865985194
2007-06-26T06:00:00Z,blm_billings_Billings District,Billings,EVI,2865.902407011621
2007-06-26T06:00:00Z,blm_billings_Billings District,Billings,NDVI,4740.1173792388
2007-06-26T06:00:00Z,blm_miles-city_Miles City District,Miles City,EVI,2864.047834990361
2007-06-26T06:00:00Z,blm_miles-city_Miles City District,Miles City,NDVI,4718.278980822663
2007-06-26T06:00:00Z,blm_malta_Malta District,Malta,EVI,2612.6364628335295
2007-06-26T06:00:00Z,blm_malta_Malta District,Malta,NDVI,4254.699103696398
2007-06-26T06:00:00Z,blm_lewistown_Lewistown District,Lewistown,EVI,3093.6036443285557
2007-06-26T06:00:00Z,blm_lewistown_Lewistown District,Lewistown,NDVI,5180.93561143609
2007-06-26T06:00:00Z,blm_missoula_Missoula District,Missoula,EVI,3512.3540960867167
2007-06-26T06:00:00Z,blm_missoula_Missoula District,Missoula,NDVI,6697.348401631611
2007-06-26T06:00:00Z,blm_butte_Butte District,Butte,EVI,2916.443057736235
2007-06-26T06:00:00Z,blm_butte_Butte District,Butte,NDVI,5347.632839344511
2007-06-26T06:00:00Z,blm_dillon_Dillon District,Dillon,EVI,2743.352521870734
2007-06-26T06:00:00Z,blm_dillon_Dillon District,Dillon,NDVI,4913.542737531395
2007-07-12T06:00:00Z,blm_billings_Billings District,Billings,EVI,2372.2440582423583
2007-07-12T06:00:00Z,blm_billings_Billings District,Billings,NDVI,3950.2463989491175
2007-07-12T06:00:00Z,blm_miles-city_Miles City District,Miles City,EVI,2353.6447628404617
2007-07-12T06:00:00Z,blm_miles-city_Miles City District,Miles City,NDVI,3882.1139488637023
2007-07-12T06:00:00Z,blm_malta_Malta District,Malta,EVI,2166.6833914594563
2007-07-12T06:00:00Z,blm_malta_Malta District,Malta,NDVI,3457.934165816076
2007-07-12T06:00:00Z,blm_lewistown_Lewistown District,Lewistown,EVI,2649.223992480142
2007-07-12T06:00:00Z,blm_lewistown_Lewistown District,Lewistown,NDVI,4396.054723055163
2007-07-12T06:00:00Z,blm_missoula_Missoula District,Missoula,EVI,3170.1409144054232
2007-07-12T06:00:00Z,blm_missoula_Missoula District,Missoula,NDVI,6586.766675979069
2007-07-12T06:00:00Z,blm_butte_Butte District,Butte,EVI,2772.1768444201193
2007-07-12T06:00:00Z,blm_butte_Butte District,Butte,NDVI,4994.6868576762545
2007-07-12T06:00:00Z,blm_dillon_Dillon District,Dillon,EVI,2639.059835051667
2007-07-12T06:00:00Z,blm_dillon_Dillon District,Dillon,NDVI,4643.474881162364
2007-07-28T06:00:00Z,blm_billings_Billings District,Billings,EVI,2090.0497321921393
2007-07-28T06:00:00Z,blm_billings_Billings District,Billings,NDVI,3675.4126102884884
2007-07-28T06:00:00Z,blm_miles-city_Miles City District,Miles City,EVI,1951.2091425838469
2007-07-28T06:00:00Z,blm_miles-city_Miles City District,Miles City,NDVI,3338.693349541419
2007-07-28T06:00:00Z,blm_malta_Malta District,Malta,EVI,1838.5222427084327
2007-07-28T06:00:00Z,blm_malta_Malta District,Malta,NDVI,2995.740867848753
2007-07-28T06:00:00Z,blm_lewistown_Lewistown District,Lewistown,EVI,2212.0513455162763
2007-07-28T06:00:00Z,blm_lewistown_Lewistown District,Lewistown,NDVI,3848.5944903964923
2007-07-28T06:00:00Z,blm_missoula_Missoula District,Missoula,EVI,3063.6729171243314
2007-07-28T06:00:00Z,blm_missoula_Missoula District,Missoula,NDVI,6381.422151472755
2007-07-28T06:00:00Z,blm_butte_Butte District,Butte,EVI,2411.532693002178
2007-07-28T06:00:00Z,blm_butte_Butte District,Butte,NDVI,4783.263939239808
2007-07-28T06:00:00Z,blm_dillon_Dillon District,Dillon,EVI,2343.7859413536894
2007-07-28T06:00:00Z,blm_dillon_Dillon District,Dillon,NDVI,4400.750124424409
2007-08-13T06:00:00Z,blm_billings_Billings District,Billings,EVI,1852.7972074861411
2007-08-13T06:00:00Z,blm_billings_Billings District,Billings,NDVI,3322.560179828818
2007-08-13T06:00:00Z,blm_miles-city_Miles City District,Miles City,EVI,1783.2847327508857
2007-08-13T06:00:00Z,blm_miles-city_Miles City District,Miles City,NDVI,2991.4274862940165
2007-08-13T06:00:00Z,blm_malta_Malta District,Malta,EVI,1730.8622198120795
2007-08-13T06:00:00Z,blm_malta_Malta District,Malta,NDVI,2782.483290813846
2007-08-13T06:00:00Z,blm_lewistown_Lewistown District,Lewistown,EVI,2025.6966786322614
2007-08-13T06:00:00Z,blm_lewistown_Lewistown District,Lewistown,NDVI,3403.1304544365457
2007-08-13T06:00:00Z,blm_missoula_Missoula District,Missoula,EVI,2748.5272484778625
2007-08-13T06:00:00Z,blm_missoula_Missoula District,Missoula,NDVI,6189.656086672229
2007-08-13T06:00:00Z,blm_butte_Butte District,Butte,EVI,2128.16727758214
2007-08-13T06:00:00Z,blm_butte_Butte District,Butte,NDVI,4428.651658452462
2007-08-13T06:00:00Z,blm_dillon_Dillon District,Dillon,EVI,2152.221772977483
2007-08-13T06:00:00Z,blm_dillon_Dillon District,Dillon,NDVI,4143.432055317735
2007-08-29T06:00:00Z,blm_billings_Billings District,Billings,EVI,1800.2740122920811
2007-08-29T06:00:00Z,blm_billings_Billings District,Billings,NDVI,3202.0064777295574
2007-08-29T06:00:00Z,blm_miles-city_Miles City District,Miles City,EVI,1648.4419427909531
2007-08-29T06:00:00Z,blm_miles-city_Miles City District,Miles City,NDVI,2944.2867467570272
2007-08-29T06:00:00Z,blm_malta_Malta District,Malta,EVI,1613.3651245832707
2007-08-29T06:00:00Z,blm_malta_Malta District,Malta,NDVI,2677.9949005885055
2007-08-29T06:00:00Z,blm_lewistown_Lewistown District,Lewistown,EVI,1842.6971479667523
2007-08-29T06:00:00Z,blm_lewistown_Lewistown District,Lewistown,NDVI,3426.945613157903
2007-08-29T06:00:00Z,blm_missoula_Missoula District,Missoula,EVI,2674.2754604689976
2007-08-29T06:00:00Z,blm_missoula_Missoula District,Missoula,NDVI,6012.793497027152
2007-08-29T06:00:00Z,blm_butte_Butte District,Butte,EVI,2050.200651333524
2007-08-29T06:00:00Z,blm_butte_Butte District,Butte,NDVI,4324.812252552898
2007-08-29T06:00:00Z,blm_dillon_Dillon District,Dillon,EVI,1948.732447034026
2007-08-29T06:00:00Z,blm_dillon_Dillon District,Dillon,NDVI,4040.1543943628276
2007-09-14T06:00:00Z,blm_billings_Billings District,Billings,EVI,1663.1076153261158
2007-09-14T06:00:00Z,blm_billings_Billings District,Billings,NDVI,3073.8125999410877
2007-09-14T06:00:00Z,blm_miles-city_Miles City District,Miles City,EVI,1484.2674278317659
2007-09-14T06:00:00Z,blm_miles-city_Miles City District,Miles City,NDVI,2711.996003755472
2007-09-14T06:00:00Z,blm_malta_Malta District,Malta,EVI,1453.2039067992018
2007-09-14T06:00:00Z,blm_malta_Malta District,Malta,NDVI,2609.5792589069392
2007-09-14T06:00:00Z,blm_lewistown_Lewistown District,Lewistown,EVI,1770.9080693033343
2007-09-14T06:00:00Z,blm_lewistown_Lewistown District,Lewistown,NDVI,3346.3185278951696
2007-09-14T06:00:00Z,blm_missoula_Missoula District,Missoula,EVI,2515.1917196002173
2007-09-14T06:00:00Z,blm_missoula_Missoula District,Missoula,NDVI,5779.627752193415
2007-09-14T06:00:00Z,blm_butte_Butte District,Butte,EVI,1987.6512002605125
2007-09-14T06:00:00Z,blm_butte_Butte District,Butte,NDVI,4232.634541126766
2007-09-14T06:00:00Z,blm_dillon_Dillon District,Dillon,EVI,1937.5034434650422
2007-09-14T06:00:00Z,blm_dillon_Dillon District,Dillon,NDVI,3890.8179121602266
2007-09-30T06:00:00Z,blm_billings_Billings District,Billings,EVI,1572.1994924818564
2007-09-30T06:00:00Z,blm_billings_Billings District,Billings,NDVI,3068.1250313737673
2007-09-30T06:00:00Z,blm_miles-city_Miles City District,Miles City,EVI,1337.337348825524
2007-09-30T06:00:00Z,blm_miles-city_Miles City District,Miles City,NDVI,2566.2267336241202
2007-09-30T06:00:00Z,blm_malta_Malta District,Malta,EVI,1359.2732275425599
2007-09-30T06:00:00Z,blm_malta_Malta District,Malta,NDVI,2582.197947639967
2007-09-30T06:00:00Z,blm_lewistown_Lewistown District,Lewistown,EVI,1588.4459667799647
2007-09-30T06:00:00Z,blm_lewistown_Lewistown District,Lewistown,NDVI,3315.22304087913
2007-09-30T06:00:00Z,blm_missoula_Missoula District,Missoula,EVI,2304.5692444162764
2007-09-30T06:00:00Z,blm_missoula_Missoula District,Missoula,NDVI,5540.77255694167
2007-09-30T06:00:00Z,blm_butte_Butte District,Butte,EVI,1790.0178986965384
2007-09-30T06:00:00Z,blm_butte_Butte District,Butte,NDVI,4241.346212528453
2007-09-30T06:00:00Z,blm_dillon_Dillon District,Dillon,EVI,1717.892041779754
2007-09-30T06:00:00Z,blm_dillon_Dillon District,Dillon,NDVI,3746.11315796108
2007-10-16T06:00:00Z,blm_billings_Billings District,Billings,EVI,1689.9838629221858
2007-10-16T06:00:00Z,blm_billings_Billings District,Billings,NDVI,3166.114449754132
2007-10-16T06:00:00Z,blm_miles-city_Miles City District,Miles City,EVI,1311.0541824317415
2007-10-16T06:00:00Z,blm_miles-city_Miles City District,Miles City,NDVI,2513.3340974299585
2007-10-16T06:00:00Z,blm_malta_Malta District,Malta,EVI,1387.0257590575156
2007-10-16T06:00:00Z,blm_malta_Malta District,Malta,NDVI,2492.8341063764396
2007-10-16T06:00:00Z,blm_lewistown_Lewistown District,Lewistown,EVI,1646.1537012624349
2007-10-16T06:00:00Z,blm_lewistown_Lewistown District,Lewistown,NDVI,3278.0377232325854
2007-10-16T06:00:00Z,blm_missoula_Missoula District,Missoula,EVI,2204.153598193933
2007-10-16T06:00:00Z,blm_missoula_Missoula District,Missoula,NDVI,5605.238998511584
2007-10-16T06:00:00Z,blm_butte_Butte District,Butte,EVI,1820.1319373107472
2007-10-16T06:00:00Z,blm_butte_Butte District,Butte,NDVI,4183.983871545637
2007-10-16T06:00:00Z,blm_dillon_Dillon District,Dillon,EVI,1650.7871354005756
2007-10-16T06:00:00Z,blm_dillon_Dillon District,Dillon,NDVI,3597.0845278980596
2007-11-01T06:00:00Z,blm_billings_Billings District,Billings,EVI,1585.232718992789
2007-11-01T06:00:00Z,blm_billings_Billings District,Billings,NDVI,3014.759773846295
2007-11-01T06:00:00Z,blm_miles-city_Miles City District,Miles City,EVI,1265.1846889137678
2007-11-01T06:00:00Z,blm_miles-city_Miles City District,Miles City,NDVI,2355.7578676869484
2007-11-01T06:00:00Z,blm_malta_Malta District,Malta,EVI,1314.203017421703
2007-11-01T06:00:00Z,blm_malta_Malta District,Malta,NDVI,2304.1929569952804
2007-11-01T06:00:00Z,blm_lewistown_Lewistown District,Lewistown,EVI,1573.2918090019532
2007-11-01T06:00:00Z,blm_lewistown_Lewistown District,Lewistown,NDVI,3150.3696398632483
2007-11-01T06:00:00Z,blm_missoula_Missoula District,Missoula,EVI,2107.3757696098046
2007-11-01T06:00:00Z,blm_missoula_Missoula District,Missoula,NDVI,5499.029941342698
2007-11-01T06:00:00Z,blm_butte_Butte District,Butte,EVI,1772.4297312646177
2007-11-01T06:00:00Z,blm_butte_Butte District,Butte,NDVI,4151.980404322554
2007-11-01T06:00:00Z,blm_dillon_Dillon District,Dillon,EVI,1619.2021969868974
2007-11-01T06:00:00Z,blm_dillon_Dillon District,Dillon,NDVI,3507.058869726367
2007-11-17T07:00:00Z,blm_billings_Billings District,Billings,EVI,1582.4253471123957
2007-11-17T07:00:00Z,blm_billings_Billings District,Billings,NDVI,2916.7289450466324
2007-11-17T07:00:00Z,blm_miles-city_Miles City District,Miles City,EVI,1211.530090942441
2007-11-17T07:00:00Z,blm_miles-city_Miles City District,Miles City,NDVI,2277.8978462919727
2007-11-17T07:00:00Z,blm_malta_Malta District,Malta,EVI,1216.8966964742333
2007-11-17T07:00:00Z,blm_malta_Malta District,Malta,NDVI,2146.8890629859543
2007-11-17T07:00:00Z,blm_lewistown_Lewistown District,Lewistown,EVI,1245.7631902001779
2007-11-17T07:00:00Z,blm_lewistown_Lewistown District,Lewistown,NDVI,2263.826085084114
2007-11-17T07:00:00Z,blm_missoula_Missoula District,Missoula,EVI,2208.897061663903
2007-11-17T07:00:00Z,blm_missoula_Missoula District,Missoula,NDVI,5739.01074599504
2007-11-17T07:00:00Z,blm_butte_Butte District,Butte,EVI,1328.966321028619
2007-11-17T07:00:00Z,blm_butte_Butte District,Butte,NDVI,2177.571422646205
2007-11-17T07:00:00Z,blm_dillon_Dillon District,Dillon,EVI,1589.3494749882766
2007-11-17T07:00:00Z,blm_dillon_Dillon District,Dillon,NDVI,2573.5168593082644
2007-12-03T07:00:00Z,blm_billings_Billings District,Billings,EVI,1388.42948338234
2007-12-03T07:00:00Z,blm_billings_Billings District,Billings,NDVI,2567.119976854593
2007-12-03T07:00:00Z,blm_miles-city_Miles City District,Miles City,EVI,1277.739105370473
2007-12-03T07:00:00Z,blm_miles-city_Miles City District,Miles City,NDVI,2347.2396506206937
2007-12-03T07:00:00Z,blm_malta_Malta District,Malta,EVI,1168.6540054289908
2007-12-03T07:00:00Z,blm_malta_Malta District,Malta,NDVI,2057.7402801023804
2007-12-03T07:00:00Z,blm_lewistown_Lewistown District,Lewistown,EVI,1298.404923599
2007-12-03T07:00:00Z,blm_lewistown_Lewistown District,Lewistown,NDVI,2357.089892454808
2007-12-03T07:00:00Z,blm_missoula_Missoula District,Missoula,EVI,2154.248538903445
2007-12-03T07:00:00Z,blm_missoula_Missoula District,Missoula,NDVI,4998.315277207821
2007-12-03T07:00:00Z,blm_butte_Butte District,Butte,EVI,1501.0753334868805
2007-12-03T07:00:00Z,blm_butte_Butte District,Butte,NDVI,3057.5331019810296
2007-12-03T07:00:00Z,blm_dillon_Dillon District,Dillon,EVI,1357.884112635138
2007-12-03T07:00:00Z,blm_dillon_Dillon District,Dillon,NDVI,2282.838850740806
2007-12-19T07:00:00Z,blm_billings_Billings District,Billings,EVI,1354.9206923087247
2007-12-19T07:00:00Z,blm_billings_Billings District,Billings,NDVI,2423.7772731764653
2007-12-19T07:00:00Z,blm_miles-city_Miles City District,Miles City,EVI,1135.4888791148267
2007-12-19T07:00:00Z,blm_miles-city_Miles City District,Miles City,NDVI,2105.029195078882
2007-12-19T07:00:00Z,blm_malta_Malta District,Malta,EVI,1129.7196050324571
2007-12-19T07:00:00Z,blm_malta_Malta District,Malta,NDVI,1946.6813094442346
2007-12-19T07:00:00Z,blm_lewistown_Lewistown District,Lewistown,EVI,1241.6397655556473
2007-12-19T07:00:00Z,blm_lewistown_Lewistown District,Lewistown,NDVI,2180.5750555695226
2007-12-19T07:00:00Z,blm_missoula_Missoula District,Missoula,EVI,1957.1856132264752
2007-12-19T07:00:00Z,blm_missoula_Missoula District,Missoula,NDVI,3526.304525717692
2007-12-19T07:00:00Z,blm_butte_Butte District,Butte,EVI,1463.850078245084
2007-12-19T07:00:00Z,blm_butte_Butte District,Butte,NDVI,2704.7238167973246
2007-12-19T07:00:00Z,blm_dillon_Dillon District,Dillon,EVI,1468.5465225859143
2007-12-19T07:00:00Z,blm_dillon_Dillon District,Dillon,NDVI,2331.935650562292
2008-01-01T07:00:00Z,blm_billings_Billings District,Billings,EVI,1256.163242599606
2008-01-01T07:00:00Z,blm_billings_Billings District,Billings,NDVI,2228.170631601663
2008-01-01T07:00:00Z,blm_miles-city_Miles City District,Miles City,EVI,1104.3342019074023
2008-01-01T07:00:00Z,blm_miles-city_Miles City District,Miles City,NDVI,1982.1755446358065
2008-01-01T07:00:00Z,blm_malta_Malta District,Malta,EVI,1088.1433078489606
2008-01-01T07:00:00Z,blm_malta_Malta District,Malta,NDVI,1910.3053531905405
2008-01-01T07:00:00Z,blm_lewistown_Lewistown District,Lewistown,EVI,1203.4268299403927
2008-01-01T07:00:00Z,blm_lewistown_Lewistown District,Lewistown,NDVI,2110.9592991359973
2008-01-01T07:00:00Z,blm_missoula_Missoula District,Missoula,EVI,1506.99151758956
2008-01-01T07:00:00Z,blm_missoula_Missoula District,Missoula,NDVI,2789.9659091352332
2008-01-01T07:00:00Z,blm_butte_Butte District,Butte,EVI,1388.004644981092
2008-01-01T07:00:00Z,blm_butte_Butte District,Butte,NDVI,2645.8781910148327
2008-01-01T07:00:00Z,blm_dillon_Dillon District,Dillon,EVI,1224.643797353582
2008-01-01T07:00:00Z,blm_dillon_Dillon District,Dillon,NDVI,2112.169508416603
2008-01-17T07:00:00Z,blm_billings_Billings District,Billings,EVI,1103.3546255506608
2008-01-17T07:00:00Z,blm_billings_Billings District,Billings,NDVI,1942.3436123348017
2008-01-17T07:00:00Z,blm_miles-city_Miles City District,Miles City,EVI,1178.3135394617477
2008-01-17T07:00:00Z,blm_miles-city_Miles City District,Miles City,NDVI,1913.1342606592077
2008-01-17T07:00:00Z,blm_malta_Malta District,Malta,EVI,1109.0840251477114
2008-01-17T07:00:00Z,blm_malta_Malta District,Malta,NDVI,1810.8932468257053
2008-01-17T07:00:00Z,blm_lewistown_Lewistown District,Lewistown,EVI,NA
2008-01-17T07:00:00Z,blm_lewistown_Lewistown District,Lewistown,NDVI,NA
2008-01-17T07:00:00Z,blm_missoula_Missoula District,Missoula,EVI,2316.648640573648
2008-01-17T07:00:00Z,blm_missoula_Missoula District,Missoula,NDVI,5301.458022109352
2008-01-17T07:00:00Z,blm_butte_Butte District,Butte,EVI,NA
2008-01-17T07:00:00Z,blm_butte_Butte District,Butte,NDVI,NA
2008-01-17T07:00:00Z,blm_dillon_Dillon District,Dillon,EVI,2045.3333333333333
2008-01-17T07:00:00Z,blm_dillon_Dillon District,Dillon,NDVI,2319
2008-02-02T07:00:00Z,blm_billings_Billings District,Billings,EVI,1180.6327563269472
2008-02-02T07:00:00Z,blm_billings_Billings District,Billings,NDVI,1920.355806163076
2008-02-02T07:00:00Z,blm_miles-city_Miles City District,Miles City,EVI,1103.9393706345274
2008-02-02T07:00:00Z,blm_miles-city_Miles City District,Miles City,NDVI,1747.7934808946384
2008-02-02T07:00:00Z,blm_malta_Malta District,Malta,EVI,1044.3314051574248
2008-02-02T07:00:00Z,blm_malta_Malta District,Malta,NDVI,1710.7310246081995
2008-02-02T07:00:00Z,blm_lewistown_Lewistown District,Lewistown,EVI,1112.7076948453464
2008-02-02T07:00:00Z,blm_lewistown_Lewistown District,Lewistown,NDVI,1750.3559559011485
2008-02-02T07:00:00Z,blm_missoula_Missoula District,Missoula,EVI,1663.2527272727273
2008-02-02T07:00:00Z,blm_missoula_Missoula District,Missoula,NDVI,2960.112727272727
2008-02-02T07:00:00Z,blm_butte_Butte District,Butte,EVI,1140.4434684207868
2008-02-02T07:00:00Z,blm_butte_Butte District,Butte,NDVI,1911.5397476500034
2008-02-02T07:00:00Z,blm_dillon_Dillon District,Dillon,EVI,1242.7058846308837
2008-02-02T07:00:00Z,blm_dillon_Dillon District,Dillon,NDVI,1916.806264741226
2008-02-18T07:00:00Z,blm_billings_Billings District,Billings,EVI,1204.6175549372701
2008-02-18T07:00:00Z,blm_billings_Billings District,Billings,NDVI,2132.87017128676
2008-02-18T07:00:00Z,blm_miles-city_Miles City District,Miles City,EVI,1062.1313812074764
2008-02-18T07:00:00Z,blm_miles-city_Miles City District,Miles City,NDVI,1879.6659185948633
2008-02-18T07:00:00Z,blm_malta_Malta District,Malta,EVI,1031.9651568460051
2008-02-18T07:00:00Z,blm_malta_Malta District,Malta,NDVI,1776.540767402431
2008-02-18T07:00:00Z,blm_lewistown_Lewistown District,Lewistown,EVI,1042.2363072318615
2008-02-18T07:00:00Z,blm_lewistown_Lewistown District,Lewistown,NDVI,1776.3172299524958
2008-02-18T07:00:00Z,blm_missoula_Missoula District,Missoula,EVI,1632.4374876885895
2008-02-18T07:00:00Z,blm_missoula_Missoula District,Missoula,NDVI,3071.0667954466667
2008-02-18T07:00:00Z,blm_butte_Butte District,Butte,EVI,1116.7819400690444
2008-02-18T07:00:00Z,blm_butte_Butte District,Butte,NDVI,1891.211242913838
2008-02-18T07:00:00Z,blm_dillon_Dillon District,Dillon,EVI,1225.5761067429999
2008-02-18T07:00:00Z,blm_dillon_Dillon District,Dillon,NDVI,1871.531237351229
2008-03-05T07:00:00Z,blm_billings_Billings District,Billings,EVI,1270.0535941750009
2008-03-05T07:00:00Z,blm_billings_Billings District,Billings,NDVI,2223.0437706616217
2008-03-05T07:00:00Z,blm_miles-city_Miles City District,Miles City,EVI,1115.8718523819905
2008-03-05T07:00:00Z,blm_miles-city_Miles City District,Miles City,NDVI,2015.0607308106798
2008-03-05T07:00:00Z,blm_malta_Malta District,Malta,EVI,1099.1065213000136
2008-03-05T07:00:00Z,blm_malta_Malta District,Malta,NDVI,1911.9798006344333
2008-03-05T07:00:00Z,blm_lewistown_Lewistown District,Lewistown,EVI,1124.7505180755797
2008-03-05T07:00:00Z,blm_lewistown_Lewistown District,Lewistown,NDVI,1977.4191718069217
2008-03-05T07:00:00Z,blm_missoula_Missoula District,Missoula,EVI,1682.058841457833
2008-03-05T07:00:00Z,blm_missoula_Missoula District,Missoula,NDVI,3189.7847103680483
2008-03-05T07:00:00Z,blm_butte_Butte District,Butte,EVI,1194.640493420528
2008-03-05T07:00:00Z,blm_butte_Butte District,Butte,NDVI,2045.2791247412654
2008-03-05T07:00:00Z,blm_dillon_Dillon District,Dillon,EVI,1251.9142228019423
2008-03-05T07:00:00Z,blm_dillon_Dillon District,Dillon,NDVI,1924.2171821727447
2008-03-21T06:00:00Z,blm_billings_Billings District,Billings,EVI,1349.8698475161625
2008-03-21T06:00:00Z,blm_billings_Billings District,Billings,NDVI,2269.700080250209
2008-03-21T06:00:00Z,blm_miles-city_Miles City District,Miles City,EVI,1160.7566145316985
2008-03-21T06:00:00Z,blm_miles-city_Miles City District,Miles City,NDVI,2015.3966570241294
2008-03-21T06:00:00Z,blm_malta_Malta District,Malta,EVI,1100.3596208493725
2008-03-21T06:00:00Z,blm_malta_Malta District,Malta,NDVI,1847.3008761956953
2008-03-21T06:00:00Z,blm_lewistown_Lewistown District,Lewistown,EVI,1149.8518492736366
2008-03-21T06:00:00Z,blm_lewistown_Lewistown District,Lewistown,NDVI,1956.349550394428
2008-03-21T06:00:00Z,blm_missoula_Missoula District,Missoula,EVI,1899.302146254952
2008-03-21T06:00:00Z,blm_missoula_Missoula District,Missoula,NDVI,3502.4633282368727
2008-03-21T06:00:00Z,blm_butte_Butte District,Butte,EVI,1263.1359536984523
2008-03-21T06:00:00Z,blm_butte_Butte District,Butte,NDVI,2233.0485363957987
2008-03-21T06:00:00Z,blm_dillon_Dillon District,Dillon,EVI,1197.4583949843125
2008-03-21T06:00:00Z,blm_dillon_Dillon District,Dillon,NDVI,1916.9806606854775
2008-04-06T06:00:00Z,blm_billings_Billings District,Billings,EVI,1454.8892438978637
2008-04-06T06:00:00Z,blm_billings_Billings District,Billings,NDVI,2394.2465334995113
2008-04-06T06:00:00Z,blm_miles-city_Miles City District,Miles City,EVI,1241.8376370941214
2008-04-06T06:00:00Z,blm_miles-city_Miles City District,Miles City,NDVI,2202.752682197242
2008-04-06T06:00:00Z,blm_malta_Malta District,Malta,EVI,1220.3592472214434
2008-04-06T06:00:00Z,blm_malta_Malta District,Malta,NDVI,2017.8122899510606
2008-04-06T06:00:00Z,blm_lewistown_Lewistown District,Lewistown,EVI,1295.9436469315601
2008-04-06T06:00:00Z,blm_lewistown_Lewistown District,Lewistown,NDVI,2176.390727380086
2008-04-06T06:00:00Z,blm_missoula_Missoula District,Missoula,EVI,2005.3775021782117
2008-04-06T06:00:00Z,blm_missoula_Missoula District,Missoula,NDVI,3930.839223331005
2008-04-06T06:00:00Z,blm_butte_Butte District,Butte,EVI,1427.3347536226856
2008-04-06T06:00:00Z,blm_butte_Butte District,Butte,NDVI,2535.769121573003
2008-04-06T06:00:00Z,blm_dillon_Dillon District,Dillon,EVI,1305.4008800813315
2008-04-06T06:00:00Z,blm_dillon_Dillon District,Dillon,NDVI,2060.4956527016975
2008-04-22T06:00:00Z,blm_billings_Billings District,Billings,EVI,1599.3062573880434
2008-04-22T06:00:00Z,blm_billings_Billings District,Billings,NDVI,2646.9469991993983
2008-04-22T06:00:00Z,blm_miles-city_Miles City District,Miles City,EVI,1422.4896710136682
2008-04-22T06:00:00Z,blm_miles-city_Miles City District,Miles City,NDVI,2480.405245530946
2008-04-22T06:00:00Z,blm_malta_Malta District,Malta,EVI,1313.4484258951586
2008-04-22T06:00:00Z,blm_malta_Malta District,Malta,NDVI,2202.7955639070774
2008-04-22T06:00:00Z,blm_lewistown_Lewistown District,Lewistown,EVI,1450.6440687725774
2008-04-22T06:00:00Z,blm_lewistown_Lewistown District,Lewistown,NDVI,2427.552358322111
2008-04-22T06:00:00Z,blm_missoula_Missoula District,Missoula,EVI,2476.7394527988795
2008-04-22T06:00:00Z,blm_missoula_Missoula District,Missoula,NDVI,4692.562460978265
2008-04-22T06:00:00Z,blm_butte_Butte District,Butte,EVI,1690.6317310697966
2008-04-22T06:00:00Z,blm_butte_Butte District,Butte,NDVI,3039.0111280826295
2008-04-22T06:00:00Z,blm_dillon_Dillon District,Dillon,EVI,1509.5406807747324
2008-04-22T06:00:00Z,blm_dillon_Dillon District,Dillon,NDVI,2441.162209963166
2008-05-08T06:00:00Z,blm_billings_Billings District,Billings,EVI,2010.704086890512
2008-05-08T06:00:00Z,blm_billings_Billings District,Billings,NDVI,3330.173251135173
2008-05-08T06:00:00Z,blm_miles-city_Miles City District,Miles City,EVI,1793.385764816133
2008-05-08T06:00:00Z,blm_miles-city_Miles City District,Miles City,NDVI,3031.592185846861
2008-05-08T06:00:00Z,blm_malta_Malta District,Malta,EVI,1565.458989393773
2008-05-08T06:00:00Z,blm_malta_Malta District,Malta,NDVI,2605.646060300272
2008-05-08T06:00:00Z,blm_lewistown_Lewistown District,Lewistown,EVI,1870.8139410348642
2008-05-08T06:00:00Z,blm_lewistown_Lewistown District,Lewistown,NDVI,3269.1526505436123
2008-05-08T06:00:00Z,blm_missoula_Missoula District,Missoula,EVI,2546.593795272754
2008-05-08T06:00:00Z,blm_missoula_Missoula District,Missoula,NDVI,5138.1249186969335
2008-05-08T06:00:00Z,blm_butte_Butte District,Butte,EVI,1997.610987924898
2008-05-08T06:00:00Z,blm_butte_Butte District,Butte,NDVI,3946.287664276386
2008-05-08T06:00:00Z,blm_dillon_Dillon District,Dillon,EVI,1787.7442466264329
2008-05-08T06:00:00Z,blm_dillon_Dillon District,Dillon,NDVI,3300.1787363968915
2008-05-24T06:00:00Z,blm_billings_Billings District,Billings,EVI,2546.6354323736236
2008-05-24T06:00:00Z,blm_billings_Billings District,Billings,NDVI,4344.823593369632
2008-05-24T06:00:00Z,blm_miles-city_Miles City District,Miles City,EVI,2317.617986332295
2008-05-24T06:00:00Z,blm_miles-city_Miles City District,Miles City,NDVI,3949.9212816680624
2008-05-24T06:00:00Z,blm_malta_Malta District,Malta,EVI,2217.413623647733
2008-05-24T06:00:00Z,blm_malta_Malta District,Malta,NDVI,3639.274204200119
2008-05-24T06:00:00Z,blm_lewistown_Lewistown District,Lewistown,EVI,2550.4307435941955
2008-05-24T06:00:00Z,blm_lewistown_Lewistown District,Lewistown,NDVI,4368.53358144292
2008-05-24T06:00:00Z,blm_missoula_Missoula District,Missoula,EVI,2872.081933978538
2008-05-24T06:00:00Z,blm_missoula_Missoula District,Missoula,NDVI,6110.3462377181795
2008-05-24T06:00:00Z,blm_butte_Butte District,Butte,EVI,2779.9945516238895
2008-05-24T06:00:00Z,blm_butte_Butte District,Butte,NDVI,4928.834870108348
2008-05-24T06:00:00Z,blm_dillon_Dillon District,Dillon,EVI,2749.3863829594934
2008-05-24T06:00:00Z,blm_dillon_Dillon District,Dillon,NDVI,4452.099255608262
2008-06-09T06:00:00Z,blm_billings_Billings District,Billings,EVI,2825.764183784952
2008-06-09T06:00:00Z,blm_billings_Billings District,Billings,NDVI,4647.111661262758
2008-06-09T06:00:00Z,blm_miles-city_Miles City District,Miles City,EVI,2625.8703050424324
2008-06-09T06:00:00Z,blm_miles-city_Miles City District,Miles City,NDVI,4434.014098653322
2008-06-09T06:00:00Z,blm_malta_Malta District,Malta,EVI,2616.6167793219583
2008-06-09T06:00:00Z,blm_malta_Malta District,Malta,NDVI,4354.793010785793
2008-06-09T06:00:00Z,blm_lewistown_Lewistown District,Lewistown,EVI,2991.958982884481
2008-06-09T06:00:00Z,blm_lewistown_Lewistown District,Lewistown,NDVI,5099.460500586082
2008-06-09T06:00:00Z,blm_missoula_Missoula District,Missoula,EVI,3202.7760942105137
2008-06-09T06:00:00Z,blm_missoula_Missoula District,Missoula,NDVI,6405.57401456828
2008-06-09T06:00:00Z,blm_butte_Butte District,Butte,EVI,2848.9577252769423
2008-06-09T06:00:00Z,blm_butte_Butte District,Butte,NDVI,5479.2752982284455
2008-06-09T06:00:00Z,blm_dillon_Dillon District,Dillon,EVI,2728.314147698197
2008-06-09T06:00:00Z,blm_dillon_Dillon District,Dillon,NDVI,4995.488835698746
2008-06-25T06:00:00Z,blm_billings_Billings District,Billings,EVI,2764.8848898623323
2008-06-25T06:00:00Z,blm_billings_Billings District,Billings,NDVI,4633.908148324991
2008-06-25T06:00:00Z,blm_miles-city_Miles City District,Miles City,EVI,2630.9188305487032
2008-06-25T06:00:00Z,blm_miles-city_Miles City District,Miles City,NDVI,4400.2671095367
2008-06-25T06:00:00Z,blm_malta_Malta District,Malta,EVI,2827.1164224883482
2008-06-25T06:00:00Z,blm_malta_Malta District,Malta,NDVI,4494.906584320981
2008-06-25T06:00:00Z,blm_lewistown_Lewistown District,Lewistown,EVI,3250.1692240024727
2008-06-25T06:00:00Z,blm_lewistown_Lewistown District,Lewistown,NDVI,5419.2463020447785
2008-06-25T06:00:00Z,blm_missoula_Missoula District,Missoula,EVI,3309.4234506753196
2008-06-25T06:00:00Z,blm_missoula_Missoula District,Missoula,NDVI,6693.11444593257
2008-06-25T06:00:00Z,blm_butte_Butte District,Butte,EVI,3020.839958453096
2008-06-25T06:00:00Z,blm_butte_Butte District,Butte,NDVI,5617.200565661625
2008-06-25T06:00:00Z,blm_dillon_Dillon District,Dillon,EVI,2959.6003644002108
2008-06-25T06:00:00Z,blm_dillon_Dillon District,Dillon,NDVI,5229.358854754924
2008-07-11T06:00:00Z,blm_billings_Billings District,Billings,EVI,2341.0519851706176
2008-07-11T06:00:00Z,blm_billings_Billings District,Billings,NDVI,4029.22678120383
2008-07-11T06:00:00Z,blm_miles-city_Miles City District,Miles City,EVI,2165.9540027978355
2008-07-11T06:00:00Z,blm_miles-city_Miles City District,Miles City,NDVI,3702.56362987113
2008-07-11T06:00:00Z,blm_malta_Malta District,Malta,EVI,2394.545991159953
2008-07-11T06:00:00Z,blm_malta_Malta District,Malta,NDVI,3917.638683613461
2008-07-11T06:00:00Z,blm_lewistown_Lewistown District,Lewistown,EVI,2928.771669903364
2008-07-11T06:00:00Z,blm_lewistown_Lewistown District,Lewistown,NDVI,4959.535328900446
2008-07-11T06:00:00Z,blm_missoula_Missoula District,Missoula,EVI,3480.370580178941
2008-07-11T06:00:00Z,blm_missoula_Missoula District,Missoula,NDVI,6606.91017811087
2008-07-11T06:00:00Z,blm_butte_Butte District,Butte,EVI,2835.4509332084826
2008-07-11T06:00:00Z,blm_butte_Butte District,Butte,NDVI,5363.206128096119
2008-07-11T06:00:00Z,blm_dillon_Dillon District,Dillon,EVI,2774.047455422052
2008-07-11T06:00:00Z,blm_dillon_Dillon District,Dillon,NDVI,4968.950430921426
2008-07-27T06:00:00Z,blm_billings_Billings District,Billings,EVI,2078.0215499363267
2008-07-27T06:00:00Z,blm_billings_Billings District,Billings,NDVI,3612.454196334286
2008-07-27T06:00:00Z,blm_miles-city_Miles City District,Miles City,EVI,1894.5364580838127
2008-07-27T06:00:00Z,blm_miles-city_Miles City District,Miles City,NDVI,3262.639600877063
2008-07-27T06:00:00Z,blm_malta_Malta District,Malta,EVI,2092.219238665478
2008-07-27T06:00:00Z,blm_malta_Malta District,Malta,NDVI,3408.071589302741
2008-07-27T06:00:00Z,blm_lewistown_Lewistown District,Lewistown,EVI,2505.4934002727177
2008-07-27T06:00:00Z,blm_lewistown_Lewistown District,Lewistown,NDVI,4360.890302352248
2008-07-27T06:00:00Z,blm_missoula_Missoula District,Missoula,EVI,3328.7753172707226
2008-07-27T06:00:00Z,blm_missoula_Missoula District,Missoula,NDVI,6504.604361934848
2008-07-27T06:00:00Z,blm_butte_Butte District,Butte,EVI,2674.4973221907667
2008-07-27T06:00:00Z,blm_butte_Butte District,Butte,NDVI,5130.45851451026
2008-07-27T06:00:00Z,blm_dillon_Dillon District,Dillon,EVI,2621.717066610717
2008-07-27T06:00:00Z,blm_dillon_Dillon District,Dillon,NDVI,4763.474790578923
2008-08-12T06:00:00Z,blm_billings_Billings District,Billings,EVI,1893.4590321787994
2008-08-12T06:00:00Z,blm_billings_Billings District,Billings,NDVI,3259.1953114729968
2008-08-12T06:00:00Z,blm_miles-city_Miles City District,Miles City,EVI,1675.8594723286183
2008-08-12T06:00:00Z,blm_miles-city_Miles City District,Miles City,NDVI,2963.264740779526
2008-08-12T06:00:00Z,blm_malta_Malta District,Malta,EVI,1803.8473704982316
2008-08-12T06:00:00Z,blm_malta_Malta District,Malta,NDVI,2993.740673971825
2008-08-12T06:00:00Z,blm_lewistown_Lewistown District,Lewistown,EVI,2218.031266514566
2008-08-12T06:00:00Z,blm_lewistown_Lewistown District,Lewistown,NDVI,3914.3609360758564
2008-08-12T06:00:00Z,blm_missoula_Missoula District,Missoula,EVI,2920.3868941016176
2008-08-12T06:00:00Z,blm_missoula_Missoula District,Missoula,NDVI,6315.649749551477
2008-08-12T06:00:00Z,blm_butte_Butte District,Butte,EVI,2466.1688180421493
2008-08-12T06:00:00Z,blm_butte_Butte District,Butte,NDVI,4908.560424259873
2008-08-12T06:00:00Z,blm_dillon_Dillon District,Dillon,EVI,2421.01889403875
2008-08-12T06:00:00Z,blm_dillon_Dillon District,Dillon,NDVI,4555.015109322756
2008-08-28T06:00:00Z,blm_billings_Billings District,Billings,EVI,1749.0143940271205
2008-08-28T06:00:00Z,blm_billings_Billings District,Billings,NDVI,3178.535944455344
2008-08-28T06:00:00Z,blm_miles-city_Miles City District,Miles City,EVI,1619.0525471228852
2008-08-28T06:00:00Z,blm_miles-city_Miles City District,Miles City,NDVI,2864.37745549146
2008-08-28T06:00:00Z,blm_malta_Malta District,Malta,EVI,1710.3358052429928
2008-08-28T06:00:00Z,blm_malta_Malta District,Malta,NDVI,2910.7618815485985
2008-08-28T06:00:00Z,blm_lewistown_Lewistown District,Lewistown,EVI,1943.409078038758
2008-08-28T06:00:00Z,blm_lewistown_Lewistown District,Lewistown,NDVI,3782.9973422755543
2008-08-28T06:00:00Z,blm_missoula_Missoula District,Missoula,EVI,2941.0398217485176
2008-08-28T06:00:00Z,blm_missoula_Missoula District,Missoula,NDVI,6242.775823582081
2008-08-28T06:00:00Z,blm_butte_Butte District,Butte,EVI,2139.4557223799443
2008-08-28T06:00:00Z,blm_butte_Butte District,Butte,NDVI,4711.322559194495
2008-08-28T06:00:00Z,blm_dillon_Dillon District,Dillon,EVI,2104.9225673265278
2008-08-28T06:00:00Z,blm_dillon_Dillon District,Dillon,NDVI,4225.897745898289
2008-09-13T06:00:00Z,blm_billings_Billings District,Billings,EVI,1841.2530043242605
2008-09-13T06:00:00Z,blm_billings_Billings District,Billings,NDVI,3467.0336603347123
2008-09-13T06:00:00Z,blm_miles-city_Miles City District,Miles City,EVI,1503.9948143574647
2008-09-13T06:00:00Z,blm_miles-city_Miles City District,Miles City,NDVI,2794.781224237891
2008-09-13T06:00:00Z,blm_malta_Malta District,Malta,EVI,1716.2929903778884
2008-09-13T06:00:00Z,blm_malta_Malta District,Malta,NDVI,3118.6693358888865
2008-09-13T06:00:00Z,blm_lewistown_Lewistown District,Lewistown,EVI,2008.3577406541358
2008-09-13T06:00:00Z,blm_lewistown_Lewistown District,Lewistown,NDVI,3872.3608662637585
2008-09-13T06:00:00Z,blm_missoula_Missoula District,Missoula,EVI,2623.1410066634835
2008-09-13T06:00:00Z,blm_missoula_Missoula District,Missoula,NDVI,5986.019282396146
2008-09-13T06:00:00Z,blm_butte_Butte District,Butte,EVI,2064.3252992008124
2008-09-13T06:00:00Z,blm_butte_Butte District,Butte,NDVI,4523.010423048801
2008-09-13T06:00:00Z,blm_dillon_Dillon District,Dillon,EVI,1970.1471559764398
2008-09-13T06:00:00Z,blm_dillon_Dillon District,Dillon,NDVI,3986.488785492852
2008-09-29T06:00:00Z,blm_billings_Billings District,Billings,EVI,1857.0062281057328
2008-09-29T06:00:00Z,blm_billings_Billings District,Billings,NDVI,3487.362942509797
2008-09-29T06:00:00Z,blm_miles-city_Miles City District,Miles City,EVI,1424.4401078303697
2008-09-29T06:00:00Z,blm_miles-city_Miles City District,Miles City,NDVI,2671.9639944820055
2008-09-29T06:00:00Z,blm_malta_Malta District,Malta,EVI,1642.0480960418483
2008-09-29T06:00:00Z,blm_malta_Malta District,Malta,NDVI,2994.0612804696098
2008-09-29T06:00:00Z,blm_lewistown_Lewistown District,Lewistown,EVI,1901.8004836776652
2008-09-29T06:00:00Z,blm_lewistown_Lewistown District,Lewistown,NDVI,3705.0748876753078
2008-09-29T06:00:00Z,blm_missoula_Missoula District,Missoula,EVI,2610.853458733005
2008-09-29T06:00:00Z,blm_missoula_Missoula District,Missoula,NDVI,6015.332766052856
2008-09-29T06:00:00Z,blm_butte_Butte District,Butte,EVI,1886.2177574389893
2008-09-29T06:00:00Z,blm_butte_Butte District,Butte,NDVI,4234.943578944358
2008-09-29T06:00:00Z,blm_dillon_Dillon District,Dillon,EVI,1824.20604660214
2008-09-29T06:00:00Z,blm_dillon_Dillon District,Dillon,NDVI,3738.235804272522
2008-10-15T06:00:00Z,blm_billings_Billings District,Billings,EVI,1866.665852057453
2008-10-15T06:00:00Z,blm_billings_Billings District,Billings,NDVI,3382.5580819389484
2008-10-15T06:00:00Z,blm_miles-city_Miles City District,Miles City,EVI,1311.9268196930316
2008-10-15T06:00:00Z,blm_miles-city_Miles City District,Miles City,NDVI,2571.2089867022146
2008-10-15T06:00:00Z,blm_malta_Malta District,Malta,EVI,1573.1765795546453
2008-10-15T06:00:00Z,blm_malta_Malta District,Malta,NDVI,2734.195970854973
2008-10-15T06:00:00Z,blm_lewistown_Lewistown District,Lewistown,EVI,1803.2187685586575
2008-10-15T06:00:00Z,blm_lewistown_Lewistown District,Lewistown,NDVI,3438.5336476277166
2008-10-15T06:00:00Z,blm_missoula_Missoula District,Missoula,EVI,2173.138030199387
2008-10-15T06:00:00Z,blm_missoula_Missoula District,Missoula,NDVI,5514.2369584498365
2008-10-15T06:00:00Z,blm_butte_Butte District,Butte,EVI,1835.1644834194756
2008-10-15T06:00:00Z,blm_butte_Butte District,Butte,NDVI,4035.9687526684365
2008-10-15T06:00:00Z,blm_dillon_Dillon District,Dillon,EVI,1720.3256260767068
2008-10-15T06:00:00Z,blm_dillon_Dillon District,Dillon,NDVI,3512.5092433807754
2008-10-31T06:00:00Z,blm_billings_Billings District,Billings,EVI,1703.5791328667747
2008-10-31T06:00:00Z,blm_billings_Billings District,Billings,NDVI,3198.5865848351414
2008-10-31T06:00:00Z,blm_miles-city_Miles City District,Miles City,EVI,1256.5543420216184
2008-10-31T06:00:00Z,blm_miles-city_Miles City District,Miles City,NDVI,2448.043699279847
2008-10-31T06:00:00Z,blm_malta_Malta District,Malta,EVI,1369.2118878739889
2008-10-31T06:00:00Z,blm_malta_Malta District,Malta,NDVI,2553.3014585153596
2008-10-31T06:00:00Z,blm_lewistown_Lewistown District,Lewistown,EVI,1598.0861553850823
2008-10-31T06:00:00Z,blm_lewistown_Lewistown District,Lewistown,NDVI,3114.314255146854
2008-10-31T06:00:00Z,blm_missoula_Missoula District,Missoula,EVI,2383.7354927117453
2008-10-31T06:00:00Z,blm_missoula_Missoula District,Missoula,NDVI,5386.517891150598
2008-10-31T06:00:00Z,blm_butte_Butte District,Butte,EVI,1622.3783333837491
2008-10-31T06:00:00Z,blm_butte_Butte District,Butte,NDVI,3402.914179360175
2008-10-31T06:00:00Z,blm_dillon_Dillon District,Dillon,EVI,1480.183137896937
2008-10-31T06:00:00Z,blm_dillon_Dillon District,Dillon,NDVI,2950.191427915202
2008-11-16T07:00:00Z,blm_billings_Billings District,Billings,EVI,1629.8837084148176
2008-11-16T07:00:00Z,blm_billings_Billings District,Billings,NDVI,3011.5183214604267
2008-11-16T07:00:00Z,blm_miles-city_Miles City District,Miles City,EVI,1166.5837709048424
2008-11-16T07:00:00Z,blm_miles-city_Miles City District,Miles City,NDVI,2303.542624151635
2008-11-16T07:00:00Z,blm_malta_Malta District,Malta,EVI,1266.2605429320936
2008-11-16T07:00:00Z,blm_malta_Malta District,Malta,NDVI,2296.4082755000386
2008-11-16T07:00:00Z,blm_lewistown_Lewistown District,Lewistown,EVI,1570.6665531623028
2008-11-16T07:00:00Z,blm_lewistown_Lewistown District,Lewistown,NDVI,3026.653752508142
2008-11-16T07:00:00Z,blm_missoula_Missoula District,Missoula,EVI,2124.1509680044555
2008-11-16T07:00:00Z,blm_missoula_Missoula District,Missoula,NDVI,5322.21103506298
2008-11-16T07:00:00Z,blm_butte_Butte District,Butte,EVI,1664.7110628089488
2008-11-16T07:00:00Z,blm_butte_Butte District,Butte,NDVI,3733.665532651992
2008-11-16T07:00:00Z,blm_dillon_Dillon District,Dillon,EVI,1504.2054499060075
2008-11-16T07:00:00Z,blm_dillon_Dillon District,Dillon,NDVI,3162.1730790872302
2008-12-02T07:00:00Z,blm_billings_Billings District,Billings,EVI,1512.0267517963414
2008-12-02T07:00:00Z,blm_billings_Billings District,Billings,NDVI,2770.0086734763977
2008-12-02T07:00:00Z,blm_miles-city_Miles City District,Miles City,EVI,1283.1623457600358
2008-12-02T07:00:00Z,blm_miles-city_Miles City District,Miles City,NDVI,2504.7009627683296
2008-12-02T07:00:00Z,blm_malta_Malta District,Malta,EVI,1260.6960157721965
2008-12-02T07:00:00Z,blm_malta_Malta District,Malta,NDVI,1998.1639814950297
2008-12-02T07:00:00Z,blm_lewistown_Lewistown District,Lewistown,EVI,1509.040757907997
2008-12-02T07:00:00Z,blm_lewistown_Lewistown District,Lewistown,NDVI,2301.9434996833006
2008-12-02T07:00:00Z,blm_missoula_Missoula District,Missoula,EVI,2006.491067140939
2008-12-02T07:00:00Z,blm_missoula_Missoula District,Missoula,NDVI,4897.736287357803
2008-12-02T07:00:00Z,blm_butte_Butte District,Butte,EVI,1318.3236788291065
2008-12-02T07:00:00Z,blm_butte_Butte District,Butte,NDVI,2437.662002764701
2008-12-02T07:00:00Z,blm_dillon_Dillon District,Dillon,EVI,1208.3025288321046
2008-12-02T07:00:00Z,blm_dillon_Dillon District,Dillon,NDVI,2252.24465062764
2008-12-18T07:00:00Z,blm_billings_Billings District,Billings,EVI,NA
2008-12-18T07:00:00Z,blm_billings_Billings District,Billings,NDVI,NA
2008-12-18T07:00:00Z,blm_miles-city_Miles City District,Miles City,EVI,NA
2008-12-18T07:00:00Z,blm_miles-city_Miles City District,Miles City,NDVI,NA
2008-12-18T07:00:00Z,blm_malta_Malta District,Malta,EVI,NA
2008-12-18T07:00:00Z,blm_malta_Malta District,Malta,NDVI,NA
2008-12-18T07:00:00Z,blm_lewistown_Lewistown District,Lewistown,EVI,648.4
2008-12-18T07:00:00Z,blm_lewistown_Lewistown District,Lewistown,NDVI,2562.2
2008-12-18T07:00:00Z,blm_missoula_Missoula District,Missoula,EVI,2604.3333333333335
2008-12-18T07:00:00Z,blm_missoula_Missoula District,Missoula,NDVI,6487.333333333333
2008-12-18T07:00:00Z,blm_butte_Butte District,Butte,EVI,NA
2008-12-18T07:00:00Z,blm_butte_Butte District,Butte,NDVI,NA
2008-12-18T07:00:00Z,blm_dillon_Dillon District,Dillon,EVI,NA
2008-12-18T07:00:00Z,blm_dillon_Dillon District,Dillon,NDVI,NA
2009-01-01T07:00:00Z,blm_billings_Billings District,Billings,EVI,1240.2032656917925
2009-01-01T07:00:00Z,blm_billings_Billings District,Billings,NDVI,2180.0954645273478
2009-01-01T07:00:00Z,blm_miles-city_Miles City District,Miles City,EVI,NA
2009-01-01T07:00:00Z,blm_miles-city_Miles City District,Miles City,NDVI,NA
2009-01-01T07:00:00Z,blm_malta_Malta District,Malta,EVI,737.012987012987
2009-01-01T07:00:00Z,blm_malta_Malta District,Malta,NDVI,1089.857142857143
2009-01-01T07:00:00Z,blm_lewistown_Lewistown District,Lewistown,EVI,1138.070684001904
2009-01-01T07:00:00Z,blm_lewistown_Lewistown District,Lewistown,NDVI,2074.976046184541
2009-01-01T07:00:00Z,blm_missoula_Missoula District,Missoula,EVI,1807.5494279847462
2009-01-01T07:00:00Z,blm_missoula_Missoula District,Missoula,NDVI,3408.1384506206914
2009-01-01T07:00:00Z,blm_butte_Butte District,Butte,EVI,1206.6414029315204
2009-01-01T07:00:00Z,blm_butte_Butte District,Butte,NDVI,2087.9290916219
2009-01-01T07:00:00Z,blm_dillon_Dillon District,Dillon,EVI,1498.0645648134914
2009-01-01T07:00:00Z,blm_dillon_Dillon District,Dillon,NDVI,2456.0584078890956
2009-01-17T07:00:00Z,blm_billings_Billings District,Billings,EVI,1221.2988459571438
2009-01-17T07:00:00Z,blm_billings_Billings District,Billings,NDVI,2302.2387876971898
2009-01-17T07:00:00Z,blm_miles-city_Miles City District,Miles City,EVI,1023.155236191839
2009-01-17T07:00:00Z,blm_miles-city_Miles City District,Miles City,NDVI,2032.4698613990543
2009-01-17T07:00:00Z,blm_malta_Malta District,Malta,EVI,1013.4946065692284
2009-01-17T07:00:00Z,blm_malta_Malta District,Malta,NDVI,1747.1539072716148
2009-01-17T07:00:00Z,blm_lewistown_Lewistown District,Lewistown,EVI,1161.2405779860542
2009-01-17T07:00:00Z,blm_lewistown_Lewistown District,Lewistown,NDVI,2029.2603841287216
2009-01-17T07:00:00Z,blm_missoula_Missoula District,Missoula,EVI,1955.540570363294
2009-01-17T07:00:00Z,blm_missoula_Missoula District,Missoula,NDVI,3908.871234141653
2009-01-17T07:00:00Z,blm_butte_Butte District,Butte,EVI,1133.3355281907934
2009-01-17T07:00:00Z,blm_butte_Butte District,Butte,NDVI,2032.294394137202
2009-01-17T07:00:00Z,blm_dillon_Dillon District,Dillon,EVI,1303.8337072381867
2009-01-17T07:00:00Z,blm_dillon_Dillon District,Dillon,NDVI,2124.1809529990555
2009-02-02T07:00:00Z,blm_billings_Billings District,Billings,EVI,1248.3585460113611
2009-02-02T07:00:00Z,blm_billings_Billings District,Billings,NDVI,2319.560843975599
2009-02-02T07:00:00Z,blm_miles-city_Miles City District,Miles City,EVI,1040.6630732950732
2009-02-02T07:00:00Z,blm_miles-city_Miles City District,Miles City,NDVI,1987.8127320247802
2009-02-02T07:00:00Z,blm_malta_Malta District,Malta,EVI,1046.7706670699195
2009-02-02T07:00:00Z,blm_malta_Malta District,Malta,NDVI,1768.645065182189
2009-02-02T07:00:00Z,blm_lewistown_Lewistown District,Lewistown,EVI,1174.4686651976717
2009-02-02T07:00:00Z,blm_lewistown_Lewistown District,Lewistown,NDVI,2018.154699831489
2009-02-02T07:00:00Z,blm_missoula_Missoula District,Missoula,EVI,1701.1224949536754
2009-02-02T07:00:00Z,blm_missoula_Missoula District,Missoula,NDVI,3165.804977687189
2009-02-02T07:00:00Z,blm_butte_Butte District,Butte,EVI,1159.5743951893762
2009-02-02T07:00:00Z,blm_butte_Butte District,Butte,NDVI,1984.208054186343
2009-02-02T07:00:00Z,blm_dillon_Dillon District,Dillon,EVI,1227.886841233172
2009-02-02T07:00:00Z,blm_dillon_Dillon District,Dillon,NDVI,1942.5582961515001
2009-02-18T07:00:00Z,blm_billings_Billings District,Billings,EVI,1198.4165879692657
2009-02-18T07:00:00Z,blm_billings_Billings District,Billings,NDVI,2221.946897957581
2009-02-18T07:00:00Z,blm_miles-city_Miles City District,Miles City,EVI,1058.826176195856
2009-02-18T07:00:00Z,blm_miles-city_Miles City District,Miles City,NDVI,2075.5800537495643
2009-02-18T07:00:00Z,blm_malta_Malta District,Malta,EVI,1017.7970069698969
2009-02-18T07:00:00Z,blm_malta_Malta District,Malta,NDVI,1788.9166609003523
2009-02-18T07:00:00Z,blm_lewistown_Lewistown District,Lewistown,EVI,1162.5063765520263
2009-02-18T07:00:00Z,blm_lewistown_Lewistown District,Lewistown,NDVI,2012.0699550641991
2009-02-18T07:00:00Z,blm_missoula_Missoula District,Missoula,EVI,1759.4457414736232
2009-02-18T07:00:00Z,blm_missoula_Missoula District,Missoula,NDVI,3359.1386599222405
2009-02-18T07:00:00Z,blm_butte_Butte District,Butte,EVI,1136.3248292786216
2009-02-18T07:00:00Z,blm_butte_Butte District,Butte,NDVI,1982.49018081429
2009-02-18T07:00:00Z,blm_dillon_Dillon District,Dillon,EVI,1169.0162480127422
2009-02-18T07:00:00Z,blm_dillon_Dillon District,Dillon,NDVI,1850.9859981420966
2009-03-06T07:00:00Z,blm_billings_Billings District,Billings,EVI,1274.9827073717381
2009-03-06T07:00:00Z,blm_billings_Billings District,Billings,NDVI,2408.902921349956
2009-03-06T07:00:00Z,blm_miles-city_Miles City District,Miles City,EVI,1047.8046848160905
2009-03-06T07:00:00Z,blm_miles-city_Miles City District,Miles City,NDVI,2100.2116947568325
2009-03-06T07:00:00Z,blm_malta_Malta District,Malta,EVI,1000.7245121571432
2009-03-06T07:00:00Z,blm_malta_Malta District,Malta,NDVI,1814.973238966003
2009-03-06T07:00:00Z,blm_lewistown_Lewistown District,Lewistown,EVI,1220.9415974170931
2009-03-06T07:00:00Z,blm_lewistown_Lewistown District,Lewistown,NDVI,2136.995276145923
2009-03-06T07:00:00Z,blm_missoula_Missoula District,Missoula,EVI,1771.5840343949453
2009-03-06T07:00:00Z,blm_missoula_Missoula District,Missoula,NDVI,3119.3894101955457
2009-03-06T07:00:00Z,blm_butte_Butte District,Butte,EVI,1271.3051323639424
2009-03-06T07:00:00Z,blm_butte_Butte District,Butte,NDVI,2191.2881429474664
2009-03-06T07:00:00Z,blm_dillon_Dillon District,Dillon,EVI,1194.9056793770135
2009-03-06T07:00:00Z,blm_dillon_Dillon District,Dillon,NDVI,1806.6137450327333
2009-03-22T06:00:00Z,blm_billings_Billings District,Billings,EVI,1413.1698318994074
2009-03-22T06:00:00Z,blm_billings_Billings District,Billings,NDVI,2458.472087157598
2009-03-22T06:00:00Z,blm_miles-city_Miles City District,Miles City,EVI,1128.953838315595
2009-03-22T06:00:00Z,blm_miles-city_Miles City District,Miles City,NDVI,2104.8102004522184
2009-03-22T06:00:00Z,blm_malta_Malta District,Malta,EVI,1146.1388637460914
2009-03-22T06:00:00Z,blm_malta_Malta District,Malta,NDVI,2018.236255486835
2009-03-22T06:00:00Z,blm_lewistown_Lewistown District,Lewistown,EVI,1200.4740476412107
2009-03-22T06:00:00Z,blm_lewistown_Lewistown District,Lewistown,NDVI,2166.5680315697577
2009-03-22T06:00:00Z,blm_missoula_Missoula District,Missoula,EVI,1940.811995654193
2009-03-22T06:00:00Z,blm_missoula_Missoula District,Missoula,NDVI,3943.5137877557854
2009-03-22T06:00:00Z,blm_butte_Butte District,Butte,EVI,1287.4760292406258
2009-03-22T06:00:00Z,blm_butte_Butte District,Butte,NDVI,2202.2888424484972
2009-03-22T06:00:00Z,blm_dillon_Dillon District,Dillon,EVI,1145.7491677972687
2009-03-22T06:00:00Z,blm_dillon_Dillon District,Dillon,NDVI,1749.63446386569
2009-04-07T06:00:00Z,blm_billings_Billings District,Billings,EVI,1662.4976969414163
2009-04-07T06:00:00Z,blm_billings_Billings District,Billings,NDVI,2944.4040424013483
2009-04-07T06:00:00Z,blm_miles-city_Miles City District,Miles City,EVI,1353.0230745842923
2009-04-07T06:00:00Z,blm_miles-city_Miles City District,Miles City,NDVI,2458.4930327054108
2009-04-07T06:00:00Z,blm_malta_Malta District,Malta,EVI,1353.6814178325335
2009-04-07T06:00:00Z,blm_malta_Malta District,Malta,NDVI,2379.9238843837784
2009-04-07T06:00:00Z,blm_lewistown_Lewistown District,Lewistown,EVI,1552.2129853461806
2009-04-07T06:00:00Z,blm_lewistown_Lewistown District,Lewistown,NDVI,2745.8496240062223
2009-04-07T06:00:00Z,blm_missoula_Missoula District,Missoula,EVI,2298.568303315639
2009-04-07T06:00:00Z,blm_missoula_Missoula District,Missoula,NDVI,4681.8618320320265
2009-04-07T06:00:00Z,blm_butte_Butte District,Butte,EVI,1652.1672574682407
2009-04-07T06:00:00Z,blm_butte_Butte District,Butte,NDVI,2982.244686274363
2009-04-07T06:00:00Z,blm_dillon_Dillon District,Dillon,EVI,1343.5999575207454
2009-04-07T06:00:00Z,blm_dillon_Dillon District,Dillon,NDVI,2209.285614971311
2009-04-23T06:00:00Z,blm_billings_Billings District,Billings,EVI,2122.63075735787
2009-04-23T06:00:00Z,blm_billings_Billings District,Billings,NDVI,3570.5696461650855
2009-04-23T06:00:00Z,blm_miles-city_Miles City District,Miles City,EVI,1694.2652730207794
2009-04-23T06:00:00Z,blm_miles-city_Miles City District,Miles City,NDVI,3048.1952873421965
2009-04-23T06:00:00Z,blm_malta_Malta District,Malta,EVI,1607.5593880386505
2009-04-23T06:00:00Z,blm_malta_Malta District,Malta,NDVI,2786.1245940572153
2009-04-23T06:00:00Z,blm_lewistown_Lewistown District,Lewistown,EVI,2013.3992793529646
2009-04-23T06:00:00Z,blm_lewistown_Lewistown District,Lewistown,NDVI,3320.5098621672064
2009-04-23T06:00:00Z,blm_missoula_Missoula District,Missoula,EVI,2537.122695021526
2009-04-23T06:00:00Z,blm_missoula_Missoula District,Missoula,NDVI,5112.71345746881
2009-04-23T06:00:00Z,blm_butte_Butte District,Butte,EVI,1967.423501674308
2009-04-23T06:00:00Z,blm_butte_Butte District,Butte,NDVI,3152.015321674127
2009-04-23T06:00:00Z,blm_dillon_Dillon District,Dillon,EVI,1678.7843013823394
2009-04-23T06:00:00Z,blm_dillon_Dillon District,Dillon,NDVI,2561.1256138388467
2009-05-09T06:00:00Z,blm_billings_Billings District,Billings,EVI,2448.653508302064
2009-05-09T06:00:00Z,blm_billings_Billings District,Billings,NDVI,4102.788761515651
2009-05-09T06:00:00Z,blm_miles-city_Miles City District,Miles City,EVI,2090.755551778971
2009-05-09T06:00:00Z,blm_miles-city_Miles City District,Miles City,NDVI,3543.3362675317976
2009-05-09T06:00:00Z,blm_malta_Malta District,Malta,EVI,1993.7591882839026
2009-05-09T06:00:00Z,blm_malta_Malta District,Malta,NDVI,3280.223050577487
2009-05-09T06:00:00Z,blm_lewistown_Lewistown District,Lewistown,EVI,2336.0118396367966
2009-05-09T06:00:00Z,blm_lewistown_Lewistown District,Lewistown,NDVI,3949.074802928278
2009-05-09T06:00:00Z,blm_missoula_Missoula District,Missoula,EVI,2755.087827208215
2009-05-09T06:00:00Z,blm_missoula_Missoula District,Missoula,NDVI,5692.8259397670245
2009-05-09T06:00:00Z,blm_butte_Butte District,Butte,EVI,2260.746171810035
2009-05-09T06:00:00Z,blm_butte_Butte District,Butte,NDVI,4099.965551454992
2009-05-09T06:00:00Z,blm_dillon_Dillon District,Dillon,EVI,1990.6194557992817
2009-05-09T06:00:00Z,blm_dillon_Dillon District,Dillon,NDVI,3447.815016776998
2009-05-25T06:00:00Z,blm_billings_Billings District,Billings,EVI,2660.6870470650247
2009-05-25T06:00:00Z,blm_billings_Billings District,Billings,NDVI,4642.714316573509
2009-05-25T06:00:00Z,blm_miles-city_Miles City District,Miles City,EVI,2492.0442863247595
2009-05-25T06:00:00Z,blm_miles-city_Miles City District,Miles City,NDVI,4291.868880974866
2009-05-25T06:00:00Z,blm_malta_Malta District,Malta,EVI,2301.3596861363076
2009-05-25T06:00:00Z,blm_malta_Malta District,Malta,NDVI,3835.0353742480243
2009-05-25T06:00:00Z,blm_lewistown_Lewistown District,Lewistown,EVI,2683.6617957938074
2009-05-25T06:00:00Z,blm_lewistown_Lewistown District,Lewistown,NDVI,4701.097771672606
2009-05-25T06:00:00Z,blm_missoula_Missoula District,Missoula,EVI,3091.659110814483
2009-05-25T06:00:00Z,blm_missoula_Missoula District,Missoula,NDVI,6096.315204466598
2009-05-25T06:00:00Z,blm_butte_Butte District,Butte,EVI,2440.655263507461
2009-05-25T06:00:00Z,blm_butte_Butte District,Butte,NDVI,4638.642998428572
2009-05-25T06:00:00Z,blm_dillon_Dillon District,Dillon,EVI,2230.3221353814592
2009-05-25T06:00:00Z,blm_dillon_Dillon District,Dillon,NDVI,4111.984321832527
2009-06-10T06:00:00Z,blm_billings_Billings District,Billings,EVI,2883.4505289464596
2009-06-10T06:00:00Z,blm_billings_Billings District,Billings,NDVI,4793.403422097052
2009-06-10T06:00:00Z,blm_miles-city_Miles City District,Miles City,EVI,2663.8353837365544
2009-06-10T06:00:00Z,blm_miles-city_Miles City District,Miles City,NDVI,4535.949583684829
2009-06-10T06:00:00Z,blm_malta_Malta District,Malta,EVI,2615.970333928872
2009-06-10T06:00:00Z,blm_malta_Malta District,Malta,NDVI,4182.344657119905
2009-06-10T06:00:00Z,blm_lewistown_Lewistown District,Lewistown,EVI,3198.099847085018
2009-06-10T06:00:00Z,blm_lewistown_Lewistown District,Lewistown,NDVI,5227.215791282255
2009-06-10T06:00:00Z,blm_missoula_Missoula District,Missoula,EVI,3291.0215284946435
2009-06-10T06:00:00Z,blm_missoula_Missoula District,Missoula,NDVI,6602.144171047873
2009-06-10T06:00:00Z,blm_butte_Butte District,Butte,EVI,3075.603437688018
2009-06-10T06:00:00Z,blm_butte_Butte District,Butte,NDVI,5424.517430396966
2009-06-10T06:00:00Z,blm_dillon_Dillon District,Dillon,EVI,2932.96048125878
2009-06-10T06:00:00Z,blm_dillon_Dillon District,Dillon,NDVI,5201.6342544517265
2009-06-26T06:00:00Z,blm_billings_Billings District,Billings,EVI,2743.866508984515
2009-06-26T06:00:00Z,blm_billings_Billings District,Billings,NDVI,4710.66728247122
2009-06-26T06:00:00Z,blm_miles-city_Miles City District,Miles City,EVI,2720.1725606630234
2009-06-26T06:00:00Z,blm_miles-city_Miles City District,Miles City,NDVI,4467.8889843356455
2009-06-26T06:00:00Z,blm_malta_Malta District,Malta,EVI,2551.294666414645
2009-06-26T06:00:00Z,blm_malta_Malta District,Malta,NDVI,4150.870256207134
2009-06-26T06:00:00Z,blm_lewistown_Lewistown District,Lewistown,EVI,3070.0073975517216
2009-06-26T06:00:00Z,blm_lewistown_Lewistown District,Lewistown,NDVI,5215.841799132708
2009-06-26T06:00:00Z,blm_missoula_Missoula District,Missoula,EVI,3383.8178115415726
2009-06-26T06:00:00Z,blm_missoula_Missoula District,Missoula,NDVI,6538.682389182115
2009-06-26T06:00:00Z,blm_butte_Butte District,Butte,EVI,2995.087515301684
2009-06-26T06:00:00Z,blm_butte_Butte District,Butte,NDVI,5573.192146366365
2009-06-26T06:00:00Z,blm_dillon_Dillon District,Dillon,EVI,3063.2860577793385
2009-06-26T06:00:00Z,blm_dillon_Dillon District,Dillon,NDVI,5326.029463418246
2009-07-12T06:00:00Z,blm_billings_Billings District,Billings,EVI,2480.0646913845653
2009-07-12T06:00:00Z,blm_billings_Billings District,Billings,NDVI,4174.827007310004
2009-07-12T06:00:00Z,blm_miles-city_Miles City District,Miles City,EVI,2441.770457024732
2009-07-12T06:00:00Z,blm_miles-city_Miles City District,Miles City,NDVI,4068.9275762834086
2009-07-12T06:00:00Z,blm_malta_Malta District,Malta,EVI,2331.6845330281085
2009-07-12T06:00:00Z,blm_malta_Malta District,Malta,NDVI,3776.3794168526683
2009-07-12T06:00:00Z,blm_lewistown_Lewistown District,Lewistown,EVI,2858.0574408000657
2009-07-12T06:00:00Z,blm_lewistown_Lewistown District,Lewistown,NDVI,4846.076733673174
2009-07-12T06:00:00Z,blm_missoula_Missoula District,Missoula,EVI,3393.846550288971
2009-07-12T06:00:00Z,blm_missoula_Missoula District,Missoula,NDVI,6601.367385776109
2009-07-12T06:00:00Z,blm_butte_Butte District,Butte,EVI,2886.154135161571
2009-07-12T06:00:00Z,blm_butte_Butte District,Butte,NDVI,5504.912899032244
2009-07-12T06:00:00Z,blm_dillon_Dillon District,Dillon,EVI,2914.2351146818264
2009-07-12T06:00:00Z,blm_dillon_Dillon District,Dillon,NDVI,5217.987702158191
2009-07-28T06:00:00Z,blm_billings_Billings District,Billings,EVI,2138.8476556156515
2009-07-28T06:00:00Z,blm_billings_Billings District,Billings,NDVI,3653.3022713190176
2009-07-28T06:00:00Z,blm_miles-city_Miles City District,Miles City,EVI,2036.663045366059
2009-07-28T06:00:00Z,blm_miles-city_Miles City District,Miles City,NDVI,3496.2753704215274
2009-07-28T06:00:00Z,blm_malta_Malta District,Malta,EVI,1973.978162502154
2009-07-28T06:00:00Z,blm_malta_Malta District,Malta,NDVI,3180.7477606000894
2009-07-28T06:00:00Z,blm_lewistown_Lewistown District,Lewistown,EVI,2558.0006058715835
2009-07-28T06:00:00Z,blm_lewistown_Lewistown District,Lewistown,NDVI,4358.8727530886035
2009-07-28T06:00:00Z,blm_missoula_Missoula District,Missoula,EVI,3367.2070091610553
2009-07-28T06:00:00Z,blm_missoula_Missoula District,Missoula,NDVI,6498.454309971835
2009-07-28T06:00:00Z,blm_butte_Butte District,Butte,EVI,2839.2083970811323
2009-07-28T06:00:00Z,blm_butte_Butte District,Butte,NDVI,5253.117588616889
2009-07-28T06:00:00Z,blm_dillon_Dillon District,Dillon,EVI,2893.1968083472925
2009-07-28T06:00:00Z,blm_dillon_Dillon District,Dillon,NDVI,4940.229196064049
2009-08-13T06:00:00Z,blm_billings_Billings District,Billings,EVI,2011.0352140409032
2009-08-13T06:00:00Z,blm_billings_Billings District,Billings,NDVI,3544.937592747035
2009-08-13T06:00:00Z,blm_miles-city_Miles City District,Miles City,EVI,1870.5448468021511
2009-08-13T06:00:00Z,blm_miles-city_Miles City District,Miles City,NDVI,3297.7192433027117
2009-08-13T06:00:00Z,blm_malta_Malta District,Malta,EVI,1858.1947991568304
2009-08-13T06:00:00Z,blm_malta_Malta District,Malta,NDVI,3153.0139307374598
2009-08-13T06:00:00Z,blm_lewistown_Lewistown District,Lewistown,EVI,2447.4292956881955
2009-08-13T06:00:00Z,blm_lewistown_Lewistown District,Lewistown,NDVI,4315.471110422129
2009-08-13T06:00:00Z,blm_missoula_Missoula District,Missoula,EVI,2869.450051025873
2009-08-13T06:00:00Z,blm_missoula_Missoula District,Missoula,NDVI,6653.06087919178
2009-08-13T06:00:00Z,blm_butte_Butte District,Butte,EVI,2690.1997681172274
2009-08-13T06:00:00Z,blm_butte_Butte District,Butte,NDVI,5067.246062579178
2009-08-13T06:00:00Z,blm_dillon_Dillon District,Dillon,EVI,2579.140196983385
2009-08-13T06:00:00Z,blm_dillon_Dillon District,Dillon,NDVI,4824.2498389096545
2009-08-29T06:00:00Z,blm_billings_Billings District,Billings,EVI,1821.0244266290927
2009-08-29T06:00:00Z,blm_billings_Billings District,Billings,NDVI,3300.5093406205615
2009-08-29T06:00:00Z,blm_miles-city_Miles City District,Miles City,EVI,1763.545145755204
2009-08-29T06:00:00Z,blm_miles-city_Miles City District,Miles City,NDVI,3173.0375126197782
2009-08-29T06:00:00Z,blm_malta_Malta District,Malta,EVI,1618.8317887906464
2009-08-29T06:00:00Z,blm_malta_Malta District,Malta,NDVI,2843.3778281669197
2009-08-29T06:00:00Z,blm_lewistown_Lewistown District,Lewistown,EVI,2140.490529088692
2009-08-29T06:00:00Z,blm_lewistown_Lewistown District,Lewistown,NDVI,3952.857696007404
2009-08-29T06:00:00Z,blm_missoula_Missoula District,Missoula,EVI,2805.640845156867
2009-08-29T06:00:00Z,blm_missoula_Missoula District,Missoula,NDVI,6404.830272431666
2009-08-29T06:00:00Z,blm_butte_Butte District,Butte,EVI,2311.1925213829227
2009-08-29T06:00:00Z,blm_butte_Butte District,Butte,NDVI,4801.749136556555
2009-08-29T06:00:00Z,blm_dillon_Dillon District,Dillon,EVI,2283.7797728201635
2009-08-29T06:00:00Z,blm_dillon_Dillon District,Dillon,NDVI,4530.738083979905
2009-09-14T06:00:00Z,blm_billings_Billings District,Billings,EVI,1672.1932879491371
2009-09-14T06:00:00Z,blm_billings_Billings District,Billings,NDVI,3093.3322138332155
2009-09-14T06:00:00Z,blm_miles-city_Miles City District,Miles City,EVI,1628.2236017362895
2009-09-14T06:00:00Z,blm_miles-city_Miles City District,Miles City,NDVI,2973.398584648011
2009-09-14T06:00:00Z,blm_malta_Malta District,Malta,EVI,1479.4430221221146
2009-09-14T06:00:00Z,blm_malta_Malta District,Malta,NDVI,2627.805981248269
2009-09-14T06:00:00Z,blm_lewistown_Lewistown District,Lewistown,EVI,1911.33434083394
2009-09-14T06:00:00Z,blm_lewistown_Lewistown District,Lewistown,NDVI,3658.7476299096697
2009-09-14T06:00:00Z,blm_missoula_Missoula District,Missoula,EVI,2668.8722148792813
2009-09-14T06:00:00Z,blm_missoula_Missoula District,Missoula,NDVI,6099.872243889977
2009-09-14T06:00:00Z,blm_butte_Butte District,Butte,EVI,2039.4154666249776
2009-09-14T06:00:00Z,blm_butte_Butte District,Butte,NDVI,4496.746303521636
2009-09-14T06:00:00Z,blm_dillon_Dillon District,Dillon,EVI,2043.8327791574663
2009-09-14T06:00:00Z,blm_dillon_Dillon District,Dillon,NDVI,4180.473211436161
2009-09-30T06:00:00Z,blm_billings_Billings District,Billings,EVI,1609.4117809499242
2009-09-30T06:00:00Z,blm_billings_Billings District,Billings,NDVI,2838.7139016630235
2009-09-30T06:00:00Z,blm_miles-city_Miles City District,Miles City,EVI,1632.7009468450287
2009-09-30T06:00:00Z,blm_miles-city_Miles City District,Miles City,NDVI,2879.1231096649135
2009-09-30T06:00:00Z,blm_malta_Malta District,Malta,EVI,1483.0387231271766
2009-09-30T06:00:00Z,blm_malta_Malta District,Malta,NDVI,2507.9046890779505
2009-09-30T06:00:00Z,blm_lewistown_Lewistown District,Lewistown,EVI,1720.5878775657695
2009-09-30T06:00:00Z,blm_lewistown_Lewistown District,Lewistown,NDVI,3086.163615080426
2009-09-30T06:00:00Z,blm_missoula_Missoula District,Missoula,EVI,2643.6297882799277
2009-09-30T06:00:00Z,blm_missoula_Missoula District,Missoula,NDVI,5838.95593239173
2009-09-30T06:00:00Z,blm_butte_Butte District,Butte,EVI,1986.2584110265664
2009-09-30T06:00:00Z,blm_butte_Butte District,Butte,NDVI,3553.281355635833
2009-09-30T06:00:00Z,blm_dillon_Dillon District,Dillon,EVI,1977.9087269508948
2009-09-30T06:00:00Z,blm_dillon_Dillon District,Dillon,NDVI,3463.5210643679784
2009-10-16T06:00:00Z,blm_billings_Billings District,Billings,EVI,1433.410834517583
2009-10-16T06:00:00Z,blm_billings_Billings District,Billings,NDVI,2685.91371456216
2009-10-16T06:00:00Z,blm_miles-city_Miles City District,Miles City,EVI,1318.0817969657141
2009-10-16T06:00:00Z,blm_miles-city_Miles City District,Miles City,NDVI,2639.224183045147
2009-10-16T06:00:00Z,blm_malta_Malta District,Malta,EVI,1325.1880916525372
2009-10-16T06:00:00Z,blm_malta_Malta District,Malta,NDVI,2451.0013247190072
2009-10-16T06:00:00Z,blm_lewistown_Lewistown District,Lewistown,EVI,1549.6318530791666
2009-10-16T06:00:00Z,blm_lewistown_Lewistown District,Lewistown,NDVI,2946.989592076745
2009-10-16T06:00:00Z,blm_missoula_Missoula District,Missoula,EVI,2367.221179972888
2009-10-16T06:00:00Z,blm_missoula_Missoula District,Missoula,NDVI,5503.298627391762
2009-10-16T06:00:00Z,blm_butte_Butte District,Butte,EVI,1751.17004362855
2009-10-16T06:00:00Z,blm_butte_Butte District,Butte,NDVI,3823.373295247394
2009-10-16T06:00:00Z,blm_dillon_Dillon District,Dillon,EVI,1728.3243776409731
2009-10-16T06:00:00Z,blm_dillon_Dillon District,Dillon,NDVI,3589.3357524683447
2009-11-01T06:00:00Z,blm_billings_Billings District,Billings,EVI,1394.4966272800318
2009-11-01T06:00:00Z,blm_billings_Billings District,Billings,NDVI,2668.4355474611452
2009-11-01T06:00:00Z,blm_miles-city_Miles City District,Miles City,EVI,1214.839341329339
2009-11-01T06:00:00Z,blm_miles-city_Miles City District,Miles City,NDVI,2425.6579885291276
2009-11-01T06:00:00Z,blm_malta_Malta District,Malta,EVI,1183.261721354123
2009-11-01T06:00:00Z,blm_malta_Malta District,Malta,NDVI,2193.108476516113
2009-11-01T06:00:00Z,blm_lewistown_Lewistown District,Lewistown,EVI,1447.4721398493996
2009-11-01T06:00:00Z,blm_lewistown_Lewistown District,Lewistown,NDVI,2825.8896053520943
2009-11-01T06:00:00Z,blm_missoula_Missoula District,Missoula,EVI,2148.866425479203
2009-11-01T06:00:00Z,blm_missoula_Missoula District,Missoula,NDVI,5380.333170420649
2009-11-01T06:00:00Z,blm_butte_Butte District,Butte,EVI,1624.2682775854635
2009-11-01T06:00:00Z,blm_butte_Butte District,Butte,NDVI,3717.9684396030707
2009-11-01T06:00:00Z,blm_dillon_Dillon District,Dillon,EVI,1586.9511091853014
2009-11-01T06:00:00Z,blm_dillon_Dillon District,Dillon,NDVI,3341.848567921112
2009-11-17T07:00:00Z,blm_billings_Billings District,Billings,EVI,1330.3952919479757
2009-11-17T07:00:00Z,blm_billings_Billings District,Billings,NDVI,2587.538213131104
2009-11-17T07:00:00Z,blm_miles-city_Miles City District,Miles City,EVI,1185.773059706689
2009-11-17T07:00:00Z,blm_miles-city_Miles City District,Miles City,NDVI,2316.9003743103763
2009-11-17T07:00:00Z,blm_malta_Malta District,Malta,EVI,1125.64780974356
2009-11-17T07:00:00Z,blm_malta_Malta District,Malta,NDVI,2068.8383389287333
2009-11-17T07:00:00Z,blm_lewistown_Lewistown District,Lewistown,EVI,1388.2763679605307
2009-11-17T07:00:00Z,blm_lewistown_Lewistown District,Lewistown,NDVI,2592.047759173778
2009-11-17T07:00:00Z,blm_missoula_Missoula District,Missoula,EVI,2235.1884939537676
2009-11-17T07:00:00Z,blm_missoula_Missoula District,Missoula,NDVI,4963.421154493525
2009-11-17T07:00:00Z,blm_butte_Butte District,Butte,EVI,1657.6354133220116
2009-11-17T07:00:00Z,blm_butte_Butte District,Butte,NDVI,3360.072419609011
2009-11-17T07:00:00Z,blm_dillon_Dillon District,Dillon,EVI,1369.26404726294
2009-11-17T07:00:00Z,blm_dillon_Dillon District,Dillon,NDVI,2291.0587970997744
2009-12-03T07:00:00Z,blm_billings_Billings District,Billings,EVI,1156.4824659573167
2009-12-03T07:00:00Z,blm_billings_Billings District,Billings,NDVI,2032.7370550149335
2009-12-03T07:00:00Z,blm_miles-city_Miles City District,Miles City,EVI,1144.307353831216
2009-12-03T07:00:00Z,blm_miles-city_Miles City District,Miles City,NDVI,2042.2003389507001
2009-12-03T07:00:00Z,blm_malta_Malta District,Malta,EVI,1081.7174178364162
2009-12-03T07:00:00Z,blm_malta_Malta District,Malta,NDVI,1923.7656381051115
2009-12-03T07:00:00Z,blm_lewistown_Lewistown District,Lewistown,EVI,1267.8982920092706
2009-12-03T07:00:00Z,blm_lewistown_Lewistown District,Lewistown,NDVI,2277.5431194107696
2009-12-03T07:00:00Z,blm_missoula_Missoula District,Missoula,EVI,2469.9718227759304
2009-12-03T07:00:00Z,blm_missoula_Missoula District,Missoula,NDVI,5673.567418026375
2009-12-03T07:00:00Z,blm_butte_Butte District,Butte,EVI,1409.3190213714827
2009-12-03T07:00:00Z,blm_butte_Butte District,Butte,NDVI,2306.3617868864776
2009-12-03T07:00:00Z,blm_dillon_Dillon District,Dillon,EVI,1325.6966506612619
2009-12-03T07:00:00Z,blm_dillon_Dillon District,Dillon,NDVI,2086.826272992689
2009-12-19T07:00:00Z,blm_billings_Billings District,Billings,EVI,1286.1889483065954
2009-12-19T07:00:00Z,blm_billings_Billings District,Billings,NDVI,2014.572192513369
2009-12-19T07:00:00Z,blm_miles-city_Miles City District,Miles City,EVI,NA
2009-12-19T07:00:00Z,blm_miles-city_Miles City District,Miles City,NDVI,NA
2009-12-19T07:00:00Z,blm_malta_Malta District,Malta,EVI,NA
2009-12-19T07:00:00Z,blm_malta_Malta District,Malta,NDVI,NA
2009-12-19T07:00:00Z,blm_lewistown_Lewistown District,Lewistown,EVI,1151.5989898989899
2009-12-19T07:00:00Z,blm_lewistown_Lewistown District,Lewistown,NDVI,2084.3050505050505
2009-12-19T07:00:00Z,blm_missoula_Missoula District,Missoula,EVI,1764.6116258250363
2009-12-19T07:00:00Z,blm_missoula_Missoula District,Missoula,NDVI,3306.4596991919384
2009-12-19T07:00:00Z,blm_butte_Butte District,Butte,EVI,1268.373284454892
2009-12-19T07:00:00Z,blm_butte_Butte District,Butte,NDVI,2157.7861931373013
2009-12-19T07:00:00Z,blm_dillon_Dillon District,Dillon,EVI,1396.3286193121814
2009-12-19T07:00:00Z,blm_dillon_Dillon District,Dillon,NDVI,2362.332108912255
2010-01-01T07:00:00Z,blm_billings_Billings District,Billings,EVI,1206.2328326567974
2010-01-01T07:00:00Z,blm_billings_Billings District,Billings,NDVI,2205.2039002180168
2010-01-01T07:00:00Z,blm_miles-city_Miles City District,Miles City,EVI,NA
2010-01-01T07:00:00Z,blm_miles-city_Miles City District,Miles City,NDVI,NA
2010-01-01T07:00:00Z,blm_malta_Malta District,Malta,EVI,948.9331943885468
2010-01-01T07:00:00Z,blm_malta_Malta District,Malta,NDVI,1830.8350773299599
2010-01-01T07:00:00Z,blm_lewistown_Lewistown District,Lewistown,EVI,1029.8791766681218
2010-01-01T07:00:00Z,blm_lewistown_Lewistown District,Lewistown,NDVI,1942.6375131860361
2010-01-01T07:00:00Z,blm_missoula_Missoula District,Missoula,EVI,1700.8373330225554
2010-01-01T07:00:00Z,blm_missoula_Missoula District,Missoula,NDVI,3242.3597137484526
2010-01-01T07:00:00Z,blm_butte_Butte District,Butte,EVI,1277.755318097162
2010-01-01T07:00:00Z,blm_butte_Butte District,Butte,NDVI,2088.43160156156
2010-01-01T07:00:00Z,blm_dillon_Dillon District,Dillon,EVI,1214.144747977242
2010-01-01T07:00:00Z,blm_dillon_Dillon District,Dillon,NDVI,1914.3456171198216
2010-01-17T07:00:00Z,blm_billings_Billings District,Billings,EVI,1305.1354859283188
2010-01-17T07:00:00Z,blm_billings_Billings District,Billings,NDVI,2240.201304275983
2010-01-17T07:00:00Z,blm_miles-city_Miles City District,Miles City,EVI,1043.6734326613482
2010-01-17T07:00:00Z,blm_miles-city_Miles City District,Miles City,NDVI,2108.115261171838
2010-01-17T07:00:00Z,blm_malta_Malta District,Malta,EVI,1269.656797335324
2010-01-17T07:00:00Z,blm_malta_Malta District,Malta,NDVI,2168.8478322074106
2010-01-17T07:00:00Z,blm_lewistown_Lewistown District,Lewistown,EVI,1296.6288163729039
2010-01-17T07:00:00Z,blm_lewistown_Lewistown District,Lewistown,NDVI,2226.308140746316
2010-01-17T07:00:00Z,blm_missoula_Missoula District,Missoula,EVI,1739.84684767576
2010-01-17T07:00:00Z,blm_missoula_Missoula District,Missoula,NDVI,4112.1756137152
2010-01-17T07:00:00Z,blm_butte_Butte District,Butte,EVI,1362.6837350969247
2010-01-17T07:00:00Z,blm_butte_Butte District,Butte,NDVI,2088.6580435703527
2010-01-17T07:00:00Z,blm_dillon_Dillon District,Dillon,EVI,1404.1152163083452
2010-01-17T07:00:00Z,blm_dillon_Dillon District,Dillon,NDVI,2078.6754048260073
2010-02-02T07:00:00Z,blm_billings_Billings District,Billings,EVI,1407.857142857143
2010-02-02T07:00:00Z,blm_billings_Billings District,Billings,NDVI,2083.8928571428573
2010-02-02T07:00:00Z,blm_miles-city_Miles City District,Miles City,EVI,NA
2010-02-02T07:00:00Z,blm_miles-city_Miles City District,Miles City,NDVI,NA
2010-02-02T07:00:00Z,blm_malta_Malta District,Malta,EVI,1094.6097560975609
2010-02-02T07:00:00Z,blm_malta_Malta District,Malta,NDVI,1854.3902439024391
2010-02-02T07:00:00Z,blm_lewistown_Lewistown District,Lewistown,EVI,1200.5213675213674
2010-02-02T07:00:00Z,blm_lewistown_Lewistown District,Lewistown,NDVI,2052.709401709402
2010-02-02T07:00:00Z,blm_missoula_Missoula District,Missoula,EVI,1543.3054209919262
2010-02-02T07:00:00Z,blm_missoula_Missoula District,Missoula,NDVI,3140.2057670126874
2010-02-02T07:00:00Z,blm_butte_Butte District,Butte,EVI,1191.4516680174358
2010-02-02T07:00:00Z,blm_butte_Butte District,Butte,NDVI,1911.674829693558
2010-02-02T07:00:00Z,blm_dillon_Dillon District,Dillon,EVI,1576.3369928631132
2010-02-02T07:00:00Z,blm_dillon_Dillon District,Dillon,NDVI,2130.352729376969
2010-02-18T07:00:00Z,blm_billings_Billings District,Billings,EVI,1017.2053006754185
2010-02-18T07:00:00Z,blm_billings_Billings District,Billings,NDVI,1954.702691320075
2010-02-18T07:00:00Z,blm_miles-city_Miles City District,Miles City,EVI,1270.257392465516
2010-02-18T07:00:00Z,blm_miles-city_Miles City District,Miles City,NDVI,2259.1291614504635
2010-02-18T07:00:00Z,blm_malta_Malta District,Malta,EVI,952.87532262336
2010-02-18T07:00:00Z,blm_malta_Malta District,Malta,NDVI,1779.0117220666357
2010-02-18T07:00:00Z,blm_lewistown_Lewistown District,Lewistown,EVI,1060.050032041323
2010-02-18T07:00:00Z,blm_lewistown_Lewistown District,Lewistown,NDVI,2000.614830599982
2010-02-18T07:00:00Z,blm_missoula_Missoula District,Missoula,EVI,2002.2216995328895
2010-02-18T07:00:00Z,blm_missoula_Missoula District,Missoula,NDVI,4637.086898078876
2010-02-18T07:00:00Z,blm_butte_Butte District,Butte,EVI,1137.9752607390462
2010-02-18T07:00:00Z,blm_butte_Butte District,Butte,NDVI,1948.9146564640994
2010-02-18T07:00:00Z,blm_dillon_Dillon District,Dillon,EVI,1255.9233425942446
2010-02-18T07:00:00Z,blm_dillon_Dillon District,Dillon,NDVI,1942.7368994922076
2010-03-06T07:00:00Z,blm_billings_Billings District,Billings,EVI,1241.8427439685042
2010-03-06T07:00:00Z,blm_billings_Billings District,Billings,NDVI,2239.0913971389696
2010-03-06T07:00:00Z,blm_miles-city_Miles City District,Miles City,EVI,1205.728877063953
2010-03-06T07:00:00Z,blm_miles-city_Miles City District,Miles City,NDVI,2288.4936997611226
2010-03-06T07:00:00Z,blm_malta_Malta District,Malta,EVI,989.936662800045
2010-03-06T07:00:00Z,blm_malta_Malta District,Malta,NDVI,1863.39522470346
2010-03-06T07:00:00Z,blm_lewistown_Lewistown District,Lewistown,EVI,1185.3761352612214
2010-03-06T07:00:00Z,blm_lewistown_Lewistown District,Lewistown,NDVI,2212.3471420495184
2010-03-06T07:00:00Z,blm_missoula_Missoula District,Missoula,EVI,2135.4071387607905
2010-03-06T07:00:00Z,blm_missoula_Missoula District,Missoula,NDVI,4853.615165942034
2010-03-06T07:00:00Z,blm_butte_Butte District,Butte,EVI,1315.7403290278596
2010-03-06T07:00:00Z,blm_butte_Butte District,Butte,NDVI,2275.3084679994045
2010-03-06T07:00:00Z,blm_dillon_Dillon District,Dillon,EVI,1283.567336359175
2010-03-06T07:00:00Z,blm_dillon_Dillon District,Dillon,NDVI,1968.4674459916218
2010-03-22T06:00:00Z,blm_billings_Billings District,Billings,EVI,1488.9980755944075
2010-03-22T06:00:00Z,blm_billings_Billings District,Billings,NDVI,2636.761887928627
2010-03-22T06:00:00Z,blm_miles-city_Miles City District,Miles City,EVI,1227.2869458727448
2010-03-22T06:00:00Z,blm_miles-city_Miles City District,Miles City,NDVI,2247.889483557678
2010-03-22T06:00:00Z,blm_malta_Malta District,Malta,EVI,1140.5104190006489
2010-03-22T06:00:00Z,blm_malta_Malta District,Malta,NDVI,2117.9843036365
2010-03-22T06:00:00Z,blm_lewistown_Lewistown District,Lewistown,EVI,1448.013158458709
2010-03-22T06:00:00Z,blm_lewistown_Lewistown District,Lewistown,NDVI,2673.6491128007365
2010-03-22T06:00:00Z,blm_missoula_Missoula District,Missoula,EVI,1970.5758039180064
2010-03-22T06:00:00Z,blm_missoula_Missoula District,Missoula,NDVI,4191.44513326087
2010-03-22T06:00:00Z,blm_butte_Butte District,Butte,EVI,1444.1083934345734
2010-03-22T06:00:00Z,blm_butte_Butte District,Butte,NDVI,2591.824610112954
2010-03-22T06:00:00Z,blm_dillon_Dillon District,Dillon,EVI,1372.992994401215
2010-03-22T06:00:00Z,blm_dillon_Dillon District,Dillon,NDVI,2124.5087957144715
2010-04-07T06:00:00Z,blm_billings_Billings District,Billings,EVI,1743.840923032065
2010-04-07T06:00:00Z,blm_billings_Billings District,Billings,NDVI,2972.4914376023266
2010-04-07T06:00:00Z,blm_miles-city_Miles City District,Miles City,EVI,1509.6223090732665
2010-04-07T06:00:00Z,blm_miles-city_Miles City District,Miles City,NDVI,2638.6187786447326
2010-04-07T06:00:00Z,blm_malta_Malta District,Malta,EVI,1387.8707963759757
2010-04-07T06:00:00Z,blm_malta_Malta District,Malta,NDVI,2413.2774801879395
2010-04-07T06:00:00Z,blm_lewistown_Lewistown District,Lewistown,EVI,1776.1204850625556
2010-04-07T06:00:00Z,blm_lewistown_Lewistown District,Lewistown,NDVI,3157.2403009960203
2010-04-07T06:00:00Z,blm_missoula_Missoula District,Missoula,EVI,2264.479724684162
2010-04-07T06:00:00Z,blm_missoula_Missoula District,Missoula,NDVI,4773.366015595593
2010-04-07T06:00:00Z,blm_butte_Butte District,Butte,EVI,1659.2531150020377
2010-04-07T06:00:00Z,blm_butte_Butte District,Butte,NDVI,3079.8470353305174
2010-04-07T06:00:00Z,blm_dillon_Dillon District,Dillon,EVI,1488.0081782259433
2010-04-07T06:00:00Z,blm_dillon_Dillon District,Dillon,NDVI,2507.0905789911862
2010-04-23T06:00:00Z,blm_billings_Billings District,Billings,EVI,2031.484436502126
2010-04-23T06:00:00Z,blm_billings_Billings District,Billings,NDVI,3457.116349818971
2010-04-23T06:00:00Z,blm_miles-city_Miles City District,Miles City,EVI,1722.8506013680299
2010-04-23T06:00:00Z,blm_miles-city_Miles City District,Miles City,NDVI,3208.195452748701
2010-04-23T06:00:00Z,blm_malta_Malta District,Malta,EVI,1710.320307777758
2010-04-23T06:00:00Z,blm_malta_Malta District,Malta,NDVI,2901.203635221194
2010-04-23T06:00:00Z,blm_lewistown_Lewistown District,Lewistown,EVI,2084.5677230927176
2010-04-23T06:00:00Z,blm_lewistown_Lewistown District,Lewistown,NDVI,3495.679804667309
2010-04-23T06:00:00Z,blm_missoula_Missoula District,Missoula,EVI,2241.9441824230335
2010-04-23T06:00:00Z,blm_missoula_Missoula District,Missoula,NDVI,5256.965323981513
2010-04-23T06:00:00Z,blm_butte_Butte District,Butte,EVI,1979.531245668087
2010-04-23T06:00:00Z,blm_butte_Butte District,Butte,NDVI,3443.9289696785368
2010-04-23T06:00:00Z,blm_dillon_Dillon District,Dillon,EVI,1816.7806160965622
2010-04-23T06:00:00Z,blm_dillon_Dillon District,Dillon,NDVI,3121.0720701567
2010-05-09T06:00:00Z,blm_billings_Billings District,Billings,EVI,2319.447655192419
2010-05-09T06:00:00Z,blm_billings_Billings District,Billings,NDVI,3880.3185133437614
2010-05-09T06:00:00Z,blm_miles-city_Miles City District,Miles City,EVI,2099.931558785133
2010-05-09T06:00:00Z,blm_miles-city_Miles City District,Miles City,NDVI,3657.9229169851355
2010-05-09T06:00:00Z,blm_malta_Malta District,Malta,EVI,1945.7656812706875
2010-05-09T06:00:00Z,blm_malta_Malta District,Malta,NDVI,3227.189977357848
2010-05-09T06:00:00Z,blm_lewistown_Lewistown District,Lewistown,EVI,2430.070845183614
2010-05-09T06:00:00Z,blm_lewistown_Lewistown District,Lewistown,NDVI,4004.245294012873
2010-05-09T06:00:00Z,blm_missoula_Missoula District,Missoula,EVI,2684.5856954164333
2010-05-09T06:00:00Z,blm_missoula_Missoula District,Missoula,NDVI,5263.4643860178
2010-05-09T06:00:00Z,blm_butte_Butte District,Butte,EVI,2204.136799697291
2010-05-09T06:00:00Z,blm_butte_Butte District,Butte,NDVI,3840.1875283017184
2010-05-09T06:00:00Z,blm_dillon_Dillon District,Dillon,EVI,2062.983142720998
2010-05-09T06:00:00Z,blm_dillon_Dillon District,Dillon,NDVI,3386.9608915162585
2010-05-25T06:00:00Z,blm_billings_Billings District,Billings,EVI,3035.1200391899965
2010-05-25T06:00:00Z,blm_billings_Billings District,Billings,NDVI,4951.418930424876
2010-05-25T06:00:00Z,blm_miles-city_Miles City District,Miles City,EVI,2614.176306646475
2010-05-25T06:00:00Z,blm_miles-city_Miles City District,Miles City,NDVI,4409.396691539584
2010-05-25T06:00:00Z,blm_malta_Malta District,Malta,EVI,2610.7572842126506
2010-05-25T06:00:00Z,blm_malta_Malta District,Malta,NDVI,4130.763375616
2010-05-25T06:00:00Z,blm_lewistown_Lewistown District,Lewistown,EVI,3072.4117147808965
2010-05-25T06:00:00Z,blm_lewistown_Lewistown District,Lewistown,NDVI,5136.11972709628
2010-05-25T06:00:00Z,blm_missoula_Missoula District,Missoula,EVI,2772.84225547556
2010-05-25T06:00:00Z,blm_missoula_Missoula District,Missoula,NDVI,6362.070537424263
2010-05-25T06:00:00Z,blm_butte_Butte District,Butte,EVI,2819.9876570567894
2010-05-25T06:00:00Z,blm_butte_Butte District,Butte,NDVI,5548.78726526598
2010-05-25T06:00:00Z,blm_dillon_Dillon District,Dillon,EVI,2703.348275260672
2010-05-25T06:00:00Z,blm_dillon_Dillon District,Dillon,NDVI,5348.520402762253
2010-06-10T06:00:00Z,blm_billings_Billings District,Billings,EVI,3105.6460334920193
2010-06-10T06:00:00Z,blm_billings_Billings District,Billings,NDVI,5300.783810597186
2010-06-10T06:00:00Z,blm_miles-city_Miles City District,Miles City,EVI,3205.696127224694
2010-06-10T06:00:00Z,blm_miles-city_Miles City District,Miles City,NDVI,5214.103130095853
2010-06-10T06:00:00Z,blm_malta_Malta District,Malta,EVI,2884.747374618909
2010-06-10T06:00:00Z,blm_malta_Malta District,Malta,NDVI,4800.183170831748
2010-06-10T06:00:00Z,blm_lewistown_Lewistown District,Lewistown,EVI,3342.087198599358
2010-06-10T06:00:00Z,blm_lewistown_Lewistown District,Lewistown,NDVI,5666.503412675248
2010-06-10T06:00:00Z,blm_missoula_Missoula District,Missoula,EVI,2949.8950056301333
2010-06-10T06:00:00Z,blm_missoula_Missoula District,Missoula,NDVI,6383.994522994252
2010-06-10T06:00:00Z,blm_butte_Butte District,Butte,EVI,2804.81327040882
2010-06-10T06:00:00Z,blm_butte_Butte District,Butte,NDVI,5393.804029966317
2010-06-10T06:00:00Z,blm_dillon_Dillon District,Dillon,EVI,2735.8186042606008
2010-06-10T06:00:00Z,blm_dillon_Dillon District,Dillon,NDVI,4991.688844428139
2010-06-26T06:00:00Z,blm_billings_Billings District,Billings,EVI,3002.0762653032593
2010-06-26T06:00:00Z,blm_billings_Billings District,Billings,NDVI,4871.768418118523
2010-06-26T06:00:00Z,blm_miles-city_Miles City District,Miles City,EVI,3147.3683628745493
2010-06-26T06:00:00Z,blm_miles-city_Miles City District,Miles City,NDVI,5126.827113798792
2010-06-26T06:00:00Z,blm_malta_Malta District,Malta,EVI,3095.82685352167
2010-06-26T06:00:00Z,blm_malta_Malta District,Malta,NDVI,4993.785940376609
2010-06-26T06:00:00Z,blm_lewistown_Lewistown District,Lewistown,EVI,3535.5685863845288
2010-06-26T06:00:00Z,blm_lewistown_Lewistown District,Lewistown,NDVI,5829.977464281948
2010-06-26T06:00:00Z,blm_missoula_Missoula District,Missoula,EVI,3286.663499044735
2010-06-26T06:00:00Z,blm_missoula_Missoula District,Missoula,NDVI,6594.260524513603
2010-06-26T06:00:00Z,blm_butte_Butte District,Butte,EVI,3092.232085832762
2010-06-26T06:00:00Z,blm_butte_Butte District,Butte,NDVI,5734.162235020852
2010-06-26T06:00:00Z,blm_dillon_Dillon District,Dillon,EVI,3032.5652795937563
2010-06-26T06:00:00Z,blm_dillon_Dillon District,Dillon,NDVI,5559.3976773798495
2010-07-12T06:00:00Z,blm_billings_Billings District,Billings,EVI,2579.3590943378013
2010-07-12T06:00:00Z,blm_billings_Billings District,Billings,NDVI,4367.928609327849
2010-07-12T06:00:00Z,blm_miles-city_Miles City District,Miles City,EVI,2863.913334766137
2010-07-12T06:00:00Z,blm_miles-city_Miles City District,Miles City,NDVI,4776.1353238354
2010-07-12T06:00:00Z,blm_malta_Malta District,Malta,EVI,2781.658489398162
2010-07-12T06:00:00Z,blm_malta_Malta District,Malta,NDVI,4588.103102235174
2010-07-12T06:00:00Z,blm_lewistown_Lewistown District,Lewistown,EVI,3085.6413196262224
2010-07-12T06:00:00Z,blm_lewistown_Lewistown District,Lewistown,NDVI,5284.52255635426
2010-07-12T06:00:00Z,blm_missoula_Missoula District,Missoula,EVI,3372.5945605016645
2010-07-12T06:00:00Z,blm_missoula_Missoula District,Missoula,NDVI,6566.6750521015165
2010-07-12T06:00:00Z,blm_butte_Butte District,Butte,EVI,2924.4204749782934
2010-07-12T06:00:00Z,blm_butte_Butte District,Butte,NDVI,5486.147934305289
2010-07-12T06:00:00Z,blm_dillon_Dillon District,Dillon,EVI,2920.392064198401
2010-07-12T06:00:00Z,blm_dillon_Dillon District,Dillon,NDVI,5298.203457395297
2010-07-28T06:00:00Z,blm_billings_Billings District,Billings,EVI,2290.4481472221682
2010-07-28T06:00:00Z,blm_billings_Billings District,Billings,NDVI,3898.163340171582
2010-07-28T06:00:00Z,blm_miles-city_Miles City District,Miles City,EVI,2447.7475068173203
2010-07-28T06:00:00Z,blm_miles-city_Miles City District,Miles City,NDVI,4252.249051155093
2010-07-28T06:00:00Z,blm_malta_Malta District,Malta,EVI,2465.959051137984
2010-07-28T06:00:00Z,blm_malta_Malta District,Malta,NDVI,4077.8189218103876
2010-07-28T06:00:00Z,blm_lewistown_Lewistown District,Lewistown,EVI,2805.1028950988
2010-07-28T06:00:00Z,blm_lewistown_Lewistown District,Lewistown,NDVI,4860.912977968898
2010-07-28T06:00:00Z,blm_missoula_Missoula District,Missoula,EVI,3260.6570152466757
2010-07-28T06:00:00Z,blm_missoula_Missoula District,Missoula,NDVI,6538.88471412897
2010-07-28T06:00:00Z,blm_butte_Butte District,Butte,EVI,2834.039679336218
2010-07-28T06:00:00Z,blm_butte_Butte District,Butte,NDVI,5363.876664216266
2010-07-28T06:00:00Z,blm_dillon_Dillon District,Dillon,EVI,2901.3373564607027
2010-07-28T06:00:00Z,blm_dillon_Dillon District,Dillon,NDVI,5093.402670555432
2010-08-13T06:00:00Z,blm_billings_Billings District,Billings,EVI,2113.846315101963
2010-08-13T06:00:00Z,blm_billings_Billings District,Billings,NDVI,3712.472972485808
2010-08-13T06:00:00Z,blm_miles-city_Miles City District,Miles City,EVI,2148.5963172529537
2010-08-13T06:00:00Z,blm_miles-city_Miles City District,Miles City,NDVI,3699.43770149363
2010-08-13T06:00:00Z,blm_malta_Malta District,Malta,EVI,1955.2694026675997
2010-08-13T06:00:00Z,blm_malta_Malta District,Malta,NDVI,3444.982117647624
2010-08-13T06:00:00Z,blm_lewistown_Lewistown District,Lewistown,EVI,2385.9741582145725
2010-08-13T06:00:00Z,blm_lewistown_Lewistown District,Lewistown,NDVI,4443.793126891568
2010-08-13T06:00:00Z,blm_missoula_Missoula District,Missoula,EVI,2970.2178759387925
2010-08-13T06:00:00Z,blm_missoula_Missoula District,Missoula,NDVI,6486.021314605422
2010-08-13T06:00:00Z,blm_butte_Butte District,Butte,EVI,2493.653152178645
2010-08-13T06:00:00Z,blm_butte_Butte District,Butte,NDVI,5252.057043923532
2010-08-13T06:00:00Z,blm_dillon_Dillon District,Dillon,EVI,2506.9065285393267
2010-08-13T06:00:00Z,blm_dillon_Dillon District,Dillon,NDVI,4983.2931566944635
2010-08-29T06:00:00Z,blm_billings_Billings District,Billings,EVI,1956.6443374539672
2010-08-29T06:00:00Z,blm_billings_Billings District,Billings,NDVI,3764.113350317475
2010-08-29T06:00:00Z,blm_miles-city_Miles City District,Miles City,EVI,1981.9515958676436
2010-08-29T06:00:00Z,blm_miles-city_Miles City District,Miles City,NDVI,3588.282066914072
2010-08-29T06:00:00Z,blm_malta_Malta District,Malta,EVI,1895.510154199922
2010-08-29T06:00:00Z,blm_malta_Malta District,Malta,NDVI,3557.021477927765
2010-08-29T06:00:00Z,blm_lewistown_Lewistown District,Lewistown,EVI,2266.9859923809718
2010-08-29T06:00:00Z,blm_lewistown_Lewistown District,Lewistown,NDVI,4455.124063013465
2010-08-29T06:00:00Z,blm_missoula_Missoula District,Missoula,EVI,2814.128287198699
2010-08-29T06:00:00Z,blm_missoula_Missoula District,Missoula,NDVI,6421.028612790156
2010-08-29T06:00:00Z,blm_butte_Butte District,Butte,EVI,2324.0839767432776
2010-08-29T06:00:00Z,blm_butte_Butte District,Butte,NDVI,5103.269045237786
2010-08-29T06:00:00Z,blm_dillon_Dillon District,Dillon,EVI,2295.0951318596885
2010-08-29T06:00:00Z,blm_dillon_Dillon District,Dillon,NDVI,4711.973565367039
2010-09-14T06:00:00Z,blm_billings_Billings District,Billings,EVI,2043.4362668510566
2010-09-14T06:00:00Z,blm_billings_Billings District,Billings,NDVI,3889.8358493010323
2010-09-14T06:00:00Z,blm_miles-city_Miles City District,Miles City,EVI,1894.884285362445
2010-09-14T06:00:00Z,blm_miles-city_Miles City District,Miles City,NDVI,3540.119204373909
2010-09-14T06:00:00Z,blm_malta_Malta District,Malta,EVI,1842.2927359443872
2010-09-14T06:00:00Z,blm_malta_Malta District,Malta,NDVI,3456.2566025590336
2010-09-14T06:00:00Z,blm_lewistown_Lewistown District,Lewistown,EVI,2259.5746741709263
2010-09-14T06:00:00Z,blm_lewistown_Lewistown District,Lewistown,NDVI,4379.6027857447225
2010-09-14T06:00:00Z,blm_missoula_Missoula District,Missoula,EVI,2463.410693342296
2010-09-14T06:00:00Z,blm_missoula_Missoula District,Missoula,NDVI,6050.652360492863
2010-09-14T06:00:00Z,blm_butte_Butte District,Butte,EVI,2222.1954831160433
2010-09-14T06:00:00Z,blm_butte_Butte District,Butte,NDVI,4757.565596531076
2010-09-14T06:00:00Z,blm_dillon_Dillon District,Dillon,EVI,2085.7239079390847
2010-09-14T06:00:00Z,blm_dillon_Dillon District,Dillon,NDVI,4297.69294685067
2010-09-30T06:00:00Z,blm_billings_Billings District,Billings,EVI,1931.0036670520074
2010-09-30T06:00:00Z,blm_billings_Billings District,Billings,NDVI,3740.9736827175466
2010-09-30T06:00:00Z,blm_miles-city_Miles City District,Miles City,EVI,1720.4402531366786
2010-09-30T06:00:00Z,blm_miles-city_Miles City District,Miles City,NDVI,3389.117615786608
2010-09-30T06:00:00Z,blm_malta_Malta District,Malta,EVI,1787.3444800137308
2010-09-30T06:00:00Z,blm_malta_Malta District,Malta,NDVI,3416.803241502686
2010-09-30T06:00:00Z,blm_lewistown_Lewistown District,Lewistown,EVI,2152.5234975139037
2010-09-30T06:00:00Z,blm_lewistown_Lewistown District,Lewistown,NDVI,4369.187053693754
2010-09-30T06:00:00Z,blm_missoula_Missoula District,Missoula,EVI,2344.854273230768
2010-09-30T06:00:00Z,blm_missoula_Missoula District,Missoula,NDVI,5953.887891278398
2010-09-30T06:00:00Z,blm_butte_Butte District,Butte,EVI,2054.9456282623164
2010-09-30T06:00:00Z,blm_butte_Butte District,Butte,NDVI,4665.332259219779
2010-09-30T06:00:00Z,blm_dillon_Dillon District,Dillon,EVI,1986.02698519349
2010-09-30T06:00:00Z,blm_dillon_Dillon District,Dillon,NDVI,4140.747592192666
2010-10-16T06:00:00Z,blm_billings_Billings District,Billings,EVI,1826.3807725290346
2010-10-16T06:00:00Z,blm_billings_Billings District,Billings,NDVI,3473.511904860533
2010-10-16T06:00:00Z,blm_miles-city_Miles City District,Miles City,EVI,1616.728362941191
2010-10-16T06:00:00Z,blm_miles-city_Miles City District,Miles City,NDVI,3022.958124975577
2010-10-16T06:00:00Z,blm_malta_Malta District,Malta,EVI,1647.404389364928
2010-10-16T06:00:00Z,blm_malta_Malta District,Malta,NDVI,3120.179269087649
2010-10-16T06:00:00Z,blm_lewistown_Lewistown District,Lewistown,EVI,1998.3922374087342
2010-10-16T06:00:00Z,blm_lewistown_Lewistown District,Lewistown,NDVI,3946.462835811354
2010-10-16T06:00:00Z,blm_missoula_Missoula District,Missoula,EVI,2359.655983885911
2010-10-16T06:00:00Z,blm_missoula_Missoula District,Missoula,NDVI,5628.499898950152
2010-10-16T06:00:00Z,blm_butte_Butte District,Butte,EVI,1901.4522751077138
2010-10-16T06:00:00Z,blm_butte_Butte District,Butte,NDVI,4378.352836491212
2010-10-16T06:00:00Z,blm_dillon_Dillon District,Dillon,EVI,1740.314309646293
2010-10-16T06:00:00Z,blm_dillon_Dillon District,Dillon,NDVI,3931.1873325843385
2010-11-01T06:00:00Z,blm_billings_Billings District,Billings,EVI,1578.1403682985974
2010-11-01T06:00:00Z,blm_billings_Billings District,Billings,NDVI,3139.3638975487042
2010-11-01T06:00:00Z,blm_miles-city_Miles City District,Miles City,EVI,1418.3940993899714
2010-11-01T06:00:00Z,blm_miles-city_Miles City District,Miles City,NDVI,2801.7861072397445
2010-11-01T06:00:00Z,blm_malta_Malta District,Malta,EVI,1476.5427487099414
2010-11-01T06:00:00Z,blm_malta_Malta District,Malta,NDVI,2794.373801971593
2010-11-01T06:00:00Z,blm_lewistown_Lewistown District,Lewistown,EVI,1735.8982244003726
2010-11-01T06:00:00Z,blm_lewistown_Lewistown District,Lewistown,NDVI,3583.3837870641055
2010-11-01T06:00:00Z,blm_missoula_Missoula District,Missoula,EVI,2061.9833202033897
2010-11-01T06:00:00Z,blm_missoula_Missoula District,Missoula,NDVI,5775.83321911501
2010-11-01T06:00:00Z,blm_butte_Butte District,Butte,EVI,1751.974793146205
2010-11-01T06:00:00Z,blm_butte_Butte District,Butte,NDVI,4173.644102554677
2010-11-01T06:00:00Z,blm_dillon_Dillon District,Dillon,EVI,1669.8474260441478
2010-11-01T06:00:00Z,blm_dillon_Dillon District,Dillon,NDVI,3554.1189877689562
2010-11-17T07:00:00Z,blm_billings_Billings District,Billings,EVI,1417.8096527377888
2010-11-17T07:00:00Z,blm_billings_Billings District,Billings,NDVI,2877.801964685913
2010-11-17T07:00:00Z,blm_miles-city_Miles City District,Miles City,EVI,1416.7139932730308
2010-11-17T07:00:00Z,blm_miles-city_Miles City District,Miles City,NDVI,2527.777322390643
2010-11-17T07:00:00Z,blm_malta_Malta District,Malta,EVI,NA
2010-11-17T07:00:00Z,blm_malta_Malta District,Malta,NDVI,NA
2010-11-17T07:00:00Z,blm_lewistown_Lewistown District,Lewistown,EVI,1707.8080376505432
2010-11-17T07:00:00Z,blm_lewistown_Lewistown District,Lewistown,NDVI,3231.467650499218
2010-11-17T07:00:00Z,blm_missoula_Missoula District,Missoula,EVI,1523.7506759169516
2010-11-17T07:00:00Z,blm_missoula_Missoula District,Missoula,NDVI,4521.6364842116
2010-11-17T07:00:00Z,blm_butte_Butte District,Butte,EVI,1626.9608714646138
2010-11-17T07:00:00Z,blm_butte_Butte District,Butte,NDVI,2876.710572533697
2010-11-17T07:00:00Z,blm_dillon_Dillon District,Dillon,EVI,1791.9198297295707
2010-11-17T07:00:00Z,blm_dillon_Dillon District,Dillon,NDVI,2839.753105324397
2010-12-03T07:00:00Z,blm_billings_Billings District,Billings,EVI,1211.4619477335018
2010-12-03T07:00:00Z,blm_billings_Billings District,Billings,NDVI,2254.662756147488
2010-12-03T07:00:00Z,blm_miles-city_Miles City District,Miles City,EVI,1132.6315789473683
2010-12-03T07:00:00Z,blm_miles-city_Miles City District,Miles City,NDVI,2101.315789473684
2010-12-03T07:00:00Z,blm_malta_Malta District,Malta,EVI,1340.383916766549
2010-12-03T07:00:00Z,blm_malta_Malta District,Malta,NDVI,2269.3481940960596
2010-12-03T07:00:00Z,blm_lewistown_Lewistown District,Lewistown,EVI,1284.0304090532281
2010-12-03T07:00:00Z,blm_lewistown_Lewistown District,Lewistown,NDVI,2285.654951511619
2010-12-03T07:00:00Z,blm_missoula_Missoula District,Missoula,EVI,2135.083085252038
2010-12-03T07:00:00Z,blm_missoula_Missoula District,Missoula,NDVI,3733.828051399932
2010-12-03T07:00:00Z,blm_butte_Butte District,Butte,EVI,1595.6062327765114
2010-12-03T07:00:00Z,blm_butte_Butte District,Butte,NDVI,2768.1201306433504
2010-12-03T07:00:00Z,blm_dillon_Dillon District,Dillon,EVI,1313.9946021243252
2010-12-03T07:00:00Z,blm_dillon_Dillon District,Dillon,NDVI,2528.721225840153
2010-12-19T07:00:00Z,blm_billings_Billings District,Billings,EVI,1155.2665894548973
2010-12-19T07:00:00Z,blm_billings_Billings District,Billings,NDVI,2204.6461580816035
2010-12-19T07:00:00Z,blm_miles-city_Miles City District,Miles City,EVI,NA
2010-12-19T07:00:00Z,blm_miles-city_Miles City District,Miles City,NDVI,NA
2010-12-19T07:00:00Z,blm_malta_Malta District,Malta,EVI,NA
2010-12-19T07:00:00Z,blm_malta_Malta District,Malta,NDVI,NA
2010-12-19T07:00:00Z,blm_lewistown_Lewistown District,Lewistown,EVI,NA
2010-12-19T07:00:00Z,blm_lewistown_Lewistown District,Lewistown,NDVI,NA
2010-12-19T07:00:00Z,blm_missoula_Missoula District,Missoula,EVI,1237.4799492564664
2010-12-19T07:00:00Z,blm_missoula_Missoula District,Missoula,NDVI,4073.673869790791
2010-12-19T07:00:00Z,blm_butte_Butte District,Butte,EVI,979.6638452984062
2010-12-19T07:00:00Z,blm_butte_Butte District,Butte,NDVI,3244.05591251699
2010-12-19T07:00:00Z,blm_dillon_Dillon District,Dillon,EVI,642
2010-12-19T07:00:00Z,blm_dillon_Dillon District,Dillon,NDVI,2908.6153846153848
2011-01-01T07:00:00Z,blm_billings_Billings District,Billings,EVI,NA
2011-01-01T07:00:00Z,blm_billings_Billings District,Billings,NDVI,NA
2011-01-01T07:00:00Z,blm_miles-city_Miles City District,Miles City,EVI,NA
2011-01-01T07:00:00Z,blm_miles-city_Miles City District,Miles City,NDVI,NA
2011-01-01T07:00:00Z,blm_malta_Malta District,Malta,EVI,NA
2011-01-01T07:00:00Z,blm_malta_Malta District,Malta,NDVI,NA
2011-01-01T07:00:00Z,blm_lewistown_Lewistown District,Lewistown,EVI,1290.4492753623188
2011-01-01T07:00:00Z,blm_lewistown_Lewistown District,Lewistown,NDVI,2223.901449275362
2011-01-01T07:00:00Z,blm_missoula_Missoula District,Missoula,EVI,1405.3125
2011-01-01T07:00:00Z,blm_missoula_Missoula District,Missoula,NDVI,3653.203125
2011-01-01T07:00:00Z,blm_butte_Butte District,Butte,EVI,1504.9
2011-01-01T07:00:00Z,blm_butte_Butte District,Butte,NDVI,2775.92
2011-01-01T07:00:00Z,blm_dillon_Dillon District,Dillon,EVI,NA
2011-01-01T07:00:00Z,blm_dillon_Dillon District,Dillon,NDVI,NA
2011-01-17T07:00:00Z,blm_billings_Billings District,Billings,EVI,1114.6040322721492
2011-01-17T07:00:00Z,blm_billings_Billings District,Billings,NDVI,2080.5590507612364
2011-01-17T07:00:00Z,blm_miles-city_Miles City District,Miles City,EVI,NA
2011-01-17T07:00:00Z,blm_miles-city_Miles City District,Miles City,NDVI,NA
2011-01-17T07:00:00Z,blm_malta_Malta District,Malta,EVI,730.8285714285714
2011-01-17T07:00:00Z,blm_malta_Malta District,Malta,NDVI,1325.1142857142856
2011-01-17T07:00:00Z,blm_lewistown_Lewistown District,Lewistown,EVI,1214.33617114973
2011-01-17T07:00:00Z,blm_lewistown_Lewistown District,Lewistown,NDVI,2113.3449645764704
2011-01-17T07:00:00Z,blm_missoula_Missoula District,Missoula,EVI,1749.7569245500536
2011-01-17T07:00:00Z,blm_missoula_Missoula District,Missoula,NDVI,3378.1863152878573
2011-01-17T07:00:00Z,blm_butte_Butte District,Butte,EVI,1252.258930108129
2011-01-17T07:00:00Z,blm_butte_Butte District,Butte,NDVI,2288.5239914412655
2011-01-17T07:00:00Z,blm_dillon_Dillon District,Dillon,EVI,1469.2121838069686
2011-01-17T07:00:00Z,blm_dillon_Dillon District,Dillon,NDVI,2381.961379359852
2011-02-02T07:00:00Z,blm_billings_Billings District,Billings,EVI,1099.3251121705368
2011-02-02T07:00:00Z,blm_billings_Billings District,Billings,NDVI,2056.682058755612
2011-02-02T07:00:00Z,blm_miles-city_Miles City District,Miles City,EVI,946.5998333230184
2011-02-02T07:00:00Z,blm_miles-city_Miles City District,Miles City,NDVI,1994.4765435761067
2011-02-02T07:00:00Z,blm_malta_Malta District,Malta,EVI,980.7708623802562
2011-02-02T07:00:00Z,blm_malta_Malta District,Malta,NDVI,1870.5175684781968
2011-02-02T07:00:00Z,blm_lewistown_Lewistown District,Lewistown,EVI,1111.9822962209807
2011-02-02T07:00:00Z,blm_lewistown_Lewistown District,Lewistown,NDVI,1978.0889234137824
2011-02-02T07:00:00Z,blm_missoula_Missoula District,Missoula,EVI,1756.432942048899
2011-02-02T07:00:00Z,blm_missoula_Missoula District,Missoula,NDVI,3239.498300099744
2011-02-02T07:00:00Z,blm_butte_Butte District,Butte,EVI,1353.942255343221
2011-02-02T07:00:00Z,blm_butte_Butte District,Butte,NDVI,2173.8375316658053
2011-02-02T07:00:00Z,blm_dillon_Dillon District,Dillon,EVI,1475.6321176175197
2011-02-02T07:00:00Z,blm_dillon_Dillon District,Dillon,NDVI,2186.035402836636
2011-02-18T07:00:00Z,blm_billings_Billings District,Billings,EVI,963.8428571428572
2011-02-18T07:00:00Z,blm_billings_Billings District,Billings,NDVI,2070.2285714285713
2011-02-18T07:00:00Z,blm_miles-city_Miles City District,Miles City,EVI,1018.4825353609136
2011-02-18T07:00:00Z,blm_miles-city_Miles City District,Miles City,NDVI,2085.325220798193
2011-02-18T07:00:00Z,blm_malta_Malta District,Malta,EVI,NA
2011-02-18T07:00:00Z,blm_malta_Malta District,Malta,NDVI,NA
2011-02-18T07:00:00Z,blm_lewistown_Lewistown District,Lewistown,EVI,NA
2011-02-18T07:00:00Z,blm_lewistown_Lewistown District,Lewistown,NDVI,NA
2011-02-18T07:00:00Z,blm_missoula_Missoula District,Missoula,EVI,2173.843791281374
2011-02-18T07:00:00Z,blm_missoula_Missoula District,Missoula,NDVI,3799.662813738441
2011-02-18T07:00:00Z,blm_butte_Butte District,Butte,EVI,1400.8378108549643
2011-02-18T07:00:00Z,blm_butte_Butte District,Butte,NDVI,2181.516427663823
2011-02-18T07:00:00Z,blm_dillon_Dillon District,Dillon,EVI,1428.8009551516332
2011-02-18T07:00:00Z,blm_dillon_Dillon District,Dillon,NDVI,2135.7819628690204
2011-03-06T07:00:00Z,blm_billings_Billings District,Billings,EVI,1213.529023565778
2011-03-06T07:00:00Z,blm_billings_Billings District,Billings,NDVI,2314.7908753949264
2011-03-06T07:00:00Z,blm_miles-city_Miles City District,Miles City,EVI,1136.4257595216397
2011-03-06T07:00:00Z,blm_miles-city_Miles City District,Miles City,NDVI,2266.220610161768
2011-03-06T07:00:00Z,blm_malta_Malta District,Malta,EVI,1015.4433191670363
2011-03-06T07:00:00Z,blm_malta_Malta District,Malta,NDVI,1915.637801712934
2011-03-06T07:00:00Z,blm_lewistown_Lewistown District,Lewistown,EVI,1154.5712221337972
2011-03-06T07:00:00Z,blm_lewistown_Lewistown District,Lewistown,NDVI,2116.765674704868
2011-03-06T07:00:00Z,blm_missoula_Missoula District,Missoula,EVI,1723.4027794685783
2011-03-06T07:00:00Z,blm_missoula_Missoula District,Missoula,NDVI,3141.8484361038354
2011-03-06T07:00:00Z,blm_butte_Butte District,Butte,EVI,1265.8447185423113
2011-03-06T07:00:00Z,blm_butte_Butte District,Butte,NDVI,2192.840900831401
2011-03-06T07:00:00Z,blm_dillon_Dillon District,Dillon,EVI,1349.2065260756954
2011-03-06T07:00:00Z,blm_dillon_Dillon District,Dillon,NDVI,2066.907011246679
2011-03-22T06:00:00Z,blm_billings_Billings District,Billings,EVI,1518.7840072854367
2011-03-22T06:00:00Z,blm_billings_Billings District,Billings,NDVI,2629.9252011550147
2011-03-22T06:00:00Z,blm_miles-city_Miles City District,Miles City,EVI,1345.9415838935843
2011-03-22T06:00:00Z,blm_miles-city_Miles City District,Miles City,NDVI,2427.7526537958784
2011-03-22T06:00:00Z,blm_malta_Malta District,Malta,EVI,1112.7273458895943
2011-03-22T06:00:00Z,blm_malta_Malta District,Malta,NDVI,2079.64116526082
2011-03-22T06:00:00Z,blm_lewistown_Lewistown District,Lewistown,EVI,1292.036399023001
2011-03-22T06:00:00Z,blm_lewistown_Lewistown District,Lewistown,NDVI,2304.1081276300233
2011-03-22T06:00:00Z,blm_missoula_Missoula District,Missoula,EVI,2073.782827576947
2011-03-22T06:00:00Z,blm_missoula_Missoula District,Missoula,NDVI,3645.7503542277495
2011-03-22T06:00:00Z,blm_butte_Butte District,Butte,EVI,1395.4099116961042
2011-03-22T06:00:00Z,blm_butte_Butte District,Butte,NDVI,2552.0859754713265
2011-03-22T06:00:00Z,blm_dillon_Dillon District,Dillon,EVI,1338.1358483515592
2011-03-22T06:00:00Z,blm_dillon_Dillon District,Dillon,NDVI,2022.9884667678132
2011-04-07T06:00:00Z,blm_billings_Billings District,Billings,EVI,1596.2246020283692
2011-04-07T06:00:00Z,blm_billings_Billings District,Billings,NDVI,2876.381046538258
2011-04-07T06:00:00Z,blm_miles-city_Miles City District,Miles City,EVI,1421.670325947841
2011-04-07T06:00:00Z,blm_miles-city_Miles City District,Miles City,NDVI,2568.9240771276977
2011-04-07T06:00:00Z,blm_malta_Malta District,Malta,EVI,1271.1474954004195
2011-04-07T06:00:00Z,blm_malta_Malta District,Malta,NDVI,2259.46356399614
2011-04-07T06:00:00Z,blm_lewistown_Lewistown District,Lewistown,EVI,1445.6394040423372
2011-04-07T06:00:00Z,blm_lewistown_Lewistown District,Lewistown,NDVI,2530.1035457414087
2011-04-07T06:00:00Z,blm_missoula_Missoula District,Missoula,EVI,2208.8305498495642
2011-04-07T06:00:00Z,blm_missoula_Missoula District,Missoula,NDVI,4272.574835359965
2011-04-07T06:00:00Z,blm_butte_Butte District,Butte,EVI,1533.8297420944148
2011-04-07T06:00:00Z,blm_butte_Butte District,Butte,NDVI,2678.4797404830697
2011-04-07T06:00:00Z,blm_dillon_Dillon District,Dillon,EVI,1469.1715888139495
2011-04-07T06:00:00Z,blm_dillon_Dillon District,Dillon,NDVI,2263.8347561481455
2011-04-23T06:00:00Z,blm_billings_Billings District,Billings,EVI,1788.203063152332
2011-04-23T06:00:00Z,blm_billings_Billings District,Billings,NDVI,3197.9748723847542
2011-04-23T06:00:00Z,blm_miles-city_Miles City District,Miles City,EVI,1643.1404033170834
2011-04-23T06:00:00Z,blm_miles-city_Miles City District,Miles City,NDVI,2860.0159268677185
2011-04-23T06:00:00Z,blm_malta_Malta District,Malta,EVI,1457.0941371221686
2011-04-23T06:00:00Z,blm_malta_Malta District,Malta,NDVI,2573.9299632225334
2011-04-23T06:00:00Z,blm_lewistown_Lewistown District,Lewistown,EVI,1667.4284259020762
2011-04-23T06:00:00Z,blm_lewistown_Lewistown District,Lewistown,NDVI,2918.6092277508515
2011-04-23T06:00:00Z,blm_missoula_Missoula District,Missoula,EVI,2341.7871211066677
2011-04-23T06:00:00Z,blm_missoula_Missoula District,Missoula,NDVI,4650.324800374076
2011-04-23T06:00:00Z,blm_butte_Butte District,Butte,EVI,1755.304448344716
2011-04-23T06:00:00Z,blm_butte_Butte District,Butte,NDVI,3072.8203566493416
2011-04-23T06:00:00Z,blm_dillon_Dillon District,Dillon,EVI,1554.0731763718084
2011-04-23T06:00:00Z,blm_dillon_Dillon District,Dillon,NDVI,2474.2659140403935
2011-05-09T06:00:00Z,blm_billings_Billings District,Billings,EVI,2309.1010147321454
2011-05-09T06:00:00Z,blm_billings_Billings District,Billings,NDVI,3866.0265916244134
2011-05-09T06:00:00Z,blm_miles-city_Miles City District,Miles City,EVI,2059.6929545681446
2011-05-09T06:00:00Z,blm_miles-city_Miles City District,Miles City,NDVI,3432.570385240463
2011-05-09T06:00:00Z,blm_malta_Malta District,Malta,EVI,1824.3146904797088
2011-05-09T06:00:00Z,blm_malta_Malta District,Malta,NDVI,3103.358435810071
2011-05-09T06:00:00Z,blm_lewistown_Lewistown District,Lewistown,EVI,2085.2463428007695
2011-05-09T06:00:00Z,blm_lewistown_Lewistown District,Lewistown,NDVI,3552.289201760236
2011-05-09T06:00:00Z,blm_missoula_Missoula District,Missoula,EVI,2842.91000657682
2011-05-09T06:00:00Z,blm_missoula_Missoula District,Missoula,NDVI,5525.51339835899
2011-05-09T06:00:00Z,blm_butte_Butte District,Butte,EVI,2340.8611184636343
2011-05-09T06:00:00Z,blm_butte_Butte District,Butte,NDVI,3932.848365054676
2011-05-09T06:00:00Z,blm_dillon_Dillon District,Dillon,EVI,1948.8233624826898
2011-05-09T06:00:00Z,blm_dillon_Dillon District,Dillon,NDVI,3107.8132263117345
2011-05-25T06:00:00Z,blm_billings_Billings District,Billings,EVI,2702.2217950688946
2011-05-25T06:00:00Z,blm_billings_Billings District,Billings,NDVI,4983.1352132568745
2011-05-25T06:00:00Z,blm_miles-city_Miles City District,Miles City,EVI,2690.48375480945
2011-05-25T06:00:00Z,blm_miles-city_Miles City District,Miles City,NDVI,4649.393125900984
2011-05-25T06:00:00Z,blm_malta_Malta District,Malta,EVI,2530.4213897106397
2011-05-25T06:00:00Z,blm_malta_Malta District,Malta,NDVI,4342.684020120599
2011-05-25T06:00:00Z,blm_lewistown_Lewistown District,Lewistown,EVI,2892.6587512680517
2011-05-25T06:00:00Z,blm_lewistown_Lewistown District,Lewistown,NDVI,4985.855345051892
2011-05-25T06:00:00Z,blm_missoula_Missoula District,Missoula,EVI,3149.599672198346
2011-05-25T06:00:00Z,blm_missoula_Missoula District,Missoula,NDVI,6376.818725858967
2011-05-25T06:00:00Z,blm_butte_Butte District,Butte,EVI,2650.851967609314
2011-05-25T06:00:00Z,blm_butte_Butte District,Butte,NDVI,5133.630855751931
2011-05-25T06:00:00Z,blm_dillon_Dillon District,Dillon,EVI,2524.955040504792
2011-05-25T06:00:00Z,blm_dillon_Dillon District,Dillon,NDVI,4227.380759923407
2011-06-10T06:00:00Z,blm_billings_Billings District,Billings,EVI,3280.7212569745566
2011-06-10T06:00:00Z,blm_billings_Billings District,Billings,NDVI,5225.621503012097
2011-06-10T06:00:00Z,blm_miles-city_Miles City District,Miles City,EVI,3104.575280951524
2011-06-10T06:00:00Z,blm_miles-city_Miles City District,Miles City,NDVI,5125.485302592799
2011-06-10T06:00:00Z,blm_malta_Malta District,Malta,EVI,3210.109333081356
2011-06-10T06:00:00Z,blm_malta_Malta District,Malta,NDVI,5202.031263910476
2011-06-10T06:00:00Z,blm_lewistown_Lewistown District,Lewistown,EVI,3498.372881877103
2011-06-10T06:00:00Z,blm_lewistown_Lewistown District,Lewistown,NDVI,5701.147837143792
2011-06-10T06:00:00Z,blm_missoula_Missoula District,Missoula,EVI,3255.241083705785
2011-06-10T06:00:00Z,blm_missoula_Missoula District,Missoula,NDVI,6692.667686325456
2011-06-10T06:00:00Z,blm_butte_Butte District,Butte,EVI,3185.383195668152
2011-06-10T06:00:00Z,blm_butte_Butte District,Butte,NDVI,5472.311731167515
2011-06-10T06:00:00Z,blm_dillon_Dillon District,Dillon,EVI,2943.9695864634728
2011-06-10T06:00:00Z,blm_dillon_Dillon District,Dillon,NDVI,5083.396819401962
2011-06-26T06:00:00Z,blm_billings_Billings District,Billings,EVI,3257.6944588151855
2011-06-26T06:00:00Z,blm_billings_Billings District,Billings,NDVI,5298.202533728856
2011-06-26T06:00:00Z,blm_miles-city_Miles City District,Miles City,EVI,3346.2024573454732
2011-06-26T06:00:00Z,blm_miles-city_Miles City District,Miles City,NDVI,5482.4182286511395
2011-06-26T06:00:00Z,blm_malta_Malta District,Malta,EVI,3213.3705905803718
2011-06-26T06:00:00Z,blm_malta_Malta District,Malta,NDVI,5137.988805661369
2011-06-26T06:00:00Z,blm_lewistown_Lewistown District,Lewistown,EVI,3518.9099758098373
2011-06-26T06:00:00Z,blm_lewistown_Lewistown District,Lewistown,NDVI,5801.402135881412
2011-06-26T06:00:00Z,blm_missoula_Missoula District,Missoula,EVI,3494.4428049435014
2011-06-26T06:00:00Z,blm_missoula_Missoula District,Missoula,NDVI,6695.140570936312
2011-06-26T06:00:00Z,blm_butte_Butte District,Butte,EVI,3223.6861031120397
2011-06-26T06:00:00Z,blm_butte_Butte District,Butte,NDVI,5745.740999382694
2011-06-26T06:00:00Z,blm_dillon_Dillon District,Dillon,EVI,3118.6536543344987
2011-06-26T06:00:00Z,blm_dillon_Dillon District,Dillon,NDVI,5358.195792753509
2011-07-12T06:00:00Z,blm_billings_Billings District,Billings,EVI,2892.884986853049
2011-07-12T06:00:00Z,blm_billings_Billings District,Billings,NDVI,4814.175007959274
2011-07-12T06:00:00Z,blm_miles-city_Miles City District,Miles City,EVI,3065.9866238931704
2011-07-12T06:00:00Z,blm_miles-city_Miles City District,Miles City,NDVI,5185.271083943924
2011-07-12T06:00:00Z,blm_malta_Malta District,Malta,EVI,3007.3247933037574
2011-07-12T06:00:00Z,blm_malta_Malta District,Malta,NDVI,4897.533885624941
2011-07-12T06:00:00Z,blm_lewistown_Lewistown District,Lewistown,EVI,3299.357386328875
2011-07-12T06:00:00Z,blm_lewistown_Lewistown District,Lewistown,NDVI,5483.258962561429
2011-07-12T06:00:00Z,blm_missoula_Missoula District,Missoula,EVI,3272.276054604732
2011-07-12T06:00:00Z,blm_missoula_Missoula District,Missoula,NDVI,6920.777358800701
2011-07-12T06:00:00Z,blm_butte_Butte District,Butte,EVI,3079.023056516973
2011-07-12T06:00:00Z,blm_butte_Butte District,Butte,NDVI,5710.985572204888
2011-07-12T06:00:00Z,blm_dillon_Dillon District,Dillon,EVI,3045.5751793842883
2011-07-12T06:00:00Z,blm_dillon_Dillon District,Dillon,NDVI,5440.742896263663
2011-07-28T06:00:00Z,blm_billings_Billings District,Billings,EVI,2479.9487202634173
2011-07-28T06:00:00Z,blm_billings_Billings District,Billings,NDVI,4251.056550333216
2011-07-28T06:00:00Z,blm_miles-city_Miles City District,Miles City,EVI,2748.67784552237
2011-07-28T06:00:00Z,blm_miles-city_Miles City District,Miles City,NDVI,4593.346504120114
2011-07-28T06:00:00Z,blm_malta_Malta District,Malta,EVI,2515.5153697991245
2011-07-28T06:00:00Z,blm_malta_Malta District,Malta,NDVI,4144.532062547203
2011-07-28T06:00:00Z,blm_lewistown_Lewistown District,Lewistown,EVI,2880.106594917964
2011-07-28T06:00:00Z,blm_lewistown_Lewistown District,Lewistown,NDVI,4853.415579091078
2011-07-28T06:00:00Z,blm_missoula_Missoula District,Missoula,EVI,3377.0095053183136
2011-07-28T06:00:00Z,blm_missoula_Missoula District,Missoula,NDVI,6729.895746309644
2011-07-28T06:00:00Z,blm_butte_Butte District,Butte,EVI,2888.4454016956115
2011-07-28T06:00:00Z,blm_butte_Butte District,Butte,NDVI,5374.01420403867
2011-07-28T06:00:00Z,blm_dillon_Dillon District,Dillon,EVI,2872.202825415469
2011-07-28T06:00:00Z,blm_dillon_Dillon District,Dillon,NDVI,5173.110620826523
2011-08-13T06:00:00Z,blm_billings_Billings District,Billings,EVI,2223.9714907139946
2011-08-13T06:00:00Z,blm_billings_Billings District,Billings,NDVI,3783.016238214985
2011-08-13T06:00:00Z,blm_miles-city_Miles City District,Miles City,EVI,2258.054683677158
2011-08-13T06:00:00Z,blm_miles-city_Miles City District,Miles City,NDVI,3950.8081540814087
2011-08-13T06:00:00Z,blm_malta_Malta District,Malta,EVI,2205.2832108926177
2011-08-13T06:00:00Z,blm_malta_Malta District,Malta,NDVI,3613.9139441794014
2011-08-13T06:00:00Z,blm_lewistown_Lewistown District,Lewistown,EVI,2556.191631717756
2011-08-13T06:00:00Z,blm_lewistown_Lewistown District,Lewistown,NDVI,4368.195527083794
2011-08-13T06:00:00Z,blm_missoula_Missoula District,Missoula,EVI,3165.8254097689096
2011-08-13T06:00:00Z,blm_missoula_Missoula District,Missoula,NDVI,6539.212969437522
2011-08-13T06:00:00Z,blm_butte_Butte District,Butte,EVI,2598.796598716538
2011-08-13T06:00:00Z,blm_butte_Butte District,Butte,NDVI,5080.7149543968435
2011-08-13T06:00:00Z,blm_dillon_Dillon District,Dillon,EVI,2625.916541379451
2011-08-13T06:00:00Z,blm_dillon_Dillon District,Dillon,NDVI,4820.81736961504
2011-08-29T06:00:00Z,blm_billings_Billings District,Billings,EVI,2074.218134350609
2011-08-29T06:00:00Z,blm_billings_Billings District,Billings,NDVI,3557.687959315719
2011-08-29T06:00:00Z,blm_miles-city_Miles City District,Miles City,EVI,2027.974823262849
2011-08-29T06:00:00Z,blm_miles-city_Miles City District,Miles City,NDVI,3522.6101744917923
2011-08-29T06:00:00Z,blm_malta_Malta District,Malta,EVI,1958.1585086058758
2011-08-29T06:00:00Z,blm_malta_Malta District,Malta,NDVI,3247.3647749494994
2011-08-29T06:00:00Z,blm_lewistown_Lewistown District,Lewistown,EVI,2265.159119100405
2011-08-29T06:00:00Z,blm_lewistown_Lewistown District,Lewistown,NDVI,3999.0754376941522
2011-08-29T06:00:00Z,blm_missoula_Missoula District,Missoula,EVI,2937.655910600829
2011-08-29T06:00:00Z,blm_missoula_Missoula District,Missoula,NDVI,6359.775784687817
2011-08-29T06:00:00Z,blm_butte_Butte District,Butte,EVI,2392.8703816887437
2011-08-29T06:00:00Z,blm_butte_Butte District,Butte,NDVI,4776.05071864947
2011-08-29T06:00:00Z,blm_dillon_Dillon District,Dillon,EVI,2340.9525645570798
2011-08-29T06:00:00Z,blm_dillon_Dillon District,Dillon,NDVI,4485.871954075596
2011-09-14T06:00:00Z,blm_billings_Billings District,Billings,EVI,1924.8764225637258
2011-09-14T06:00:00Z,blm_billings_Billings District,Billings,NDVI,3395.3170681651422
2011-09-14T06:00:00Z,blm_miles-city_Miles City District,Miles City,EVI,1861.7365114035833
2011-09-14T06:00:00Z,blm_miles-city_Miles City District,Miles City,NDVI,3237.646835906088
2011-09-14T06:00:00Z,blm_malta_Malta District,Malta,EVI,1770.7395739199221
2011-09-14T06:00:00Z,blm_malta_Malta District,Malta,NDVI,2932.3654156638886
2011-09-14T06:00:00Z,blm_lewistown_Lewistown District,Lewistown,EVI,2096.51236322793
2011-09-14T06:00:00Z,blm_lewistown_Lewistown District,Lewistown,NDVI,3796.5485897095195
2011-09-14T06:00:00Z,blm_missoula_Missoula District,Missoula,EVI,2774.6158823881988
2011-09-14T06:00:00Z,blm_missoula_Missoula District,Missoula,NDVI,6270.653591551502
2011-09-14T06:00:00Z,blm_butte_Butte District,Butte,EVI,2115.09069465824
2011-09-14T06:00:00Z,blm_butte_Butte District,Butte,NDVI,4559.998738739672
2011-09-14T06:00:00Z,blm_dillon_Dillon District,Dillon,EVI,2088.9527900558146
2011-09-14T06:00:00Z,blm_dillon_Dillon District,Dillon,NDVI,4239.064331755159
2011-09-30T06:00:00Z,blm_billings_Billings District,Billings,EVI,1726.3297151210224
2011-09-30T06:00:00Z,blm_billings_Billings District,Billings,NDVI,3246.670866178226
2011-09-30T06:00:00Z,blm_miles-city_Miles City District,Miles City,EVI,1632.1381177287979
2011-09-30T06:00:00Z,blm_miles-city_Miles City District,Miles City,NDVI,2868.0095227298543
2011-09-30T06:00:00Z,blm_malta_Malta District,Malta,EVI,1603.4560344879067
2011-09-30T06:00:00Z,blm_malta_Malta District,Malta,NDVI,2751.187284776371
2011-09-30T06:00:00Z,blm_lewistown_Lewistown District,Lewistown,EVI,1878.5256209478057
2011-09-30T06:00:00Z,blm_lewistown_Lewistown District,Lewistown,NDVI,3568.745532094526
2011-09-30T06:00:00Z,blm_missoula_Missoula District,Missoula,EVI,2720.0132466340588
2011-09-30T06:00:00Z,blm_missoula_Missoula District,Missoula,NDVI,5916.033008879426
2011-09-30T06:00:00Z,blm_butte_Butte District,Butte,EVI,1981.285586045794
2011-09-30T06:00:00Z,blm_butte_Butte District,Butte,NDVI,4364.478234374064
2011-09-30T06:00:00Z,blm_dillon_Dillon District,Dillon,EVI,1997.9002505629626
2011-09-30T06:00:00Z,blm_dillon_Dillon District,Dillon,NDVI,3967.238561452055
2011-10-16T06:00:00Z,blm_billings_Billings District,Billings,EVI,1696.751283245568
2011-10-16T06:00:00Z,blm_billings_Billings District,Billings,NDVI,3124.9607722373935
2011-10-16T06:00:00Z,blm_miles-city_Miles City District,Miles City,EVI,1521.9047171116558
2011-10-16T06:00:00Z,blm_miles-city_Miles City District,Miles City,NDVI,2748.9747805296356
2011-10-16T06:00:00Z,blm_malta_Malta District,Malta,EVI,1498.1779964319471
2011-10-16T06:00:00Z,blm_malta_Malta District,Malta,NDVI,2564.766186886483
2011-10-16T06:00:00Z,blm_lewistown_Lewistown District,Lewistown,EVI,1761.5304054966532
2011-10-16T06:00:00Z,blm_lewistown_Lewistown District,Lewistown,NDVI,3425.415314934183
2011-10-16T06:00:00Z,blm_missoula_Missoula District,Missoula,EVI,2532.5527552829776
2011-10-16T06:00:00Z,blm_missoula_Missoula District,Missoula,NDVI,5858.246492117841
2011-10-16T06:00:00Z,blm_butte_Butte District,Butte,EVI,1880.1007267119467
2011-10-16T06:00:00Z,blm_butte_Butte District,Butte,NDVI,4403.572468092307
2011-10-16T06:00:00Z,blm_dillon_Dillon District,Dillon,EVI,1833.1432277431252
2011-10-16T06:00:00Z,blm_dillon_Dillon District,Dillon,NDVI,3999.7483970639064
2011-11-01T06:00:00Z,blm_billings_Billings District,Billings,EVI,1711.7078676715344
2011-11-01T06:00:00Z,blm_billings_Billings District,Billings,NDVI,2748.230972537394
2011-11-01T06:00:00Z,blm_miles-city_Miles City District,Miles City,EVI,1514.8701143120368
2011-11-01T06:00:00Z,blm_miles-city_Miles City District,Miles City,NDVI,2541.773300468793
2011-11-01T06:00:00Z,blm_malta_Malta District,Malta,EVI,1450.9894229415745
2011-11-01T06:00:00Z,blm_malta_Malta District,Malta,NDVI,2323.9759530451474
2011-11-01T06:00:00Z,blm_lewistown_Lewistown District,Lewistown,EVI,1794.2075608060998
2011-11-01T06:00:00Z,blm_lewistown_Lewistown District,Lewistown,NDVI,3032.1045977696194
2011-11-01T06:00:00Z,blm_missoula_Missoula District,Missoula,EVI,2281.8380313492116
2011-11-01T06:00:00Z,blm_missoula_Missoula District,Missoula,NDVI,5378.913405777918
2011-11-01T06:00:00Z,blm_butte_Butte District,Butte,EVI,1860.1856921173178
2011-11-01T06:00:00Z,blm_butte_Butte District,Butte,NDVI,3719.9750945623487
2011-11-01T06:00:00Z,blm_dillon_Dillon District,Dillon,EVI,1853.2131065966753
2011-11-01T06:00:00Z,blm_dillon_Dillon District,Dillon,NDVI,3575.80640203823
2011-11-17T07:00:00Z,blm_billings_Billings District,Billings,EVI,1441.5897763254031
2011-11-17T07:00:00Z,blm_billings_Billings District,Billings,NDVI,2571.1992004089643
2011-11-17T07:00:00Z,blm_miles-city_Miles City District,Miles City,EVI,1349.5419862256913
2011-11-17T07:00:00Z,blm_miles-city_Miles City District,Miles City,NDVI,2388.917779437647
2011-11-17T07:00:00Z,blm_malta_Malta District,Malta,EVI,1304.0708735448877
2011-11-17T07:00:00Z,blm_malta_Malta District,Malta,NDVI,2161.08334887018
2011-11-17T07:00:00Z,blm_lewistown_Lewistown District,Lewistown,EVI,1435.7122941024504
2011-11-17T07:00:00Z,blm_lewistown_Lewistown District,Lewistown,NDVI,2413.084235229124
2011-11-17T07:00:00Z,blm_missoula_Missoula District,Missoula,EVI,2037.2523507333153
2011-11-17T07:00:00Z,blm_missoula_Missoula District,Missoula,NDVI,4304.361638109149
2011-11-17T07:00:00Z,blm_butte_Butte District,Butte,EVI,1385.4295179425155
2011-11-17T07:00:00Z,blm_butte_Butte District,Butte,NDVI,2428.6846918876004
2011-11-17T07:00:00Z,blm_dillon_Dillon District,Dillon,EVI,1383.2430771611457
2011-11-17T07:00:00Z,blm_dillon_Dillon District,Dillon,NDVI,2226.3947816275477
2011-12-03T07:00:00Z,blm_billings_Billings District,Billings,EVI,1362.6334614920854
2011-12-03T07:00:00Z,blm_billings_Billings District,Billings,NDVI,2265.661107719368
2011-12-03T07:00:00Z,blm_miles-city_Miles City District,Miles City,EVI,1354.5549901809202
2011-12-03T07:00:00Z,blm_miles-city_Miles City District,Miles City,NDVI,2255.468519431224
2011-12-03T07:00:00Z,blm_malta_Malta District,Malta,EVI,1237.1028389964688
2011-12-03T07:00:00Z,blm_malta_Malta District,Malta,NDVI,1904.0193371648922
2011-12-03T07:00:00Z,blm_lewistown_Lewistown District,Lewistown,EVI,1319.0171386126183
2011-12-03T07:00:00Z,blm_lewistown_Lewistown District,Lewistown,NDVI,2051.874471690828
2011-12-03T07:00:00Z,blm_missoula_Missoula District,Missoula,EVI,2145.250510496376
2011-12-03T07:00:00Z,blm_missoula_Missoula District,Missoula,NDVI,4811.774884453278
2011-12-03T07:00:00Z,blm_butte_Butte District,Butte,EVI,1269.6242675450003
2011-12-03T07:00:00Z,blm_butte_Butte District,Butte,NDVI,2295.49151127224
2011-12-03T07:00:00Z,blm_dillon_Dillon District,Dillon,EVI,1337.139926192965
2011-12-03T07:00:00Z,blm_dillon_Dillon District,Dillon,NDVI,2177.14762725702
2011-12-19T07:00:00Z,blm_billings_Billings District,Billings,EVI,1421.7100655187508
2011-12-19T07:00:00Z,blm_billings_Billings District,Billings,NDVI,2360.9759930417954
2011-12-19T07:00:00Z,blm_miles-city_Miles City District,Miles City,EVI,1277.3880121173622
2011-12-19T07:00:00Z,blm_miles-city_Miles City District,Miles City,NDVI,2256.315647927542
2011-12-19T07:00:00Z,blm_malta_Malta District,Malta,EVI,1196.7233446296052
2011-12-19T07:00:00Z,blm_malta_Malta District,Malta,NDVI,1981.3789572566645
2011-12-19T07:00:00Z,blm_lewistown_Lewistown District,Lewistown,EVI,1346.821245042961
2011-12-19T07:00:00Z,blm_lewistown_Lewistown District,Lewistown,NDVI,2205.7148612625892
2011-12-19T07:00:00Z,blm_missoula_Missoula District,Missoula,EVI,1869.827310763593
2011-12-19T07:00:00Z,blm_missoula_Missoula District,Missoula,NDVI,3993.162487222557
2011-12-19T07:00:00Z,blm_butte_Butte District,Butte,EVI,1388.4047970989684
2011-12-19T07:00:00Z,blm_butte_Butte District,Butte,NDVI,2345.2945781661547
2011-12-19T07:00:00Z,blm_dillon_Dillon District,Dillon,EVI,1256.0434253793474
2011-12-19T07:00:00Z,blm_dillon_Dillon District,Dillon,NDVI,2012.0575563638288
2012-01-01T07:00:00Z,blm_billings_Billings District,Billings,EVI,1337.6570400321439
2012-01-01T07:00:00Z,blm_billings_Billings District,Billings,NDVI,2412.362926167218
2012-01-01T07:00:00Z,blm_miles-city_Miles City District,Miles City,EVI,1245.3676832632752
2012-01-01T07:00:00Z,blm_miles-city_Miles City District,Miles City,NDVI,2263.758170876392
2012-01-01T07:00:00Z,blm_malta_Malta District,Malta,EVI,1163.9945554663816
2012-01-01T07:00:00Z,blm_malta_Malta District,Malta,NDVI,1989.008263575116
2012-01-01T07:00:00Z,blm_lewistown_Lewistown District,Lewistown,EVI,1328.9739498423319
2012-01-01T07:00:00Z,blm_lewistown_Lewistown District,Lewistown,NDVI,2300.4407035575387
2012-01-01T07:00:00Z,blm_missoula_Missoula District,Missoula,EVI,1897.5056226284123
2012-01-01T07:00:00Z,blm_missoula_Missoula District,Missoula,NDVI,4244.687546342764
2012-01-01T07:00:00Z,blm_butte_Butte District,Butte,EVI,1372.0118559873872
2012-01-01T07:00:00Z,blm_butte_Butte District,Butte,NDVI,2495.6136790624746
2012-01-01T07:00:00Z,blm_dillon_Dillon District,Dillon,EVI,1278.2207280587131
2012-01-01T07:00:00Z,blm_dillon_Dillon District,Dillon,NDVI,2101.337830350712
2012-01-17T07:00:00Z,blm_billings_Billings District,Billings,EVI,1258.6846571173687
2012-01-17T07:00:00Z,blm_billings_Billings District,Billings,NDVI,2063.609092309295
2012-01-17T07:00:00Z,blm_miles-city_Miles City District,Miles City,EVI,1224.2457786038851
2012-01-17T07:00:00Z,blm_miles-city_Miles City District,Miles City,NDVI,2082.473034056436
2012-01-17T07:00:00Z,blm_malta_Malta District,Malta,EVI,1185.4553325995032
2012-01-17T07:00:00Z,blm_malta_Malta District,Malta,NDVI,1852.6597383399123
2012-01-17T07:00:00Z,blm_lewistown_Lewistown District,Lewistown,EVI,1288.359862831363
2012-01-17T07:00:00Z,blm_lewistown_Lewistown District,Lewistown,NDVI,2004.0311539264935
2012-01-17T07:00:00Z,blm_missoula_Missoula District,Missoula,EVI,1649.3385826771653
2012-01-17T07:00:00Z,blm_missoula_Missoula District,Missoula,NDVI,2896.3110236220473
2012-01-17T07:00:00Z,blm_butte_Butte District,Butte,EVI,1293.9918733954914
2012-01-17T07:00:00Z,blm_butte_Butte District,Butte,NDVI,2140.2086957162132
2012-01-17T07:00:00Z,blm_dillon_Dillon District,Dillon,EVI,1281.0792142123983
2012-01-17T07:00:00Z,blm_dillon_Dillon District,Dillon,NDVI,2001.1614883624702
2012-02-02T07:00:00Z,blm_billings_Billings District,Billings,EVI,1265.6276094384755
2012-02-02T07:00:00Z,blm_billings_Billings District,Billings,NDVI,2144.6612835086894
2012-02-02T07:00:00Z,blm_miles-city_Miles City District,Miles City,EVI,1233.1340273424298
2012-02-02T07:00:00Z,blm_miles-city_Miles City District,Miles City,NDVI,2141.65688921962
2012-02-02T07:00:00Z,blm_malta_Malta District,Malta,EVI,1176.4325322004106
2012-02-02T07:00:00Z,blm_malta_Malta District,Malta,NDVI,1939.5635676912746
2012-02-02T07:00:00Z,blm_lewistown_Lewistown District,Lewistown,EVI,1270.1255395347387
2012-02-02T07:00:00Z,blm_lewistown_Lewistown District,Lewistown,NDVI,2073.1661061299237
2012-02-02T07:00:00Z,blm_missoula_Missoula District,Missoula,EVI,1874.1254452396045
2012-02-02T07:00:00Z,blm_missoula_Missoula District,Missoula,NDVI,3566.308990850619
2012-02-02T07:00:00Z,blm_butte_Butte District,Butte,EVI,1247.376956886935
2012-02-02T07:00:00Z,blm_butte_Butte District,Butte,NDVI,2088.590061993363
2012-02-02T07:00:00Z,blm_dillon_Dillon District,Dillon,EVI,1269.1131435196346
2012-02-02T07:00:00Z,blm_dillon_Dillon District,Dillon,NDVI,1977.4791970787471
2012-02-18T07:00:00Z,blm_billings_Billings District,Billings,EVI,1245.6538760974063
2012-02-18T07:00:00Z,blm_billings_Billings District,Billings,NDVI,2080.3734417140754
2012-02-18T07:00:00Z,blm_miles-city_Miles City District,Miles City,EVI,1198.8592673598855
2012-02-18T07:00:00Z,blm_miles-city_Miles City District,Miles City,NDVI,2061.537015746639
2012-02-18T07:00:00Z,blm_malta_Malta District,Malta,EVI,1165.0020063682991
2012-02-18T07:00:00Z,blm_malta_Malta District,Malta,NDVI,1867.1611727706484
2012-02-18T07:00:00Z,blm_lewistown_Lewistown District,Lewistown,EVI,1222.175660923114
2012-02-18T07:00:00Z,blm_lewistown_Lewistown District,Lewistown,NDVI,1971.5906553804102
2012-02-18T07:00:00Z,blm_missoula_Missoula District,Missoula,EVI,1497.8293434736077
2012-02-18T07:00:00Z,blm_missoula_Missoula District,Missoula,NDVI,2743.8653902678293
2012-02-18T07:00:00Z,blm_butte_Butte District,Butte,EVI,1177.0809000974284
2012-02-18T07:00:00Z,blm_butte_Butte District,Butte,NDVI,1869.3907453690233
2012-02-18T07:00:00Z,blm_dillon_Dillon District,Dillon,EVI,1243.3420431031032
2012-02-18T07:00:00Z,blm_dillon_Dillon District,Dillon,NDVI,1901.8878426685926
2012-03-05T07:00:00Z,blm_billings_Billings District,Billings,EVI,1295.7375829964801
2012-03-05T07:00:00Z,blm_billings_Billings District,Billings,NDVI,2251.881538412814
2012-03-05T07:00:00Z,blm_miles-city_Miles City District,Miles City,EVI,1213.9470532765
2012-03-05T07:00:00Z,blm_miles-city_Miles City District,Miles City,NDVI,2101.8507087749185
2012-03-05T07:00:00Z,blm_malta_Malta District,Malta,EVI,1158.7193844148105
2012-03-05T07:00:00Z,blm_malta_Malta District,Malta,NDVI,1897.046011841768
2012-03-05T07:00:00Z,blm_lewistown_Lewistown District,Lewistown,EVI,1262.3393137331034
2012-03-05T07:00:00Z,blm_lewistown_Lewistown District,Lewistown,NDVI,2003.9550790509707
2012-03-05T07:00:00Z,blm_missoula_Missoula District,Missoula,EVI,1671.5468893896464
2012-03-05T07:00:00Z,blm_missoula_Missoula District,Missoula,NDVI,3493.960416787967
2012-03-05T07:00:00Z,blm_butte_Butte District,Butte,EVI,1324.615695459976
2012-03-05T07:00:00Z,blm_butte_Butte District,Butte,NDVI,2206.3023248365384
2012-03-05T07:00:00Z,blm_dillon_Dillon District,Dillon,EVI,1263.8565280421965
2012-03-05T07:00:00Z,blm_dillon_Dillon District,Dillon,NDVI,1884.0849817244446
2012-03-21T06:00:00Z,blm_billings_Billings District,Billings,EVI,1634.3673394500333
2012-03-21T06:00:00Z,blm_billings_Billings District,Billings,NDVI,2761.7053168925268
2012-03-21T06:00:00Z,blm_miles-city_Miles City District,Miles City,EVI,1442.6973319528786
2012-03-21T06:00:00Z,blm_miles-city_Miles City District,Miles City,NDVI,2407.664418207152
2012-03-21T06:00:00Z,blm_malta_Malta District,Malta,EVI,1278.3492682730946
2012-03-21T06:00:00Z,blm_malta_Malta District,Malta,NDVI,2163.246339651033
2012-03-21T06:00:00Z,blm_lewistown_Lewistown District,Lewistown,EVI,1464.963844646025
2012-03-21T06:00:00Z,blm_lewistown_Lewistown District,Lewistown,NDVI,2573.5801413068953
2012-03-21T06:00:00Z,blm_missoula_Missoula District,Missoula,EVI,1874.3822171519114
2012-03-21T06:00:00Z,blm_missoula_Missoula District,Missoula,NDVI,3867.0703756315143
2012-03-21T06:00:00Z,blm_butte_Butte District,Butte,EVI,1550.5638668235508
2012-03-21T06:00:00Z,blm_butte_Butte District,Butte,NDVI,2937.489628659953
2012-03-21T06:00:00Z,blm_dillon_Dillon District,Dillon,EVI,1353.3180057632997
2012-03-21T06:00:00Z,blm_dillon_Dillon District,Dillon,NDVI,2325.7763877763823
2012-04-06T06:00:00Z,blm_billings_Billings District,Billings,EVI,1797.1791757309556
2012-04-06T06:00:00Z,blm_billings_Billings District,Billings,NDVI,3001.277146999528
2012-04-06T06:00:00Z,blm_miles-city_Miles City District,Miles City,EVI,1568.8264475516423
2012-04-06T06:00:00Z,blm_miles-city_Miles City District,Miles City,NDVI,2555.817070065758
2012-04-06T06:00:00Z,blm_malta_Malta District,Malta,EVI,1442.0896806789463
2012-04-06T06:00:00Z,blm_malta_Malta District,Malta,NDVI,2374.214203561138
2012-04-06T06:00:00Z,blm_lewistown_Lewistown District,Lewistown,EVI,1690.273722305428
2012-04-06T06:00:00Z,blm_lewistown_Lewistown District,Lewistown,NDVI,2861.529681137716
2012-04-06T06:00:00Z,blm_missoula_Missoula District,Missoula,EVI,2126.3703114002456
2012-04-06T06:00:00Z,blm_missoula_Missoula District,Missoula,NDVI,4687.8430843945025
2012-04-06T06:00:00Z,blm_butte_Butte District,Butte,EVI,1765.0477944407442
2012-04-06T06:00:00Z,blm_butte_Butte District,Butte,NDVI,3256.541150225352
2012-04-06T06:00:00Z,blm_dillon_Dillon District,Dillon,EVI,1569.2585457291034
2012-04-06T06:00:00Z,blm_dillon_Dillon District,Dillon,NDVI,2683.695932534011
2012-04-22T06:00:00Z,blm_billings_Billings District,Billings,EVI,2197.8541992217515
2012-04-22T06:00:00Z,blm_billings_Billings District,Billings,NDVI,3601.1309310097154
2012-04-22T06:00:00Z,blm_miles-city_Miles City District,Miles City,EVI,1726.609669083197
2012-04-22T06:00:00Z,blm_miles-city_Miles City District,Miles City,NDVI,2879.4157531232586
2012-04-22T06:00:00Z,blm_malta_Malta District,Malta,EVI,1834.3210224385673
2012-04-22T06:00:00Z,blm_malta_Malta District,Malta,NDVI,2957.851485961535
2012-04-22T06:00:00Z,blm_lewistown_Lewistown District,Lewistown,EVI,2231.5362966070516
2012-04-22T06:00:00Z,blm_lewistown_Lewistown District,Lewistown,NDVI,3775.995233329179
2012-04-22T06:00:00Z,blm_missoula_Missoula District,Missoula,EVI,2488.784779289184
2012-04-22T06:00:00Z,blm_missoula_Missoula District,Missoula,NDVI,5480.2588065410955
2012-04-22T06:00:00Z,blm_butte_Butte District,Butte,EVI,2119.087349031311
2012-04-22T06:00:00Z,blm_butte_Butte District,Butte,NDVI,4182.4773556438
2012-04-22T06:00:00Z,blm_dillon_Dillon District,Dillon,EVI,2035.3610111048013
2012-04-22T06:00:00Z,blm_dillon_Dillon District,Dillon,NDVI,3681.5558589224893
2012-05-08T06:00:00Z,blm_billings_Billings District,Billings,EVI,2377.4167815720557
2012-05-08T06:00:00Z,blm_billings_Billings District,Billings,NDVI,4004.865383188082
2012-05-08T06:00:00Z,blm_miles-city_Miles City District,Miles City,EVI,2069.737650008932
2012-05-08T06:00:00Z,blm_miles-city_Miles City District,Miles City,NDVI,3377.320115588482
2012-05-08T06:00:00Z,blm_malta_Malta District,Malta,EVI,2191.6253337583416
2012-05-08T06:00:00Z,blm_malta_Malta District,Malta,NDVI,3590.839856550722
2012-05-08T06:00:00Z,blm_lewistown_Lewistown District,Lewistown,EVI,2553.355679890003
2012-05-08T06:00:00Z,blm_lewistown_Lewistown District,Lewistown,NDVI,4303.451451827488
2012-05-08T06:00:00Z,blm_missoula_Missoula District,Missoula,EVI,2769.6121968219018
2012-05-08T06:00:00Z,blm_missoula_Missoula District,Missoula,NDVI,5777.286020747219
2012-05-08T06:00:00Z,blm_butte_Butte District,Butte,EVI,2346.546563331406
2012-05-08T06:00:00Z,blm_butte_Butte District,Butte,NDVI,4336.766977153648
2012-05-08T06:00:00Z,blm_dillon_Dillon District,Dillon,EVI,2156.0995652271677
2012-05-08T06:00:00Z,blm_dillon_Dillon District,Dillon,NDVI,3800.4382029905405
2012-05-24T06:00:00Z,blm_billings_Billings District,Billings,EVI,2561.8396645788052
2012-05-24T06:00:00Z,blm_billings_Billings District,Billings,NDVI,4270.222054059175
2012-05-24T06:00:00Z,blm_miles-city_Miles City District,Miles City,EVI,2217.0142649378804
2012-05-24T06:00:00Z,blm_miles-city_Miles City District,Miles City,NDVI,3757.9174928103193
2012-05-24T06:00:00Z,blm_malta_Malta District,Malta,EVI,2653.2174320794775
2012-05-24T06:00:00Z,blm_malta_Malta District,Malta,NDVI,4266.208844728209
2012-05-24T06:00:00Z,blm_lewistown_Lewistown District,Lewistown,EVI,2970.7615523992813
2012-05-24T06:00:00Z,blm_lewistown_Lewistown District,Lewistown,NDVI,4823.478171492805
2012-05-24T06:00:00Z,blm_missoula_Missoula District,Missoula,EVI,3427.8829431756603
2012-05-24T06:00:00Z,blm_missoula_Missoula District,Missoula,NDVI,6302.53790827774
2012-05-24T06:00:00Z,blm_butte_Butte District,Butte,EVI,2775.5482783849757
2012-05-24T06:00:00Z,blm_butte_Butte District,Butte,NDVI,4921.197451589873
2012-05-24T06:00:00Z,blm_dillon_Dillon District,Dillon,EVI,2688.429854837287
2012-05-24T06:00:00Z,blm_dillon_Dillon District,Dillon,NDVI,4517.6079656400825
2012-06-09T06:00:00Z,blm_billings_Billings District,Billings,EVI,2463.6764872963477
2012-06-09T06:00:00Z,blm_billings_Billings District,Billings,NDVI,4061.4850601316616
2012-06-09T06:00:00Z,blm_miles-city_Miles City District,Miles City,EVI,2500.1094920350497
2012-06-09T06:00:00Z,blm_miles-city_Miles City District,Miles City,NDVI,4137.918300649939
2012-06-09T06:00:00Z,blm_malta_Malta District,Malta,EVI,2903.6588645151664
2012-06-09T06:00:00Z,blm_malta_Malta District,Malta,NDVI,4664.232686771287
2012-06-09T06:00:00Z,blm_lewistown_Lewistown District,Lewistown,EVI,3191.6565735451304
2012-06-09T06:00:00Z,blm_lewistown_Lewistown District,Lewistown,NDVI,5221.27191799973
2012-06-09T06:00:00Z,blm_missoula_Missoula District,Missoula,EVI,3267.392456825611
2012-06-09T06:00:00Z,blm_missoula_Missoula District,Missoula,NDVI,6543.533261569497
2012-06-09T06:00:00Z,blm_butte_Butte District,Butte,EVI,2877.8950681709002
2012-06-09T06:00:00Z,blm_butte_Butte District,Butte,NDVI,5188.696784671838
2012-06-09T06:00:00Z,blm_dillon_Dillon District,Dillon,EVI,2738.696081553201
2012-06-09T06:00:00Z,blm_dillon_Dillon District,Dillon,NDVI,4662.928982732183
2012-06-25T06:00:00Z,blm_billings_Billings District,Billings,EVI,2144.747750076727
2012-06-25T06:00:00Z,blm_billings_Billings District,Billings,NDVI,3508.1575429259146
2012-06-25T06:00:00Z,blm_miles-city_Miles City District,Miles City,EVI,2281.4166747197105
2012-06-25T06:00:00Z,blm_miles-city_Miles City District,Miles City,NDVI,3755.015740420061
2012-06-25T06:00:00Z,blm_malta_Malta District,Malta,EVI,2868.112062190301
2012-06-25T06:00:00Z,blm_malta_Malta District,Malta,NDVI,4541.571460783189
2012-06-25T06:00:00Z,blm_lewistown_Lewistown District,Lewistown,EVI,3032.908497927857
2012-06-25T06:00:00Z,blm_lewistown_Lewistown District,Lewistown,NDVI,4953.295745815379
2012-06-25T06:00:00Z,blm_missoula_Missoula District,Missoula,EVI,3646.2084399602218
2012-06-25T06:00:00Z,blm_missoula_Missoula District,Missoula,NDVI,6627.192036980271
2012-06-25T06:00:00Z,blm_butte_Butte District,Butte,EVI,2876.4615350507756
2012-06-25T06:00:00Z,blm_butte_Butte District,Butte,NDVI,5125.0535781986755
2012-06-25T06:00:00Z,blm_dillon_Dillon District,Dillon,EVI,2707.9619798340177
2012-06-25T06:00:00Z,blm_dillon_Dillon District,Dillon,NDVI,4719.386075435339
2012-07-11T06:00:00Z,blm_billings_Billings District,Billings,EVI,1978.8230003082529
2012-07-11T06:00:00Z,blm_billings_Billings District,Billings,NDVI,3272.6929212453583
2012-07-11T06:00:00Z,blm_miles-city_Miles City District,Miles City,EVI,2044.0434450326509
2012-07-11T06:00:00Z,blm_miles-city_Miles City District,Miles City,NDVI,3517.088582478475
2012-07-11T06:00:00Z,blm_malta_Malta District,Malta,EVI,2442.2394761613095
2012-07-11T06:00:00Z,blm_malta_Malta District,Malta,NDVI,4049.2720947771636
2012-07-11T06:00:00Z,blm_lewistown_Lewistown District,Lewistown,EVI,2664.116540517889
2012-07-11T06:00:00Z,blm_lewistown_Lewistown District,Lewistown,NDVI,4502.207211434045
2012-07-11T06:00:00Z,blm_missoula_Missoula District,Missoula,EVI,3382.8750788015805
2012-07-11T06:00:00Z,blm_missoula_Missoula District,Missoula,NDVI,6815.473752424836
2012-07-11T06:00:00Z,blm_butte_Butte District,Butte,EVI,2688.4854843392673
2012-07-11T06:00:00Z,blm_butte_Butte District,Butte,NDVI,5110.131400113921
2012-07-11T06:00:00Z,blm_dillon_Dillon District,Dillon,EVI,2526.62907716037
2012-07-11T06:00:00Z,blm_dillon_Dillon District,Dillon,NDVI,4831.8408828674765
2012-07-27T06:00:00Z,blm_billings_Billings District,Billings,EVI,1821.2829172253937
2012-07-27T06:00:00Z,blm_billings_Billings District,Billings,NDVI,3106.9983062624615
2012-07-27T06:00:00Z,blm_miles-city_Miles City District,Miles City,EVI,1866.611886519079
2012-07-27T06:00:00Z,blm_miles-city_Miles City District,Miles City,NDVI,3134.3560925603538
2012-07-27T06:00:00Z,blm_malta_Malta District,Malta,EVI,2004.688224655809
2012-07-27T06:00:00Z,blm_malta_Malta District,Malta,NDVI,3376.119741123288
2012-07-27T06:00:00Z,blm_lewistown_Lewistown District,Lewistown,EVI,2263.775826763978
2012-07-27T06:00:00Z,blm_lewistown_Lewistown District,Lewistown,NDVI,3957.2258163214187
2012-07-27T06:00:00Z,blm_missoula_Missoula District,Missoula,EVI,3209.0809716620843
2012-07-27T06:00:00Z,blm_missoula_Missoula District,Missoula,NDVI,6736.834100718117
2012-07-27T06:00:00Z,blm_butte_Butte District,Butte,EVI,2370.2990824453964
2012-07-27T06:00:00Z,blm_butte_Butte District,Butte,NDVI,4936.488267635735
2012-07-27T06:00:00Z,blm_dillon_Dillon District,Dillon,EVI,2344.2816485136755
2012-07-27T06:00:00Z,blm_dillon_Dillon District,Dillon,NDVI,4663.968828262678
2012-08-12T06:00:00Z,blm_billings_Billings District,Billings,EVI,1668.4927940768032
2012-08-12T06:00:00Z,blm_billings_Billings District,Billings,NDVI,2904.4914654365616
2012-08-12T06:00:00Z,blm_miles-city_Miles City District,Miles City,EVI,1643.8911280463483
2012-08-12T06:00:00Z,blm_miles-city_Miles City District,Miles City,NDVI,2879.124939253794
2012-08-12T06:00:00Z,blm_malta_Malta District,Malta,EVI,1745.3736031322867
2012-08-12T06:00:00Z,blm_malta_Malta District,Malta,NDVI,2979.9822757014867
2012-08-12T06:00:00Z,blm_lewistown_Lewistown District,Lewistown,EVI,2049.946637106704
2012-08-12T06:00:00Z,blm_lewistown_Lewistown District,Lewistown,NDVI,3696.212050566184
2012-08-12T06:00:00Z,blm_missoula_Missoula District,Missoula,EVI,2996.051737951264
2012-08-12T06:00:00Z,blm_missoula_Missoula District,Missoula,NDVI,6534.3378822352215
2012-08-12T06:00:00Z,blm_butte_Butte District,Butte,EVI,2283.6732673058273
2012-08-12T06:00:00Z,blm_butte_Butte District,Butte,NDVI,4528.696154798175
2012-08-12T06:00:00Z,blm_dillon_Dillon District,Dillon,EVI,2197.403609167829
2012-08-12T06:00:00Z,blm_dillon_Dillon District,Dillon,NDVI,4145.135512444896
2012-08-28T06:00:00Z,blm_billings_Billings District,Billings,EVI,1613.5911675222626
2012-08-28T06:00:00Z,blm_billings_Billings District,Billings,NDVI,2793.6008402661905
2012-08-28T06:00:00Z,blm_miles-city_Miles City District,Miles City,EVI,1576.7420887612002
2012-08-28T06:00:00Z,blm_miles-city_Miles City District,Miles City,NDVI,2663.7308173699703
2012-08-28T06:00:00Z,blm_malta_Malta District,Malta,EVI,1624.4211056979573
2012-08-28T06:00:00Z,blm_malta_Malta District,Malta,NDVI,2784.4687160558437
2012-08-28T06:00:00Z,blm_lewistown_Lewistown District,Lewistown,EVI,1878.0165251450808
2012-08-28T06:00:00Z,blm_lewistown_Lewistown District,Lewistown,NDVI,3455.95525261899
2012-08-28T06:00:00Z,blm_missoula_Missoula District,Missoula,EVI,2871.076720553777
2012-08-28T06:00:00Z,blm_missoula_Missoula District,Missoula,NDVI,6250.122702019211
2012-08-28T06:00:00Z,blm_butte_Butte District,Butte,EVI,2083.5224644936843
2012-08-28T06:00:00Z,blm_butte_Butte District,Butte,NDVI,4373.086950921805
2012-08-28T06:00:00Z,blm_dillon_Dillon District,Dillon,EVI,2032.344078082602
2012-08-28T06:00:00Z,blm_dillon_Dillon District,Dillon,NDVI,4041.7299265994316
2012-09-13T06:00:00Z,blm_billings_Billings District,Billings,EVI,1530.632947090192
2012-09-13T06:00:00Z,blm_billings_Billings District,Billings,NDVI,2653.587361174599
2012-09-13T06:00:00Z,blm_miles-city_Miles City District,Miles City,EVI,1466.2972908937306
2012-09-13T06:00:00Z,blm_miles-city_Miles City District,Miles City,NDVI,2502.326423857619
2012-09-13T06:00:00Z,blm_malta_Malta District,Malta,EVI,1502.2694261282807
2012-09-13T06:00:00Z,blm_malta_Malta District,Malta,NDVI,2534.057416978016
2012-09-13T06:00:00Z,blm_lewistown_Lewistown District,Lewistown,EVI,1763.246751950533
2012-09-13T06:00:00Z,blm_lewistown_Lewistown District,Lewistown,NDVI,3204.447221564051
2012-09-13T06:00:00Z,blm_missoula_Missoula District,Missoula,EVI,2699.6256210124266
2012-09-13T06:00:00Z,blm_missoula_Missoula District,Missoula,NDVI,6045.639814101338
2012-09-13T06:00:00Z,blm_butte_Butte District,Butte,EVI,1960.109391532924
2012-09-13T06:00:00Z,blm_butte_Butte District,Butte,NDVI,4062.5403079918524
2012-09-13T06:00:00Z,blm_dillon_Dillon District,Dillon,EVI,1880.6321535235816
2012-09-13T06:00:00Z,blm_dillon_Dillon District,Dillon,NDVI,3575.3241723073834
2012-09-29T06:00:00Z,blm_billings_Billings District,Billings,EVI,1544.6345620707002
2012-09-29T06:00:00Z,blm_billings_Billings District,Billings,NDVI,2716.4988663402137
2012-09-29T06:00:00Z,blm_miles-city_Miles City District,Miles City,EVI,1422.5414239138183
2012-09-29T06:00:00Z,blm_miles-city_Miles City District,Miles City,NDVI,2430.1036206249532
2012-09-29T06:00:00Z,blm_malta_Malta District,Malta,EVI,1418.1304839864886
2012-09-29T06:00:00Z,blm_malta_Malta District,Malta,NDVI,2468.8959088519855
2012-09-29T06:00:00Z,blm_lewistown_Lewistown District,Lewistown,EVI,1692.7471890113693
2012-09-29T06:00:00Z,blm_lewistown_Lewistown District,Lewistown,NDVI,3174.202865250153
2012-09-29T06:00:00Z,blm_missoula_Missoula District,Missoula,EVI,2479.078894186919
2012-09-29T06:00:00Z,blm_missoula_Missoula District,Missoula,NDVI,5759.798121114118
2012-09-29T06:00:00Z,blm_butte_Butte District,Butte,EVI,1806.1058033659983
2012-09-29T06:00:00Z,blm_butte_Butte District,Butte,NDVI,4104.798022256554
2012-09-29T06:00:00Z,blm_dillon_Dillon District,Dillon,EVI,1717.689718897013
2012-09-29T06:00:00Z,blm_dillon_Dillon District,Dillon,NDVI,3734.15762288823
2012-10-15T06:00:00Z,blm_billings_Billings District,Billings,EVI,1378.4893295832362
2012-10-15T06:00:00Z,blm_billings_Billings District,Billings,NDVI,2581.7780394113643
2012-10-15T06:00:00Z,blm_miles-city_Miles City District,Miles City,EVI,1320.0478013722673
2012-10-15T06:00:00Z,blm_miles-city_Miles City District,Miles City,NDVI,2370.2349263383053
2012-10-15T06:00:00Z,blm_malta_Malta District,Malta,EVI,1313.7381685749606
2012-10-15T06:00:00Z,blm_malta_Malta District,Malta,NDVI,2297.195522615161
2012-10-15T06:00:00Z,blm_lewistown_Lewistown District,Lewistown,EVI,1527.7522825608064
2012-10-15T06:00:00Z,blm_lewistown_Lewistown District,Lewistown,NDVI,3029.3410744860885
2012-10-15T06:00:00Z,blm_missoula_Missoula District,Missoula,EVI,2351.167366220182
2012-10-15T06:00:00Z,blm_missoula_Missoula District,Missoula,NDVI,5379.6760603749235
2012-10-15T06:00:00Z,blm_butte_Butte District,Butte,EVI,1712.8944708734607
2012-10-15T06:00:00Z,blm_butte_Butte District,Butte,NDVI,3984.834647536522
2012-10-15T06:00:00Z,blm_dillon_Dillon District,Dillon,EVI,1609.9983404130503
2012-10-15T06:00:00Z,blm_dillon_Dillon District,Dillon,NDVI,3501.28580539019
2012-10-31T06:00:00Z,blm_billings_Billings District,Billings,EVI,1334.5063564121047
2012-10-31T06:00:00Z,blm_billings_Billings District,Billings,NDVI,2514.491778348143
2012-10-31T06:00:00Z,blm_miles-city_Miles City District,Miles City,EVI,1298.54282629747
2012-10-31T06:00:00Z,blm_miles-city_Miles City District,Miles City,NDVI,2322.6969959407947
2012-10-31T06:00:00Z,blm_malta_Malta District,Malta,EVI,1328.3245655046167
2012-10-31T06:00:00Z,blm_malta_Malta District,Malta,NDVI,2273.6121094135165
2012-10-31T06:00:00Z,blm_lewistown_Lewistown District,Lewistown,EVI,1506.660036438205
2012-10-31T06:00:00Z,blm_lewistown_Lewistown District,Lewistown,NDVI,2979.287930377481
2012-10-31T06:00:00Z,blm_missoula_Missoula District,Missoula,EVI,2206.4511875953644
2012-10-31T06:00:00Z,blm_missoula_Missoula District,Missoula,NDVI,5103.540676271314
2012-10-31T06:00:00Z,blm_butte_Butte District,Butte,EVI,1639.8686450583145
2012-10-31T06:00:00Z,blm_butte_Butte District,Butte,NDVI,3757.725718204291
2012-10-31T06:00:00Z,blm_dillon_Dillon District,Dillon,EVI,1521.689083202172
2012-10-31T06:00:00Z,blm_dillon_Dillon District,Dillon,NDVI,3072.918785435309
2012-11-16T07:00:00Z,blm_billings_Billings District,Billings,EVI,1294.209029032545
2012-11-16T07:00:00Z,blm_billings_Billings District,Billings,NDVI,2402.644675924406
2012-11-16T07:00:00Z,blm_miles-city_Miles City District,Miles City,EVI,1172.9505496476902
2012-11-16T07:00:00Z,blm_miles-city_Miles City District,Miles City,NDVI,2251.5164284948437
2012-11-16T07:00:00Z,blm_malta_Malta District,Malta,EVI,1121.988887773218
2012-11-16T07:00:00Z,blm_malta_Malta District,Malta,NDVI,2008.5354546569329
2012-11-16T07:00:00Z,blm_lewistown_Lewistown District,Lewistown,EVI,1269.271332494164
2012-11-16T07:00:00Z,blm_lewistown_Lewistown District,Lewistown,NDVI,2277.0798385127214
2012-11-16T07:00:00Z,blm_missoula_Missoula District,Missoula,EVI,2011.104852626981
2012-11-16T07:00:00Z,blm_missoula_Missoula District,Missoula,NDVI,4703.501439969222
2012-11-16T07:00:00Z,blm_butte_Butte District,Butte,EVI,1308.6668287040102
2012-11-16T07:00:00Z,blm_butte_Butte District,Butte,NDVI,2506.840040769641
2012-11-16T07:00:00Z,blm_dillon_Dillon District,Dillon,EVI,1377.0837775991386
2012-11-16T07:00:00Z,blm_dillon_Dillon District,Dillon,NDVI,2452.7940788272426
2012-12-02T07:00:00Z,blm_billings_Billings District,Billings,EVI,1237.07101804362
2012-12-02T07:00:00Z,blm_billings_Billings District,Billings,NDVI,2283.821572162187
2012-12-02T07:00:00Z,blm_miles-city_Miles City District,Miles City,EVI,1220.289261368316
2012-12-02T07:00:00Z,blm_miles-city_Miles City District,Miles City,NDVI,2255.955698350659
2012-12-02T07:00:00Z,blm_malta_Malta District,Malta,EVI,1064.5113393410695
2012-12-02T07:00:00Z,blm_malta_Malta District,Malta,NDVI,1996.0723833656966
2012-12-02T07:00:00Z,blm_lewistown_Lewistown District,Lewistown,EVI,1302.0025782139792
2012-12-02T07:00:00Z,blm_lewistown_Lewistown District,Lewistown,NDVI,2428.4948597249786
2012-12-02T07:00:00Z,blm_missoula_Missoula District,Missoula,EVI,1803.7428704062672
2012-12-02T07:00:00Z,blm_missoula_Missoula District,Missoula,NDVI,4546.525611439783
2012-12-02T07:00:00Z,blm_butte_Butte District,Butte,EVI,1307.1457768607363
2012-12-02T07:00:00Z,blm_butte_Butte District,Butte,NDVI,2945.1958096908593
2012-12-02T07:00:00Z,blm_dillon_Dillon District,Dillon,EVI,1276.6772147029544
2012-12-02T07:00:00Z,blm_dillon_Dillon District,Dillon,NDVI,2272.6391517697416
2012-12-18T07:00:00Z,blm_billings_Billings District,Billings,EVI,1164.880701787446
2012-12-18T07:00:00Z,blm_billings_Billings District,Billings,NDVI,2042.1598413325266
2012-12-18T07:00:00Z,blm_miles-city_Miles City District,Miles City,EVI,1282.7752783762658
2012-12-18T07:00:00Z,blm_miles-city_Miles City District,Miles City,NDVI,2254.3378253284272
2012-12-18T07:00:00Z,blm_malta_Malta District,Malta,EVI,1131.669465855948
2012-12-18T07:00:00Z,blm_malta_Malta District,Malta,NDVI,1755.8762491195496
2012-12-18T07:00:00Z,blm_lewistown_Lewistown District,Lewistown,EVI,1177.2625396163803
2012-12-18T07:00:00Z,blm_lewistown_Lewistown District,Lewistown,NDVI,2119.0984157380253
2012-12-18T07:00:00Z,blm_missoula_Missoula District,Missoula,EVI,1705.2155963302753
2012-12-18T07:00:00Z,blm_missoula_Missoula District,Missoula,NDVI,3204.910091743119
2012-12-18T07:00:00Z,blm_butte_Butte District,Butte,EVI,1308.4134949170364
2012-12-18T07:00:00Z,blm_butte_Butte District,Butte,NDVI,2441.286866588944
2012-12-18T07:00:00Z,blm_dillon_Dillon District,Dillon,EVI,1375.6214455461773
2012-12-18T07:00:00Z,blm_dillon_Dillon District,Dillon,NDVI,1911.51118577399
2013-01-01T07:00:00Z,blm_billings_Billings District,Billings,EVI,1062.1244772856596
2013-01-01T07:00:00Z,blm_billings_Billings District,Billings,NDVI,1876.7082000423102
2013-01-01T07:00:00Z,blm_miles-city_Miles City District,Miles City,EVI,1016.735509872713
2013-01-01T07:00:00Z,blm_miles-city_Miles City District,Miles City,NDVI,1974.6267527885145
2013-01-01T07:00:00Z,blm_malta_Malta District,Malta,EVI,946.673355481354
2013-01-01T07:00:00Z,blm_malta_Malta District,Malta,NDVI,1619.212580958908
2013-01-01T07:00:00Z,blm_lewistown_Lewistown District,Lewistown,EVI,927.7221816045321
2013-01-01T07:00:00Z,blm_lewistown_Lewistown District,Lewistown,NDVI,1698.551915183662
2013-01-01T07:00:00Z,blm_missoula_Missoula District,Missoula,EVI,3152.0714285714284
2013-01-01T07:00:00Z,blm_missoula_Missoula District,Missoula,NDVI,5787.428571428572
2013-01-01T07:00:00Z,blm_butte_Butte District,Butte,EVI,1117.4858548585485
2013-01-01T07:00:00Z,blm_butte_Butte District,Butte,NDVI,1803.9725669983975
2013-01-01T07:00:00Z,blm_dillon_Dillon District,Dillon,EVI,1770.475
2013-01-01T07:00:00Z,blm_dillon_Dillon District,Dillon,NDVI,2202.4
2013-01-17T07:00:00Z,blm_billings_Billings District,Billings,EVI,1069.7414806417123
2013-01-17T07:00:00Z,blm_billings_Billings District,Billings,NDVI,1878.743412998176
2013-01-17T07:00:00Z,blm_miles-city_Miles City District,Miles City,EVI,981.1172466190342
2013-01-17T07:00:00Z,blm_miles-city_Miles City District,Miles City,NDVI,1907.2796240706416
2013-01-17T07:00:00Z,blm_malta_Malta District,Malta,EVI,992.7799462211034
2013-01-17T07:00:00Z,blm_malta_Malta District,Malta,NDVI,1682.1216671458296
2013-01-17T07:00:00Z,blm_lewistown_Lewistown District,Lewistown,EVI,1119.4134854559002
2013-01-17T07:00:00Z,blm_lewistown_Lewistown District,Lewistown,NDVI,1884.5205258112837
2013-01-17T07:00:00Z,blm_missoula_Missoula District,Missoula,EVI,1605.4113934905056
2013-01-17T07:00:00Z,blm_missoula_Missoula District,Missoula,NDVI,4912.807512768705
2013-01-17T07:00:00Z,blm_butte_Butte District,Butte,EVI,1462.0851269497537
2013-01-17T07:00:00Z,blm_butte_Butte District,Butte,NDVI,2186.987590622352
2013-01-17T07:00:00Z,blm_dillon_Dillon District,Dillon,EVI,1735.3881498374087
2013-01-17T07:00:00Z,blm_dillon_Dillon District,Dillon,NDVI,2458.727099961992
2013-02-02T07:00:00Z,blm_billings_Billings District,Billings,EVI,1098.6543527957322
2013-02-02T07:00:00Z,blm_billings_Billings District,Billings,NDVI,2045.5921315073126
2013-02-02T07:00:00Z,blm_miles-city_Miles City District,Miles City,EVI,979.9056014945361
2013-02-02T07:00:00Z,blm_miles-city_Miles City District,Miles City,NDVI,1922.7807792582928
2013-02-02T07:00:00Z,blm_malta_Malta District,Malta,EVI,910.6808545247379
2013-02-02T07:00:00Z,blm_malta_Malta District,Malta,NDVI,1660.1481092005185
2013-02-02T07:00:00Z,blm_lewistown_Lewistown District,Lewistown,EVI,1062.9743139542381
2013-02-02T07:00:00Z,blm_lewistown_Lewistown District,Lewistown,NDVI,1883.3585992613887
2013-02-02T07:00:00Z,blm_missoula_Missoula District,Missoula,EVI,1957.4655034623695
2013-02-02T07:00:00Z,blm_missoula_Missoula District,Missoula,NDVI,3796.0549057817716
2013-02-02T07:00:00Z,blm_butte_Butte District,Butte,EVI,1150.192565678305
2013-02-02T07:00:00Z,blm_butte_Butte District,Butte,NDVI,1914.1950659276872
2013-02-02T07:00:00Z,blm_dillon_Dillon District,Dillon,EVI,1254.3188862892887
2013-02-02T07:00:00Z,blm_dillon_Dillon District,Dillon,NDVI,1864.037300272491
2013-02-18T07:00:00Z,blm_billings_Billings District,Billings,EVI,1160.4531242182854
2013-02-18T07:00:00Z,blm_billings_Billings District,Billings,NDVI,2008.1328361976186
2013-02-18T07:00:00Z,blm_miles-city_Miles City District,Miles City,EVI,1017.3418508612549
2013-02-18T07:00:00Z,blm_miles-city_Miles City District,Miles City,NDVI,1888.9617936296418
2013-02-18T07:00:00Z,blm_malta_Malta District,Malta,EVI,926.5978708714928
2013-02-18T07:00:00Z,blm_malta_Malta District,Malta,NDVI,1686.3938424381633
2013-02-18T07:00:00Z,blm_lewistown_Lewistown District,Lewistown,EVI,1101.4641499218108
2013-02-18T07:00:00Z,blm_lewistown_Lewistown District,Lewistown,NDVI,1926.4377202609369
2013-02-18T07:00:00Z,blm_missoula_Missoula District,Missoula,EVI,1886.5069725945832
2013-02-18T07:00:00Z,blm_missoula_Missoula District,Missoula,NDVI,3343.939342519629
2013-02-18T07:00:00Z,blm_butte_Butte District,Butte,EVI,1164.941544867207
2013-02-18T07:00:00Z,blm_butte_Butte District,Butte,NDVI,1818.639876319135
2013-02-18T07:00:00Z,blm_dillon_Dillon District,Dillon,EVI,1335.7042160216158
2013-02-18T07:00:00Z,blm_dillon_Dillon District,Dillon,NDVI,1933.2458383468884
2013-03-06T07:00:00Z,blm_billings_Billings District,Billings,EVI,1167.1592300678967
2013-03-06T07:00:00Z,blm_billings_Billings District,Billings,NDVI,1995.7212212710879
2013-03-06T07:00:00Z,blm_miles-city_Miles City District,Miles City,EVI,1091.1784164011592
2013-03-06T07:00:00Z,blm_miles-city_Miles City District,Miles City,NDVI,1977.2248365070795
2013-03-06T07:00:00Z,blm_malta_Malta District,Malta,EVI,1037.9476922042668
2013-03-06T07:00:00Z,blm_malta_Malta District,Malta,NDVI,1867.8838717343504
2013-03-06T07:00:00Z,blm_lewistown_Lewistown District,Lewistown,EVI,1148.99080049962
2013-03-06T07:00:00Z,blm_lewistown_Lewistown District,Lewistown,NDVI,2038.6211206052005
2013-03-06T07:00:00Z,blm_missoula_Missoula District,Missoula,EVI,1927.443300931344
2013-03-06T07:00:00Z,blm_missoula_Missoula District,Missoula,NDVI,3588.434744743045
2013-03-06T07:00:00Z,blm_butte_Butte District,Butte,EVI,1245.0349446567461
2013-03-06T07:00:00Z,blm_butte_Butte District,Butte,NDVI,2141.131405017878
2013-03-06T07:00:00Z,blm_dillon_Dillon District,Dillon,EVI,1175.685330819893
2013-03-06T07:00:00Z,blm_dillon_Dillon District,Dillon,NDVI,1831.2336682551572
2013-03-22T06:00:00Z,blm_billings_Billings District,Billings,EVI,1281.4090571158206
2013-03-22T06:00:00Z,blm_billings_Billings District,Billings,NDVI,2182.1338274823006
2013-03-22T06:00:00Z,blm_miles-city_Miles City District,Miles City,EVI,1183.4056820056946
2013-03-22T06:00:00Z,blm_miles-city_Miles City District,Miles City,NDVI,2144.9359536267957
2013-03-22T06:00:00Z,blm_malta_Malta District,Malta,EVI,1054.22458563058
2013-03-22T06:00:00Z,blm_malta_Malta District,Malta,NDVI,1924.699249844863
2013-03-22T06:00:00Z,blm_lewistown_Lewistown District,Lewistown,EVI,1307.737429693983
2013-03-22T06:00:00Z,blm_lewistown_Lewistown District,Lewistown,NDVI,2296.7641040580324
2013-03-22T06:00:00Z,blm_missoula_Missoula District,Missoula,EVI,2202.1790689405548
2013-03-22T06:00:00Z,blm_missoula_Missoula District,Missoula,NDVI,4630.549515912851
2013-03-22T06:00:00Z,blm_butte_Butte District,Butte,EVI,1400.3906454037838
2013-03-22T06:00:00Z,blm_butte_Butte District,Butte,NDVI,2621.638413681639
2013-03-22T06:00:00Z,blm_dillon_Dillon District,Dillon,EVI,1278.6017310057425
2013-03-22T06:00:00Z,blm_dillon_Dillon District,Dillon,NDVI,2085.867509086716
2013-04-07T06:00:00Z,blm_billings_Billings District,Billings,EVI,1356.4154511772206
2013-04-07T06:00:00Z,blm_billings_Billings District,Billings,NDVI,2323.5453031934226
2013-04-07T06:00:00Z,blm_miles-city_Miles City District,Miles City,EVI,1252.4415077503195
2013-04-07T06:00:00Z,blm_miles-city_Miles City District,Miles City,NDVI,2258.2100505046756
2013-04-07T06:00:00Z,blm_malta_Malta District,Malta,EVI,1194.0973881303478
2013-04-07T06:00:00Z,blm_malta_Malta District,Malta,NDVI,2075.9305589328665
2013-04-07T06:00:00Z,blm_lewistown_Lewistown District,Lewistown,EVI,1461.904947570686
2013-04-07T06:00:00Z,blm_lewistown_Lewistown District,Lewistown,NDVI,2489.4417302835595
2013-04-07T06:00:00Z,blm_missoula_Missoula District,Missoula,EVI,2304.069294034658
2013-04-07T06:00:00Z,blm_missoula_Missoula District,Missoula,NDVI,4973.997269461742
2013-04-07T06:00:00Z,blm_butte_Butte District,Butte,EVI,1514.4730879305557
2013-04-07T06:00:00Z,blm_butte_Butte District,Butte,NDVI,2734.21446020685
2013-04-07T06:00:00Z,blm_dillon_Dillon District,Dillon,EVI,1324.1014509112144
2013-04-07T06:00:00Z,blm_dillon_Dillon District,Dillon,NDVI,2257.008996209631
2013-04-23T06:00:00Z,blm_billings_Billings District,Billings,EVI,1591.7648465218265
2013-04-23T06:00:00Z,blm_billings_Billings District,Billings,NDVI,2733.543557825322
2013-04-23T06:00:00Z,blm_miles-city_Miles City District,Miles City,EVI,1462.536331291794
2013-04-23T06:00:00Z,blm_miles-city_Miles City District,Miles City,NDVI,2555.9859702144913
2013-04-23T06:00:00Z,blm_malta_Malta District,Malta,EVI,1423.2389170898532
2013-04-23T06:00:00Z,blm_malta_Malta District,Malta,NDVI,2457.635970573183
2013-04-23T06:00:00Z,blm_lewistown_Lewistown District,Lewistown,EVI,1796.8066333253241
2013-04-23T06:00:00Z,blm_lewistown_Lewistown District,Lewistown,NDVI,3194.2613766450836
2013-04-23T06:00:00Z,blm_missoula_Missoula District,Missoula,EVI,2520.1453549776825
2013-04-23T06:00:00Z,blm_missoula_Missoula District,Missoula,NDVI,5295.657426502759
2013-04-23T06:00:00Z,blm_butte_Butte District,Butte,EVI,1829.6128824974933
2013-04-23T06:00:00Z,blm_butte_Butte District,Butte,NDVI,3474.789171800299
2013-04-23T06:00:00Z,blm_dillon_Dillon District,Dillon,EVI,1562.5029003967197
2013-04-23T06:00:00Z,blm_dillon_Dillon District,Dillon,NDVI,2683.5368454978834
2013-05-09T06:00:00Z,blm_billings_Billings District,Billings,EVI,1958.559279578817
2013-05-09T06:00:00Z,blm_billings_Billings District,Billings,NDVI,3677.6817057059907
2013-05-09T06:00:00Z,blm_miles-city_Miles City District,Miles City,EVI,1912.023612293797
2013-05-09T06:00:00Z,blm_miles-city_Miles City District,Miles City,NDVI,3211.0042231863035
2013-05-09T06:00:00Z,blm_malta_Malta District,Malta,EVI,1796.0177599644617
2013-05-09T06:00:00Z,blm_malta_Malta District,Malta,NDVI,3061.9196297142207
2013-05-09T06:00:00Z,blm_lewistown_Lewistown District,Lewistown,EVI,2232.672089581044
2013-05-09T06:00:00Z,blm_lewistown_Lewistown District,Lewistown,NDVI,4170.630202107585
2013-05-09T06:00:00Z,blm_missoula_Missoula District,Missoula,EVI,2697.8658638308325
2013-05-09T06:00:00Z,blm_missoula_Missoula District,Missoula,NDVI,5764.929722261332
2013-05-09T06:00:00Z,blm_butte_Butte District,Butte,EVI,2084.9027813323573
2013-05-09T06:00:00Z,blm_butte_Butte District,Butte,NDVI,4268.878726683106
2013-05-09T06:00:00Z,blm_dillon_Dillon District,Dillon,EVI,1885.5975984934114
2013-05-09T06:00:00Z,blm_dillon_Dillon District,Dillon,NDVI,3525.9901957586453
2013-05-25T06:00:00Z,blm_billings_Billings District,Billings,EVI,2594.1981748469148
2013-05-25T06:00:00Z,blm_billings_Billings District,Billings,NDVI,4304.96085264122
2013-05-25T06:00:00Z,blm_miles-city_Miles City District,Miles City,EVI,2742.3086309145237
2013-05-25T06:00:00Z,blm_miles-city_Miles City District,Miles City,NDVI,4475.667709897923
2013-05-25T06:00:00Z,blm_malta_Malta District,Malta,EVI,2492.767501956407
2013-05-25T06:00:00Z,blm_malta_Malta District,Malta,NDVI,4210.353913387076
2013-05-25T06:00:00Z,blm_lewistown_Lewistown District,Lewistown,EVI,2905.991897062134
2013-05-25T06:00:00Z,blm_lewistown_Lewistown District,Lewistown,NDVI,5028.1430175147025
2013-05-25T06:00:00Z,blm_missoula_Missoula District,Missoula,EVI,3227.6920504382674
2013-05-25T06:00:00Z,blm_missoula_Missoula District,Missoula,NDVI,6450.41540056007
2013-05-25T06:00:00Z,blm_butte_Butte District,Butte,EVI,2661.5826878519106
2013-05-25T06:00:00Z,blm_butte_Butte District,Butte,NDVI,4988.8244278247585
2013-05-25T06:00:00Z,blm_dillon_Dillon District,Dillon,EVI,2519.276333331458
2013-05-25T06:00:00Z,blm_dillon_Dillon District,Dillon,NDVI,4494.222589247398
2013-06-10T06:00:00Z,blm_billings_Billings District,Billings,EVI,2904.6548722881776
2013-06-10T06:00:00Z,blm_billings_Billings District,Billings,NDVI,4702.033703635687
2013-06-10T06:00:00Z,blm_miles-city_Miles City District,Miles City,EVI,2926.4344892545487
2013-06-10T06:00:00Z,blm_miles-city_Miles City District,Miles City,NDVI,4893.263540790086
2013-06-10T06:00:00Z,blm_malta_Malta District,Malta,EVI,2999.601133654203
2013-06-10T06:00:00Z,blm_malta_Malta District,Malta,NDVI,4739.172569908573
2013-06-10T06:00:00Z,blm_lewistown_Lewistown District,Lewistown,EVI,3205.1942990675384
2013-06-10T06:00:00Z,blm_lewistown_Lewistown District,Lewistown,NDVI,5315.969345892586
2013-06-10T06:00:00Z,blm_missoula_Missoula District,Missoula,EVI,3425.902995058259
2013-06-10T06:00:00Z,blm_missoula_Missoula District,Missoula,NDVI,6580.488596293597
2013-06-10T06:00:00Z,blm_butte_Butte District,Butte,EVI,2915.929626115591
2013-06-10T06:00:00Z,blm_butte_Butte District,Butte,NDVI,5342.295047165989
2013-06-10T06:00:00Z,blm_dillon_Dillon District,Dillon,EVI,2707.644927561583
2013-06-10T06:00:00Z,blm_dillon_Dillon District,Dillon,NDVI,4902.571619667381
2013-06-26T06:00:00Z,blm_billings_Billings District,Billings,EVI,2779.8476250561125
2013-06-26T06:00:00Z,blm_billings_Billings District,Billings,NDVI,4634.160544506444
2013-06-26T06:00:00Z,blm_miles-city_Miles City District,Miles City,EVI,3197.3214487849955
2013-06-26T06:00:00Z,blm_miles-city_Miles City District,Miles City,NDVI,5194.141731666509
2013-06-26T06:00:00Z,blm_malta_Malta District,Malta,EVI,3120.215839177981
2013-06-26T06:00:00Z,blm_malta_Malta District,Malta,NDVI,5103.868471889154
2013-06-26T06:00:00Z,blm_lewistown_Lewistown District,Lewistown,EVI,3349.8522815759343
2013-06-26T06:00:00Z,blm_lewistown_Lewistown District,Lewistown,NDVI,5553.721101370625
2013-06-26T06:00:00Z,blm_missoula_Missoula District,Missoula,EVI,3676.7718028976924
2013-06-26T06:00:00Z,blm_missoula_Missoula District,Missoula,NDVI,6846.778238259151
2013-06-26T06:00:00Z,blm_butte_Butte District,Butte,EVI,2990.8911498809134
2013-06-26T06:00:00Z,blm_butte_Butte District,Butte,NDVI,5540.5352692735705
2013-06-26T06:00:00Z,blm_dillon_Dillon District,Dillon,EVI,2880.0288118766543
2013-06-26T06:00:00Z,blm_dillon_Dillon District,Dillon,NDVI,5061.153821008357
2013-07-12T06:00:00Z,blm_billings_Billings District,Billings,EVI,2473.334385514491
2013-07-12T06:00:00Z,blm_billings_Billings District,Billings,NDVI,4133.565819747078
2013-07-12T06:00:00Z,blm_miles-city_Miles City District,Miles City,EVI,2933.6474510780217
2013-07-12T06:00:00Z,blm_miles-city_Miles City District,Miles City,NDVI,4807.823607061855
2013-07-12T06:00:00Z,blm_malta_Malta District,Malta,EVI,2808.080844762298
2013-07-12T06:00:00Z,blm_malta_Malta District,Malta,NDVI,4590.0306408534025
2013-07-12T06:00:00Z,blm_lewistown_Lewistown District,Lewistown,EVI,2954.642483662167
2013-07-12T06:00:00Z,blm_lewistown_Lewistown District,Lewistown,NDVI,5017.171632322453
2013-07-12T06:00:00Z,blm_missoula_Missoula District,Missoula,EVI,3459.889189443219
2013-07-12T06:00:00Z,blm_missoula_Missoula District,Missoula,NDVI,6748.518643413096
2013-07-12T06:00:00Z,blm_butte_Butte District,Butte,EVI,2838.4124613627578
2013-07-12T06:00:00Z,blm_butte_Butte District,Butte,NDVI,5314.014875178042
2013-07-12T06:00:00Z,blm_dillon_Dillon District,Dillon,EVI,2742.3895758432445
2013-07-12T06:00:00Z,blm_dillon_Dillon District,Dillon,NDVI,4985.727888007324
2013-07-28T06:00:00Z,blm_billings_Billings District,Billings,EVI,2250.093317068514
2013-07-28T06:00:00Z,blm_billings_Billings District,Billings,NDVI,3865.7103445746925
2013-07-28T06:00:00Z,blm_miles-city_Miles City District,Miles City,EVI,2588.77889912111
2013-07-28T06:00:00Z,blm_miles-city_Miles City District,Miles City,NDVI,4350.150767160634
2013-07-28T06:00:00Z,blm_malta_Malta District,Malta,EVI,2419.3373788558492
2013-07-28T06:00:00Z,blm_malta_Malta District,Malta,NDVI,4231.175258677383
2013-07-28T06:00:00Z,blm_lewistown_Lewistown District,Lewistown,EVI,2625.371085266077
2013-07-28T06:00:00Z,blm_lewistown_Lewistown District,Lewistown,NDVI,4641.947396289398
2013-07-28T06:00:00Z,blm_missoula_Missoula District,Missoula,EVI,3228.863475074365
2013-07-28T06:00:00Z,blm_missoula_Missoula District,Missoula,NDVI,6590.56700233356
2013-07-28T06:00:00Z,blm_butte_Butte District,Butte,EVI,2607.3525490558604
2013-07-28T06:00:00Z,blm_butte_Butte District,Butte,NDVI,5073.268950098871
2013-07-28T06:00:00Z,blm_dillon_Dillon District,Dillon,EVI,2492.2338711959164
2013-07-28T06:00:00Z,blm_dillon_Dillon District,Dillon,NDVI,4595.9785520026535
2013-08-13T06:00:00Z,blm_billings_Billings District,Billings,EVI,2019.3722788706625
2013-08-13T06:00:00Z,blm_billings_Billings District,Billings,NDVI,3470.9938469180165
2013-08-13T06:00:00Z,blm_miles-city_Miles City District,Miles City,EVI,2280.912179677047
2013-08-13T06:00:00Z,blm_miles-city_Miles City District,Miles City,NDVI,4011.830237987294
2013-08-13T06:00:00Z,blm_malta_Malta District,Malta,EVI,2086.3546405904212
2013-08-13T06:00:00Z,blm_malta_Malta District,Malta,NDVI,3636.2320401991756
2013-08-13T06:00:00Z,blm_lewistown_Lewistown District,Lewistown,EVI,2332.3296299561766
2013-08-13T06:00:00Z,blm_lewistown_Lewistown District,Lewistown,NDVI,4234.183512164656
2013-08-13T06:00:00Z,blm_missoula_Missoula District,Missoula,EVI,3125.4053502888514
2013-08-13T06:00:00Z,blm_missoula_Missoula District,Missoula,NDVI,6422.283064990552
2013-08-13T06:00:00Z,blm_butte_Butte District,Butte,EVI,2326.0580807213128
2013-08-13T06:00:00Z,blm_butte_Butte District,Butte,NDVI,4719.678779880218
2013-08-13T06:00:00Z,blm_dillon_Dillon District,Dillon,EVI,2173.154328692751
2013-08-13T06:00:00Z,blm_dillon_Dillon District,Dillon,NDVI,4275.0423786753245
2013-08-29T06:00:00Z,blm_billings_Billings District,Billings,EVI,1914.194703653385
2013-08-29T06:00:00Z,blm_billings_Billings District,Billings,NDVI,3459.468838950659
2013-08-29T06:00:00Z,blm_miles-city_Miles City District,Miles City,EVI,2041.0886202833735
2013-08-29T06:00:00Z,blm_miles-city_Miles City District,Miles City,NDVI,3729.336408313435
2013-08-29T06:00:00Z,blm_malta_Malta District,Malta,EVI,1862.5542161293176
2013-08-29T06:00:00Z,blm_malta_Malta District,Malta,NDVI,3486.1974310217565
2013-08-29T06:00:00Z,blm_lewistown_Lewistown District,Lewistown,EVI,2129.989585935506
2013-08-29T06:00:00Z,blm_lewistown_Lewistown District,Lewistown,NDVI,4085.2449958233447
2013-08-29T06:00:00Z,blm_missoula_Missoula District,Missoula,EVI,2832.4058731088844
2013-08-29T06:00:00Z,blm_missoula_Missoula District,Missoula,NDVI,6398.84269518162
2013-08-29T06:00:00Z,blm_butte_Butte District,Butte,EVI,2175.6864317194068
2013-08-29T06:00:00Z,blm_butte_Butte District,Butte,NDVI,4736.413870673852
2013-08-29T06:00:00Z,blm_dillon_Dillon District,Dillon,EVI,2071.1076895792244
2013-08-29T06:00:00Z,blm_dillon_Dillon District,Dillon,NDVI,4253.908878587401
2013-09-14T06:00:00Z,blm_billings_Billings District,Billings,EVI,1968.2525122908764
2013-09-14T06:00:00Z,blm_billings_Billings District,Billings,NDVI,3678.062384689301
2013-09-14T06:00:00Z,blm_miles-city_Miles City District,Miles City,EVI,1945.7564539106904
2013-09-14T06:00:00Z,blm_miles-city_Miles City District,Miles City,NDVI,3642.6168173541705
2013-09-14T06:00:00Z,blm_malta_Malta District,Malta,EVI,1873.497418537409
2013-09-14T06:00:00Z,blm_malta_Malta District,Malta,NDVI,3481.4307082014957
2013-09-14T06:00:00Z,blm_lewistown_Lewistown District,Lewistown,EVI,2120.6656637009405
2013-09-14T06:00:00Z,blm_lewistown_Lewistown District,Lewistown,NDVI,4003.9105408690907
2013-09-14T06:00:00Z,blm_missoula_Missoula District,Missoula,EVI,2602.4043970523567
2013-09-14T06:00:00Z,blm_missoula_Missoula District,Missoula,NDVI,6384.856150137707
2013-09-14T06:00:00Z,blm_butte_Butte District,Butte,EVI,2132.587938952261
2013-09-14T06:00:00Z,blm_butte_Butte District,Butte,NDVI,4621.667449718245
2013-09-14T06:00:00Z,blm_dillon_Dillon District,Dillon,EVI,2020.0861859228874
2013-09-14T06:00:00Z,blm_dillon_Dillon District,Dillon,NDVI,4217.89426954476
2013-09-30T06:00:00Z,blm_billings_Billings District,Billings,EVI,2075.9039076474264
2013-09-30T06:00:00Z,blm_billings_Billings District,Billings,NDVI,3729.4794424057727
2013-09-30T06:00:00Z,blm_miles-city_Miles City District,Miles City,EVI,1860.1596788696136
2013-09-30T06:00:00Z,blm_miles-city_Miles City District,Miles City,NDVI,3478.597031333703
2013-09-30T06:00:00Z,blm_malta_Malta District,Malta,EVI,1824.4329713566265
2013-09-30T06:00:00Z,blm_malta_Malta District,Malta,NDVI,3261.864285322311
2013-09-30T06:00:00Z,blm_lewistown_Lewistown District,Lewistown,EVI,2039.6158262540807
2013-09-30T06:00:00Z,blm_lewistown_Lewistown District,Lewistown,NDVI,3777.8266098920003
2013-09-30T06:00:00Z,blm_missoula_Missoula District,Missoula,EVI,2680.2211536769128
2013-09-30T06:00:00Z,blm_missoula_Missoula District,Missoula,NDVI,6218.352902656669
2013-09-30T06:00:00Z,blm_butte_Butte District,Butte,EVI,2188.0697216970484
2013-09-30T06:00:00Z,blm_butte_Butte District,Butte,NDVI,4402.707425618169
2013-09-30T06:00:00Z,blm_dillon_Dillon District,Dillon,EVI,2085.4126613255453
2013-09-30T06:00:00Z,blm_dillon_Dillon District,Dillon,NDVI,3782.6350040462407
2013-10-16T06:00:00Z,blm_billings_Billings District,Billings,EVI,1924.31917826586
2013-10-16T06:00:00Z,blm_billings_Billings District,Billings,NDVI,3707.4132531321115
2013-10-16T06:00:00Z,blm_miles-city_Miles City District,Miles City,EVI,1579.077859422738
2013-10-16T06:00:00Z,blm_miles-city_Miles City District,Miles City,NDVI,3142.360614767364
2013-10-16T06:00:00Z,blm_malta_Malta District,Malta,EVI,1526.7963814658742
2013-10-16T06:00:00Z,blm_malta_Malta District,Malta,NDVI,2824.8508449149444
2013-10-16T06:00:00Z,blm_lewistown_Lewistown District,Lewistown,EVI,1785.1946062700547
2013-10-16T06:00:00Z,blm_lewistown_Lewistown District,Lewistown,NDVI,3601.0447998629775
2013-10-16T06:00:00Z,blm_missoula_Missoula District,Missoula,EVI,2329.6753056219973
2013-10-16T06:00:00Z,blm_missoula_Missoula District,Missoula,NDVI,5837.317286259232
2013-10-16T06:00:00Z,blm_butte_Butte District,Butte,EVI,1973.409746663351
2013-10-16T06:00:00Z,blm_butte_Butte District,Butte,NDVI,4521.232023541787
2013-10-16T06:00:00Z,blm_dillon_Dillon District,Dillon,EVI,1817.5645328560504
2013-10-16T06:00:00Z,blm_dillon_Dillon District,Dillon,NDVI,3862.4892744865338
2013-11-01T06:00:00Z,blm_billings_Billings District,Billings,EVI,1823.7928969035172
2013-11-01T06:00:00Z,blm_billings_Billings District,Billings,NDVI,3499.985448400299
2013-11-01T06:00:00Z,blm_miles-city_Miles City District,Miles City,EVI,1516.7975737470547
2013-11-01T06:00:00Z,blm_miles-city_Miles City District,Miles City,NDVI,2966.832829371007
2013-11-01T06:00:00Z,blm_malta_Malta District,Malta,EVI,1440.6494166375587
2013-11-01T06:00:00Z,blm_malta_Malta District,Malta,NDVI,2705.3786694907776
2013-11-01T06:00:00Z,blm_lewistown_Lewistown District,Lewistown,EVI,1662.3267445305191
2013-11-01T06:00:00Z,blm_lewistown_Lewistown District,Lewistown,NDVI,3147.907098296974
2013-11-01T06:00:00Z,blm_missoula_Missoula District,Missoula,EVI,2068.891658813742
2013-11-01T06:00:00Z,blm_missoula_Missoula District,Missoula,NDVI,4967.61892780038
2013-11-01T06:00:00Z,blm_butte_Butte District,Butte,EVI,1910.975176057867
2013-11-01T06:00:00Z,blm_butte_Butte District,Butte,NDVI,4006.564486708918
2013-11-01T06:00:00Z,blm_dillon_Dillon District,Dillon,EVI,1701.9270748880663
2013-11-01T06:00:00Z,blm_dillon_Dillon District,Dillon,NDVI,3241.025280016562
2013-11-17T07:00:00Z,blm_billings_Billings District,Billings,EVI,1717.7407161449075
2013-11-17T07:00:00Z,blm_billings_Billings District,Billings,NDVI,3151.1592129733804
2013-11-17T07:00:00Z,blm_miles-city_Miles City District,Miles City,EVI,1463.1811868397917
2013-11-17T07:00:00Z,blm_miles-city_Miles City District,Miles City,NDVI,2739.323190221555
2013-11-17T07:00:00Z,blm_malta_Malta District,Malta,EVI,1342.156580900186
2013-11-17T07:00:00Z,blm_malta_Malta District,Malta,NDVI,2440.1467252074654
2013-11-17T07:00:00Z,blm_lewistown_Lewistown District,Lewistown,EVI,1512.0011846333432
2013-11-17T07:00:00Z,blm_lewistown_Lewistown District,Lewistown,NDVI,2874.5821125957837
2013-11-17T07:00:00Z,blm_missoula_Missoula District,Missoula,EVI,2227.8642838595283
2013-11-17T07:00:00Z,blm_missoula_Missoula District,Missoula,NDVI,5522.641639437366
2013-11-17T07:00:00Z,blm_butte_Butte District,Butte,EVI,1747.959909524313
2013-11-17T07:00:00Z,blm_butte_Butte District,Butte,NDVI,3622.4514856962373
2013-11-17T07:00:00Z,blm_dillon_Dillon District,Dillon,EVI,1515.215293664224
2013-11-17T07:00:00Z,blm_dillon_Dillon District,Dillon,NDVI,2711.3027687401077
2013-12-03T07:00:00Z,blm_billings_Billings District,Billings,EVI,1178.2766251304795
2013-12-03T07:00:00Z,blm_billings_Billings District,Billings,NDVI,2221.171576011479
2013-12-03T07:00:00Z,blm_miles-city_Miles City District,Miles City,EVI,NA
2013-12-03T07:00:00Z,blm_miles-city_Miles City District,Miles City,NDVI,NA
2013-12-03T07:00:00Z,blm_malta_Malta District,Malta,EVI,1325.391304347826
2013-12-03T07:00:00Z,blm_malta_Malta District,Malta,NDVI,2113.290434782609
2013-12-03T07:00:00Z,blm_lewistown_Lewistown District,Lewistown,EVI,1212.8890544340454
2013-12-03T07:00:00Z,blm_lewistown_Lewistown District,Lewistown,NDVI,2193.7064657328415
2013-12-03T07:00:00Z,blm_missoula_Missoula District,Missoula,EVI,2058.9557466054375
2013-12-03T07:00:00Z,blm_missoula_Missoula District,Missoula,NDVI,4849.198192375781
2013-12-03T07:00:00Z,blm_butte_Butte District,Butte,EVI,1375.859330236009
2013-12-03T07:00:00Z,blm_butte_Butte District,Butte,NDVI,2639.7979335849263
2013-12-03T07:00:00Z,blm_dillon_Dillon District,Dillon,EVI,1185.4173690215664
2013-12-03T07:00:00Z,blm_dillon_Dillon District,Dillon,NDVI,2084.103946654696
2013-12-19T07:00:00Z,blm_billings_Billings District,Billings,EVI,1271.4442797587028
2013-12-19T07:00:00Z,blm_billings_Billings District,Billings,NDVI,2218.1257690157977
2013-12-19T07:00:00Z,blm_miles-city_Miles City District,Miles City,EVI,1500
2013-12-19T07:00:00Z,blm_miles-city_Miles City District,Miles City,NDVI,2168
2013-12-19T07:00:00Z,blm_malta_Malta District,Malta,EVI,1315.7377180994488
2013-12-19T07:00:00Z,blm_malta_Malta District,Malta,NDVI,2086.872799118821
2013-12-19T07:00:00Z,blm_lewistown_Lewistown District,Lewistown,EVI,1342.1709672141897
2013-12-19T07:00:00Z,blm_lewistown_Lewistown District,Lewistown,NDVI,2260.9789944251534
2013-12-19T07:00:00Z,blm_missoula_Missoula District,Missoula,EVI,2334.6661638165956
2013-12-19T07:00:00Z,blm_missoula_Missoula District,Missoula,NDVI,4611.029823756323
2013-12-19T07:00:00Z,blm_butte_Butte District,Butte,EVI,1580.7680052786056
2013-12-19T07:00:00Z,blm_butte_Butte District,Butte,NDVI,2704.962814953016
2013-12-19T07:00:00Z,blm_dillon_Dillon District,Dillon,EVI,1513.465971455742
2013-12-19T07:00:00Z,blm_dillon_Dillon District,Dillon,NDVI,2385.692089413724
2014-01-01T07:00:00Z,blm_billings_Billings District,Billings,EVI,1208.7366729951761
2014-01-01T07:00:00Z,blm_billings_Billings District,Billings,NDVI,2189.6192656964017
2014-01-01T07:00:00Z,blm_miles-city_Miles City District,Miles City,EVI,821.5542429779459
2014-01-01T07:00:00Z,blm_miles-city_Miles City District,Miles City,NDVI,1783.1135851782603
2014-01-01T07:00:00Z,blm_malta_Malta District,Malta,EVI,1146.29346908158
2014-01-01T07:00:00Z,blm_malta_Malta District,Malta,NDVI,2007.2331977448193
2014-01-01T07:00:00Z,blm_lewistown_Lewistown District,Lewistown,EVI,1217.761689552861
2014-01-01T07:00:00Z,blm_lewistown_Lewistown District,Lewistown,NDVI,2147.9401780554153
2014-01-01T07:00:00Z,blm_missoula_Missoula District,Missoula,EVI,1887.3271445425676
2014-01-01T07:00:00Z,blm_missoula_Missoula District,Missoula,NDVI,4070.069227496573
2014-01-01T07:00:00Z,blm_butte_Butte District,Butte,EVI,1377.6571262470732
2014-01-01T07:00:00Z,blm_butte_Butte District,Butte,NDVI,2371.4221662667996
2014-01-01T07:00:00Z,blm_dillon_Dillon District,Dillon,EVI,1357.0806151194404
2014-01-01T07:00:00Z,blm_dillon_Dillon District,Dillon,NDVI,2105.031972904651
2014-01-17T07:00:00Z,blm_billings_Billings District,Billings,EVI,1310.5767072154133
2014-01-17T07:00:00Z,blm_billings_Billings District,Billings,NDVI,2515.91195835067
2014-01-17T07:00:00Z,blm_miles-city_Miles City District,Miles City,EVI,1163.1928477367671
2014-01-17T07:00:00Z,blm_miles-city_Miles City District,Miles City,NDVI,2149.6848411568185
2014-01-17T07:00:00Z,blm_malta_Malta District,Malta,EVI,1104.7827946121708
2014-01-17T07:00:00Z,blm_malta_Malta District,Malta,NDVI,2089.550078967584
2014-01-17T07:00:00Z,blm_lewistown_Lewistown District,Lewistown,EVI,1207.6807514888312
2014-01-17T07:00:00Z,blm_lewistown_Lewistown District,Lewistown,NDVI,2297.353027873259
2014-01-17T07:00:00Z,blm_missoula_Missoula District,Missoula,EVI,1996.971631882969
2014-01-17T07:00:00Z,blm_missoula_Missoula District,Missoula,NDVI,4396.6925729018185
2014-01-17T07:00:00Z,blm_butte_Butte District,Butte,EVI,1348.5530223907074
2014-01-17T07:00:00Z,blm_butte_Butte District,Butte,NDVI,2391.846019529888
2014-01-17T07:00:00Z,blm_dillon_Dillon District,Dillon,EVI,1345.509129967777
2014-01-17T07:00:00Z,blm_dillon_Dillon District,Dillon,NDVI,2234.7424281511
2014-02-02T07:00:00Z,blm_billings_Billings District,Billings,EVI,1111.7753283090683
2014-02-02T07:00:00Z,blm_billings_Billings District,Billings,NDVI,1966.4137627779473
2014-02-02T07:00:00Z,blm_miles-city_Miles City District,Miles City,EVI,1261.2434471207346
2014-02-02T07:00:00Z,blm_miles-city_Miles City District,Miles City,NDVI,2112.7129361071125
2014-02-02T07:00:00Z,blm_malta_Malta District,Malta,EVI,1086.6080390418374
2014-02-02T07:00:00Z,blm_malta_Malta District,Malta,NDVI,1953.694959671016
2014-02-02T07:00:00Z,blm_lewistown_Lewistown District,Lewistown,EVI,1119.8040810574355
2014-02-02T07:00:00Z,blm_lewistown_Lewistown District,Lewistown,NDVI,1988.6583461906712
2014-02-02T07:00:00Z,blm_missoula_Missoula District,Missoula,EVI,1738.5405405405406
2014-02-02T07:00:00Z,blm_missoula_Missoula District,Missoula,NDVI,2923.3513513513512
2014-02-02T07:00:00Z,blm_butte_Butte District,Butte,EVI,1394.935372698698
2014-02-02T07:00:00Z,blm_butte_Butte District,Butte,NDVI,2246.8829890734924
2014-02-02T07:00:00Z,blm_dillon_Dillon District,Dillon,EVI,1754.9401166946811
2014-02-02T07:00:00Z,blm_dillon_Dillon District,Dillon,NDVI,2308.798692014915
2014-02-18T07:00:00Z,blm_billings_Billings District,Billings,EVI,1403.505079561276
2014-02-18T07:00:00Z,blm_billings_Billings District,Billings,NDVI,2386.4178211092108
2014-02-18T07:00:00Z,blm_miles-city_Miles City District,Miles City,EVI,1220.594527625811
2014-02-18T07:00:00Z,blm_miles-city_Miles City District,Miles City,NDVI,2157.1980788303404
2014-02-18T07:00:00Z,blm_malta_Malta District,Malta,EVI,1194.54008835672
2014-02-18T07:00:00Z,blm_malta_Malta District,Malta,NDVI,2103.970296818262
2014-02-18T07:00:00Z,blm_lewistown_Lewistown District,Lewistown,EVI,1243.1104090414603
2014-02-18T07:00:00Z,blm_lewistown_Lewistown District,Lewistown,NDVI,2080.5656118962384
2014-02-18T07:00:00Z,blm_missoula_Missoula District,Missoula,EVI,2545.5214532486348
2014-02-18T07:00:00Z,blm_missoula_Missoula District,Missoula,NDVI,5550.3402986738
2014-02-18T07:00:00Z,blm_butte_Butte District,Butte,EVI,1372.6224835938242
2014-02-18T07:00:00Z,blm_butte_Butte District,Butte,NDVI,2188.8328111985657
2014-02-18T07:00:00Z,blm_dillon_Dillon District,Dillon,EVI,1599.5193612540945
2014-02-18T07:00:00Z,blm_dillon_Dillon District,Dillon,NDVI,2153.0517163580453
2014-03-06T07:00:00Z,blm_billings_Billings District,Billings,EVI,1311.0721246278224
2014-03-06T07:00:00Z,blm_billings_Billings District,Billings,NDVI,2403.8994276582825
2014-03-06T07:00:00Z,blm_miles-city_Miles City District,Miles City,EVI,1145.6167642177188
2014-03-06T07:00:00Z,blm_miles-city_Miles City District,Miles City,NDVI,2251.960737502949
2014-03-06T07:00:00Z,blm_malta_Malta District,Malta,EVI,1098.902245977706
2014-03-06T07:00:00Z,blm_malta_Malta District,Malta,NDVI,2143.5407098179026
2014-03-06T07:00:00Z,blm_lewistown_Lewistown District,Lewistown,EVI,1182.06589829181
2014-03-06T07:00:00Z,blm_lewistown_Lewistown District,Lewistown,NDVI,2288.8984698100758
2014-03-06T07:00:00Z,blm_missoula_Missoula District,Missoula,EVI,1660.6912480974522
2014-03-06T07:00:00Z,blm_missoula_Missoula District,Missoula,NDVI,3598.29720168658
2014-03-06T07:00:00Z,blm_butte_Butte District,Butte,EVI,1283.3037784748697
2014-03-06T07:00:00Z,blm_butte_Butte District,Butte,NDVI,2354.5021756121128
2014-03-06T07:00:00Z,blm_dillon_Dillon District,Dillon,EVI,1289.2111731896155
2014-03-06T07:00:00Z,blm_dillon_Dillon District,Dillon,NDVI,2115.553997514507
2014-03-22T06:00:00Z,blm_billings_Billings District,Billings,EVI,1419.0146585061311
2014-03-22T06:00:00Z,blm_billings_Billings District,Billings,NDVI,2586.4432833640353
2014-03-22T06:00:00Z,blm_miles-city_Miles City District,Miles City,EVI,1222.3120091076153
2014-03-22T06:00:00Z,blm_miles-city_Miles City District,Miles City,NDVI,2201.2176649177995
2014-03-22T06:00:00Z,blm_malta_Malta District,Malta,EVI,1187.9242535184615
2014-03-22T06:00:00Z,blm_malta_Malta District,Malta,NDVI,2118.094101583482
2014-03-22T06:00:00Z,blm_lewistown_Lewistown District,Lewistown,EVI,1274.8235775339936
2014-03-22T06:00:00Z,blm_lewistown_Lewistown District,Lewistown,NDVI,2237.1728172408075
2014-03-22T06:00:00Z,blm_missoula_Missoula District,Missoula,EVI,2221.027764515814
2014-03-22T06:00:00Z,blm_missoula_Missoula District,Missoula,NDVI,4187.8242480330155
2014-03-22T06:00:00Z,blm_butte_Butte District,Butte,EVI,1422.6590807419093
2014-03-22T06:00:00Z,blm_butte_Butte District,Butte,NDVI,2405.3906294036265
2014-03-22T06:00:00Z,blm_dillon_Dillon District,Dillon,EVI,1412.5367690157234
2014-03-22T06:00:00Z,blm_dillon_Dillon District,Dillon,NDVI,2161.2321839453384
2014-04-07T06:00:00Z,blm_billings_Billings District,Billings,EVI,1807.6299289724232
2014-04-07T06:00:00Z,blm_billings_Billings District,Billings,NDVI,3141.706094274737
2014-04-07T06:00:00Z,blm_miles-city_Miles City District,Miles City,EVI,1463.6946947777385
2014-04-07T06:00:00Z,blm_miles-city_Miles City District,Miles City,NDVI,2525.5571340844945
2014-04-07T06:00:00Z,blm_malta_Malta District,Malta,EVI,1312.9555409880784
2014-04-07T06:00:00Z,blm_malta_Malta District,Malta,NDVI,2251.9815469691757
2014-04-07T06:00:00Z,blm_lewistown_Lewistown District,Lewistown,EVI,1579.2197319833015
2014-04-07T06:00:00Z,blm_lewistown_Lewistown District,Lewistown,NDVI,2727.9170826783657
2014-04-07T06:00:00Z,blm_missoula_Missoula District,Missoula,EVI,2306.870923853372
2014-04-07T06:00:00Z,blm_missoula_Missoula District,Missoula,NDVI,4876.381751578105
2014-04-07T06:00:00Z,blm_butte_Butte District,Butte,EVI,1831.116279913232
2014-04-07T06:00:00Z,blm_butte_Butte District,Butte,NDVI,3146.3386791577127
2014-04-07T06:00:00Z,blm_dillon_Dillon District,Dillon,EVI,1630.1614200911717
2014-04-07T06:00:00Z,blm_dillon_Dillon District,Dillon,NDVI,2616.1038231388225
2014-04-23T06:00:00Z,blm_billings_Billings District,Billings,EVI,2275.9918392681893
2014-04-23T06:00:00Z,blm_billings_Billings District,Billings,NDVI,3863.286985240172
2014-04-23T06:00:00Z,blm_miles-city_Miles City District,Miles City,EVI,1707.2786568491204
2014-04-23T06:00:00Z,blm_miles-city_Miles City District,Miles City,NDVI,3063.668941398127
2014-04-23T06:00:00Z,blm_malta_Malta District,Malta,EVI,1532.852191501967
2014-04-23T06:00:00Z,blm_malta_Malta District,Malta,NDVI,2627.119014705093
2014-04-23T06:00:00Z,blm_lewistown_Lewistown District,Lewistown,EVI,1905.3468636380576
2014-04-23T06:00:00Z,blm_lewistown_Lewistown District,Lewistown,NDVI,3366.8412213039496
2014-04-23T06:00:00Z,blm_missoula_Missoula District,Missoula,EVI,2522.307113795091
2014-04-23T06:00:00Z,blm_missoula_Missoula District,Missoula,NDVI,5223.887859978494
2014-04-23T06:00:00Z,blm_butte_Butte District,Butte,EVI,2003.8851936255207
2014-04-23T06:00:00Z,blm_butte_Butte District,Butte,NDVI,3696.912159506974
2014-04-23T06:00:00Z,blm_dillon_Dillon District,Dillon,EVI,1714.7314287213535
2014-04-23T06:00:00Z,blm_dillon_Dillon District,Dillon,NDVI,2978.654740367628
2014-05-09T06:00:00Z,blm_billings_Billings District,Billings,EVI,2899.4145352402597
2014-05-09T06:00:00Z,blm_billings_Billings District,Billings,NDVI,4615.810748792041
2014-05-09T06:00:00Z,blm_miles-city_Miles City District,Miles City,EVI,2161.147151298536
2014-05-09T06:00:00Z,blm_miles-city_Miles City District,Miles City,NDVI,3588.774044619972
2014-05-09T06:00:00Z,blm_malta_Malta District,Malta,EVI,1984.7208737914593
2014-05-09T06:00:00Z,blm_malta_Malta District,Malta,NDVI,3270.4543719798835
2014-05-09T06:00:00Z,blm_lewistown_Lewistown District,Lewistown,EVI,2553.0610691649845
2014-05-09T06:00:00Z,blm_lewistown_Lewistown District,Lewistown,NDVI,4247.646846419646
2014-05-09T06:00:00Z,blm_missoula_Missoula District,Missoula,EVI,2904.4210096807633
2014-05-09T06:00:00Z,blm_missoula_Missoula District,Missoula,NDVI,5811.951846234929
2014-05-09T06:00:00Z,blm_butte_Butte District,Butte,EVI,2536.232723032879
2014-05-09T06:00:00Z,blm_butte_Butte District,Butte,NDVI,4577.224485018324
2014-05-09T06:00:00Z,blm_dillon_Dillon District,Dillon,EVI,2300.0010509857343
2014-05-09T06:00:00Z,blm_dillon_Dillon District,Dillon,NDVI,4108.391901833568
2014-05-25T06:00:00Z,blm_billings_Billings District,Billings,EVI,3206.892447101868
2014-05-25T06:00:00Z,blm_billings_Billings District,Billings,NDVI,5256.185147518782
2014-05-25T06:00:00Z,blm_miles-city_Miles City District,Miles City,EVI,2727.0489015881526
2014-05-25T06:00:00Z,blm_miles-city_Miles City District,Miles City,NDVI,4610.083984195882
2014-05-25T06:00:00Z,blm_malta_Malta District,Malta,EVI,2354.358229324252
2014-05-25T06:00:00Z,blm_malta_Malta District,Malta,NDVI,3829.098861590144
2014-05-25T06:00:00Z,blm_lewistown_Lewistown District,Lewistown,EVI,3006.794865002218
2014-05-25T06:00:00Z,blm_lewistown_Lewistown District,Lewistown,NDVI,4970.5167612246705
2014-05-25T06:00:00Z,blm_missoula_Missoula District,Missoula,EVI,3252.702629022606
2014-05-25T06:00:00Z,blm_missoula_Missoula District,Missoula,NDVI,6310.4129340957015
2014-05-25T06:00:00Z,blm_butte_Butte District,Butte,EVI,2827.697022472346
2014-05-25T06:00:00Z,blm_butte_Butte District,Butte,NDVI,5110.599436720116
2014-05-25T06:00:00Z,blm_dillon_Dillon District,Dillon,EVI,2669.4567056023056
2014-05-25T06:00:00Z,blm_dillon_Dillon District,Dillon,NDVI,4817.3093728505355
2014-06-10T06:00:00Z,blm_billings_Billings District,Billings,EVI,3222.072102917002
2014-06-10T06:00:00Z,blm_billings_Billings District,Billings,NDVI,5163.984164758506
2014-06-10T06:00:00Z,blm_miles-city_Miles City District,Miles City,EVI,2979.3721561176017
2014-06-10T06:00:00Z,blm_miles-city_Miles City District,Miles City,NDVI,4852.419608371552
2014-06-10T06:00:00Z,blm_malta_Malta District,Malta,EVI,2564.543476080988
2014-06-10T06:00:00Z,blm_malta_Malta District,Malta,NDVI,4181.438442711483
2014-06-10T06:00:00Z,blm_lewistown_Lewistown District,Lewistown,EVI,3142.445176042366
2014-06-10T06:00:00Z,blm_lewistown_Lewistown District,Lewistown,NDVI,5204.950345794874
2014-06-10T06:00:00Z,blm_missoula_Missoula District,Missoula,EVI,3215.135778678607
2014-06-10T06:00:00Z,blm_missoula_Missoula District,Missoula,NDVI,6555.449867259586
2014-06-10T06:00:00Z,blm_butte_Butte District,Butte,EVI,3053.5838218424606
2014-06-10T06:00:00Z,blm_butte_Butte District,Butte,NDVI,5448.094659596202
2014-06-10T06:00:00Z,blm_dillon_Dillon District,Dillon,EVI,2893.9147106182627
2014-06-10T06:00:00Z,blm_dillon_Dillon District,Dillon,NDVI,5063.467618648305
2014-06-26T06:00:00Z,blm_billings_Billings District,Billings,EVI,3024.9226347142626
2014-06-26T06:00:00Z,blm_billings_Billings District,Billings,NDVI,5006.922543569615
2014-06-26T06:00:00Z,blm_miles-city_Miles City District,Miles City,EVI,3116.504937005641
2014-06-26T06:00:00Z,blm_miles-city_Miles City District,Miles City,NDVI,4983.043103064178
2014-06-26T06:00:00Z,blm_malta_Malta District,Malta,EVI,2865.8228045486
2014-06-26T06:00:00Z,blm_malta_Malta District,Malta,NDVI,4730.377899737805
2014-06-26T06:00:00Z,blm_lewistown_Lewistown District,Lewistown,EVI,3258.2527640750263
2014-06-26T06:00:00Z,blm_lewistown_Lewistown District,Lewistown,NDVI,5592.011560938368
2014-06-26T06:00:00Z,blm_missoula_Missoula District,Missoula,EVI,3485.409874477881
2014-06-26T06:00:00Z,blm_missoula_Missoula District,Missoula,NDVI,6667.196182893871
2014-06-26T06:00:00Z,blm_butte_Butte District,Butte,EVI,3019.8557810471407
2014-06-26T06:00:00Z,blm_butte_Butte District,Butte,NDVI,5728.186983679502
2014-06-26T06:00:00Z,blm_dillon_Dillon District,Dillon,EVI,2920.1938642440628
2014-06-26T06:00:00Z,blm_dillon_Dillon District,Dillon,NDVI,5337.474526975353
2014-07-12T06:00:00Z,blm_billings_Billings District,Billings,EVI,2482.2578192990395
2014-07-12T06:00:00Z,blm_billings_Billings District,Billings,NDVI,4221.652261093401
2014-07-12T06:00:00Z,blm_miles-city_Miles City District,Miles City,EVI,2536.3372116071296
2014-07-12T06:00:00Z,blm_miles-city_Miles City District,Miles City,NDVI,4205.542334936697
2014-07-12T06:00:00Z,blm_malta_Malta District,Malta,EVI,2540.53951271158
2014-07-12T06:00:00Z,blm_malta_Malta District,Malta,NDVI,4196.558190696518
2014-07-12T06:00:00Z,blm_lewistown_Lewistown District,Lewistown,EVI,2842.560742368512
2014-07-12T06:00:00Z,blm_lewistown_Lewistown District,Lewistown,NDVI,4892.2182090871875
2014-07-12T06:00:00Z,blm_missoula_Missoula District,Missoula,EVI,3502.896683264147
2014-07-12T06:00:00Z,blm_missoula_Missoula District,Missoula,NDVI,6704.981177626554
2014-07-12T06:00:00Z,blm_butte_Butte District,Butte,EVI,2906.9164503946736
2014-07-12T06:00:00Z,blm_butte_Butte District,Butte,NDVI,5471.108616782452
2014-07-12T06:00:00Z,blm_dillon_Dillon District,Dillon,EVI,2773.164321396479
2014-07-12T06:00:00Z,blm_dillon_Dillon District,Dillon,NDVI,5026.69156634177
2014-07-28T06:00:00Z,blm_billings_Billings District,Billings,EVI,2198.767283871949
2014-07-28T06:00:00Z,blm_billings_Billings District,Billings,NDVI,3691.7539705767686
2014-07-28T06:00:00Z,blm_miles-city_Miles City District,Miles City,EVI,2207.5390005585286
2014-07-28T06:00:00Z,blm_miles-city_Miles City District,Miles City,NDVI,3712.823644372455
2014-07-28T06:00:00Z,blm_malta_Malta District,Malta,EVI,2157.625435179244
2014-07-28T06:00:00Z,blm_malta_Malta District,Malta,NDVI,3602.269594875563
2014-07-28T06:00:00Z,blm_lewistown_Lewistown District,Lewistown,EVI,2494.8442568735536
2014-07-28T06:00:00Z,blm_lewistown_Lewistown District,Lewistown,NDVI,4315.581406204529
2014-07-28T06:00:00Z,blm_missoula_Missoula District,Missoula,EVI,3459.827946723995
2014-07-28T06:00:00Z,blm_missoula_Missoula District,Missoula,NDVI,6619.117124022717
2014-07-28T06:00:00Z,blm_butte_Butte District,Butte,EVI,2818.517403675246
2014-07-28T06:00:00Z,blm_butte_Butte District,Butte,NDVI,5096.207065947947
2014-07-28T06:00:00Z,blm_dillon_Dillon District,Dillon,EVI,2647.991154004522
2014-07-28T06:00:00Z,blm_dillon_Dillon District,Dillon,NDVI,4515.908517345239
2014-08-13T06:00:00Z,blm_billings_Billings District,Billings,EVI,2025.6452431780922
2014-08-13T06:00:00Z,blm_billings_Billings District,Billings,NDVI,3689.5252418154028
2014-08-13T06:00:00Z,blm_miles-city_Miles City District,Miles City,EVI,1877.7909308512026
2014-08-13T06:00:00Z,blm_miles-city_Miles City District,Miles City,NDVI,3539.3687298530517
2014-08-13T06:00:00Z,blm_malta_Malta District,Malta,EVI,1928.4993985854721
2014-08-13T06:00:00Z,blm_malta_Malta District,Malta,NDVI,3447.4033939811097
2014-08-13T06:00:00Z,blm_lewistown_Lewistown District,Lewistown,EVI,2222.952692466088
2014-08-13T06:00:00Z,blm_lewistown_Lewistown District,Lewistown,NDVI,4182.256099547195
2014-08-13T06:00:00Z,blm_missoula_Missoula District,Missoula,EVI,3074.8525973441983
2014-08-13T06:00:00Z,blm_missoula_Missoula District,Missoula,NDVI,6570.440167303788
2014-08-13T06:00:00Z,blm_butte_Butte District,Butte,EVI,2556.1905856984263
2014-08-13T06:00:00Z,blm_butte_Butte District,Butte,NDVI,5135.907827389037
2014-08-13T06:00:00Z,blm_dillon_Dillon District,Dillon,EVI,2483.380713318074
2014-08-13T06:00:00Z,blm_dillon_Dillon District,Dillon,NDVI,4715.943467154806
2014-08-29T06:00:00Z,blm_billings_Billings District,Billings,EVI,2071.6246316224406
2014-08-29T06:00:00Z,blm_billings_Billings District,Billings,NDVI,3893.973195597374
2014-08-29T06:00:00Z,blm_miles-city_Miles City District,Miles City,EVI,1945.015953438246
2014-08-29T06:00:00Z,blm_miles-city_Miles City District,Miles City,NDVI,3731.3302876256366
2014-08-29T06:00:00Z,blm_malta_Malta District,Malta,EVI,1918.4776470249526
2014-08-29T06:00:00Z,blm_malta_Malta District,Malta,NDVI,3589.8893038717124
2014-08-29T06:00:00Z,blm_lewistown_Lewistown District,Lewistown,EVI,2257.5059139399373
2014-08-29T06:00:00Z,blm_lewistown_Lewistown District,Lewistown,NDVI,4274.237706211554
2014-08-29T06:00:00Z,blm_missoula_Missoula District,Missoula,EVI,2789.094976510516
2014-08-29T06:00:00Z,blm_missoula_Missoula District,Missoula,NDVI,6475.398544084654
2014-08-29T06:00:00Z,blm_butte_Butte District,Butte,EVI,2401.014684043209
2014-08-29T06:00:00Z,blm_butte_Butte District,Butte,NDVI,5162.400622345871
2014-08-29T06:00:00Z,blm_dillon_Dillon District,Dillon,EVI,2280.8557728959313
2014-08-29T06:00:00Z,blm_dillon_Dillon District,Dillon,NDVI,4679.85939438622
2014-09-14T06:00:00Z,blm_billings_Billings District,Billings,EVI,2077.207311924267
2014-09-14T06:00:00Z,blm_billings_Billings District,Billings,NDVI,3946.861700839457
2014-09-14T06:00:00Z,blm_miles-city_Miles City District,Miles City,EVI,1895.7819122232895
2014-09-14T06:00:00Z,blm_miles-city_Miles City District,Miles City,NDVI,3618.4553433766405
2014-09-14T06:00:00Z,blm_malta_Malta District,Malta,EVI,1989.477916413404
2014-09-14T06:00:00Z,blm_malta_Malta District,Malta,NDVI,3687.794721511825
2014-09-14T06:00:00Z,blm_lewistown_Lewistown District,Lewistown,EVI,2357.2869468992585
2014-09-14T06:00:00Z,blm_lewistown_Lewistown District,Lewistown,NDVI,4463.19481177493
2014-09-14T06:00:00Z,blm_missoula_Missoula District,Missoula,EVI,2581.7632338127437
2014-09-14T06:00:00Z,blm_missoula_Missoula District,Missoula,NDVI,6148.85303362201
2014-09-14T06:00:00Z,blm_butte_Butte District,Butte,EVI,2235.5971561062593
2014-09-14T06:00:00Z,blm_butte_Butte District,Butte,NDVI,4857.149971784318
2014-09-14T06:00:00Z,blm_dillon_Dillon District,Dillon,EVI,2079.9882077303046
2014-09-14T06:00:00Z,blm_dillon_Dillon District,Dillon,NDVI,4247.708472274702
2014-09-30T06:00:00Z,blm_billings_Billings District,Billings,EVI,2018.9163034646754
2014-09-30T06:00:00Z,blm_billings_Billings District,Billings,NDVI,4036.4600499203684
2014-09-30T06:00:00Z,blm_miles-city_Miles City District,Miles City,EVI,1846.5134962860516
2014-09-30T06:00:00Z,blm_miles-city_Miles City District,Miles City,NDVI,3694.1330420477993
2014-09-30T06:00:00Z,blm_malta_Malta District,Malta,EVI,1990.6666311107585
2014-09-30T06:00:00Z,blm_malta_Malta District,Malta,NDVI,3784.75684973998
2014-09-30T06:00:00Z,blm_lewistown_Lewistown District,Lewistown,EVI,2334.7149947282032
2014-09-30T06:00:00Z,blm_lewistown_Lewistown District,Lewistown,NDVI,4567.5021464400215
2014-09-30T06:00:00Z,blm_missoula_Missoula District,Missoula,EVI,2503.1962571926
2014-09-30T06:00:00Z,blm_missoula_Missoula District,Missoula,NDVI,5960.665739090402
2014-09-30T06:00:00Z,blm_butte_Butte District,Butte,EVI,2141.1799114998757
2014-09-30T06:00:00Z,blm_butte_Butte District,Butte,NDVI,4780.551939506659
2014-09-30T06:00:00Z,blm_dillon_Dillon District,Dillon,EVI,1871.0949083714204
2014-09-30T06:00:00Z,blm_dillon_Dillon District,Dillon,NDVI,4157.650579034208
2014-10-16T06:00:00Z,blm_billings_Billings District,Billings,EVI,1862.24297180806
2014-10-16T06:00:00Z,blm_billings_Billings District,Billings,NDVI,3725.259743773674
2014-10-16T06:00:00Z,blm_miles-city_Miles City District,Miles City,EVI,1662.21452084436
2014-10-16T06:00:00Z,blm_miles-city_Miles City District,Miles City,NDVI,3252.055160819746
2014-10-16T06:00:00Z,blm_malta_Malta District,Malta,EVI,1850.3171227313358
2014-10-16T06:00:00Z,blm_malta_Malta District,Malta,NDVI,3529.2599974791883
2014-10-16T06:00:00Z,blm_lewistown_Lewistown District,Lewistown,EVI,2230.2114302032433
2014-10-16T06:00:00Z,blm_lewistown_Lewistown District,Lewistown,NDVI,4356.521825388972
2014-10-16T06:00:00Z,blm_missoula_Missoula District,Missoula,EVI,2206.1647917344453
2014-10-16T06:00:00Z,blm_missoula_Missoula District,Missoula,NDVI,5840.7716974132645
2014-10-16T06:00:00Z,blm_butte_Butte District,Butte,EVI,2021.1336675695131
2014-10-16T06:00:00Z,blm_butte_Butte District,Butte,NDVI,4771.786096073783
2014-10-16T06:00:00Z,blm_dillon_Dillon District,Dillon,EVI,1790.2695060597118
2014-10-16T06:00:00Z,blm_dillon_Dillon District,Dillon,NDVI,4056.485420725748
2014-11-01T06:00:00Z,blm_billings_Billings District,Billings,EVI,1864.0480555100478
2014-11-01T06:00:00Z,blm_billings_Billings District,Billings,NDVI,3343.315288550557
2014-11-01T06:00:00Z,blm_miles-city_Miles City District,Miles City,EVI,1535.0929871409644
2014-11-01T06:00:00Z,blm_miles-city_Miles City District,Miles City,NDVI,2902.458246626327
2014-11-01T06:00:00Z,blm_malta_Malta District,Malta,EVI,1836.4984988117585
2014-11-01T06:00:00Z,blm_malta_Malta District,Malta,NDVI,3154.1011063707747
2014-11-01T06:00:00Z,blm_lewistown_Lewistown District,Lewistown,EVI,2272.0006334954264
2014-11-01T06:00:00Z,blm_lewistown_Lewistown District,Lewistown,NDVI,3931.919225573418
2014-11-01T06:00:00Z,blm_missoula_Missoula District,Missoula,EVI,2396.252829507355
2014-11-01T06:00:00Z,blm_missoula_Missoula District,Missoula,NDVI,5851.346948764981
2014-11-01T06:00:00Z,blm_butte_Butte District,Butte,EVI,2301.249069140628
2014-11-01T06:00:00Z,blm_butte_Butte District,Butte,NDVI,4574.808370373685
2014-11-01T06:00:00Z,blm_dillon_Dillon District,Dillon,EVI,1759.1225575009482
2014-11-01T06:00:00Z,blm_dillon_Dillon District,Dillon,NDVI,3791.9799360171955
2014-11-17T07:00:00Z,blm_billings_Billings District,Billings,EVI,1521.5126342544024
2014-11-17T07:00:00Z,blm_billings_Billings District,Billings,NDVI,2705.224787394057
2014-11-17T07:00:00Z,blm_miles-city_Miles City District,Miles City,EVI,1510.1799192029648
2014-11-17T07:00:00Z,blm_miles-city_Miles City District,Miles City,NDVI,2743.7188891523824
2014-11-17T07:00:00Z,blm_malta_Malta District,Malta,EVI,1487.2519048014
2014-11-17T07:00:00Z,blm_malta_Malta District,Malta,NDVI,2711.339184007744
2014-11-17T07:00:00Z,blm_lewistown_Lewistown District,Lewistown,EVI,1834.646729242541
2014-11-17T07:00:00Z,blm_lewistown_Lewistown District,Lewistown,NDVI,3238.5652846921766
2014-11-17T07:00:00Z,blm_missoula_Missoula District,Missoula,EVI,2441.7900643134208
2014-11-17T07:00:00Z,blm_missoula_Missoula District,Missoula,NDVI,6464.329871747613
2014-11-17T07:00:00Z,blm_butte_Butte District,Butte,EVI,1750.0751845374891
2014-11-17T07:00:00Z,blm_butte_Butte District,Butte,NDVI,3248.372744622973
2014-11-17T07:00:00Z,blm_dillon_Dillon District,Dillon,EVI,1497.7026524215742
2014-11-17T07:00:00Z,blm_dillon_Dillon District,Dillon,NDVI,2448.3817238307465
2014-12-03T07:00:00Z,blm_billings_Billings District,Billings,EVI,1493.9802216450264
2014-12-03T07:00:00Z,blm_billings_Billings District,Billings,NDVI,2626.392859142764
2014-12-03T07:00:00Z,blm_miles-city_Miles City District,Miles City,EVI,1349.6760406341587
2014-12-03T07:00:00Z,blm_miles-city_Miles City District,Miles City,NDVI,2640.3197338859
2014-12-03T07:00:00Z,blm_malta_Malta District,Malta,EVI,1443.9234182399277
2014-12-03T07:00:00Z,blm_malta_Malta District,Malta,NDVI,2618.956427191645
2014-12-03T07:00:00Z,blm_lewistown_Lewistown District,Lewistown,EVI,1720.7017591855604
2014-12-03T07:00:00Z,blm_lewistown_Lewistown District,Lewistown,NDVI,3080.7598942706795
2014-12-03T07:00:00Z,blm_missoula_Missoula District,Missoula,EVI,2513.069988155493
2014-12-03T07:00:00Z,blm_missoula_Missoula District,Missoula,NDVI,5529.642056482904
2014-12-03T07:00:00Z,blm_butte_Butte District,Butte,EVI,1580.9322291160618
2014-12-03T07:00:00Z,blm_butte_Butte District,Butte,NDVI,2956.0398656011275
2014-12-03T07:00:00Z,blm_dillon_Dillon District,Dillon,EVI,1371.365525790083
2014-12-03T07:00:00Z,blm_dillon_Dillon District,Dillon,NDVI,2503.3866053734346
2014-12-19T07:00:00Z,blm_billings_Billings District,Billings,EVI,1436.5334574280757
2014-12-19T07:00:00Z,blm_billings_Billings District,Billings,NDVI,2469.9914742310602
2014-12-19T07:00:00Z,blm_miles-city_Miles City District,Miles City,EVI,1340.2802224811307
2014-12-19T07:00:00Z,blm_miles-city_Miles City District,Miles City,NDVI,2458.162501701991
2014-12-19T07:00:00Z,blm_malta_Malta District,Malta,EVI,1409.7805853815014
2014-12-19T07:00:00Z,blm_malta_Malta District,Malta,NDVI,2626.551892946507
2014-12-19T07:00:00Z,blm_lewistown_Lewistown District,Lewistown,EVI,1620.9265135411163
2014-12-19T07:00:00Z,blm_lewistown_Lewistown District,Lewistown,NDVI,2878.073601683915
2014-12-19T07:00:00Z,blm_missoula_Missoula District,Missoula,EVI,1846.4258965575307
2014-12-19T07:00:00Z,blm_missoula_Missoula District,Missoula,NDVI,3985.6422491033795
2014-12-19T07:00:00Z,blm_butte_Butte District,Butte,EVI,1341.7764124841947
2014-12-19T07:00:00Z,blm_butte_Butte District,Butte,NDVI,2458.755613839612
2014-12-19T07:00:00Z,blm_dillon_Dillon District,Dillon,EVI,1228.8917985520334
2014-12-19T07:00:00Z,blm_dillon_Dillon District,Dillon,NDVI,2339.825182580042
2015-01-01T07:00:00Z,blm_billings_Billings District,Billings,EVI,NA
2015-01-01T07:00:00Z,blm_billings_Billings District,Billings,NDVI,NA
2015-01-01T07:00:00Z,blm_miles-city_Miles City District,Miles City,EVI,1149.2424985846387
2015-01-01T07:00:00Z,blm_miles-city_Miles City District,Miles City,NDVI,2061.7892055104735
2015-01-01T07:00:00Z,blm_malta_Malta District,Malta,EVI,1271.5123966942149
2015-01-01T07:00:00Z,blm_malta_Malta District,Malta,NDVI,2346.714876033058
2015-01-01T07:00:00Z,blm_lewistown_Lewistown District,Lewistown,EVI,NA
2015-01-01T07:00:00Z,blm_lewistown_Lewistown District,Lewistown,NDVI,NA
2015-01-01T07:00:00Z,blm_missoula_Missoula District,Missoula,EVI,1496.1641791044776
2015-01-01T07:00:00Z,blm_missoula_Missoula District,Missoula,NDVI,4804.358208955224
2015-01-01T07:00:00Z,blm_butte_Butte District,Butte,EVI,993.498679512887
2015-01-01T07:00:00Z,blm_butte_Butte District,Butte,NDVI,2175.7885264341944
2015-01-01T07:00:00Z,blm_dillon_Dillon District,Dillon,EVI,1288.0966706490874
2015-01-01T07:00:00Z,blm_dillon_Dillon District,Dillon,NDVI,2060.4464189068203
2015-01-17T07:00:00Z,blm_billings_Billings District,Billings,EVI,1193.8206707111538
2015-01-17T07:00:00Z,blm_billings_Billings District,Billings,NDVI,2419.707668978771
2015-01-17T07:00:00Z,blm_miles-city_Miles City District,Miles City,EVI,1146.6217764071102
2015-01-17T07:00:00Z,blm_miles-city_Miles City District,Miles City,NDVI,2303.2650308550005
2015-01-17T07:00:00Z,blm_malta_Malta District,Malta,EVI,1189.1125220679414
2015-01-17T07:00:00Z,blm_malta_Malta District,Malta,NDVI,2334.4551521730673
2015-01-17T07:00:00Z,blm_lewistown_Lewistown District,Lewistown,EVI,1287.777899218243
2015-01-17T07:00:00Z,blm_lewistown_Lewistown District,Lewistown,NDVI,2498.1022015650487
2015-01-17T07:00:00Z,blm_missoula_Missoula District,Missoula,EVI,1823.551445696286
2015-01-17T07:00:00Z,blm_missoula_Missoula District,Missoula,NDVI,4603.805209447415
2015-01-17T07:00:00Z,blm_butte_Butte District,Butte,EVI,1303.4596574080745
2015-01-17T07:00:00Z,blm_butte_Butte District,Butte,NDVI,2530.7412121779826
2015-01-17T07:00:00Z,blm_dillon_Dillon District,Dillon,EVI,1219.9349728732213
2015-01-17T07:00:00Z,blm_dillon_Dillon District,Dillon,NDVI,2230.0450546227944
2015-02-02T07:00:00Z,blm_billings_Billings District,Billings,EVI,1257.6798755289615
2015-02-02T07:00:00Z,blm_billings_Billings District,Billings,NDVI,2509.263245691374
2015-02-02T07:00:00Z,blm_miles-city_Miles City District,Miles City,EVI,1135.932351903534
2015-02-02T07:00:00Z,blm_miles-city_Miles City District,Miles City,NDVI,2400.2383038005664
2015-02-02T07:00:00Z,blm_malta_Malta District,Malta,EVI,1151.160411966509
2015-02-02T07:00:00Z,blm_malta_Malta District,Malta,NDVI,2404.8608125954306
2015-02-02T07:00:00Z,blm_lewistown_Lewistown District,Lewistown,EVI,1369.7353805031146
2015-02-02T07:00:00Z,blm_lewistown_Lewistown District,Lewistown,NDVI,2748.711236551104
2015-02-02T07:00:00Z,blm_missoula_Missoula District,Missoula,EVI,2207.3054914469167
2015-02-02T07:00:00Z,blm_missoula_Missoula District,Missoula,NDVI,5165.533139397737
2015-02-02T07:00:00Z,blm_butte_Butte District,Butte,EVI,1442.5470631570458
2015-02-02T07:00:00Z,blm_butte_Butte District,Butte,NDVI,2968.2761568113187
2015-02-02T07:00:00Z,blm_dillon_Dillon District,Dillon,EVI,1296.42591995519
2015-02-02T07:00:00Z,blm_dillon_Dillon District,Dillon,NDVI,2358.114773900522
2015-02-18T07:00:00Z,blm_billings_Billings District,Billings,EVI,1230.831630654875
2015-02-18T07:00:00Z,blm_billings_Billings District,Billings,NDVI,2265.9133181412517
2015-02-18T07:00:00Z,blm_miles-city_Miles City District,Miles City,EVI,1081.12296168674
2015-02-18T07:00:00Z,blm_miles-city_Miles City District,Miles City,NDVI,2047.7532745908447
2015-02-18T07:00:00Z,blm_malta_Malta District,Malta,EVI,1144.91102969983
2015-02-18T07:00:00Z,blm_malta_Malta District,Malta,NDVI,2183.354353970568
2015-02-18T07:00:00Z,blm_lewistown_Lewistown District,Lewistown,EVI,1352.009742265924
2015-02-18T07:00:00Z,blm_lewistown_Lewistown District,Lewistown,NDVI,2444.5538473540437
2015-02-18T07:00:00Z,blm_missoula_Missoula District,Missoula,EVI,2148.3967269444133
2015-02-18T07:00:00Z,blm_missoula_Missoula District,Missoula,NDVI,5327.184776380479
2015-02-18T07:00:00Z,blm_butte_Butte District,Butte,EVI,1396.397294861382
2015-02-18T07:00:00Z,blm_butte_Butte District,Butte,NDVI,2519.2562106341525
2015-02-18T07:00:00Z,blm_dillon_Dillon District,Dillon,EVI,1267.8814474696926
2015-02-18T07:00:00Z,blm_dillon_Dillon District,Dillon,NDVI,2280.6021610801927
2015-03-06T07:00:00Z,blm_billings_Billings District,Billings,EVI,1344.6530567217917
2015-03-06T07:00:00Z,blm_billings_Billings District,Billings,NDVI,2551.9650541003525
2015-03-06T07:00:00Z,blm_miles-city_Miles City District,Miles City,EVI,1199.2992590553104
2015-03-06T07:00:00Z,blm_miles-city_Miles City District,Miles City,NDVI,2298.5157184215122
2015-03-06T07:00:00Z,blm_malta_Malta District,Malta,EVI,1204.3022589593243
2015-03-06T07:00:00Z,blm_malta_Malta District,Malta,NDVI,2390.388511628293
2015-03-06T07:00:00Z,blm_lewistown_Lewistown District,Lewistown,EVI,1483.118972334035
2015-03-06T07:00:00Z,blm_lewistown_Lewistown District,Lewistown,NDVI,2851.0979931482807
2015-03-06T07:00:00Z,blm_missoula_Missoula District,Missoula,EVI,2268.407934073113
2015-03-06T07:00:00Z,blm_missoula_Missoula District,Missoula,NDVI,5045.137984748203
2015-03-06T07:00:00Z,blm_butte_Butte District,Butte,EVI,1606.3051133348674
2015-03-06T07:00:00Z,blm_butte_Butte District,Butte,NDVI,3197.4595054490137
2015-03-06T07:00:00Z,blm_dillon_Dillon District,Dillon,EVI,1394.0357639951058
2015-03-06T07:00:00Z,blm_dillon_Dillon District,Dillon,NDVI,2538.9600153796487
2015-03-22T06:00:00Z,blm_billings_Billings District,Billings,EVI,1649.3149226096505
2015-03-22T06:00:00Z,blm_billings_Billings District,Billings,NDVI,2846.5929555032903
2015-03-22T06:00:00Z,blm_miles-city_Miles City District,Miles City,EVI,1345.5964011638123
2015-03-22T06:00:00Z,blm_miles-city_Miles City District,Miles City,NDVI,2445.4317290899194
2015-03-22T06:00:00Z,blm_malta_Malta District,Malta,EVI,1363.7011034753727
2015-03-22T06:00:00Z,blm_malta_Malta District,Malta,NDVI,2504.8428348253883
2015-03-22T06:00:00Z,blm_lewistown_Lewistown District,Lewistown,EVI,1743.5874295628987
2015-03-22T06:00:00Z,blm_lewistown_Lewistown District,Lewistown,NDVI,3261.482507538683
2015-03-22T06:00:00Z,blm_missoula_Missoula District,Missoula,EVI,2131.421520107109
2015-03-22T06:00:00Z,blm_missoula_Missoula District,Missoula,NDVI,5255.785192300008
2015-03-22T06:00:00Z,blm_butte_Butte District,Butte,EVI,1838.3449547301161
2015-03-22T06:00:00Z,blm_butte_Butte District,Butte,NDVI,3568.930404035362
2015-03-22T06:00:00Z,blm_dillon_Dillon District,Dillon,EVI,1633.3690873611013
2015-03-22T06:00:00Z,blm_dillon_Dillon District,Dillon,NDVI,2843.3231136041745
2015-04-07T06:00:00Z,blm_billings_Billings District,Billings,EVI,1814.3611807026468
2015-04-07T06:00:00Z,blm_billings_Billings District,Billings,NDVI,3128.6821403684207
2015-04-07T06:00:00Z,blm_miles-city_Miles City District,Miles City,EVI,1554.078198941843
2015-04-07T06:00:00Z,blm_miles-city_Miles City District,Miles City,NDVI,2712.141278629129
2015-04-07T06:00:00Z,blm_malta_Malta District,Malta,EVI,1664.4155543380969
2015-04-07T06:00:00Z,blm_malta_Malta District,Malta,NDVI,2870.846131911222
2015-04-07T06:00:00Z,blm_lewistown_Lewistown District,Lewistown,EVI,2078.8174263899627
2015-04-07T06:00:00Z,blm_lewistown_Lewistown District,Lewistown,NDVI,3643.989654844393
2015-04-07T06:00:00Z,blm_missoula_Missoula District,Missoula,EVI,2391.746703185518
2015-04-07T06:00:00Z,blm_missoula_Missoula District,Missoula,NDVI,5378.2275099145545
2015-04-07T06:00:00Z,blm_butte_Butte District,Butte,EVI,2048.251895910727
2015-04-07T06:00:00Z,blm_butte_Butte District,Butte,NDVI,3812.227354840116
2015-04-07T06:00:00Z,blm_dillon_Dillon District,Dillon,EVI,1730.33946886986
2015-04-07T06:00:00Z,blm_dillon_Dillon District,Dillon,NDVI,3001.171150080887
2015-04-23T06:00:00Z,blm_billings_Billings District,Billings,EVI,2124.0600353961386
2015-04-23T06:00:00Z,blm_billings_Billings District,Billings,NDVI,3557.7886150640725
2015-04-23T06:00:00Z,blm_miles-city_Miles City District,Miles City,EVI,1843.9905291568732
2015-04-23T06:00:00Z,blm_miles-city_Miles City District,Miles City,NDVI,3067.356822387298
2015-04-23T06:00:00Z,blm_malta_Malta District,Malta,EVI,1965.5211778903274
2015-04-23T06:00:00Z,blm_malta_Malta District,Malta,NDVI,3355.0218616461107
2015-04-23T06:00:00Z,blm_lewistown_Lewistown District,Lewistown,EVI,2390.427022206981
2015-04-23T06:00:00Z,blm_lewistown_Lewistown District,Lewistown,NDVI,4121.660781306916
2015-04-23T06:00:00Z,blm_missoula_Missoula District,Missoula,EVI,2635.8448854611643
2015-04-23T06:00:00Z,blm_missoula_Missoula District,Missoula,NDVI,5598.2975571925845
2015-04-23T06:00:00Z,blm_butte_Butte District,Butte,EVI,2286.311017781924
2015-04-23T06:00:00Z,blm_butte_Butte District,Butte,NDVI,4251.718429385714
2015-04-23T06:00:00Z,blm_dillon_Dillon District,Dillon,EVI,2086.869851509578
2015-04-23T06:00:00Z,blm_dillon_Dillon District,Dillon,NDVI,3663.598349202964
2015-05-09T06:00:00Z,blm_billings_Billings District,Billings,EVI,2401.4785834300437
2015-05-09T06:00:00Z,blm_billings_Billings District,Billings,NDVI,4144.958119341798
2015-05-09T06:00:00Z,blm_miles-city_Miles City District,Miles City,EVI,2043.477571053895
2015-05-09T06:00:00Z,blm_miles-city_Miles City District,Miles City,NDVI,3433.542454411056
2015-05-09T06:00:00Z,blm_malta_Malta District,Malta,EVI,2161.4606645766776
2015-05-09T06:00:00Z,blm_malta_Malta District,Malta,NDVI,3654.5233438065816
2015-05-09T06:00:00Z,blm_lewistown_Lewistown District,Lewistown,EVI,2608.6584584860934
2015-05-09T06:00:00Z,blm_lewistown_Lewistown District,Lewistown,NDVI,4560.366729596495
2015-05-09T06:00:00Z,blm_missoula_Missoula District,Missoula,EVI,2864.6466379736758
2015-05-09T06:00:00Z,blm_missoula_Missoula District,Missoula,NDVI,5962.510191501747
2015-05-09T06:00:00Z,blm_butte_Butte District,Butte,EVI,2512.988630463351
2015-05-09T06:00:00Z,blm_butte_Butte District,Butte,NDVI,4645.943397501678
2015-05-09T06:00:00Z,blm_dillon_Dillon District,Dillon,EVI,2329.2167874104343
2015-05-09T06:00:00Z,blm_dillon_Dillon District,Dillon,NDVI,4181.200340240444
2015-05-25T06:00:00Z,blm_billings_Billings District,Billings,EVI,2716.2319369208035
2015-05-25T06:00:00Z,blm_billings_Billings District,Billings,NDVI,4543.907895212336
2015-05-25T06:00:00Z,blm_miles-city_Miles City District,Miles City,EVI,2347.6483529335933
2015-05-25T06:00:00Z,blm_miles-city_Miles City District,Miles City,NDVI,4140.171779027151
2015-05-25T06:00:00Z,blm_malta_Malta District,Malta,EVI,2643.5390644106537
2015-05-25T06:00:00Z,blm_malta_Malta District,Malta,NDVI,4287.496535708807
2015-05-25T06:00:00Z,blm_lewistown_Lewistown District,Lewistown,EVI,3258.850169926819
2015-05-25T06:00:00Z,blm_lewistown_Lewistown District,Lewistown,NDVI,5410.747104242435
2015-05-25T06:00:00Z,blm_missoula_Missoula District,Missoula,EVI,3210.0875092665715
2015-05-25T06:00:00Z,blm_missoula_Missoula District,Missoula,NDVI,6519.5827726961625
2015-05-25T06:00:00Z,blm_butte_Butte District,Butte,EVI,3070.396229055423
2015-05-25T06:00:00Z,blm_butte_Butte District,Butte,NDVI,5459.165231055181
2015-05-25T06:00:00Z,blm_dillon_Dillon District,Dillon,EVI,2899.3287441637135
2015-05-25T06:00:00Z,blm_dillon_Dillon District,Dillon,NDVI,5212.859541180498
2015-06-10T06:00:00Z,blm_billings_Billings District,Billings,EVI,2961.372120302099
2015-06-10T06:00:00Z,blm_billings_Billings District,Billings,NDVI,4969.74894683339
2015-06-10T06:00:00Z,blm_miles-city_Miles City District,Miles City,EVI,2881.2861819410487
2015-06-10T06:00:00Z,blm_miles-city_Miles City District,Miles City,NDVI,4676.705285614022
2015-06-10T06:00:00Z,blm_malta_Malta District,Malta,EVI,2935.5197948595205
2015-06-10T06:00:00Z,blm_malta_Malta District,Malta,NDVI,4755.768575177706
2015-06-10T06:00:00Z,blm_lewistown_Lewistown District,Lewistown,EVI,3493.703150470458
2015-06-10T06:00:00Z,blm_lewistown_Lewistown District,Lewistown,NDVI,5778.336237733245
2015-06-10T06:00:00Z,blm_missoula_Missoula District,Missoula,EVI,3447.0167907291107
2015-06-10T06:00:00Z,blm_missoula_Missoula District,Missoula,NDVI,6578.687933514133
2015-06-10T06:00:00Z,blm_butte_Butte District,Butte,EVI,3154.4496524311417
2015-06-10T06:00:00Z,blm_butte_Butte District,Butte,NDVI,5651.99653459712
2015-06-10T06:00:00Z,blm_dillon_Dillon District,Dillon,EVI,3164.4878915448294
2015-06-10T06:00:00Z,blm_dillon_Dillon District,Dillon,NDVI,5367.075506556666
2015-06-26T06:00:00Z,blm_billings_Billings District,Billings,EVI,2667.4145523750203
2015-06-26T06:00:00Z,blm_billings_Billings District,Billings,NDVI,4442.582802789159
2015-06-26T06:00:00Z,blm_miles-city_Miles City District,Miles City,EVI,2682.7356499337907
2015-06-26T06:00:00Z,blm_miles-city_Miles City District,Miles City,NDVI,4370.168130590262
2015-06-26T06:00:00Z,blm_malta_Malta District,Malta,EVI,2473.2268175765143
2015-06-26T06:00:00Z,blm_malta_Malta District,Malta,NDVI,3976.29480596353
2015-06-26T06:00:00Z,blm_lewistown_Lewistown District,Lewistown,EVI,2975.0451928791335
2015-06-26T06:00:00Z,blm_lewistown_Lewistown District,Lewistown,NDVI,4984.863045392993
2015-06-26T06:00:00Z,blm_missoula_Missoula District,Missoula,EVI,3397.5681738913822
2015-06-26T06:00:00Z,blm_missoula_Missoula District,Missoula,NDVI,6444.730221653133
2015-06-26T06:00:00Z,blm_butte_Butte District,Butte,EVI,2995.19702057684
2015-06-26T06:00:00Z,blm_butte_Butte District,Butte,NDVI,5443.02659393606
2015-06-26T06:00:00Z,blm_dillon_Dillon District,Dillon,EVI,3065.282472467146
2015-06-26T06:00:00Z,blm_dillon_Dillon District,Dillon,NDVI,5196.383447735716
2015-07-12T06:00:00Z,blm_billings_Billings District,Billings,EVI,2392.410907639085
2015-07-12T06:00:00Z,blm_billings_Billings District,Billings,NDVI,3969.250974984495
2015-07-12T06:00:00Z,blm_miles-city_Miles City District,Miles City,EVI,2398.3729725628036
2015-07-12T06:00:00Z,blm_miles-city_Miles City District,Miles City,NDVI,3965.6110393633276
2015-07-12T06:00:00Z,blm_malta_Malta District,Malta,EVI,2191.0660258165926
2015-07-12T06:00:00Z,blm_malta_Malta District,Malta,NDVI,3547.5948924437416
2015-07-12T06:00:00Z,blm_lewistown_Lewistown District,Lewistown,EVI,2567.477072005285
2015-07-12T06:00:00Z,blm_lewistown_Lewistown District,Lewistown,NDVI,4380.502908896124
2015-07-12T06:00:00Z,blm_missoula_Missoula District,Missoula,EVI,3155.6000329172316
2015-07-12T06:00:00Z,blm_missoula_Missoula District,Missoula,NDVI,6503.35513151442
2015-07-12T06:00:00Z,blm_butte_Butte District,Butte,EVI,2877.804773623745
2015-07-12T06:00:00Z,blm_butte_Butte District,Butte,NDVI,5243.19742628875
2015-07-12T06:00:00Z,blm_dillon_Dillon District,Dillon,EVI,2812.1096689545607
2015-07-12T06:00:00Z,blm_dillon_Dillon District,Dillon,NDVI,5148.001071316138
2015-07-28T06:00:00Z,blm_billings_Billings District,Billings,EVI,2034.3953266535266
2015-07-28T06:00:00Z,blm_billings_Billings District,Billings,NDVI,3640.121615586004
2015-07-28T06:00:00Z,blm_miles-city_Miles City District,Miles City,EVI,1976.5822097262105
2015-07-28T06:00:00Z,blm_miles-city_Miles City District,Miles City,NDVI,3391.2189760328806
2015-07-28T06:00:00Z,blm_malta_Malta District,Malta,EVI,1962.8421469091961
2015-07-28T06:00:00Z,blm_malta_Malta District,Malta,NDVI,3315.4658775537423
2015-07-28T06:00:00Z,blm_lewistown_Lewistown District,Lewistown,EVI,2305.1360351448448
2015-07-28T06:00:00Z,blm_lewistown_Lewistown District,Lewistown,NDVI,4180.600371164127
2015-07-28T06:00:00Z,blm_missoula_Missoula District,Missoula,EVI,3021.813397077087
2015-07-28T06:00:00Z,blm_missoula_Missoula District,Missoula,NDVI,6419.45068480156
2015-07-28T06:00:00Z,blm_butte_Butte District,Butte,EVI,2601.1081120906792
2015-07-28T06:00:00Z,blm_butte_Butte District,Butte,NDVI,5106.395736199726
2015-07-28T06:00:00Z,blm_dillon_Dillon District,Dillon,EVI,2586.7086439520835
2015-07-28T06:00:00Z,blm_dillon_Dillon District,Dillon,NDVI,4802.505525287643
2015-08-13T06:00:00Z,blm_billings_Billings District,Billings,EVI,1939.5983790181017
2015-08-13T06:00:00Z,blm_billings_Billings District,Billings,NDVI,3555.103927497697
2015-08-13T06:00:00Z,blm_miles-city_Miles City District,Miles City,EVI,1870.9593259107278
2015-08-13T06:00:00Z,blm_miles-city_Miles City District,Miles City,NDVI,3211.586407171192
2015-08-13T06:00:00Z,blm_malta_Malta District,Malta,EVI,2064.956019809449
2015-08-13T06:00:00Z,blm_malta_Malta District,Malta,NDVI,3346.8694526405484
2015-08-13T06:00:00Z,blm_lewistown_Lewistown District,Lewistown,EVI,2164.0501193972104
2015-08-13T06:00:00Z,blm_lewistown_Lewistown District,Lewistown,NDVI,3806.2636408940534
2015-08-13T06:00:00Z,blm_missoula_Missoula District,Missoula,EVI,2929.570914998544
2015-08-13T06:00:00Z,blm_missoula_Missoula District,Missoula,NDVI,6260.179500089781
2015-08-13T06:00:00Z,blm_butte_Butte District,Butte,EVI,2553.6501115667656
2015-08-13T06:00:00Z,blm_butte_Butte District,Butte,NDVI,4821.9498507280205
2015-08-13T06:00:00Z,blm_dillon_Dillon District,Dillon,EVI,2402.4390611623962
2015-08-13T06:00:00Z,blm_dillon_Dillon District,Dillon,NDVI,4275.795336136042
2015-08-29T06:00:00Z,blm_billings_Billings District,Billings,EVI,1822.8387450059488
2015-08-29T06:00:00Z,blm_billings_Billings District,Billings,NDVI,3324.1016805708664
2015-08-29T06:00:00Z,blm_miles-city_Miles City District,Miles City,EVI,1807.522477624874
2015-08-29T06:00:00Z,blm_miles-city_Miles City District,Miles City,NDVI,3169.0933601472875
2015-08-29T06:00:00Z,blm_malta_Malta District,Malta,EVI,1846.9265367985179
2015-08-29T06:00:00Z,blm_malta_Malta District,Malta,NDVI,3184.328046857228
2015-08-29T06:00:00Z,blm_lewistown_Lewistown District,Lewistown,EVI,2049.4871677016367
2015-08-29T06:00:00Z,blm_lewistown_Lewistown District,Lewistown,NDVI,3787.033742995414
2015-08-29T06:00:00Z,blm_missoula_Missoula District,Missoula,EVI,2600.085243287873
2015-08-29T06:00:00Z,blm_missoula_Missoula District,Missoula,NDVI,6004.038324187379
2015-08-29T06:00:00Z,blm_butte_Butte District,Butte,EVI,2187.136221438486
2015-08-29T06:00:00Z,blm_butte_Butte District,Butte,NDVI,4594.8333632107415
2015-08-29T06:00:00Z,blm_dillon_Dillon District,Dillon,EVI,2096.804423190144
2015-08-29T06:00:00Z,blm_dillon_Dillon District,Dillon,NDVI,4165.077648704748
2015-09-14T06:00:00Z,blm_billings_Billings District,Billings,EVI,1690.3021344350918
2015-09-14T06:00:00Z,blm_billings_Billings District,Billings,NDVI,3173.8188806472676
2015-09-14T06:00:00Z,blm_miles-city_Miles City District,Miles City,EVI,1676.620345466827
2015-09-14T06:00:00Z,blm_miles-city_Miles City District,Miles City,NDVI,3033.3356791756387
2015-09-14T06:00:00Z,blm_malta_Malta District,Malta,EVI,1756.6125149643617
2015-09-14T06:00:00Z,blm_malta_Malta District,Malta,NDVI,3262.3661878140474
2015-09-14T06:00:00Z,blm_lewistown_Lewistown District,Lewistown,EVI,1939.6021362617878
2015-09-14T06:00:00Z,blm_lewistown_Lewistown District,Lewistown,NDVI,3812.231936825219
2015-09-14T06:00:00Z,blm_missoula_Missoula District,Missoula,EVI,2507.196871126338
2015-09-14T06:00:00Z,blm_missoula_Missoula District,Missoula,NDVI,5824.9991124811395
2015-09-14T06:00:00Z,blm_butte_Butte District,Butte,EVI,2085.7040420265153
2015-09-14T06:00:00Z,blm_butte_Butte District,Butte,NDVI,4567.393522470459
2015-09-14T06:00:00Z,blm_dillon_Dillon District,Dillon,EVI,2026.556541292571
2015-09-14T06:00:00Z,blm_dillon_Dillon District,Dillon,NDVI,4048.3191878613834
2015-09-30T06:00:00Z,blm_billings_Billings District,Billings,EVI,1583.526943562211
2015-09-30T06:00:00Z,blm_billings_Billings District,Billings,NDVI,3174.4784171263286
2015-09-30T06:00:00Z,blm_miles-city_Miles City District,Miles City,EVI,1501.627407761377
2015-09-30T06:00:00Z,blm_miles-city_Miles City District,Miles City,NDVI,2978.6216010204685
2015-09-30T06:00:00Z,blm_malta_Malta District,Malta,EVI,1670.2922869233835
2015-09-30T06:00:00Z,blm_malta_Malta District,Malta,NDVI,3228.44018815326
2015-09-30T06:00:00Z,blm_lewistown_Lewistown District,Lewistown,EVI,1966.8655079647754
2015-09-30T06:00:00Z,blm_lewistown_Lewistown District,Lewistown,NDVI,3942.2666075959673
2015-09-30T06:00:00Z,blm_missoula_Missoula District,Missoula,EVI,2384.6433302073106
2015-09-30T06:00:00Z,blm_missoula_Missoula District,Missoula,NDVI,5885.589053186689
2015-09-30T06:00:00Z,blm_butte_Butte District,Butte,EVI,2075.7196075381394
2015-09-30T06:00:00Z,blm_butte_Butte District,Butte,NDVI,4654.517090811954
2015-09-30T06:00:00Z,blm_dillon_Dillon District,Dillon,EVI,1943.1381840764034
2015-09-30T06:00:00Z,blm_dillon_Dillon District,Dillon,NDVI,4070.3018109876343
2015-10-16T06:00:00Z,blm_billings_Billings District,Billings,EVI,1549.336905468861
2015-10-16T06:00:00Z,blm_billings_Billings District,Billings,NDVI,3225.6253388105497
2015-10-16T06:00:00Z,blm_miles-city_Miles City District,Miles City,EVI,1454.134864499041
2015-10-16T06:00:00Z,blm_miles-city_Miles City District,Miles City,NDVI,2887.615065268605
2015-10-16T06:00:00Z,blm_malta_Malta District,Malta,EVI,1633.8860123590694
2015-10-16T06:00:00Z,blm_malta_Malta District,Malta,NDVI,3058.550741591808
2015-10-16T06:00:00Z,blm_lewistown_Lewistown District,Lewistown,EVI,1905.400447786171
2015-10-16T06:00:00Z,blm_lewistown_Lewistown District,Lewistown,NDVI,3723.1218923598226
2015-10-16T06:00:00Z,blm_missoula_Missoula District,Missoula,EVI,2316.71258238675
2015-10-16T06:00:00Z,blm_missoula_Missoula District,Missoula,NDVI,5428.922562395217
2015-10-16T06:00:00Z,blm_butte_Butte District,Butte,EVI,2016.7338975731172
2015-10-16T06:00:00Z,blm_butte_Butte District,Butte,NDVI,4497.21562445097
2015-10-16T06:00:00Z,blm_dillon_Dillon District,Dillon,EVI,1884.1512462297912
2015-10-16T06:00:00Z,blm_dillon_Dillon District,Dillon,NDVI,3973.593932040135
2015-11-01T06:00:00Z,blm_billings_Billings District,Billings,EVI,1548.4143683767438
2015-11-01T06:00:00Z,blm_billings_Billings District,Billings,NDVI,3092.6130796705593
2015-11-01T06:00:00Z,blm_miles-city_Miles City District,Miles City,EVI,1363.6654392729467
2015-11-01T06:00:00Z,blm_miles-city_Miles City District,Miles City,NDVI,2766.28369756233
2015-11-01T06:00:00Z,blm_malta_Malta District,Malta,EVI,1538.3140559763651
2015-11-01T06:00:00Z,blm_malta_Malta District,Malta,NDVI,2913.4514555374258
2015-11-01T06:00:00Z,blm_lewistown_Lewistown District,Lewistown,EVI,1768.3908884904286
2015-11-01T06:00:00Z,blm_lewistown_Lewistown District,Lewistown,NDVI,3463.418281986274
2015-11-01T06:00:00Z,blm_missoula_Missoula District,Missoula,EVI,2168.0979201985847
2015-11-01T06:00:00Z,blm_missoula_Missoula District,Missoula,NDVI,5727.573774116716
2015-11-01T06:00:00Z,blm_butte_Butte District,Butte,EVI,1894.1799097400597
2015-11-01T06:00:00Z,blm_butte_Butte District,Butte,NDVI,3930.798579493697
2015-11-01T06:00:00Z,blm_dillon_Dillon District,Dillon,EVI,1795.0767768580763
2015-11-01T06:00:00Z,blm_dillon_Dillon District,Dillon,NDVI,3694.0059458250103
2015-11-17T07:00:00Z,blm_billings_Billings District,Billings,EVI,1417.053351356832
2015-11-17T07:00:00Z,blm_billings_Billings District,Billings,NDVI,2817.896389212378
2015-11-17T07:00:00Z,blm_miles-city_Miles City District,Miles City,EVI,1388.6912923401715
2015-11-17T07:00:00Z,blm_miles-city_Miles City District,Miles City,NDVI,2627.954986709377
2015-11-17T07:00:00Z,blm_malta_Malta District,Malta,EVI,1379.7020002813335
2015-11-17T07:00:00Z,blm_malta_Malta District,Malta,NDVI,2579.0558047966574
2015-11-17T07:00:00Z,blm_lewistown_Lewistown District,Lewistown,EVI,1569.1811248941626
2015-11-17T07:00:00Z,blm_lewistown_Lewistown District,Lewistown,NDVI,2863.454637012385
2015-11-17T07:00:00Z,blm_missoula_Missoula District,Missoula,EVI,2351.301546940352
2015-11-17T07:00:00Z,blm_missoula_Missoula District,Missoula,NDVI,5595.465139129011
2015-11-17T07:00:00Z,blm_butte_Butte District,Butte,EVI,1680.2644845705333
2015-11-17T07:00:00Z,blm_butte_Butte District,Butte,NDVI,3112.1138497182556
2015-11-17T07:00:00Z,blm_dillon_Dillon District,Dillon,EVI,1708.2867303632768
2015-11-17T07:00:00Z,blm_dillon_Dillon District,Dillon,NDVI,2772.0470670205223
2015-12-03T07:00:00Z,blm_billings_Billings District,Billings,EVI,1435.6068340787751
2015-12-03T07:00:00Z,blm_billings_Billings District,Billings,NDVI,2737.0771246919935
2015-12-03T07:00:00Z,blm_miles-city_Miles City District,Miles City,EVI,1338.7054740544831
2015-12-03T07:00:00Z,blm_miles-city_Miles City District,Miles City,NDVI,2556.1332200176344
2015-12-03T07:00:00Z,blm_malta_Malta District,Malta,EVI,1340.5973286612234
2015-12-03T07:00:00Z,blm_malta_Malta District,Malta,NDVI,2536.859960883936
2015-12-03T07:00:00Z,blm_lewistown_Lewistown District,Lewistown,EVI,1524.4041879101744
2015-12-03T07:00:00Z,blm_lewistown_Lewistown District,Lewistown,NDVI,2805.6700672321895
2015-12-03T07:00:00Z,blm_missoula_Missoula District,Missoula,EVI,2407.08450018454
2015-12-03T07:00:00Z,blm_missoula_Missoula District,Missoula,NDVI,6129.770694418286
2015-12-03T07:00:00Z,blm_butte_Butte District,Butte,EVI,1591.6810101036808
2015-12-03T07:00:00Z,blm_butte_Butte District,Butte,NDVI,2864.6116789382545
2015-12-03T07:00:00Z,blm_dillon_Dillon District,Dillon,EVI,1716.5338501843228
2015-12-03T07:00:00Z,blm_dillon_Dillon District,Dillon,NDVI,2754.334540020397
2015-12-19T07:00:00Z,blm_billings_Billings District,Billings,EVI,NA
2015-12-19T07:00:00Z,blm_billings_Billings District,Billings,NDVI,NA
2015-12-19T07:00:00Z,blm_miles-city_Miles City District,Miles City,EVI,1460.7920124794173
2015-12-19T07:00:00Z,blm_miles-city_Miles City District,Miles City,NDVI,2549.8304238696815
2015-12-19T07:00:00Z,blm_malta_Malta District,Malta,EVI,1554.5588235294117
2015-12-19T07:00:00Z,blm_malta_Malta District,Malta,NDVI,2467.1588235294116
2015-12-19T07:00:00Z,blm_lewistown_Lewistown District,Lewistown,EVI,NA
2015-12-19T07:00:00Z,blm_lewistown_Lewistown District,Lewistown,NDVI,NA
2015-12-19T07:00:00Z,blm_missoula_Missoula District,Missoula,EVI,408.03636363636366
2015-12-19T07:00:00Z,blm_missoula_Missoula District,Missoula,NDVI,1870.1545454545455
2015-12-19T07:00:00Z,blm_butte_Butte District,Butte,EVI,NA
2015-12-19T07:00:00Z,blm_butte_Butte District,Butte,NDVI,NA
2015-12-19T07:00:00Z,blm_dillon_Dillon District,Dillon,EVI,NA
2015-12-19T07:00:00Z,blm_dillon_Dillon District,Dillon,NDVI,NA
2016-01-01T07:00:00Z,blm_billings_Billings District,Billings,EVI,1630
2016-01-01T07:00:00Z,blm_billings_Billings District,Billings,NDVI,2054
2016-01-01T07:00:00Z,blm_miles-city_Miles City District,Miles City,EVI,NA
2016-01-01T07:00:00Z,blm_miles-city_Miles City District,Miles City,NDVI,NA
2016-01-01T07:00:00Z,blm_malta_Malta District,Malta,EVI,NA
2016-01-01T07:00:00Z,blm_malta_Malta District,Malta,NDVI,NA
2016-01-01T07:00:00Z,blm_lewistown_Lewistown District,Lewistown,EVI,586
2016-01-01T07:00:00Z,blm_lewistown_Lewistown District,Lewistown,NDVI,3381.3333333333335
2016-01-01T07:00:00Z,blm_missoula_Missoula District,Missoula,EVI,548.8737864077669
2016-01-01T07:00:00Z,blm_missoula_Missoula District,Missoula,NDVI,2890.9417475728155
2016-01-01T07:00:00Z,blm_butte_Butte District,Butte,EVI,NA
2016-01-01T07:00:00Z,blm_butte_Butte District,Butte,NDVI,NA
2016-01-01T07:00:00Z,blm_dillon_Dillon District,Dillon,EVI,2963
2016-01-01T07:00:00Z,blm_dillon_Dillon District,Dillon,NDVI,6624
2016-01-17T07:00:00Z,blm_billings_Billings District,Billings,EVI,1124.319167324396
2016-01-17T07:00:00Z,blm_billings_Billings District,Billings,NDVI,2221.2737766724663
2016-01-17T07:00:00Z,blm_miles-city_Miles City District,Miles City,EVI,1179.6395883355863
2016-01-17T07:00:00Z,blm_miles-city_Miles City District,Miles City,NDVI,2271.4282958347735
2016-01-17T07:00:00Z,blm_malta_Malta District,Malta,EVI,1245.3944007187433
2016-01-17T07:00:00Z,blm_malta_Malta District,Malta,NDVI,2375.775758681163
2016-01-17T07:00:00Z,blm_lewistown_Lewistown District,Lewistown,EVI,1410.5630193638783
2016-01-17T07:00:00Z,blm_lewistown_Lewistown District,Lewistown,NDVI,2365.34429159879
2016-01-17T07:00:00Z,blm_missoula_Missoula District,Missoula,EVI,NA
2016-01-17T07:00:00Z,blm_missoula_Missoula District,Missoula,NDVI,NA
2016-01-17T07:00:00Z,blm_butte_Butte District,Butte,EVI,1679.09773360978
2016-01-17T07:00:00Z,blm_butte_Butte District,Butte,NDVI,2623.832487309644
2016-01-17T07:00:00Z,blm_dillon_Dillon District,Dillon,EVI,NA
2016-01-17T07:00:00Z,blm_dillon_Dillon District,Dillon,NDVI,NA
2016-02-02T07:00:00Z,blm_billings_Billings District,Billings,EVI,1147.7110880320192
2016-02-02T07:00:00Z,blm_billings_Billings District,Billings,NDVI,2251.774273839378
2016-02-02T07:00:00Z,blm_miles-city_Miles City District,Miles City,EVI,1179.0659554297677
2016-02-02T07:00:00Z,blm_miles-city_Miles City District,Miles City,NDVI,2255.4738694250877
2016-02-02T07:00:00Z,blm_malta_Malta District,Malta,EVI,1182.125572442335
2016-02-02T07:00:00Z,blm_malta_Malta District,Malta,NDVI,2341.0483138478485
2016-02-02T07:00:00Z,blm_lewistown_Lewistown District,Lewistown,EVI,1267.3813616840828
2016-02-02T07:00:00Z,blm_lewistown_Lewistown District,Lewistown,NDVI,2428.8634885634892
2016-02-02T07:00:00Z,blm_missoula_Missoula District,Missoula,EVI,1852.0774136966381
2016-02-02T07:00:00Z,blm_missoula_Missoula District,Missoula,NDVI,4056.9288953330743
2016-02-02T07:00:00Z,blm_butte_Butte District,Butte,EVI,1338.2785206654978
2016-02-02T07:00:00Z,blm_butte_Butte District,Butte,NDVI,2307.9960921926117
2016-02-02T07:00:00Z,blm_dillon_Dillon District,Dillon,EVI,1381.4287253043917
2016-02-02T07:00:00Z,blm_dillon_Dillon District,Dillon,NDVI,2055.3067709256507
2016-02-18T07:00:00Z,blm_billings_Billings District,Billings,EVI,1495.2854849945759
2016-02-18T07:00:00Z,blm_billings_Billings District,Billings,NDVI,2584.077983632056
2016-02-18T07:00:00Z,blm_miles-city_Miles City District,Miles City,EVI,1275.324957295933
2016-02-18T07:00:00Z,blm_miles-city_Miles City District,Miles City,NDVI,2303.409189844596
2016-02-18T07:00:00Z,blm_malta_Malta District,Malta,EVI,1283.4569798847804
2016-02-18T07:00:00Z,blm_malta_Malta District,Malta,NDVI,2341.5851324640535
2016-02-18T07:00:00Z,blm_lewistown_Lewistown District,Lewistown,EVI,1516.926924002033
2016-02-18T07:00:00Z,blm_lewistown_Lewistown District,Lewistown,NDVI,2641.7503795924645
2016-02-18T07:00:00Z,blm_missoula_Missoula District,Missoula,EVI,2060.6713875218074
2016-02-18T07:00:00Z,blm_missoula_Missoula District,Missoula,NDVI,5346.233777124461
2016-02-18T07:00:00Z,blm_butte_Butte District,Butte,EVI,1485.433109148937
2016-02-18T07:00:00Z,blm_butte_Butte District,Butte,NDVI,2762.706497788321
2016-02-18T07:00:00Z,blm_dillon_Dillon District,Dillon,EVI,1483.3756196016977
2016-02-18T07:00:00Z,blm_dillon_Dillon District,Dillon,NDVI,2220.8360313862304
2016-03-05T07:00:00Z,blm_billings_Billings District,Billings,EVI,1409.0719724074024
2016-03-05T07:00:00Z,blm_billings_Billings District,Billings,NDVI,2667.8827154985547
2016-03-05T07:00:00Z,blm_miles-city_Miles City District,Miles City,EVI,1294.05398279915
2016-03-05T07:00:00Z,blm_miles-city_Miles City District,Miles City,NDVI,2381.8673537677655
2016-03-05T07:00:00Z,blm_malta_Malta District,Malta,EVI,1290.60258347744
2016-03-05T07:00:00Z,blm_malta_Malta District,Malta,NDVI,2417.7598406188367
2016-03-05T07:00:00Z,blm_lewistown_Lewistown District,Lewistown,EVI,1517.9488897096892
2016-03-05T07:00:00Z,blm_lewistown_Lewistown District,Lewistown,NDVI,2779.1064766310483
2016-03-05T07:00:00Z,blm_missoula_Missoula District,Missoula,EVI,2263.8853473773856
2016-03-05T07:00:00Z,blm_missoula_Missoula District,Missoula,NDVI,4807.074058971993
2016-03-05T07:00:00Z,blm_butte_Butte District,Butte,EVI,1494.2013429845438
2016-03-05T07:00:00Z,blm_butte_Butte District,Butte,NDVI,2836.174704300282
2016-03-05T07:00:00Z,blm_dillon_Dillon District,Dillon,EVI,1341.9671924687852
2016-03-05T07:00:00Z,blm_dillon_Dillon District,Dillon,NDVI,2230.8861775151586
2016-03-21T06:00:00Z,blm_billings_Billings District,Billings,EVI,1525.3776770579213
2016-03-21T06:00:00Z,blm_billings_Billings District,Billings,NDVI,2795.357819717765
2016-03-21T06:00:00Z,blm_miles-city_Miles City District,Miles City,EVI,1402.0314409788227
2016-03-21T06:00:00Z,blm_miles-city_Miles City District,Miles City,NDVI,2532.4839232924196
2016-03-21T06:00:00Z,blm_malta_Malta District,Malta,EVI,1420.8973584675819
2016-03-21T06:00:00Z,blm_malta_Malta District,Malta,NDVI,2531.8832168282875
2016-03-21T06:00:00Z,blm_lewistown_Lewistown District,Lewistown,EVI,1613.4400911899595
2016-03-21T06:00:00Z,blm_lewistown_Lewistown District,Lewistown,NDVI,2972.3547174220885
2016-03-21T06:00:00Z,blm_missoula_Missoula District,Missoula,EVI,2413.0127181093685
2016-03-21T06:00:00Z,blm_missoula_Missoula District,Missoula,NDVI,5047.843625909272
2016-03-21T06:00:00Z,blm_butte_Butte District,Butte,EVI,1575.0699719204374
2016-03-21T06:00:00Z,blm_butte_Butte District,Butte,NDVI,3116.5453367805085
2016-03-21T06:00:00Z,blm_dillon_Dillon District,Dillon,EVI,1361.9269555851943
2016-03-21T06:00:00Z,blm_dillon_Dillon District,Dillon,NDVI,2404.007899768788
2016-04-06T06:00:00Z,blm_billings_Billings District,Billings,EVI,1815.8105436379049
2016-04-06T06:00:00Z,blm_billings_Billings District,Billings,NDVI,3215.3069448776373
2016-04-06T06:00:00Z,blm_miles-city_Miles City District,Miles City,EVI,1683.5290220206984
2016-04-06T06:00:00Z,blm_miles-city_Miles City District,Miles City,NDVI,2922.709147992784
2016-04-06T06:00:00Z,blm_malta_Malta District,Malta,EVI,1763.375222787988
2016-04-06T06:00:00Z,blm_malta_Malta District,Malta,NDVI,3057.1885698022506
2016-04-06T06:00:00Z,blm_lewistown_Lewistown District,Lewistown,EVI,2016.9641417557984
2016-04-06T06:00:00Z,blm_lewistown_Lewistown District,Lewistown,NDVI,3629.829019607909
2016-04-06T06:00:00Z,blm_missoula_Missoula District,Missoula,EVI,2475.8028483747426
2016-04-06T06:00:00Z,blm_missoula_Missoula District,Missoula,NDVI,5496.070885153607
2016-04-06T06:00:00Z,blm_butte_Butte District,Butte,EVI,1972.300039139291
2016-04-06T06:00:00Z,blm_butte_Butte District,Butte,NDVI,3866.292206987866
2016-04-06T06:00:00Z,blm_dillon_Dillon District,Dillon,EVI,1727.7907894021696
2016-04-06T06:00:00Z,blm_dillon_Dillon District,Dillon,NDVI,3099.778530725
2016-04-22T06:00:00Z,blm_billings_Billings District,Billings,EVI,2225.382331039515
2016-04-22T06:00:00Z,blm_billings_Billings District,Billings,NDVI,3704.3358376012857
2016-04-22T06:00:00Z,blm_miles-city_Miles City District,Miles City,EVI,1794.1942152010574
2016-04-22T06:00:00Z,blm_miles-city_Miles City District,Miles City,NDVI,3139.260278379653
2016-04-22T06:00:00Z,blm_malta_Malta District,Malta,EVI,2088.4862864889224
2016-04-22T06:00:00Z,blm_malta_Malta District,Malta,NDVI,3499.9926163056125
2016-04-22T06:00:00Z,blm_lewistown_Lewistown District,Lewistown,EVI,2451.5353061307546
2016-04-22T06:00:00Z,blm_lewistown_Lewistown District,Lewistown,NDVI,4188.993130233094
2016-04-22T06:00:00Z,blm_missoula_Missoula District,Missoula,EVI,2689.8976306100512
2016-04-22T06:00:00Z,blm_missoula_Missoula District,Missoula,NDVI,6145.359855485093
2016-04-22T06:00:00Z,blm_butte_Butte District,Butte,EVI,2370.307646220981
2016-04-22T06:00:00Z,blm_butte_Butte District,Butte,NDVI,4277.174879711695
2016-04-22T06:00:00Z,blm_dillon_Dillon District,Dillon,EVI,2165.0991977147282
2016-04-22T06:00:00Z,blm_dillon_Dillon District,Dillon,NDVI,3735.4334111019643
2016-05-08T06:00:00Z,blm_billings_Billings District,Billings,EVI,2518.082697983895
2016-05-08T06:00:00Z,blm_billings_Billings District,Billings,NDVI,4274.985242624079
2016-05-08T06:00:00Z,blm_miles-city_Miles City District,Miles City,EVI,2148.034404267666
2016-05-08T06:00:00Z,blm_miles-city_Miles City District,Miles City,NDVI,3702.9000837994568
2016-05-08T06:00:00Z,blm_malta_Malta District,Malta,EVI,2418.680352694846
2016-05-08T06:00:00Z,blm_malta_Malta District,Malta,NDVI,3930.7328826110293
2016-05-08T06:00:00Z,blm_lewistown_Lewistown District,Lewistown,EVI,2829.4613808636523
2016-05-08T06:00:00Z,blm_lewistown_Lewistown District,Lewistown,NDVI,4655.116691696118
2016-05-08T06:00:00Z,blm_missoula_Missoula District,Missoula,EVI,3237.4376856397316
2016-05-08T06:00:00Z,blm_missoula_Missoula District,Missoula,NDVI,6360.45178519766
2016-05-08T06:00:00Z,blm_butte_Butte District,Butte,EVI,2733.099753245375
2016-05-08T06:00:00Z,blm_butte_Butte District,Butte,NDVI,4717.995709354895
2016-05-08T06:00:00Z,blm_dillon_Dillon District,Dillon,EVI,2439.369836206717
2016-05-08T06:00:00Z,blm_dillon_Dillon District,Dillon,NDVI,4205.893329005034
2016-05-24T06:00:00Z,blm_billings_Billings District,Billings,EVI,3031.1704530769975
2016-05-24T06:00:00Z,blm_billings_Billings District,Billings,NDVI,5025.078498824561
2016-05-24T06:00:00Z,blm_miles-city_Miles City District,Miles City,EVI,2499.953958885488
2016-05-24T06:00:00Z,blm_miles-city_Miles City District,Miles City,NDVI,4294.46675474474
2016-05-24T06:00:00Z,blm_malta_Malta District,Malta,EVI,2881.233350575486
2016-05-24T06:00:00Z,blm_malta_Malta District,Malta,NDVI,4829.743260258982
2016-05-24T06:00:00Z,blm_lewistown_Lewistown District,Lewistown,EVI,3301.862495036101
2016-05-24T06:00:00Z,blm_lewistown_Lewistown District,Lewistown,NDVI,5570.106597882629
2016-05-24T06:00:00Z,blm_missoula_Missoula District,Missoula,EVI,3233.695542066376
2016-05-24T06:00:00Z,blm_missoula_Missoula District,Missoula,NDVI,6459.743909922992
2016-05-24T06:00:00Z,blm_butte_Butte District,Butte,EVI,2877.5843710962267
2016-05-24T06:00:00Z,blm_butte_Butte District,Butte,NDVI,5438.203059762514
2016-05-24T06:00:00Z,blm_dillon_Dillon District,Dillon,EVI,2767.654897977545
2016-05-24T06:00:00Z,blm_dillon_Dillon District,Dillon,NDVI,5007.235427283806
2016-06-09T06:00:00Z,blm_billings_Billings District,Billings,EVI,2780.146276207744
2016-06-09T06:00:00Z,blm_billings_Billings District,Billings,NDVI,4624.188162897521
2016-06-09T06:00:00Z,blm_miles-city_Miles City District,Miles City,EVI,2741.7595077962724
2016-06-09T06:00:00Z,blm_miles-city_Miles City District,Miles City,NDVI,4614.940848633604
2016-06-09T06:00:00Z,blm_malta_Malta District,Malta,EVI,3201.557267407948
2016-06-09T06:00:00Z,blm_malta_Malta District,Malta,NDVI,5116.03312589281
2016-06-09T06:00:00Z,blm_lewistown_Lewistown District,Lewistown,EVI,3431.289773587456
2016-06-09T06:00:00Z,blm_lewistown_Lewistown District,Lewistown,NDVI,5739.178293356243
2016-06-09T06:00:00Z,blm_missoula_Missoula District,Missoula,EVI,3310.887185125044
2016-06-09T06:00:00Z,blm_missoula_Missoula District,Missoula,NDVI,6673.167065275623
2016-06-09T06:00:00Z,blm_butte_Butte District,Butte,EVI,3059.345712512183
2016-06-09T06:00:00Z,blm_butte_Butte District,Butte,NDVI,5599.899017851407
2016-06-09T06:00:00Z,blm_dillon_Dillon District,Dillon,EVI,2965.172528963511
2016-06-09T06:00:00Z,blm_dillon_Dillon District,Dillon,NDVI,5234.713744390915
2016-06-25T06:00:00Z,blm_billings_Billings District,Billings,EVI,2412.294448470184
2016-06-25T06:00:00Z,blm_billings_Billings District,Billings,NDVI,3982.2054051979785
2016-06-25T06:00:00Z,blm_miles-city_Miles City District,Miles City,EVI,2631.7128106444293
2016-06-25T06:00:00Z,blm_miles-city_Miles City District,Miles City,NDVI,4252.273220612721
2016-06-25T06:00:00Z,blm_malta_Malta District,Malta,EVI,2964.7162618694974
2016-06-25T06:00:00Z,blm_malta_Malta District,Malta,NDVI,4758.368172845701
2016-06-25T06:00:00Z,blm_lewistown_Lewistown District,Lewistown,EVI,3137.9662848073735
2016-06-25T06:00:00Z,blm_lewistown_Lewistown District,Lewistown,NDVI,5082.3833707651365
2016-06-25T06:00:00Z,blm_missoula_Missoula District,Missoula,EVI,3302.683740640537
2016-06-25T06:00:00Z,blm_missoula_Missoula District,Missoula,NDVI,6606.736016483078
2016-06-25T06:00:00Z,blm_butte_Butte District,Butte,EVI,3017.9055708947035
2016-06-25T06:00:00Z,blm_butte_Butte District,Butte,NDVI,5487.259655197826
2016-06-25T06:00:00Z,blm_dillon_Dillon District,Dillon,EVI,2943.623210826254
2016-06-25T06:00:00Z,blm_dillon_Dillon District,Dillon,NDVI,5126.713479839431
2016-07-11T06:00:00Z,blm_billings_Billings District,Billings,EVI,2198.5977154608304
2016-07-11T06:00:00Z,blm_billings_Billings District,Billings,NDVI,3745.3411279645075
2016-07-11T06:00:00Z,blm_miles-city_Miles City District,Miles City,EVI,2429.0841297961965
2016-07-11T06:00:00Z,blm_miles-city_Miles City District,Miles City,NDVI,4022.4606514524553
2016-07-11T06:00:00Z,blm_malta_Malta District,Malta,EVI,2606.7188771426568
2016-07-11T06:00:00Z,blm_malta_Malta District,Malta,NDVI,4395.225151612455
2016-07-11T06:00:00Z,blm_lewistown_Lewistown District,Lewistown,EVI,2808.6368554862347
2016-07-11T06:00:00Z,blm_lewistown_Lewistown District,Lewistown,NDVI,4775.494715291756
2016-07-11T06:00:00Z,blm_missoula_Missoula District,Missoula,EVI,3219.830122894869
2016-07-11T06:00:00Z,blm_missoula_Missoula District,Missoula,NDVI,6583.875598414163
2016-07-11T06:00:00Z,blm_butte_Butte District,Butte,EVI,2757.9484122822278
2016-07-11T06:00:00Z,blm_butte_Butte District,Butte,NDVI,5305.871597962067
2016-07-11T06:00:00Z,blm_dillon_Dillon District,Dillon,EVI,2678.820335372367
2016-07-11T06:00:00Z,blm_dillon_Dillon District,Dillon,NDVI,4817.598308847755
2016-07-27T06:00:00Z,blm_billings_Billings District,Billings,EVI,1997.0706342463886
2016-07-27T06:00:00Z,blm_billings_Billings District,Billings,NDVI,3423.835527002795
2016-07-27T06:00:00Z,blm_miles-city_Miles City District,Miles City,EVI,2133.245990499238
2016-07-27T06:00:00Z,blm_miles-city_Miles City District,Miles City,NDVI,3552.6778046669333
2016-07-27T06:00:00Z,blm_malta_Malta District,Malta,EVI,2392.1991607386008
2016-07-27T06:00:00Z,blm_malta_Malta District,Malta,NDVI,4014.6728621607576
2016-07-27T06:00:00Z,blm_lewistown_Lewistown District,Lewistown,EVI,2481.1714885102483
2016-07-27T06:00:00Z,blm_lewistown_Lewistown District,Lewistown,NDVI,4370.057568304103
2016-07-27T06:00:00Z,blm_missoula_Missoula District,Missoula,EVI,3080.708569206002
2016-07-27T06:00:00Z,blm_missoula_Missoula District,Missoula,NDVI,6474.194258818821
2016-07-27T06:00:00Z,blm_butte_Butte District,Butte,EVI,2541.0932610944037
2016-07-27T06:00:00Z,blm_butte_Butte District,Butte,NDVI,4888.985205285115
2016-07-27T06:00:00Z,blm_dillon_Dillon District,Dillon,EVI,2468.0134372651105
2016-07-27T06:00:00Z,blm_dillon_Dillon District,Dillon,NDVI,4427.537411314417
2016-08-12T06:00:00Z,blm_billings_Billings District,Billings,EVI,1950.6501254917825
2016-08-12T06:00:00Z,blm_billings_Billings District,Billings,NDVI,3306.290755416959
2016-08-12T06:00:00Z,blm_miles-city_Miles City District,Miles City,EVI,1850.7559310073907
2016-08-12T06:00:00Z,blm_miles-city_Miles City District,Miles City,NDVI,3178.760698972295
2016-08-12T06:00:00Z,blm_malta_Malta District,Malta,EVI,2161.166162369338
2016-08-12T06:00:00Z,blm_malta_Malta District,Malta,NDVI,3648.9658258961995
2016-08-12T06:00:00Z,blm_lewistown_Lewistown District,Lewistown,EVI,2348.9240377582105
2016-08-12T06:00:00Z,blm_lewistown_Lewistown District,Lewistown,NDVI,4099.346795371624
2016-08-12T06:00:00Z,blm_missoula_Missoula District,Missoula,EVI,2947.591781229994
2016-08-12T06:00:00Z,blm_missoula_Missoula District,Missoula,NDVI,6329.046483639592
2016-08-12T06:00:00Z,blm_butte_Butte District,Butte,EVI,2462.4084646617152
2016-08-12T06:00:00Z,blm_butte_Butte District,Butte,NDVI,4723.451507361726
2016-08-12T06:00:00Z,blm_dillon_Dillon District,Dillon,EVI,2298.6472952776435
2016-08-12T06:00:00Z,blm_dillon_Dillon District,Dillon,NDVI,4189.075755510657
2016-08-28T06:00:00Z,blm_billings_Billings District,Billings,EVI,1915.8787167868472
2016-08-28T06:00:00Z,blm_billings_Billings District,Billings,NDVI,3484.9225620615284
2016-08-28T06:00:00Z,blm_miles-city_Miles City District,Miles City,EVI,1782.9851938944412
2016-08-28T06:00:00Z,blm_miles-city_Miles City District,Miles City,NDVI,3235.521683620738
2016-08-28T06:00:00Z,blm_malta_Malta District,Malta,EVI,1947.393477771491
2016-08-28T06:00:00Z,blm_malta_Malta District,Malta,NDVI,3443.1903859028603
2016-08-28T06:00:00Z,blm_lewistown_Lewistown District,Lewistown,EVI,2250.054202905873
2016-08-28T06:00:00Z,blm_lewistown_Lewistown District,Lewistown,NDVI,3966.709903230345
2016-08-28T06:00:00Z,blm_missoula_Missoula District,Missoula,EVI,2817.183022175682
2016-08-28T06:00:00Z,blm_missoula_Missoula District,Missoula,NDVI,6195.317253022986
2016-08-28T06:00:00Z,blm_butte_Butte District,Butte,EVI,2345.3377140532566
2016-08-28T06:00:00Z,blm_butte_Butte District,Butte,NDVI,4556.03020475168
2016-08-28T06:00:00Z,blm_dillon_Dillon District,Dillon,EVI,2093.7634194807047
2016-08-28T06:00:00Z,blm_dillon_Dillon District,Dillon,NDVI,4070.912015900356
2016-09-13T06:00:00Z,blm_billings_Billings District,Billings,EVI,2064.793256061193
2016-09-13T06:00:00Z,blm_billings_Billings District,Billings,NDVI,3997.8779674982397
2016-09-13T06:00:00Z,blm_miles-city_Miles City District,Miles City,EVI,1796.9978416235613
2016-09-13T06:00:00Z,blm_miles-city_Miles City District,Miles City,NDVI,3404.18372262443
2016-09-13T06:00:00Z,blm_malta_Malta District,Malta,EVI,1769.8699476341317
2016-09-13T06:00:00Z,blm_malta_Malta District,Malta,NDVI,3383.3316175972996
2016-09-13T06:00:00Z,blm_lewistown_Lewistown District,Lewistown,EVI,2148.9839814630895
2016-09-13T06:00:00Z,blm_lewistown_Lewistown District,Lewistown,NDVI,4284.593472351997
2016-09-13T06:00:00Z,blm_missoula_Missoula District,Missoula,EVI,2496.067792700935
2016-09-13T06:00:00Z,blm_missoula_Missoula District,Missoula,NDVI,6098.737526307563
2016-09-13T06:00:00Z,blm_butte_Butte District,Butte,EVI,2061.456694313667
2016-09-13T06:00:00Z,blm_butte_Butte District,Butte,NDVI,4684.859001735676
2016-09-13T06:00:00Z,blm_dillon_Dillon District,Dillon,EVI,1925.847484625242
2016-09-13T06:00:00Z,blm_dillon_Dillon District,Dillon,NDVI,4002.090027811453
2016-09-29T06:00:00Z,blm_billings_Billings District,Billings,EVI,2128.030893456902
2016-09-29T06:00:00Z,blm_billings_Billings District,Billings,NDVI,4123.750015597796
2016-09-29T06:00:00Z,blm_miles-city_Miles City District,Miles City,EVI,1830.3987768411228
2016-09-29T06:00:00Z,blm_miles-city_Miles City District,Miles City,NDVI,3574.263990675135
2016-09-29T06:00:00Z,blm_malta_Malta District,Malta,EVI,1698.5722897065928
2016-09-29T06:00:00Z,blm_malta_Malta District,Malta,NDVI,3245.1469212823117
2016-09-29T06:00:00Z,blm_lewistown_Lewistown District,Lewistown,EVI,2196.648874444979
2016-09-29T06:00:00Z,blm_lewistown_Lewistown District,Lewistown,NDVI,4190.958887511609
2016-09-29T06:00:00Z,blm_missoula_Missoula District,Missoula,EVI,2347.8432577548283
2016-09-29T06:00:00Z,blm_missoula_Missoula District,Missoula,NDVI,5809.665260530196
2016-09-29T06:00:00Z,blm_butte_Butte District,Butte,EVI,2135.656312233241
2016-09-29T06:00:00Z,blm_butte_Butte District,Butte,NDVI,4476.578514525603
2016-09-29T06:00:00Z,blm_dillon_Dillon District,Dillon,EVI,1958.262916105324
2016-09-29T06:00:00Z,blm_dillon_Dillon District,Dillon,NDVI,3857.8410581685052
2016-10-15T06:00:00Z,blm_billings_Billings District,Billings,EVI,2027.4413524345664
2016-10-15T06:00:00Z,blm_billings_Billings District,Billings,NDVI,3971.761375398368
2016-10-15T06:00:00Z,blm_miles-city_Miles City District,Miles City,EVI,1785.5386203635148
2016-10-15T06:00:00Z,blm_miles-city_Miles City District,Miles City,NDVI,3464.3339368948446
2016-10-15T06:00:00Z,blm_malta_Malta District,Malta,EVI,1614.2249857115753
2016-10-15T06:00:00Z,blm_malta_Malta District,Malta,NDVI,3041.2444358804273
2016-10-15T06:00:00Z,blm_lewistown_Lewistown District,Lewistown,EVI,2009.4053425985076
2016-10-15T06:00:00Z,blm_lewistown_Lewistown District,Lewistown,NDVI,4073.6804897088473
2016-10-15T06:00:00Z,blm_missoula_Missoula District,Missoula,EVI,1985.6019782886306
2016-10-15T06:00:00Z,blm_missoula_Missoula District,Missoula,NDVI,5307.688451676755
2016-10-15T06:00:00Z,blm_butte_Butte District,Butte,EVI,1918.9013558956278
2016-10-15T06:00:00Z,blm_butte_Butte District,Butte,NDVI,4474.636733633702
2016-10-15T06:00:00Z,blm_dillon_Dillon District,Dillon,EVI,1740.5059581783673
2016-10-15T06:00:00Z,blm_dillon_Dillon District,Dillon,NDVI,3696.767709134889
2016-10-31T06:00:00Z,blm_billings_Billings District,Billings,EVI,1935.737758150626
2016-10-31T06:00:00Z,blm_billings_Billings District,Billings,NDVI,3911.003634854856
2016-10-31T06:00:00Z,blm_miles-city_Miles City District,Miles City,EVI,1627.102682182548
2016-10-31T06:00:00Z,blm_miles-city_Miles City District,Miles City,NDVI,3259.964859319995
2016-10-31T06:00:00Z,blm_malta_Malta District,Malta,EVI,1464.2525985021214
2016-10-31T06:00:00Z,blm_malta_Malta District,Malta,NDVI,2982.5799351548703
2016-10-31T06:00:00Z,blm_lewistown_Lewistown District,Lewistown,EVI,1907.378324099097
2016-10-31T06:00:00Z,blm_lewistown_Lewistown District,Lewistown,NDVI,4010.018958880023
2016-10-31T06:00:00Z,blm_missoula_Missoula District,Missoula,EVI,2041.1449601272668
2016-10-31T06:00:00Z,blm_missoula_Missoula District,Missoula,NDVI,6018.6420440588545
2016-10-31T06:00:00Z,blm_butte_Butte District,Butte,EVI,1905.8699987815646
2016-10-31T06:00:00Z,blm_butte_Butte District,Butte,NDVI,4654.746012848304
2016-10-31T06:00:00Z,blm_dillon_Dillon District,Dillon,EVI,1725.474152934332
2016-10-31T06:00:00Z,blm_dillon_Dillon District,Dillon,NDVI,3938.250589917909
2016-11-16T07:00:00Z,blm_billings_Billings District,Billings,EVI,1783.0604491260092
2016-11-16T07:00:00Z,blm_billings_Billings District,Billings,NDVI,3523.3293818740503
2016-11-16T07:00:00Z,blm_miles-city_Miles City District,Miles City,EVI,1539.946887126374
2016-11-16T07:00:00Z,blm_miles-city_Miles City District,Miles City,NDVI,2971.0960843173148
2016-11-16T07:00:00Z,blm_malta_Malta District,Malta,EVI,1427.8924085600577
2016-11-16T07:00:00Z,blm_malta_Malta District,Malta,NDVI,2798.6744091113937
2016-11-16T07:00:00Z,blm_lewistown_Lewistown District,Lewistown,EVI,1867.8384349850792
2016-11-16T07:00:00Z,blm_lewistown_Lewistown District,Lewistown,NDVI,3637.0764444723713
2016-11-16T07:00:00Z,blm_missoula_Missoula District,Missoula,EVI,2057.244244712188
2016-11-16T07:00:00Z,blm_missoula_Missoula District,Missoula,NDVI,5196.313270157323
2016-11-16T07:00:00Z,blm_butte_Butte District,Butte,EVI,1869.6088042249858
2016-11-16T07:00:00Z,blm_butte_Butte District,Butte,NDVI,3791.7580828821046
2016-11-16T07:00:00Z,blm_dillon_Dillon District,Dillon,EVI,1744.3233244883688
2016-11-16T07:00:00Z,blm_dillon_Dillon District,Dillon,NDVI,3249.573055408947
2016-12-02T07:00:00Z,blm_billings_Billings District,Billings,EVI,1706.891996371634
2016-12-02T07:00:00Z,blm_billings_Billings District,Billings,NDVI,3288.103740173063
2016-12-02T07:00:00Z,blm_miles-city_Miles City District,Miles City,EVI,1472.9426558759294
2016-12-02T07:00:00Z,blm_miles-city_Miles City District,Miles City,NDVI,2934.6686250065713
2016-12-02T07:00:00Z,blm_malta_Malta District,Malta,EVI,1388.1001929568397
2016-12-02T07:00:00Z,blm_malta_Malta District,Malta,NDVI,2734.309030441417
2016-12-02T07:00:00Z,blm_lewistown_Lewistown District,Lewistown,EVI,1673.6343923627371
2016-12-02T07:00:00Z,blm_lewistown_Lewistown District,Lewistown,NDVI,3144.338878694894
2016-12-02T07:00:00Z,blm_missoula_Missoula District,Missoula,EVI,2470.3527213355405
2016-12-02T07:00:00Z,blm_missoula_Missoula District,Missoula,NDVI,5893.123473063759
2016-12-02T07:00:00Z,blm_butte_Butte District,Butte,EVI,1664.2183709667047
2016-12-02T07:00:00Z,blm_butte_Butte District,Butte,NDVI,3023.288855191934
2016-12-02T07:00:00Z,blm_dillon_Dillon District,Dillon,EVI,1527.9523215317545
2016-12-02T07:00:00Z,blm_dillon_Dillon District,Dillon,NDVI,2573.633522419402
2016-12-18T07:00:00Z,blm_billings_Billings District,Billings,EVI,1497.6666666666667
2016-12-18T07:00:00Z,blm_billings_Billings District,Billings,NDVI,3699.6666666666665
2016-12-18T07:00:00Z,blm_miles-city_Miles City District,Miles City,EVI,NA
2016-12-18T07:00:00Z,blm_miles-city_Miles City District,Miles City,NDVI,NA
2016-12-18T07:00:00Z,blm_malta_Malta District,Malta,EVI,1423.248846149485
2016-12-18T07:00:00Z,blm_malta_Malta District,Malta,NDVI,2418.4816914824855
2016-12-18T07:00:00Z,blm_lewistown_Lewistown District,Lewistown,EVI,1403.5593672614596
2016-12-18T07:00:00Z,blm_lewistown_Lewistown District,Lewistown,NDVI,2429.5809234675335
2016-12-18T07:00:00Z,blm_missoula_Missoula District,Missoula,EVI,1349.8841201716739
2016-12-18T07:00:00Z,blm_missoula_Missoula District,Missoula,NDVI,3709.498927038627
2016-12-18T07:00:00Z,blm_butte_Butte District,Butte,EVI,NA
2016-12-18T07:00:00Z,blm_butte_Butte District,Butte,NDVI,NA
2016-12-18T07:00:00Z,blm_dillon_Dillon District,Dillon,EVI,NA
2016-12-18T07:00:00Z,blm_dillon_Dillon District,Dillon,NDVI,NA
2017-01-01T07:00:00Z,blm_billings_Billings District,Billings,EVI,NA
2017-01-01T07:00:00Z,blm_billings_Billings District,Billings,NDVI,NA
2017-01-01T07:00:00Z,blm_miles-city_Miles City District,Miles City,EVI,NA
2017-01-01T07:00:00Z,blm_miles-city_Miles City District,Miles City,NDVI,NA
2017-01-01T07:00:00Z,blm_malta_Malta District,Malta,EVI,NA
2017-01-01T07:00:00Z,blm_malta_Malta District,Malta,NDVI,NA
2017-01-01T07:00:00Z,blm_lewistown_Lewistown District,Lewistown,EVI,NA
2017-01-01T07:00:00Z,blm_lewistown_Lewistown District,Lewistown,NDVI,NA
2017-01-01T07:00:00Z,blm_missoula_Missoula District,Missoula,EVI,NA
2017-01-01T07:00:00Z,blm_missoula_Missoula District,Missoula,NDVI,NA
2017-01-01T07:00:00Z,blm_butte_Butte District,Butte,EVI,NA
2017-01-01T07:00:00Z,blm_butte_Butte District,Butte,NDVI,NA
2017-01-01T07:00:00Z,blm_dillon_Dillon District,Dillon,EVI,NA
2017-01-01T07:00:00Z,blm_dillon_Dillon District,Dillon,NDVI,NA
2017-01-17T07:00:00Z,blm_billings_Billings District,Billings,EVI,1184.1098441208867
2017-01-17T07:00:00Z,blm_billings_Billings District,Billings,NDVI,2068.2701925689407
2017-01-17T07:00:00Z,blm_miles-city_Miles City District,Miles City,EVI,1153.4094495133963
2017-01-17T07:00:00Z,blm_miles-city_Miles City District,Miles City,NDVI,2094.182238140464
2017-01-17T07:00:00Z,blm_malta_Malta District,Malta,EVI,1311.68917969788
2017-01-17T07:00:00Z,blm_malta_Malta District,Malta,NDVI,2269.0505446195566
2017-01-17T07:00:00Z,blm_lewistown_Lewistown District,Lewistown,EVI,1480.1477974621303
2017-01-17T07:00:00Z,blm_lewistown_Lewistown District,Lewistown,NDVI,2504.807530613958
2017-01-17T07:00:00Z,blm_missoula_Missoula District,Missoula,EVI,2140.30301297658
2017-01-17T07:00:00Z,blm_missoula_Missoula District,Missoula,NDVI,6131.647216142439
2017-01-17T07:00:00Z,blm_butte_Butte District,Butte,EVI,1232.0588235294117
2017-01-17T07:00:00Z,blm_butte_Butte District,Butte,NDVI,2189.9411764705883
2017-01-17T07:00:00Z,blm_dillon_Dillon District,Dillon,EVI,NA
2017-01-17T07:00:00Z,blm_dillon_Dillon District,Dillon,NDVI,NA
2017-02-02T07:00:00Z,blm_billings_Billings District,Billings,EVI,1300.1227508826328
2017-02-02T07:00:00Z,blm_billings_Billings District,Billings,NDVI,2395.0013832955296
2017-02-02T07:00:00Z,blm_miles-city_Miles City District,Miles City,EVI,1176.7123595984315
2017-02-02T07:00:00Z,blm_miles-city_Miles City District,Miles City,NDVI,2233.2819249197178
2017-02-02T07:00:00Z,blm_malta_Malta District,Malta,EVI,1208.2030706034502
2017-02-02T07:00:00Z,blm_malta_Malta District,Malta,NDVI,2229.1103881871745
2017-02-02T07:00:00Z,blm_lewistown_Lewistown District,Lewistown,EVI,1430.269902961325
2017-02-02T07:00:00Z,blm_lewistown_Lewistown District,Lewistown,NDVI,2565.1878214512735
2017-02-02T07:00:00Z,blm_missoula_Missoula District,Missoula,EVI,2326.1511371812403
2017-02-02T07:00:00Z,blm_missoula_Missoula District,Missoula,NDVI,6838.805308859635
2017-02-02T07:00:00Z,blm_butte_Butte District,Butte,EVI,1491.3141768564774
2017-02-02T07:00:00Z,blm_butte_Butte District,Butte,NDVI,2397.2857596431336
2017-02-02T07:00:00Z,blm_dillon_Dillon District,Dillon,EVI,1522.7384885189592
2017-02-02T07:00:00Z,blm_dillon_Dillon District,Dillon,NDVI,2488.6519322859403
2017-02-18T07:00:00Z,blm_billings_Billings District,Billings,EVI,1409.6275466191562
2017-02-18T07:00:00Z,blm_billings_Billings District,Billings,NDVI,2611.7242495210703
2017-02-18T07:00:00Z,blm_miles-city_Miles City District,Miles City,EVI,1236.3680471569724
2017-02-18T07:00:00Z,blm_miles-city_Miles City District,Miles City,NDVI,2445.8145315836678
2017-02-18T07:00:00Z,blm_malta_Malta District,Malta,EVI,1185.9649123426195
2017-02-18T07:00:00Z,blm_malta_Malta District,Malta,NDVI,2456.287143475821
2017-02-18T07:00:00Z,blm_lewistown_Lewistown District,Lewistown,EVI,1450.3080839304203
2017-02-18T07:00:00Z,blm_lewistown_Lewistown District,Lewistown,NDVI,2705.2047874860705
2017-02-18T07:00:00Z,blm_missoula_Missoula District,Missoula,EVI,1735.64406247383
2017-02-18T07:00:00Z,blm_missoula_Missoula District,Missoula,NDVI,2617.2436981827323
2017-02-18T07:00:00Z,blm_butte_Butte District,Butte,EVI,1453.8148967740947
2017-02-18T07:00:00Z,blm_butte_Butte District,Butte,NDVI,2412.6975948417626
2017-02-18T07:00:00Z,blm_dillon_Dillon District,Dillon,EVI,1612.8923304096224
2017-02-18T07:00:00Z,blm_dillon_Dillon District,Dillon,NDVI,2269.621003529279
2017-03-06T07:00:00Z,blm_billings_Billings District,Billings,EVI,1445.1959958649156
2017-03-06T07:00:00Z,blm_billings_Billings District,Billings,NDVI,2696.1582358523347
2017-03-06T07:00:00Z,blm_miles-city_Miles City District,Miles City,EVI,1362.9258632260978
2017-03-06T07:00:00Z,blm_miles-city_Miles City District,Miles City,NDVI,2541.287470891145
2017-03-06T07:00:00Z,blm_malta_Malta District,Malta,EVI,1220.4406327349425
2017-03-06T07:00:00Z,blm_malta_Malta District,Malta,NDVI,2409.704165113597
2017-03-06T07:00:00Z,blm_lewistown_Lewistown District,Lewistown,EVI,1458.800396593859
2017-03-06T07:00:00Z,blm_lewistown_Lewistown District,Lewistown,NDVI,2674.6065160848366
2017-03-06T07:00:00Z,blm_missoula_Missoula District,Missoula,EVI,1887.4314792446198
2017-03-06T07:00:00Z,blm_missoula_Missoula District,Missoula,NDVI,3577.9807832454844
2017-03-06T07:00:00Z,blm_butte_Butte District,Butte,EVI,1566.7424937295355
2017-03-06T07:00:00Z,blm_butte_Butte District,Butte,NDVI,2866.7200551019396
2017-03-06T07:00:00Z,blm_dillon_Dillon District,Dillon,EVI,1455.745315775161
2017-03-06T07:00:00Z,blm_dillon_Dillon District,Dillon,NDVI,2451.6557983166604
2017-03-22T06:00:00Z,blm_billings_Billings District,Billings,EVI,1866.227154583659
2017-03-22T06:00:00Z,blm_billings_Billings District,Billings,NDVI,3378.3862429027968
2017-03-22T06:00:00Z,blm_miles-city_Miles City District,Miles City,EVI,1583.857016796356
2017-03-22T06:00:00Z,blm_miles-city_Miles City District,Miles City,NDVI,2889.504504558366
2017-03-22T06:00:00Z,blm_malta_Malta District,Malta,EVI,1369.2133361849367
2017-03-22T06:00:00Z,blm_malta_Malta District,Malta,NDVI,2560.0405060345174
2017-03-22T06:00:00Z,blm_lewistown_Lewistown District,Lewistown,EVI,1744.8547179690277
2017-03-22T06:00:00Z,blm_lewistown_Lewistown District,Lewistown,NDVI,3170.671647763823
2017-03-22T06:00:00Z,blm_missoula_Missoula District,Missoula,EVI,2439.197361496897
2017-03-22T06:00:00Z,blm_missoula_Missoula District,Missoula,NDVI,4616.833939346915
2017-03-22T06:00:00Z,blm_butte_Butte District,Butte,EVI,1826.0304102900186
2017-03-22T06:00:00Z,blm_butte_Butte District,Butte,NDVI,3385.789792645072
2017-03-22T06:00:00Z,blm_dillon_Dillon District,Dillon,EVI,1691.6960839558956
2017-03-22T06:00:00Z,blm_dillon_Dillon District,Dillon,NDVI,2792.686263952849
2017-04-07T06:00:00Z,blm_billings_Billings District,Billings,EVI,2282.7791653617182
2017-04-07T06:00:00Z,blm_billings_Billings District,Billings,NDVI,3955.9942162689636
2017-04-07T06:00:00Z,blm_miles-city_Miles City District,Miles City,EVI,1931.6340153328194
2017-04-07T06:00:00Z,blm_miles-city_Miles City District,Miles City,NDVI,3450.302224325129
2017-04-07T06:00:00Z,blm_malta_Malta District,Malta,EVI,1723.2625752815513
2017-04-07T06:00:00Z,blm_malta_Malta District,Malta,NDVI,2996.4132040854606
2017-04-07T06:00:00Z,blm_lewistown_Lewistown District,Lewistown,EVI,2096.197733727964
2017-04-07T06:00:00Z,blm_lewistown_Lewistown District,Lewistown,NDVI,3674.401667917454
2017-04-07T06:00:00Z,blm_missoula_Missoula District,Missoula,EVI,2570.999012897513
2017-04-07T06:00:00Z,blm_missoula_Missoula District,Missoula,NDVI,5213.524468730877
2017-04-07T06:00:00Z,blm_butte_Butte District,Butte,EVI,2177.9818239233296
2017-04-07T06:00:00Z,blm_butte_Butte District,Butte,NDVI,3904.166046662382
2017-04-07T06:00:00Z,blm_dillon_Dillon District,Dillon,EVI,1833.2054222017912
2017-04-07T06:00:00Z,blm_dillon_Dillon District,Dillon,NDVI,3124.3516068332247
2017-04-23T06:00:00Z,blm_billings_Billings District,Billings,EVI,2588.405036151818
2017-04-23T06:00:00Z,blm_billings_Billings District,Billings,NDVI,4437.571386905719
2017-04-23T06:00:00Z,blm_miles-city_Miles City District,Miles City,EVI,2194.524281788958
2017-04-23T06:00:00Z,blm_miles-city_Miles City District,Miles City,NDVI,3768.491040635034
2017-04-23T06:00:00Z,blm_malta_Malta District,Malta,EVI,2044.1102554960826
2017-04-23T06:00:00Z,blm_malta_Malta District,Malta,NDVI,3429.152099523255
2017-04-23T06:00:00Z,blm_lewistown_Lewistown District,Lewistown,EVI,2557.2930608543475
2017-04-23T06:00:00Z,blm_lewistown_Lewistown District,Lewistown,NDVI,4317.777366009797
2017-04-23T06:00:00Z,blm_missoula_Missoula District,Missoula,EVI,2897.041346918754
2017-04-23T06:00:00Z,blm_missoula_Missoula District,Missoula,NDVI,5756.300074053607
2017-04-23T06:00:00Z,blm_butte_Butte District,Butte,EVI,2520.01311891783
2017-04-23T06:00:00Z,blm_butte_Butte District,Butte,NDVI,4463.330535954918
2017-04-23T06:00:00Z,blm_dillon_Dillon District,Dillon,EVI,2276.0407135093124
2017-04-23T06:00:00Z,blm_dillon_Dillon District,Dillon,NDVI,3757.5192024291887
2017-05-09T06:00:00Z,blm_billings_Billings District,Billings,EVI,3182.6733941127386
2017-05-09T06:00:00Z,blm_billings_Billings District,Billings,NDVI,5191.952934791075
2017-05-09T06:00:00Z,blm_miles-city_Miles City District,Miles City,EVI,2504.8537155502618
2017-05-09T06:00:00Z,blm_miles-city_Miles City District,Miles City,NDVI,4170.005721852713
2017-05-09T06:00:00Z,blm_malta_Malta District,Malta,EVI,2485.7699571209723
2017-05-09T06:00:00Z,blm_malta_Malta District,Malta,NDVI,4092.7848810626756
2017-05-09T06:00:00Z,blm_lewistown_Lewistown District,Lewistown,EVI,3068.3509133133375
2017-05-09T06:00:00Z,blm_lewistown_Lewistown District,Lewistown,NDVI,5190.7984746935745
2017-05-09T06:00:00Z,blm_missoula_Missoula District,Missoula,EVI,2977.3104937520393
2017-05-09T06:00:00Z,blm_missoula_Missoula District,Missoula,NDVI,6293.051613625484
2017-05-09T06:00:00Z,blm_butte_Butte District,Butte,EVI,2698.4417262575716
2017-05-09T06:00:00Z,blm_butte_Butte District,Butte,NDVI,5223.569531053308
2017-05-09T06:00:00Z,blm_dillon_Dillon District,Dillon,EVI,2529.1791389161103
2017-05-09T06:00:00Z,blm_dillon_Dillon District,Dillon,NDVI,4814.909469909917
2017-05-25T06:00:00Z,blm_billings_Billings District,Billings,EVI,3283.044852997787
2017-05-25T06:00:00Z,blm_billings_Billings District,Billings,NDVI,5178.246387162737
2017-05-25T06:00:00Z,blm_miles-city_Miles City District,Miles City,EVI,2403.415211185033
2017-05-25T06:00:00Z,blm_miles-city_Miles City District,Miles City,NDVI,3942.677679386697
2017-05-25T06:00:00Z,blm_malta_Malta District,Malta,EVI,2650.0301182625144
2017-05-25T06:00:00Z,blm_malta_Malta District,Malta,NDVI,4230.62877842011
2017-05-25T06:00:00Z,blm_lewistown_Lewistown District,Lewistown,EVI,3472.877171705272
2017-05-25T06:00:00Z,blm_lewistown_Lewistown District,Lewistown,NDVI,5573.241604668745
2017-05-25T06:00:00Z,blm_missoula_Missoula District,Missoula,EVI,3437.649196410309
2017-05-25T06:00:00Z,blm_missoula_Missoula District,Missoula,NDVI,6619.507849268257
2017-05-25T06:00:00Z,blm_butte_Butte District,Butte,EVI,3258.2047625931395
2017-05-25T06:00:00Z,blm_butte_Butte District,Butte,NDVI,5560.447106601177
2017-05-25T06:00:00Z,blm_dillon_Dillon District,Dillon,EVI,3033.6911794778703
2017-05-25T06:00:00Z,blm_dillon_Dillon District,Dillon,NDVI,5109.404830901377
2017-06-10T06:00:00Z,blm_billings_Billings District,Billings,EVI,2986.1428643271706
2017-06-10T06:00:00Z,blm_billings_Billings District,Billings,NDVI,4847.189219212552
2017-06-10T06:00:00Z,blm_miles-city_Miles City District,Miles City,EVI,2380.756096471481
2017-06-10T06:00:00Z,blm_miles-city_Miles City District,Miles City,NDVI,3945.2175452417546
2017-06-10T06:00:00Z,blm_malta_Malta District,Malta,EVI,2786.5384593532567
2017-06-10T06:00:00Z,blm_malta_Malta District,Malta,NDVI,4346.772891805383
2017-06-10T06:00:00Z,blm_lewistown_Lewistown District,Lewistown,EVI,3503.324745262341
2017-06-10T06:00:00Z,blm_lewistown_Lewistown District,Lewistown,NDVI,5457.774454740651
2017-06-10T06:00:00Z,blm_missoula_Missoula District,Missoula,EVI,3539.984160502217
2017-06-10T06:00:00Z,blm_missoula_Missoula District,Missoula,NDVI,6757.3507778643925
2017-06-10T06:00:00Z,blm_butte_Butte District,Butte,EVI,3190.2766910682285
2017-06-10T06:00:00Z,blm_butte_Butte District,Butte,NDVI,5598.3012393279705
2017-06-10T06:00:00Z,blm_dillon_Dillon District,Dillon,EVI,3073.951908001348
2017-06-10T06:00:00Z,blm_dillon_Dillon District,Dillon,NDVI,5332.634854035301
2017-06-26T06:00:00Z,blm_billings_Billings District,Billings,EVI,2691.7465150410962
2017-06-26T06:00:00Z,blm_billings_Billings District,Billings,NDVI,4420.562871623706
2017-06-26T06:00:00Z,blm_miles-city_Miles City District,Miles City,EVI,2125.2587706216145
2017-06-26T06:00:00Z,blm_miles-city_Miles City District,Miles City,NDVI,3470.11558743492
2017-06-26T06:00:00Z,blm_malta_Malta District,Malta,EVI,2653.124653219999
2017-06-26T06:00:00Z,blm_malta_Malta District,Malta,NDVI,4093.8840692252406
2017-06-26T06:00:00Z,blm_lewistown_Lewistown District,Lewistown,EVI,3162.853902767087
2017-06-26T06:00:00Z,blm_lewistown_Lewistown District,Lewistown,NDVI,5102.110136659443
2017-06-26T06:00:00Z,blm_missoula_Missoula District,Missoula,EVI,3544.6910941667115
2017-06-26T06:00:00Z,blm_missoula_Missoula District,Missoula,NDVI,6815.684168970131
2017-06-26T06:00:00Z,blm_butte_Butte District,Butte,EVI,3068.824624375424
2017-06-26T06:00:00Z,blm_butte_Butte District,Butte,NDVI,5621.038470359568
2017-06-26T06:00:00Z,blm_dillon_Dillon District,Dillon,EVI,3014.1909792558395
2017-06-26T06:00:00Z,blm_dillon_Dillon District,Dillon,NDVI,5341.438941337254
2017-07-12T06:00:00Z,blm_billings_Billings District,Billings,EVI,2222.708432118656
2017-07-12T06:00:00Z,blm_billings_Billings District,Billings,NDVI,3750.2607427423964
2017-07-12T06:00:00Z,blm_miles-city_Miles City District,Miles City,EVI,1849.0340783913514
2017-07-12T06:00:00Z,blm_miles-city_Miles City District,Miles City,NDVI,3003.735960896023
2017-07-12T06:00:00Z,blm_malta_Malta District,Malta,EVI,2247.6986282056196
2017-07-12T06:00:00Z,blm_malta_Malta District,Malta,NDVI,3571.8649433410633
2017-07-12T06:00:00Z,blm_lewistown_Lewistown District,Lewistown,EVI,2680.867503641849
2017-07-12T06:00:00Z,blm_lewistown_Lewistown District,Lewistown,NDVI,4445.7799463616
2017-07-12T06:00:00Z,blm_missoula_Missoula District,Missoula,EVI,3415.213992151405
2017-07-12T06:00:00Z,blm_missoula_Missoula District,Missoula,NDVI,6666.853091970274
2017-07-12T06:00:00Z,blm_butte_Butte District,Butte,EVI,2906.522949677287
2017-07-12T06:00:00Z,blm_butte_Butte District,Butte,NDVI,5418.2090401094665
2017-07-12T06:00:00Z,blm_dillon_Dillon District,Dillon,EVI,2906.7660399936185
2017-07-12T06:00:00Z,blm_dillon_Dillon District,Dillon,NDVI,5152.9151870885
2017-07-28T06:00:00Z,blm_billings_Billings District,Billings,EVI,2056.066197772145
2017-07-28T06:00:00Z,blm_billings_Billings District,Billings,NDVI,3361.443586074014
2017-07-28T06:00:00Z,blm_miles-city_Miles City District,Miles City,EVI,1759.2319262963686
2017-07-28T06:00:00Z,blm_miles-city_Miles City District,Miles City,NDVI,2823.647996872327
2017-07-28T06:00:00Z,blm_malta_Malta District,Malta,EVI,1994.7745422891192
2017-07-28T06:00:00Z,blm_malta_Malta District,Malta,NDVI,3054.6272240477574
2017-07-28T06:00:00Z,blm_lewistown_Lewistown District,Lewistown,EVI,2336.0409964164783
2017-07-28T06:00:00Z,blm_lewistown_Lewistown District,Lewistown,NDVI,3795.5413030195677
2017-07-28T06:00:00Z,blm_missoula_Missoula District,Missoula,EVI,3328.282794291688
2017-07-28T06:00:00Z,blm_missoula_Missoula District,Missoula,NDVI,6205.695132900757
2017-07-28T06:00:00Z,blm_butte_Butte District,Butte,EVI,2680.6181221067723
2017-07-28T06:00:00Z,blm_butte_Butte District,Butte,NDVI,4873.712429199775
2017-07-28T06:00:00Z,blm_dillon_Dillon District,Dillon,EVI,2566.4210121977894
2017-07-28T06:00:00Z,blm_dillon_Dillon District,Dillon,NDVI,4735.642612893972
2017-08-13T06:00:00Z,blm_billings_Billings District,Billings,EVI,1891.534351224359
2017-08-13T06:00:00Z,blm_billings_Billings District,Billings,NDVI,3171.161198946711
2017-08-13T06:00:00Z,blm_miles-city_Miles City District,Miles City,EVI,1665.9448903219666
2017-08-13T06:00:00Z,blm_miles-city_Miles City District,Miles City,NDVI,2731.638239014683
2017-08-13T06:00:00Z,blm_malta_Malta District,Malta,EVI,1798.070786387022
2017-08-13T06:00:00Z,blm_malta_Malta District,Malta,NDVI,2808.7349859981514
2017-08-13T06:00:00Z,blm_lewistown_Lewistown District,Lewistown,EVI,2128.463555991227
2017-08-13T06:00:00Z,blm_lewistown_Lewistown District,Lewistown,NDVI,3563.906807481465
2017-08-13T06:00:00Z,blm_missoula_Missoula District,Missoula,EVI,2870.529585486427
2017-08-13T06:00:00Z,blm_missoula_Missoula District,Missoula,NDVI,6309.579923198731
2017-08-13T06:00:00Z,blm_butte_Butte District,Butte,EVI,2389.718124743606
2017-08-13T06:00:00Z,blm_butte_Butte District,Butte,NDVI,4674.765542109823
2017-08-13T06:00:00Z,blm_dillon_Dillon District,Dillon,EVI,2344.142745478055
2017-08-13T06:00:00Z,blm_dillon_Dillon District,Dillon,NDVI,4416.647934096261
2017-08-29T06:00:00Z,blm_billings_Billings District,Billings,EVI,1776.7289488266033
2017-08-29T06:00:00Z,blm_billings_Billings District,Billings,NDVI,2993.0932470698617
2017-08-29T06:00:00Z,blm_miles-city_Miles City District,Miles City,EVI,1537.693406738423
2017-08-29T06:00:00Z,blm_miles-city_Miles City District,Miles City,NDVI,2510.9723160328685
2017-08-29T06:00:00Z,blm_malta_Malta District,Malta,EVI,1607.7848428521045
2017-08-29T06:00:00Z,blm_malta_Malta District,Malta,NDVI,2518.288087457351
2017-08-29T06:00:00Z,blm_lewistown_Lewistown District,Lewistown,EVI,1888.8860841334472
2017-08-29T06:00:00Z,blm_lewistown_Lewistown District,Lewistown,NDVI,3277.760079406221
2017-08-29T06:00:00Z,blm_missoula_Missoula District,Missoula,EVI,2808.0477236812467
2017-08-29T06:00:00Z,blm_missoula_Missoula District,Missoula,NDVI,6156.616592976897
2017-08-29T06:00:00Z,blm_butte_Butte District,Butte,EVI,2278.802665248528
2017-08-29T06:00:00Z,blm_butte_Butte District,Butte,NDVI,4384.6904543183
2017-08-29T06:00:00Z,blm_dillon_Dillon District,Dillon,EVI,2237.806027854785
2017-08-29T06:00:00Z,blm_dillon_Dillon District,Dillon,NDVI,4079.783752838164
2017-09-14T06:00:00Z,blm_billings_Billings District,Billings,EVI,1681.0905810644567
2017-09-14T06:00:00Z,blm_billings_Billings District,Billings,NDVI,3041.3024071138266
2017-09-14T06:00:00Z,blm_miles-city_Miles City District,Miles City,EVI,1436.351203777404
2017-09-14T06:00:00Z,blm_miles-city_Miles City District,Miles City,NDVI,2654.294755048039
2017-09-14T06:00:00Z,blm_malta_Malta District,Malta,EVI,1504.320689113001
2017-09-14T06:00:00Z,blm_malta_Malta District,Malta,NDVI,2489.0473418148567
2017-09-14T06:00:00Z,blm_lewistown_Lewistown District,Lewistown,EVI,1713.5798683589778
2017-09-14T06:00:00Z,blm_lewistown_Lewistown District,Lewistown,NDVI,3234.7709661711333
2017-09-14T06:00:00Z,blm_missoula_Missoula District,Missoula,EVI,2452.321733460668
2017-09-14T06:00:00Z,blm_missoula_Missoula District,Missoula,NDVI,5937.555650805501
2017-09-14T06:00:00Z,blm_butte_Butte District,Butte,EVI,1994.1477761933777
2017-09-14T06:00:00Z,blm_butte_Butte District,Butte,NDVI,4254.428196600384
2017-09-14T06:00:00Z,blm_dillon_Dillon District,Dillon,EVI,1900.606001104068
2017-09-14T06:00:00Z,blm_dillon_Dillon District,Dillon,NDVI,3881.15818207311
2017-09-30T06:00:00Z,blm_billings_Billings District,Billings,EVI,1751.1405933553363
2017-09-30T06:00:00Z,blm_billings_Billings District,Billings,NDVI,3256.163388916192
2017-09-30T06:00:00Z,blm_miles-city_Miles City District,Miles City,EVI,1480.9026553756019
2017-09-30T06:00:00Z,blm_miles-city_Miles City District,Miles City,NDVI,2856.8048933049104
2017-09-30T06:00:00Z,blm_malta_Malta District,Malta,EVI,1371.0054598093877
2017-09-30T06:00:00Z,blm_malta_Malta District,Malta,NDVI,2333.209806113747
2017-09-30T06:00:00Z,blm_lewistown_Lewistown District,Lewistown,EVI,1699.2694868609772
2017-09-30T06:00:00Z,blm_lewistown_Lewistown District,Lewistown,NDVI,3099.7048744663875
2017-09-30T06:00:00Z,blm_missoula_Missoula District,Missoula,EVI,2661.465864484626
2017-09-30T06:00:00Z,blm_missoula_Missoula District,Missoula,NDVI,5977.04068163658
2017-09-30T06:00:00Z,blm_butte_Butte District,Butte,EVI,2060.825120277204
2017-09-30T06:00:00Z,blm_butte_Butte District,Butte,NDVI,4194.785658355556
2017-09-30T06:00:00Z,blm_dillon_Dillon District,Dillon,EVI,1872.096478542292
2017-09-30T06:00:00Z,blm_dillon_Dillon District,Dillon,NDVI,3759.51756911395
2017-10-16T06:00:00Z,blm_billings_Billings District,Billings,EVI,1694.8106059231575
2017-10-16T06:00:00Z,blm_billings_Billings District,Billings,NDVI,3158.0839702847634
2017-10-16T06:00:00Z,blm_miles-city_Miles City District,Miles City,EVI,1486.9557776680708
2017-10-16T06:00:00Z,blm_miles-city_Miles City District,Miles City,NDVI,2742.753436889482
2017-10-16T06:00:00Z,blm_malta_Malta District,Malta,EVI,1370.2430803280345
2017-10-16T06:00:00Z,blm_malta_Malta District,Malta,NDVI,2313.7377796747223
2017-10-16T06:00:00Z,blm_lewistown_Lewistown District,Lewistown,EVI,1734.2428871689654
2017-10-16T06:00:00Z,blm_lewistown_Lewistown District,Lewistown,NDVI,3270.1379479585635
2017-10-16T06:00:00Z,blm_missoula_Missoula District,Missoula,EVI,2237.227911726352
2017-10-16T06:00:00Z,blm_missoula_Missoula District,Missoula,NDVI,5569.328496222642
2017-10-16T06:00:00Z,blm_butte_Butte District,Butte,EVI,1822.4608038147765
2017-10-16T06:00:00Z,blm_butte_Butte District,Butte,NDVI,4232.25461295994
2017-10-16T06:00:00Z,blm_dillon_Dillon District,Dillon,EVI,1721.919373764332
2017-10-16T06:00:00Z,blm_dillon_Dillon District,Dillon,NDVI,3747.299184131428
2017-11-01T06:00:00Z,blm_billings_Billings District,Billings,EVI,1708.2001871466434
2017-11-01T06:00:00Z,blm_billings_Billings District,Billings,NDVI,3038.542883656826
2017-11-01T06:00:00Z,blm_miles-city_Miles City District,Miles City,EVI,1486.8721722598448
2017-11-01T06:00:00Z,blm_miles-city_Miles City District,Miles City,NDVI,2737.630185197223
2017-11-01T06:00:00Z,blm_malta_Malta District,Malta,EVI,1407.3879186720926
2017-11-01T06:00:00Z,blm_malta_Malta District,Malta,NDVI,2276.467025084845
2017-11-01T06:00:00Z,blm_lewistown_Lewistown District,Lewistown,EVI,1518.0327376998048
2017-11-01T06:00:00Z,blm_lewistown_Lewistown District,Lewistown,NDVI,2439.225314370986
2017-11-01T06:00:00Z,blm_missoula_Missoula District,Missoula,EVI,1954.19
2017-11-01T06:00:00Z,blm_missoula_Missoula District,Missoula,NDVI,4420.324909090909
2017-11-01T06:00:00Z,blm_butte_Butte District,Butte,EVI,1526.7058823529412
2017-11-01T06:00:00Z,blm_butte_Butte District,Butte,NDVI,2801.205882352941
2017-11-01T06:00:00Z,blm_dillon_Dillon District,Dillon,EVI,1548.5656608526028
2017-11-01T06:00:00Z,blm_dillon_Dillon District,Dillon,NDVI,2539.219732954914
2017-11-17T07:00:00Z,blm_billings_Billings District,Billings,EVI,1514.939114779538
2017-11-17T07:00:00Z,blm_billings_Billings District,Billings,NDVI,2887.242782364133
2017-11-17T07:00:00Z,blm_miles-city_Miles City District,Miles City,EVI,1345.3800458512526
2017-11-17T07:00:00Z,blm_miles-city_Miles City District,Miles City,NDVI,2551.648614999282
2017-11-17T07:00:00Z,blm_malta_Malta District,Malta,EVI,1274.3673783935164
2017-11-17T07:00:00Z,blm_malta_Malta District,Malta,NDVI,2180.4658875312025
2017-11-17T07:00:00Z,blm_lewistown_Lewistown District,Lewistown,EVI,1597.9929102453505
2017-11-17T07:00:00Z,blm_lewistown_Lewistown District,Lewistown,NDVI,2916.231584578264
2017-11-17T07:00:00Z,blm_missoula_Missoula District,Missoula,EVI,2177.3704931111097
2017-11-17T07:00:00Z,blm_missoula_Missoula District,Missoula,NDVI,5027.634955970198
2017-11-17T07:00:00Z,blm_butte_Butte District,Butte,EVI,1611.9082363790103
2017-11-17T07:00:00Z,blm_butte_Butte District,Butte,NDVI,3354.3175804053512
2017-11-17T07:00:00Z,blm_dillon_Dillon District,Dillon,EVI,1429.102896544753
2017-11-17T07:00:00Z,blm_dillon_Dillon District,Dillon,NDVI,2724.104291424554
2017-12-03T07:00:00Z,blm_billings_Billings District,Billings,EVI,1417.0137107754679
2017-12-03T07:00:00Z,blm_billings_Billings District,Billings,NDVI,2653.451317516883
2017-12-03T07:00:00Z,blm_miles-city_Miles City District,Miles City,EVI,1323.6391742867615
2017-12-03T07:00:00Z,blm_miles-city_Miles City District,Miles City,NDVI,2425.85397887934
2017-12-03T07:00:00Z,blm_malta_Malta District,Malta,EVI,1227.0174528138843
2017-12-03T07:00:00Z,blm_malta_Malta District,Malta,NDVI,2087.292939885321
2017-12-03T07:00:00Z,blm_lewistown_Lewistown District,Lewistown,EVI,1462.2125100069472
2017-12-03T07:00:00Z,blm_lewistown_Lewistown District,Lewistown,NDVI,2478.4527600406514
2017-12-03T07:00:00Z,blm_missoula_Missoula District,Missoula,EVI,2006.56728511669
2017-12-03T07:00:00Z,blm_missoula_Missoula District,Missoula,NDVI,5031.221408377433
2017-12-03T07:00:00Z,blm_butte_Butte District,Butte,EVI,1425.7753953286583
2017-12-03T07:00:00Z,blm_butte_Butte District,Butte,NDVI,2459.137878063465
2017-12-03T07:00:00Z,blm_dillon_Dillon District,Dillon,EVI,1356.0398370303305
2017-12-03T07:00:00Z,blm_dillon_Dillon District,Dillon,NDVI,2280.6717971933003
2017-12-19T07:00:00Z,blm_billings_Billings District,Billings,EVI,NA
2017-12-19T07:00:00Z,blm_billings_Billings District,Billings,NDVI,NA
2017-12-19T07:00:00Z,blm_miles-city_Miles City District,Miles City,EVI,1471.6587303736474
2017-12-19T07:00:00Z,blm_miles-city_Miles City District,Miles City,NDVI,2505.841803173497
2017-12-19T07:00:00Z,blm_malta_Malta District,Malta,EVI,NA
2017-12-19T07:00:00Z,blm_malta_Malta District,Malta,NDVI,NA
2017-12-19T07:00:00Z,blm_lewistown_Lewistown District,Lewistown,EVI,NA
2017-12-19T07:00:00Z,blm_lewistown_Lewistown District,Lewistown,NDVI,NA
2017-12-19T07:00:00Z,blm_missoula_Missoula District,Missoula,EVI,NA
2017-12-19T07:00:00Z,blm_missoula_Missoula District,Missoula,NDVI,NA
2017-12-19T07:00:00Z,blm_butte_Butte District,Butte,EVI,NA
2017-12-19T07:00:00Z,blm_butte_Butte District,Butte,NDVI,NA
2017-12-19T07:00:00Z,blm_dillon_Dillon District,Dillon,EVI,NA
2017-12-19T07:00:00Z,blm_dillon_Dillon District,Dillon,NDVI,NA
2018-01-01T07:00:00Z,blm_billings_Billings District,Billings,EVI,1152.8181818181818
2018-01-01T07:00:00Z,blm_billings_Billings District,Billings,NDVI,1952
2018-01-01T07:00:00Z,blm_miles-city_Miles City District,Miles City,EVI,NA
2018-01-01T07:00:00Z,blm_miles-city_Miles City District,Miles City,NDVI,NA
2018-01-01T07:00:00Z,blm_malta_Malta District,Malta,EVI,NA
2018-01-01T07:00:00Z,blm_malta_Malta District,Malta,NDVI,NA
2018-01-01T07:00:00Z,blm_lewistown_Lewistown District,Lewistown,EVI,1242.52734375
2018-01-01T07:00:00Z,blm_lewistown_Lewistown District,Lewistown,NDVI,2054.4375
2018-01-01T07:00:00Z,blm_missoula_Missoula District,Missoula,EVI,1838.081362346263
2018-01-01T07:00:00Z,blm_missoula_Missoula District,Missoula,NDVI,3647.426679280984
2018-01-01T07:00:00Z,blm_butte_Butte District,Butte,EVI,1505.7829356565458
2018-01-01T07:00:00Z,blm_butte_Butte District,Butte,NDVI,2350.95665648094
2018-01-01T07:00:00Z,blm_dillon_Dillon District,Dillon,EVI,1509.4823964395346
2018-01-01T07:00:00Z,blm_dillon_Dillon District,Dillon,NDVI,2343.001449652233
2018-01-17T07:00:00Z,blm_billings_Billings District,Billings,EVI,1373.7359735973598
2018-01-17T07:00:00Z,blm_billings_Billings District,Billings,NDVI,2196.930693069307
2018-01-17T07:00:00Z,blm_miles-city_Miles City District,Miles City,EVI,990.4601769911504
2018-01-17T07:00:00Z,blm_miles-city_Miles City District,Miles City,NDVI,1887.9026548672566
2018-01-17T07:00:00Z,blm_malta_Malta District,Malta,EVI,1123.0723830576767
2018-01-17T07:00:00Z,blm_malta_Malta District,Malta,NDVI,1743.2316343085754
2018-01-17T07:00:00Z,blm_lewistown_Lewistown District,Lewistown,EVI,1275.5701340098087
2018-01-17T07:00:00Z,blm_lewistown_Lewistown District,Lewistown,NDVI,2014.2934101230533
2018-01-17T07:00:00Z,blm_missoula_Missoula District,Missoula,EVI,1378.315634218289
2018-01-17T07:00:00Z,blm_missoula_Missoula District,Missoula,NDVI,3465.6843657817108
2018-01-17T07:00:00Z,blm_butte_Butte District,Butte,EVI,1456.2756934978079
2018-01-17T07:00:00Z,blm_butte_Butte District,Butte,NDVI,2182.4277627435044
2018-01-17T07:00:00Z,blm_dillon_Dillon District,Dillon,EVI,1628.4355262402014
2018-01-17T07:00:00Z,blm_dillon_Dillon District,Dillon,NDVI,2255.205874212063
2018-02-02T07:00:00Z,blm_billings_Billings District,Billings,EVI,482
2018-02-02T07:00:00Z,blm_billings_Billings District,Billings,NDVI,1300.157894736842
2018-02-02T07:00:00Z,blm_miles-city_Miles City District,Miles City,EVI,NA
2018-02-02T07:00:00Z,blm_miles-city_Miles City District,Miles City,NDVI,NA
2018-02-02T07:00:00Z,blm_malta_Malta District,Malta,EVI,NA
2018-02-02T07:00:00Z,blm_malta_Malta District,Malta,NDVI,NA
2018-02-02T07:00:00Z,blm_lewistown_Lewistown District,Lewistown,EVI,1499.7890267798825
2018-02-02T07:00:00Z,blm_lewistown_Lewistown District,Lewistown,NDVI,2112.8275636838666
2018-02-02T07:00:00Z,blm_missoula_Missoula District,Missoula,EVI,1996.7104930241708
2018-02-02T07:00:00Z,blm_missoula_Missoula District,Missoula,NDVI,4698.655417275739
2018-02-02T07:00:00Z,blm_butte_Butte District,Butte,EVI,NA
2018-02-02T07:00:00Z,blm_butte_Butte District,Butte,NDVI,NA
2018-02-02T07:00:00Z,blm_dillon_Dillon District,Dillon,EVI,1264.762077294686
2018-02-02T07:00:00Z,blm_dillon_Dillon District,Dillon,NDVI,2109.419685990338
2018-02-18T07:00:00Z,blm_billings_Billings District,Billings,EVI,NA
2018-02-18T07:00:00Z,blm_billings_Billings District,Billings,NDVI,NA
2018-02-18T07:00:00Z,blm_miles-city_Miles City District,Miles City,EVI,NA
2018-02-18T07:00:00Z,blm_miles-city_Miles City District,Miles City,NDVI,NA
2018-02-18T07:00:00Z,blm_malta_Malta District,Malta,EVI,NA
2018-02-18T07:00:00Z,blm_malta_Malta District,Malta,NDVI,NA
2018-02-18T07:00:00Z,blm_lewistown_Lewistown District,Lewistown,EVI,NA
2018-02-18T07:00:00Z,blm_lewistown_Lewistown District,Lewistown,NDVI,NA
2018-02-18T07:00:00Z,blm_missoula_Missoula District,Missoula,EVI,2654.25
2018-02-18T07:00:00Z,blm_missoula_Missoula District,Missoula,NDVI,4995.25
2018-02-18T07:00:00Z,blm_butte_Butte District,Butte,EVI,NA
2018-02-18T07:00:00Z,blm_butte_Butte District,Butte,NDVI,NA
2018-02-18T07:00:00Z,blm_dillon_Dillon District,Dillon,EVI,NA
2018-02-18T07:00:00Z,blm_dillon_Dillon District,Dillon,NDVI,NA
2018-03-06T07:00:00Z,blm_billings_Billings District,Billings,EVI,1145.6365002553382
2018-03-06T07:00:00Z,blm_billings_Billings District,Billings,NDVI,2069.6879642265385
2018-03-06T07:00:00Z,blm_miles-city_Miles City District,Miles City,EVI,1029.82
2018-03-06T07:00:00Z,blm_miles-city_Miles City District,Miles City,NDVI,1881.01
2018-03-06T07:00:00Z,blm_malta_Malta District,Malta,EVI,NA
2018-03-06T07:00:00Z,blm_malta_Malta District,Malta,NDVI,NA
2018-03-06T07:00:00Z,blm_lewistown_Lewistown District,Lewistown,EVI,1217.9075982716067
2018-03-06T07:00:00Z,blm_lewistown_Lewistown District,Lewistown,NDVI,2030.9337340677314
2018-03-06T07:00:00Z,blm_missoula_Missoula District,Missoula,EVI,1850.6746589677875
2018-03-06T07:00:00Z,blm_missoula_Missoula District,Missoula,NDVI,3700.318415957044
2018-03-06T07:00:00Z,blm_butte_Butte District,Butte,EVI,1293.6312441167959
2018-03-06T07:00:00Z,blm_butte_Butte District,Butte,NDVI,2136.3678462492317
2018-03-06T07:00:00Z,blm_dillon_Dillon District,Dillon,EVI,1319.1155570914495
2018-03-06T07:00:00Z,blm_dillon_Dillon District,Dillon,NDVI,1974.632303743579
2018-03-22T06:00:00Z,blm_billings_Billings District,Billings,EVI,1287.2672233940411
2018-03-22T06:00:00Z,blm_billings_Billings District,Billings,NDVI,2286.979661126678
2018-03-22T06:00:00Z,blm_miles-city_Miles City District,Miles City,EVI,1038.2126452407156
2018-03-22T06:00:00Z,blm_miles-city_Miles City District,Miles City,NDVI,1968.3001844648766
2018-03-22T06:00:00Z,blm_malta_Malta District,Malta,EVI,1063.0475760502638
2018-03-22T06:00:00Z,blm_malta_Malta District,Malta,NDVI,1812.3101881711157
2018-03-22T06:00:00Z,blm_lewistown_Lewistown District,Lewistown,EVI,1133.0282347377488
2018-03-22T06:00:00Z,blm_lewistown_Lewistown District,Lewistown,NDVI,1964.7482547301174
2018-03-22T06:00:00Z,blm_missoula_Missoula District,Missoula,EVI,2032.381450340319
2018-03-22T06:00:00Z,blm_missoula_Missoula District,Missoula,NDVI,3829.620231405243
2018-03-22T06:00:00Z,blm_butte_Butte District,Butte,EVI,1265.2478738090035
2018-03-22T06:00:00Z,blm_butte_Butte District,Butte,NDVI,2222.747197283528
2018-03-22T06:00:00Z,blm_dillon_Dillon District,Dillon,EVI,1213.597233153072
2018-03-22T06:00:00Z,blm_dillon_Dillon District,Dillon,NDVI,2082.997960517813
2018-04-07T06:00:00Z,blm_billings_Billings District,Billings,EVI,1564.7807189003797
2018-04-07T06:00:00Z,blm_billings_Billings District,Billings,NDVI,2813.6474395999626
2018-04-07T06:00:00Z,blm_miles-city_Miles City District,Miles City,EVI,1233.3828407037727
2018-04-07T06:00:00Z,blm_miles-city_Miles City District,Miles City,NDVI,2302.1256505252018
2018-04-07T06:00:00Z,blm_malta_Malta District,Malta,EVI,1085.5581247152927
2018-04-07T06:00:00Z,blm_malta_Malta District,Malta,NDVI,1960.7381736799464
2018-04-07T06:00:00Z,blm_lewistown_Lewistown District,Lewistown,EVI,1393.3029781749005
2018-04-07T06:00:00Z,blm_lewistown_Lewistown District,Lewistown,NDVI,2497.7831130551713
2018-04-07T06:00:00Z,blm_missoula_Missoula District,Missoula,EVI,2376.8199507759155
2018-04-07T06:00:00Z,blm_missoula_Missoula District,Missoula,NDVI,4848.685836971674
2018-04-07T06:00:00Z,blm_butte_Butte District,Butte,EVI,1531.342580508097
2018-04-07T06:00:00Z,blm_butte_Butte District,Butte,NDVI,2727.835144938976
2018-04-07T06:00:00Z,blm_dillon_Dillon District,Dillon,EVI,1495.8845819091002
2018-04-07T06:00:00Z,blm_dillon_Dillon District,Dillon,NDVI,2445.439701270148
2018-04-23T06:00:00Z,blm_billings_Billings District,Billings,EVI,2051.7270465818374
2018-04-23T06:00:00Z,blm_billings_Billings District,Billings,NDVI,3566.520638750199
2018-04-23T06:00:00Z,blm_miles-city_Miles City District,Miles City,EVI,1866.347354788673
2018-04-23T06:00:00Z,blm_miles-city_Miles City District,Miles City,NDVI,3179.786847894862
2018-04-23T06:00:00Z,blm_malta_Malta District,Malta,EVI,1425.1478533298764
2018-04-23T06:00:00Z,blm_malta_Malta District,Malta,NDVI,2482.1521836628554
2018-04-23T06:00:00Z,blm_lewistown_Lewistown District,Lewistown,EVI,1830.542726833273
2018-04-23T06:00:00Z,blm_lewistown_Lewistown District,Lewistown,NDVI,3254.9039013384017
2018-04-23T06:00:00Z,blm_missoula_Missoula District,Missoula,EVI,2477.9104408418248
2018-04-23T06:00:00Z,blm_missoula_Missoula District,Missoula,NDVI,5479.093083424309
2018-04-23T06:00:00Z,blm_butte_Butte District,Butte,EVI,1935.9698690157213
2018-04-23T06:00:00Z,blm_butte_Butte District,Butte,NDVI,3875.1951194232865
2018-04-23T06:00:00Z,blm_dillon_Dillon District,Dillon,EVI,1935.4247869044825
2018-04-23T06:00:00Z,blm_dillon_Dillon District,Dillon,NDVI,3667.8249392882326
2018-05-09T06:00:00Z,blm_billings_Billings District,Billings,EVI,3000.6825971174203
2018-05-09T06:00:00Z,blm_billings_Billings District,Billings,NDVI,5052.492658884817
2018-05-09T06:00:00Z,blm_miles-city_Miles City District,Miles City,EVI,2635.0117039420147
2018-05-09T06:00:00Z,blm_miles-city_Miles City District,Miles City,NDVI,4384.781828043501
2018-05-09T06:00:00Z,blm_malta_Malta District,Malta,EVI,2094.1906510085996
2018-05-09T06:00:00Z,blm_malta_Malta District,Malta,NDVI,3539.9074119370152
2018-05-09T06:00:00Z,blm_lewistown_Lewistown District,Lewistown,EVI,2672.014180915998
2018-05-09T06:00:00Z,blm_lewistown_Lewistown District,Lewistown,NDVI,4598.875747617913
2018-05-09T06:00:00Z,blm_missoula_Missoula District,Missoula,EVI,3129.5136085898416
2018-05-09T06:00:00Z,blm_missoula_Missoula District,Missoula,NDVI,6179.990648590781
2018-05-09T06:00:00Z,blm_butte_Butte District,Butte,EVI,2598.127565376841
2018-05-09T06:00:00Z,blm_butte_Butte District,Butte,NDVI,4804.151228834478
2018-05-09T06:00:00Z,blm_dillon_Dillon District,Dillon,EVI,2284.6474064162553
2018-05-09T06:00:00Z,blm_dillon_Dillon District,Dillon,NDVI,4212.788534127859
2018-05-25T06:00:00Z,blm_billings_Billings District,Billings,EVI,3470.9571144242486
2018-05-25T06:00:00Z,blm_billings_Billings District,Billings,NDVI,5706.6645850853965
2018-05-25T06:00:00Z,blm_miles-city_Miles City District,Miles City,EVI,2965.245853042671
2018-05-25T06:00:00Z,blm_miles-city_Miles City District,Miles City,NDVI,4955.855500899303
2018-05-25T06:00:00Z,blm_malta_Malta District,Malta,EVI,2552.6192195906756
2018-05-25T06:00:00Z,blm_malta_Malta District,Malta,NDVI,4125.761760779535
2018-05-25T06:00:00Z,blm_lewistown_Lewistown District,Lewistown,EVI,3456.9073396881026
2018-05-25T06:00:00Z,blm_lewistown_Lewistown District,Lewistown,NDVI,5645.324688787214
2018-05-25T06:00:00Z,blm_missoula_Missoula District,Missoula,EVI,3478.0382449936646
2018-05-25T06:00:00Z,blm_missoula_Missoula District,Missoula,NDVI,6548.794400940419
2018-05-25T06:00:00Z,blm_butte_Butte District,Butte,EVI,3173.4608202393647
2018-05-25T06:00:00Z,blm_butte_Butte District,Butte,NDVI,5762.913568582331
2018-05-25T06:00:00Z,blm_dillon_Dillon District,Dillon,EVI,2941.72502849747
2018-05-25T06:00:00Z,blm_dillon_Dillon District,Dillon,NDVI,5404.715293064681
2018-06-10T06:00:00Z,blm_billings_Billings District,Billings,EVI,3734.0109531619696
2018-06-10T06:00:00Z,blm_billings_Billings District,Billings,NDVI,5942.974837271119
2018-06-10T06:00:00Z,blm_miles-city_Miles City District,Miles City,EVI,3368.6309492894693
2018-06-10T06:00:00Z,blm_miles-city_Miles City District,Miles City,NDVI,5213.891283234333
2018-06-10T06:00:00Z,blm_malta_Malta District,Malta,EVI,2873.434220629475
2018-06-10T06:00:00Z,blm_malta_Malta District,Malta,NDVI,4579.597656331333
2018-06-10T06:00:00Z,blm_lewistown_Lewistown District,Lewistown,EVI,3812.2291500114866
2018-06-10T06:00:00Z,blm_lewistown_Lewistown District,Lewistown,NDVI,5999.5519763391885
2018-06-10T06:00:00Z,blm_missoula_Missoula District,Missoula,EVI,3516.0054190771752
2018-06-10T06:00:00Z,blm_missoula_Missoula District,Missoula,NDVI,6778.900870476724
2018-06-10T06:00:00Z,blm_butte_Butte District,Butte,EVI,3198.830580945068
2018-06-10T06:00:00Z,blm_butte_Butte District,Butte,NDVI,6072.413466143337
2018-06-10T06:00:00Z,blm_dillon_Dillon District,Dillon,EVI,3043.3184992912516
2018-06-10T06:00:00Z,blm_dillon_Dillon District,Dillon,NDVI,5904.903312572353
2018-06-26T06:00:00Z,blm_billings_Billings District,Billings,EVI,3447.226067319811
2018-06-26T06:00:00Z,blm_billings_Billings District,Billings,NDVI,5610.351054295766
2018-06-26T06:00:00Z,blm_miles-city_Miles City District,Miles City,EVI,3145.647999869847
2018-06-26T06:00:00Z,blm_miles-city_Miles City District,Miles City,NDVI,5196.360142322905
2018-06-26T06:00:00Z,blm_malta_Malta District,Malta,EVI,3053.5748169154062
2018-06-26T06:00:00Z,blm_malta_Malta District,Malta,NDVI,4804.298828227271
2018-06-26T06:00:00Z,blm_lewistown_Lewistown District,Lewistown,EVI,3683.3584624998252
2018-06-26T06:00:00Z,blm_lewistown_Lewistown District,Lewistown,NDVI,6028.431432239527
2018-06-26T06:00:00Z,blm_missoula_Missoula District,Missoula,EVI,3486.9805264484
2018-06-26T06:00:00Z,blm_missoula_Missoula District,Missoula,NDVI,6767.199192899311
2018-06-26T06:00:00Z,blm_butte_Butte District,Butte,EVI,3325.2098881208112
2018-06-26T06:00:00Z,blm_butte_Butte District,Butte,NDVI,6191.332237383271
2018-06-26T06:00:00Z,blm_dillon_Dillon District,Dillon,EVI,3148.84647530861
2018-06-26T06:00:00Z,blm_dillon_Dillon District,Dillon,NDVI,5865.931989682594
2018-07-12T06:00:00Z,blm_billings_Billings District,Billings,EVI,2972.616415045892
2018-07-12T06:00:00Z,blm_billings_Billings District,Billings,NDVI,4975.623034112362
2018-07-12T06:00:00Z,blm_miles-city_Miles City District,Miles City,EVI,2765.8480320486287
2018-07-12T06:00:00Z,blm_miles-city_Miles City District,Miles City,NDVI,4549.1674467915545
2018-07-12T06:00:00Z,blm_malta_Malta District,Malta,EVI,2520.6835802297314
2018-07-12T06:00:00Z,blm_malta_Malta District,Malta,NDVI,4097.40189673078
2018-07-12T06:00:00Z,blm_lewistown_Lewistown District,Lewistown,EVI,3144.272942328296
2018-07-12T06:00:00Z,blm_lewistown_Lewistown District,Lewistown,NDVI,5310.946895543084
2018-07-12T06:00:00Z,blm_missoula_Missoula District,Missoula,EVI,3387.0373639222007
2018-07-12T06:00:00Z,blm_missoula_Missoula District,Missoula,NDVI,6659.578008969763
2018-07-12T06:00:00Z,blm_butte_Butte District,Butte,EVI,3110.326527845077
2018-07-12T06:00:00Z,blm_butte_Butte District,Butte,NDVI,5838.27668996817
2018-07-12T06:00:00Z,blm_dillon_Dillon District,Dillon,EVI,2898.570763928993
2018-07-12T06:00:00Z,blm_dillon_Dillon District,Dillon,NDVI,5330.724119558535
2018-07-28T06:00:00Z,blm_billings_Billings District,Billings,EVI,2550.5737472364767
2018-07-28T06:00:00Z,blm_billings_Billings District,Billings,NDVI,4362.03170009716
2018-07-28T06:00:00Z,blm_miles-city_Miles City District,Miles City,EVI,2248.4855368956173
2018-07-28T06:00:00Z,blm_miles-city_Miles City District,Miles City,NDVI,3743.413565443146
2018-07-28T06:00:00Z,blm_malta_Malta District,Malta,EVI,2071.074729209511
2018-07-28T06:00:00Z,blm_malta_Malta District,Malta,NDVI,3348.932631183817
2018-07-28T06:00:00Z,blm_lewistown_Lewistown District,Lewistown,EVI,2645.290170211057
2018-07-28T06:00:00Z,blm_lewistown_Lewistown District,Lewistown,NDVI,4416.950804955316
2018-07-28T06:00:00Z,blm_missoula_Missoula District,Missoula,EVI,3244.5989985895903
2018-07-28T06:00:00Z,blm_missoula_Missoula District,Missoula,NDVI,6483.281726094078
2018-07-28T06:00:00Z,blm_butte_Butte District,Butte,EVI,2863.13601487646
2018-07-28T06:00:00Z,blm_butte_Butte District,Butte,NDVI,5315.748680722392
2018-07-28T06:00:00Z,blm_dillon_Dillon District,Dillon,EVI,2634.6955785259083
2018-07-28T06:00:00Z,blm_dillon_Dillon District,Dillon,NDVI,4773.190276079434
2018-08-13T06:00:00Z,blm_billings_Billings District,Billings,EVI,2547.3108854221223
2018-08-13T06:00:00Z,blm_billings_Billings District,Billings,NDVI,4271.453439776991
2018-08-13T06:00:00Z,blm_miles-city_Miles City District,Miles City,EVI,2135.1512588757764
2018-08-13T06:00:00Z,blm_miles-city_Miles City District,Miles City,NDVI,3332.83541399252
2018-08-13T06:00:00Z,blm_malta_Malta District,Malta,EVI,1934.6079228757253
2018-08-13T06:00:00Z,blm_malta_Malta District,Malta,NDVI,2989.098234417673
2018-08-13T06:00:00Z,blm_lewistown_Lewistown District,Lewistown,EVI,2361.451948592136
2018-08-13T06:00:00Z,blm_lewistown_Lewistown District,Lewistown,NDVI,4103.687591339914
2018-08-13T06:00:00Z,blm_missoula_Missoula District,Missoula,EVI,2902.889353893763
2018-08-13T06:00:00Z,blm_missoula_Missoula District,Missoula,NDVI,6194.469079550937
2018-08-13T06:00:00Z,blm_butte_Butte District,Butte,EVI,2499.480998152549
2018-08-13T06:00:00Z,blm_butte_Butte District,Butte,NDVI,4954.277764805508
2018-08-13T06:00:00Z,blm_dillon_Dillon District,Dillon,EVI,2343.7410114641966
2018-08-13T06:00:00Z,blm_dillon_Dillon District,Dillon,NDVI,4541.493734475115
2018-08-29T06:00:00Z,blm_billings_Billings District,Billings,EVI,2150.989615369437
2018-08-29T06:00:00Z,blm_billings_Billings District,Billings,NDVI,4064.7383064801274
2018-08-29T06:00:00Z,blm_miles-city_Miles City District,Miles City,EVI,1825.3847878821275
2018-08-29T06:00:00Z,blm_miles-city_Miles City District,Miles City,NDVI,3266.7197001587506
2018-08-29T06:00:00Z,blm_malta_Malta District,Malta,EVI,1799.4636672819345
2018-08-29T06:00:00Z,blm_malta_Malta District,Malta,NDVI,2999.3965154278285
2018-08-29T06:00:00Z,blm_lewistown_Lewistown District,Lewistown,EVI,2227.102731098696
2018-08-29T06:00:00Z,blm_lewistown_Lewistown District,Lewistown,NDVI,4003.4827833559
2018-08-29T06:00:00Z,blm_missoula_Missoula District,Missoula,EVI,2887.7561764917186
2018-08-29T06:00:00Z,blm_missoula_Missoula District,Missoula,NDVI,6100.315350843998
2018-08-29T06:00:00Z,blm_butte_Butte District,Butte,EVI,2324.4906972140807
2018-08-29T06:00:00Z,blm_butte_Butte District,Butte,NDVI,4829.75021423155
2018-08-29T06:00:00Z,blm_dillon_Dillon District,Dillon,EVI,2153.2894580681814
2018-08-29T06:00:00Z,blm_dillon_Dillon District,Dillon,NDVI,4264.219133117847
2018-09-14T06:00:00Z,blm_billings_Billings District,Billings,EVI,2066.3095860625517
2018-09-14T06:00:00Z,blm_billings_Billings District,Billings,NDVI,3843.62354730365
2018-09-14T06:00:00Z,blm_miles-city_Miles City District,Miles City,EVI,1689.4627843123237
2018-09-14T06:00:00Z,blm_miles-city_Miles City District,Miles City,NDVI,3153.1611895695346
2018-09-14T06:00:00Z,blm_malta_Malta District,Malta,EVI,1797.5639174572275
2018-09-14T06:00:00Z,blm_malta_Malta District,Malta,NDVI,3074.6914436965517
2018-09-14T06:00:00Z,blm_lewistown_Lewistown District,Lewistown,EVI,2198.83845716678
2018-09-14T06:00:00Z,blm_lewistown_Lewistown District,Lewistown,NDVI,3870.6621427775335
2018-09-14T06:00:00Z,blm_missoula_Missoula District,Missoula,EVI,2698.1470062816697
2018-09-14T06:00:00Z,blm_missoula_Missoula District,Missoula,NDVI,5848.220829855019
2018-09-14T06:00:00Z,blm_butte_Butte District,Butte,EVI,2147.94324906008
2018-09-14T06:00:00Z,blm_butte_Butte District,Butte,NDVI,4639.314137124192
2018-09-14T06:00:00Z,blm_dillon_Dillon District,Dillon,EVI,1998.9173781082845
2018-09-14T06:00:00Z,blm_dillon_Dillon District,Dillon,NDVI,4066.404751093957
2018-09-30T06:00:00Z,blm_billings_Billings District,Billings,EVI,1862.554000712693
2018-09-30T06:00:00Z,blm_billings_Billings District,Billings,NDVI,3795.45103093846
2018-09-30T06:00:00Z,blm_miles-city_Miles City District,Miles City,EVI,1579.0218324647185
2018-09-30T06:00:00Z,blm_miles-city_Miles City District,Miles City,NDVI,3220.31976424734
2018-09-30T06:00:00Z,blm_malta_Malta District,Malta,EVI,1572.996074773767
2018-09-30T06:00:00Z,blm_malta_Malta District,Malta,NDVI,3055.2375143680024
2018-09-30T06:00:00Z,blm_lewistown_Lewistown District,Lewistown,EVI,1809.826187416266
2018-09-30T06:00:00Z,blm_lewistown_Lewistown District,Lewistown,NDVI,3781.3023579295095
2018-09-30T06:00:00Z,blm_missoula_Missoula District,Missoula,EVI,2338.795713288376
2018-09-30T06:00:00Z,blm_missoula_Missoula District,Missoula,NDVI,5647.347710281646
2018-09-30T06:00:00Z,blm_butte_Butte District,Butte,EVI,1964.1308373190145
2018-09-30T06:00:00Z,blm_butte_Butte District,Butte,NDVI,4574.497784478295
2018-09-30T06:00:00Z,blm_dillon_Dillon District,Dillon,EVI,1784.8486300490517
2018-09-30T06:00:00Z,blm_dillon_Dillon District,Dillon,NDVI,3841.047048129746
2018-10-16T06:00:00Z,blm_billings_Billings District,Billings,EVI,1634.2158048401345
2018-10-16T06:00:00Z,blm_billings_Billings District,Billings,NDVI,3249.6092217291707
2018-10-16T06:00:00Z,blm_miles-city_Miles City District,Miles City,EVI,1389.9785611485236
2018-10-16T06:00:00Z,blm_miles-city_Miles City District,Miles City,NDVI,2801.93605812116
2018-10-16T06:00:00Z,blm_malta_Malta District,Malta,EVI,1479.1053757610764
2018-10-16T06:00:00Z,blm_malta_Malta District,Malta,NDVI,2766.057296386568
2018-10-16T06:00:00Z,blm_lewistown_Lewistown District,Lewistown,EVI,1766.993807829436
2018-10-16T06:00:00Z,blm_lewistown_Lewistown District,Lewistown,NDVI,3549.3260309697002
2018-10-16T06:00:00Z,blm_missoula_Missoula District,Missoula,EVI,2148.9012088983654
2018-10-16T06:00:00Z,blm_missoula_Missoula District,Missoula,NDVI,5381.8516246559
2018-10-16T06:00:00Z,blm_butte_Butte District,Butte,EVI,1875.480847754821
2018-10-16T06:00:00Z,blm_butte_Butte District,Butte,NDVI,4305.121905917166
2018-10-16T06:00:00Z,blm_dillon_Dillon District,Dillon,EVI,1696.67897056116
2018-10-16T06:00:00Z,blm_dillon_Dillon District,Dillon,NDVI,3622.234211545161
2018-11-01T06:00:00Z,blm_billings_Billings District,Billings,EVI,1378.6363802316068
2018-11-01T06:00:00Z,blm_billings_Billings District,Billings,NDVI,2772.204316938889
2018-11-01T06:00:00Z,blm_miles-city_Miles City District,Miles City,EVI,1297.0275389401857
2018-11-01T06:00:00Z,blm_miles-city_Miles City District,Miles City,NDVI,2694.291399719005
2018-11-01T06:00:00Z,blm_malta_Malta District,Malta,EVI,1374.519145073856
2018-11-01T06:00:00Z,blm_malta_Malta District,Malta,NDVI,2708.9448973361573
2018-11-01T06:00:00Z,blm_lewistown_Lewistown District,Lewistown,EVI,1532.7528589525966
2018-11-01T06:00:00Z,blm_lewistown_Lewistown District,Lewistown,NDVI,2827.662626039832
2018-11-01T06:00:00Z,blm_missoula_Missoula District,Missoula,EVI,2215.867121390131
2018-11-01T06:00:00Z,blm_missoula_Missoula District,Missoula,NDVI,5273.0887162803265
2018-11-01T06:00:00Z,blm_butte_Butte District,Butte,EVI,1558.3391158729644
2018-11-01T06:00:00Z,blm_butte_Butte District,Butte,NDVI,2804.7242795337106
2018-11-01T06:00:00Z,blm_dillon_Dillon District,Dillon,EVI,1441.805853012215
2018-11-01T06:00:00Z,blm_dillon_Dillon District,Dillon,NDVI,2503.460793301774
2018-11-17T07:00:00Z,blm_billings_Billings District,Billings,EVI,1450.3809402724096
2018-11-17T07:00:00Z,blm_billings_Billings District,Billings,NDVI,2883.437888123024
2018-11-17T07:00:00Z,blm_miles-city_Miles City District,Miles City,EVI,1294.598295972941
2018-11-17T07:00:00Z,blm_miles-city_Miles City District,Miles City,NDVI,2657.155065153317
2018-11-17T07:00:00Z,blm_malta_Malta District,Malta,EVI,1301.0421980715416
2018-11-17T07:00:00Z,blm_malta_Malta District,Malta,NDVI,2617.3274529257355
2018-11-17T07:00:00Z,blm_lewistown_Lewistown District,Lewistown,EVI,1455.7751752525014
2018-11-17T07:00:00Z,blm_lewistown_Lewistown District,Lewistown,NDVI,2803.2637007402177
2018-11-17T07:00:00Z,blm_missoula_Missoula District,Missoula,EVI,2209.712823740708
2018-11-17T07:00:00Z,blm_missoula_Missoula District,Missoula,NDVI,5411.61894631292
2018-11-17T07:00:00Z,blm_butte_Butte District,Butte,EVI,1585.4490224326473
2018-11-17T07:00:00Z,blm_butte_Butte District,Butte,NDVI,3029.9836234935597
2018-11-17T07:00:00Z,blm_dillon_Dillon District,Dillon,EVI,1471.5394842998867
2018-11-17T07:00:00Z,blm_dillon_Dillon District,Dillon,NDVI,2670.4531394907635
2018-12-03T07:00:00Z,blm_billings_Billings District,Billings,EVI,1323.3824941897296
2018-12-03T07:00:00Z,blm_billings_Billings District,Billings,NDVI,2667.164359584699
2018-12-03T07:00:00Z,blm_miles-city_Miles City District,Miles City,EVI,1203.0090823221503
2018-12-03T07:00:00Z,blm_miles-city_Miles City District,Miles City,NDVI,2439.9618923531184
2018-12-03T07:00:00Z,blm_malta_Malta District,Malta,EVI,1152.9514603849877
2018-12-03T07:00:00Z,blm_malta_Malta District,Malta,NDVI,2131.6759107625353
2018-12-03T07:00:00Z,blm_lewistown_Lewistown District,Lewistown,EVI,1349.6260601373417
2018-12-03T07:00:00Z,blm_lewistown_Lewistown District,Lewistown,NDVI,2541.8620900271553
2018-12-03T07:00:00Z,blm_missoula_Missoula District,Missoula,EVI,1998.285567216899
2018-12-03T07:00:00Z,blm_missoula_Missoula District,Missoula,NDVI,4514.216502449044
2018-12-03T07:00:00Z,blm_butte_Butte District,Butte,EVI,1413.0046213878759
2018-12-03T07:00:00Z,blm_butte_Butte District,Butte,NDVI,2500.660352396956
2018-12-03T07:00:00Z,blm_dillon_Dillon District,Dillon,EVI,1399.8731112571008
2018-12-03T07:00:00Z,blm_dillon_Dillon District,Dillon,NDVI,2806.2226470417745
2018-12-19T07:00:00Z,blm_billings_Billings District,Billings,EVI,1413.451760369328
2018-12-19T07:00:00Z,blm_billings_Billings District,Billings,NDVI,2619.324331107129
2018-12-19T07:00:00Z,blm_miles-city_Miles City District,Miles City,EVI,1184.39923820021
2018-12-19T07:00:00Z,blm_miles-city_Miles City District,Miles City,NDVI,2363.421037622727
2018-12-19T07:00:00Z,blm_malta_Malta District,Malta,EVI,1203.4633225491298
2018-12-19T07:00:00Z,blm_malta_Malta District,Malta,NDVI,2252.130302931667
2018-12-19T07:00:00Z,blm_lewistown_Lewistown District,Lewistown,EVI,1353.064631566589
2018-12-19T07:00:00Z,blm_lewistown_Lewistown District,Lewistown,NDVI,2575.559657378394
2018-12-19T07:00:00Z,blm_missoula_Missoula District,Missoula,EVI,2158.5265780148775
2018-12-19T07:00:00Z,blm_missoula_Missoula District,Missoula,NDVI,4772.58768284241
2018-12-19T07:00:00Z,blm_butte_Butte District,Butte,EVI,1476.8911995427684
2018-12-19T07:00:00Z,blm_butte_Butte District,Butte,NDVI,2583.7057289652403
2018-12-19T07:00:00Z,blm_dillon_Dillon District,Dillon,EVI,1298.9049927253234
2018-12-19T07:00:00Z,blm_dillon_Dillon District,Dillon,NDVI,2099.3346537144603
2019-01-01T07:00:00Z,blm_billings_Billings District,Billings,EVI,1275.968129254085
2019-01-01T07:00:00Z,blm_billings_Billings District,Billings,NDVI,2374.845131010441
2019-01-01T07:00:00Z,blm_miles-city_Miles City District,Miles City,EVI,1108.5224539528574
2019-01-01T07:00:00Z,blm_miles-city_Miles City District,Miles City,NDVI,2186.3473113061345
2019-01-01T07:00:00Z,blm_malta_Malta District,Malta,EVI,1192.4815633544401
2019-01-01T07:00:00Z,blm_malta_Malta District,Malta,NDVI,2254.4590270127687
2019-01-01T07:00:00Z,blm_lewistown_Lewistown District,Lewistown,EVI,1310.5519430905515
2019-01-01T07:00:00Z,blm_lewistown_Lewistown District,Lewistown,NDVI,2449.287832080563
2019-01-01T07:00:00Z,blm_missoula_Missoula District,Missoula,EVI,1374.7775735294117
2019-01-01T07:00:00Z,blm_missoula_Missoula District,Missoula,NDVI,4167.66544117647
2019-01-01T07:00:00Z,blm_butte_Butte District,Butte,EVI,1238.3723515148467
2019-01-01T07:00:00Z,blm_butte_Butte District,Butte,NDVI,2161.4232315698137
2019-01-01T07:00:00Z,blm_dillon_Dillon District,Dillon,EVI,1283.6766474651693
2019-01-01T07:00:00Z,blm_dillon_Dillon District,Dillon,NDVI,2031.7692558594656
2019-01-17T07:00:00Z,blm_billings_Billings District,Billings,EVI,1226.8654771776012
2019-01-17T07:00:00Z,blm_billings_Billings District,Billings,NDVI,2083.3804759615164
2019-01-17T07:00:00Z,blm_miles-city_Miles City District,Miles City,EVI,1272
2019-01-17T07:00:00Z,blm_miles-city_Miles City District,Miles City,NDVI,2079.6
2019-01-17T07:00:00Z,blm_malta_Malta District,Malta,EVI,782.6
2019-01-17T07:00:00Z,blm_malta_Malta District,Malta,NDVI,1441.5
2019-01-17T07:00:00Z,blm_lewistown_Lewistown District,Lewistown,EVI,NA
2019-01-17T07:00:00Z,blm_lewistown_Lewistown District,Lewistown,NDVI,NA
2019-01-17T07:00:00Z,blm_missoula_Missoula District,Missoula,EVI,1782.5997553503184
2019-01-17T07:00:00Z,blm_missoula_Missoula District,Missoula,NDVI,4518.926925536495
2019-01-17T07:00:00Z,blm_butte_Butte District,Butte,EVI,1298.9397370685963
2019-01-17T07:00:00Z,blm_butte_Butte District,Butte,NDVI,2020.0858871181554
2019-01-17T07:00:00Z,blm_dillon_Dillon District,Dillon,EVI,1486.1868030557482
2019-01-17T07:00:00Z,blm_dillon_Dillon District,Dillon,NDVI,2086.956459991814
2019-02-02T07:00:00Z,blm_billings_Billings District,Billings,EVI,1399.687209302326
2019-02-02T07:00:00Z,blm_billings_Billings District,Billings,NDVI,2033.616279069768
2019-02-02T07:00:00Z,blm_miles-city_Miles City District,Miles City,EVI,NA
2019-02-02T07:00:00Z,blm_miles-city_Miles City District,Miles City,NDVI,NA
2019-02-02T07:00:00Z,blm_malta_Malta District,Malta,EVI,461.25
2019-02-02T07:00:00Z,blm_malta_Malta District,Malta,NDVI,1448.75
2019-02-02T07:00:00Z,blm_lewistown_Lewistown District,Lewistown,EVI,506.99029126213594
2019-02-02T07:00:00Z,blm_lewistown_Lewistown District,Lewistown,NDVI,1439.990291262136
2019-02-02T07:00:00Z,blm_missoula_Missoula District,Missoula,EVI,1750.8
2019-02-02T07:00:00Z,blm_missoula_Missoula District,Missoula,NDVI,6965.2
2019-02-02T07:00:00Z,blm_butte_Butte District,Butte,EVI,NA
2019-02-02T07:00:00Z,blm_butte_Butte District,Butte,NDVI,NA
2019-02-02T07:00:00Z,blm_dillon_Dillon District,Dillon,EVI,NA
2019-02-02T07:00:00Z,blm_dillon_Dillon District,Dillon,NDVI,NA
2019-02-18T07:00:00Z,blm_billings_Billings District,Billings,EVI,1426
2019-02-18T07:00:00Z,blm_billings_Billings District,Billings,NDVI,1999.25
2019-02-18T07:00:00Z,blm_miles-city_Miles City District,Miles City,EVI,NA
2019-02-18T07:00:00Z,blm_miles-city_Miles City District,Miles City,NDVI,NA
2019-02-18T07:00:00Z,blm_malta_Malta District,Malta,EVI,NA
2019-02-18T07:00:00Z,blm_malta_Malta District,Malta,NDVI,NA
2019-02-18T07:00:00Z,blm_lewistown_Lewistown District,Lewistown,EVI,NA
2019-02-18T07:00:00Z,blm_lewistown_Lewistown District,Lewistown,NDVI,NA
2019-02-18T07:00:00Z,blm_missoula_Missoula District,Missoula,EVI,1959.898396076352
2019-02-18T07:00:00Z,blm_missoula_Missoula District,Missoula,NDVI,3736.1345440084838
2019-02-18T07:00:00Z,blm_butte_Butte District,Butte,EVI,NA
2019-02-18T07:00:00Z,blm_butte_Butte District,Butte,NDVI,NA
2019-02-18T07:00:00Z,blm_dillon_Dillon District,Dillon,EVI,NA
2019-02-18T07:00:00Z,blm_dillon_Dillon District,Dillon,NDVI,NA
2019-03-06T07:00:00Z,blm_billings_Billings District,Billings,EVI,929.7637658278867
2019-03-06T07:00:00Z,blm_billings_Billings District,Billings,NDVI,1643.4572123594485
2019-03-06T07:00:00Z,blm_miles-city_Miles City District,Miles City,EVI,1006.8230215091537
2019-03-06T07:00:00Z,blm_miles-city_Miles City District,Miles City,NDVI,2015.9509228407999
2019-03-06T07:00:00Z,blm_malta_Malta District,Malta,EVI,917.6206332261658
2019-03-06T07:00:00Z,blm_malta_Malta District,Malta,NDVI,1807.5300821567214
2019-03-06T07:00:00Z,blm_lewistown_Lewistown District,Lewistown,EVI,998.0182473916966
2019-03-06T07:00:00Z,blm_lewistown_Lewistown District,Lewistown,NDVI,1878.2042849169209
2019-03-06T07:00:00Z,blm_missoula_Missoula District,Missoula,EVI,2652.9124015456964
2019-03-06T07:00:00Z,blm_missoula_Missoula District,Missoula,NDVI,6443.105714539199
2019-03-06T07:00:00Z,blm_butte_Butte District,Butte,EVI,NA
2019-03-06T07:00:00Z,blm_butte_Butte District,Butte,NDVI,NA
2019-03-06T07:00:00Z,blm_dillon_Dillon District,Dillon,EVI,1544.6645161290323
2019-03-06T07:00:00Z,blm_dillon_Dillon District,Dillon,NDVI,2058.567741935484
2019-03-22T06:00:00Z,blm_billings_Billings District,Billings,EVI,1245.9540985396677
2019-03-22T06:00:00Z,blm_billings_Billings District,Billings,NDVI,2427.8091540916876
2019-03-22T06:00:00Z,blm_miles-city_Miles City District,Miles City,EVI,1153.4162142932587
2019-03-22T06:00:00Z,blm_miles-city_Miles City District,Miles City,NDVI,2262.559424627966
2019-03-22T06:00:00Z,blm_malta_Malta District,Malta,EVI,1141.5308780643452
2019-03-22T06:00:00Z,blm_malta_Malta District,Malta,NDVI,2203.52275450849
2019-03-22T06:00:00Z,blm_lewistown_Lewistown District,Lewistown,EVI,1162.965022521143
2019-03-22T06:00:00Z,blm_lewistown_Lewistown District,Lewistown,NDVI,2269.8840752509545
2019-03-22T06:00:00Z,blm_missoula_Missoula District,Missoula,EVI,2184.6985816922206
2019-03-22T06:00:00Z,blm_missoula_Missoula District,Missoula,NDVI,4758.29999606919
2019-03-22T06:00:00Z,blm_butte_Butte District,Butte,EVI,1311.9477693477493
2019-03-22T06:00:00Z,blm_butte_Butte District,Butte,NDVI,2139.2884793421053
2019-03-22T06:00:00Z,blm_dillon_Dillon District,Dillon,EVI,1383.8470131542824
2019-03-22T06:00:00Z,blm_dillon_Dillon District,Dillon,NDVI,2055.4585808153242
2019-04-07T06:00:00Z,blm_billings_Billings District,Billings,EVI,1627.490521695956
2019-04-07T06:00:00Z,blm_billings_Billings District,Billings,NDVI,2944.790425928805
2019-04-07T06:00:00Z,blm_miles-city_Miles City District,Miles City,EVI,1477.1864171977936
2019-04-07T06:00:00Z,blm_miles-city_Miles City District,Miles City,NDVI,2721.9596328631355
2019-04-07T06:00:00Z,blm_malta_Malta District,Malta,EVI,1517.658210653339
2019-04-07T06:00:00Z,blm_malta_Malta District,Malta,NDVI,2689.176776997887
2019-04-07T06:00:00Z,blm_lewistown_Lewistown District,Lewistown,EVI,1673.1133228605504
2019-04-07T06:00:00Z,blm_lewistown_Lewistown District,Lewistown,NDVI,3045.435459895572
2019-04-07T06:00:00Z,blm_missoula_Missoula District,Missoula,EVI,2382.701637900997
2019-04-07T06:00:00Z,blm_missoula_Missoula District,Missoula,NDVI,4747.342639245552
2019-04-07T06:00:00Z,blm_butte_Butte District,Butte,EVI,1602.3032671299911
2019-04-07T06:00:00Z,blm_butte_Butte District,Butte,NDVI,3029.1748178734124
2019-04-07T06:00:00Z,blm_dillon_Dillon District,Dillon,EVI,1473.8995755426251
2019-04-07T06:00:00Z,blm_dillon_Dillon District,Dillon,NDVI,2611.471258834565
2019-04-23T06:00:00Z,blm_billings_Billings District,Billings,EVI,2041.3050051635805
2019-04-23T06:00:00Z,blm_billings_Billings District,Billings,NDVI,3590.6952160993824
2019-04-23T06:00:00Z,blm_miles-city_Miles City District,Miles City,EVI,1872.9159072972036
2019-04-23T06:00:00Z,blm_miles-city_Miles City District,Miles City,NDVI,3264.0706587150034
2019-04-23T06:00:00Z,blm_malta_Malta District,Malta,EVI,1739.2444323347047
2019-04-23T06:00:00Z,blm_malta_Malta District,Malta,NDVI,3072.1513926275525
2019-04-23T06:00:00Z,blm_lewistown_Lewistown District,Lewistown,EVI,1917.661962368017
2019-04-23T06:00:00Z,blm_lewistown_Lewistown District,Lewistown,NDVI,3421.5640487450373
2019-04-23T06:00:00Z,blm_missoula_Missoula District,Missoula,EVI,2493.9611661067543
2019-04-23T06:00:00Z,blm_missoula_Missoula District,Missoula,NDVI,5212.809975773814
2019-04-23T06:00:00Z,blm_butte_Butte District,Butte,EVI,1848.035193702326
2019-04-23T06:00:00Z,blm_butte_Butte District,Butte,NDVI,3636.3146091962435
2019-04-23T06:00:00Z,blm_dillon_Dillon District,Dillon,EVI,1680.794990060608
2019-04-23T06:00:00Z,blm_dillon_Dillon District,Dillon,NDVI,3109.8956217043783
2019-05-09T06:00:00Z,blm_billings_Billings District,Billings,EVI,2328.010224925158
2019-05-09T06:00:00Z,blm_billings_Billings District,Billings,NDVI,4057.459267458621
2019-05-09T06:00:00Z,blm_miles-city_Miles City District,Miles City,EVI,2009.921577973984
2019-05-09T06:00:00Z,blm_miles-city_Miles City District,Miles City,NDVI,3494.6281568792497
2019-05-09T06:00:00Z,blm_malta_Malta District,Malta,EVI,2195.3090636866177
2019-05-09T06:00:00Z,blm_malta_Malta District,Malta,NDVI,3536.189280428628
2019-05-09T06:00:00Z,blm_lewistown_Lewistown District,Lewistown,EVI,2390.600379828402
2019-05-09T06:00:00Z,blm_lewistown_Lewistown District,Lewistown,NDVI,4180.803199717913
2019-05-09T06:00:00Z,blm_missoula_Missoula District,Missoula,EVI,2695.2524751262004
2019-05-09T06:00:00Z,blm_missoula_Missoula District,Missoula,NDVI,5596.730128381834
2019-05-09T06:00:00Z,blm_butte_Butte District,Butte,EVI,2173.7286756236126
2019-05-09T06:00:00Z,blm_butte_Butte District,Butte,NDVI,4234.7174164652
2019-05-09T06:00:00Z,blm_dillon_Dillon District,Dillon,EVI,1955.6659701920423
2019-05-09T06:00:00Z,blm_dillon_Dillon District,Dillon,NDVI,3507.0718350887914
2019-05-25T06:00:00Z,blm_billings_Billings District,Billings,EVI,3077.143582686883
2019-05-25T06:00:00Z,blm_billings_Billings District,Billings,NDVI,5186.88158242876
2019-05-25T06:00:00Z,blm_miles-city_Miles City District,Miles City,EVI,2644.579435340699
2019-05-25T06:00:00Z,blm_miles-city_Miles City District,Miles City,NDVI,4418.847738998714
2019-05-25T06:00:00Z,blm_malta_Malta District,Malta,EVI,2604.576902299388
2019-05-25T06:00:00Z,blm_malta_Malta District,Malta,NDVI,4172.13727789594
2019-05-25T06:00:00Z,blm_lewistown_Lewistown District,Lewistown,EVI,3075.035963440469
2019-05-25T06:00:00Z,blm_lewistown_Lewistown District,Lewistown,NDVI,5345.538837420539
2019-05-25T06:00:00Z,blm_missoula_Missoula District,Missoula,EVI,3320.7240822732556
2019-05-25T06:00:00Z,blm_missoula_Missoula District,Missoula,NDVI,6487.32813688831
2019-05-25T06:00:00Z,blm_butte_Butte District,Butte,EVI,2743.20867184536
2019-05-25T06:00:00Z,blm_butte_Butte District,Butte,NDVI,5336.611228025299
2019-05-25T06:00:00Z,blm_dillon_Dillon District,Dillon,EVI,2591.0134781989423
2019-05-25T06:00:00Z,blm_dillon_Dillon District,Dillon,NDVI,4921.750270580733
2019-06-10T06:00:00Z,blm_billings_Billings District,Billings,EVI,3510.3999294433747
2019-06-10T06:00:00Z,blm_billings_Billings District,Billings,NDVI,5823.639369189886
2019-06-10T06:00:00Z,blm_miles-city_Miles City District,Miles City,EVI,2940.9321599856085
2019-06-10T06:00:00Z,blm_miles-city_Miles City District,Miles City,NDVI,5031.934297016436
2019-06-10T06:00:00Z,blm_malta_Malta District,Malta,EVI,2811.8514190950264
2019-06-10T06:00:00Z,blm_malta_Malta District,Malta,NDVI,4551.538933947543
2019-06-10T06:00:00Z,blm_lewistown_Lewistown District,Lewistown,EVI,3568.7384545098494
2019-06-10T06:00:00Z,blm_lewistown_Lewistown District,Lewistown,NDVI,5806.838879345026
2019-06-10T06:00:00Z,blm_missoula_Missoula District,Missoula,EVI,3470.602519630654
2019-06-10T06:00:00Z,blm_missoula_Missoula District,Missoula,NDVI,6607.528228979615
2019-06-10T06:00:00Z,blm_butte_Butte District,Butte,EVI,3304.5363481861614
2019-06-10T06:00:00Z,blm_butte_Butte District,Butte,NDVI,5723.249814600538
2019-06-10T06:00:00Z,blm_dillon_Dillon District,Dillon,EVI,2937.5377042395935
2019-06-10T06:00:00Z,blm_dillon_Dillon District,Dillon,NDVI,5351.972937811214
2019-06-26T06:00:00Z,blm_billings_Billings District,Billings,EVI,3456.6177801378362
2019-06-26T06:00:00Z,blm_billings_Billings District,Billings,NDVI,5647.172783731292
2019-06-26T06:00:00Z,blm_miles-city_Miles City District,Miles City,EVI,3158.7478222151976
2019-06-26T06:00:00Z,blm_miles-city_Miles City District,Miles City,NDVI,5430.751685196343
2019-06-26T06:00:00Z,blm_malta_Malta District,Malta,EVI,3150.010583911881
2019-06-26T06:00:00Z,blm_malta_Malta District,Malta,NDVI,5082.127200092731
2019-06-26T06:00:00Z,blm_lewistown_Lewistown District,Lewistown,EVI,3687.361014584764
2019-06-26T06:00:00Z,blm_lewistown_Lewistown District,Lewistown,NDVI,5963.550325569918
2019-06-26T06:00:00Z,blm_missoula_Missoula District,Missoula,EVI,3556.8692739828725
2019-06-26T06:00:00Z,blm_missoula_Missoula District,Missoula,NDVI,6734.71174707761
2019-06-26T06:00:00Z,blm_butte_Butte District,Butte,EVI,3320.3688974102015
2019-06-26T06:00:00Z,blm_butte_Butte District,Butte,NDVI,5887.943311196652
2019-06-26T06:00:00Z,blm_dillon_Dillon District,Dillon,EVI,3144.7995020084486
2019-06-26T06:00:00Z,blm_dillon_Dillon District,Dillon,NDVI,5410.992199715488
2019-07-12T06:00:00Z,blm_billings_Billings District,Billings,EVI,3057.3047007513073
2019-07-12T06:00:00Z,blm_billings_Billings District,Billings,NDVI,5318.671268115227
2019-07-12T06:00:00Z,blm_miles-city_Miles City District,Miles City,EVI,3001.8568992875034
2019-07-12T06:00:00Z,blm_miles-city_Miles City District,Miles City,NDVI,5201.893044228179
2019-07-12T06:00:00Z,blm_malta_Malta District,Malta,EVI,2813.724873701464
2019-07-12T06:00:00Z,blm_malta_Malta District,Malta,NDVI,4548.289344430905
2019-07-12T06:00:00Z,blm_lewistown_Lewistown District,Lewistown,EVI,3359.201001401842
2019-07-12T06:00:00Z,blm_lewistown_Lewistown District,Lewistown,NDVI,5618.354956276016
2019-07-12T06:00:00Z,blm_missoula_Missoula District,Missoula,EVI,3502.2400715878703
2019-07-12T06:00:00Z,blm_missoula_Missoula District,Missoula,NDVI,6724.561564815156
2019-07-12T06:00:00Z,blm_butte_Butte District,Butte,EVI,3196.9504056893297
2019-07-12T06:00:00Z,blm_butte_Butte District,Butte,NDVI,5844.641871284497
2019-07-12T06:00:00Z,blm_dillon_Dillon District,Dillon,EVI,3032.210094293939
2019-07-12T06:00:00Z,blm_dillon_Dillon District,Dillon,NDVI,5454.49753272332
2019-07-28T06:00:00Z,blm_billings_Billings District,Billings,EVI,2741.194258711308
2019-07-28T06:00:00Z,blm_billings_Billings District,Billings,NDVI,4721.8202449552
2019-07-28T06:00:00Z,blm_miles-city_Miles City District,Miles City,EVI,2654.567464794879
2019-07-28T06:00:00Z,blm_miles-city_Miles City District,Miles City,NDVI,4555.537218444585
2019-07-28T06:00:00Z,blm_malta_Malta District,Malta,EVI,2362.500145741066
2019-07-28T06:00:00Z,blm_malta_Malta District,Malta,NDVI,3841.8147016431494
2019-07-28T06:00:00Z,blm_lewistown_Lewistown District,Lewistown,EVI,2834.182933083557
2019-07-28T06:00:00Z,blm_lewistown_Lewistown District,Lewistown,NDVI,4799.951377610982
2019-07-28T06:00:00Z,blm_missoula_Missoula District,Missoula,EVI,3260.6095831268335
2019-07-28T06:00:00Z,blm_missoula_Missoula District,Missoula,NDVI,6611.414125058506
2019-07-28T06:00:00Z,blm_butte_Butte District,Butte,EVI,2902.4145510363974
2019-07-28T06:00:00Z,blm_butte_Butte District,Butte,NDVI,5556.04815871068
2019-07-28T06:00:00Z,blm_dillon_Dillon District,Dillon,EVI,2724.5314440662746
2019-07-28T06:00:00Z,blm_dillon_Dillon District,Dillon,NDVI,5054.065543818407
2019-08-13T06:00:00Z,blm_billings_Billings District,Billings,EVI,2345.2521729473356
2019-08-13T06:00:00Z,blm_billings_Billings District,Billings,NDVI,4198.949481992354
2019-08-13T06:00:00Z,blm_miles-city_Miles City District,Miles City,EVI,2319.1740253339
2019-08-13T06:00:00Z,blm_miles-city_Miles City District,Miles City,NDVI,4153.296072800556
2019-08-13T06:00:00Z,blm_malta_Malta District,Malta,EVI,2036.5944506779233
2019-08-13T06:00:00Z,blm_malta_Malta District,Malta,NDVI,3560.665376826781
2019-08-13T06:00:00Z,blm_lewistown_Lewistown District,Lewistown,EVI,2380.4424020203237
2019-08-13T06:00:00Z,blm_lewistown_Lewistown District,Lewistown,NDVI,4415.4348811779655
2019-08-13T06:00:00Z,blm_missoula_Missoula District,Missoula,EVI,3120.229054279658
2019-08-13T06:00:00Z,blm_missoula_Missoula District,Missoula,NDVI,6461.3671787103
2019-08-13T06:00:00Z,blm_butte_Butte District,Butte,EVI,2547.5921137101386
2019-08-13T06:00:00Z,blm_butte_Butte District,Butte,NDVI,5176.359520320202
2019-08-13T06:00:00Z,blm_dillon_Dillon District,Dillon,EVI,2398.7803764960827
2019-08-13T06:00:00Z,blm_dillon_Dillon District,Dillon,NDVI,4616.623127887569
2019-08-29T06:00:00Z,blm_billings_Billings District,Billings,EVI,2091.490333677742
2019-08-29T06:00:00Z,blm_billings_Billings District,Billings,NDVI,3861.6408607519616
2019-08-29T06:00:00Z,blm_miles-city_Miles City District,Miles City,EVI,2091.839701066504
2019-08-29T06:00:00Z,blm_miles-city_Miles City District,Miles City,NDVI,4091.9239484937707
2019-08-29T06:00:00Z,blm_malta_Malta District,Malta,EVI,1889.7905745079217
2019-08-29T06:00:00Z,blm_malta_Malta District,Malta,NDVI,3451.1496008479985
2019-08-29T06:00:00Z,blm_lewistown_Lewistown District,Lewistown,EVI,2154.6145777776424
2019-08-29T06:00:00Z,blm_lewistown_Lewistown District,Lewistown,NDVI,4121.907249598252
2019-08-29T06:00:00Z,blm_missoula_Missoula District,Missoula,EVI,2876.5071281107907
2019-08-29T06:00:00Z,blm_missoula_Missoula District,Missoula,NDVI,6264.24584894011
2019-08-29T06:00:00Z,blm_butte_Butte District,Butte,EVI,2288.167411766996
2019-08-29T06:00:00Z,blm_butte_Butte District,Butte,NDVI,4916.0740422281115
2019-08-29T06:00:00Z,blm_dillon_Dillon District,Dillon,EVI,2107.9353981794634
2019-08-29T06:00:00Z,blm_dillon_Dillon District,Dillon,NDVI,4277.168191777742
2019-09-14T06:00:00Z,blm_billings_Billings District,Billings,EVI,1949.5639061508043
2019-09-14T06:00:00Z,blm_billings_Billings District,Billings,NDVI,3945.750587851951
2019-09-14T06:00:00Z,blm_miles-city_Miles City District,Miles City,EVI,2068.6200817086406
2019-09-14T06:00:00Z,blm_miles-city_Miles City District,Miles City,NDVI,4146.465814828496
2019-09-14T06:00:00Z,blm_malta_Malta District,Malta,EVI,1887.866450952437
2019-09-14T06:00:00Z,blm_malta_Malta District,Malta,NDVI,3570.3906818226224
2019-09-14T06:00:00Z,blm_lewistown_Lewistown District,Lewistown,EVI,2155.4243366958817
2019-09-14T06:00:00Z,blm_lewistown_Lewistown District,Lewistown,NDVI,4256.993154955162
2019-09-14T06:00:00Z,blm_missoula_Missoula District,Missoula,EVI,2961.2430355737547
2019-09-14T06:00:00Z,blm_missoula_Missoula District,Missoula,NDVI,6298.147514777722
2019-09-14T06:00:00Z,blm_butte_Butte District,Butte,EVI,2317.770900786304
2019-09-14T06:00:00Z,blm_butte_Butte District,Butte,NDVI,4964.102282084157
2019-09-14T06:00:00Z,blm_dillon_Dillon District,Dillon,EVI,2119.776202785057
2019-09-14T06:00:00Z,blm_dillon_Dillon District,Dillon,NDVI,4334.348897965573
2019-09-30T06:00:00Z,blm_billings_Billings District,Billings,EVI,1998.2898874750974
2019-09-30T06:00:00Z,blm_billings_Billings District,Billings,NDVI,3935.9348282609194
2019-09-30T06:00:00Z,blm_miles-city_Miles City District,Miles City,EVI,2072.777139995152
2019-09-30T06:00:00Z,blm_miles-city_Miles City District,Miles City,NDVI,4209.509973639
2019-09-30T06:00:00Z,blm_malta_Malta District,Malta,EVI,1840.1212491327792
2019-09-30T06:00:00Z,blm_malta_Malta District,Malta,NDVI,3466.2692118483355
2019-09-30T06:00:00Z,blm_lewistown_Lewistown District,Lewistown,EVI,2018.6186292361751
2019-09-30T06:00:00Z,blm_lewistown_Lewistown District,Lewistown,NDVI,3886.7608577665196
2019-09-30T06:00:00Z,blm_missoula_Missoula District,Missoula,EVI,2709.7932085856373
2019-09-30T06:00:00Z,blm_missoula_Missoula District,Missoula,NDVI,6060.035853157118
2019-09-30T06:00:00Z,blm_butte_Butte District,Butte,EVI,2168.9231074152226
2019-09-30T06:00:00Z,blm_butte_Butte District,Butte,NDVI,4501.0984709929835
2019-09-30T06:00:00Z,blm_dillon_Dillon District,Dillon,EVI,1941.2668149674018
2019-09-30T06:00:00Z,blm_dillon_Dillon District,Dillon,NDVI,3740.8008714778503
2019-10-16T06:00:00Z,blm_billings_Billings District,Billings,EVI,1837.3013350473532
2019-10-16T06:00:00Z,blm_billings_Billings District,Billings,NDVI,3421.6143260116023
2019-10-16T06:00:00Z,blm_miles-city_Miles City District,Miles City,EVI,1791.0628113811997
2019-10-16T06:00:00Z,blm_miles-city_Miles City District,Miles City,NDVI,3482.657870888501
2019-10-16T06:00:00Z,blm_malta_Malta District,Malta,EVI,1617.8692387518502
2019-10-16T06:00:00Z,blm_malta_Malta District,Malta,NDVI,2924.0093240192027
2019-10-16T06:00:00Z,blm_lewistown_Lewistown District,Lewistown,EVI,1807.7364701544057
2019-10-16T06:00:00Z,blm_lewistown_Lewistown District,Lewistown,NDVI,3366.4846058801827
2019-10-16T06:00:00Z,blm_missoula_Missoula District,Missoula,EVI,2323.2923744370587
2019-10-16T06:00:00Z,blm_missoula_Missoula District,Missoula,NDVI,5831.926991968449
2019-10-16T06:00:00Z,blm_butte_Butte District,Butte,EVI,2040.3603328478496
2019-10-16T06:00:00Z,blm_butte_Butte District,Butte,NDVI,4366.810676483531
2019-10-16T06:00:00Z,blm_dillon_Dillon District,Dillon,EVI,1796.446724570234
2019-10-16T06:00:00Z,blm_dillon_Dillon District,Dillon,NDVI,3565.339805988706
2019-11-01T06:00:00Z,blm_billings_Billings District,Billings,EVI,1685.3822705498328
2019-11-01T06:00:00Z,blm_billings_Billings District,Billings,NDVI,3040.6123434635665
2019-11-01T06:00:00Z,blm_miles-city_Miles City District,Miles City,EVI,1578.1073682788679
2019-11-01T06:00:00Z,blm_miles-city_Miles City District,Miles City,NDVI,3000.3611630071373
2019-11-01T06:00:00Z,blm_malta_Malta District,Malta,EVI,1390.9916330806357
2019-11-01T06:00:00Z,blm_malta_Malta District,Malta,NDVI,2617.285471867304
2019-11-01T06:00:00Z,blm_lewistown_Lewistown District,Lewistown,EVI,1471.2628524462639
2019-11-01T06:00:00Z,blm_lewistown_Lewistown District,Lewistown,NDVI,2799.2922186795436
2019-11-01T06:00:00Z,blm_missoula_Missoula District,Missoula,EVI,2291.432517620385
2019-11-01T06:00:00Z,blm_missoula_Missoula District,Missoula,NDVI,5393.309190350874
2019-11-01T06:00:00Z,blm_butte_Butte District,Butte,EVI,1776.9958530386077
2019-11-01T06:00:00Z,blm_butte_Butte District,Butte,NDVI,3643.785334817024
2019-11-01T06:00:00Z,blm_dillon_Dillon District,Dillon,EVI,1564.1173948214393
2019-11-01T06:00:00Z,blm_dillon_Dillon District,Dillon,NDVI,3166.2924854733824
2019-11-17T07:00:00Z,blm_billings_Billings District,Billings,EVI,1516.9502209378443
2019-11-17T07:00:00Z,blm_billings_Billings District,Billings,NDVI,3054.480390673375
2019-11-17T07:00:00Z,blm_miles-city_Miles City District,Miles City,EVI,1445.6428102833192
2019-11-17T07:00:00Z,blm_miles-city_Miles City District,Miles City,NDVI,2983.357093996728
2019-11-17T07:00:00Z,blm_malta_Malta District,Malta,EVI,1364.855545501812
2019-11-17T07:00:00Z,blm_malta_Malta District,Malta,NDVI,2787.047727904045
2019-11-17T07:00:00Z,blm_lewistown_Lewistown District,Lewistown,EVI,1557.493511707528
2019-11-17T07:00:00Z,blm_lewistown_Lewistown District,Lewistown,NDVI,3111.7791217353792
2019-11-17T07:00:00Z,blm_missoula_Missoula District,Missoula,EVI,2221.825607123083
2019-11-17T07:00:00Z,blm_missoula_Missoula District,Missoula,NDVI,5492.860585581089
2019-11-17T07:00:00Z,blm_butte_Butte District,Butte,EVI,1828.4380005631078
2019-11-17T07:00:00Z,blm_butte_Butte District,Butte,NDVI,3657.1830059347576
2019-11-17T07:00:00Z,blm_dillon_Dillon District,Dillon,EVI,1658.8553092674256
2019-11-17T07:00:00Z,blm_dillon_Dillon District,Dillon,NDVI,3274.5286868264857
2019-12-03T07:00:00Z,blm_billings_Billings District,Billings,EVI,1343.6024812315916
2019-12-03T07:00:00Z,blm_billings_Billings District,Billings,NDVI,2479.9344519338074
2019-12-03T07:00:00Z,blm_miles-city_Miles City District,Miles City,EVI,1304.0293060822503
2019-12-03T07:00:00Z,blm_miles-city_Miles City District,Miles City,NDVI,2702.349383066046
2019-12-03T07:00:00Z,blm_malta_Malta District,Malta,EVI,1267.303673133661
2019-12-03T07:00:00Z,blm_malta_Malta District,Malta,NDVI,2594.192024318283
2019-12-03T07:00:00Z,blm_lewistown_Lewistown District,Lewistown,EVI,1352.472471886339
2019-12-03T07:00:00Z,blm_lewistown_Lewistown District,Lewistown,NDVI,2456.6341509019885
2019-12-03T07:00:00Z,blm_missoula_Missoula District,Missoula,EVI,2007.3738279595916
2019-12-03T07:00:00Z,blm_missoula_Missoula District,Missoula,NDVI,4104.921649368719
2019-12-03T07:00:00Z,blm_butte_Butte District,Butte,EVI,1666.4919962750857
2019-12-03T07:00:00Z,blm_butte_Butte District,Butte,NDVI,2829.2878350785563
2019-12-03T07:00:00Z,blm_dillon_Dillon District,Dillon,EVI,1606.4578170529126
2019-12-03T07:00:00Z,blm_dillon_Dillon District,Dillon,NDVI,2637.353340050652
2019-12-19T07:00:00Z,blm_billings_Billings District,Billings,EVI,1324.2098045578473
2019-12-19T07:00:00Z,blm_billings_Billings District,Billings,NDVI,2505.307208107265
2019-12-19T07:00:00Z,blm_miles-city_Miles City District,Miles City,EVI,1230.2588863827432
2019-12-19T07:00:00Z,blm_miles-city_Miles City District,Miles City,NDVI,2442.858123076209
2019-12-19T07:00:00Z,blm_malta_Malta District,Malta,EVI,1153.9602561178676
2019-12-19T07:00:00Z,blm_malta_Malta District,Malta,NDVI,2159.7260083860474
2019-12-19T07:00:00Z,blm_lewistown_Lewistown District,Lewistown,EVI,1287.1119997398741
2019-12-19T07:00:00Z,blm_lewistown_Lewistown District,Lewistown,NDVI,2396.918209825996
2019-12-19T07:00:00Z,blm_missoula_Missoula District,Missoula,EVI,2249.719593615793
2019-12-19T07:00:00Z,blm_missoula_Missoula District,Missoula,NDVI,4876.069729759897
2019-12-19T07:00:00Z,blm_butte_Butte District,Butte,EVI,1305.2713328466984
2019-12-19T07:00:00Z,blm_butte_Butte District,Butte,NDVI,2726.4835115572296
2019-12-19T07:00:00Z,blm_dillon_Dillon District,Dillon,EVI,NA
2019-12-19T07:00:00Z,blm_dillon_Dillon District,Dillon,NDVI,NA
2020-01-01T07:00:00Z,blm_billings_Billings District,Billings,EVI,1358.0080166802816
2020-01-01T07:00:00Z,blm_billings_Billings District,Billings,NDVI,2447.6199895554755
2020-01-01T07:00:00Z,blm_miles-city_Miles City District,Miles City,EVI,1215.252365469118
2020-01-01T07:00:00Z,blm_miles-city_Miles City District,Miles City,NDVI,2386.6026482316406
2020-01-01T07:00:00Z,blm_malta_Malta District,Malta,EVI,1107.5744950348842
2020-01-01T07:00:00Z,blm_malta_Malta District,Malta,NDVI,2155.1136852811037
2020-01-01T07:00:00Z,blm_lewistown_Lewistown District,Lewistown,EVI,1319.038847330848
2020-01-01T07:00:00Z,blm_lewistown_Lewistown District,Lewistown,NDVI,2391.7695297428354
2020-01-01T07:00:00Z,blm_missoula_Missoula District,Missoula,EVI,1651.9858333333334
2020-01-01T07:00:00Z,blm_missoula_Missoula District,Missoula,NDVI,3250.3016666666667
2020-01-01T07:00:00Z,blm_butte_Butte District,Butte,EVI,1239.5841791885914
2020-01-01T07:00:00Z,blm_butte_Butte District,Butte,NDVI,2198.003099597542
2020-01-01T07:00:00Z,blm_dillon_Dillon District,Dillon,EVI,1473.8794531427277
2020-01-01T07:00:00Z,blm_dillon_Dillon District,Dillon,NDVI,2327.905945087361
2020-01-17T07:00:00Z,blm_billings_Billings District,Billings,EVI,1361.8969179040876
2020-01-17T07:00:00Z,blm_billings_Billings District,Billings,NDVI,2544.712673638279
2020-01-17T07:00:00Z,blm_miles-city_Miles City District,Miles City,EVI,1221.7880654721714
2020-01-17T07:00:00Z,blm_miles-city_Miles City District,Miles City,NDVI,2501.188531364904
2020-01-17T07:00:00Z,blm_malta_Malta District,Malta,EVI,1084.1193854150572
2020-01-17T07:00:00Z,blm_malta_Malta District,Malta,NDVI,2115.059990098651
2020-01-17T07:00:00Z,blm_lewistown_Lewistown District,Lewistown,EVI,1301.387919270981
2020-01-17T07:00:00Z,blm_lewistown_Lewistown District,Lewistown,NDVI,2359.1575544009975
2020-01-17T07:00:00Z,blm_missoula_Missoula District,Missoula,EVI,1722.1647978628237
2020-01-17T07:00:00Z,blm_missoula_Missoula District,Missoula,NDVI,2833.515823560408
2020-01-17T07:00:00Z,blm_butte_Butte District,Butte,EVI,1548.3112048633818
2020-01-17T07:00:00Z,blm_butte_Butte District,Butte,NDVI,2603.221213542277
2020-01-17T07:00:00Z,blm_dillon_Dillon District,Dillon,EVI,1512.7832668088288
2020-01-17T07:00:00Z,blm_dillon_Dillon District,Dillon,NDVI,2221.584205897899
2020-02-02T07:00:00Z,blm_billings_Billings District,Billings,EVI,1200.9965911468166
2020-02-02T07:00:00Z,blm_billings_Billings District,Billings,NDVI,2155.150098908248
2020-02-02T07:00:00Z,blm_miles-city_Miles City District,Miles City,EVI,1216.8879323744834
2020-02-02T07:00:00Z,blm_miles-city_Miles City District,Miles City,NDVI,2399.5321388182642
2020-02-02T07:00:00Z,blm_malta_Malta District,Malta,EVI,1071.1882711278042
2020-02-02T07:00:00Z,blm_malta_Malta District,Malta,NDVI,2056.2763546376905
2020-02-02T07:00:00Z,blm_lewistown_Lewistown District,Lewistown,EVI,1244.899620761542
2020-02-02T07:00:00Z,blm_lewistown_Lewistown District,Lewistown,NDVI,2324.4580279924307
2020-02-02T07:00:00Z,blm_missoula_Missoula District,Missoula,EVI,2017.7652899217146
2020-02-02T07:00:00Z,blm_missoula_Missoula District,Missoula,NDVI,4332.729750891064
2020-02-02T07:00:00Z,blm_butte_Butte District,Butte,EVI,1437.7437767756742
2020-02-02T07:00:00Z,blm_butte_Butte District,Butte,NDVI,2608.9126391530203
2020-02-02T07:00:00Z,blm_dillon_Dillon District,Dillon,EVI,1441.1947135636055
2020-02-02T07:00:00Z,blm_dillon_Dillon District,Dillon,NDVI,2119.0635399115413
2020-02-18T07:00:00Z,blm_billings_Billings District,Billings,EVI,1269.4901410469222
2020-02-18T07:00:00Z,blm_billings_Billings District,Billings,NDVI,2342.5589301592513
2020-02-18T07:00:00Z,blm_miles-city_Miles City District,Miles City,EVI,1162.1028839541552
2020-02-18T07:00:00Z,blm_miles-city_Miles City District,Miles City,NDVI,2344.0743246443744
2020-02-18T07:00:00Z,blm_malta_Malta District,Malta,EVI,1038.0762191197446
2020-02-18T07:00:00Z,blm_malta_Malta District,Malta,NDVI,2076.685452992534
2020-02-18T07:00:00Z,blm_lewistown_Lewistown District,Lewistown,EVI,1191.7376924463872
2020-02-18T07:00:00Z,blm_lewistown_Lewistown District,Lewistown,NDVI,2199.6081531635054
2020-02-18T07:00:00Z,blm_missoula_Missoula District,Missoula,EVI,1884.1583241262817
2020-02-18T07:00:00Z,blm_missoula_Missoula District,Missoula,NDVI,4252.336193831739
2020-02-18T07:00:00Z,blm_butte_Butte District,Butte,EVI,1330.3783041645997
2020-02-18T07:00:00Z,blm_butte_Butte District,Butte,NDVI,2358.7799823934683
2020-02-18T07:00:00Z,blm_dillon_Dillon District,Dillon,EVI,1345.9277713799127
2020-02-18T07:00:00Z,blm_dillon_Dillon District,Dillon,NDVI,2075.5419788297636
2020-03-05T07:00:00Z,blm_billings_Billings District,Billings,EVI,1314.1236174536357
2020-03-05T07:00:00Z,blm_billings_Billings District,Billings,NDVI,2445.7070549999753
2020-03-05T07:00:00Z,blm_miles-city_Miles City District,Miles City,EVI,1216.8132868027346
2020-03-05T07:00:00Z,blm_miles-city_Miles City District,Miles City,NDVI,2407.3669367843227
2020-03-05T07:00:00Z,blm_malta_Malta District,Malta,EVI,1150.6931821403778
2020-03-05T07:00:00Z,blm_malta_Malta District,Malta,NDVI,2123.2371822888235
2020-03-05T07:00:00Z,blm_lewistown_Lewistown District,Lewistown,EVI,1309.3759862099969
2020-03-05T07:00:00Z,blm_lewistown_Lewistown District,Lewistown,NDVI,2282.9486756354368
2020-03-05T07:00:00Z,blm_missoula_Missoula District,Missoula,EVI,2148.1185787041513
2020-03-05T07:00:00Z,blm_missoula_Missoula District,Missoula,NDVI,4534.481896196422
2020-03-05T07:00:00Z,blm_butte_Butte District,Butte,EVI,1574.0549976179507
2020-03-05T07:00:00Z,blm_butte_Butte District,Butte,NDVI,2548.8395736991047
2020-03-05T07:00:00Z,blm_dillon_Dillon District,Dillon,EVI,1261.2581769301505
2020-03-05T07:00:00Z,blm_dillon_Dillon District,Dillon,NDVI,2028.1890547494884
2020-03-21T06:00:00Z,blm_billings_Billings District,Billings,EVI,1471.6927184509518
2020-03-21T06:00:00Z,blm_billings_Billings District,Billings,NDVI,2631.9620779961137
2020-03-21T06:00:00Z,blm_miles-city_Miles City District,Miles City,EVI,1348.8955077367787
2020-03-21T06:00:00Z,blm_miles-city_Miles City District,Miles City,NDVI,2516.1713911339093
2020-03-21T06:00:00Z,blm_malta_Malta District,Malta,EVI,1189.0416665808975
2020-03-21T06:00:00Z,blm_malta_Malta District,Malta,NDVI,2292.850957058845
2020-03-21T06:00:00Z,blm_lewistown_Lewistown District,Lewistown,EVI,1369.5842307021505
2020-03-21T06:00:00Z,blm_lewistown_Lewistown District,Lewistown,NDVI,2419.853955579125
2020-03-21T06:00:00Z,blm_missoula_Missoula District,Missoula,EVI,2190.297730897823
2020-03-21T06:00:00Z,blm_missoula_Missoula District,Missoula,NDVI,4919.402107336253
2020-03-21T06:00:00Z,blm_butte_Butte District,Butte,EVI,1578.9036545578406
2020-03-21T06:00:00Z,blm_butte_Butte District,Butte,NDVI,2602.8808610092296
2020-03-21T06:00:00Z,blm_dillon_Dillon District,Dillon,EVI,1311.1543800501784
2020-03-21T06:00:00Z,blm_dillon_Dillon District,Dillon,NDVI,2121.996780526602
2020-04-06T06:00:00Z,blm_billings_Billings District,Billings,EVI,1694.2573531745882
2020-04-06T06:00:00Z,blm_billings_Billings District,Billings,NDVI,2883.506601729968
2020-04-06T06:00:00Z,blm_miles-city_Miles City District,Miles City,EVI,1556.9381499684678
2020-04-06T06:00:00Z,blm_miles-city_Miles City District,Miles City,NDVI,2679.4161156010337
2020-04-06T06:00:00Z,blm_malta_Malta District,Malta,EVI,1337.795394974745
2020-04-06T06:00:00Z,blm_malta_Malta District,Malta,NDVI,2338.320703654811
2020-04-06T06:00:00Z,blm_lewistown_Lewistown District,Lewistown,EVI,1548.1748186967031
2020-04-06T06:00:00Z,blm_lewistown_Lewistown District,Lewistown,NDVI,2675.089564485201
2020-04-06T06:00:00Z,blm_missoula_Missoula District,Missoula,EVI,2416.8186881892666
2020-04-06T06:00:00Z,blm_missoula_Missoula District,Missoula,NDVI,5025.122671880775
2020-04-06T06:00:00Z,blm_butte_Butte District,Butte,EVI,1713.8663328993975
2020-04-06T06:00:00Z,blm_butte_Butte District,Butte,NDVI,3005.4207548516956
2020-04-06T06:00:00Z,blm_dillon_Dillon District,Dillon,EVI,1449.5435253141538
2020-04-06T06:00:00Z,blm_dillon_Dillon District,Dillon,NDVI,2436.7263875754334
2020-04-22T06:00:00Z,blm_billings_Billings District,Billings,EVI,2172.5513908254243
2020-04-22T06:00:00Z,blm_billings_Billings District,Billings,NDVI,3664.4835370076676
2020-04-22T06:00:00Z,blm_miles-city_Miles City District,Miles City,EVI,1990.5476071539251
2020-04-22T06:00:00Z,blm_miles-city_Miles City District,Miles City,NDVI,3289.447986382422
2020-04-22T06:00:00Z,blm_malta_Malta District,Malta,EVI,1771.6684457556257
2020-04-22T06:00:00Z,blm_malta_Malta District,Malta,NDVI,2918.3789219703626
2020-04-22T06:00:00Z,blm_lewistown_Lewistown District,Lewistown,EVI,2185.2873690598026
2020-04-22T06:00:00Z,blm_lewistown_Lewistown District,Lewistown,NDVI,3657.5852132910422
2020-04-22T06:00:00Z,blm_missoula_Missoula District,Missoula,EVI,2771.8120466240885
2020-04-22T06:00:00Z,blm_missoula_Missoula District,Missoula,NDVI,5635.401286530157
2020-04-22T06:00:00Z,blm_butte_Butte District,Butte,EVI,2124.083716927128
2020-04-22T06:00:00Z,blm_butte_Butte District,Butte,NDVI,3952.4580810344655
2020-04-22T06:00:00Z,blm_dillon_Dillon District,Dillon,EVI,1796.150303768637
2020-04-22T06:00:00Z,blm_dillon_Dillon District,Dillon,NDVI,3202.9653428646384
2020-05-08T06:00:00Z,blm_billings_Billings District,Billings,EVI,2711.6865855988385
2020-05-08T06:00:00Z,blm_billings_Billings District,Billings,NDVI,4516.577279298732
2020-05-08T06:00:00Z,blm_miles-city_Miles City District,Miles City,EVI,2456.3870904597716
2020-05-08T06:00:00Z,blm_miles-city_Miles City District,Miles City,NDVI,4165.381867696693
2020-05-08T06:00:00Z,blm_malta_Malta District,Malta,EVI,2179.238737849079
2020-05-08T06:00:00Z,blm_malta_Malta District,Malta,NDVI,3640.47666963927
2020-05-08T06:00:00Z,blm_lewistown_Lewistown District,Lewistown,EVI,2850.2262135974365
2020-05-08T06:00:00Z,blm_lewistown_Lewistown District,Lewistown,NDVI,4633.5932985379095
2020-05-08T06:00:00Z,blm_missoula_Missoula District,Missoula,EVI,2866.1172045470144
2020-05-08T06:00:00Z,blm_missoula_Missoula District,Missoula,NDVI,5879.494819955796
2020-05-08T06:00:00Z,blm_butte_Butte District,Butte,EVI,2801.9468289789647
2020-05-08T06:00:00Z,blm_butte_Butte District,Butte,NDVI,4521.375499293167
2020-05-08T06:00:00Z,blm_dillon_Dillon District,Dillon,EVI,2164.67150384188
2020-05-08T06:00:00Z,blm_dillon_Dillon District,Dillon,NDVI,3516.669406952519
2020-05-24T06:00:00Z,blm_billings_Billings District,Billings,EVI,3269.678519904141
2020-05-24T06:00:00Z,blm_billings_Billings District,Billings,NDVI,5311.216069205089
2020-05-24T06:00:00Z,blm_miles-city_Miles City District,Miles City,EVI,2856.1370043476254
2020-05-24T06:00:00Z,blm_miles-city_Miles City District,Miles City,NDVI,4610.286567628688
2020-05-24T06:00:00Z,blm_malta_Malta District,Malta,EVI,2593.106403454134
2020-05-24T06:00:00Z,blm_malta_Malta District,Malta,NDVI,4130.935349144857
2020-05-24T06:00:00Z,blm_lewistown_Lewistown District,Lewistown,EVI,3285.3693364615697
2020-05-24T06:00:00Z,blm_lewistown_Lewistown District,Lewistown,NDVI,5351.416046706364
2020-05-24T06:00:00Z,blm_missoula_Missoula District,Missoula,EVI,3233.729513372893
2020-05-24T06:00:00Z,blm_missoula_Missoula District,Missoula,NDVI,6508.3743912093
2020-05-24T06:00:00Z,blm_butte_Butte District,Butte,EVI,2864.2700628713947
2020-05-24T06:00:00Z,blm_butte_Butte District,Butte,NDVI,5261.077715241028
2020-05-24T06:00:00Z,blm_dillon_Dillon District,Dillon,EVI,2447.0316026187606
2020-05-24T06:00:00Z,blm_dillon_Dillon District,Dillon,NDVI,4548.464765120732
2020-06-09T06:00:00Z,blm_billings_Billings District,Billings,EVI,3193.4427208707298
2020-06-09T06:00:00Z,blm_billings_Billings District,Billings,NDVI,5253.567200384148
2020-06-09T06:00:00Z,blm_miles-city_Miles City District,Miles City,EVI,2922.0858283721313
2020-06-09T06:00:00Z,blm_miles-city_Miles City District,Miles City,NDVI,4775.70153153184
2020-06-09T06:00:00Z,blm_malta_Malta District,Malta,EVI,3030.5974212040132
2020-06-09T06:00:00Z,blm_malta_Malta District,Malta,NDVI,4825.372405124467
2020-06-09T06:00:00Z,blm_lewistown_Lewistown District,Lewistown,EVI,3663.8907448925247
2020-06-09T06:00:00Z,blm_lewistown_Lewistown District,Lewistown,NDVI,6046.254835051375
2020-06-09T06:00:00Z,blm_missoula_Missoula District,Missoula,EVI,3339.9377427010118
2020-06-09T06:00:00Z,blm_missoula_Missoula District,Missoula,NDVI,6843.889548815474
2020-06-09T06:00:00Z,blm_butte_Butte District,Butte,EVI,3169.430781759547
2020-06-09T06:00:00Z,blm_butte_Butte District,Butte,NDVI,5870.979204891994
2020-06-09T06:00:00Z,blm_dillon_Dillon District,Dillon,EVI,2902.9485032611956
2020-06-09T06:00:00Z,blm_dillon_Dillon District,Dillon,NDVI,5292.674063510045
2020-06-25T06:00:00Z,blm_billings_Billings District,Billings,EVI,3070.982908741988
2020-06-25T06:00:00Z,blm_billings_Billings District,Billings,NDVI,5247.709977246985
2020-06-25T06:00:00Z,blm_miles-city_Miles City District,Miles City,EVI,2864.326306619977
2020-06-25T06:00:00Z,blm_miles-city_Miles City District,Miles City,NDVI,4861.1896261886395
2020-06-25T06:00:00Z,blm_malta_Malta District,Malta,EVI,3194.524160522861
2020-06-25T06:00:00Z,blm_malta_Malta District,Malta,NDVI,5173.738747687695
2020-06-25T06:00:00Z,blm_lewistown_Lewistown District,Lewistown,EVI,3737.4568496997595
2020-06-25T06:00:00Z,blm_lewistown_Lewistown District,Lewistown,NDVI,6198.760326310626
2020-06-25T06:00:00Z,blm_missoula_Missoula District,Missoula,EVI,3525.0234351496365
2020-06-25T06:00:00Z,blm_missoula_Missoula District,Missoula,NDVI,6914.047305411853
2020-06-25T06:00:00Z,blm_butte_Butte District,Butte,EVI,3136.565842410824
2020-06-25T06:00:00Z,blm_butte_Butte District,Butte,NDVI,6117.658597365383
2020-06-25T06:00:00Z,blm_dillon_Dillon District,Dillon,EVI,2931.7279255904186
2020-06-25T06:00:00Z,blm_dillon_Dillon District,Dillon,NDVI,5559.846400082484
2020-07-11T06:00:00Z,blm_billings_Billings District,Billings,EVI,2675.6866223102347
2020-07-11T06:00:00Z,blm_billings_Billings District,Billings,NDVI,4543.20782431782
2020-07-11T06:00:00Z,blm_miles-city_Miles City District,Miles City,EVI,2671.919525946539
2020-07-11T06:00:00Z,blm_miles-city_Miles City District,Miles City,NDVI,4438.72693870847
2020-07-11T06:00:00Z,blm_malta_Malta District,Malta,EVI,3026.1110136630305
2020-07-11T06:00:00Z,blm_malta_Malta District,Malta,NDVI,4982.900653186184
2020-07-11T06:00:00Z,blm_lewistown_Lewistown District,Lewistown,EVI,3461.743306706799
2020-07-11T06:00:00Z,blm_lewistown_Lewistown District,Lewistown,NDVI,5694.526228637427
2020-07-11T06:00:00Z,blm_missoula_Missoula District,Missoula,EVI,3461.808867052088
2020-07-11T06:00:00Z,blm_missoula_Missoula District,Missoula,NDVI,6940.9751338691085
2020-07-11T06:00:00Z,blm_butte_Butte District,Butte,EVI,3196.394539188559
2020-07-11T06:00:00Z,blm_butte_Butte District,Butte,NDVI,5711.045804603684
2020-07-11T06:00:00Z,blm_dillon_Dillon District,Dillon,EVI,2881.928023762427
2020-07-11T06:00:00Z,blm_dillon_Dillon District,Dillon,NDVI,5238.958985931374
2020-07-27T06:00:00Z,blm_billings_Billings District,Billings,EVI,2285.333034915209
2020-07-27T06:00:00Z,blm_billings_Billings District,Billings,NDVI,3887.7007751075757
2020-07-27T06:00:00Z,blm_miles-city_Miles City District,Miles City,EVI,2312.2964519146763
2020-07-27T06:00:00Z,blm_miles-city_Miles City District,Miles City,NDVI,3768.0056427209392
2020-07-27T06:00:00Z,blm_malta_Malta District,Malta,EVI,2374.8270180154827
2020-07-27T06:00:00Z,blm_malta_Malta District,Malta,NDVI,3881.9729266995146
2020-07-27T06:00:00Z,blm_lewistown_Lewistown District,Lewistown,EVI,2874.196778621576
2020-07-27T06:00:00Z,blm_lewistown_Lewistown District,Lewistown,NDVI,4845.368438568678
2020-07-27T06:00:00Z,blm_missoula_Missoula District,Missoula,EVI,3413.09378236391
2020-07-27T06:00:00Z,blm_missoula_Missoula District,Missoula,NDVI,6797.942533267996
2020-07-27T06:00:00Z,blm_butte_Butte District,Butte,EVI,2916.151395249088
2020-07-27T06:00:00Z,blm_butte_Butte District,Butte,NDVI,5495.805402325013
2020-07-27T06:00:00Z,blm_dillon_Dillon District,Dillon,EVI,2728.244002487451
2020-07-27T06:00:00Z,blm_dillon_Dillon District,Dillon,NDVI,5007.816295714352
2020-08-12T06:00:00Z,blm_billings_Billings District,Billings,EVI,2017.0975426057325
2020-08-12T06:00:00Z,blm_billings_Billings District,Billings,NDVI,3502.6445102427597
2020-08-12T06:00:00Z,blm_miles-city_Miles City District,Miles City,EVI,1894.7975748647168
2020-08-12T06:00:00Z,blm_miles-city_Miles City District,Miles City,NDVI,3206.155717738815
2020-08-12T06:00:00Z,blm_malta_Malta District,Malta,EVI,1941.5144467142288
2020-08-12T06:00:00Z,blm_malta_Malta District,Malta,NDVI,3183.1342807914807
2020-08-12T06:00:00Z,blm_lewistown_Lewistown District,Lewistown,EVI,2484.2740850771866
2020-08-12T06:00:00Z,blm_lewistown_Lewistown District,Lewistown,NDVI,4249.347978575441
2020-08-12T06:00:00Z,blm_missoula_Missoula District,Missoula,EVI,3186.928246739274
2020-08-12T06:00:00Z,blm_missoula_Missoula District,Missoula,NDVI,6583.043776059847
2020-08-12T06:00:00Z,blm_butte_Butte District,Butte,EVI,2629.602825264771
2020-08-12T06:00:00Z,blm_butte_Butte District,Butte,NDVI,5116.954911212274
2020-08-12T06:00:00Z,blm_dillon_Dillon District,Dillon,EVI,2490.295651682685
2020-08-12T06:00:00Z,blm_dillon_Dillon District,Dillon,NDVI,4571.625924750731
2020-08-28T06:00:00Z,blm_billings_Billings District,Billings,EVI,1906.749303262039
2020-08-28T06:00:00Z,blm_billings_Billings District,Billings,NDVI,3382.2858181211946
2020-08-28T06:00:00Z,blm_miles-city_Miles City District,Miles City,EVI,1749.6992575300808
2020-08-28T06:00:00Z,blm_miles-city_Miles City District,Miles City,NDVI,2953.826337368047
2020-08-28T06:00:00Z,blm_malta_Malta District,Malta,EVI,1833.8883919172754
2020-08-28T06:00:00Z,blm_malta_Malta District,Malta,NDVI,3010.2415412152354
2020-08-28T06:00:00Z,blm_lewistown_Lewistown District,Lewistown,EVI,2248.021718979989
2020-08-28T06:00:00Z,blm_lewistown_Lewistown District,Lewistown,NDVI,4003.0862312383592
2020-08-28T06:00:00Z,blm_missoula_Missoula District,Missoula,EVI,2958.822317347552
2020-08-28T06:00:00Z,blm_missoula_Missoula District,Missoula,NDVI,6422.842685712559
2020-08-28T06:00:00Z,blm_butte_Butte District,Butte,EVI,2353.9365361006194
2020-08-28T06:00:00Z,blm_butte_Butte District,Butte,NDVI,4998.606399703257
2020-08-28T06:00:00Z,blm_dillon_Dillon District,Dillon,EVI,2203.307180700753
2020-08-28T06:00:00Z,blm_dillon_Dillon District,Dillon,NDVI,4414.666420214576
2020-09-13T06:00:00Z,blm_billings_Billings District,Billings,EVI,1769.9221807834392
2020-09-13T06:00:00Z,blm_billings_Billings District,Billings,NDVI,3053.4935115013786
2020-09-13T06:00:00Z,blm_miles-city_Miles City District,Miles City,EVI,1639.6882873437066
2020-09-13T06:00:00Z,blm_miles-city_Miles City District,Miles City,NDVI,2706.8225966536793
2020-09-13T06:00:00Z,blm_malta_Malta District,Malta,EVI,1800.2261285626223
2020-09-13T06:00:00Z,blm_malta_Malta District,Malta,NDVI,2843.4985914609033
2020-09-13T06:00:00Z,blm_lewistown_Lewistown District,Lewistown,EVI,2103.282190007866
2020-09-13T06:00:00Z,blm_lewistown_Lewistown District,Lewistown,NDVI,3372.2213854092406
2020-09-13T06:00:00Z,blm_missoula_Missoula District,Missoula,EVI,3005.3091143815736
2020-09-13T06:00:00Z,blm_missoula_Missoula District,Missoula,NDVI,5989.7157730178105
2020-09-13T06:00:00Z,blm_butte_Butte District,Butte,EVI,2447.9066097086375
2020-09-13T06:00:00Z,blm_butte_Butte District,Butte,NDVI,4540.511164555353
2020-09-13T06:00:00Z,blm_dillon_Dillon District,Dillon,EVI,2246.446173218075
2020-09-13T06:00:00Z,blm_dillon_Dillon District,Dillon,NDVI,3970.749346934454
2020-09-29T06:00:00Z,blm_billings_Billings District,Billings,EVI,1680.342363717914
2020-09-29T06:00:00Z,blm_billings_Billings District,Billings,NDVI,2984.1552727129697
2020-09-29T06:00:00Z,blm_miles-city_Miles City District,Miles City,EVI,1563.2219048552302
2020-09-29T06:00:00Z,blm_miles-city_Miles City District,Miles City,NDVI,2652.453450076982
2020-09-29T06:00:00Z,blm_malta_Malta District,Malta,EVI,1634.2063996072081
2020-09-29T06:00:00Z,blm_malta_Malta District,Malta,NDVI,2741.8001546874293
2020-09-29T06:00:00Z,blm_lewistown_Lewistown District,Lewistown,EVI,1965.9683247491619
2020-09-29T06:00:00Z,blm_lewistown_Lewistown District,Lewistown,NDVI,3453.0728771389777
2020-09-29T06:00:00Z,blm_missoula_Missoula District,Missoula,EVI,2511.519513764609
2020-09-29T06:00:00Z,blm_missoula_Missoula District,Missoula,NDVI,6055.3075916674125
2020-09-29T06:00:00Z,blm_butte_Butte District,Butte,EVI,2039.663148359524
2020-09-29T06:00:00Z,blm_butte_Butte District,Butte,NDVI,4392.536902595838
2020-09-29T06:00:00Z,blm_dillon_Dillon District,Dillon,EVI,1885.632943767176
2020-09-29T06:00:00Z,blm_dillon_Dillon District,Dillon,NDVI,3908.3858160238897
2020-10-15T06:00:00Z,blm_billings_Billings District,Billings,EVI,1481.1183789948618
2020-10-15T06:00:00Z,blm_billings_Billings District,Billings,NDVI,2576.6877234587855
2020-10-15T06:00:00Z,blm_miles-city_Miles City District,Miles City,EVI,1350.907790780488
2020-10-15T06:00:00Z,blm_miles-city_Miles City District,Miles City,NDVI,2502.9103274520644
2020-10-15T06:00:00Z,blm_malta_Malta District,Malta,EVI,1528.0030940319762
2020-10-15T06:00:00Z,blm_malta_Malta District,Malta,NDVI,2523.2507396906244
2020-10-15T06:00:00Z,blm_lewistown_Lewistown District,Lewistown,EVI,1667.2378415819735
2020-10-15T06:00:00Z,blm_lewistown_Lewistown District,Lewistown,NDVI,2769.766357818535
2020-10-15T06:00:00Z,blm_missoula_Missoula District,Missoula,EVI,2603.0665699203596
2020-10-15T06:00:00Z,blm_missoula_Missoula District,Missoula,NDVI,5928.167521277196
2020-10-15T06:00:00Z,blm_butte_Butte District,Butte,EVI,2092.314560795416
2020-10-15T06:00:00Z,blm_butte_Butte District,Butte,NDVI,3791.333102212512
2020-10-15T06:00:00Z,blm_dillon_Dillon District,Dillon,EVI,1751.3372066929921
2020-10-15T06:00:00Z,blm_dillon_Dillon District,Dillon,NDVI,3303.7761423702486
2020-10-31T06:00:00Z,blm_billings_Billings District,Billings,EVI,1405.2603263773833
2020-10-31T06:00:00Z,blm_billings_Billings District,Billings,NDVI,2567.6621103308594
2020-10-31T06:00:00Z,blm_miles-city_Miles City District,Miles City,EVI,1342.6566267874432
2020-10-31T06:00:00Z,blm_miles-city_Miles City District,Miles City,NDVI,2397.3091069639117
2020-10-31T06:00:00Z,blm_malta_Malta District,Malta,EVI,1391.319136089771
2020-10-31T06:00:00Z,blm_malta_Malta District,Malta,NDVI,2462.5998816561355
2020-10-31T06:00:00Z,blm_lewistown_Lewistown District,Lewistown,EVI,1595.7620713701758
2020-10-31T06:00:00Z,blm_lewistown_Lewistown District,Lewistown,NDVI,2905.9678313430745
2020-10-31T06:00:00Z,blm_missoula_Missoula District,Missoula,EVI,2392.130292166375
2020-10-31T06:00:00Z,blm_missoula_Missoula District,Missoula,NDVI,5616.187368806299
2020-10-31T06:00:00Z,blm_butte_Butte District,Butte,EVI,1816.0255254683266
2020-10-31T06:00:00Z,blm_butte_Butte District,Butte,NDVI,3870.4786871929145
2020-10-31T06:00:00Z,blm_dillon_Dillon District,Dillon,EVI,1634.9655143575026
2020-10-31T06:00:00Z,blm_dillon_Dillon District,Dillon,NDVI,3473.8692626797165
2020-11-16T07:00:00Z,blm_billings_Billings District,Billings,EVI,1412.47930323389
2020-11-16T07:00:00Z,blm_billings_Billings District,Billings,NDVI,2616.1606656751974
2020-11-16T07:00:00Z,blm_miles-city_Miles City District,Miles City,EVI,1278.3596494736814
2020-11-16T07:00:00Z,blm_miles-city_Miles City District,Miles City,NDVI,2381.9729403338765
2020-11-16T07:00:00Z,blm_malta_Malta District,Malta,EVI,1257.6547718082884
2020-11-16T07:00:00Z,blm_malta_Malta District,Malta,NDVI,2203.5028232799873
2020-11-16T07:00:00Z,blm_lewistown_Lewistown District,Lewistown,EVI,1517.7810265458859
2020-11-16T07:00:00Z,blm_lewistown_Lewistown District,Lewistown,NDVI,2678.0857296258914
2020-11-16T07:00:00Z,blm_missoula_Missoula District,Missoula,EVI,2342.854213124421
2020-11-16T07:00:00Z,blm_missoula_Missoula District,Missoula,NDVI,4936.967548497635
2020-11-16T07:00:00Z,blm_butte_Butte District,Butte,EVI,1686.271093085331
2020-11-16T07:00:00Z,blm_butte_Butte District,Butte,NDVI,3081.530773156175
2020-11-16T07:00:00Z,blm_dillon_Dillon District,Dillon,EVI,1561.3129933361292
2020-11-16T07:00:00Z,blm_dillon_Dillon District,Dillon,NDVI,2614.31445175408
2020-12-02T07:00:00Z,blm_billings_Billings District,Billings,EVI,1338.1010036697617
2020-12-02T07:00:00Z,blm_billings_Billings District,Billings,NDVI,2478.447883809568
2020-12-02T07:00:00Z,blm_miles-city_Miles City District,Miles City,EVI,1273.8927977126657
2020-12-02T07:00:00Z,blm_miles-city_Miles City District,Miles City,NDVI,2314.2952041132166
2020-12-02T07:00:00Z,blm_malta_Malta District,Malta,EVI,1257.6542808975714
2020-12-02T07:00:00Z,blm_malta_Malta District,Malta,NDVI,2207.602934430643
2020-12-02T07:00:00Z,blm_lewistown_Lewistown District,Lewistown,EVI,1416.0347153577973
2020-12-02T07:00:00Z,blm_lewistown_Lewistown District,Lewistown,NDVI,2459.125777053145
2020-12-02T07:00:00Z,blm_missoula_Missoula District,Missoula,EVI,2148.8884591798906
2020-12-02T07:00:00Z,blm_missoula_Missoula District,Missoula,NDVI,4831.98844852014
2020-12-02T07:00:00Z,blm_butte_Butte District,Butte,EVI,1539.8290348068049
2020-12-02T07:00:00Z,blm_butte_Butte District,Butte,NDVI,2959.192670523167
2020-12-02T07:00:00Z,blm_dillon_Dillon District,Dillon,EVI,1402.1445913391237
2020-12-02T07:00:00Z,blm_dillon_Dillon District,Dillon,NDVI,2552.189337897058
2020-12-18T07:00:00Z,blm_billings_Billings District,Billings,EVI,1299.1130945032821
2020-12-18T07:00:00Z,blm_billings_Billings District,Billings,NDVI,2337.736266336495
2020-12-18T07:00:00Z,blm_miles-city_Miles City District,Miles City,EVI,1250.0873477508728
2020-12-18T07:00:00Z,blm_miles-city_Miles City District,Miles City,NDVI,2133.3729886674328
2020-12-18T07:00:00Z,blm_malta_Malta District,Malta,EVI,1285.5858803051892
2020-12-18T07:00:00Z,blm_malta_Malta District,Malta,NDVI,2105.8121595228954
2020-12-18T07:00:00Z,blm_lewistown_Lewistown District,Lewistown,EVI,1435.1246264226345
2020-12-18T07:00:00Z,blm_lewistown_Lewistown District,Lewistown,NDVI,2310.5793857921935
2020-12-18T07:00:00Z,blm_missoula_Missoula District,Missoula,EVI,2035.8697263397949
2020-12-18T07:00:00Z,blm_missoula_Missoula District,Missoula,NDVI,4540.074686431015
2020-12-18T07:00:00Z,blm_butte_Butte District,Butte,EVI,1273.64637849912
2020-12-18T07:00:00Z,blm_butte_Butte District,Butte,NDVI,2228.3948481515777
2020-12-18T07:00:00Z,blm_dillon_Dillon District,Dillon,EVI,1191.3433664378394
2020-12-18T07:00:00Z,blm_dillon_Dillon District,Dillon,NDVI,2040.3230938162576
2021-01-01T07:00:00Z,blm_billings_Billings District,Billings,EVI,1319.2843063210885
2021-01-01T07:00:00Z,blm_billings_Billings District,Billings,NDVI,2312.7895459997726
2021-01-01T07:00:00Z,blm_miles-city_Miles City District,Miles City,EVI,1267.5797098004393
2021-01-01T07:00:00Z,blm_miles-city_Miles City District,Miles City,NDVI,2197.5834661513068
2021-01-01T07:00:00Z,blm_malta_Malta District,Malta,EVI,1122.8203692077238
2021-01-01T07:00:00Z,blm_malta_Malta District,Malta,NDVI,1989.8736480861216
2021-01-01T07:00:00Z,blm_lewistown_Lewistown District,Lewistown,EVI,1349.484139715641
2021-01-01T07:00:00Z,blm_lewistown_Lewistown District,Lewistown,NDVI,2324.9798276206957
2021-01-01T07:00:00Z,blm_missoula_Missoula District,Missoula,EVI,2290.261679814304
2021-01-01T07:00:00Z,blm_missoula_Missoula District,Missoula,NDVI,4968.837034973939
2021-01-01T07:00:00Z,blm_butte_Butte District,Butte,EVI,1340.4847311464996
2021-01-01T07:00:00Z,blm_butte_Butte District,Butte,NDVI,2363.7506293847273
2021-01-01T07:00:00Z,blm_dillon_Dillon District,Dillon,EVI,1314.8882080714802
2021-01-01T07:00:00Z,blm_dillon_Dillon District,Dillon,NDVI,2044.3951744260612
2021-01-17T07:00:00Z,blm_billings_Billings District,Billings,EVI,1244.426236324714
2021-01-17T07:00:00Z,blm_billings_Billings District,Billings,NDVI,2234.903692896034
2021-01-17T07:00:00Z,blm_miles-city_Miles City District,Miles City,EVI,1134.5734437789033
2021-01-17T07:00:00Z,blm_miles-city_Miles City District,Miles City,NDVI,1999.1939779222334
2021-01-17T07:00:00Z,blm_malta_Malta District,Malta,EVI,1162.479094096343
2021-01-17T07:00:00Z,blm_malta_Malta District,Malta,NDVI,1964.8768044247
2021-01-17T07:00:00Z,blm_lewistown_Lewistown District,Lewistown,EVI,1294.362834062038
2021-01-17T07:00:00Z,blm_lewistown_Lewistown District,Lewistown,NDVI,2132.092708512731
2021-01-17T07:00:00Z,blm_missoula_Missoula District,Missoula,EVI,1905.9521691372447
2021-01-17T07:00:00Z,blm_missoula_Missoula District,Missoula,NDVI,3687.1050057616335
2021-01-17T07:00:00Z,blm_butte_Butte District,Butte,EVI,1316.9080191155335
2021-01-17T07:00:00Z,blm_butte_Butte District,Butte,NDVI,2217.8649130130198
2021-01-17T07:00:00Z,blm_dillon_Dillon District,Dillon,EVI,1364.5472049997597
2021-01-17T07:00:00Z,blm_dillon_Dillon District,Dillon,NDVI,2144.6392864812337
2021-02-02T07:00:00Z,blm_billings_Billings District,Billings,EVI,1239.480441368629
2021-02-02T07:00:00Z,blm_billings_Billings District,Billings,NDVI,2136.5319667077315
2021-02-02T07:00:00Z,blm_miles-city_Miles City District,Miles City,EVI,1327.7537399597177
2021-02-02T07:00:00Z,blm_miles-city_Miles City District,Miles City,NDVI,1992.7537032226394
2021-02-02T07:00:00Z,blm_malta_Malta District,Malta,EVI,1178.0679534532967
2021-02-02T07:00:00Z,blm_malta_Malta District,Malta,NDVI,2035.5558715594186
2021-02-02T07:00:00Z,blm_lewistown_Lewistown District,Lewistown,EVI,1291.5323040059448
2021-02-02T07:00:00Z,blm_lewistown_Lewistown District,Lewistown,NDVI,2150.1535637389643
2021-02-02T07:00:00Z,blm_missoula_Missoula District,Missoula,EVI,2104.953748006379
2021-02-02T07:00:00Z,blm_missoula_Missoula District,Missoula,NDVI,5033.7497694721815
2021-02-02T07:00:00Z,blm_butte_Butte District,Butte,EVI,1444.6390059288965
2021-02-02T07:00:00Z,blm_butte_Butte District,Butte,NDVI,2523.0538053121063
2021-02-02T07:00:00Z,blm_dillon_Dillon District,Dillon,EVI,1513.7091836734694
2021-02-02T07:00:00Z,blm_dillon_Dillon District,Dillon,NDVI,2240.4132653061224
2021-02-18T07:00:00Z,blm_billings_Billings District,Billings,EVI,1126.0517400260521
2021-02-18T07:00:00Z,blm_billings_Billings District,Billings,NDVI,2074.8401279512013
2021-02-18T07:00:00Z,blm_miles-city_Miles City District,Miles City,EVI,1163.1607830924818
2021-02-18T07:00:00Z,blm_miles-city_Miles City District,Miles City,NDVI,2038.294201846964
2021-02-18T07:00:00Z,blm_malta_Malta District,Malta,EVI,1077.1587907392936
2021-02-18T07:00:00Z,blm_malta_Malta District,Malta,NDVI,1883.286602101276
2021-02-18T07:00:00Z,blm_lewistown_Lewistown District,Lewistown,EVI,1200.5540058870674
2021-02-18T07:00:00Z,blm_lewistown_Lewistown District,Lewistown,NDVI,1985.1791684280222
2021-02-18T07:00:00Z,blm_missoula_Missoula District,Missoula,EVI,2017.13070684095
2021-02-18T07:00:00Z,blm_missoula_Missoula District,Missoula,NDVI,4191.47621723897
2021-02-18T07:00:00Z,blm_butte_Butte District,Butte,EVI,1210.1516066537513
2021-02-18T07:00:00Z,blm_butte_Butte District,Butte,NDVI,1966.3691826265506
2021-02-18T07:00:00Z,blm_dillon_Dillon District,Dillon,EVI,1348.0673481880228
2021-02-18T07:00:00Z,blm_dillon_Dillon District,Dillon,NDVI,1856.9843723133288
2021-03-06T07:00:00Z,blm_billings_Billings District,Billings,EVI,1271.3237784788384
2021-03-06T07:00:00Z,blm_billings_Billings District,Billings,NDVI,2286.846594405691
2021-03-06T07:00:00Z,blm_miles-city_Miles City District,Miles City,EVI,1240.3452032097966
2021-03-06T07:00:00Z,blm_miles-city_Miles City District,Miles City,NDVI,2188.9566846457046
2021-03-06T07:00:00Z,blm_malta_Malta District,Malta,EVI,1168.9366685139416
2021-03-06T07:00:00Z,blm_malta_Malta District,Malta,NDVI,2070.447868425567
2021-03-06T07:00:00Z,blm_lewistown_Lewistown District,Lewistown,EVI,1336.7975020326257
2021-03-06T07:00:00Z,blm_lewistown_Lewistown District,Lewistown,NDVI,2262.798432471639
2021-03-06T07:00:00Z,blm_missoula_Missoula District,Missoula,EVI,2155.0440484423284
2021-03-06T07:00:00Z,blm_missoula_Missoula District,Missoula,NDVI,4642.571483882009
2021-03-06T07:00:00Z,blm_butte_Butte District,Butte,EVI,1268.1900449517798
2021-03-06T07:00:00Z,blm_butte_Butte District,Butte,NDVI,2242.0006912466297
2021-03-06T07:00:00Z,blm_dillon_Dillon District,Dillon,EVI,1215.7633965635891
2021-03-06T07:00:00Z,blm_dillon_Dillon District,Dillon,NDVI,1909.2676253386894
2021-03-22T06:00:00Z,blm_billings_Billings District,Billings,EVI,1436.037088521436
2021-03-22T06:00:00Z,blm_billings_Billings District,Billings,NDVI,2499.0901850904156
2021-03-22T06:00:00Z,blm_miles-city_Miles City District,Miles City,EVI,1328.3519637864454
2021-03-22T06:00:00Z,blm_miles-city_Miles City District,Miles City,NDVI,2236.0926568942746
2021-03-22T06:00:00Z,blm_malta_Malta District,Malta,EVI,1252.7933139222916
2021-03-22T06:00:00Z,blm_malta_Malta District,Malta,NDVI,2092.487743598003
2021-03-22T06:00:00Z,blm_lewistown_Lewistown District,Lewistown,EVI,1451.0387299055105
2021-03-22T06:00:00Z,blm_lewistown_Lewistown District,Lewistown,NDVI,2422.3282567910956
2021-03-22T06:00:00Z,blm_missoula_Missoula District,Missoula,EVI,2334.042408056036
2021-03-22T06:00:00Z,blm_missoula_Missoula District,Missoula,NDVI,4715.728920876456
2021-03-22T06:00:00Z,blm_butte_Butte District,Butte,EVI,1467.4188906962663
2021-03-22T06:00:00Z,blm_butte_Butte District,Butte,NDVI,2574.762811055931
2021-03-22T06:00:00Z,blm_dillon_Dillon District,Dillon,EVI,1251.674415849627
2021-03-22T06:00:00Z,blm_dillon_Dillon District,Dillon,NDVI,2004.6665182516117
2021-04-07T06:00:00Z,blm_billings_Billings District,Billings,EVI,1754.8890360938276
2021-04-07T06:00:00Z,blm_billings_Billings District,Billings,NDVI,2943.4829099155877
2021-04-07T06:00:00Z,blm_miles-city_Miles City District,Miles City,EVI,1498.9636359604895
2021-04-07T06:00:00Z,blm_miles-city_Miles City District,Miles City,NDVI,2520.2958835857416
2021-04-07T06:00:00Z,blm_malta_Malta District,Malta,EVI,1392.9040467247405
2021-04-07T06:00:00Z,blm_malta_Malta District,Malta,NDVI,2322.640974283539
2021-04-07T06:00:00Z,blm_lewistown_Lewistown District,Lewistown,EVI,1675.4298931412147
2021-04-07T06:00:00Z,blm_lewistown_Lewistown District,Lewistown,NDVI,2815.5307593355437
2021-04-07T06:00:00Z,blm_missoula_Missoula District,Missoula,EVI,2334.526197910755
2021-04-07T06:00:00Z,blm_missoula_Missoula District,Missoula,NDVI,5089.516221831037
2021-04-07T06:00:00Z,blm_butte_Butte District,Butte,EVI,1618.3210380862301
2021-04-07T06:00:00Z,blm_butte_Butte District,Butte,NDVI,3028.046469346285
2021-04-07T06:00:00Z,blm_dillon_Dillon District,Dillon,EVI,1368.6288603551134
2021-04-07T06:00:00Z,blm_dillon_Dillon District,Dillon,NDVI,2324.6372499656004
2021-04-23T06:00:00Z,blm_billings_Billings District,Billings,EVI,2108.455123087908
2021-04-23T06:00:00Z,blm_billings_Billings District,Billings,NDVI,3607.3309933796104
2021-04-23T06:00:00Z,blm_miles-city_Miles City District,Miles City,EVI,1664.9444675088735
2021-04-23T06:00:00Z,blm_miles-city_Miles City District,Miles City,NDVI,2753.9183534202484
2021-04-23T06:00:00Z,blm_malta_Malta District,Malta,EVI,1640.984602659345
2021-04-23T06:00:00Z,blm_malta_Malta District,Malta,NDVI,2656.2011112694395
2021-04-23T06:00:00Z,blm_lewistown_Lewistown District,Lewistown,EVI,2024.340242314644
2021-04-23T06:00:00Z,blm_lewistown_Lewistown District,Lewistown,NDVI,3377.000638490166
2021-04-23T06:00:00Z,blm_missoula_Missoula District,Missoula,EVI,2909.3341465567473
2021-04-23T06:00:00Z,blm_missoula_Missoula District,Missoula,NDVI,5484.521599180086
2021-04-23T06:00:00Z,blm_butte_Butte District,Butte,EVI,2065.517887360277
2021-04-23T06:00:00Z,blm_butte_Butte District,Butte,NDVI,3700.0114310299637
2021-04-23T06:00:00Z,blm_dillon_Dillon District,Dillon,EVI,1751.5186143543658
2021-04-23T06:00:00Z,blm_dillon_Dillon District,Dillon,NDVI,3012.255433623231
2021-05-09T06:00:00Z,blm_billings_Billings District,Billings,EVI,2676.219402440669
2021-05-09T06:00:00Z,blm_billings_Billings District,Billings,NDVI,4224.57267429383
2021-05-09T06:00:00Z,blm_miles-city_Miles City District,Miles City,EVI,1936.7725972779888
2021-05-09T06:00:00Z,blm_miles-city_Miles City District,Miles City,NDVI,3135.534345671166
2021-05-09T06:00:00Z,blm_malta_Malta District,Malta,EVI,2089.624906480956
2021-05-09T06:00:00Z,blm_malta_Malta District,Malta,NDVI,3229.217375606204
2021-05-09T06:00:00Z,blm_lewistown_Lewistown District,Lewistown,EVI,2721.476711551028
2021-05-09T06:00:00Z,blm_lewistown_Lewistown District,Lewistown,NDVI,4351.2388602617575
2021-05-09T06:00:00Z,blm_missoula_Missoula District,Missoula,EVI,3001.785516447327
2021-05-09T06:00:00Z,blm_missoula_Missoula District,Missoula,NDVI,5961.4011227523915
2021-05-09T06:00:00Z,blm_butte_Butte District,Butte,EVI,2460.056277730244
2021-05-09T06:00:00Z,blm_butte_Butte District,Butte,NDVI,4553.101436988537
2021-05-09T06:00:00Z,blm_dillon_Dillon District,Dillon,EVI,2024.3726243824187
2021-05-09T06:00:00Z,blm_dillon_Dillon District,Dillon,NDVI,3805.7285732249848
2021-05-25T06:00:00Z,blm_billings_Billings District,Billings,EVI,2777.963522739066
2021-05-25T06:00:00Z,blm_billings_Billings District,Billings,NDVI,4580.349016564947
2021-05-25T06:00:00Z,blm_miles-city_Miles City District,Miles City,EVI,2153.2175638259064
2021-05-25T06:00:00Z,blm_miles-city_Miles City District,Miles City,NDVI,3571.5723565044104
2021-05-25T06:00:00Z,blm_malta_Malta District,Malta,EVI,2381.1900268215404
2021-05-25T06:00:00Z,blm_malta_Malta District,Malta,NDVI,3789.2434425685683
2021-05-25T06:00:00Z,blm_lewistown_Lewistown District,Lewistown,EVI,3069.8844679086633
2021-05-25T06:00:00Z,blm_lewistown_Lewistown District,Lewistown,NDVI,4958.047376199718
2021-05-25T06:00:00Z,blm_missoula_Missoula District,Missoula,EVI,3116.2472673018437
2021-05-25T06:00:00Z,blm_missoula_Missoula District,Missoula,NDVI,6402.030847143126
2021-05-25T06:00:00Z,blm_butte_Butte District,Butte,EVI,2827.818687212278
2021-05-25T06:00:00Z,blm_butte_Butte District,Butte,NDVI,5039.389436495554
2021-05-25T06:00:00Z,blm_dillon_Dillon District,Dillon,EVI,2510.3041634011715
2021-05-25T06:00:00Z,blm_dillon_Dillon District,Dillon,NDVI,4371.18968779763
2021-06-10T06:00:00Z,blm_billings_Billings District,Billings,EVI,2504.2143431073
2021-06-10T06:00:00Z,blm_billings_Billings District,Billings,NDVI,4092.605632958093
2021-06-10T06:00:00Z,blm_miles-city_Miles City District,Miles City,EVI,2237.1571695982393
2021-06-10T06:00:00Z,blm_miles-city_Miles City District,Miles City,NDVI,3558.672604869921
2021-06-10T06:00:00Z,blm_malta_Malta District,Malta,EVI,2623.6150280356883
2021-06-10T06:00:00Z,blm_malta_Malta District,Malta,NDVI,4020.0000392967645
2021-06-10T06:00:00Z,blm_lewistown_Lewistown District,Lewistown,EVI,3174.094182211261
2021-06-10T06:00:00Z,blm_lewistown_Lewistown District,Lewistown,NDVI,5111.252724787214
2021-06-10T06:00:00Z,blm_missoula_Missoula District,Missoula,EVI,3477.107707111614
2021-06-10T06:00:00Z,blm_missoula_Missoula District,Missoula,NDVI,6659.5814106236085
2021-06-10T06:00:00Z,blm_butte_Butte District,Butte,EVI,2912.839631244472
2021-06-10T06:00:00Z,blm_butte_Butte District,Butte,NDVI,5237.135862846294
2021-06-10T06:00:00Z,blm_dillon_Dillon District,Dillon,EVI,2655.7229857353104
2021-06-10T06:00:00Z,blm_dillon_Dillon District,Dillon,NDVI,4654.670629759896
2021-06-26T06:00:00Z,blm_billings_Billings District,Billings,EVI,2236.743545064162
2021-06-26T06:00:00Z,blm_billings_Billings District,Billings,NDVI,3638.6682165921534
2021-06-26T06:00:00Z,blm_miles-city_Miles City District,Miles City,EVI,2043.0006086284998
2021-06-26T06:00:00Z,blm_miles-city_Miles City District,Miles City,NDVI,3257.7257023847496
2021-06-26T06:00:00Z,blm_malta_Malta District,Malta,EVI,2340.894285609654
2021-06-26T06:00:00Z,blm_malta_Malta District,Malta,NDVI,3586.502998362809
2021-06-26T06:00:00Z,blm_lewistown_Lewistown District,Lewistown,EVI,2924.1482368487505
2021-06-26T06:00:00Z,blm_lewistown_Lewistown District,Lewistown,NDVI,4671.660050307664
2021-06-26T06:00:00Z,blm_missoula_Missoula District,Missoula,EVI,3612.0828486440005
2021-06-26T06:00:00Z,blm_missoula_Missoula District,Missoula,NDVI,6796.869464197326
2021-06-26T06:00:00Z,blm_butte_Butte District,Butte,EVI,2836.376966901616
2021-06-26T06:00:00Z,blm_butte_Butte District,Butte,NDVI,5141.290276800101
2021-06-26T06:00:00Z,blm_dillon_Dillon District,Dillon,EVI,2600.1645066544124
2021-06-26T06:00:00Z,blm_dillon_Dillon District,Dillon,NDVI,4614.380582602267
2021-07-12T06:00:00Z,blm_billings_Billings District,Billings,EVI,1953.9373905211592
2021-07-12T06:00:00Z,blm_billings_Billings District,Billings,NDVI,3258.393664217581
2021-07-12T06:00:00Z,blm_miles-city_Miles City District,Miles City,EVI,1878.2826662406442
2021-07-12T06:00:00Z,blm_miles-city_Miles City District,Miles City,NDVI,2908.679982431257
2021-07-12T06:00:00Z,blm_malta_Malta District,Malta,EVI,2014.249602597248
2021-07-12T06:00:00Z,blm_malta_Malta District,Malta,NDVI,3187.908418250587
2021-07-12T06:00:00Z,blm_lewistown_Lewistown District,Lewistown,EVI,2474.76213266692
2021-07-12T06:00:00Z,blm_lewistown_Lewistown District,Lewistown,NDVI,4288.473046813212
2021-07-12T06:00:00Z,blm_missoula_Missoula District,Missoula,EVI,3457.3488402656676
2021-07-12T06:00:00Z,blm_missoula_Missoula District,Missoula,NDVI,6480.096215286579
2021-07-12T06:00:00Z,blm_butte_Butte District,Butte,EVI,2536.9481613055013
2021-07-12T06:00:00Z,blm_butte_Butte District,Butte,NDVI,4906.961575166206
2021-07-12T06:00:00Z,blm_dillon_Dillon District,Dillon,EVI,2370.334956642168
2021-07-12T06:00:00Z,blm_dillon_Dillon District,Dillon,NDVI,4389.854197983829
2021-07-28T06:00:00Z,blm_billings_Billings District,Billings,EVI,1830.0440844969771
2021-07-28T06:00:00Z,blm_billings_Billings District,Billings,NDVI,3048.8731853615504
2021-07-28T06:00:00Z,blm_miles-city_Miles City District,Miles City,EVI,1694.5324175571766
2021-07-28T06:00:00Z,blm_miles-city_Miles City District,Miles City,NDVI,2686.567473550239
2021-07-28T06:00:00Z,blm_malta_Malta District,Malta,EVI,1779.7335539388246
2021-07-28T06:00:00Z,blm_malta_Malta District,Malta,NDVI,2724.7546276632847
2021-07-28T06:00:00Z,blm_lewistown_Lewistown District,Lewistown,EVI,2221.5550265124366
2021-07-28T06:00:00Z,blm_lewistown_Lewistown District,Lewistown,NDVI,3488.962633509183
2021-07-28T06:00:00Z,blm_missoula_Missoula District,Missoula,EVI,3036.7524945665505
2021-07-28T06:00:00Z,blm_missoula_Missoula District,Missoula,NDVI,6726.183334817669
2021-07-28T06:00:00Z,blm_butte_Butte District,Butte,EVI,2537.3780073908288
2021-07-28T06:00:00Z,blm_butte_Butte District,Butte,NDVI,4701.208987544792
2021-07-28T06:00:00Z,blm_dillon_Dillon District,Dillon,EVI,2274.0824391904775
2021-07-28T06:00:00Z,blm_dillon_Dillon District,Dillon,NDVI,4251.584325082525
2021-08-13T06:00:00Z,blm_billings_Billings District,Billings,EVI,1826.8018663813637
2021-08-13T06:00:00Z,blm_billings_Billings District,Billings,NDVI,3170.7771105205197
2021-08-13T06:00:00Z,blm_miles-city_Miles City District,Miles City,EVI,1511.8907798673883
2021-08-13T06:00:00Z,blm_miles-city_Miles City District,Miles City,NDVI,2513.2546567281593
2021-08-13T06:00:00Z,blm_malta_Malta District,Malta,EVI,1704.3619736648154
2021-08-13T06:00:00Z,blm_malta_Malta District,Malta,NDVI,2719.6941993111045
2021-08-13T06:00:00Z,blm_lewistown_Lewistown District,Lewistown,EVI,2077.802711873861
2021-08-13T06:00:00Z,blm_lewistown_Lewistown District,Lewistown,NDVI,3892.054650079282
2021-08-13T06:00:00Z,blm_missoula_Missoula District,Missoula,EVI,3034.84702053791
2021-08-13T06:00:00Z,blm_missoula_Missoula District,Missoula,NDVI,6237.9276672212145
2021-08-13T06:00:00Z,blm_butte_Butte District,Butte,EVI,2195.091567898599
2021-08-13T06:00:00Z,blm_butte_Butte District,Butte,NDVI,4701.066883293525
2021-08-13T06:00:00Z,blm_dillon_Dillon District,Dillon,EVI,2112.887866537216
2021-08-13T06:00:00Z,blm_dillon_Dillon District,Dillon,NDVI,4325.287275740349
2021-08-29T06:00:00Z,blm_billings_Billings District,Billings,EVI,1937.4425058741717
2021-08-29T06:00:00Z,blm_billings_Billings District,Billings,NDVI,3397.413187101455
2021-08-29T06:00:00Z,blm_miles-city_Miles City District,Miles City,EVI,1540.5920612199536
2021-08-29T06:00:00Z,blm_miles-city_Miles City District,Miles City,NDVI,2683.483437853079
2021-08-29T06:00:00Z,blm_malta_Malta District,Malta,EVI,1759.3766276303613
2021-08-29T06:00:00Z,blm_malta_Malta District,Malta,NDVI,3015.9734215324625
2021-08-29T06:00:00Z,blm_lewistown_Lewistown District,Lewistown,EVI,2181.4600937242485
2021-08-29T06:00:00Z,blm_lewistown_Lewistown District,Lewistown,NDVI,4112.126058118775
2021-08-29T06:00:00Z,blm_missoula_Missoula District,Missoula,EVI,2879.555913799755
2021-08-29T06:00:00Z,blm_missoula_Missoula District,Missoula,NDVI,6341.142063993134
2021-08-29T06:00:00Z,blm_butte_Butte District,Butte,EVI,2226.827154321463
2021-08-29T06:00:00Z,blm_butte_Butte District,Butte,NDVI,4671.84554602291
2021-08-29T06:00:00Z,blm_dillon_Dillon District,Dillon,EVI,2071.9825445096512
2021-08-29T06:00:00Z,blm_dillon_Dillon District,Dillon,NDVI,4185.378144229538
2021-09-14T06:00:00Z,blm_billings_Billings District,Billings,EVI,1848.573459527876
2021-09-14T06:00:00Z,blm_billings_Billings District,Billings,NDVI,3313.2849564644985
2021-09-14T06:00:00Z,blm_miles-city_Miles City District,Miles City,EVI,1542.2174643663066
2021-09-14T06:00:00Z,blm_miles-city_Miles City District,Miles City,NDVI,2673.906337142311
2021-09-14T06:00:00Z,blm_malta_Malta District,Malta,EVI,1685.062630209335
2021-09-14T06:00:00Z,blm_malta_Malta District,Malta,NDVI,2879.501729194945
2021-09-14T06:00:00Z,blm_lewistown_Lewistown District,Lewistown,EVI,2028.0068245650937
2021-09-14T06:00:00Z,blm_lewistown_Lewistown District,Lewistown,NDVI,3776.156954887301
2021-09-14T06:00:00Z,blm_missoula_Missoula District,Missoula,EVI,2639.2096740709608
2021-09-14T06:00:00Z,blm_missoula_Missoula District,Missoula,NDVI,6245.946818297728
2021-09-14T06:00:00Z,blm_butte_Butte District,Butte,EVI,2104.6598877027445
2021-09-14T06:00:00Z,blm_butte_Butte District,Butte,NDVI,4687.789186790629
2021-09-14T06:00:00Z,blm_dillon_Dillon District,Dillon,EVI,1799.8433781099682
2021-09-14T06:00:00Z,blm_dillon_Dillon District,Dillon,NDVI,3896.264799174543
2021-09-30T06:00:00Z,blm_billings_Billings District,Billings,EVI,1656.7860461475216
2021-09-30T06:00:00Z,blm_billings_Billings District,Billings,NDVI,3089.2359457093185
2021-09-30T06:00:00Z,blm_miles-city_Miles City District,Miles City,EVI,1396.2914143328346
2021-09-30T06:00:00Z,blm_miles-city_Miles City District,Miles City,NDVI,2602.6173936706023
2021-09-30T06:00:00Z,blm_malta_Malta District,Malta,EVI,1477.6085158115307
2021-09-30T06:00:00Z,blm_malta_Malta District,Malta,NDVI,2600.4831506725695
2021-09-30T06:00:00Z,blm_lewistown_Lewistown District,Lewistown,EVI,1802.1220714107144
2021-09-30T06:00:00Z,blm_lewistown_Lewistown District,Lewistown,NDVI,3462.108594162703
2021-09-30T06:00:00Z,blm_missoula_Missoula District,Missoula,EVI,2418.5510776910214
2021-09-30T06:00:00Z,blm_missoula_Missoula District,Missoula,NDVI,5906.543853661597
2021-09-30T06:00:00Z,blm_butte_Butte District,Butte,EVI,1869.3271162069532
2021-09-30T06:00:00Z,blm_butte_Butte District,Butte,NDVI,4309.262778844605
2021-09-30T06:00:00Z,blm_dillon_Dillon District,Dillon,EVI,1651.6351091296858
2021-09-30T06:00:00Z,blm_dillon_Dillon District,Dillon,NDVI,3554.325345604781
2021-10-16T06:00:00Z,blm_billings_Billings District,Billings,EVI,1625.7765993575047
2021-10-16T06:00:00Z,blm_billings_Billings District,Billings,NDVI,3050.8305285851816
2021-10-16T06:00:00Z,blm_miles-city_Miles City District,Miles City,EVI,1342.0310612007047
2021-10-16T06:00:00Z,blm_miles-city_Miles City District,Miles City,NDVI,2589.991305103351
2021-10-16T06:00:00Z,blm_malta_Malta District,Malta,EVI,1437.7346435504437
2021-10-16T06:00:00Z,blm_malta_Malta District,Malta,NDVI,2553.350423190084
2021-10-16T06:00:00Z,blm_lewistown_Lewistown District,Lewistown,EVI,1796.7622580266436
2021-10-16T06:00:00Z,blm_lewistown_Lewistown District,Lewistown,NDVI,3375.1265033894756
2021-10-16T06:00:00Z,blm_missoula_Missoula District,Missoula,EVI,2330.597122675268
2021-10-16T06:00:00Z,blm_missoula_Missoula District,Missoula,NDVI,5499.053383406801
2021-10-16T06:00:00Z,blm_butte_Butte District,Butte,EVI,2009.482970424898
2021-10-16T06:00:00Z,blm_butte_Butte District,Butte,NDVI,4245.141395031008
2021-10-16T06:00:00Z,blm_dillon_Dillon District,Dillon,EVI,1727.1672602957774
2021-10-16T06:00:00Z,blm_dillon_Dillon District,Dillon,NDVI,3538.824071887373
2021-11-01T06:00:00Z,blm_billings_Billings District,Billings,EVI,1573.9825418174185
2021-11-01T06:00:00Z,blm_billings_Billings District,Billings,NDVI,2998.4377116428045
2021-11-01T06:00:00Z,blm_miles-city_Miles City District,Miles City,EVI,1308.1946428665453
2021-11-01T06:00:00Z,blm_miles-city_Miles City District,Miles City,NDVI,2464.1504616211855
2021-11-01T06:00:00Z,blm_malta_Malta District,Malta,EVI,1338.3719683133884
2021-11-01T06:00:00Z,blm_malta_Malta District,Malta,NDVI,2368.494711416453
2021-11-01T06:00:00Z,blm_lewistown_Lewistown District,Lewistown,EVI,1621.751357455173
2021-11-01T06:00:00Z,blm_lewistown_Lewistown District,Lewistown,NDVI,3212.4162451815846
2021-11-01T06:00:00Z,blm_missoula_Missoula District,Missoula,EVI,2091.161223333794
2021-11-01T06:00:00Z,blm_missoula_Missoula District,Missoula,NDVI,5681.71687968162
2021-11-01T06:00:00Z,blm_butte_Butte District,Butte,EVI,1822.593020634031
2021-11-01T06:00:00Z,blm_butte_Butte District,Butte,NDVI,4221.574890323921
2021-11-01T06:00:00Z,blm_dillon_Dillon District,Dillon,EVI,1539.6106980089717
2021-11-01T06:00:00Z,blm_dillon_Dillon District,Dillon,NDVI,3285.0176429678095
2021-11-17T07:00:00Z,blm_billings_Billings District,Billings,EVI,1558.819246684257
2021-11-17T07:00:00Z,blm_billings_Billings District,Billings,NDVI,2863.7245559564353
2021-11-17T07:00:00Z,blm_miles-city_Miles City District,Miles City,EVI,1282.362894390484
2021-11-17T07:00:00Z,blm_miles-city_Miles City District,Miles City,NDVI,2379.4028797565747
2021-11-17T07:00:00Z,blm_malta_Malta District,Malta,EVI,1313.7793858592163
2021-11-17T07:00:00Z,blm_malta_Malta District,Malta,NDVI,2216.7536667912937
2021-11-17T07:00:00Z,blm_lewistown_Lewistown District,Lewistown,EVI,1601.921295554028
2021-11-17T07:00:00Z,blm_lewistown_Lewistown District,Lewistown,NDVI,2774.517851675808
2021-11-17T07:00:00Z,blm_missoula_Missoula District,Missoula,EVI,2173.8700378903063
2021-11-17T07:00:00Z,blm_missoula_Missoula District,Missoula,NDVI,5163.951929477371
2021-11-17T07:00:00Z,blm_butte_Butte District,Butte,EVI,1713.7869557742176
2021-11-17T07:00:00Z,blm_butte_Butte District,Butte,NDVI,3607.9168511582143
2021-11-17T07:00:00Z,blm_dillon_Dillon District,Dillon,EVI,1418.0292626573003
2021-11-17T07:00:00Z,blm_dillon_Dillon District,Dillon,NDVI,2958.5637543939115
2021-12-03T07:00:00Z,blm_billings_Billings District,Billings,EVI,1321.7817189348752
2021-12-03T07:00:00Z,blm_billings_Billings District,Billings,NDVI,2508.3968882024146
2021-12-03T07:00:00Z,blm_miles-city_Miles City District,Miles City,EVI,1322.9709282252722
2021-12-03T07:00:00Z,blm_miles-city_Miles City District,Miles City,NDVI,2666.2678603071668
2021-12-03T07:00:00Z,blm_malta_Malta District,Malta,EVI,1471.0889441508496
2021-12-03T07:00:00Z,blm_malta_Malta District,Malta,NDVI,2274.032618086145
2021-12-03T07:00:00Z,blm_lewistown_Lewistown District,Lewistown,EVI,1384.1948379277703
2021-12-03T07:00:00Z,blm_lewistown_Lewistown District,Lewistown,NDVI,2199.242055033146
2021-12-03T07:00:00Z,blm_missoula_Missoula District,Missoula,EVI,2012.0282945147667
2021-12-03T07:00:00Z,blm_missoula_Missoula District,Missoula,NDVI,3919.789441704812
2021-12-03T07:00:00Z,blm_butte_Butte District,Butte,EVI,1464.6066446083082
2021-12-03T07:00:00Z,blm_butte_Butte District,Butte,NDVI,2803.0092274990598
2021-12-03T07:00:00Z,blm_dillon_Dillon District,Dillon,EVI,1294.195542026343
2021-12-03T07:00:00Z,blm_dillon_Dillon District,Dillon,NDVI,2472.163658839522
2021-12-19T07:00:00Z,blm_billings_Billings District,Billings,EVI,1398.5385103681763
2021-12-19T07:00:00Z,blm_billings_Billings District,Billings,NDVI,2439.474632963314
2021-12-19T07:00:00Z,blm_miles-city_Miles City District,Miles City,EVI,1510.322737960026
2021-12-19T07:00:00Z,blm_miles-city_Miles City District,Miles City,NDVI,2417.963261314783
2021-12-19T07:00:00Z,blm_malta_Malta District,Malta,EVI,970.9111111111112
2021-12-19T07:00:00Z,blm_malta_Malta District,Malta,NDVI,1951.7555555555555
2021-12-19T07:00:00Z,blm_lewistown_Lewistown District,Lewistown,EVI,1441.4819672131148
2021-12-19T07:00:00Z,blm_lewistown_Lewistown District,Lewistown,NDVI,2380.9836065573772
2021-12-19T07:00:00Z,blm_missoula_Missoula District,Missoula,EVI,NA
2021-12-19T07:00:00Z,blm_missoula_Missoula District,Missoula,NDVI,NA
2021-12-19T07:00:00Z,blm_butte_Butte District,Butte,EVI,1038.374930780086
2021-12-19T07:00:00Z,blm_butte_Butte District,Butte,NDVI,2305.579178649899
2021-12-19T07:00:00Z,blm_dillon_Dillon District,Dillon,EVI,1252.5192443241829
2021-12-19T07:00:00Z,blm_dillon_Dillon District,Dillon,NDVI,2124.164578874413
2022-01-01T07:00:00Z,blm_billings_Billings District,Billings,EVI,1426.9711221066245
2022-01-01T07:00:00Z,blm_billings_Billings District,Billings,NDVI,2440.175410175803
2022-01-01T07:00:00Z,blm_miles-city_Miles City District,Miles City,EVI,1488.2975984547556
2022-01-01T07:00:00Z,blm_miles-city_Miles City District,Miles City,NDVI,2449.094841357777
2022-01-01T07:00:00Z,blm_malta_Malta District,Malta,EVI,1563.741153159384
2022-01-01T07:00:00Z,blm_malta_Malta District,Malta,NDVI,2266.3525679481118
2022-01-01T07:00:00Z,blm_lewistown_Lewistown District,Lewistown,EVI,1514.5593701709088
2022-01-01T07:00:00Z,blm_lewistown_Lewistown District,Lewistown,NDVI,2238.518331561291
2022-01-01T07:00:00Z,blm_missoula_Missoula District,Missoula,EVI,1742.5495087900727
2022-01-01T07:00:00Z,blm_missoula_Missoula District,Missoula,NDVI,5342.407574974147
2022-01-01T07:00:00Z,blm_butte_Butte District,Butte,EVI,1094.0491616777635
2022-01-01T07:00:00Z,blm_butte_Butte District,Butte,NDVI,4209.307633488129
2022-01-01T07:00:00Z,blm_dillon_Dillon District,Dillon,EVI,1326.9021026452635
2022-01-01T07:00:00Z,blm_dillon_Dillon District,Dillon,NDVI,4182.820936016279
2022-01-17T07:00:00Z,blm_billings_Billings District,Billings,EVI,1137.0513862952537
2022-01-17T07:00:00Z,blm_billings_Billings District,Billings,NDVI,2086.8135361995414
2022-01-17T07:00:00Z,blm_miles-city_Miles City District,Miles City,EVI,1186.37980473004
2022-01-17T07:00:00Z,blm_miles-city_Miles City District,Miles City,NDVI,2155.224703632737
2022-01-17T07:00:00Z,blm_malta_Malta District,Malta,EVI,1104.3303068664507
2022-01-17T07:00:00Z,blm_malta_Malta District,Malta,NDVI,1899.6805019465908
2022-01-17T07:00:00Z,blm_lewistown_Lewistown District,Lewistown,EVI,1260.3704105550628
2022-01-17T07:00:00Z,blm_lewistown_Lewistown District,Lewistown,NDVI,2015.7653926979724
2022-01-17T07:00:00Z,blm_missoula_Missoula District,Missoula,EVI,1760.0205992509364
2022-01-17T07:00:00Z,blm_missoula_Missoula District,Missoula,NDVI,3472.717852684145
2022-01-17T07:00:00Z,blm_butte_Butte District,Butte,EVI,1520.9526700759968
2022-01-17T07:00:00Z,blm_butte_Butte District,Butte,NDVI,2967.03357714798
2022-01-17T07:00:00Z,blm_dillon_Dillon District,Dillon,EVI,1446.4171946105112
2022-01-17T07:00:00Z,blm_dillon_Dillon District,Dillon,NDVI,2501.93055679486
2022-02-02T07:00:00Z,blm_billings_Billings District,Billings,EVI,1264.8120394933017
2022-02-02T07:00:00Z,blm_billings_Billings District,Billings,NDVI,2283.7160313837685
2022-02-02T07:00:00Z,blm_miles-city_Miles City District,Miles City,EVI,1121.3993090023514
2022-02-02T07:00:00Z,blm_miles-city_Miles City District,Miles City,NDVI,2087.399216504495
2022-02-02T07:00:00Z,blm_malta_Malta District,Malta,EVI,1095.2207549111274
2022-02-02T07:00:00Z,blm_malta_Malta District,Malta,NDVI,1947.6861085190208
2022-02-02T07:00:00Z,blm_lewistown_Lewistown District,Lewistown,EVI,1215.2923147309498
2022-02-02T07:00:00Z,blm_lewistown_Lewistown District,Lewistown,NDVI,2044.5769552843667
2022-02-02T07:00:00Z,blm_missoula_Missoula District,Missoula,EVI,1882.8179680891812
2022-02-02T07:00:00Z,blm_missoula_Missoula District,Missoula,NDVI,4082.7725366667205
2022-02-02T07:00:00Z,blm_butte_Butte District,Butte,EVI,1255.9002058838075
2022-02-02T07:00:00Z,blm_butte_Butte District,Butte,NDVI,2128.8661599556003
2022-02-02T07:00:00Z,blm_dillon_Dillon District,Dillon,EVI,1304.4021418147693
2022-02-02T07:00:00Z,blm_dillon_Dillon District,Dillon,NDVI,2033.1808117423927
2022-02-18T07:00:00Z,blm_billings_Billings District,Billings,EVI,1282.700766104289
2022-02-18T07:00:00Z,blm_billings_Billings District,Billings,NDVI,2061.610988211866
2022-02-18T07:00:00Z,blm_miles-city_Miles City District,Miles City,EVI,1395.823442691946
2022-02-18T07:00:00Z,blm_miles-city_Miles City District,Miles City,NDVI,2452.9703017372062
2022-02-18T07:00:00Z,blm_malta_Malta District,Malta,EVI,1212.8236861825806
2022-02-18T07:00:00Z,blm_malta_Malta District,Malta,NDVI,1845.9897430970557
2022-02-18T07:00:00Z,blm_lewistown_Lewistown District,Lewistown,EVI,1393.3608205509474
2022-02-18T07:00:00Z,blm_lewistown_Lewistown District,Lewistown,NDVI,1997.8293715761477
2022-02-18T07:00:00Z,blm_missoula_Missoula District,Missoula,EVI,1666.9713896457765
2022-02-18T07:00:00Z,blm_missoula_Missoula District,Missoula,NDVI,3683.0701634877382
2022-02-18T07:00:00Z,blm_butte_Butte District,Butte,EVI,1375.5967102101934
2022-02-18T07:00:00Z,blm_butte_Butte District,Butte,NDVI,2192.6931578182794
2022-02-18T07:00:00Z,blm_dillon_Dillon District,Dillon,EVI,1475.2017754992482
2022-02-18T07:00:00Z,blm_dillon_Dillon District,Dillon,NDVI,2048.1318718824773
2022-03-06T07:00:00Z,blm_billings_Billings District,Billings,EVI,1291.8939647144678
2022-03-06T07:00:00Z,blm_billings_Billings District,Billings,NDVI,2303.3678650943616
2022-03-06T07:00:00Z,blm_miles-city_Miles City District,Miles City,EVI,1125.1782342751846
2022-03-06T07:00:00Z,blm_miles-city_Miles City District,Miles City,NDVI,2170.548521991643
2022-03-06T07:00:00Z,blm_malta_Malta District,Malta,EVI,1168.2062021846548
2022-03-06T07:00:00Z,blm_malta_Malta District,Malta,NDVI,2029.1378451048574
2022-03-06T07:00:00Z,blm_lewistown_Lewistown District,Lewistown,EVI,1259.2454298790576
2022-03-06T07:00:00Z,blm_lewistown_Lewistown District,Lewistown,NDVI,2140.727297261698
2022-03-06T07:00:00Z,blm_missoula_Missoula District,Missoula,EVI,2211.993139526609
2022-03-06T07:00:00Z,blm_missoula_Missoula District,Missoula,NDVI,3938.3194075152755
2022-03-06T07:00:00Z,blm_butte_Butte District,Butte,EVI,1521.8907821147507
2022-03-06T07:00:00Z,blm_butte_Butte District,Butte,NDVI,2501.1644826998545
2022-03-06T07:00:00Z,blm_dillon_Dillon District,Dillon,EVI,1445.0134917836108
2022-03-06T07:00:00Z,blm_dillon_Dillon District,Dillon,NDVI,2145.510468955905
2022-03-22T06:00:00Z,blm_billings_Billings District,Billings,EVI,1437.2194416918219
2022-03-22T06:00:00Z,blm_billings_Billings District,Billings,NDVI,2574.462503584146
2022-03-22T06:00:00Z,blm_miles-city_Miles City District,Miles City,EVI,1250.5538887721364
2022-03-22T06:00:00Z,blm_miles-city_Miles City District,Miles City,NDVI,2231.7336421589976
2022-03-22T06:00:00Z,blm_malta_Malta District,Malta,EVI,1164.1522309470938
2022-03-22T06:00:00Z,blm_malta_Malta District,Malta,NDVI,2047.830340839195
2022-03-22T06:00:00Z,blm_lewistown_Lewistown District,Lewistown,EVI,1337.3082762024244
2022-03-22T06:00:00Z,blm_lewistown_Lewistown District,Lewistown,NDVI,2341.127506208449
2022-03-22T06:00:00Z,blm_missoula_Missoula District,Missoula,EVI,2212.713750947428
2022-03-22T06:00:00Z,blm_missoula_Missoula District,Missoula,NDVI,4579.354517498554
2022-03-22T06:00:00Z,blm_butte_Butte District,Butte,EVI,1523.4784974113445
2022-03-22T06:00:00Z,blm_butte_Butte District,Butte,NDVI,2694.046594855103
2022-03-22T06:00:00Z,blm_dillon_Dillon District,Dillon,EVI,1326.4344072764661
2022-03-22T06:00:00Z,blm_dillon_Dillon District,Dillon,NDVI,2167.9457949931507
2022-04-07T06:00:00Z,blm_billings_Billings District,Billings,EVI,1501.172629700603
2022-04-07T06:00:00Z,blm_billings_Billings District,Billings,NDVI,2658.7625375799475
2022-04-07T06:00:00Z,blm_miles-city_Miles City District,Miles City,EVI,1427.3391873194753
2022-04-07T06:00:00Z,blm_miles-city_Miles City District,Miles City,NDVI,2422.669902617975
2022-04-07T06:00:00Z,blm_malta_Malta District,Malta,EVI,1249.1710001882652
2022-04-07T06:00:00Z,blm_malta_Malta District,Malta,NDVI,2097.7494134239023
2022-04-07T06:00:00Z,blm_lewistown_Lewistown District,Lewistown,EVI,1409.150495077068
2022-04-07T06:00:00Z,blm_lewistown_Lewistown District,Lewistown,NDVI,2491.161900218545
2022-04-07T06:00:00Z,blm_missoula_Missoula District,Missoula,EVI,2399.8163351596795
2022-04-07T06:00:00Z,blm_missoula_Missoula District,Missoula,NDVI,4704.618664802099
2022-04-07T06:00:00Z,blm_butte_Butte District,Butte,EVI,1596.4875426256963
2022-04-07T06:00:00Z,blm_butte_Butte District,Butte,NDVI,2846.3921033480397
2022-04-07T06:00:00Z,blm_dillon_Dillon District,Dillon,EVI,1361.5011369761382
2022-04-07T06:00:00Z,blm_dillon_Dillon District,Dillon,NDVI,2214.0804777678086
2022-04-23T06:00:00Z,blm_billings_Billings District,Billings,EVI,2007.726201368223
2022-04-23T06:00:00Z,blm_billings_Billings District,Billings,NDVI,3309.6738744481618
2022-04-23T06:00:00Z,blm_miles-city_Miles City District,Miles City,EVI,1707.2208788338507
2022-04-23T06:00:00Z,blm_miles-city_Miles City District,Miles City,NDVI,2804.2110371252184
2022-04-23T06:00:00Z,blm_malta_Malta District,Malta,EVI,1485.2803230175925
2022-04-23T06:00:00Z,blm_malta_Malta District,Malta,NDVI,2360.270102763017
2022-04-23T06:00:00Z,blm_lewistown_Lewistown District,Lewistown,EVI,1844.9987399561323
2022-04-23T06:00:00Z,blm_lewistown_Lewistown District,Lewistown,NDVI,2988.3906024399002
2022-04-23T06:00:00Z,blm_missoula_Missoula District,Missoula,EVI,2568.291045825118
2022-04-23T06:00:00Z,blm_missoula_Missoula District,Missoula,NDVI,5470.219193745572
2022-04-23T06:00:00Z,blm_butte_Butte District,Butte,EVI,1938.952860002132
2022-04-23T06:00:00Z,blm_butte_Butte District,Butte,NDVI,3311.7435036924226
2022-04-23T06:00:00Z,blm_dillon_Dillon District,Dillon,EVI,1690.9884235000413
2022-04-23T06:00:00Z,blm_dillon_Dillon District,Dillon,NDVI,2661.7456022793053
2022-05-09T06:00:00Z,blm_billings_Billings District,Billings,EVI,2425.441682589451
2022-05-09T06:00:00Z,blm_billings_Billings District,Billings,NDVI,3947.4215877568454
2022-05-09T06:00:00Z,blm_miles-city_Miles City District,Miles City,EVI,2238.2934051188067
2022-05-09T06:00:00Z,blm_miles-city_Miles City District,Miles City,NDVI,3601.268773662839
2022-05-09T06:00:00Z,blm_malta_Malta District,Malta,EVI,1719.1058166406226
2022-05-09T06:00:00Z,blm_malta_Malta District,Malta,NDVI,2812.5822748238857
2022-05-09T06:00:00Z,blm_lewistown_Lewistown District,Lewistown,EVI,2179.332965105749
2022-05-09T06:00:00Z,blm_lewistown_Lewistown District,Lewistown,NDVI,3559.4809174010734
2022-05-09T06:00:00Z,blm_missoula_Missoula District,Missoula,EVI,3071.1506193201317
2022-05-09T06:00:00Z,blm_missoula_Missoula District,Missoula,NDVI,5354.401697356092
2022-05-09T06:00:00Z,blm_butte_Butte District,Butte,EVI,2320.527976278162
2022-05-09T06:00:00Z,blm_butte_Butte District,Butte,NDVI,3955.664505454728
2022-05-09T06:00:00Z,blm_dillon_Dillon District,Dillon,EVI,1987.5678176424165
2022-05-09T06:00:00Z,blm_dillon_Dillon District,Dillon,NDVI,3267.488462816888
2022-05-25T06:00:00Z,blm_billings_Billings District,Billings,EVI,3045.251728778379
2022-05-25T06:00:00Z,blm_billings_Billings District,Billings,NDVI,4989.978657214918
2022-05-25T06:00:00Z,blm_miles-city_Miles City District,Miles City,EVI,2671.2242498459127
2022-05-25T06:00:00Z,blm_miles-city_Miles City District,Miles City,NDVI,4294.669512102953
2022-05-25T06:00:00Z,blm_malta_Malta District,Malta,EVI,2103.2227056907877
2022-05-25T06:00:00Z,blm_malta_Malta District,Malta,NDVI,3221.3492580266743
2022-05-25T06:00:00Z,blm_lewistown_Lewistown District,Lewistown,EVI,2944.815827806918
2022-05-25T06:00:00Z,blm_lewistown_Lewistown District,Lewistown,NDVI,4621.892073985288
2022-05-25T06:00:00Z,blm_missoula_Missoula District,Missoula,EVI,3497.011612351949
2022-05-25T06:00:00Z,blm_missoula_Missoula District,Missoula,NDVI,5938.712415935592
2022-05-25T06:00:00Z,blm_butte_Butte District,Butte,EVI,3273.9733288073253
2022-05-25T06:00:00Z,blm_butte_Butte District,Butte,NDVI,5292.833527014053
2022-05-25T06:00:00Z,blm_dillon_Dillon District,Dillon,EVI,2778.321209512923
2022-05-25T06:00:00Z,blm_dillon_Dillon District,Dillon,NDVI,4411.030896599646
2022-06-10T06:00:00Z,blm_billings_Billings District,Billings,EVI,3443.792801785971
2022-06-10T06:00:00Z,blm_billings_Billings District,Billings,NDVI,5406.915934617977
2022-06-10T06:00:00Z,blm_miles-city_Miles City District,Miles City,EVI,3129.5319925796207
2022-06-10T06:00:00Z,blm_miles-city_Miles City District,Miles City,NDVI,5006.55884484583
2022-06-10T06:00:00Z,blm_malta_Malta District,Malta,EVI,2589.573327709112
2022-06-10T06:00:00Z,blm_malta_Malta District,Malta,NDVI,4151.818287876273
2022-06-10T06:00:00Z,blm_lewistown_Lewistown District,Lewistown,EVI,3003.2908141756056
2022-06-10T06:00:00Z,blm_lewistown_Lewistown District,Lewistown,NDVI,5201.148869366755
2022-06-10T06:00:00Z,blm_missoula_Missoula District,Missoula,EVI,3318.5153317868694
2022-06-10T06:00:00Z,blm_missoula_Missoula District,Missoula,NDVI,6657.9311136337465
2022-06-10T06:00:00Z,blm_butte_Butte District,Butte,EVI,2945.9966154811864
2022-06-10T06:00:00Z,blm_butte_Butte District,Butte,NDVI,5833.262098624098
2022-06-10T06:00:00Z,blm_dillon_Dillon District,Dillon,EVI,2747.1140680732965
2022-06-10T06:00:00Z,blm_dillon_Dillon District,Dillon,NDVI,5272.264510200381
2022-06-26T06:00:00Z,blm_billings_Billings District,Billings,EVI,3048.2550331399343
2022-06-26T06:00:00Z,blm_billings_Billings District,Billings,NDVI,4980.099991638126
2022-06-26T06:00:00Z,blm_miles-city_Miles City District,Miles City,EVI,3010.6253225836567
2022-06-26T06:00:00Z,blm_miles-city_Miles City District,Miles City,NDVI,4949.923714267729
2022-06-26T06:00:00Z,blm_malta_Malta District,Malta,EVI,2724.3311762297208
2022-06-26T06:00:00Z,blm_malta_Malta District,Malta,NDVI,4422.432513527159
2022-06-26T06:00:00Z,blm_lewistown_Lewistown District,Lewistown,EVI,2991.9096556629725
2022-06-26T06:00:00Z,blm_lewistown_Lewistown District,Lewistown,NDVI,5176.806271324364
2022-06-26T06:00:00Z,blm_missoula_Missoula District,Missoula,EVI,3352.539730505586
2022-06-26T06:00:00Z,blm_missoula_Missoula District,Missoula,NDVI,6914.051729303661
2022-06-26T06:00:00Z,blm_butte_Butte District,Butte,EVI,3153.19715254393
2022-06-26T06:00:00Z,blm_butte_Butte District,Butte,NDVI,5667.351776767563
2022-06-26T06:00:00Z,blm_dillon_Dillon District,Dillon,EVI,3049.0443525354067
2022-06-26T06:00:00Z,blm_dillon_Dillon District,Dillon,NDVI,5349.601897933501
2022-07-12T06:00:00Z,blm_billings_Billings District,Billings,EVI,2553.3061586875124
2022-07-12T06:00:00Z,blm_billings_Billings District,Billings,NDVI,4316.886881180412
2022-07-12T06:00:00Z,blm_miles-city_Miles City District,Miles City,EVI,2703.558591720901
2022-07-12T06:00:00Z,blm_miles-city_Miles City District,Miles City,NDVI,4449.242109403964
2022-07-12T06:00:00Z,blm_malta_Malta District,Malta,EVI,2432.7904744085745
2022-07-12T06:00:00Z,blm_malta_Malta District,Malta,NDVI,3970.0247649997514
2022-07-12T06:00:00Z,blm_lewistown_Lewistown District,Lewistown,EVI,2709.1558198483317
2022-07-12T06:00:00Z,blm_lewistown_Lewistown District,Lewistown,NDVI,4665.211645157517
2022-07-12T06:00:00Z,blm_missoula_Missoula District,Missoula,EVI,3515.6139284646824
2022-07-12T06:00:00Z,blm_missoula_Missoula District,Missoula,NDVI,6799.835997349494
2022-07-12T06:00:00Z,blm_butte_Butte District,Butte,EVI,2996.4336743466815
2022-07-12T06:00:00Z,blm_butte_Butte District,Butte,NDVI,5478.267822854075
2022-07-12T06:00:00Z,blm_dillon_Dillon District,Dillon,EVI,2847.071925804862
2022-07-12T06:00:00Z,blm_dillon_Dillon District,Dillon,NDVI,5066.689343977291
2022-07-28T06:00:00Z,blm_billings_Billings District,Billings,EVI,2261.8953069354015
2022-07-28T06:00:00Z,blm_billings_Billings District,Billings,NDVI,3704.5351798408174
2022-07-28T06:00:00Z,blm_miles-city_Miles City District,Miles City,EVI,2199.6249057500836
2022-07-28T06:00:00Z,blm_miles-city_Miles City District,Miles City,NDVI,3586.816404186184
2022-07-28T06:00:00Z,blm_malta_Malta District,Malta,EVI,1972.5671406488018
2022-07-28T06:00:00Z,blm_malta_Malta District,Malta,NDVI,3175.119503077515
2022-07-28T06:00:00Z,blm_lewistown_Lewistown District,Lewistown,EVI,2352.5130431609896
2022-07-28T06:00:00Z,blm_lewistown_Lewistown District,Lewistown,NDVI,4109.700099107807
2022-07-28T06:00:00Z,blm_missoula_Missoula District,Missoula,EVI,3241.5296677584274
2022-07-28T06:00:00Z,blm_missoula_Missoula District,Missoula,NDVI,6662.475049210393
2022-07-28T06:00:00Z,blm_butte_Butte District,Butte,EVI,2765.049722087435
2022-07-28T06:00:00Z,blm_butte_Butte District,Butte,NDVI,5277.681172184363
2022-07-28T06:00:00Z,blm_dillon_Dillon District,Dillon,EVI,2742.6261138251775
2022-07-28T06:00:00Z,blm_dillon_Dillon District,Dillon,NDVI,4864.652377775366
2022-08-13T06:00:00Z,blm_billings_Billings District,Billings,EVI,2010.7875316266814
2022-08-13T06:00:00Z,blm_billings_Billings District,Billings,NDVI,3458.557848334102
2022-08-13T06:00:00Z,blm_miles-city_Miles City District,Miles City,EVI,1906.2826132301
2022-08-13T06:00:00Z,blm_miles-city_Miles City District,Miles City,NDVI,3187.6988210411514
2022-08-13T06:00:00Z,blm_malta_Malta District,Malta,EVI,1773.126485218591
2022-08-13T06:00:00Z,blm_malta_Malta District,Malta,NDVI,2900.537390878693
2022-08-13T06:00:00Z,blm_lewistown_Lewistown District,Lewistown,EVI,2068.4676747875174
2022-08-13T06:00:00Z,blm_lewistown_Lewistown District,Lewistown,NDVI,3698.6644830670284
2022-08-13T06:00:00Z,blm_missoula_Missoula District,Missoula,EVI,3017.57150278964
2022-08-13T06:00:00Z,blm_missoula_Missoula District,Missoula,NDVI,6478.986839177631
2022-08-13T06:00:00Z,blm_butte_Butte District,Butte,EVI,2487.6380614989735
2022-08-13T06:00:00Z,blm_butte_Butte District,Butte,NDVI,4935.757064766276
2022-08-13T06:00:00Z,blm_dillon_Dillon District,Dillon,EVI,2341.5706320637296
2022-08-13T06:00:00Z,blm_dillon_Dillon District,Dillon,NDVI,4571.451392363211
2022-08-29T06:00:00Z,blm_billings_Billings District,Billings,EVI,1900.496998259613
2022-08-29T06:00:00Z,blm_billings_Billings District,Billings,NDVI,3326.7200202747285
2022-08-29T06:00:00Z,blm_miles-city_Miles City District,Miles City,EVI,1692.1933891762824
2022-08-29T06:00:00Z,blm_miles-city_Miles City District,Miles City,NDVI,2829.711113367668
2022-08-29T06:00:00Z,blm_malta_Malta District,Malta,EVI,1602.1039643225768
2022-08-29T06:00:00Z,blm_malta_Malta District,Malta,NDVI,2697.1197496967256
2022-08-29T06:00:00Z,blm_lewistown_Lewistown District,Lewistown,EVI,1908.5142222336756
2022-08-29T06:00:00Z,blm_lewistown_Lewistown District,Lewistown,NDVI,3557.740588915482
2022-08-29T06:00:00Z,blm_missoula_Missoula District,Missoula,EVI,2804.3004172234387
2022-08-29T06:00:00Z,blm_missoula_Missoula District,Missoula,NDVI,6364.809595876299
2022-08-29T06:00:00Z,blm_butte_Butte District,Butte,EVI,2279.20730405958
2022-08-29T06:00:00Z,blm_butte_Butte District,Butte,NDVI,4823.2304186821375
2022-08-29T06:00:00Z,blm_dillon_Dillon District,Dillon,EVI,2095.6535299288803
2022-08-29T06:00:00Z,blm_dillon_Dillon District,Dillon,NDVI,4260.0949994335115
2022-09-14T06:00:00Z,blm_billings_Billings District,Billings,EVI,1819.0611481849353
2022-09-14T06:00:00Z,blm_billings_Billings District,Billings,NDVI,3251.062364782245
2022-09-14T06:00:00Z,blm_miles-city_Miles City District,Miles City,EVI,1594.6727558396626
2022-09-14T06:00:00Z,blm_miles-city_Miles City District,Miles City,NDVI,2754.2836534393705
2022-09-14T06:00:00Z,blm_malta_Malta District,Malta,EVI,1538.8293347914278
2022-09-14T06:00:00Z,blm_malta_Malta District,Malta,NDVI,2650.645410767952
2022-09-14T06:00:00Z,blm_lewistown_Lewistown District,Lewistown,EVI,1827.5829401781912
2022-09-14T06:00:00Z,blm_lewistown_Lewistown District,Lewistown,NDVI,3562.761738183687
2022-09-14T06:00:00Z,blm_missoula_Missoula District,Missoula,EVI,2688.8603065489538
2022-09-14T06:00:00Z,blm_missoula_Missoula District,Missoula,NDVI,6184.828640841002
2022-09-14T06:00:00Z,blm_butte_Butte District,Butte,EVI,2086.5372579745895
2022-09-14T06:00:00Z,blm_butte_Butte District,Butte,NDVI,4742.741669179775
2022-09-14T06:00:00Z,blm_dillon_Dillon District,Dillon,EVI,1946.3268641722414
2022-09-14T06:00:00Z,blm_dillon_Dillon District,Dillon,NDVI,4161.288468767226
2022-09-30T06:00:00Z,blm_billings_Billings District,Billings,EVI,1733.6159520584217
2022-09-30T06:00:00Z,blm_billings_Billings District,Billings,NDVI,3431.9701423130837
2022-09-30T06:00:00Z,blm_miles-city_Miles City District,Miles City,EVI,1485.1958464013585
2022-09-30T06:00:00Z,blm_miles-city_Miles City District,Miles City,NDVI,2871.4872327959224
2022-09-30T06:00:00Z,blm_malta_Malta District,Malta,EVI,1382.6650002867511
2022-09-30T06:00:00Z,blm_malta_Malta District,Malta,NDVI,2508.9526212021483
2022-09-30T06:00:00Z,blm_lewistown_Lewistown District,Lewistown,EVI,1790.5197535546897
2022-09-30T06:00:00Z,blm_lewistown_Lewistown District,Lewistown,NDVI,3630.9735991654766
2022-09-30T06:00:00Z,blm_missoula_Missoula District,Missoula,EVI,2626.993476359819
2022-09-30T06:00:00Z,blm_missoula_Missoula District,Missoula,NDVI,5989.838231016958
2022-09-30T06:00:00Z,blm_butte_Butte District,Butte,EVI,2149.859891824432
2022-09-30T06:00:00Z,blm_butte_Butte District,Butte,NDVI,4764.684849910051
2022-09-30T06:00:00Z,blm_dillon_Dillon District,Dillon,EVI,1961.585349503031
2022-09-30T06:00:00Z,blm_dillon_Dillon District,Dillon,NDVI,4070.5351758891766
2022-10-16T06:00:00Z,blm_billings_Billings District,Billings,EVI,1893.0628166419888
2022-10-16T06:00:00Z,blm_billings_Billings District,Billings,NDVI,3439.5056401569814
2022-10-16T06:00:00Z,blm_miles-city_Miles City District,Miles City,EVI,1508.5331146274607
2022-10-16T06:00:00Z,blm_miles-city_Miles City District,Miles City,NDVI,2812.6908079190243
2022-10-16T06:00:00Z,blm_malta_Malta District,Malta,EVI,1335.0911899374553
2022-10-16T06:00:00Z,blm_malta_Malta District,Malta,NDVI,2571.199116011309
2022-10-16T06:00:00Z,blm_lewistown_Lewistown District,Lewistown,EVI,1807.2111811289158
2022-10-16T06:00:00Z,blm_lewistown_Lewistown District,Lewistown,NDVI,3481.735622407731
2022-10-16T06:00:00Z,blm_missoula_Missoula District,Missoula,EVI,2404.1778420066958
2022-10-16T06:00:00Z,blm_missoula_Missoula District,Missoula,NDVI,4981.795630631297
2022-10-16T06:00:00Z,blm_butte_Butte District,Butte,EVI,2079.257755604315
2022-10-16T06:00:00Z,blm_butte_Butte District,Butte,NDVI,3890.6492628949186
2022-10-16T06:00:00Z,blm_dillon_Dillon District,Dillon,EVI,1920.0508187471146
2022-10-16T06:00:00Z,blm_dillon_Dillon District,Dillon,NDVI,3280.5106890242864
2022-11-01T06:00:00Z,blm_billings_Billings District,Billings,EVI,1751.5260159987517
2022-11-01T06:00:00Z,blm_billings_Billings District,Billings,NDVI,3267.748132117423
2022-11-01T06:00:00Z,blm_miles-city_Miles City District,Miles City,EVI,1373.6746496852063
2022-11-01T06:00:00Z,blm_miles-city_Miles City District,Miles City,NDVI,2625.630629855325
2022-11-01T06:00:00Z,blm_malta_Malta District,Malta,EVI,1252.4053090983664
2022-11-01T06:00:00Z,blm_malta_Malta District,Malta,NDVI,2349.887916649196
2022-11-01T06:00:00Z,blm_lewistown_Lewistown District,Lewistown,EVI,1946.6883985599643
2022-11-01T06:00:00Z,blm_lewistown_Lewistown District,Lewistown,NDVI,3586.8375149433723
2022-11-01T06:00:00Z,blm_missoula_Missoula District,Missoula,EVI,2672.3447550780224
2022-11-01T06:00:00Z,blm_missoula_Missoula District,Missoula,NDVI,5169.850649634395
2022-11-01T06:00:00Z,blm_butte_Butte District,Butte,EVI,2045.8403155074006
2022-11-01T06:00:00Z,blm_butte_Butte District,Butte,NDVI,3785.470714829282
2022-11-01T06:00:00Z,blm_dillon_Dillon District,Dillon,EVI,1886.0185981631766
2022-11-01T06:00:00Z,blm_dillon_Dillon District,Dillon,NDVI,3185.309232876587
2022-11-17T07:00:00Z,blm_billings_Billings District,Billings,EVI,1434.180307308376
2022-11-17T07:00:00Z,blm_billings_Billings District,Billings,NDVI,2611.5359111921457
2022-11-17T07:00:00Z,blm_miles-city_Miles City District,Miles City,EVI,1219.537467935747
2022-11-17T07:00:00Z,blm_miles-city_Miles City District,Miles City,NDVI,2155.354246476956
2022-11-17T07:00:00Z,blm_malta_Malta District,Malta,EVI,1233.3902304346798
2022-11-17T07:00:00Z,blm_malta_Malta District,Malta,NDVI,2201.269207559008
2022-11-17T07:00:00Z,blm_lewistown_Lewistown District,Lewistown,EVI,1422.1056221077408
2022-11-17T07:00:00Z,blm_lewistown_Lewistown District,Lewistown,NDVI,2612.785904321954
2022-11-17T07:00:00Z,blm_missoula_Missoula District,Missoula,EVI,2337.5963609478936
2022-11-17T07:00:00Z,blm_missoula_Missoula District,Missoula,NDVI,5688.249457246551
2022-11-17T07:00:00Z,blm_butte_Butte District,Butte,EVI,1066.884792626728
2022-11-17T07:00:00Z,blm_butte_Butte District,Butte,NDVI,3910.5529953917053
2022-11-17T07:00:00Z,blm_dillon_Dillon District,Dillon,EVI,1578.857142857143
2022-11-17T07:00:00Z,blm_dillon_Dillon District,Dillon,NDVI,4273.428571428572
2022-12-03T07:00:00Z,blm_billings_Billings District,Billings,EVI,895.6814814814815
2022-12-03T07:00:00Z,blm_billings_Billings District,Billings,NDVI,2863.385185185185
2022-12-03T07:00:00Z,blm_miles-city_Miles City District,Miles City,EVI,1566.5027788333655
2022-12-03T07:00:00Z,blm_miles-city_Miles City District,Miles City,NDVI,2473.784414782444
2022-12-03T07:00:00Z,blm_malta_Malta District,Malta,EVI,NA
2022-12-03T07:00:00Z,blm_malta_Malta District,Malta,NDVI,NA
2022-12-03T07:00:00Z,blm_lewistown_Lewistown District,Lewistown,EVI,1315.1176470588234
2022-12-03T07:00:00Z,blm_lewistown_Lewistown District,Lewistown,NDVI,3715.8823529411766
2022-12-03T07:00:00Z,blm_missoula_Missoula District,Missoula,EVI,981.0871621621621
2022-12-03T07:00:00Z,blm_missoula_Missoula District,Missoula,NDVI,5068.6844594594595
2022-12-03T07:00:00Z,blm_butte_Butte District,Butte,EVI,NA
2022-12-03T07:00:00Z,blm_butte_Butte District,Butte,NDVI,NA
2022-12-03T07:00:00Z,blm_dillon_Dillon District,Dillon,EVI,NA
2022-12-03T07:00:00Z,blm_dillon_Dillon District,Dillon,NDVI,NA
2022-12-19T07:00:00Z,blm_billings_Billings District,Billings,EVI,1379.2447229405775
2022-12-19T07:00:00Z,blm_billings_Billings District,Billings,NDVI,2537.871339242191
2022-12-19T07:00:00Z,blm_miles-city_Miles City District,Miles City,EVI,1407.5549168591463
2022-12-19T07:00:00Z,blm_miles-city_Miles City District,Miles City,NDVI,2604.015572579718
2022-12-19T07:00:00Z,blm_malta_Malta District,Malta,EVI,1278.8634574196874
2022-12-19T07:00:00Z,blm_malta_Malta District,Malta,NDVI,2443.3108958014677
2022-12-19T07:00:00Z,blm_lewistown_Lewistown District,Lewistown,EVI,1482.8592121636716
2022-12-19T07:00:00Z,blm_lewistown_Lewistown District,Lewistown,NDVI,2756.087969385113
2022-12-19T07:00:00Z,blm_missoula_Missoula District,Missoula,EVI,1787.5543480620995
2022-12-19T07:00:00Z,blm_missoula_Missoula District,Missoula,NDVI,3280.482260340896
2022-12-19T07:00:00Z,blm_butte_Butte District,Butte,EVI,1390.8928458735872
2022-12-19T07:00:00Z,blm_butte_Butte District,Butte,NDVI,2385.8691407496044
2022-12-19T07:00:00Z,blm_dillon_Dillon District,Dillon,EVI,1431.1704478054567
2022-12-19T07:00:00Z,blm_dillon_Dillon District,Dillon,NDVI,2357.8085705812573
2023-01-01T07:00:00Z,blm_billings_Billings District,Billings,EVI,1313.3551344331283
2023-01-01T07:00:00Z,blm_billings_Billings District,Billings,NDVI,2382.394171088814
2023-01-01T07:00:00Z,blm_miles-city_Miles City District,Miles City,EVI,1202.20258679937
2023-01-01T07:00:00Z,blm_miles-city_Miles City District,Miles City,NDVI,2152.0743971719226
2023-01-01T07:00:00Z,blm_malta_Malta District,Malta,EVI,1104.74940806958
2023-01-01T07:00:00Z,blm_malta_Malta District,Malta,NDVI,2274.863111768019
2023-01-01T07:00:00Z,blm_lewistown_Lewistown District,Lewistown,EVI,1398.7025870959674
2023-01-01T07:00:00Z,blm_lewistown_Lewistown District,Lewistown,NDVI,2593.9131916792076
2023-01-01T07:00:00Z,blm_missoula_Missoula District,Missoula,EVI,1597.7411244545067
2023-01-01T07:00:00Z,blm_missoula_Missoula District,Missoula,NDVI,3417.8953801227153
2023-01-01T07:00:00Z,blm_butte_Butte District,Butte,EVI,1350.1068846241262
2023-01-01T07:00:00Z,blm_butte_Butte District,Butte,NDVI,2276.428870248309
2023-01-01T07:00:00Z,blm_dillon_Dillon District,Dillon,EVI,1386.8567556919254
2023-01-01T07:00:00Z,blm_dillon_Dillon District,Dillon,NDVI,2153.3351878604085
2023-01-17T07:00:00Z,blm_billings_Billings District,Billings,EVI,1311.406421260222
2023-01-17T07:00:00Z,blm_billings_Billings District,Billings,NDVI,2476.686837208894
2023-01-17T07:00:00Z,blm_miles-city_Miles City District,Miles City,EVI,1117.9922232342033
2023-01-17T07:00:00Z,blm_miles-city_Miles City District,Miles City,NDVI,2092.235735424174
2023-01-17T07:00:00Z,blm_malta_Malta District,Malta,EVI,1215.6741877868465
2023-01-17T07:00:00Z,blm_malta_Malta District,Malta,NDVI,2114.8598946440284
2023-01-17T07:00:00Z,blm_lewistown_Lewistown District,Lewistown,EVI,1247.7727763001287
2023-01-17T07:00:00Z,blm_lewistown_Lewistown District,Lewistown,NDVI,2290.4463391215345
2023-01-17T07:00:00Z,blm_missoula_Missoula District,Missoula,EVI,2679.04469273743
2023-01-17T07:00:00Z,blm_missoula_Missoula District,Missoula,NDVI,5523.787709497206
2023-01-17T07:00:00Z,blm_butte_Butte District,Butte,EVI,1488.5325448593503
2023-01-17T07:00:00Z,blm_butte_Butte District,Butte,NDVI,2441.077599161705
2023-01-17T07:00:00Z,blm_dillon_Dillon District,Dillon,EVI,NA
2023-01-17T07:00:00Z,blm_dillon_Dillon District,Dillon,NDVI,NA
2023-02-02T07:00:00Z,blm_billings_Billings District,Billings,EVI,1231.2745642218456
2023-02-02T07:00:00Z,blm_billings_Billings District,Billings,NDVI,2273.6797407274084
2023-02-02T07:00:00Z,blm_miles-city_Miles City District,Miles City,EVI,1046.869021354085
2023-02-02T07:00:00Z,blm_miles-city_Miles City District,Miles City,NDVI,2015.2669958740628
2023-02-02T07:00:00Z,blm_malta_Malta District,Malta,EVI,1004.3292742341507
2023-02-02T07:00:00Z,blm_malta_Malta District,Malta,NDVI,1896.4421390414445
2023-02-02T07:00:00Z,blm_lewistown_Lewistown District,Lewistown,EVI,1192.8057127679144
2023-02-02T07:00:00Z,blm_lewistown_Lewistown District,Lewistown,NDVI,2213.4843663432057
2023-02-02T07:00:00Z,blm_missoula_Missoula District,Missoula,EVI,2041.9680170575693
2023-02-02T07:00:00Z,blm_missoula_Missoula District,Missoula,NDVI,3905.304904051173
2023-02-02T07:00:00Z,blm_butte_Butte District,Butte,EVI,1330.5539369929995
2023-02-02T07:00:00Z,blm_butte_Butte District,Butte,NDVI,2143.42495722713
2023-02-02T07:00:00Z,blm_dillon_Dillon District,Dillon,EVI,1555.9933656087503
2023-02-02T07:00:00Z,blm_dillon_Dillon District,Dillon,NDVI,2287.9116609885846
2023-02-18T07:00:00Z,blm_billings_Billings District,Billings,EVI,1035.868927125506
2023-02-18T07:00:00Z,blm_billings_Billings District,Billings,NDVI,1591.4832995951415
2023-02-18T07:00:00Z,blm_miles-city_Miles City District,Miles City,EVI,976.5533143612107
2023-02-18T07:00:00Z,blm_miles-city_Miles City District,Miles City,NDVI,1838.7776192682254
2023-02-18T07:00:00Z,blm_malta_Malta District,Malta,EVI,1176.247615984328
2023-02-18T07:00:00Z,blm_malta_Malta District,Malta,NDVI,1998.9132543595779
2023-02-18T07:00:00Z,blm_lewistown_Lewistown District,Lewistown,EVI,1343.9167121737285
2023-02-18T07:00:00Z,blm_lewistown_Lewistown District,Lewistown,NDVI,2287.353345122727
2023-02-18T07:00:00Z,blm_missoula_Missoula District,Missoula,EVI,1682.2982863276068
2023-02-18T07:00:00Z,blm_missoula_Missoula District,Missoula,NDVI,2902.415066973189
2023-02-18T07:00:00Z,blm_butte_Butte District,Butte,EVI,1408.2422909022553
2023-02-18T07:00:00Z,blm_butte_Butte District,Butte,NDVI,2182.9787090350833
2023-02-18T07:00:00Z,blm_dillon_Dillon District,Dillon,EVI,NA
2023-02-18T07:00:00Z,blm_dillon_Dillon District,Dillon,NDVI,NA
2023-03-06T07:00:00Z,blm_billings_Billings District,Billings,EVI,1149.6547129523913
2023-03-06T07:00:00Z,blm_billings_Billings District,Billings,NDVI,2106.9444263369605
2023-03-06T07:00:00Z,blm_miles-city_Miles City District,Miles City,EVI,1096.2189879165485
2023-03-06T07:00:00Z,blm_miles-city_Miles City District,Miles City,NDVI,1936.6401423573332
2023-03-06T07:00:00Z,blm_malta_Malta District,Malta,EVI,1281.487947273134
2023-03-06T07:00:00Z,blm_malta_Malta District,Malta,NDVI,2899.194348949329
2023-03-06T07:00:00Z,blm_lewistown_Lewistown District,Lewistown,EVI,1235.0769738441766
2023-03-06T07:00:00Z,blm_lewistown_Lewistown District,Lewistown,NDVI,2631.8245668326604
2023-03-06T07:00:00Z,blm_missoula_Missoula District,Missoula,EVI,1869.1072488553796
2023-03-06T07:00:00Z,blm_missoula_Missoula District,Missoula,NDVI,4219.625038479768
2023-03-06T07:00:00Z,blm_butte_Butte District,Butte,EVI,1264.3670750652716
2023-03-06T07:00:00Z,blm_butte_Butte District,Butte,NDVI,2100.8796438520867
2023-03-06T07:00:00Z,blm_dillon_Dillon District,Dillon,EVI,1369.7794674800678
2023-03-06T07:00:00Z,blm_dillon_Dillon District,Dillon,NDVI,2082.927989381247
2023-03-22T06:00:00Z,blm_billings_Billings District,Billings,EVI,1271.790834887957
2023-03-22T06:00:00Z,blm_billings_Billings District,Billings,NDVI,2260.5794953883064
2023-03-22T06:00:00Z,blm_miles-city_Miles City District,Miles City,EVI,1124.9337365800352
2023-03-22T06:00:00Z,blm_miles-city_Miles City District,Miles City,NDVI,2015.7040181584207
2023-03-22T06:00:00Z,blm_malta_Malta District,Malta,EVI,996.0364606849517
2023-03-22T06:00:00Z,blm_malta_Malta District,Malta,NDVI,1945.5706892377984
2023-03-22T06:00:00Z,blm_lewistown_Lewistown District,Lewistown,EVI,1250.1961906696645
2023-03-22T06:00:00Z,blm_lewistown_Lewistown District,Lewistown,NDVI,2281.7890841898065
2023-03-22T06:00:00Z,blm_missoula_Missoula District,Missoula,EVI,2182.631874170135
2023-03-22T06:00:00Z,blm_missoula_Missoula District,Missoula,NDVI,4030.586823446675
2023-03-22T06:00:00Z,blm_butte_Butte District,Butte,EVI,1342.5193190920052
2023-03-22T06:00:00Z,blm_butte_Butte District,Butte,NDVI,2168.230985010518
2023-03-22T06:00:00Z,blm_dillon_Dillon District,Dillon,EVI,1305.5056272753059
2023-03-22T06:00:00Z,blm_dillon_Dillon District,Dillon,NDVI,1971.1506001993291
2023-04-07T06:00:00Z,blm_billings_Billings District,Billings,EVI,1461.009790397914
2023-04-07T06:00:00Z,blm_billings_Billings District,Billings,NDVI,2590.0072563876442
2023-04-07T06:00:00Z,blm_miles-city_Miles City District,Miles City,EVI,1285.8915579771055
2023-04-07T06:00:00Z,blm_miles-city_Miles City District,Miles City,NDVI,2284.164401466309
2023-04-07T06:00:00Z,blm_malta_Malta District,Malta,EVI,1120.990699035183
2023-04-07T06:00:00Z,blm_malta_Malta District,Malta,NDVI,2105.287560758298
2023-04-07T06:00:00Z,blm_lewistown_Lewistown District,Lewistown,EVI,1465.907424021717
2023-04-07T06:00:00Z,blm_lewistown_Lewistown District,Lewistown,NDVI,2717.1876839015595
2023-04-07T06:00:00Z,blm_missoula_Missoula District,Missoula,EVI,2647.353706009091
2023-04-07T06:00:00Z,blm_missoula_Missoula District,Missoula,NDVI,4454.095848929536
2023-04-07T06:00:00Z,blm_butte_Butte District,Butte,EVI,1388.5691758808427
2023-04-07T06:00:00Z,blm_butte_Butte District,Butte,NDVI,2393.4356511092024
2023-04-07T06:00:00Z,blm_dillon_Dillon District,Dillon,EVI,1352.3994039434167
2023-04-07T06:00:00Z,blm_dillon_Dillon District,Dillon,NDVI,2137.3012676724134
2023-04-23T06:00:00Z,blm_billings_Billings District,Billings,EVI,1862.5907636697807
2023-04-23T06:00:00Z,blm_billings_Billings District,Billings,NDVI,3261.3037035468456
2023-04-23T06:00:00Z,blm_miles-city_Miles City District,Miles City,EVI,1666.7331805802073
2023-04-23T06:00:00Z,blm_miles-city_Miles City District,Miles City,NDVI,2878.1316314474666
2023-04-23T06:00:00Z,blm_malta_Malta District,Malta,EVI,1461.5333295685832
2023-04-23T06:00:00Z,blm_malta_Malta District,Malta,NDVI,2562.2658188791515
2023-04-23T06:00:00Z,blm_lewistown_Lewistown District,Lewistown,EVI,2091.2195999742726
2023-04-23T06:00:00Z,blm_lewistown_Lewistown District,Lewistown,NDVI,3566.8102134395212
2023-04-23T06:00:00Z,blm_missoula_Missoula District,Missoula,EVI,2712.349470115907
2023-04-23T06:00:00Z,blm_missoula_Missoula District,Missoula,NDVI,5315.995337724566
2023-04-23T06:00:00Z,blm_butte_Butte District,Butte,EVI,1999.484837936125
2023-04-23T06:00:00Z,blm_butte_Butte District,Butte,NDVI,3479.494101436118
2023-04-23T06:00:00Z,blm_dillon_Dillon District,Dillon,EVI,1705.654073973094
2023-04-23T06:00:00Z,blm_dillon_Dillon District,Dillon,NDVI,2763.169751059371
2023-05-09T06:00:00Z,blm_billings_Billings District,Billings,EVI,2546.2548666639304
2023-05-09T06:00:00Z,blm_billings_Billings District,Billings,NDVI,4337.630207373449
2023-05-09T06:00:00Z,blm_miles-city_Miles City District,Miles City,EVI,2166.457708204465
2023-05-09T06:00:00Z,blm_miles-city_Miles City District,Miles City,NDVI,3815.4081641663447
2023-05-09T06:00:00Z,blm_malta_Malta District,Malta,EVI,2150.412341880892
2023-05-09T06:00:00Z,blm_malta_Malta District,Malta,NDVI,3696.017563546832
2023-05-09T06:00:00Z,blm_lewistown_Lewistown District,Lewistown,EVI,2821.1954768285814
2023-05-09T06:00:00Z,blm_lewistown_Lewistown District,Lewistown,NDVI,4950.89959386588
2023-05-09T06:00:00Z,blm_missoula_Missoula District,Missoula,EVI,3303.097833175141
2023-05-09T06:00:00Z,blm_missoula_Missoula District,Missoula,NDVI,6303.246756201264
2023-05-09T06:00:00Z,blm_butte_Butte District,Butte,EVI,2589.0135804471415
2023-05-09T06:00:00Z,blm_butte_Butte District,Butte,NDVI,4676.26806768277
2023-05-09T06:00:00Z,blm_dillon_Dillon District,Dillon,EVI,2254.3848577532967
2023-05-09T06:00:00Z,blm_dillon_Dillon District,Dillon,NDVI,3592.5131555211847
2023-05-25T06:00:00Z,blm_billings_Billings District,Billings,EVI,3167.546546648626
2023-05-25T06:00:00Z,blm_billings_Billings District,Billings,NDVI,5464.173423571328
2023-05-25T06:00:00Z,blm_miles-city_Miles City District,Miles City,EVI,2943.445667700952
2023-05-25T06:00:00Z,blm_miles-city_Miles City District,Miles City,NDVI,5001.198865212382
2023-05-25T06:00:00Z,blm_malta_Malta District,Malta,EVI,2943.499625434392
2023-05-25T06:00:00Z,blm_malta_Malta District,Malta,NDVI,4790.748999559727
2023-05-25T06:00:00Z,blm_lewistown_Lewistown District,Lewistown,EVI,3665.0360550622704
2023-05-25T06:00:00Z,blm_lewistown_Lewistown District,Lewistown,NDVI,5828.627102562801
2023-05-25T06:00:00Z,blm_missoula_Missoula District,Missoula,EVI,3613.435393052673
2023-05-25T06:00:00Z,blm_missoula_Missoula District,Missoula,NDVI,6998.745040366909
2023-05-25T06:00:00Z,blm_butte_Butte District,Butte,EVI,3250.347952738214
2023-05-25T06:00:00Z,blm_butte_Butte District,Butte,NDVI,5495.870634041992
2023-05-25T06:00:00Z,blm_dillon_Dillon District,Dillon,EVI,3128.745582711675
2023-05-25T06:00:00Z,blm_dillon_Dillon District,Dillon,NDVI,4980.325597465937
2023-06-10T06:00:00Z,blm_billings_Billings District,Billings,EVI,3603.2519602092734
2023-06-10T06:00:00Z,blm_billings_Billings District,Billings,NDVI,5825.828129536275
2023-06-10T06:00:00Z,blm_miles-city_Miles City District,Miles City,EVI,3213.008811910262
2023-06-10T06:00:00Z,blm_miles-city_Miles City District,Miles City,NDVI,5161.26516144801
2023-06-10T06:00:00Z,blm_malta_Malta District,Malta,EVI,3358.509076838689
2023-06-10T06:00:00Z,blm_malta_Malta District,Malta,NDVI,5302.1550892882415
2023-06-10T06:00:00Z,blm_lewistown_Lewistown District,Lewistown,EVI,3933.121203307286
2023-06-10T06:00:00Z,blm_lewistown_Lewistown District,Lewistown,NDVI,6362.914095387577
2023-06-10T06:00:00Z,blm_missoula_Missoula District,Missoula,EVI,3715.6496186160157
2023-06-10T06:00:00Z,blm_missoula_Missoula District,Missoula,NDVI,6920.73946672904
2023-06-10T06:00:00Z,blm_butte_Butte District,Butte,EVI,3176.409938361353
2023-06-10T06:00:00Z,blm_butte_Butte District,Butte,NDVI,6124.409570952176
2023-06-10T06:00:00Z,blm_dillon_Dillon District,Dillon,EVI,3064.1598926621914
2023-06-10T06:00:00Z,blm_dillon_Dillon District,Dillon,NDVI,5719.37298716173
2023-06-26T06:00:00Z,blm_billings_Billings District,Billings,EVI,3366.859593398728
2023-06-26T06:00:00Z,blm_billings_Billings District,Billings,NDVI,5516.223997317579
2023-06-26T06:00:00Z,blm_miles-city_Miles City District,Miles City,EVI,2906.426699514876
2023-06-26T06:00:00Z,blm_miles-city_Miles City District,Miles City,NDVI,4900.555372556409
2023-06-26T06:00:00Z,blm_malta_Malta District,Malta,EVI,3136.57085518657
2023-06-26T06:00:00Z,blm_malta_Malta District,Malta,NDVI,4931.713363196591
2023-06-26T06:00:00Z,blm_lewistown_Lewistown District,Lewistown,EVI,3763.4551541145074
2023-06-26T06:00:00Z,blm_lewistown_Lewistown District,Lewistown,NDVI,6129.009564282624
2023-06-26T06:00:00Z,blm_missoula_Missoula District,Missoula,EVI,3513.8631743599335
2023-06-26T06:00:00Z,blm_missoula_Missoula District,Missoula,NDVI,7050.1552559430975
2023-06-26T06:00:00Z,blm_butte_Butte District,Butte,EVI,3322.514336580078
2023-06-26T06:00:00Z,blm_butte_Butte District,Butte,NDVI,6202.918040382318
2023-06-26T06:00:00Z,blm_dillon_Dillon District,Dillon,EVI,3227.31940910496
2023-06-26T06:00:00Z,blm_dillon_Dillon District,Dillon,NDVI,5860.452872714827
2023-07-12T06:00:00Z,blm_billings_Billings District,Billings,EVI,2983.770911120246
2023-07-12T06:00:00Z,blm_billings_Billings District,Billings,NDVI,5040.719362511194
2023-07-12T06:00:00Z,blm_miles-city_Miles City District,Miles City,EVI,2563.1919289091165
2023-07-12T06:00:00Z,blm_miles-city_Miles City District,Miles City,NDVI,4320.553206877764
2023-07-12T06:00:00Z,blm_malta_Malta District,Malta,EVI,2465.6015535720144
2023-07-12T06:00:00Z,blm_malta_Malta District,Malta,NDVI,3910.8775829696415
2023-07-12T06:00:00Z,blm_lewistown_Lewistown District,Lewistown,EVI,3090.230535496372
2023-07-12T06:00:00Z,blm_lewistown_Lewistown District,Lewistown,NDVI,5178.006065998223
2023-07-12T06:00:00Z,blm_missoula_Missoula District,Missoula,EVI,3432.1107581344027
2023-07-12T06:00:00Z,blm_missoula_Missoula District,Missoula,NDVI,6755.541394377003
2023-07-12T06:00:00Z,blm_butte_Butte District,Butte,EVI,3182.101315563865
2023-07-12T06:00:00Z,blm_butte_Butte District,Butte,NDVI,5777.124063358773
2023-07-12T06:00:00Z,blm_dillon_Dillon District,Dillon,EVI,3037.200293080858
2023-07-12T06:00:00Z,blm_dillon_Dillon District,Dillon,NDVI,5331.664882306476
2023-07-28T06:00:00Z,blm_billings_Billings District,Billings,EVI,2563.7413161568056
2023-07-28T06:00:00Z,blm_billings_Billings District,Billings,NDVI,4427.417798848219
2023-07-28T06:00:00Z,blm_miles-city_Miles City District,Miles City,EVI,2132.015149385355
2023-07-28T06:00:00Z,blm_miles-city_Miles City District,Miles City,NDVI,3593.31719939019
2023-07-28T06:00:00Z,blm_malta_Malta District,Malta,EVI,2120.477608647129
2023-07-28T06:00:00Z,blm_malta_Malta District,Malta,NDVI,3346.62992578674
2023-07-28T06:00:00Z,blm_lewistown_Lewistown District,Lewistown,EVI,2658.640804644043
2023-07-28T06:00:00Z,blm_lewistown_Lewistown District,Lewistown,NDVI,4453.533310331589
2023-07-28T06:00:00Z,blm_missoula_Missoula District,Missoula,EVI,3352.43828826769
2023-07-28T06:00:00Z,blm_missoula_Missoula District,Missoula,NDVI,6491.44204216711
2023-07-28T06:00:00Z,blm_butte_Butte District,Butte,EVI,2922.7232901185516
2023-07-28T06:00:00Z,blm_butte_Butte District,Butte,NDVI,5548.608548999937
2023-07-28T06:00:00Z,blm_dillon_Dillon District,Dillon,EVI,2826.7563343214965
2023-07-28T06:00:00Z,blm_dillon_Dillon District,Dillon,NDVI,5116.1430275277
2023-08-13T06:00:00Z,blm_billings_Billings District,Billings,EVI,2375.434456558268
2023-08-13T06:00:00Z,blm_billings_Billings District,Billings,NDVI,4163.747568964969
2023-08-13T06:00:00Z,blm_miles-city_Miles City District,Miles City,EVI,1919.266046029251
2023-08-13T06:00:00Z,blm_miles-city_Miles City District,Miles City,NDVI,3281.510649662628
2023-08-13T06:00:00Z,blm_malta_Malta District,Malta,EVI,1832.267300514959
2023-08-13T06:00:00Z,blm_malta_Malta District,Malta,NDVI,3020.9992564861564
2023-08-13T06:00:00Z,blm_lewistown_Lewistown District,Lewistown,EVI,2289.7998896773765
2023-08-13T06:00:00Z,blm_lewistown_Lewistown District,Lewistown,NDVI,4216.912123100039
2023-08-13T06:00:00Z,blm_missoula_Missoula District,Missoula,EVI,2945.43529756289
2023-08-13T06:00:00Z,blm_missoula_Missoula District,Missoula,NDVI,6521.201288817791
2023-08-13T06:00:00Z,blm_butte_Butte District,Butte,EVI,2561.8396337675094
2023-08-13T06:00:00Z,blm_butte_Butte District,Butte,NDVI,5445.04138964345
2023-08-13T06:00:00Z,blm_dillon_Dillon District,Dillon,EVI,2528.640892924802
2023-08-13T06:00:00Z,blm_dillon_Dillon District,Dillon,NDVI,4915.437834475692
2023-08-29T06:00:00Z,blm_billings_Billings District,Billings,EVI,2151.2068384897643
2023-08-29T06:00:00Z,blm_billings_Billings District,Billings,NDVI,3852.9701814382893
2023-08-29T06:00:00Z,blm_miles-city_Miles City District,Miles City,EVI,1739.8133396771707
2023-08-29T06:00:00Z,blm_miles-city_Miles City District,Miles City,NDVI,3088.8777615656422
2023-08-29T06:00:00Z,blm_malta_Malta District,Malta,EVI,1752.9967220904582
2023-08-29T06:00:00Z,blm_malta_Malta District,Malta,NDVI,2924.881747525548
2023-08-29T06:00:00Z,blm_lewistown_Lewistown District,Lewistown,EVI,2171.3725411348532
2023-08-29T06:00:00Z,blm_lewistown_Lewistown District,Lewistown,NDVI,4014.2599060231264
2023-08-29T06:00:00Z,blm_missoula_Missoula District,Missoula,EVI,2884.265954016045
2023-08-29T06:00:00Z,blm_missoula_Missoula District,Missoula,NDVI,6511.544882804279
2023-08-29T06:00:00Z,blm_butte_Butte District,Butte,EVI,2574.5316841644335
2023-08-29T06:00:00Z,blm_butte_Butte District,Butte,NDVI,5298.006746063694
2023-08-29T06:00:00Z,blm_dillon_Dillon District,Dillon,EVI,2439.1030122030133
2023-08-29T06:00:00Z,blm_dillon_Dillon District,Dillon,NDVI,5085.933972309598
2023-09-14T06:00:00Z,blm_billings_Billings District,Billings,EVI,1942.1539401120122
2023-09-14T06:00:00Z,blm_billings_Billings District,Billings,NDVI,3738.498750143243
2023-09-14T06:00:00Z,blm_miles-city_Miles City District,Miles City,EVI,1677.3496495154066
2023-09-14T06:00:00Z,blm_miles-city_Miles City District,Miles City,NDVI,3136.1445920945084
2023-09-14T06:00:00Z,blm_malta_Malta District,Malta,EVI,1612.8982175092842
2023-09-14T06:00:00Z,blm_malta_Malta District,Malta,NDVI,2923.7011343164027
2023-09-14T06:00:00Z,blm_lewistown_Lewistown District,Lewistown,EVI,2021.5496962452016
2023-09-14T06:00:00Z,blm_lewistown_Lewistown District,Lewistown,NDVI,4006.835461820721
2023-09-14T06:00:00Z,blm_missoula_Missoula District,Missoula,EVI,2923.826526594653
2023-09-14T06:00:00Z,blm_missoula_Missoula District,Missoula,NDVI,6230.866870470892
2023-09-14T06:00:00Z,blm_butte_Butte District,Butte,EVI,2343.712986909446
2023-09-14T06:00:00Z,blm_butte_Butte District,Butte,NDVI,5171.97887230113
2023-09-14T06:00:00Z,blm_dillon_Dillon District,Dillon,EVI,2249.3131574184436
2023-09-14T06:00:00Z,blm_dillon_Dillon District,Dillon,NDVI,4775.638134664052
2023-09-30T06:00:00Z,blm_billings_Billings District,Billings,EVI,2039.2673734763343
2023-09-30T06:00:00Z,blm_billings_Billings District,Billings,NDVI,3868.334181762646
2023-09-30T06:00:00Z,blm_miles-city_Miles City District,Miles City,EVI,1691.3991947984803
2023-09-30T06:00:00Z,blm_miles-city_Miles City District,Miles City,NDVI,3430.6856324736546
2023-09-30T06:00:00Z,blm_malta_Malta District,Malta,EVI,1603.1958590388308
2023-09-30T06:00:00Z,blm_malta_Malta District,Malta,NDVI,2973.6240391736014
2023-09-30T06:00:00Z,blm_lewistown_Lewistown District,Lewistown,EVI,2072.460961358983
2023-09-30T06:00:00Z,blm_lewistown_Lewistown District,Lewistown,NDVI,4296.35032089556
2023-09-30T06:00:00Z,blm_missoula_Missoula District,Missoula,EVI,2380.3199045272154
2023-09-30T06:00:00Z,blm_missoula_Missoula District,Missoula,NDVI,6230.795891704096
2023-09-30T06:00:00Z,blm_butte_Butte District,Butte,EVI,2204.896457747029
2023-09-30T06:00:00Z,blm_butte_Butte District,Butte,NDVI,5211.471097732025
2023-09-30T06:00:00Z,blm_dillon_Dillon District,Dillon,EVI,2037.3021758809389
2023-09-30T06:00:00Z,blm_dillon_Dillon District,Dillon,NDVI,4615.412148291796
2023-10-16T06:00:00Z,blm_billings_Billings District,Billings,EVI,1960.9056209124053
2023-10-16T06:00:00Z,blm_billings_Billings District,Billings,NDVI,3827.6972308129857
2023-10-16T06:00:00Z,blm_miles-city_Miles City District,Miles City,EVI,1746.1395416843602
2023-10-16T06:00:00Z,blm_miles-city_Miles City District,Miles City,NDVI,3291.707270160081
2023-10-16T06:00:00Z,blm_malta_Malta District,Malta,EVI,1571.1097062761771
2023-10-16T06:00:00Z,blm_malta_Malta District,Malta,NDVI,2868.3223236689437
2023-10-16T06:00:00Z,blm_lewistown_Lewistown District,Lewistown,EVI,1963.0558107966413
2023-10-16T06:00:00Z,blm_lewistown_Lewistown District,Lewistown,NDVI,4182.892089728419
2023-10-16T06:00:00Z,blm_missoula_Missoula District,Missoula,EVI,2287.8939974365303
2023-10-16T06:00:00Z,blm_missoula_Missoula District,Missoula,NDVI,5832.152805307727
2023-10-16T06:00:00Z,blm_butte_Butte District,Butte,EVI,1964.8061331800607
2023-10-16T06:00:00Z,blm_butte_Butte District,Butte,NDVI,4831.808835482126
2023-10-16T06:00:00Z,blm_dillon_Dillon District,Dillon,EVI,1815.7869474329489
2023-10-16T06:00:00Z,blm_dillon_Dillon District,Dillon,NDVI,4164.4645092055625
2023-11-01T06:00:00Z,blm_billings_Billings District,Billings,EVI,1780.1899605328094
2023-11-01T06:00:00Z,blm_billings_Billings District,Billings,NDVI,3638.5824808171933
2023-11-01T06:00:00Z,blm_miles-city_Miles City District,Miles City,EVI,1668.5492672956725
2023-11-01T06:00:00Z,blm_miles-city_Miles City District,Miles City,NDVI,3368.4659715788143
2023-11-01T06:00:00Z,blm_malta_Malta District,Malta,EVI,1442.7346923280716
2023-11-01T06:00:00Z,blm_malta_Malta District,Malta,NDVI,2895.8535539512086
2023-11-01T06:00:00Z,blm_lewistown_Lewistown District,Lewistown,EVI,1907.7542917616433
2023-11-01T06:00:00Z,blm_lewistown_Lewistown District,Lewistown,NDVI,3734.9661320320583
2023-11-01T06:00:00Z,blm_missoula_Missoula District,Missoula,EVI,2283.7242927119896
2023-11-01T06:00:00Z,blm_missoula_Missoula District,Missoula,NDVI,5860.981015053794
2023-11-01T06:00:00Z,blm_butte_Butte District,Butte,EVI,2018.5923187510687
2023-11-01T06:00:00Z,blm_butte_Butte District,Butte,NDVI,4428.4275832636995
2023-11-01T06:00:00Z,blm_dillon_Dillon District,Dillon,EVI,1745.2431119769576
2023-11-01T06:00:00Z,blm_dillon_Dillon District,Dillon,NDVI,3554.4391021237498
2023-11-17T07:00:00Z,blm_billings_Billings District,Billings,EVI,1664.0936920987367
2023-11-17T07:00:00Z,blm_billings_Billings District,Billings,NDVI,3275.4533800271115
2023-11-17T07:00:00Z,blm_miles-city_Miles City District,Miles City,EVI,1541.6716829650968
2023-11-17T07:00:00Z,blm_miles-city_Miles City District,Miles City,NDVI,3034.455811541325
2023-11-17T07:00:00Z,blm_malta_Malta District,Malta,EVI,1347.72240365884
2023-11-17T07:00:00Z,blm_malta_Malta District,Malta,NDVI,2709.9698777622125
2023-11-17T07:00:00Z,blm_lewistown_Lewistown District,Lewistown,EVI,1782.4561257735738
2023-11-17T07:00:00Z,blm_lewistown_Lewistown District,Lewistown,NDVI,3599.953171696539
2023-11-17T07:00:00Z,blm_missoula_Missoula District,Missoula,EVI,2327.10090599501
2023-11-17T07:00:00Z,blm_missoula_Missoula District,Missoula,NDVI,5562.9274029126545
2023-11-17T07:00:00Z,blm_butte_Butte District,Butte,EVI,1935.4056362597717
2023-11-17T07:00:00Z,blm_butte_Butte District,Butte,NDVI,4392.106109670993
2023-11-17T07:00:00Z,blm_dillon_Dillon District,Dillon,EVI,1828.8145091275703
2023-11-17T07:00:00Z,blm_dillon_Dillon District,Dillon,NDVI,3556.5105167729844
2023-12-03T07:00:00Z,blm_billings_Billings District,Billings,EVI,1543.4388726274406
2023-12-03T07:00:00Z,blm_billings_Billings District,Billings,NDVI,3040.761479554675
2023-12-03T07:00:00Z,blm_miles-city_Miles City District,Miles City,EVI,1400.3123771261485
2023-12-03T07:00:00Z,blm_miles-city_Miles City District,Miles City,NDVI,2798.7204659498793
2023-12-03T07:00:00Z,blm_malta_Malta District,Malta,EVI,1268.8792207307151
2023-12-03T07:00:00Z,blm_malta_Malta District,Malta,NDVI,2491.4627284282114
2023-12-03T07:00:00Z,blm_lewistown_Lewistown District,Lewistown,EVI,1631.0461626743597
2023-12-03T07:00:00Z,blm_lewistown_Lewistown District,Lewistown,NDVI,3165.459840130452
2023-12-03T07:00:00Z,blm_missoula_Missoula District,Missoula,EVI,2008.3345882319409
2023-12-03T07:00:00Z,blm_missoula_Missoula District,Missoula,NDVI,4236.047088567633
2023-12-03T07:00:00Z,blm_butte_Butte District,Butte,EVI,1758.659695193112
2023-12-03T07:00:00Z,blm_butte_Butte District,Butte,NDVI,3417.2141850994954
2023-12-03T07:00:00Z,blm_dillon_Dillon District,Dillon,EVI,1460.5205032516262
2023-12-03T07:00:00Z,blm_dillon_Dillon District,Dillon,NDVI,2600.620475481562
2023-12-19T07:00:00Z,blm_billings_Billings District,Billings,EVI,1522.318254614297
2023-12-19T07:00:00Z,blm_billings_Billings District,Billings,NDVI,2895.2033429549188
2023-12-19T07:00:00Z,blm_miles-city_Miles City District,Miles City,EVI,1321.0620471462087
2023-12-19T07:00:00Z,blm_miles-city_Miles City District,Miles City,NDVI,2645.1943999859195
2023-12-19T07:00:00Z,blm_malta_Malta District,Malta,EVI,1228.8848430255928
2023-12-19T07:00:00Z,blm_malta_Malta District,Malta,NDVI,2398.0977343095215
2023-12-19T07:00:00Z,blm_lewistown_Lewistown District,Lewistown,EVI,1601.3215284296837
2023-12-19T07:00:00Z,blm_lewistown_Lewistown District,Lewistown,NDVI,3110.7076916177084
2023-12-19T07:00:00Z,blm_missoula_Missoula District,Missoula,EVI,2221.999601807357
2023-12-19T07:00:00Z,blm_missoula_Missoula District,Missoula,NDVI,5215.6210042646835
2023-12-19T07:00:00Z,blm_butte_Butte District,Butte,EVI,1742.9289212890646
2023-12-19T07:00:00Z,blm_butte_Butte District,Butte,NDVI,3687.356290948512
2023-12-19T07:00:00Z,blm_dillon_Dillon District,Dillon,EVI,1582.53625770965
2023-12-19T07:00:00Z,blm_dillon_Dillon District,Dillon,NDVI,2864.5111209369697
2024-01-01T07:00:00Z,blm_billings_Billings District,Billings,EVI,1558.9272688097158
2024-01-01T07:00:00Z,blm_billings_Billings District,Billings,NDVI,2807.892553225696
2024-01-01T07:00:00Z,blm_miles-city_Miles City District,Miles City,EVI,1356.2953963394064
2024-01-01T07:00:00Z,blm_miles-city_Miles City District,Miles City,NDVI,2562.707603588612
2024-01-01T07:00:00Z,blm_malta_Malta District,Malta,EVI,1238.8713412299549
2024-01-01T07:00:00Z,blm_malta_Malta District,Malta,NDVI,2355.950317000446
2024-01-01T07:00:00Z,blm_lewistown_Lewistown District,Lewistown,EVI,1580.1330476274343
2024-01-01T07:00:00Z,blm_lewistown_Lewistown District,Lewistown,NDVI,3009.3094776757184
2024-01-01T07:00:00Z,blm_missoula_Missoula District,Missoula,EVI,2274.1387745444063
2024-01-01T07:00:00Z,blm_missoula_Missoula District,Missoula,NDVI,5165.185222991568
2024-01-01T07:00:00Z,blm_butte_Butte District,Butte,EVI,1988.5835249311522
2024-01-01T07:00:00Z,blm_butte_Butte District,Butte,NDVI,4055.351532443057
2024-01-01T07:00:00Z,blm_dillon_Dillon District,Dillon,EVI,2035.5714312731163
2024-01-01T07:00:00Z,blm_dillon_Dillon District,Dillon,NDVI,3467.833526053726
2024-01-17T07:00:00Z,blm_billings_Billings District,Billings,EVI,1388.7427511416533
2024-01-17T07:00:00Z,blm_billings_Billings District,Billings,NDVI,2659.4525725617245
2024-01-17T07:00:00Z,blm_miles-city_Miles City District,Miles City,EVI,1245.6869436567172
2024-01-17T07:00:00Z,blm_miles-city_Miles City District,Miles City,NDVI,2487.6032127899575
2024-01-17T07:00:00Z,blm_malta_Malta District,Malta,EVI,1220.7298238684123
2024-01-17T07:00:00Z,blm_malta_Malta District,Malta,NDVI,2473.0984065989514
2024-01-17T07:00:00Z,blm_lewistown_Lewistown District,Lewistown,EVI,1466.577422575551
2024-01-17T07:00:00Z,blm_lewistown_Lewistown District,Lewistown,NDVI,2875.545072418445
2024-01-17T07:00:00Z,blm_missoula_Missoula District,Missoula,EVI,2155.8166572115524
2024-01-17T07:00:00Z,blm_missoula_Missoula District,Missoula,NDVI,4633.968290545215
2024-01-17T07:00:00Z,blm_butte_Butte District,Butte,EVI,1556.4978844988352
2024-01-17T07:00:00Z,blm_butte_Butte District,Butte,NDVI,3186.3442986306463
2024-01-17T07:00:00Z,blm_dillon_Dillon District,Dillon,EVI,1459.1745154152222
2024-01-17T07:00:00Z,blm_dillon_Dillon District,Dillon,NDVI,2466.989300690265
2024-02-02T07:00:00Z,blm_billings_Billings District,Billings,EVI,1493.2022238292038
2024-02-02T07:00:00Z,blm_billings_Billings District,Billings,NDVI,2845.933113845235
2024-02-02T07:00:00Z,blm_miles-city_Miles City District,Miles City,EVI,1447.4178100859533
2024-02-02T07:00:00Z,blm_miles-city_Miles City District,Miles City,NDVI,2653.1386163309603
2024-02-02T07:00:00Z,blm_malta_Malta District,Malta,EVI,1631.3827944676568
2024-02-02T07:00:00Z,blm_malta_Malta District,Malta,NDVI,2567.5622173380216
2024-02-02T07:00:00Z,blm_lewistown_Lewistown District,Lewistown,EVI,2000.0051929757249
2024-02-02T07:00:00Z,blm_lewistown_Lewistown District,Lewistown,NDVI,3044.6677584772474
2024-02-02T07:00:00Z,blm_missoula_Missoula District,Missoula,EVI,2374.1111822316416
2024-02-02T07:00:00Z,blm_missoula_Missoula District,Missoula,NDVI,5382.424290641269
2024-02-02T07:00:00Z,blm_butte_Butte District,Butte,EVI,1539.525759257391
2024-02-02T07:00:00Z,blm_butte_Butte District,Butte,NDVI,2410.2290384421353
2024-02-02T07:00:00Z,blm_dillon_Dillon District,Dillon,EVI,NA
2024-02-02T07:00:00Z,blm_dillon_Dillon District,Dillon,NDVI,NA
2024-02-18T07:00:00Z,blm_billings_Billings District,Billings,EVI,1333.6182314796956
2024-02-18T07:00:00Z,blm_billings_Billings District,Billings,NDVI,2573.1755314691172
2024-02-18T07:00:00Z,blm_miles-city_Miles City District,Miles City,EVI,1203.1431733574907
2024-02-18T07:00:00Z,blm_miles-city_Miles City District,Miles City,NDVI,2463.710376749443
2024-02-18T07:00:00Z,blm_malta_Malta District,Malta,EVI,1099.4437899617687
2024-02-18T07:00:00Z,blm_malta_Malta District,Malta,NDVI,2253.6857452752015
2024-02-18T07:00:00Z,blm_lewistown_Lewistown District,Lewistown,EVI,1239.6409861503278
2024-02-18T07:00:00Z,blm_lewistown_Lewistown District,Lewistown,NDVI,2371.2717633192415
2024-02-18T07:00:00Z,blm_missoula_Missoula District,Missoula,EVI,1728.3468305429376
2024-02-18T07:00:00Z,blm_missoula_Missoula District,Missoula,NDVI,3488.114031706521
2024-02-18T07:00:00Z,blm_butte_Butte District,Butte,EVI,1572.145099396821
2024-02-18T07:00:00Z,blm_butte_Butte District,Butte,NDVI,2639.295274375987
2024-02-18T07:00:00Z,blm_dillon_Dillon District,Dillon,EVI,1300.4456412970378
2024-02-18T07:00:00Z,blm_dillon_Dillon District,Dillon,NDVI,2103.086674878498
2024-03-05T07:00:00Z,blm_billings_Billings District,Billings,EVI,1353.9150228169785
2024-03-05T07:00:00Z,blm_billings_Billings District,Billings,NDVI,2604.6221520414547
2024-03-05T07:00:00Z,blm_miles-city_Miles City District,Miles City,EVI,1267.1406539433624
2024-03-05T07:00:00Z,blm_miles-city_Miles City District,Miles City,NDVI,2408.7638255124666
2024-03-05T07:00:00Z,blm_malta_Malta District,Malta,EVI,1210.4528131775264
2024-03-05T07:00:00Z,blm_malta_Malta District,Malta,NDVI,2337.148098223642
2024-03-05T07:00:00Z,blm_lewistown_Lewistown District,Lewistown,EVI,1378.8919775133254
2024-03-05T07:00:00Z,blm_lewistown_Lewistown District,Lewistown,NDVI,2574.424174756475
2024-03-05T07:00:00Z,blm_missoula_Missoula District,Missoula,EVI,2069.4503255118625
2024-03-05T07:00:00Z,blm_missoula_Missoula District,Missoula,NDVI,4691.772275663729
2024-03-05T07:00:00Z,blm_butte_Butte District,Butte,EVI,1414.6053927910068
2024-03-05T07:00:00Z,blm_butte_Butte District,Butte,NDVI,2627.938540153748
2024-03-05T07:00:00Z,blm_dillon_Dillon District,Dillon,EVI,1233.0930161677238
2024-03-05T07:00:00Z,blm_dillon_Dillon District,Dillon,NDVI,2075.784346531773
2024-03-21T06:00:00Z,blm_billings_Billings District,Billings,EVI,1534.728550375889
2024-03-21T06:00:00Z,blm_billings_Billings District,Billings,NDVI,2798.470067672043
2024-03-21T06:00:00Z,blm_miles-city_Miles City District,Miles City,EVI,1354.966461495136
2024-03-21T06:00:00Z,blm_miles-city_Miles City District,Miles City,NDVI,2555.5260977300663
2024-03-21T06:00:00Z,blm_malta_Malta District,Malta,EVI,1292.2360168655487
2024-03-21T06:00:00Z,blm_malta_Malta District,Malta,NDVI,2483.6045660278164
2024-03-21T06:00:00Z,blm_lewistown_Lewistown District,Lewistown,EVI,1537.9071771315937
2024-03-21T06:00:00Z,blm_lewistown_Lewistown District,Lewistown,NDVI,2866.123267364446
2024-03-21T06:00:00Z,blm_missoula_Missoula District,Missoula,EVI,2419.320676242103
2024-03-21T06:00:00Z,blm_missoula_Missoula District,Missoula,NDVI,5017.809268747129
2024-03-21T06:00:00Z,blm_butte_Butte District,Butte,EVI,1611.8425542103776
2024-03-21T06:00:00Z,blm_butte_Butte District,Butte,NDVI,2863.416053369254
2024-03-21T06:00:00Z,blm_dillon_Dillon District,Dillon,EVI,1405.3853987220496
2024-03-21T06:00:00Z,blm_dillon_Dillon District,Dillon,NDVI,2365.703544290265
2024-04-06T06:00:00Z,blm_billings_Billings District,Billings,EVI,1960.8653687603667
2024-04-06T06:00:00Z,blm_billings_Billings District,Billings,NDVI,3388.755484046701
2024-04-06T06:00:00Z,blm_miles-city_Miles City District,Miles City,EVI,1695.7000853499806
2024-04-06T06:00:00Z,blm_miles-city_Miles City District,Miles City,NDVI,3076.8756353661847
2024-04-06T06:00:00Z,blm_malta_Malta District,Malta,EVI,1669.3664149112317
2024-04-06T06:00:00Z,blm_malta_Malta District,Malta,NDVI,2880.2548904046253
2024-04-06T06:00:00Z,blm_lewistown_Lewistown District,Lewistown,EVI,2052.2848385025054
2024-04-06T06:00:00Z,blm_lewistown_Lewistown District,Lewistown,NDVI,3488.211573999364
2024-04-06T06:00:00Z,blm_missoula_Missoula District,Missoula,EVI,2614.026568509139
2024-04-06T06:00:00Z,blm_missoula_Missoula District,Missoula,NDVI,5449.933885749707
2024-04-06T06:00:00Z,blm_butte_Butte District,Butte,EVI,2225.816566280947
2024-04-06T06:00:00Z,blm_butte_Butte District,Butte,NDVI,3798.8333277936335
2024-04-06T06:00:00Z,blm_dillon_Dillon District,Dillon,EVI,1891.4635915226118
2024-04-06T06:00:00Z,blm_dillon_Dillon District,Dillon,NDVI,2999.0505152398982
2024-04-22T06:00:00Z,blm_billings_Billings District,Billings,EVI,2290.497750635255
2024-04-22T06:00:00Z,blm_billings_Billings District,Billings,NDVI,3816.492185488823
2024-04-22T06:00:00Z,blm_miles-city_Miles City District,Miles City,EVI,2077.7270926798183
2024-04-22T06:00:00Z,blm_miles-city_Miles City District,Miles City,NDVI,3300.923019864813
2024-04-22T06:00:00Z,blm_malta_Malta District,Malta,EVI,1844.8511602897258
2024-04-22T06:00:00Z,blm_malta_Malta District,Malta,NDVI,3071.5840505904844
2024-04-22T06:00:00Z,blm_lewistown_Lewistown District,Lewistown,EVI,2139.1905827862856
2024-04-22T06:00:00Z,blm_lewistown_Lewistown District,Lewistown,NDVI,3703.090543207294
2024-04-22T06:00:00Z,blm_missoula_Missoula District,Missoula,EVI,2674.661205792251
2024-04-22T06:00:00Z,blm_missoula_Missoula District,Missoula,NDVI,5264.6927506988795
2024-04-22T06:00:00Z,blm_butte_Butte District,Butte,EVI,2031.180357630688
2024-04-22T06:00:00Z,blm_butte_Butte District,Butte,NDVI,3828.942058976409
2024-04-22T06:00:00Z,blm_dillon_Dillon District,Dillon,EVI,2053.99298370913
2024-04-22T06:00:00Z,blm_dillon_Dillon District,Dillon,NDVI,3343.0102347405827
2024-05-08T06:00:00Z,blm_billings_Billings District,Billings,EVI,2577.016223745767
2024-05-08T06:00:00Z,blm_billings_Billings District,Billings,NDVI,4278.311994955086
2024-05-08T06:00:00Z,blm_miles-city_Miles City District,Miles City,EVI,2386.9835830539064
2024-05-08T06:00:00Z,blm_miles-city_Miles City District,Miles City,NDVI,4081.448176740166
2024-05-08T06:00:00Z,blm_malta_Malta District,Malta,EVI,2097.485056366517
2024-05-08T06:00:00Z,blm_malta_Malta District,Malta,NDVI,3585.0840258431435
2024-05-08T06:00:00Z,blm_lewistown_Lewistown District,Lewistown,EVI,2594.969173705154
2024-05-08T06:00:00Z,blm_lewistown_Lewistown District,Lewistown,NDVI,4360.290401894675
2024-05-08T06:00:00Z,blm_missoula_Missoula District,Missoula,EVI,2959.6226150940847
2024-05-08T06:00:00Z,blm_missoula_Missoula District,Missoula,NDVI,5836.10467771246
2024-05-08T06:00:00Z,blm_butte_Butte District,Butte,EVI,2441.898673667507
2024-05-08T06:00:00Z,blm_butte_Butte District,Butte,NDVI,4650.094936844005
2024-05-08T06:00:00Z,blm_dillon_Dillon District,Dillon,EVI,2256.8147170714396
2024-05-08T06:00:00Z,blm_dillon_Dillon District,Dillon,NDVI,4075.1338474832487
2024-05-24T06:00:00Z,blm_billings_Billings District,Billings,EVI,3143.0525997922095
2024-05-24T06:00:00Z,blm_billings_Billings District,Billings,NDVI,5202.2472276693115
2024-05-24T06:00:00Z,blm_miles-city_Miles City District,Miles City,EVI,2862.137939480474
2024-05-24T06:00:00Z,blm_miles-city_Miles City District,Miles City,NDVI,4740.952315101257
2024-05-24T06:00:00Z,blm_malta_Malta District,Malta,EVI,2701.4532686996345
2024-05-24T06:00:00Z,blm_malta_Malta District,Malta,NDVI,4554.531150909822
2024-05-24T06:00:00Z,blm_lewistown_Lewistown District,Lewistown,EVI,3196.127140659489
2024-05-24T06:00:00Z,blm_lewistown_Lewistown District,Lewistown,NDVI,5338.35198757388
2024-05-24T06:00:00Z,blm_missoula_Missoula District,Missoula,EVI,3252.937815844931
2024-05-24T06:00:00Z,blm_missoula_Missoula District,Missoula,NDVI,6460.941265008868
2024-05-24T06:00:00Z,blm_butte_Butte District,Butte,EVI,2928.1831378498205
2024-05-24T06:00:00Z,blm_butte_Butte District,Butte,NDVI,5282.979448936466
2024-05-24T06:00:00Z,blm_dillon_Dillon District,Dillon,EVI,2739.641327462252
2024-05-24T06:00:00Z,blm_dillon_Dillon District,Dillon,NDVI,4786.319666378339
2024-06-09T06:00:00Z,blm_billings_Billings District,Billings,EVI,3109.261655130444
2024-06-09T06:00:00Z,blm_billings_Billings District,Billings,NDVI,5028.786370597776
2024-06-09T06:00:00Z,blm_miles-city_Miles City District,Miles City,EVI,2916.69588531455
2024-06-09T06:00:00Z,blm_miles-city_Miles City District,Miles City,NDVI,4742.9224536786105
2024-06-09T06:00:00Z,blm_malta_Malta District,Malta,EVI,2946.242565095744
2024-06-09T06:00:00Z,blm_malta_Malta District,Malta,NDVI,4852.308629023983
2024-06-09T06:00:00Z,blm_lewistown_Lewistown District,Lewistown,EVI,3346.323194129858
2024-06-09T06:00:00Z,blm_lewistown_Lewistown District,Lewistown,NDVI,5604.332064400524
2024-06-09T06:00:00Z,blm_missoula_Missoula District,Missoula,EVI,3377.071747448048
2024-06-09T06:00:00Z,blm_missoula_Missoula District,Missoula,NDVI,6657.923648343453
2024-06-09T06:00:00Z,blm_butte_Butte District,Butte,EVI,3013.957558296161
2024-06-09T06:00:00Z,blm_butte_Butte District,Butte,NDVI,5649.4544401760995
2024-06-09T06:00:00Z,blm_dillon_Dillon District,Dillon,EVI,2877.820030815987
2024-06-09T06:00:00Z,blm_dillon_Dillon District,Dillon,NDVI,5245.655047558145
2024-06-25T06:00:00Z,blm_billings_Billings District,Billings,EVI,2833.020969028651
2024-06-25T06:00:00Z,blm_billings_Billings District,Billings,NDVI,4785.1540675979895
2024-06-25T06:00:00Z,blm_miles-city_Miles City District,Miles City,EVI,2845.588453303722
2024-06-25T06:00:00Z,blm_miles-city_Miles City District,Miles City,NDVI,4872.754777511877
2024-06-25T06:00:00Z,blm_malta_Malta District,Malta,EVI,2987.807514858581
2024-06-25T06:00:00Z,blm_malta_Malta District,Malta,NDVI,4905.453697319809
2024-06-25T06:00:00Z,blm_lewistown_Lewistown District,Lewistown,EVI,3342.7411062370666
2024-06-25T06:00:00Z,blm_lewistown_Lewistown District,Lewistown,NDVI,5554.818408558825
2024-06-25T06:00:00Z,blm_missoula_Missoula District,Missoula,EVI,3610.3451125786437
2024-06-25T06:00:00Z,blm_missoula_Missoula District,Missoula,NDVI,6785.117238477856
2024-06-25T06:00:00Z,blm_butte_Butte District,Butte,EVI,3042.338753136022
2024-06-25T06:00:00Z,blm_butte_Butte District,Butte,NDVI,5800.626051535135
2024-06-25T06:00:00Z,blm_dillon_Dillon District,Dillon,EVI,2895.263141559419
2024-06-25T06:00:00Z,blm_dillon_Dillon District,Dillon,NDVI,5249.901128882427
2024-07-11T06:00:00Z,blm_billings_Billings District,Billings,EVI,2384.9588241333327
2024-07-11T06:00:00Z,blm_billings_Billings District,Billings,NDVI,3954.1380067950117
2024-07-11T06:00:00Z,blm_miles-city_Miles City District,Miles City,EVI,2429.2244741191944
2024-07-11T06:00:00Z,blm_miles-city_Miles City District,Miles City,NDVI,4078.180345754928
2024-07-11T06:00:00Z,blm_malta_Malta District,Malta,EVI,2564.1844511042614
2024-07-11T06:00:00Z,blm_malta_Malta District,Malta,NDVI,4194.136373584371
2024-07-11T06:00:00Z,blm_lewistown_Lewistown District,Lewistown,EVI,2869.658623671728
2024-07-11T06:00:00Z,blm_lewistown_Lewistown District,Lewistown,NDVI,4833.59101200419
2024-07-11T06:00:00Z,blm_missoula_Missoula District,Missoula,EVI,3294.444767136254
2024-07-11T06:00:00Z,blm_missoula_Missoula District,Missoula,NDVI,6757.715472205836
2024-07-11T06:00:00Z,blm_butte_Butte District,Butte,EVI,2974.7312798825023
2024-07-11T06:00:00Z,blm_butte_Butte District,Butte,NDVI,5285.3526678872895
2024-07-11T06:00:00Z,blm_dillon_Dillon District,Dillon,EVI,2551.8153321164286
2024-07-11T06:00:00Z,blm_dillon_Dillon District,Dillon,NDVI,4346.934791003615
2024-07-27T06:00:00Z,blm_billings_Billings District,Billings,EVI,2129.7369112058313
2024-07-27T06:00:00Z,blm_billings_Billings District,Billings,NDVI,3575.430176608281
2024-07-27T06:00:00Z,blm_miles-city_Miles City District,Miles City,EVI,1952.9380090210632
2024-07-27T06:00:00Z,blm_miles-city_Miles City District,Miles City,NDVI,3210.76215324597
2024-07-27T06:00:00Z,blm_malta_Malta District,Malta,EVI,2099.3470047247824
2024-07-27T06:00:00Z,blm_malta_Malta District,Malta,NDVI,3402.6335206159533
2024-07-27T06:00:00Z,blm_lewistown_Lewistown District,Lewistown,EVI,2550.938378085309
2024-07-27T06:00:00Z,blm_lewistown_Lewistown District,Lewistown,NDVI,4253.849936740362
2024-07-27T06:00:00Z,blm_missoula_Missoula District,Missoula,EVI,3175.599734817089
2024-07-27T06:00:00Z,blm_missoula_Missoula District,Missoula,NDVI,6649.19905258041
2024-07-27T06:00:00Z,blm_butte_Butte District,Butte,EVI,2630.4387548926934
2024-07-27T06:00:00Z,blm_butte_Butte District,Butte,NDVI,5201.4766906388395
2024-07-27T06:00:00Z,blm_dillon_Dillon District,Dillon,EVI,2488.9227007559543
2024-07-27T06:00:00Z,blm_dillon_Dillon District,Dillon,NDVI,4736.231457567899
2024-08-12T06:00:00Z,blm_billings_Billings District,Billings,EVI,1957.3905903930124
2024-08-12T06:00:00Z,blm_billings_Billings District,Billings,NDVI,3537.903572282759
2024-08-12T06:00:00Z,blm_miles-city_Miles City District,Miles City,EVI,1750.4879299202498
2024-08-12T06:00:00Z,blm_miles-city_Miles City District,Miles City,NDVI,3106.576377701556
2024-08-12T06:00:00Z,blm_malta_Malta District,Malta,EVI,1819.5079328767208
2024-08-12T06:00:00Z,blm_malta_Malta District,Malta,NDVI,3083.834294827317
2024-08-12T06:00:00Z,blm_lewistown_Lewistown District,Lewistown,EVI,2154.4618114574027
2024-08-12T06:00:00Z,blm_lewistown_Lewistown District,Lewistown,NDVI,3957.976686910334
2024-08-12T06:00:00Z,blm_missoula_Missoula District,Missoula,EVI,2937.2544398028335
2024-08-12T06:00:00Z,blm_missoula_Missoula District,Missoula,NDVI,6358.405570505519
2024-08-12T06:00:00Z,blm_butte_Butte District,Butte,EVI,2486.966852038091
2024-08-12T06:00:00Z,blm_butte_Butte District,Butte,NDVI,5106.661068328059
2024-08-12T06:00:00Z,blm_dillon_Dillon District,Dillon,EVI,2343.8557088857738
2024-08-12T06:00:00Z,blm_dillon_Dillon District,Dillon,NDVI,4511.608136815395
2024-08-28T06:00:00Z,blm_billings_Billings District,Billings,EVI,1807.3028706594835
2024-08-28T06:00:00Z,blm_billings_Billings District,Billings,NDVI,3265.2430297054098
2024-08-28T06:00:00Z,blm_miles-city_Miles City District,Miles City,EVI,1649.16486389309
2024-08-28T06:00:00Z,blm_miles-city_Miles City District,Miles City,NDVI,2963.9526794657413
2024-08-28T06:00:00Z,blm_malta_Malta District,Malta,EVI,1709.0980957554139
2024-08-28T06:00:00Z,blm_malta_Malta District,Malta,NDVI,3031.5476366954636
2024-08-28T06:00:00Z,blm_lewistown_Lewistown District,Lewistown,EVI,2019.1918290347046
2024-08-28T06:00:00Z,blm_lewistown_Lewistown District,Lewistown,NDVI,3840.948081062107
2024-08-28T06:00:00Z,blm_missoula_Missoula District,Missoula,EVI,2881.508743275358
2024-08-28T06:00:00Z,blm_missoula_Missoula District,Missoula,NDVI,6281.02836479111
2024-08-28T06:00:00Z,blm_butte_Butte District,Butte,EVI,2257.228023685193
2024-08-28T06:00:00Z,blm_butte_Butte District,Butte,NDVI,4814.718553603756
2024-08-28T06:00:00Z,blm_dillon_Dillon District,Dillon,EVI,2106.699863198938
2024-08-28T06:00:00Z,blm_dillon_Dillon District,Dillon,NDVI,4198.995587970988
2024-09-13T06:00:00Z,blm_billings_Billings District,Billings,EVI,1899.416511629652
2024-09-13T06:00:00Z,blm_billings_Billings District,Billings,NDVI,3457.533784021726
2024-09-13T06:00:00Z,blm_miles-city_Miles City District,Miles City,EVI,1667.0717511112953
2024-09-13T06:00:00Z,blm_miles-city_Miles City District,Miles City,NDVI,3005.0033219114202
2024-09-13T06:00:00Z,blm_malta_Malta District,Malta,EVI,1755.293483612159
2024-09-13T06:00:00Z,blm_malta_Malta District,Malta,NDVI,3246.835644719052
2024-09-13T06:00:00Z,blm_lewistown_Lewistown District,Lewistown,EVI,1984.759234866204
2024-09-13T06:00:00Z,blm_lewistown_Lewistown District,Lewistown,NDVI,3943.2122336630423
2024-09-13T06:00:00Z,blm_missoula_Missoula District,Missoula,EVI,2556.1263304474537
2024-09-13T06:00:00Z,blm_missoula_Missoula District,Missoula,NDVI,6316.226149637068
2024-09-13T06:00:00Z,blm_butte_Butte District,Butte,EVI,2084.820226653334
2024-09-13T06:00:00Z,blm_butte_Butte District,Butte,NDVI,4750.689366395445
2024-09-13T06:00:00Z,blm_dillon_Dillon District,Dillon,EVI,1883.0119048106985
2024-09-13T06:00:00Z,blm_dillon_Dillon District,Dillon,NDVI,4276.130690385852
2024-09-29T06:00:00Z,blm_billings_Billings District,Billings,EVI,1880.6937713974505
2024-09-29T06:00:00Z,blm_billings_Billings District,Billings,NDVI,3505.3744560014816
2024-09-29T06:00:00Z,blm_miles-city_Miles City District,Miles City,EVI,1546.7590374032254
2024-09-29T06:00:00Z,blm_miles-city_Miles City District,Miles City,NDVI,2794.7007169692133
2024-09-29T06:00:00Z,blm_malta_Malta District,Malta,EVI,1725.677127258946
2024-09-29T06:00:00Z,blm_malta_Malta District,Malta,NDVI,3159.9459999229225
2024-09-29T06:00:00Z,blm_lewistown_Lewistown District,Lewistown,EVI,2091.064713963529
2024-09-29T06:00:00Z,blm_lewistown_Lewistown District,Lewistown,NDVI,4104.215020124357
2024-09-29T06:00:00Z,blm_missoula_Missoula District,Missoula,EVI,2439.622293552741
2024-09-29T06:00:00Z,blm_missoula_Missoula District,Missoula,NDVI,6042.112977464696
2024-09-29T06:00:00Z,blm_butte_Butte District,Butte,EVI,2017.985696766875
2024-09-29T06:00:00Z,blm_butte_Butte District,Butte,NDVI,4616.730823298026
2024-09-29T06:00:00Z,blm_dillon_Dillon District,Dillon,EVI,1777.9004048302656
2024-09-29T06:00:00Z,blm_dillon_Dillon District,Dillon,NDVI,3828.658341672257
2024-10-15T06:00:00Z,blm_billings_Billings District,Billings,EVI,1841.3193272668768
2024-10-15T06:00:00Z,blm_billings_Billings District,Billings,NDVI,3467.9301299150356
2024-10-15T06:00:00Z,blm_miles-city_Miles City District,Miles City,EVI,1476.8468941877504
2024-10-15T06:00:00Z,blm_miles-city_Miles City District,Miles City,NDVI,2714.1747491821848
2024-10-15T06:00:00Z,blm_malta_Malta District,Malta,EVI,1650.1570909439508
2024-10-15T06:00:00Z,blm_malta_Malta District,Malta,NDVI,2998.87382214095
2024-10-15T06:00:00Z,blm_lewistown_Lewistown District,Lewistown,EVI,2033.101651656924
2024-10-15T06:00:00Z,blm_lewistown_Lewistown District,Lewistown,NDVI,3983.628317503751
2024-10-15T06:00:00Z,blm_missoula_Missoula District,Missoula,EVI,2509.1066980837286
2024-10-15T06:00:00Z,blm_missoula_Missoula District,Missoula,NDVI,5600.735646592142
2024-10-15T06:00:00Z,blm_butte_Butte District,Butte,EVI,2021.5159855997595
2024-10-15T06:00:00Z,blm_butte_Butte District,Butte,NDVI,4608.136403137932
2024-10-15T06:00:00Z,blm_dillon_Dillon District,Dillon,EVI,1850.385253448773
2024-10-15T06:00:00Z,blm_dillon_Dillon District,Dillon,NDVI,3786.3624372353675
2024-10-31T06:00:00Z,blm_billings_Billings District,Billings,EVI,1727.2903753221194
2024-10-31T06:00:00Z,blm_billings_Billings District,Billings,NDVI,3254.597044735592
2024-10-31T06:00:00Z,blm_miles-city_Miles City District,Miles City,EVI,1387.6999198265569
2024-10-31T06:00:00Z,blm_miles-city_Miles City District,Miles City,NDVI,2590.6161270437537
2024-10-31T06:00:00Z,blm_malta_Malta District,Malta,EVI,1581.0006730882803
2024-10-31T06:00:00Z,blm_malta_Malta District,Malta,NDVI,2825.0632574252063
2024-10-31T06:00:00Z,blm_lewistown_Lewistown District,Lewistown,EVI,1888.1451857722327
2024-10-31T06:00:00Z,blm_lewistown_Lewistown District,Lewistown,NDVI,3480.233941298707
2024-10-31T06:00:00Z,blm_missoula_Missoula District,Missoula,EVI,2111.750773145846
2024-10-31T06:00:00Z,blm_missoula_Missoula District,Missoula,NDVI,5186.388620845406
2024-10-31T06:00:00Z,blm_butte_Butte District,Butte,EVI,1894.851881309073
2024-10-31T06:00:00Z,blm_butte_Butte District,Butte,NDVI,3825.3365930757013
2024-10-31T06:00:00Z,blm_dillon_Dillon District,Dillon,EVI,1605.9638917803657
2024-10-31T06:00:00Z,blm_dillon_Dillon District,Dillon,NDVI,3203.4890640403005
2024-11-16T07:00:00Z,blm_billings_Billings District,Billings,EVI,1534.1449994174116
2024-11-16T07:00:00Z,blm_billings_Billings District,Billings,NDVI,2751.4300210168417
2024-11-16T07:00:00Z,blm_miles-city_Miles City District,Miles City,EVI,1389.575288009793
2024-11-16T07:00:00Z,blm_miles-city_Miles City District,Miles City,NDVI,2432.5807358102725
2024-11-16T07:00:00Z,blm_malta_Malta District,Malta,EVI,1613.7771445156386
2024-11-16T07:00:00Z,blm_malta_Malta District,Malta,NDVI,2613.4764260110605
2024-11-16T07:00:00Z,blm_lewistown_Lewistown District,Lewistown,EVI,1696.8776925955392
2024-11-16T07:00:00Z,blm_lewistown_Lewistown District,Lewistown,NDVI,2911.9915569031546
2024-11-16T07:00:00Z,blm_missoula_Missoula District,Missoula,EVI,1880.0599164976336
2024-11-16T07:00:00Z,blm_missoula_Missoula District,Missoula,NDVI,3859.8894393581554
2024-11-16T07:00:00Z,blm_butte_Butte District,Butte,EVI,1597.4058137009467
2024-11-16T07:00:00Z,blm_butte_Butte District,Butte,NDVI,3111.0170989018925
2024-11-16T07:00:00Z,blm_dillon_Dillon District,Dillon,EVI,1466.7668358387828
2024-11-16T07:00:00Z,blm_dillon_Dillon District,Dillon,NDVI,2444.507128155694
2024-12-02T07:00:00Z,blm_billings_Billings District,Billings,EVI,1433.011851726495
2024-12-02T07:00:00Z,blm_billings_Billings District,Billings,NDVI,2710.485071863673
2024-12-02T07:00:00Z,blm_miles-city_Miles City District,Miles City,EVI,1195.4260802111241
2024-12-02T07:00:00Z,blm_miles-city_Miles City District,Miles City,NDVI,2265.739754316622
2024-12-02T07:00:00Z,blm_malta_Malta District,Malta,EVI,1322.1133911750858
2024-12-02T07:00:00Z,blm_malta_Malta District,Malta,NDVI,2413.7725247538397
2024-12-02T07:00:00Z,blm_lewistown_Lewistown District,Lewistown,EVI,1575.5998887696762
2024-12-02T07:00:00Z,blm_lewistown_Lewistown District,Lewistown,NDVI,2897.0203936286352
2024-12-02T07:00:00Z,blm_missoula_Missoula District,Missoula,EVI,1978.0019003589389
2024-12-02T07:00:00Z,blm_missoula_Missoula District,Missoula,NDVI,4861.814661381791
2024-12-02T07:00:00Z,blm_butte_Butte District,Butte,EVI,1583.4036359795498
2024-12-02T07:00:00Z,blm_butte_Butte District,Butte,NDVI,3288.673304929033
2024-12-02T07:00:00Z,blm_dillon_Dillon District,Dillon,EVI,1293.8911933466647
2024-12-02T07:00:00Z,blm_dillon_Dillon District,Dillon,NDVI,2328.0232761597554
2024-12-18T07:00:00Z,blm_billings_Billings District,Billings,EVI,1440.6365101473218
2024-12-18T07:00:00Z,blm_billings_Billings District,Billings,NDVI,2565.6814906320737
2024-12-18T07:00:00Z,blm_miles-city_Miles City District,Miles City,EVI,1199.3090665598775
2024-12-18T07:00:00Z,blm_miles-city_Miles City District,Miles City,NDVI,2307.906613898946
2024-12-18T07:00:00Z,blm_malta_Malta District,Malta,EVI,1464.5352326787543
2024-12-18T07:00:00Z,blm_malta_Malta District,Malta,NDVI,2401.5273507015922
2024-12-18T07:00:00Z,blm_lewistown_Lewistown District,Lewistown,EVI,1661.1874737863527
2024-12-18T07:00:00Z,blm_lewistown_Lewistown District,Lewistown,NDVI,2767.603340891951
2024-12-18T07:00:00Z,blm_missoula_Missoula District,Missoula,EVI,1735.210951349222
2024-12-18T07:00:00Z,blm_missoula_Missoula District,Missoula,NDVI,4098.475871577703
2024-12-18T07:00:00Z,blm_butte_Butte District,Butte,EVI,1211.7545115579724
2024-12-18T07:00:00Z,blm_butte_Butte District,Butte,NDVI,2542.191208499135
2024-12-18T07:00:00Z,blm_dillon_Dillon District,Dillon,EVI,1394.3178981508368
2024-12-18T07:00:00Z,blm_dillon_Dillon District,Dillon,NDVI,2174.183289956902
2025-01-01T07:00:00Z,blm_billings_Billings District,Billings,EVI,421.0568720379147
2025-01-01T07:00:00Z,blm_billings_Billings District,Billings,NDVI,2179.0521327014217
2025-01-01T07:00:00Z,blm_miles-city_Miles City District,Miles City,EVI,1223.0657670692217
2025-01-01T07:00:00Z,blm_miles-city_Miles City District,Miles City,NDVI,2272.583576933298
2025-01-01T07:00:00Z,blm_malta_Malta District,Malta,EVI,1070.8440078710166
2025-01-01T07:00:00Z,blm_malta_Malta District,Malta,NDVI,1938.7718674622317
2025-01-01T07:00:00Z,blm_lewistown_Lewistown District,Lewistown,EVI,NA
2025-01-01T07:00:00Z,blm_lewistown_Lewistown District,Lewistown,NDVI,NA
2025-01-01T07:00:00Z,blm_missoula_Missoula District,Missoula,EVI,2539.5
2025-01-01T07:00:00Z,blm_missoula_Missoula District,Missoula,NDVI,6004.25
2025-01-01T07:00:00Z,blm_butte_Butte District,Butte,EVI,NA
2025-01-01T07:00:00Z,blm_butte_Butte District,Butte,NDVI,NA
2025-01-01T07:00:00Z,blm_dillon_Dillon District,Dillon,EVI,NA
2025-01-01T07:00:00Z,blm_dillon_Dillon District,Dillon,NDVI,NA
2025-01-17T07:00:00Z,blm_billings_Billings District,Billings,EVI,1232.149316508938
2025-01-17T07:00:00Z,blm_billings_Billings District,Billings,NDVI,1982.800210304942
2025-01-17T07:00:00Z,blm_miles-city_Miles City District,Miles City,EVI,1157.7973396913037
2025-01-17T07:00:00Z,blm_miles-city_Miles City District,Miles City,NDVI,2068.1295645626806
2025-01-17T07:00:00Z,blm_malta_Malta District,Malta,EVI,1082.2484493251147
2025-01-17T07:00:00Z,blm_malta_Malta District,Malta,NDVI,1944.623420067098
2025-01-17T07:00:00Z,blm_lewistown_Lewistown District,Lewistown,EVI,1217.5791962081948
2025-01-17T07:00:00Z,blm_lewistown_Lewistown District,Lewistown,NDVI,2021.4362384824913
2025-01-17T07:00:00Z,blm_missoula_Missoula District,Missoula,EVI,2191.224093252714
2025-01-17T07:00:00Z,blm_missoula_Missoula District,Missoula,NDVI,5982.694154785969
2025-01-17T07:00:00Z,blm_butte_Butte District,Butte,EVI,884.1111111111111
2025-01-17T07:00:00Z,blm_butte_Butte District,Butte,NDVI,3698.5
2025-01-17T07:00:00Z,blm_dillon_Dillon District,Dillon,EVI,1908.15
2025-01-17T07:00:00Z,blm_dillon_Dillon District,Dillon,NDVI,2527.35
2025-02-02T07:00:00Z,blm_billings_Billings District,Billings,EVI,NA
2025-02-02T07:00:00Z,blm_billings_Billings District,Billings,NDVI,NA
2025-02-02T07:00:00Z,blm_miles-city_Miles City District,Miles City,EVI,NA
2025-02-02T07:00:00Z,blm_miles-city_Miles City District,Miles City,NDVI,NA
2025-02-02T07:00:00Z,blm_malta_Malta District,Malta,EVI,86.17481203007522
2025-02-02T07:00:00Z,blm_malta_Malta District,Malta,NDVI,873.216165413534
2025-02-02T07:00:00Z,blm_lewistown_Lewistown District,Lewistown,EVI,32.66261808367071
2025-02-02T07:00:00Z,blm_lewistown_Lewistown District,Lewistown,NDVI,354.40215924426445
2025-02-02T07:00:00Z,blm_missoula_Missoula District,Missoula,EVI,NA
2025-02-02T07:00:00Z,blm_missoula_Missoula District,Missoula,NDVI,NA
2025-02-02T07:00:00Z,blm_butte_Butte District,Butte,EVI,NA
2025-02-02T07:00:00Z,blm_butte_Butte District,Butte,NDVI,NA
2025-02-02T07:00:00Z,blm_dillon_Dillon District,Dillon,EVI,NA
2025-02-02T07:00:00Z,blm_dillon_Dillon District,Dillon,NDVI,NA
2025-02-18T07:00:00Z,blm_billings_Billings District,Billings,EVI,1084.8764382490522
2025-02-18T07:00:00Z,blm_billings_Billings District,Billings,NDVI,2062.328904774283
2025-02-18T07:00:00Z,blm_miles-city_Miles City District,Miles City,EVI,1004.7782480089429
2025-02-18T07:00:00Z,blm_miles-city_Miles City District,Miles City,NDVI,2045.996129316063
2025-02-18T07:00:00Z,blm_malta_Malta District,Malta,EVI,1159.2788099578127
2025-02-18T07:00:00Z,blm_malta_Malta District,Malta,NDVI,2317.5946389502024
2025-02-18T07:00:00Z,blm_lewistown_Lewistown District,Lewistown,EVI,1179.6406199004239
2025-02-18T07:00:00Z,blm_lewistown_Lewistown District,Lewistown,NDVI,2131.7091583623906
2025-02-18T07:00:00Z,blm_missoula_Missoula District,Missoula,EVI,1888.0334417941344
2025-02-18T07:00:00Z,blm_missoula_Missoula District,Missoula,NDVI,4857.586963118355
2025-02-18T07:00:00Z,blm_butte_Butte District,Butte,EVI,1168.2281126056198
2025-02-18T07:00:00Z,blm_butte_Butte District,Butte,NDVI,2002.9185284612986
2025-02-18T07:00:00Z,blm_dillon_Dillon District,Dillon,EVI,1166.8596194418378
2025-02-18T07:00:00Z,blm_dillon_Dillon District,Dillon,NDVI,1888.9381785548744
2025-03-06T07:00:00Z,blm_billings_Billings District,Billings,EVI,1295.5942974564177
2025-03-06T07:00:00Z,blm_billings_Billings District,Billings,NDVI,2316.4074484779358
2025-03-06T07:00:00Z,blm_miles-city_Miles City District,Miles City,EVI,1161.115283726196
2025-03-06T07:00:00Z,blm_miles-city_Miles City District,Miles City,NDVI,2135.120733214739
2025-03-06T07:00:00Z,blm_malta_Malta District,Malta,EVI,1221.413631713364
2025-03-06T07:00:00Z,blm_malta_Malta District,Malta,NDVI,2300.3750933488254
2025-03-06T07:00:00Z,blm_lewistown_Lewistown District,Lewistown,EVI,1319.6799517327597
2025-03-06T07:00:00Z,blm_lewistown_Lewistown District,Lewistown,NDVI,2346.6010808598244
2025-03-06T07:00:00Z,blm_missoula_Missoula District,Missoula,EVI,2284.9914488235104
2025-03-06T07:00:00Z,blm_missoula_Missoula District,Missoula,NDVI,4615.486364295803
2025-03-06T07:00:00Z,blm_butte_Butte District,Butte,EVI,1405.8876085449494
2025-03-06T07:00:00Z,blm_butte_Butte District,Butte,NDVI,2340.7871953029057
2025-03-06T07:00:00Z,blm_dillon_Dillon District,Dillon,EVI,1204.398783443924
2025-03-06T07:00:00Z,blm_dillon_Dillon District,Dillon,NDVI,1857.9814179629157
2025-03-22T06:00:00Z,blm_billings_Billings District,Billings,EVI,1516.3328908831922
2025-03-22T06:00:00Z,blm_billings_Billings District,Billings,NDVI,2803.1690967116365
2025-03-22T06:00:00Z,blm_miles-city_Miles City District,Miles City,EVI,1364.6278512935849
2025-03-22T06:00:00Z,blm_miles-city_Miles City District,Miles City,NDVI,2411.2115332609187
2025-03-22T06:00:00Z,blm_malta_Malta District,Malta,EVI,1310.4881162554204
2025-03-22T06:00:00Z,blm_malta_Malta District,Malta,NDVI,2386.6050397847553
2025-03-22T06:00:00Z,blm_lewistown_Lewistown District,Lewistown,EVI,1451.0031791779772
2025-03-22T06:00:00Z,blm_lewistown_Lewistown District,Lewistown,NDVI,2672.379626578236
2025-03-22T06:00:00Z,blm_missoula_Missoula District,Missoula,EVI,2213.1315562588297
2025-03-22T06:00:00Z,blm_missoula_Missoula District,Missoula,NDVI,4754.003591255164
2025-03-22T06:00:00Z,blm_butte_Butte District,Butte,EVI,1492.5240787506464
2025-03-22T06:00:00Z,blm_butte_Butte District,Butte,NDVI,2788.778950677084
2025-03-22T06:00:00Z,blm_dillon_Dillon District,Dillon,EVI,1276.5075256129455
2025-03-22T06:00:00Z,blm_dillon_Dillon District,Dillon,NDVI,2183.717424654646
2025-04-07T06:00:00Z,blm_billings_Billings District,Billings,EVI,1958.1603413982575
2025-04-07T06:00:00Z,blm_billings_Billings District,Billings,NDVI,3203.017517830251
2025-04-07T06:00:00Z,blm_miles-city_Miles City District,Miles City,EVI,1559.6946787012137
2025-04-07T06:00:00Z,blm_miles-city_Miles City District,Miles City,NDVI,2663.8679531879047
2025-04-07T06:00:00Z,blm_malta_Malta District,Malta,EVI,1610.1550312137463
2025-04-07T06:00:00Z,blm_malta_Malta District,Malta,NDVI,2649.9336845622324
2025-04-07T06:00:00Z,blm_lewistown_Lewistown District,Lewistown,EVI,1951.0737317369874
2025-04-07T06:00:00Z,blm_lewistown_Lewistown District,Lewistown,NDVI,3178.764626369781
2025-04-07T06:00:00Z,blm_missoula_Missoula District,Missoula,EVI,2556.194609388552
2025-04-07T06:00:00Z,blm_missoula_Missoula District,Missoula,NDVI,5332.036924611548
2025-04-07T06:00:00Z,blm_butte_Butte District,Butte,EVI,1902.8300527494803
2025-04-07T06:00:00Z,blm_butte_Butte District,Butte,NDVI,3501.670225569554
2025-04-07T06:00:00Z,blm_dillon_Dillon District,Dillon,EVI,1517.7705241892124
2025-04-07T06:00:00Z,blm_dillon_Dillon District,Dillon,NDVI,2662.0548560338593
2025-04-23T06:00:00Z,blm_billings_Billings District,Billings,EVI,2193.8365831553147
2025-04-23T06:00:00Z,blm_billings_Billings District,Billings,NDVI,3908.8530192408707
2025-04-23T06:00:00Z,blm_miles-city_Miles City District,Miles City,EVI,1847.7896833431682
2025-04-23T06:00:00Z,blm_miles-city_Miles City District,Miles City,NDVI,3348.161764450515
2025-04-23T06:00:00Z,blm_malta_Malta District,Malta,EVI,1786.652192484824
2025-04-23T06:00:00Z,blm_malta_Malta District,Malta,NDVI,3070.4514959046815
2025-04-23T06:00:00Z,blm_lewistown_Lewistown District,Lewistown,EVI,2266.936280191956
2025-04-23T06:00:00Z,blm_lewistown_Lewistown District,Lewistown,NDVI,3912.685726523135
2025-04-23T06:00:00Z,blm_missoula_Missoula District,Missoula,EVI,2642.8515338538814
2025-04-23T06:00:00Z,blm_missoula_Missoula District,Missoula,NDVI,5709.547393369289
2025-04-23T06:00:00Z,blm_butte_Butte District,Butte,EVI,2294.7627638118734
2025-04-23T06:00:00Z,blm_butte_Butte District,Butte,NDVI,4156.938163651371
2025-04-23T06:00:00Z,blm_dillon_Dillon District,Dillon,EVI,1968.704445396749
2025-04-23T06:00:00Z,blm_dillon_Dillon District,Dillon,NDVI,3418.7877924016875
2025-05-09T06:00:00Z,blm_billings_Billings District,Billings,EVI,3343.832503210656
2025-05-09T06:00:00Z,blm_billings_Billings District,Billings,NDVI,4969.857228023522
2025-05-09T06:00:00Z,blm_miles-city_Miles City District,Miles City,EVI,2481.3845172207293
2025-05-09T06:00:00Z,blm_miles-city_Miles City District,Miles City,NDVI,3856.962167304625
2025-05-09T06:00:00Z,blm_malta_Malta District,Malta,EVI,2535.6683935890396
2025-05-09T06:00:00Z,blm_malta_Malta District,Malta,NDVI,3738.3127404369498
2025-05-09T06:00:00Z,blm_lewistown_Lewistown District,Lewistown,EVI,3167.7695635808814
2025-05-09T06:00:00Z,blm_lewistown_Lewistown District,Lewistown,NDVI,4995.43103426641
2025-05-09T06:00:00Z,blm_missoula_Missoula District,Missoula,EVI,2695.1391875151894
2025-05-09T06:00:00Z,blm_missoula_Missoula District,Missoula,NDVI,6373.885872333052
2025-05-09T06:00:00Z,blm_butte_Butte District,Butte,EVI,2588.204392888159
2025-05-09T06:00:00Z,blm_butte_Butte District,Butte,NDVI,5093.173970991196
2025-05-09T06:00:00Z,blm_dillon_Dillon District,Dillon,EVI,2318.259337053302
2025-05-09T06:00:00Z,blm_dillon_Dillon District,Dillon,NDVI,4373.091479637062
2025-05-25T06:00:00Z,blm_billings_Billings District,Billings,EVI,3295.37240420346
2025-05-25T06:00:00Z,blm_billings_Billings District,Billings,NDVI,5239.634686636878
2025-05-25T06:00:00Z,blm_miles-city_Miles City District,Miles City,EVI,2546.610377921091
2025-05-25T06:00:00Z,blm_miles-city_Miles City District,Miles City,NDVI,4251.321171162129
2025-05-25T06:00:00Z,blm_malta_Malta District,Malta,EVI,2594.447537921546
2025-05-25T06:00:00Z,blm_malta_Malta District,Malta,NDVI,4097.620150294114
2025-05-25T06:00:00Z,blm_lewistown_Lewistown District,Lewistown,EVI,3257.12399238879
2025-05-25T06:00:00Z,blm_lewistown_Lewistown District,Lewistown,NDVI,5228.670822673097
2025-05-25T06:00:00Z,blm_missoula_Missoula District,Missoula,EVI,3273.6055892585837
2025-05-25T06:00:00Z,blm_missoula_Missoula District,Missoula,NDVI,6510.471464958374
2025-05-25T06:00:00Z,blm_butte_Butte District,Butte,EVI,3160.1969383131436
2025-05-25T06:00:00Z,blm_butte_Butte District,Butte,NDVI,5409.813174876695
2025-05-25T06:00:00Z,blm_dillon_Dillon District,Dillon,EVI,2803.156604134151
2025-05-25T06:00:00Z,blm_dillon_Dillon District,Dillon,NDVI,4909.62698071294
2025-06-10T06:00:00Z,blm_billings_Billings District,Billings,EVI,3242.2459851882854
2025-06-10T06:00:00Z,blm_billings_Billings District,Billings,NDVI,5397.931957383046
2025-06-10T06:00:00Z,blm_miles-city_Miles City District,Miles City,EVI,2593.666041427397
2025-06-10T06:00:00Z,blm_miles-city_Miles City District,Miles City,NDVI,4578.33072729195
2025-06-10T06:00:00Z,blm_malta_Malta District,Malta,EVI,2657.807167192419
2025-06-10T06:00:00Z,blm_malta_Malta District,Malta,NDVI,4294.876678396746
2025-06-10T06:00:00Z,blm_lewistown_Lewistown District,Lewistown,EVI,3253.12227184675
2025-06-10T06:00:00Z,blm_lewistown_Lewistown District,Lewistown,NDVI,5388.364589676283
2025-06-10T06:00:00Z,blm_missoula_Missoula District,Missoula,EVI,3557.9624762131057
2025-06-10T06:00:00Z,blm_missoula_Missoula District,Missoula,NDVI,6469.433164874783
2025-06-10T06:00:00Z,blm_butte_Butte District,Butte,EVI,3198.7363824974836
2025-06-10T06:00:00Z,blm_butte_Butte District,Butte,NDVI,5651.950606019483
2025-06-10T06:00:00Z,blm_dillon_Dillon District,Dillon,EVI,3070.4897680127388
2025-06-10T06:00:00Z,blm_dillon_Dillon District,Dillon,NDVI,5155.88889793358
2025-06-26T06:00:00Z,blm_billings_Billings District,Billings,EVI,2999.5442272564346
2025-06-26T06:00:00Z,blm_billings_Billings District,Billings,NDVI,4982.868531109881
2025-06-26T06:00:00Z,blm_miles-city_Miles City District,Miles City,EVI,2610.3929375911334
2025-06-26T06:00:00Z,blm_miles-city_Miles City District,Miles City,NDVI,4340.789184876939
2025-06-26T06:00:00Z,blm_malta_Malta District,Malta,EVI,2611.9477213319733
2025-06-26T06:00:00Z,blm_malta_Malta District,Malta,NDVI,4409.23647025534
2025-06-26T06:00:00Z,blm_lewistown_Lewistown District,Lewistown,EVI,3127.3725261106997
2025-06-26T06:00:00Z,blm_lewistown_Lewistown District,Lewistown,NDVI,5452.476793500101
2025-06-26T06:00:00Z,blm_missoula_Missoula District,Missoula,EVI,3210.3482762749427
2025-06-26T06:00:00Z,blm_missoula_Missoula District,Missoula,NDVI,6876.420044331732
2025-06-26T06:00:00Z,blm_butte_Butte District,Butte,EVI,3015.9161488156356
2025-06-26T06:00:00Z,blm_butte_Butte District,Butte,NDVI,5743.481514008232
2025-06-26T06:00:00Z,blm_dillon_Dillon District,Dillon,EVI,2862.165924267877
2025-06-26T06:00:00Z,blm_dillon_Dillon District,Dillon,NDVI,5258.270348005276
2025-07-12T06:00:00Z,blm_billings_Billings District,Billings,EVI,2419.4479038169
2025-07-12T06:00:00Z,blm_billings_Billings District,Billings,NDVI,4496.643788984181
2025-07-12T06:00:00Z,blm_miles-city_Miles City District,Miles City,EVI,2333.7946824023047
2025-07-12T06:00:00Z,blm_miles-city_Miles City District,Miles City,NDVI,4175.62258850694
2025-07-12T06:00:00Z,blm_malta_Malta District,Malta,EVI,2233.07178778123
2025-07-12T06:00:00Z,blm_malta_Malta District,Malta,NDVI,3922.072371978764
2025-07-12T06:00:00Z,blm_lewistown_Lewistown District,Lewistown,EVI,2659.322569620655
2025-07-12T06:00:00Z,blm_lewistown_Lewistown District,Lewistown,NDVI,4741.2418063390605
2025-07-12T06:00:00Z,blm_missoula_Missoula District,Missoula,EVI,3227.5096057161604
2025-07-12T06:00:00Z,blm_missoula_Missoula District,Missoula,NDVI,6682.3857685527155
2025-07-12T06:00:00Z,blm_butte_Butte District,Butte,EVI,2793.5277793741107
2025-07-12T06:00:00Z,blm_butte_Butte District,Butte,NDVI,5405.415852490398
2025-07-12T06:00:00Z,blm_dillon_Dillon District,Dillon,EVI,2684.8460962535596
2025-07-12T06:00:00Z,blm_dillon_Dillon District,Dillon,NDVI,4939.828435371644
2025-07-28T06:00:00Z,blm_billings_Billings District,Billings,EVI,2386.6541394325477
2025-07-28T06:00:00Z,blm_billings_Billings District,Billings,NDVI,4298.319212283313
2025-07-28T06:00:00Z,blm_miles-city_Miles City District,Miles City,EVI,2504.8402424023716
2025-07-28T06:00:00Z,blm_miles-city_Miles City District,Miles City,NDVI,4318.070259640265
2025-07-28T06:00:00Z,blm_malta_Malta District,Malta,EVI,2299.1796443698104
2025-07-28T06:00:00Z,blm_malta_Malta District,Malta,NDVI,3995.986744594774
2025-07-28T06:00:00Z,blm_lewistown_Lewistown District,Lewistown,EVI,2681.600165768531
2025-07-28T06:00:00Z,blm_lewistown_Lewistown District,Lewistown,NDVI,4754.145485263524
2025-07-28T06:00:00Z,blm_missoula_Missoula District,Missoula,EVI,3173.711141904808
2025-07-28T06:00:00Z,blm_missoula_Missoula District,Missoula,NDVI,6651.718717749441
2025-07-28T06:00:00Z,blm_butte_Butte District,Butte,EVI,2611.6569799155645
2025-07-28T06:00:00Z,blm_butte_Butte District,Butte,NDVI,5306.217312085348
2025-07-28T06:00:00Z,blm_dillon_Dillon District,Dillon,EVI,2368.3613102900335
2025-07-28T06:00:00Z,blm_dillon_Dillon District,Dillon,NDVI,4703.05180450157
2025-08-13T06:00:00Z,blm_billings_Billings District,Billings,EVI,2187.291757997589
2025-08-13T06:00:00Z,blm_billings_Billings District,Billings,NDVI,3973.4102020113205
2025-08-13T06:00:00Z,blm_miles-city_Miles City District,Miles City,EVI,2256.35820045906
2025-08-13T06:00:00Z,blm_miles-city_Miles City District,Miles City,NDVI,4084.250236355851
2025-08-13T06:00:00Z,blm_malta_Malta District,Malta,EVI,2157.091855513182
2025-08-13T06:00:00Z,blm_malta_Malta District,Malta,NDVI,3922.782575006793
2025-08-13T06:00:00Z,blm_lewistown_Lewistown District,Lewistown,EVI,2443.443828656939
2025-08-13T06:00:00Z,blm_lewistown_Lewistown District,Lewistown,NDVI,4589.095913356672
2025-08-13T06:00:00Z,blm_missoula_Missoula District,Missoula,EVI,2926.6381214390667
2025-08-13T06:00:00Z,blm_missoula_Missoula District,Missoula,NDVI,6623.188442342583
2025-08-13T06:00:00Z,blm_butte_Butte District,Butte,EVI,2439.2506941357065
2025-08-13T06:00:00Z,blm_butte_Butte District,Butte,NDVI,5026.30956491835
2025-08-13T06:00:00Z,blm_dillon_Dillon District,Dillon,EVI,2293.145132294947
2025-08-13T06:00:00Z,blm_dillon_Dillon District,Dillon,NDVI,4323.245783109529
2025-08-29T06:00:00Z,blm_billings_Billings District,Billings,EVI,2043.234382400781
2025-08-29T06:00:00Z,blm_billings_Billings District,Billings,NDVI,3621.2738766319885
2025-08-29T06:00:00Z,blm_miles-city_Miles City District,Miles City,EVI,2249.0607518925553
2025-08-29T06:00:00Z,blm_miles-city_Miles City District,Miles City,NDVI,3634.1061670607164
2025-08-29T06:00:00Z,blm_malta_Malta District,Malta,EVI,2147.4928422784415
2025-08-29T06:00:00Z,blm_malta_Malta District,Malta,NDVI,3460.371590108774
2025-08-29T06:00:00Z,blm_lewistown_Lewistown District,Lewistown,EVI,2262.0517701616245
2025-08-29T06:00:00Z,blm_lewistown_Lewistown District,Lewistown,NDVI,4262.102864617333
2025-08-29T06:00:00Z,blm_missoula_Missoula District,Missoula,EVI,3050.929963225544
2025-08-29T06:00:00Z,blm_missoula_Missoula District,Missoula,NDVI,6058.104576025884
2025-08-29T06:00:00Z,blm_butte_Butte District,Butte,EVI,2131.252751792421
2025-08-29T06:00:00Z,blm_butte_Butte District,Butte,NDVI,4894.366688509133
2025-08-29T06:00:00Z,blm_dillon_Dillon District,Dillon,EVI,2042.5240833547944
2025-08-29T06:00:00Z,blm_dillon_Dillon District,Dillon,NDVI,4274.961318090887
2025-09-14T06:00:00Z,blm_billings_Billings District,Billings,EVI,1969.5310044763082
2025-09-14T06:00:00Z,blm_billings_Billings District,Billings,NDVI,3737.8918433742706
2025-09-14T06:00:00Z,blm_miles-city_Miles City District,Miles City,EVI,1816.7894677509369
2025-09-14T06:00:00Z,blm_miles-city_Miles City District,Miles City,NDVI,3479.4121690774673
2025-09-14T06:00:00Z,blm_malta_Malta District,Malta,EVI,1829.4489214334037
2025-09-14T06:00:00Z,blm_malta_Malta District,Malta,NDVI,3355.0680124003443
2025-09-14T06:00:00Z,blm_lewistown_Lewistown District,Lewistown,EVI,2086.418894069076
2025-09-14T06:00:00Z,blm_lewistown_Lewistown District,Lewistown,NDVI,4139.200660315933
2025-09-14T06:00:00Z,blm_missoula_Missoula District,Missoula,EVI,2550.5503238656274
2025-09-14T06:00:00Z,blm_missoula_Missoula District,Missoula,NDVI,6319.009298153476
2025-09-14T06:00:00Z,blm_butte_Butte District,Butte,EVI,2105.5349299590057
2025-09-14T06:00:00Z,blm_butte_Butte District,Butte,NDVI,4932.856527083821
2025-09-14T06:00:00Z,blm_dillon_Dillon District,Dillon,EVI,1934.907383699474
2025-09-14T06:00:00Z,blm_dillon_Dillon District,Dillon,NDVI,4362.236296553828
2025-09-30T06:00:00Z,blm_billings_Billings District,Billings,EVI,1905.0981215581548
2025-09-30T06:00:00Z,blm_billings_Billings District,Billings,NDVI,3941.7433292165
2025-09-30T06:00:00Z,blm_miles-city_Miles City District,Miles City,EVI,1749.4301525951976
2025-09-30T06:00:00Z,blm_miles-city_Miles City District,Miles City,NDVI,3342.0463120832424
2025-09-30T06:00:00Z,blm_malta_Malta District,Malta,EVI,1656.6850804730504
2025-09-30T06:00:00Z,blm_malta_Malta District,Malta,NDVI,3131.5336678450144
2025-09-30T06:00:00Z,blm_lewistown_Lewistown District,Lewistown,EVI,1940.6010007658597
2025-09-30T06:00:00Z,blm_lewistown_Lewistown District,Lewistown,NDVI,4027.2378600565276
2025-09-30T06:00:00Z,blm_missoula_Missoula District,Missoula,EVI,2399.1736254955385
2025-09-30T06:00:00Z,blm_missoula_Missoula District,Missoula,NDVI,6293.177321473866
2025-09-30T06:00:00Z,blm_butte_Butte District,Butte,EVI,2026.6096435714096
2025-09-30T06:00:00Z,blm_butte_Butte District,Butte,NDVI,4836.398592132929
2025-09-30T06:00:00Z,blm_dillon_Dillon District,Dillon,EVI,1816.6562655485727
2025-09-30T06:00:00Z,blm_dillon_Dillon District,Dillon,NDVI,4160.202236856252
