date,id,name,variable,value
2002-07-04T06:00:00Z,blm_billings_Billings District,Billings,EVI,2217.780548650135
2002-07-04T06:00:00Z,blm_billings_Billings District,Billings,NDVI,3672.5822909050353
2002-07-04T06:00:00Z,blm_miles-city_Miles City District,Miles City,EVI,2263.8168981871577
2002-07-04T06:00:00Z,blm_miles-city_Miles City District,Miles City,NDVI,3548.0413357920243
2002-07-04T06:00:00Z,blm_malta_Malta District,Malta,EVI,2726.058818149408
2002-07-04T06:00:00Z,blm_malta_Malta District,Malta,NDVI,4316.0332122496775
2002-07-04T06:00:00Z,blm_lewistown_Lewistown District,Lewistown,EVI,2978.255533070565
2002-07-04T06:00:00Z,blm_lewistown_Lewistown District,Lewistown,NDVI,5054.897279392776
2002-07-04T06:00:00Z,blm_missoula_Missoula District,Missoula,EVI,3401.3633719889526
2002-07-04T06:00:00Z,blm_missoula_Missoula District,Missoula,NDVI,6853.413853918256
2002-07-04T06:00:00Z,blm_butte_Butte District,Butte,EVI,2967.2349148834573
2002-07-04T06:00:00Z,blm_butte_Butte District,Butte,NDVI,5639.418045192093
2002-07-04T06:00:00Z,blm_dillon_Dillon District,Dillon,EVI,2823.7813743427637
2002-07-04T06:00:00Z,blm_dillon_Dillon District,Dillon,NDVI,5092.3082258925315
2002-07-20T06:00:00Z,blm_billings_Billings District,Billings,EVI,2012.7543824961404
2002-07-20T06:00:00Z,blm_billings_Billings District,Billings,NDVI,3424.5525290718847
2002-07-20T06:00:00Z,blm_miles-city_Miles City District,Miles City,EVI,2034.0328177588656
2002-07-20T06:00:00Z,blm_miles-city_Miles City District,Miles City,NDVI,3284.9457155374885
2002-07-20T06:00:00Z,blm_malta_Malta District,Malta,EVI,2532.656399826391
2002-07-20T06:00:00Z,blm_malta_Malta District,Malta,NDVI,3933.0447573361857
2002-07-20T06:00:00Z,blm_lewistown_Lewistown District,Lewistown,EVI,2828.6813925527904
2002-07-20T06:00:00Z,blm_lewistown_Lewistown District,Lewistown,NDVI,4498.492238550541
2002-07-20T06:00:00Z,blm_missoula_Missoula District,Missoula,EVI,3461.5059189218528
2002-07-20T06:00:00Z,blm_missoula_Missoula District,Missoula,NDVI,6605.717969610569
2002-07-20T06:00:00Z,blm_butte_Butte District,Butte,EVI,2911.6642891796632
2002-07-20T06:00:00Z,blm_butte_Butte District,Butte,NDVI,5390.565507510193
2002-07-20T06:00:00Z,blm_dillon_Dillon District,Dillon,EVI,2614.18739533198
2002-07-20T06:00:00Z,blm_dillon_Dillon District,Dillon,NDVI,4977.431511166963
2002-08-05T06:00:00Z,blm_billings_Billings District,Billings,EVI,1912.950686156694
2002-08-05T06:00:00Z,blm_billings_Billings District,Billings,NDVI,3337.7673033608135
2002-08-05T06:00:00Z,blm_miles-city_Miles City District,Miles City,EVI,1750.2445407318
2002-08-05T06:00:00Z,blm_miles-city_Miles City District,Miles City,NDVI,3227.3460926830553
2002-08-05T06:00:00Z,blm_malta_Malta District,Malta,EVI,2281.1395830542924
2002-08-05T06:00:00Z,blm_malta_Malta District,Malta,NDVI,4003.2631488564994
2002-08-05T06:00:00Z,blm_lewistown_Lewistown District,Lewistown,EVI,2453.145524852385
2002-08-05T06:00:00Z,blm_lewistown_Lewistown District,Lewistown,NDVI,4401.094044862833
2002-08-05T06:00:00Z,blm_missoula_Missoula District,Missoula,EVI,3125.929381420801
2002-08-05T06:00:00Z,blm_missoula_Missoula District,Missoula,NDVI,6600.7236430899275
2002-08-05T06:00:00Z,blm_butte_Butte District,Butte,EVI,2627.6210955127553
2002-08-05T06:00:00Z,blm_butte_Butte District,Butte,NDVI,4988.109798503507
2002-08-05T06:00:00Z,blm_dillon_Dillon District,Dillon,EVI,2409.0567734126753
2002-08-05T06:00:00Z,blm_dillon_Dillon District,Dillon,NDVI,4464.470519720514
2002-08-21T06:00:00Z,blm_billings_Billings District,Billings,EVI,1858.9950128453709
2002-08-21T06:00:00Z,blm_billings_Billings District,Billings,NDVI,3152.5135039610536
2002-08-21T06:00:00Z,blm_miles-city_Miles City District,Miles City,EVI,1706.3525995200312
2002-08-21T06:00:00Z,blm_miles-city_Miles City District,Miles City,NDVI,2969.957016241712
2002-08-21T06:00:00Z,blm_malta_Malta District,Malta,EVI,2188.383635474078
2002-08-21T06:00:00Z,blm_malta_Malta District,Malta,NDVI,3756.6304942416864
2002-08-21T06:00:00Z,blm_lewistown_Lewistown District,Lewistown,EVI,2413.686274475191
2002-08-21T06:00:00Z,blm_lewistown_Lewistown District,Lewistown,NDVI,4519.800770356326
2002-08-21T06:00:00Z,blm_missoula_Missoula District,Missoula,EVI,3075.924649683621
2002-08-21T06:00:00Z,blm_missoula_Missoula District,Missoula,NDVI,6576.532771187614
2002-08-21T06:00:00Z,blm_butte_Butte District,Butte,EVI,2516.5303295688677
2002-08-21T06:00:00Z,blm_butte_Butte District,Butte,NDVI,5067.829659244682
2002-08-21T06:00:00Z,blm_dillon_Dillon District,Dillon,EVI,2291.3266217804044
2002-08-21T06:00:00Z,blm_dillon_Dillon District,Dillon,NDVI,4369.23505289567
2002-09-06T06:00:00Z,blm_billings_Billings District,Billings,EVI,1756.1717796129453
2002-09-06T06:00:00Z,blm_billings_Billings District,Billings,NDVI,3237.491066679599
2002-09-06T06:00:00Z,blm_miles-city_Miles City District,Miles City,EVI,1604.6818991913067
2002-09-06T06:00:00Z,blm_miles-city_Miles City District,Miles City,NDVI,3045.904111910744
2002-09-06T06:00:00Z,blm_malta_Malta District,Malta,EVI,2040.771906170785
2002-09-06T06:00:00Z,blm_malta_Malta District,Malta,NDVI,3702.355559454083
2002-09-06T06:00:00Z,blm_lewistown_Lewistown District,Lewistown,EVI,2321.1722062561257
2002-09-06T06:00:00Z,blm_lewistown_Lewistown District,Lewistown,NDVI,4357.659191452812
2002-09-06T06:00:00Z,blm_missoula_Missoula District,Missoula,EVI,2723.6681988284627
2002-09-06T06:00:00Z,blm_missoula_Missoula District,Missoula,NDVI,6527.24604961155
2002-09-06T06:00:00Z,blm_butte_Butte District,Butte,EVI,2299.2084878001547
2002-09-06T06:00:00Z,blm_butte_Butte District,Butte,NDVI,4878.594788220294
2002-09-06T06:00:00Z,blm_dillon_Dillon District,Dillon,EVI,2043.7667489045446
2002-09-06T06:00:00Z,blm_dillon_Dillon District,Dillon,NDVI,4300.888963474964
2002-09-22T06:00:00Z,blm_billings_Billings District,Billings,EVI,1638.19466386928
2002-09-22T06:00:00Z,blm_billings_Billings District,Billings,NDVI,3096.1989298213753
2002-09-22T06:00:00Z,blm_miles-city_Miles City District,Miles City,EVI,1563.6615655705864
2002-09-22T06:00:00Z,blm_miles-city_Miles City District,Miles City,NDVI,2800.161576416884
2002-09-22T06:00:00Z,blm_malta_Malta District,Malta,EVI,1768.3080855316732
2002-09-22T06:00:00Z,blm_malta_Malta District,Malta,NDVI,3235.7773048709532
2002-09-22T06:00:00Z,blm_lewistown_Lewistown District,Lewistown,EVI,1990.673885492198
2002-09-22T06:00:00Z,blm_lewistown_Lewistown District,Lewistown,NDVI,4159.484634512461
2002-09-22T06:00:00Z,blm_missoula_Missoula District,Missoula,EVI,2480.985814634169
2002-09-22T06:00:00Z,blm_missoula_Missoula District,Missoula,NDVI,6285.723816669406
2002-09-22T06:00:00Z,blm_butte_Butte District,Butte,EVI,2083.764239637141
2002-09-22T06:00:00Z,blm_butte_Butte District,Butte,NDVI,4902.233888122358
2002-09-22T06:00:00Z,blm_dillon_Dillon District,Dillon,EVI,1958.5185248104322
2002-09-22T06:00:00Z,blm_dillon_Dillon District,Dillon,NDVI,4312.647407545672
2002-10-08T06:00:00Z,blm_billings_Billings District,Billings,EVI,1556.3378890279432
2002-10-08T06:00:00Z,blm_billings_Billings District,Billings,NDVI,3026.7352522383785
2002-10-08T06:00:00Z,blm_miles-city_Miles City District,Miles City,EVI,1412.147996969686
2002-10-08T06:00:00Z,blm_miles-city_Miles City District,Miles City,NDVI,2593.2469317693854
2002-10-08T06:00:00Z,blm_malta_Malta District,Malta,EVI,1499.1860992702068
2002-10-08T06:00:00Z,blm_malta_Malta District,Malta,NDVI,2829.3070568442677
2002-10-08T06:00:00Z,blm_lewistown_Lewistown District,Lewistown,EVI,1774.8840971589902
2002-10-08T06:00:00Z,blm_lewistown_Lewistown District,Lewistown,NDVI,3726.52361604702
2002-10-08T06:00:00Z,blm_missoula_Missoula District,Missoula,EVI,2233.470079205363
2002-10-08T06:00:00Z,blm_missoula_Missoula District,Missoula,NDVI,5968.384759927172
2002-10-08T06:00:00Z,blm_butte_Butte District,Butte,EVI,1885.8525974418271
2002-10-08T06:00:00Z,blm_butte_Butte District,Butte,NDVI,4493.164512611035
2002-10-08T06:00:00Z,blm_dillon_Dillon District,Dillon,EVI,1774.4354222384716
2002-10-08T06:00:00Z,blm_dillon_Dillon District,Dillon,NDVI,3855.206332175018
2002-10-24T06:00:00Z,blm_billings_Billings District,Billings,EVI,1415.441331605028
2002-10-24T06:00:00Z,blm_billings_Billings District,Billings,NDVI,2852.0363004225806
2002-10-24T06:00:00Z,blm_miles-city_Miles City District,Miles City,EVI,1244.348745624342
2002-10-24T06:00:00Z,blm_miles-city_Miles City District,Miles City,NDVI,2411.146560002992
2002-10-24T06:00:00Z,blm_malta_Malta District,Malta,EVI,1317.5393883398947
2002-10-24T06:00:00Z,blm_malta_Malta District,Malta,NDVI,2520.161811483336
2002-10-24T06:00:00Z,blm_lewistown_Lewistown District,Lewistown,EVI,1653.4167799168083
2002-10-24T06:00:00Z,blm_lewistown_Lewistown District,Lewistown,NDVI,3424.012904382972
2002-10-24T06:00:00Z,blm_missoula_Missoula District,Missoula,EVI,2314.4667496990887
2002-10-24T06:00:00Z,blm_missoula_Missoula District,Missoula,NDVI,5556.187713387132
2002-10-24T06:00:00Z,blm_butte_Butte District,Butte,EVI,1922.7762348562117
2002-10-24T06:00:00Z,blm_butte_Butte District,Butte,NDVI,4317.601130766257
2002-10-24T06:00:00Z,blm_dillon_Dillon District,Dillon,EVI,1871.363328243586
2002-10-24T06:00:00Z,blm_dillon_Dillon District,Dillon,NDVI,3754.1640409922684
2002-11-09T07:00:00Z,blm_billings_Billings District,Billings,EVI,1401.0687060587923
2002-11-09T07:00:00Z,blm_billings_Billings District,Billings,NDVI,2776.5362889586495
2002-11-09T07:00:00Z,blm_miles-city_Miles City District,Miles City,EVI,1182.8286831972885
2002-11-09T07:00:00Z,blm_miles-city_Miles City District,Miles City,NDVI,2365.250644007507
2002-11-09T07:00:00Z,blm_malta_Malta District,Malta,EVI,1268.0632692301838
2002-11-09T07:00:00Z,blm_malta_Malta District,Malta,NDVI,2433.2107723817153
2002-11-09T07:00:00Z,blm_lewistown_Lewistown District,Lewistown,EVI,1480.4651266982028
2002-11-09T07:00:00Z,blm_lewistown_Lewistown District,Lewistown,NDVI,2953.5616091320917
2002-11-09T07:00:00Z,blm_missoula_Missoula District,Missoula,EVI,1977.2834527482664
2002-11-09T07:00:00Z,blm_missoula_Missoula District,Missoula,NDVI,5552.913332761043
2002-11-09T07:00:00Z,blm_butte_Butte District,Butte,EVI,1804.6851472287015
2002-11-09T07:00:00Z,blm_butte_Butte District,Butte,NDVI,3827.550247730893
2002-11-09T07:00:00Z,blm_dillon_Dillon District,Dillon,EVI,1495.3924686306632
2002-11-09T07:00:00Z,blm_dillon_Dillon District,Dillon,NDVI,2598.7078502355307
2002-11-25T07:00:00Z,blm_billings_Billings District,Billings,EVI,1280.9790443188465
2002-11-25T07:00:00Z,blm_billings_Billings District,Billings,NDVI,2591.684710439935
2002-11-25T07:00:00Z,blm_miles-city_Miles City District,Miles City,EVI,1127.9676386980748
2002-11-25T07:00:00Z,blm_miles-city_Miles City District,Miles City,NDVI,2250.743313241702
2002-11-25T07:00:00Z,blm_malta_Malta District,Malta,EVI,1188.1315946519794
2002-11-25T07:00:00Z,blm_malta_Malta District,Malta,NDVI,2317.2470900301882
2002-11-25T07:00:00Z,blm_lewistown_Lewistown District,Lewistown,EVI,1416.9530974492643
2002-11-25T07:00:00Z,blm_lewistown_Lewistown District,Lewistown,NDVI,3014.3586605583423
2002-11-25T07:00:00Z,blm_missoula_Missoula District,Missoula,EVI,2200.575856572762
2002-11-25T07:00:00Z,blm_missoula_Missoula District,Missoula,NDVI,5778.312617948779
2002-11-25T07:00:00Z,blm_butte_Butte District,Butte,EVI,1617.3754204755899
2002-11-25T07:00:00Z,blm_butte_Butte District,Butte,NDVI,3424.114670510591
2002-11-25T07:00:00Z,blm_dillon_Dillon District,Dillon,EVI,1485.3632192547477
2002-11-25T07:00:00Z,blm_dillon_Dillon District,Dillon,NDVI,2795.344356662386
2002-12-11T07:00:00Z,blm_billings_Billings District,Billings,EVI,1221.0856717360878
2002-12-11T07:00:00Z,blm_billings_Billings District,Billings,NDVI,2473.8194532617736
2002-12-11T07:00:00Z,blm_miles-city_Miles City District,Miles City,EVI,1151.8807880089234
2002-12-11T07:00:00Z,blm_miles-city_Miles City District,Miles City,NDVI,2177.255741018021
2002-12-11T07:00:00Z,blm_malta_Malta District,Malta,EVI,1169.2692216077203
2002-12-11T07:00:00Z,blm_malta_Malta District,Malta,NDVI,2214.4110243610985
2002-12-11T07:00:00Z,blm_lewistown_Lewistown District,Lewistown,EVI,1337.3894175328483
2002-12-11T07:00:00Z,blm_lewistown_Lewistown District,Lewistown,NDVI,2711.673125477293
2002-12-11T07:00:00Z,blm_missoula_Missoula District,Missoula,EVI,1912.4478810682112
2002-12-11T07:00:00Z,blm_missoula_Missoula District,Missoula,NDVI,4877.870241873041
2002-12-11T07:00:00Z,blm_butte_Butte District,Butte,EVI,1306.4824283033975
2002-12-11T07:00:00Z,blm_butte_Butte District,Butte,NDVI,2671.5359147281292
2002-12-11T07:00:00Z,blm_dillon_Dillon District,Dillon,EVI,1385.812514266426
2002-12-11T07:00:00Z,blm_dillon_Dillon District,Dillon,NDVI,2464.3580778653563
2002-12-27T07:00:00Z,blm_billings_Billings District,Billings,EVI,1240.7521991601018
2002-12-27T07:00:00Z,blm_billings_Billings District,Billings,NDVI,2527.525100546862
2002-12-27T07:00:00Z,blm_miles-city_Miles City District,Miles City,EVI,1125.7374692645978
2002-12-27T07:00:00Z,blm_miles-city_Miles City District,Miles City,NDVI,2253.8664994786604
2002-12-27T07:00:00Z,blm_malta_Malta District,Malta,EVI,1180.2336763529318
2002-12-27T07:00:00Z,blm_malta_Malta District,Malta,NDVI,2245.9310824648983
2002-12-27T07:00:00Z,blm_lewistown_Lewistown District,Lewistown,EVI,1369.9714969405823
2002-12-27T07:00:00Z,blm_lewistown_Lewistown District,Lewistown,NDVI,2775.3937189819794
2002-12-27T07:00:00Z,blm_missoula_Missoula District,Missoula,EVI,1839.5947989547476
2002-12-27T07:00:00Z,blm_missoula_Missoula District,Missoula,NDVI,4322.854569626141
2002-12-27T07:00:00Z,blm_butte_Butte District,Butte,EVI,1533.3259290249223
2002-12-27T07:00:00Z,blm_butte_Butte District,Butte,NDVI,2937.4636638871007
2002-12-27T07:00:00Z,blm_dillon_Dillon District,Dillon,EVI,1338.014830022271
2002-12-27T07:00:00Z,blm_dillon_Dillon District,Dillon,NDVI,2268.215288396054
2003-01-09T07:00:00Z,blm_billings_Billings District,Billings,EVI,1210.977034080897
2003-01-09T07:00:00Z,blm_billings_Billings District,Billings,NDVI,2358.554456864662
2003-01-09T07:00:00Z,blm_miles-city_Miles City District,Miles City,EVI,1169.0409965293918
2003-01-09T07:00:00Z,blm_miles-city_Miles City District,Miles City,NDVI,2091.019905806678
2003-01-09T07:00:00Z,blm_malta_Malta District,Malta,EVI,1121.963296291941
2003-01-09T07:00:00Z,blm_malta_Malta District,Malta,NDVI,2054.432760578737
2003-01-09T07:00:00Z,blm_lewistown_Lewistown District,Lewistown,EVI,1290.5323927551617
2003-01-09T07:00:00Z,blm_lewistown_Lewistown District,Lewistown,NDVI,2611.474811344363
2003-01-09T07:00:00Z,blm_missoula_Missoula District,Missoula,EVI,1858.9869377474984
2003-01-09T07:00:00Z,blm_missoula_Missoula District,Missoula,NDVI,4500.926637746889
2003-01-09T07:00:00Z,blm_butte_Butte District,Butte,EVI,1391.36417628206
2003-01-09T07:00:00Z,blm_butte_Butte District,Butte,NDVI,2757.371068660163
2003-01-09T07:00:00Z,blm_dillon_Dillon District,Dillon,EVI,1350.0800005380165
2003-01-09T07:00:00Z,blm_dillon_Dillon District,Dillon,NDVI,2464.9809114965265
2003-01-25T07:00:00Z,blm_billings_Billings District,Billings,EVI,1155.7060323061014
2003-01-25T07:00:00Z,blm_billings_Billings District,Billings,NDVI,2226.6003907354625
2003-01-25T07:00:00Z,blm_miles-city_Miles City District,Miles City,EVI,1251.634678969701
2003-01-25T07:00:00Z,blm_miles-city_Miles City District,Miles City,NDVI,2252.239661518707
2003-01-25T07:00:00Z,blm_malta_Malta District,Malta,EVI,1243.362714949409
2003-01-25T07:00:00Z,blm_malta_Malta District,Malta,NDVI,2007.2060163604494
2003-01-25T07:00:00Z,blm_lewistown_Lewistown District,Lewistown,EVI,1309.6946583952567
2003-01-25T07:00:00Z,blm_lewistown_Lewistown District,Lewistown,NDVI,2312.0036290463163
2003-01-25T07:00:00Z,blm_missoula_Missoula District,Missoula,EVI,1754.1863997020555
2003-01-25T07:00:00Z,blm_missoula_Missoula District,Missoula,NDVI,4059.0608025766282
2003-01-25T07:00:00Z,blm_butte_Butte District,Butte,EVI,1334.6055179872103
2003-01-25T07:00:00Z,blm_butte_Butte District,Butte,NDVI,2414.3583845675093
2003-01-25T07:00:00Z,blm_dillon_Dillon District,Dillon,EVI,1379.0358782130318
2003-01-25T07:00:00Z,blm_dillon_Dillon District,Dillon,NDVI,2206.796733859598
2003-02-10T07:00:00Z,blm_billings_Billings District,Billings,EVI,1135.573039732249
2003-02-10T07:00:00Z,blm_billings_Billings District,Billings,NDVI,2199.4040777596474
2003-02-10T07:00:00Z,blm_miles-city_Miles City District,Miles City,EVI,1033.0465815819757
2003-02-10T07:00:00Z,blm_miles-city_Miles City District,Miles City,NDVI,1951.8235247012658
2003-02-10T07:00:00Z,blm_malta_Malta District,Malta,EVI,1071.589612720164
2003-02-10T07:00:00Z,blm_malta_Malta District,Malta,NDVI,1949.4910685199752
2003-02-10T07:00:00Z,blm_lewistown_Lewistown District,Lewistown,EVI,1125.5465862834462
2003-02-10T07:00:00Z,blm_lewistown_Lewistown District,Lewistown,NDVI,2098.7411217282047
2003-02-10T07:00:00Z,blm_missoula_Missoula District,Missoula,EVI,2229.923219532935
2003-02-10T07:00:00Z,blm_missoula_Missoula District,Missoula,NDVI,4864.904735197625
2003-02-10T07:00:00Z,blm_butte_Butte District,Butte,EVI,1285.4683760364087
2003-02-10T07:00:00Z,blm_butte_Butte District,Butte,NDVI,2179.5736831636373
2003-02-10T07:00:00Z,blm_dillon_Dillon District,Dillon,EVI,1522.180333733994
2003-02-10T07:00:00Z,blm_dillon_Dillon District,Dillon,NDVI,2186.8864628905717
2003-02-26T07:00:00Z,blm_billings_Billings District,Billings,EVI,940.7131665562329
2003-02-26T07:00:00Z,blm_billings_Billings District,Billings,NDVI,1867.6582605536123
2003-02-26T07:00:00Z,blm_miles-city_Miles City District,Miles City,EVI,1044.834912802216
2003-02-26T07:00:00Z,blm_miles-city_Miles City District,Miles City,NDVI,1931.307251009319
2003-02-26T07:00:00Z,blm_malta_Malta District,Malta,EVI,939.69698685999094
2003-02-26T07:00:00Z,blm_malta_Malta District,Malta,NDVI,1775.986973266878
2003-02-26T07:00:00Z,blm_lewistown_Lewistown District,Lewistown,EVI,1093.2084794329053
2003-02-26T07:00:00Z,blm_lewistown_Lewistown District,Lewistown,NDVI,1909.4667434150647
2003-02-26T07:00:00Z,blm_missoula_Missoula District,Missoula,EVI,1537.086518360151
2003-02-26T07:00:00Z,blm_missoula_Missoula District,Missoula,NDVI,3106.564531506415
2003-02-26T07:00:00Z,blm_butte_Butte District,Butte,EVI,1142.7601967392998
2003-02-26T07:00:00Z,blm_butte_Butte District,Butte,NDVI,2049.664826093187
2003-02-26T07:00:00Z,blm_dillon_Dillon District,Dillon,EVI,1250.163157840749
2003-02-26T07:00:00Z,blm_dillon_Dillon District,Dillon,NDVI,2039.07368928553
2003-03-14T07:00:00Z,blm_billings_Billings District,Billings,EVI,1235.298991239638
2003-03-14T07:00:00Z,blm_billings_Billings District,Billings,NDVI,2294.708384928814
2003-03-14T07:00:00Z,blm_miles-city_Miles City District,Miles City,EVI,1036.1796403081569
2003-03-14T07:00:00Z,blm_miles-city_Miles City District,Miles City,NDVI,2109.034755588964
2003-03-14T07:00:00Z,blm_malta_Malta District,Malta,EVI,1117.4966998218267
2003-03-14T07:00:00Z,blm_malta_Malta District,Malta,NDVI,2141.494349016213
2003-03-14T07:00:00Z,blm_lewistown_Lewistown District,Lewistown,EVI,1251.5633746185135
2003-03-14T07:00:00Z,blm_lewistown_Lewistown District,Lewistown,NDVI,2343.2042758004836
2003-03-14T07:00:00Z,blm_missoula_Missoula District,Missoula,EVI,1908.4386346440556
2003-03-14T07:00:00Z,blm_missoula_Missoula District,Missoula,NDVI,4060.588657603454
2003-03-14T07:00:00Z,blm_butte_Butte District,Butte,EVI,1375.8488276024505
2003-03-14T07:00:00Z,blm_butte_Butte District,Butte,NDVI,2512.0848796305922
2003-03-14T07:00:00Z,blm_dillon_Dillon District,Dillon,EVI,1290.8008559734708
2003-03-14T07:00:00Z,blm_dillon_Dillon District,Dillon,NDVI,2148.2043594513493
2003-03-30T07:00:00Z,blm_billings_Billings District,Billings,EVI,1423.7714283711261
2003-03-30T07:00:00Z,blm_billings_Billings District,Billings,NDVI,2584.423902455715
2003-03-30T07:00:00Z,blm_miles-city_Miles City District,Miles City,EVI,1269.0586759881498
2003-03-30T07:00:00Z,blm_miles-city_Miles City District,Miles City,NDVI,2239.3408393821655
2003-03-30T07:00:00Z,blm_malta_Malta District,Malta,EVI,1214.7526566067886
2003-03-30T07:00:00Z,blm_malta_Malta District,Malta,NDVI,2177.835392889394
2003-03-30T07:00:00Z,blm_lewistown_Lewistown District,Lewistown,EVI,1392.8523072539385
2003-03-30T07:00:00Z,blm_lewistown_Lewistown District,Lewistown,NDVI,2589.181941612601
2003-03-30T07:00:00Z,blm_missoula_Missoula District,Missoula,EVI,1956.7993693892295
2003-03-30T07:00:00Z,blm_missoula_Missoula District,Missoula,NDVI,4723.410542569922
2003-03-30T07:00:00Z,blm_butte_Butte District,Butte,EVI,1348.8977513901077
2003-03-30T07:00:00Z,blm_butte_Butte District,Butte,NDVI,2590.379433946223
2003-03-30T07:00:00Z,blm_dillon_Dillon District,Dillon,EVI,1287.7416246480416
2003-03-30T07:00:00Z,blm_dillon_Dillon District,Dillon,NDVI,2238.833583382675
2003-04-15T06:00:00Z,blm_billings_Billings District,Billings,EVI,1881.0775402299764
2003-04-15T06:00:00Z,blm_billings_Billings District,Billings,NDVI,3370.4398921953407
2003-04-15T06:00:00Z,blm_miles-city_Miles City District,Miles City,EVI,1651.7256755610554
2003-04-15T06:00:00Z,blm_miles-city_Miles City District,Miles City,NDVI,2959.351161237322
2003-04-15T06:00:00Z,blm_malta_Malta District,Malta,EVI,1636.619530880145
2003-04-15T06:00:00Z,blm_malta_Malta District,Malta,NDVI,2919.3345387094023
2003-04-15T06:00:00Z,blm_lewistown_Lewistown District,Lewistown,EVI,1903.5045369638149
2003-04-15T06:00:00Z,blm_lewistown_Lewistown District,Lewistown,NDVI,3487.657747475657
2003-04-15T06:00:00Z,blm_missoula_Missoula District,Missoula,EVI,2405.61929463371
2003-04-15T06:00:00Z,blm_missoula_Missoula District,Missoula,NDVI,5035.403711475327
2003-04-15T06:00:00Z,blm_butte_Butte District,Butte,EVI,2047.2924613547345
2003-04-15T06:00:00Z,blm_butte_Butte District,Butte,NDVI,3666.5602149182473
2003-04-15T06:00:00Z,blm_dillon_Dillon District,Dillon,EVI,1887.405809172807
2003-04-15T06:00:00Z,blm_dillon_Dillon District,Dillon,NDVI,2994.4721157791278
2003-05-01T06:00:00Z,blm_billings_Billings District,Billings,EVI,2283.87988407103
2003-05-01T06:00:00Z,blm_billings_Billings District,Billings,NDVI,4212.43909174107
2003-05-01T06:00:00Z,blm_miles-city_Miles City District,Miles City,EVI,2108.8004709932475
2003-05-01T06:00:00Z,blm_miles-city_Miles City District,Miles City,NDVI,3665.07191312653
2003-05-01T06:00:00Z,blm_malta_Malta District,Malta,EVI,2052.0801378346173
2003-05-01T06:00:00Z,blm_malta_Malta District,Malta,NDVI,3627.715324446136
2003-05-01T06:00:00Z,blm_lewistown_Lewistown District,Lewistown,EVI,2467.8281627872525
2003-05-01T06:00:00Z,blm_lewistown_Lewistown District,Lewistown,NDVI,4594.794127455319
2003-05-01T06:00:00Z,blm_missoula_Missoula District,Missoula,EVI,2972.1639359517267
2003-05-01T06:00:00Z,blm_missoula_Missoula District,Missoula,NDVI,5698.638298437662
2003-05-01T06:00:00Z,blm_butte_Butte District,Butte,EVI,2297.664521594654
2003-05-01T06:00:00Z,blm_butte_Butte District,Butte,NDVI,4655.520449050306
2003-05-01T06:00:00Z,blm_dillon_Dillon District,Dillon,EVI,2255.192774052942
2003-05-01T06:00:00Z,blm_dillon_Dillon District,Dillon,NDVI,3861.898055839053
2003-05-17T06:00:00Z,blm_billings_Billings District,Billings,EVI,2855.825920618839
2003-05-17T06:00:00Z,blm_billings_Billings District,Billings,NDVI,4724.86439991441
2003-05-17T06:00:00Z,blm_miles-city_Miles City District,Miles City,EVI,2426.651617265837
2003-05-17T06:00:00Z,blm_miles-city_Miles City District,Miles City,NDVI,4057.582707234835
2003-05-17T06:00:00Z,blm_malta_Malta District,Malta,EVI,2474.447868891962
2003-05-17T06:00:00Z,blm_malta_Malta District,Malta,NDVI,4105.292323147506
2003-05-17T06:00:00Z,blm_lewistown_Lewistown District,Lewistown,EVI,3087.027266172315
2003-05-17T06:00:00Z,blm_lewistown_Lewistown District,Lewistown,NDVI,5201.328750452882
2003-05-17T06:00:00Z,blm_missoula_Missoula District,Missoula,EVI,3218.4249356676014
2003-05-17T06:00:00Z,blm_missoula_Missoula District,Missoula,NDVI,6209.691557594904
2003-05-17T06:00:00Z,blm_butte_Butte District,Butte,EVI,2649.3467120038194
2003-05-17T06:00:00Z,blm_butte_Butte District,Butte,NDVI,5191.478790987935
2003-05-17T06:00:00Z,blm_dillon_Dillon District,Dillon,EVI,2454.687162153351
2003-05-17T06:00:00Z,blm_dillon_Dillon District,Dillon,NDVI,4683.80208072619
2003-06-02T06:00:00Z,blm_billings_Billings District,Billings,EVI,3028.8176104821778
2003-06-02T06:00:00Z,blm_billings_Billings District,Billings,NDVI,5082.082622155499
2003-06-02T06:00:00Z,blm_miles-city_Miles City District,Miles City,EVI,2680.420242975682
2003-06-02T06:00:00Z,blm_miles-city_Miles City District,Miles City,NDVI,4572.165600455289
2003-06-02T06:00:00Z,blm_malta_Malta District,Malta,EVI,2759.0422068861276
2003-06-02T06:00:00Z,blm_malta_Malta District,Malta,NDVI,4573.7921607773005
2003-06-02T06:00:00Z,blm_lewistown_Lewistown District,Lewistown,EVI,3361.6234514820712
2003-06-02T06:00:00Z,blm_lewistown_Lewistown District,Lewistown,NDVI,5497.596352880434
2003-06-02T06:00:00Z,blm_missoula_Missoula District,Missoula,EVI,3422.133028349395
2003-06-02T06:00:00Z,blm_missoula_Missoula District,Missoula,NDVI,6411.560384443421
2003-06-02T06:00:00Z,blm_butte_Butte District,Butte,EVI,3200.6851290752043
2003-06-02T06:00:00Z,blm_butte_Butte District,Butte,NDVI,5595.85779686849
2003-06-02T06:00:00Z,blm_dillon_Dillon District,Dillon,EVI,2761.9862278913506
2003-06-02T06:00:00Z,blm_dillon_Dillon District,Dillon,NDVI,4918.684342254911
2003-06-18T06:00:00Z,blm_billings_Billings District,Billings,EVI,2936.7016539232072
2003-06-18T06:00:00Z,blm_billings_Billings District,Billings,NDVI,4673.261697053026
2003-06-18T06:00:00Z,blm_miles-city_Miles City District,Miles City,EVI,2926.769307482916
2003-06-18T06:00:00Z,blm_miles-city_Miles City District,Miles City,NDVI,4758.4037449347015
2003-06-18T06:00:00Z,blm_malta_Malta District,Malta,EVI,2852.8836691829492
2003-06-18T06:00:00Z,blm_malta_Malta District,Malta,NDVI,4521.858803585212
2003-06-18T06:00:00Z,blm_lewistown_Lewistown District,Lewistown,EVI,3320.9063107944366
2003-06-18T06:00:00Z,blm_lewistown_Lewistown District,Lewistown,NDVI,5400.332048502782
2003-06-18T06:00:00Z,blm_missoula_Missoula District,Missoula,EVI,3441.4886582944187
2003-06-18T06:00:00Z,blm_missoula_Missoula District,Missoula,NDVI,6686.999551237736
2003-06-18T06:00:00Z,blm_butte_Butte District,Butte,EVI,3074.9557079163255
2003-06-18T06:00:00Z,blm_butte_Butte District,Butte,NDVI,5669.138522089774
2003-06-18T06:00:00Z,blm_dillon_Dillon District,Dillon,EVI,2923.26419826096
2003-06-18T06:00:00Z,blm_dillon_Dillon District,Dillon,NDVI,5113.55084907195
2003-07-04T06:00:00Z,blm_billings_Billings District,Billings,EVI,2439.226284190152
2003-07-04T06:00:00Z,blm_billings_Billings District,Billings,NDVI,3877.2871178847276
2003-07-04T06:00:00Z,blm_miles-city_Miles City District,Miles City,EVI,2444.758370284132
2003-07-04T06:00:00Z,blm_miles-city_Miles City District,Miles City,NDVI,4012.2263951004056
2003-07-04T06:00:00Z,blm_malta_Malta District,Malta,EVI,2455.808113340116
2003-07-04T06:00:00Z,blm_malta_Malta District,Malta,NDVI,3935.3688099758833
2003-07-04T06:00:00Z,blm_lewistown_Lewistown District,Lewistown,EVI,2933.3166054679023
2003-07-04T06:00:00Z,blm_lewistown_Lewistown District,Lewistown,NDVI,4774.079842489263
2003-07-04T06:00:00Z,blm_missoula_Missoula District,Missoula,EVI,3415.909210740522
2003-07-04T06:00:00Z,blm_missoula_Missoula District,Missoula,NDVI,6598.05676724949
2003-07-04T06:00:00Z,blm_butte_Butte District,Butte,EVI,2970.2352955132937
2003-07-04T06:00:00Z,blm_butte_Butte District,Butte,NDVI,5365.519135455281
2003-07-04T06:00:00Z,blm_dillon_Dillon District,Dillon,EVI,2720.279579298757
2003-07-04T06:00:00Z,blm_dillon_Dillon District,Dillon,NDVI,4795.580576170826
2003-07-20T06:00:00Z,blm_billings_Billings District,Billings,EVI,2005.8812588710166
2003-07-20T06:00:00Z,blm_billings_Billings District,Billings,NDVI,3249.0594815914424
2003-07-20T06:00:00Z,blm_miles-city_Miles City District,Miles City,EVI,2018.548073450779
2003-07-20T06:00:00Z,blm_miles-city_Miles City District,Miles City,NDVI,3218.82685431691
2003-07-20T06:00:00Z,blm_malta_Malta District,Malta,EVI,1943.3192813677865
2003-07-20T06:00:00Z,blm_malta_Malta District,Malta,NDVI,3063.8294474694467
2003-07-20T06:00:00Z,blm_lewistown_Lewistown District,Lewistown,EVI,2325.188334576446
2003-07-20T06:00:00Z,blm_lewistown_Lewistown District,Lewistown,NDVI,3939.225092392343
2003-07-20T06:00:00Z,blm_missoula_Missoula District,Missoula,EVI,3100.8630854749645
2003-07-20T06:00:00Z,blm_missoula_Missoula District,Missoula,NDVI,6433.7255558597735
2003-07-20T06:00:00Z,blm_butte_Butte District,Butte,EVI,2593.5253932267606
2003-07-20T06:00:00Z,blm_butte_Butte District,Butte,NDVI,5044.974902547135
2003-07-20T06:00:00Z,blm_dillon_Dillon District,Dillon,EVI,2402.0005881393713
2003-07-20T06:00:00Z,blm_dillon_Dillon District,Dillon,NDVI,4585.2927993307285
2003-08-05T06:00:00Z,blm_billings_Billings District,Billings,EVI,1829.3516870522772
2003-08-05T06:00:00Z,blm_billings_Billings District,Billings,NDVI,3020.28744570673
2003-08-05T06:00:00Z,blm_miles-city_Miles City District,Miles City,EVI,1713.6595840463503
2003-08-05T06:00:00Z,blm_miles-city_Miles City District,Miles City,NDVI,2840.662968379269
2003-08-05T06:00:00Z,blm_malta_Malta District,Malta,EVI,1717.1767111508548
2003-08-05T06:00:00Z,blm_malta_Malta District,Malta,NDVI,2809.0708063109846
2003-08-05T06:00:00Z,blm_lewistown_Lewistown District,Lewistown,EVI,2056.241389352483
2003-08-05T06:00:00Z,blm_lewistown_Lewistown District,Lewistown,NDVI,3596.596115731502
2003-08-05T06:00:00Z,blm_missoula_Missoula District,Missoula,EVI,3001.6903838579124
2003-08-05T06:00:00Z,blm_missoula_Missoula District,Missoula,NDVI,6338.430116673412
2003-08-05T06:00:00Z,blm_butte_Butte District,Butte,EVI,2418.953422196971
2003-08-05T06:00:00Z,blm_butte_Butte District,Butte,NDVI,4848.891935027753
2003-08-05T06:00:00Z,blm_dillon_Dillon District,Dillon,EVI,2340.893069880799
2003-08-05T06:00:00Z,blm_dillon_Dillon District,Dillon,NDVI,4422.31701195845
2003-08-21T06:00:00Z,blm_billings_Billings District,Billings,EVI,1687.2956366000656
2003-08-21T06:00:00Z,blm_billings_Billings District,Billings,NDVI,2900.7616055752915
2003-08-21T06:00:00Z,blm_miles-city_Miles City District,Miles City,EVI,1577.5119706321618
2003-08-21T06:00:00Z,blm_miles-city_Miles City District,Miles City,NDVI,2537.2177523145265
2003-08-21T06:00:00Z,blm_malta_Malta District,Malta,EVI,1517.9443757631761
2003-08-21T06:00:00Z,blm_malta_Malta District,Malta,NDVI,2479.4696543818413
2003-08-21T06:00:00Z,blm_lewistown_Lewistown District,Lewistown,EVI,1854.938993242438
2003-08-21T06:00:00Z,blm_lewistown_Lewistown District,Lewistown,NDVI,3361.045341801296
2003-08-21T06:00:00Z,blm_missoula_Missoula District,Missoula,EVI,2673.032823349762
2003-08-21T06:00:00Z,blm_missoula_Missoula District,Missoula,NDVI,6224.3292713522
2003-08-21T06:00:00Z,blm_butte_Butte District,Butte,EVI,2192.862442686475
2003-08-21T06:00:00Z,blm_butte_Butte District,Butte,NDVI,4729.075622501311
2003-08-21T06:00:00Z,blm_dillon_Dillon District,Dillon,EVI,2067.29210326204
2003-08-21T06:00:00Z,blm_dillon_Dillon District,Dillon,NDVI,4387.527273564359
2003-09-06T06:00:00Z,blm_billings_Billings District,Billings,EVI,1716.826862269073
2003-09-06T06:00:00Z,blm_billings_Billings District,Billings,NDVI,2886.6776116355113
2003-09-06T06:00:00Z,blm_miles-city_Miles City District,Miles City,EVI,1495.5909969347795
2003-09-06T06:00:00Z,blm_miles-city_Miles City District,Miles City,NDVI,2525.636885861928
2003-09-06T06:00:00Z,blm_malta_Malta District,Malta,EVI,1473.0510996658845
2003-09-06T06:00:00Z,blm_malta_Malta District,Malta,NDVI,2429.760982463166
2003-09-06T06:00:00Z,blm_lewistown_Lewistown District,Lewistown,EVI,1745.256772814913
2003-09-06T06:00:00Z,blm_lewistown_Lewistown District,Lewistown,NDVI,3132.872976266841
2003-09-06T06:00:00Z,blm_missoula_Missoula District,Missoula,EVI,2652.998370360084
2003-09-06T06:00:00Z,blm_missoula_Missoula District,Missoula,NDVI,6066.677823553795
2003-09-06T06:00:00Z,blm_butte_Butte District,Butte,EVI,2226.484895967221
2003-09-06T06:00:00Z,blm_butte_Butte District,Butte,NDVI,4727.044062754756
2003-09-06T06:00:00Z,blm_dillon_Dillon District,Dillon,EVI,2025.9406945270996
2003-09-06T06:00:00Z,blm_dillon_Dillon District,Dillon,NDVI,4032.4718586587755
2003-09-22T06:00:00Z,blm_billings_Billings District,Billings,EVI,1542.2930975486727
2003-09-22T06:00:00Z,blm_billings_Billings District,Billings,NDVI,2730.8313088743785
2003-09-22T06:00:00Z,blm_miles-city_Miles City District,Miles City,EVI,1436.4784443932567
2003-09-22T06:00:00Z,blm_miles-city_Miles City District,Miles City,NDVI,2419.891343236742
2003-09-22T06:00:00Z,blm_malta_Malta District,Malta,EVI,1372.734264897123
2003-09-22T06:00:00Z,blm_malta_Malta District,Malta,NDVI,2401.944269516675
2003-09-22T06:00:00Z,blm_lewistown_Lewistown District,Lewistown,EVI,1683.5601583994087
2003-09-22T06:00:00Z,blm_lewistown_Lewistown District,Lewistown,NDVI,3315.5572939902686
2003-09-22T06:00:00Z,blm_missoula_Missoula District,Missoula,EVI,2404.489371604509
2003-09-22T06:00:00Z,blm_missoula_Missoula District,Missoula,NDVI,5922.12997130941
2003-09-22T06:00:00Z,blm_butte_Butte District,Butte,EVI,1932.0005319719173
2003-09-22T06:00:00Z,blm_butte_Butte District,Butte,NDVI,4447.924956730889
2003-09-22T06:00:00Z,blm_dillon_Dillon District,Dillon,EVI,1804.9645812015342
2003-09-22T06:00:00Z,blm_dillon_Dillon District,Dillon,NDVI,3911.58939128141
2003-10-08T06:00:00Z,blm_billings_Billings District,Billings,EVI,1442.6697991257822
2003-10-08T06:00:00Z,blm_billings_Billings District,Billings,NDVI,2630.2958063450346
2003-10-08T06:00:00Z,blm_miles-city_Miles City District,Miles City,EVI,1361.3296482075298
2003-10-08T06:00:00Z,blm_miles-city_Miles City District,Miles City,NDVI,2347.171426630675
2003-10-08T06:00:00Z,blm_malta_Malta District,Malta,EVI,1329.318856254241
2003-10-08T06:00:00Z,blm_malta_Malta District,Malta,NDVI,2261.9854209396526
2003-10-08T06:00:00Z,blm_lewistown_Lewistown District,Lewistown,EVI,1682.9529254753088
2003-10-08T06:00:00Z,blm_lewistown_Lewistown District,Lewistown,NDVI,3258.2854765289667
2003-10-08T06:00:00Z,blm_missoula_Missoula District,Missoula,EVI,2222.1450767353836
2003-10-08T06:00:00Z,blm_missoula_Missoula District,Missoula,NDVI,5516.6283373981105
2003-10-08T06:00:00Z,blm_butte_Butte District,Butte,EVI,1841.0163018378641
2003-10-08T06:00:00Z,blm_butte_Butte District,Butte,NDVI,4349.288467905972
2003-10-08T06:00:00Z,blm_dillon_Dillon District,Dillon,EVI,1672.557848010869
2003-10-08T06:00:00Z,blm_dillon_Dillon District,Dillon,NDVI,3746.7992873987605
2003-10-24T06:00:00Z,blm_billings_Billings District,Billings,EVI,1437.4108222218117
2003-10-24T06:00:00Z,blm_billings_Billings District,Billings,NDVI,2633.8004751757007
2003-10-24T06:00:00Z,blm_miles-city_Miles City District,Miles City,EVI,1316.3630596668836
2003-10-24T06:00:00Z,blm_miles-city_Miles City District,Miles City,NDVI,2242.9621500382264
2003-10-24T06:00:00Z,blm_malta_Malta District,Malta,EVI,1280.9168807001754
2003-10-24T06:00:00Z,blm_malta_Malta District,Malta,NDVI,2220.6965014120215
2003-10-24T06:00:00Z,blm_lewistown_Lewistown District,Lewistown,EVI,1633.2577880703966
2003-10-24T06:00:00Z,blm_lewistown_Lewistown District,Lewistown,NDVI,3143.0563678286703
2003-10-24T06:00:00Z,blm_missoula_Missoula District,Missoula,EVI,2089.184430281971
2003-10-24T06:00:00Z,blm_missoula_Missoula District,Missoula,NDVI,5482.612537782009
2003-10-24T06:00:00Z,blm_butte_Butte District,Butte,EVI,1773.6047946119756
2003-10-24T06:00:00Z,blm_butte_Butte District,Butte,NDVI,4233.424542847392
2003-10-24T06:00:00Z,blm_dillon_Dillon District,Dillon,EVI,1667.21727661948
2003-10-24T06:00:00Z,blm_dillon_Dillon District,Dillon,NDVI,3687.3768451056526
2003-11-09T07:00:00Z,blm_billings_Billings District,Billings,EVI,1249.9175315908794
2003-11-09T07:00:00Z,blm_billings_Billings District,Billings,NDVI,2253.837943614953
2003-11-09T07:00:00Z,blm_miles-city_Miles City District,Miles City,EVI,1195.760718377671
2003-11-09T07:00:00Z,blm_miles-city_Miles City District,Miles City,NDVI,2274.69416315953
2003-11-09T07:00:00Z,blm_malta_Malta District,Malta,EVI,1080.9346676100863
2003-11-09T07:00:00Z,blm_malta_Malta District,Malta,NDVI,1998.4090072650959
2003-11-09T07:00:00Z,blm_lewistown_Lewistown District,Lewistown,EVI,1247.877726731662
2003-11-09T07:00:00Z,blm_lewistown_Lewistown District,Lewistown,NDVI,2284.166721276063
2003-11-09T07:00:00Z,blm_missoula_Missoula District,Missoula,EVI,2140.181655259686
2003-11-09T07:00:00Z,blm_missoula_Missoula District,Missoula,NDVI,5222.925877622477
2003-11-09T07:00:00Z,blm_butte_Butte District,Butte,EVI,1371.6065800051063
2003-11-09T07:00:00Z,blm_butte_Butte District,Butte,NDVI,2649.970019726172
2003-11-09T07:00:00Z,blm_dillon_Dillon District,Dillon,EVI,1430.5540889601398
2003-11-09T07:00:00Z,blm_dillon_Dillon District,Dillon,NDVI,2263.947397196776
2003-11-25T07:00:00Z,blm_billings_Billings District,Billings,EVI,1248.0363666225478
2003-11-25T07:00:00Z,blm_billings_Billings District,Billings,NDVI,2206.7438390960233
2003-11-25T07:00:00Z,blm_miles-city_Miles City District,Miles City,EVI,1164.2410047979615
2003-11-25T07:00:00Z,blm_miles-city_Miles City District,Miles City,NDVI,2079.1566922092406
2003-11-25T07:00:00Z,blm_malta_Malta District,Malta,EVI,1078.8510374130447
2003-11-25T07:00:00Z,blm_malta_Malta District,Malta,NDVI,1959.4041913647234
2003-11-25T07:00:00Z,blm_lewistown_Lewistown District,Lewistown,EVI,1304.506829279147
2003-11-25T07:00:00Z,blm_lewistown_Lewistown District,Lewistown,NDVI,2401.366571279479
2003-11-25T07:00:00Z,blm_missoula_Missoula District,Missoula,EVI,1725.4216482057357
2003-11-25T07:00:00Z,blm_missoula_Missoula District,Missoula,NDVI,3673.0547609408013
2003-11-25T07:00:00Z,blm_butte_Butte District,Butte,EVI,1424.8983573768412
2003-11-25T07:00:00Z,blm_butte_Butte District,Butte,NDVI,2750.4596269791346
2003-11-25T07:00:00Z,blm_dillon_Dillon District,Dillon,EVI,1307.8820788869632
2003-11-25T07:00:00Z,blm_dillon_Dillon District,Dillon,NDVI,2204.221572627095
2003-12-11T07:00:00Z,blm_billings_Billings District,Billings,EVI,1166.555480392521
2003-12-11T07:00:00Z,blm_billings_Billings District,Billings,NDVI,2102.4648725487564
2003-12-11T07:00:00Z,blm_miles-city_Miles City District,Miles City,EVI,1116.0150171924822
2003-12-11T07:00:00Z,blm_miles-city_Miles City District,Miles City,NDVI,1955.9659917363065
2003-12-11T07:00:00Z,blm_malta_Malta District,Malta,EVI,1030.6288703421314
2003-12-11T07:00:00Z,blm_malta_Malta District,Malta,NDVI,1893.2294534889918
2003-12-11T07:00:00Z,blm_lewistown_Lewistown District,Lewistown,EVI,1181.0864155752902
2003-12-11T07:00:00Z,blm_lewistown_Lewistown District,Lewistown,NDVI,2177.520203259458
2003-12-11T07:00:00Z,blm_missoula_Missoula District,Missoula,EVI,1701.6123814952796
2003-12-11T07:00:00Z,blm_missoula_Missoula District,Missoula,NDVI,3574.4160059529736
2003-12-11T07:00:00Z,blm_butte_Butte District,Butte,EVI,1297.870399094405
2003-12-11T07:00:00Z,blm_butte_Butte District,Butte,NDVI,2473.9309166462303
2003-12-11T07:00:00Z,blm_dillon_Dillon District,Dillon,EVI,1287.9477767099152
2003-12-11T07:00:00Z,blm_dillon_Dillon District,Dillon,NDVI,2118.330073738982
2003-12-27T07:00:00Z,blm_billings_Billings District,Billings,EVI,NA
2003-12-27T07:00:00Z,blm_billings_Billings District,Billings,NDVI,NA
2003-12-27T07:00:00Z,blm_miles-city_Miles City District,Miles City,EVI,NA
2003-12-27T07:00:00Z,blm_miles-city_Miles City District,Miles City,NDVI,NA
2003-12-27T07:00:00Z,blm_malta_Malta District,Malta,EVI,1043.1668027528287
2003-12-27T07:00:00Z,blm_malta_Malta District,Malta,NDVI,1606.4631984136242
2003-12-27T07:00:00Z,blm_lewistown_Lewistown District,Lewistown,EVI,1645.933400751228
2003-12-27T07:00:00Z,blm_lewistown_Lewistown District,Lewistown,NDVI,1969.6611239526148
2003-12-27T07:00:00Z,blm_missoula_Missoula District,Missoula,EVI,2330
2003-12-27T07:00:00Z,blm_missoula_Missoula District,Missoula,NDVI,6404
2003-12-27T07:00:00Z,blm_butte_Butte District,Butte,EVI,NA
2003-12-27T07:00:00Z,blm_butte_Butte District,Butte,NDVI,NA
2003-12-27T07:00:00Z,blm_dillon_Dillon District,Dillon,EVI,NA
2003-12-27T07:00:00Z,blm_dillon_Dillon District,Dillon,NDVI,NA
2004-01-09T07:00:00Z,blm_billings_Billings District,Billings,EVI,1033.4498363628352
2004-01-09T07:00:00Z,blm_billings_Billings District,Billings,NDVI,1618.0068488976892
2004-01-09T07:00:00Z,blm_miles-city_Miles City District,Miles City,EVI,1037.4932911878047
2004-01-09T07:00:00Z,blm_miles-city_Miles City District,Miles City,NDVI,1733.4804874920276
2004-01-09T07:00:00Z,blm_malta_Malta District,Malta,EVI,956.6369151320449
2004-01-09T07:00:00Z,blm_malta_Malta District,Malta,NDVI,1620.630926435716
2004-01-09T07:00:00Z,blm_lewistown_Lewistown District,Lewistown,EVI,1117.7769968646267
2004-01-09T07:00:00Z,blm_lewistown_Lewistown District,Lewistown,NDVI,1847.9093451994072
2004-01-09T07:00:00Z,blm_missoula_Missoula District,Missoula,EVI,1346.9123301385766
2004-01-09T07:00:00Z,blm_missoula_Missoula District,Missoula,NDVI,4850.1787634379925
2004-01-09T07:00:00Z,blm_butte_Butte District,Butte,EVI,1180.4311162551887
2004-01-09T07:00:00Z,blm_butte_Butte District,Butte,NDVI,1911.5399553803052
2004-01-09T07:00:00Z,blm_dillon_Dillon District,Dillon,EVI,1421.260071984145
2004-01-09T07:00:00Z,blm_dillon_Dillon District,Dillon,NDVI,2103.049312419464
2004-01-25T07:00:00Z,blm_billings_Billings District,Billings,EVI,1063.0637917813353
2004-01-25T07:00:00Z,blm_billings_Billings District,Billings,NDVI,1724.0216869911512
2004-01-25T07:00:00Z,blm_miles-city_Miles City District,Miles City,EVI,1060.6387530562347
2004-01-25T07:00:00Z,blm_miles-city_Miles City District,Miles City,NDVI,2406.9089242053788
2004-01-25T07:00:00Z,blm_malta_Malta District,Malta,EVI,NA
2004-01-25T07:00:00Z,blm_malta_Malta District,Malta,NDVI,NA
2004-01-25T07:00:00Z,blm_lewistown_Lewistown District,Lewistown,EVI,1216.1379996837672
2004-01-25T07:00:00Z,blm_lewistown_Lewistown District,Lewistown,NDVI,1756.6041052767755
2004-01-25T07:00:00Z,blm_missoula_Missoula District,Missoula,EVI,1865.7535623743333
2004-01-25T07:00:00Z,blm_missoula_Missoula District,Missoula,NDVI,3699.7110761430195
2004-01-25T07:00:00Z,blm_butte_Butte District,Butte,EVI,1322.265399086955
2004-01-25T07:00:00Z,blm_butte_Butte District,Butte,NDVI,2006.4793411118994
2004-01-25T07:00:00Z,blm_dillon_Dillon District,Dillon,EVI,1691.1142305637902
2004-01-25T07:00:00Z,blm_dillon_Dillon District,Dillon,NDVI,2166.5874682037934
2004-02-10T07:00:00Z,blm_billings_Billings District,Billings,EVI,1068.1786094421257
2004-02-10T07:00:00Z,blm_billings_Billings District,Billings,NDVI,1812.4802358187405
2004-02-10T07:00:00Z,blm_miles-city_Miles City District,Miles City,EVI,1090.5742097209747
2004-02-10T07:00:00Z,blm_miles-city_Miles City District,Miles City,NDVI,1928.7563457299218
2004-02-10T07:00:00Z,blm_malta_Malta District,Malta,EVI,930.1186976915649
2004-02-10T07:00:00Z,blm_malta_Malta District,Malta,NDVI,1676.192040574451
2004-02-10T07:00:00Z,blm_lewistown_Lewistown District,Lewistown,EVI,1063.3748392067114
2004-02-10T07:00:00Z,blm_lewistown_Lewistown District,Lewistown,NDVI,1847.6467652632375
2004-02-10T07:00:00Z,blm_missoula_Missoula District,Missoula,EVI,1684.4162228111684
2004-02-10T07:00:00Z,blm_missoula_Missoula District,Missoula,NDVI,3749.7952614022365
2004-02-10T07:00:00Z,blm_butte_Butte District,Butte,EVI,1106.5863000873962
2004-02-10T07:00:00Z,blm_butte_Butte District,Butte,NDVI,1882.2690673300287
2004-02-10T07:00:00Z,blm_dillon_Dillon District,Dillon,EVI,1212.1460179835037
2004-02-10T07:00:00Z,blm_dillon_Dillon District,Dillon,NDVI,1845.9527492714294
2004-02-26T07:00:00Z,blm_billings_Billings District,Billings,EVI,1139.6754510432208
2004-02-26T07:00:00Z,blm_billings_Billings District,Billings,NDVI,1909.354438482212
2004-02-26T07:00:00Z,blm_miles-city_Miles City District,Miles City,EVI,1074.1536774069746
2004-02-26T07:00:00Z,blm_miles-city_Miles City District,Miles City,NDVI,1862.8450536871396
2004-02-26T07:00:00Z,blm_malta_Malta District,Malta,EVI,955.9683179236036
2004-02-26T07:00:00Z,blm_malta_Malta District,Malta,NDVI,1719.1103962113839
2004-02-26T07:00:00Z,blm_lewistown_Lewistown District,Lewistown,EVI,1152.3555863208362
2004-02-26T07:00:00Z,blm_lewistown_Lewistown District,Lewistown,NDVI,1948.4923035237541
2004-02-26T07:00:00Z,blm_missoula_Missoula District,Missoula,EVI,2154.7809827506044
2004-02-26T07:00:00Z,blm_missoula_Missoula District,Missoula,NDVI,4174.515267845758
2004-02-26T07:00:00Z,blm_butte_Butte District,Butte,EVI,1217.342873014414
2004-02-26T07:00:00Z,blm_butte_Butte District,Butte,NDVI,2119.9538110582707
2004-02-26T07:00:00Z,blm_dillon_Dillon District,Dillon,EVI,1199.443613748984
2004-02-26T07:00:00Z,blm_dillon_Dillon District,Dillon,NDVI,1849.3160611621922
2004-03-13T07:00:00Z,blm_billings_Billings District,Billings,EVI,1251.1724585067088
2004-03-13T07:00:00Z,blm_billings_Billings District,Billings,NDVI,2167.1935557588795
2004-03-13T07:00:00Z,blm_miles-city_Miles City District,Miles City,EVI,1103.456127896802
2004-03-13T07:00:00Z,blm_miles-city_Miles City District,Miles City,NDVI,1986.208405226312
2004-03-13T07:00:00Z,blm_malta_Malta District,Malta,EVI,1050.1925658059286
2004-03-13T07:00:00Z,blm_malta_Malta District,Malta,NDVI,1878.4512820840825
2004-03-13T07:00:00Z,blm_lewistown_Lewistown District,Lewistown,EVI,1250.7002951178497
2004-03-13T07:00:00Z,blm_lewistown_Lewistown District,Lewistown,NDVI,2195.550312408417
2004-03-13T07:00:00Z,blm_missoula_Missoula District,Missoula,EVI,2133.989596830597
2004-03-13T07:00:00Z,blm_missoula_Missoula District,Missoula,NDVI,4559.452705942705
2004-03-13T07:00:00Z,blm_butte_Butte District,Butte,EVI,1510.9922543643106
2004-03-13T07:00:00Z,blm_butte_Butte District,Butte,NDVI,2737.9522423587523
2004-03-13T07:00:00Z,blm_dillon_Dillon District,Dillon,EVI,1309.1927676118862
2004-03-13T07:00:00Z,blm_dillon_Dillon District,Dillon,NDVI,2123.425533494274
2004-03-29T07:00:00Z,blm_billings_Billings District,Billings,EVI,1492.9244906903675
2004-03-29T07:00:00Z,blm_billings_Billings District,Billings,NDVI,2609.1167037299565
2004-03-29T07:00:00Z,blm_miles-city_Miles City District,Miles City,EVI,1298.2059854561962
2004-03-29T07:00:00Z,blm_miles-city_Miles City District,Miles City,NDVI,2210.7634585617247
2004-03-29T07:00:00Z,blm_malta_Malta District,Malta,EVI,1223.2576664702779
2004-03-29T07:00:00Z,blm_malta_Malta District,Malta,NDVI,2142.4430335583493
2004-03-29T07:00:00Z,blm_lewistown_Lewistown District,Lewistown,EVI,1564.9560342012674
2004-03-29T07:00:00Z,blm_lewistown_Lewistown District,Lewistown,NDVI,2880.127355983218
2004-03-29T07:00:00Z,blm_missoula_Missoula District,Missoula,EVI,2266.5251640049573
2004-03-29T07:00:00Z,blm_missoula_Missoula District,Missoula,NDVI,5107.976696202929
2004-03-29T07:00:00Z,blm_butte_Butte District,Butte,EVI,1691.2826325040471
2004-03-29T07:00:00Z,blm_butte_Butte District,Butte,NDVI,3551.8926533841327
2004-03-29T07:00:00Z,blm_dillon_Dillon District,Dillon,EVI,1480.9467059445108
2004-03-29T07:00:00Z,blm_dillon_Dillon District,Dillon,NDVI,2840.6045771864665
2004-04-14T06:00:00Z,blm_billings_Billings District,Billings,EVI,1767.6726877626306
2004-04-14T06:00:00Z,blm_billings_Billings District,Billings,NDVI,2945.423903646316
2004-04-14T06:00:00Z,blm_miles-city_Miles City District,Miles City,EVI,1468.396449825917
2004-04-14T06:00:00Z,blm_miles-city_Miles City District,Miles City,NDVI,2561.454090516422
2004-04-14T06:00:00Z,blm_malta_Malta District,Malta,EVI,1536.9896994905862
2004-04-14T06:00:00Z,blm_malta_Malta District,Malta,NDVI,2554.07610286353
2004-04-14T06:00:00Z,blm_lewistown_Lewistown District,Lewistown,EVI,1966.8132869478377
2004-04-14T06:00:00Z,blm_lewistown_Lewistown District,Lewistown,NDVI,3350.2942672614445
2004-04-14T06:00:00Z,blm_missoula_Missoula District,Missoula,EVI,2393.7842045373345
2004-04-14T06:00:00Z,blm_missoula_Missoula District,Missoula,NDVI,5339.873206061629
2004-04-14T06:00:00Z,blm_butte_Butte District,Butte,EVI,1967.8966349168957
2004-04-14T06:00:00Z,blm_butte_Butte District,Butte,NDVI,3885.0081726239578
2004-04-14T06:00:00Z,blm_dillon_Dillon District,Dillon,EVI,1694.903181500438
2004-04-14T06:00:00Z,blm_dillon_Dillon District,Dillon,NDVI,3149.1897494227396
2004-04-30T06:00:00Z,blm_billings_Billings District,Billings,EVI,1941.8138578868425
2004-04-30T06:00:00Z,blm_billings_Billings District,Billings,NDVI,3231.369019298216
2004-04-30T06:00:00Z,blm_miles-city_Miles City District,Miles City,EVI,1665.7749453191718
2004-04-30T06:00:00Z,blm_miles-city_Miles City District,Miles City,NDVI,2709.998887164249
2004-04-30T06:00:00Z,blm_malta_Malta District,Malta,EVI,1761.622446694569
2004-04-30T06:00:00Z,blm_malta_Malta District,Malta,NDVI,2875.695532124119
2004-04-30T06:00:00Z,blm_lewistown_Lewistown District,Lewistown,EVI,2284.3183310412605
2004-04-30T06:00:00Z,blm_lewistown_Lewistown District,Lewistown,NDVI,3955.0168211523865
2004-04-30T06:00:00Z,blm_missoula_Missoula District,Missoula,EVI,2686.4364944574727
2004-04-30T06:00:00Z,blm_missoula_Missoula District,Missoula,NDVI,5551.567016475046
2004-04-30T06:00:00Z,blm_butte_Butte District,Butte,EVI,2262.32495267808
2004-04-30T06:00:00Z,blm_butte_Butte District,Butte,NDVI,4326.638250166345
2004-04-30T06:00:00Z,blm_dillon_Dillon District,Dillon,EVI,1937.7241287941824
2004-04-30T06:00:00Z,blm_dillon_Dillon District,Dillon,NDVI,3478.2513711975635
2004-05-16T06:00:00Z,blm_billings_Billings District,Billings,EVI,2209.929373675212
2004-05-16T06:00:00Z,blm_billings_Billings District,Billings,NDVI,3631.1248888921696
2004-05-16T06:00:00Z,blm_miles-city_Miles City District,Miles City,EVI,1870.2529878538483
2004-05-16T06:00:00Z,blm_miles-city_Miles City District,Miles City,NDVI,3139.6857911315406
2004-05-16T06:00:00Z,blm_malta_Malta District,Malta,EVI,2130.0893073437687
2004-05-16T06:00:00Z,blm_malta_Malta District,Malta,NDVI,3445.957911135046
2004-05-16T06:00:00Z,blm_lewistown_Lewistown District,Lewistown,EVI,2659.774551392734
2004-05-16T06:00:00Z,blm_lewistown_Lewistown District,Lewistown,NDVI,4359.161636440695
2004-05-16T06:00:00Z,blm_missoula_Missoula District,Missoula,EVI,3267.09124254836
2004-05-16T06:00:00Z,blm_missoula_Missoula District,Missoula,NDVI,6212.277598391102
2004-05-16T06:00:00Z,blm_butte_Butte District,Butte,EVI,2799.5412433343195
2004-05-16T06:00:00Z,blm_butte_Butte District,Butte,NDVI,4881.002788241183
2004-05-16T06:00:00Z,blm_dillon_Dillon District,Dillon,EVI,2579.0062516246358
2004-05-16T06:00:00Z,blm_dillon_Dillon District,Dillon,NDVI,4118.847157402815
2004-06-01T06:00:00Z,blm_billings_Billings District,Billings,EVI,2311.7948916387168
2004-06-01T06:00:00Z,blm_billings_Billings District,Billings,NDVI,3791.7730673161477
2004-06-01T06:00:00Z,blm_miles-city_Miles City District,Miles City,EVI,2014.4509085142083
2004-06-01T06:00:00Z,blm_miles-city_Miles City District,Miles City,NDVI,3330.713577702004
2004-06-01T06:00:00Z,blm_malta_Malta District,Malta,EVI,2588.508535585561
2004-06-01T06:00:00Z,blm_malta_Malta District,Malta,NDVI,4135.9324481053045
2004-06-01T06:00:00Z,blm_lewistown_Lewistown District,Lewistown,EVI,3106.2759703651454
2004-06-01T06:00:00Z,blm_lewistown_Lewistown District,Lewistown,NDVI,5033.579651861254
2004-06-01T06:00:00Z,blm_missoula_Missoula District,Missoula,EVI,3250.0563914149598
2004-06-01T06:00:00Z,blm_missoula_Missoula District,Missoula,NDVI,6362.952808550106
2004-06-01T06:00:00Z,blm_butte_Butte District,Butte,EVI,2958.9960897557944
2004-06-01T06:00:00Z,blm_butte_Butte District,Butte,NDVI,5352.064731465377
2004-06-01T06:00:00Z,blm_dillon_Dillon District,Dillon,EVI,2809.939934953764
2004-06-01T06:00:00Z,blm_dillon_Dillon District,Dillon,NDVI,4844.225898442972
2004-06-17T06:00:00Z,blm_billings_Billings District,Billings,EVI,2420.9907798042923
2004-06-17T06:00:00Z,blm_billings_Billings District,Billings,NDVI,3828.039433768914
2004-06-17T06:00:00Z,blm_miles-city_Miles City District,Miles City,EVI,2251.454172894673
2004-06-17T06:00:00Z,blm_miles-city_Miles City District,Miles City,NDVI,3727.8065473621646
2004-06-17T06:00:00Z,blm_malta_Malta District,Malta,EVI,2937.6835078509666
2004-06-17T06:00:00Z,blm_malta_Malta District,Malta,NDVI,4604.780343584903
2004-06-17T06:00:00Z,blm_lewistown_Lewistown District,Lewistown,EVI,3403.324600157095
2004-06-17T06:00:00Z,blm_lewistown_Lewistown District,Lewistown,NDVI,5404.313140422307
2004-06-17T06:00:00Z,blm_missoula_Missoula District,Missoula,EVI,3347.9815416671636
2004-06-17T06:00:00Z,blm_missoula_Missoula District,Missoula,NDVI,6604.883453973085
2004-06-17T06:00:00Z,blm_butte_Butte District,Butte,EVI,3071.327445821759
2004-06-17T06:00:00Z,blm_butte_Butte District,Butte,NDVI,5615.660318624667
2004-06-17T06:00:00Z,blm_dillon_Dillon District,Dillon,EVI,2958.507052297498
2004-06-17T06:00:00Z,blm_dillon_Dillon District,Dillon,NDVI,5316.8897107331495
2004-07-03T06:00:00Z,blm_billings_Billings District,Billings,EVI,2341.902633009733
2004-07-03T06:00:00Z,blm_billings_Billings District,Billings,NDVI,3950.1926744501066
2004-07-03T06:00:00Z,blm_miles-city_Miles City District,Miles City,EVI,2249.978817441373
2004-07-03T06:00:00Z,blm_miles-city_Miles City District,Miles City,NDVI,3764.301593277636
2004-07-03T06:00:00Z,blm_malta_Malta District,Malta,EVI,2719.271731851132
2004-07-03T06:00:00Z,blm_malta_Malta District,Malta,NDVI,4483.777416011427
2004-07-03T06:00:00Z,blm_lewistown_Lewistown District,Lewistown,EVI,3120.231059982584
2004-07-03T06:00:00Z,blm_lewistown_Lewistown District,Lewistown,NDVI,5266.140399101627
2004-07-03T06:00:00Z,blm_missoula_Missoula District,Missoula,EVI,3334.888735559703
2004-07-03T06:00:00Z,blm_missoula_Missoula District,Missoula,NDVI,6646.387108256829
2004-07-03T06:00:00Z,blm_butte_Butte District,Butte,EVI,2973.326309283015
2004-07-03T06:00:00Z,blm_butte_Butte District,Butte,NDVI,5581.496377497909
2004-07-03T06:00:00Z,blm_dillon_Dillon District,Dillon,EVI,2887.1657522063124
2004-07-03T06:00:00Z,blm_dillon_Dillon District,Dillon,NDVI,5278.796111509928
2004-07-19T06:00:00Z,blm_billings_Billings District,Billings,EVI,2112.28829294729
2004-07-19T06:00:00Z,blm_billings_Billings District,Billings,NDVI,3468.991773729712
2004-07-19T06:00:00Z,blm_miles-city_Miles City District,Miles City,EVI,2129.4564231492677
2004-07-19T06:00:00Z,blm_miles-city_Miles City District,Miles City,NDVI,3478.887491199536
2004-07-19T06:00:00Z,blm_malta_Malta District,Malta,EVI,2352.3733335307948
2004-07-19T06:00:00Z,blm_malta_Malta District,Malta,NDVI,3827.0394114405212
2004-07-19T06:00:00Z,blm_lewistown_Lewistown District,Lewistown,EVI,2613.5981006658653
2004-07-19T06:00:00Z,blm_lewistown_Lewistown District,Lewistown,NDVI,4538.628176733798
2004-07-19T06:00:00Z,blm_missoula_Missoula District,Missoula,EVI,3060.327280124023
2004-07-19T06:00:00Z,blm_missoula_Missoula District,Missoula,NDVI,6741.786191266262
2004-07-19T06:00:00Z,blm_butte_Butte District,Butte,EVI,2754.3767288835325
2004-07-19T06:00:00Z,blm_butte_Butte District,Butte,NDVI,5388.990559852621
2004-07-19T06:00:00Z,blm_dillon_Dillon District,Dillon,EVI,2773.954026000174
2004-07-19T06:00:00Z,blm_dillon_Dillon District,Dillon,NDVI,5028.626391871406
2004-08-04T06:00:00Z,blm_billings_Billings District,Billings,EVI,1895.5665115932572
2004-08-04T06:00:00Z,blm_billings_Billings District,Billings,NDVI,3326.135121183465
2004-08-04T06:00:00Z,blm_miles-city_Miles City District,Miles City,EVI,1893.7685031509404
2004-08-04T06:00:00Z,blm_miles-city_Miles City District,Miles City,NDVI,3337.9771957913586
2004-08-04T06:00:00Z,blm_malta_Malta District,Malta,EVI,2077.1605754338925
2004-08-04T06:00:00Z,blm_malta_Malta District,Malta,NDVI,3645.6443979560468
2004-08-04T06:00:00Z,blm_lewistown_Lewistown District,Lewistown,EVI,2327.289027059613
2004-08-04T06:00:00Z,blm_lewistown_Lewistown District,Lewistown,NDVI,4239.453908948614
2004-08-04T06:00:00Z,blm_missoula_Missoula District,Missoula,EVI,3034.1770823091297
2004-08-04T06:00:00Z,blm_missoula_Missoula District,Missoula,NDVI,6523.44320662571
2004-08-04T06:00:00Z,blm_butte_Butte District,Butte,EVI,2529.1748018138273
2004-08-04T06:00:00Z,blm_butte_Butte District,Butte,NDVI,5139.887024812614
2004-08-04T06:00:00Z,blm_dillon_Dillon District,Dillon,EVI,2489.1209238941874
2004-08-04T06:00:00Z,blm_dillon_Dillon District,Dillon,NDVI,4745.348840214433
2004-08-20T06:00:00Z,blm_billings_Billings District,Billings,EVI,1878.0086187421225
2004-08-20T06:00:00Z,blm_billings_Billings District,Billings,NDVI,3187.7530095062657
2004-08-20T06:00:00Z,blm_miles-city_Miles City District,Miles City,EVI,1743.5495159737718
2004-08-20T06:00:00Z,blm_miles-city_Miles City District,Miles City,NDVI,3075.646782035018
2004-08-20T06:00:00Z,blm_malta_Malta District,Malta,EVI,1853.825019766284
2004-08-20T06:00:00Z,blm_malta_Malta District,Malta,NDVI,3291.8497144297367
2004-08-20T06:00:00Z,blm_lewistown_Lewistown District,Lewistown,EVI,2189.0776283176706
2004-08-20T06:00:00Z,blm_lewistown_Lewistown District,Lewistown,NDVI,3992.326013129121
2004-08-20T06:00:00Z,blm_missoula_Missoula District,Missoula,EVI,2819.598905112938
2004-08-20T06:00:00Z,blm_missoula_Missoula District,Missoula,NDVI,6278.689393093636
2004-08-20T06:00:00Z,blm_butte_Butte District,Butte,EVI,2462.947789187049
2004-08-20T06:00:00Z,blm_butte_Butte District,Butte,NDVI,4964.6440120990555
2004-08-20T06:00:00Z,blm_dillon_Dillon District,Dillon,EVI,2214.3076450916574
2004-08-20T06:00:00Z,blm_dillon_Dillon District,Dillon,NDVI,4385.716729567403
2004-09-05T06:00:00Z,blm_billings_Billings District,Billings,EVI,1754.919318967602
2004-09-05T06:00:00Z,blm_billings_Billings District,Billings,NDVI,3006.124065137154
2004-09-05T06:00:00Z,blm_miles-city_Miles City District,Miles City,EVI,1620.7473700328385
2004-09-05T06:00:00Z,blm_miles-city_Miles City District,Miles City,NDVI,2916.1158613705916
2004-09-05T06:00:00Z,blm_malta_Malta District,Malta,EVI,1774.7786127495665
2004-09-05T06:00:00Z,blm_malta_Malta District,Malta,NDVI,3050.288148943762
2004-09-05T06:00:00Z,blm_lewistown_Lewistown District,Lewistown,EVI,2033.9475034661145
2004-09-05T06:00:00Z,blm_lewistown_Lewistown District,Lewistown,NDVI,3687.5019330014675
2004-09-05T06:00:00Z,blm_missoula_Missoula District,Missoula,EVI,2686.3462195002994
2004-09-05T06:00:00Z,blm_missoula_Missoula District,Missoula,NDVI,6126.813071181869
2004-09-05T06:00:00Z,blm_butte_Butte District,Butte,EVI,2301.712426681989
2004-09-05T06:00:00Z,blm_butte_Butte District,Butte,NDVI,4667.823756149863
2004-09-05T06:00:00Z,blm_dillon_Dillon District,Dillon,EVI,2136.3975312042558
2004-09-05T06:00:00Z,blm_dillon_Dillon District,Dillon,NDVI,4223.462671736204
2004-09-21T06:00:00Z,blm_billings_Billings District,Billings,EVI,1580.6499444713693
2004-09-21T06:00:00Z,blm_billings_Billings District,Billings,NDVI,2960.1438869418043
2004-09-21T06:00:00Z,blm_miles-city_Miles City District,Miles City,EVI,1495.923426844807
2004-09-21T06:00:00Z,blm_miles-city_Miles City District,Miles City,NDVI,2730.7907696997786
2004-09-21T06:00:00Z,blm_malta_Malta District,Malta,EVI,1585.3128241699899
2004-09-21T06:00:00Z,blm_malta_Malta District,Malta,NDVI,2979.1230394440795
2004-09-21T06:00:00Z,blm_lewistown_Lewistown District,Lewistown,EVI,1939.34300339883
2004-09-21T06:00:00Z,blm_lewistown_Lewistown District,Lewistown,NDVI,3846.951542309419
2004-09-21T06:00:00Z,blm_missoula_Missoula District,Missoula,EVI,2448.157624233411
2004-09-21T06:00:00Z,blm_missoula_Missoula District,Missoula,NDVI,6349.931595187016
2004-09-21T06:00:00Z,blm_butte_Butte District,Butte,EVI,2122.337119489978
2004-09-21T06:00:00Z,blm_butte_Butte District,Butte,NDVI,4833.9380810884295
2004-09-21T06:00:00Z,blm_dillon_Dillon District,Dillon,EVI,1915.3873990584073
2004-09-21T06:00:00Z,blm_dillon_Dillon District,Dillon,NDVI,4293.084007957177
2004-10-07T06:00:00Z,blm_billings_Billings District,Billings,EVI,1589.3160459713874
2004-10-07T06:00:00Z,blm_billings_Billings District,Billings,NDVI,3002.3054325096805
2004-10-07T06:00:00Z,blm_miles-city_Miles City District,Miles City,EVI,1375.3437983057968
2004-10-07T06:00:00Z,blm_miles-city_Miles City District,Miles City,NDVI,2597.038733260075
2004-10-07T06:00:00Z,blm_malta_Malta District,Malta,EVI,1445.7918481215704
2004-10-07T06:00:00Z,blm_malta_Malta District,Malta,NDVI,2577.2297100772535
2004-10-07T06:00:00Z,blm_lewistown_Lewistown District,Lewistown,EVI,1823.624809001286
2004-10-07T06:00:00Z,blm_lewistown_Lewistown District,Lewistown,NDVI,3540.1344140113515
2004-10-07T06:00:00Z,blm_missoula_Missoula District,Missoula,EVI,2429.2216900490976
2004-10-07T06:00:00Z,blm_missoula_Missoula District,Missoula,NDVI,5954.884929266277
2004-10-07T06:00:00Z,blm_butte_Butte District,Butte,EVI,2127.1650758571654
2004-10-07T06:00:00Z,blm_butte_Butte District,Butte,NDVI,4571.719947129635
2004-10-07T06:00:00Z,blm_dillon_Dillon District,Dillon,EVI,1887.585616235541
2004-10-07T06:00:00Z,blm_dillon_Dillon District,Dillon,NDVI,4010.782880688356
2004-10-23T06:00:00Z,blm_billings_Billings District,Billings,EVI,1446.3767641900324
2004-10-23T06:00:00Z,blm_billings_Billings District,Billings,NDVI,2807.404319408881
2004-10-23T06:00:00Z,blm_miles-city_Miles City District,Miles City,EVI,1225.0308040555892
2004-10-23T06:00:00Z,blm_miles-city_Miles City District,Miles City,NDVI,2576.362049757248
2004-10-23T06:00:00Z,blm_malta_Malta District,Malta,EVI,1272.3399385608427
2004-10-23T06:00:00Z,blm_malta_Malta District,Malta,NDVI,2539.631756622584
2004-10-23T06:00:00Z,blm_lewistown_Lewistown District,Lewistown,EVI,1647.2532433262172
2004-10-23T06:00:00Z,blm_lewistown_Lewistown District,Lewistown,NDVI,3303.499249357207
2004-10-23T06:00:00Z,blm_missoula_Missoula District,Missoula,EVI,2310.6079337187407
2004-10-23T06:00:00Z,blm_missoula_Missoula District,Missoula,NDVI,5607.873291760972
2004-10-23T06:00:00Z,blm_butte_Butte District,Butte,EVI,1983.188431803523
2004-10-23T06:00:00Z,blm_butte_Butte District,Butte,NDVI,4183.618278046616
2004-10-23T06:00:00Z,blm_dillon_Dillon District,Dillon,EVI,1785.8506695125939
2004-10-23T06:00:00Z,blm_dillon_Dillon District,Dillon,NDVI,3583.9751875224697
2004-11-08T07:00:00Z,blm_billings_Billings District,Billings,EVI,1396.8038554734474
2004-11-08T07:00:00Z,blm_billings_Billings District,Billings,NDVI,2881.33978889116
2004-11-08T07:00:00Z,blm_miles-city_Miles City District,Miles City,EVI,1159.6514191014344
2004-11-08T07:00:00Z,blm_miles-city_Miles City District,Miles City,NDVI,2390.628618196245
2004-11-08T07:00:00Z,blm_malta_Malta District,Malta,EVI,1192.2283899444478
2004-11-08T07:00:00Z,blm_malta_Malta District,Malta,NDVI,2396.9949705893696
2004-11-08T07:00:00Z,blm_lewistown_Lewistown District,Lewistown,EVI,1544.5368584647454
2004-11-08T07:00:00Z,blm_lewistown_Lewistown District,Lewistown,NDVI,3309.6636915662016
2004-11-08T07:00:00Z,blm_missoula_Missoula District,Missoula,EVI,2129.2166742868408
2004-11-08T07:00:00Z,blm_missoula_Missoula District,Missoula,NDVI,5845.668140228761
2004-11-08T07:00:00Z,blm_butte_Butte District,Butte,EVI,1803.349086170377
2004-11-08T07:00:00Z,blm_butte_Butte District,Butte,NDVI,4272.861172519806
2004-11-08T07:00:00Z,blm_dillon_Dillon District,Dillon,EVI,1647.127419241466
2004-11-08T07:00:00Z,blm_dillon_Dillon District,Dillon,NDVI,3685.011614693418
2004-11-24T07:00:00Z,blm_billings_Billings District,Billings,EVI,1322.7984441267567
2004-11-24T07:00:00Z,blm_billings_Billings District,Billings,NDVI,2513.384241719407
2004-11-24T07:00:00Z,blm_miles-city_Miles City District,Miles City,EVI,1322.2081614866959
2004-11-24T07:00:00Z,blm_miles-city_Miles City District,Miles City,NDVI,2476.736930361554
2004-11-24T07:00:00Z,blm_malta_Malta District,Malta,EVI,1166.7495050781472
2004-11-24T07:00:00Z,blm_malta_Malta District,Malta,NDVI,2167.5293158553345
2004-11-24T07:00:00Z,blm_lewistown_Lewistown District,Lewistown,EVI,1320.3839552156528
2004-11-24T07:00:00Z,blm_lewistown_Lewistown District,Lewistown,NDVI,2439.690981212577
2004-11-24T07:00:00Z,blm_missoula_Missoula District,Missoula,EVI,2170.008408047511
2004-11-24T07:00:00Z,blm_missoula_Missoula District,Missoula,NDVI,4576.7907714159255
2004-11-24T07:00:00Z,blm_butte_Butte District,Butte,EVI,1616.397901988888
2004-11-24T07:00:00Z,blm_butte_Butte District,Butte,NDVI,3273.8160029272894
2004-11-24T07:00:00Z,blm_dillon_Dillon District,Dillon,EVI,1353.2002306612771
2004-11-24T07:00:00Z,blm_dillon_Dillon District,Dillon,NDVI,2445.7860170338145
2004-12-10T07:00:00Z,blm_billings_Billings District,Billings,EVI,1354.65239553631
2004-12-10T07:00:00Z,blm_billings_Billings District,Billings,NDVI,2656.5430637571353
2004-12-10T07:00:00Z,blm_miles-city_Miles City District,Miles City,EVI,1099.5993329886821
2004-12-10T07:00:00Z,blm_miles-city_Miles City District,Miles City,NDVI,2219.1957215145485
2004-12-10T07:00:00Z,blm_malta_Malta District,Malta,EVI,1090.1490128207568
2004-12-10T07:00:00Z,blm_malta_Malta District,Malta,NDVI,2140.186310362627
2004-12-10T07:00:00Z,blm_lewistown_Lewistown District,Lewistown,EVI,1354.4186222138294
2004-12-10T07:00:00Z,blm_lewistown_Lewistown District,Lewistown,NDVI,2664.2713653701085
2004-12-10T07:00:00Z,blm_missoula_Missoula District,Missoula,EVI,2315.1539282240697
2004-12-10T07:00:00Z,blm_missoula_Missoula District,Missoula,NDVI,5458.513346598879
2004-12-10T07:00:00Z,blm_butte_Butte District,Butte,EVI,1883.6903203678628
2004-12-10T07:00:00Z,blm_butte_Butte District,Butte,NDVI,4025.1762437433945
2004-12-10T07:00:00Z,blm_dillon_Dillon District,Dillon,EVI,1466.236707674994
2004-12-10T07:00:00Z,blm_dillon_Dillon District,Dillon,NDVI,2805.198666374749
2004-12-26T07:00:00Z,blm_billings_Billings District,Billings,EVI,1246.072586598257
2004-12-26T07:00:00Z,blm_billings_Billings District,Billings,NDVI,2441.6627685280855
2004-12-26T07:00:00Z,blm_miles-city_Miles City District,Miles City,EVI,1101.132709792461
2004-12-26T07:00:00Z,blm_miles-city_Miles City District,Miles City,NDVI,2273.2646667327876
2004-12-26T07:00:00Z,blm_malta_Malta District,Malta,EVI,1168.9981049488192
2004-12-26T07:00:00Z,blm_malta_Malta District,Malta,NDVI,2208.557633735745
2004-12-26T07:00:00Z,blm_lewistown_Lewistown District,Lewistown,EVI,1339.5819822360884
2004-12-26T07:00:00Z,blm_lewistown_Lewistown District,Lewistown,NDVI,2428.9123524679017
2004-12-26T07:00:00Z,blm_missoula_Missoula District,Missoula,EVI,2274.3899817399083
2004-12-26T07:00:00Z,blm_missoula_Missoula District,Missoula,NDVI,5490.027054647982
2004-12-26T07:00:00Z,blm_butte_Butte District,Butte,EVI,1374.575216616749
2004-12-26T07:00:00Z,blm_butte_Butte District,Butte,NDVI,2634.5703762364515
2004-12-26T07:00:00Z,blm_dillon_Dillon District,Dillon,EVI,1682.2784003849442
2004-12-26T07:00:00Z,blm_dillon_Dillon District,Dillon,NDVI,2525.854821984068
2005-01-09T07:00:00Z,blm_billings_Billings District,Billings,EVI,1309.6364880641988
2005-01-09T07:00:00Z,blm_billings_Billings District,Billings,NDVI,2576.9338473112048
2005-01-09T07:00:00Z,blm_miles-city_Miles City District,Miles City,EVI,1160.4906473662868
2005-01-09T07:00:00Z,blm_miles-city_Miles City District,Miles City,NDVI,2290.8397175158184
2005-01-09T07:00:00Z,blm_malta_Malta District,Malta,EVI,1162.6123843806863
2005-01-09T07:00:00Z,blm_malta_Malta District,Malta,NDVI,2172.70634576519
2005-01-09T07:00:00Z,blm_lewistown_Lewistown District,Lewistown,EVI,1531.370938484488
2005-01-09T07:00:00Z,blm_lewistown_Lewistown District,Lewistown,NDVI,2810.9555935945323
2005-01-09T07:00:00Z,blm_missoula_Missoula District,Missoula,EVI,2472.353976952146
2005-01-09T07:00:00Z,blm_missoula_Missoula District,Missoula,NDVI,5616.156169694859
2005-01-09T07:00:00Z,blm_butte_Butte District,Butte,EVI,1704.520021552726
2005-01-09T07:00:00Z,blm_butte_Butte District,Butte,NDVI,3385.021678010838
2005-01-09T07:00:00Z,blm_dillon_Dillon District,Dillon,EVI,1346.7961453560229
2005-01-09T07:00:00Z,blm_dillon_Dillon District,Dillon,NDVI,2566.9431752914966
2005-01-25T07:00:00Z,blm_billings_Billings District,Billings,EVI,1249.4247239500653
2005-01-25T07:00:00Z,blm_billings_Billings District,Billings,NDVI,2525.2413270328548
2005-01-25T07:00:00Z,blm_miles-city_Miles City District,Miles City,EVI,1076.8349981112187
2005-01-25T07:00:00Z,blm_miles-city_Miles City District,Miles City,NDVI,2127.2660412918476
2005-01-25T07:00:00Z,blm_malta_Malta District,Malta,EVI,1110.5126124816677
2005-01-25T07:00:00Z,blm_malta_Malta District,Malta,NDVI,2092.1305701109336
2005-01-25T07:00:00Z,blm_lewistown_Lewistown District,Lewistown,EVI,1329.978318078872
2005-01-25T07:00:00Z,blm_lewistown_Lewistown District,Lewistown,NDVI,2595.5179860863454
2005-01-25T07:00:00Z,blm_missoula_Missoula District,Missoula,EVI,2124.3469266039897
2005-01-25T07:00:00Z,blm_missoula_Missoula District,Missoula,NDVI,5066.027669345098
2005-01-25T07:00:00Z,blm_butte_Butte District,Butte,EVI,1430.3713304044604
2005-01-25T07:00:00Z,blm_butte_Butte District,Butte,NDVI,3106.7047215692482
2005-01-25T07:00:00Z,blm_dillon_Dillon District,Dillon,EVI,1304.7284228945293
2005-01-25T07:00:00Z,blm_dillon_Dillon District,Dillon,NDVI,2544.671097355987
2005-02-10T07:00:00Z,blm_billings_Billings District,Billings,EVI,1265.4571524163593
2005-02-10T07:00:00Z,blm_billings_Billings District,Billings,NDVI,2294.8056361669965
2005-02-10T07:00:00Z,blm_miles-city_Miles City District,Miles City,EVI,1066.319837055802
2005-02-10T07:00:00Z,blm_miles-city_Miles City District,Miles City,NDVI,1955.9706775192021
2005-02-10T07:00:00Z,blm_malta_Malta District,Malta,EVI,1043.5294137544993
2005-02-10T07:00:00Z,blm_malta_Malta District,Malta,NDVI,1948.617440070654
2005-02-10T07:00:00Z,blm_lewistown_Lewistown District,Lewistown,EVI,1324.157245146294
2005-02-10T07:00:00Z,blm_lewistown_Lewistown District,Lewistown,NDVI,2524.5489772988003
2005-02-10T07:00:00Z,blm_missoula_Missoula District,Missoula,EVI,2197.6271576651875
2005-02-10T07:00:00Z,blm_missoula_Missoula District,Missoula,NDVI,5160.212199714192
2005-02-10T07:00:00Z,blm_butte_Butte District,Butte,EVI,1511.5150686766324
2005-02-10T07:00:00Z,blm_butte_Butte District,Butte,NDVI,3065.136244053628
2005-02-10T07:00:00Z,blm_dillon_Dillon District,Dillon,EVI,1292.402672744295
2005-02-10T07:00:00Z,blm_dillon_Dillon District,Dillon,NDVI,2340.9477190920225
2005-02-26T07:00:00Z,blm_billings_Billings District,Billings,EVI,1294.160332611432
2005-02-26T07:00:00Z,blm_billings_Billings District,Billings,NDVI,2389.178898759229
2005-02-26T07:00:00Z,blm_miles-city_Miles City District,Miles City,EVI,1065.7978945018622
2005-02-26T07:00:00Z,blm_miles-city_Miles City District,Miles City,NDVI,1959.6364780481522
2005-02-26T07:00:00Z,blm_malta_Malta District,Malta,EVI,1175.4674067160229
2005-02-26T07:00:00Z,blm_malta_Malta District,Malta,NDVI,2004.3805811210243
2005-02-26T07:00:00Z,blm_lewistown_Lewistown District,Lewistown,EVI,1447.7187241403547
2005-02-26T07:00:00Z,blm_lewistown_Lewistown District,Lewistown,NDVI,2601.0389645469445
2005-02-26T07:00:00Z,blm_missoula_Missoula District,Missoula,EVI,2146.966038599809
2005-02-26T07:00:00Z,blm_missoula_Missoula District,Missoula,NDVI,5118.212327935041
2005-02-26T07:00:00Z,blm_butte_Butte District,Butte,EVI,1609.5750295546957
2005-02-26T07:00:00Z,blm_butte_Butte District,Butte,NDVI,3265.2892186234917
2005-02-26T07:00:00Z,blm_dillon_Dillon District,Dillon,EVI,1342.4970750952825
2005-02-26T07:00:00Z,blm_dillon_Dillon District,Dillon,NDVI,2472.9717493935555
2005-03-14T07:00:00Z,blm_billings_Billings District,Billings,EVI,1383.9064585068247
2005-03-14T07:00:00Z,blm_billings_Billings District,Billings,NDVI,2512.05882831041
2005-03-14T07:00:00Z,blm_miles-city_Miles City District,Miles City,EVI,1166.1913057931174
2005-03-14T07:00:00Z,blm_miles-city_Miles City District,Miles City,NDVI,2154.7094067589546
2005-03-14T07:00:00Z,blm_malta_Malta District,Malta,EVI,1066.2876077400747
2005-03-14T07:00:00Z,blm_malta_Malta District,Malta,NDVI,1981.0599936733033
2005-03-14T07:00:00Z,blm_lewistown_Lewistown District,Lewistown,EVI,1198.9151719074143
2005-03-14T07:00:00Z,blm_lewistown_Lewistown District,Lewistown,NDVI,2209.8094143370436
2005-03-14T07:00:00Z,blm_missoula_Missoula District,Missoula,EVI,1964.9121356671199
2005-03-14T07:00:00Z,blm_missoula_Missoula District,Missoula,NDVI,4704.091501995763
2005-03-14T07:00:00Z,blm_butte_Butte District,Butte,EVI,1330.5303679256244
2005-03-14T07:00:00Z,blm_butte_Butte District,Butte,NDVI,2258.8116620637393
2005-03-14T07:00:00Z,blm_dillon_Dillon District,Dillon,EVI,1240.1761845949377
2005-03-14T07:00:00Z,blm_dillon_Dillon District,Dillon,NDVI,1959.2562177415007
2005-03-30T07:00:00Z,blm_billings_Billings District,Billings,EVI,1661.6805106009228
2005-03-30T07:00:00Z,blm_billings_Billings District,Billings,NDVI,2758.070963895472
2005-03-30T07:00:00Z,blm_miles-city_Miles City District,Miles City,EVI,1332.8527842464673
2005-03-30T07:00:00Z,blm_miles-city_Miles City District,Miles City,NDVI,2434.927510090368
2005-03-30T07:00:00Z,blm_malta_Malta District,Malta,EVI,1322.0756789259528
2005-03-30T07:00:00Z,blm_malta_Malta District,Malta,NDVI,2243.682723530838
2005-03-30T07:00:00Z,blm_lewistown_Lewistown District,Lewistown,EVI,1452.060835816001
2005-03-30T07:00:00Z,blm_lewistown_Lewistown District,Lewistown,NDVI,2465.0986592086297
2005-03-30T07:00:00Z,blm_missoula_Missoula District,Missoula,EVI,2087.431756669459
2005-03-30T07:00:00Z,blm_missoula_Missoula District,Missoula,NDVI,4556.372417711773
2005-03-30T07:00:00Z,blm_butte_Butte District,Butte,EVI,1518.4644743422446
2005-03-30T07:00:00Z,blm_butte_Butte District,Butte,NDVI,2747.456696735434
2005-03-30T07:00:00Z,blm_dillon_Dillon District,Dillon,EVI,1356.602409287694
2005-03-30T07:00:00Z,blm_dillon_Dillon District,Dillon,NDVI,2313.74174030359
2005-04-15T06:00:00Z,blm_billings_Billings District,Billings,EVI,1948.4468768838015
2005-04-15T06:00:00Z,blm_billings_Billings District,Billings,NDVI,3259.389763642465
2005-04-15T06:00:00Z,blm_miles-city_Miles City District,Miles City,EVI,1648.753564544007
2005-04-15T06:00:00Z,blm_miles-city_Miles City District,Miles City,NDVI,2767.6041668419293
2005-04-15T06:00:00Z,blm_malta_Malta District,Malta,EVI,1590.3380944948033
2005-04-15T06:00:00Z,blm_malta_Malta District,Malta,NDVI,2769.3592811220146
2005-04-15T06:00:00Z,blm_lewistown_Lewistown District,Lewistown,EVI,1914.692126109461
2005-04-15T06:00:00Z,blm_lewistown_Lewistown District,Lewistown,NDVI,3251.253730290172
2005-04-15T06:00:00Z,blm_missoula_Missoula District,Missoula,EVI,2470.674903350735
2005-04-15T06:00:00Z,blm_missoula_Missoula District,Missoula,NDVI,5428.758610574382
2005-04-15T06:00:00Z,blm_butte_Butte District,Butte,EVI,1991.6152498882889
2005-04-15T06:00:00Z,blm_butte_Butte District,Butte,NDVI,3690.7742208576174
2005-04-15T06:00:00Z,blm_dillon_Dillon District,Dillon,EVI,1700.5219026825753
2005-04-15T06:00:00Z,blm_dillon_Dillon District,Dillon,NDVI,2946.490870494715
2005-05-01T06:00:00Z,blm_billings_Billings District,Billings,EVI,2096.35617610678
2005-05-01T06:00:00Z,blm_billings_Billings District,Billings,NDVI,3631.9279852110685
2005-05-01T06:00:00Z,blm_miles-city_Miles City District,Miles City,EVI,1798.9926681527663
2005-05-01T06:00:00Z,blm_miles-city_Miles City District,Miles City,NDVI,3382.4379872223885
2005-05-01T06:00:00Z,blm_malta_Malta District,Malta,EVI,1783.3093170016082
2005-05-01T06:00:00Z,blm_malta_Malta District,Malta,NDVI,3078.3076922455243
2005-05-01T06:00:00Z,blm_lewistown_Lewistown District,Lewistown,EVI,2062.306372882881
2005-05-01T06:00:00Z,blm_lewistown_Lewistown District,Lewistown,NDVI,3528.1934182201207
2005-05-01T06:00:00Z,blm_missoula_Missoula District,Missoula,EVI,2656.0141526031193
2005-05-01T06:00:00Z,blm_missoula_Missoula District,Missoula,NDVI,5553.880342563055
2005-05-01T06:00:00Z,blm_butte_Butte District,Butte,EVI,1967.3654649160915
2005-05-01T06:00:00Z,blm_butte_Butte District,Butte,NDVI,3711.7394965054277
2005-05-01T06:00:00Z,blm_dillon_Dillon District,Dillon,EVI,1740.2119299064946
2005-05-01T06:00:00Z,blm_dillon_Dillon District,Dillon,NDVI,2982.4449514911744
2005-05-17T06:00:00Z,blm_billings_Billings District,Billings,EVI,2807.1770711065665
2005-05-17T06:00:00Z,blm_billings_Billings District,Billings,NDVI,4669.00366733497
2005-05-17T06:00:00Z,blm_miles-city_Miles City District,Miles City,EVI,2172.4297358533695
2005-05-17T06:00:00Z,blm_miles-city_Miles City District,Miles City,NDVI,3634.616522008239
2005-05-17T06:00:00Z,blm_malta_Malta District,Malta,EVI,2105.8694402295855
2005-05-17T06:00:00Z,blm_malta_Malta District,Malta,NDVI,3578.8730086618084
2005-05-17T06:00:00Z,blm_lewistown_Lewistown District,Lewistown,EVI,2854.7352021730453
2005-05-17T06:00:00Z,blm_lewistown_Lewistown District,Lewistown,NDVI,4770.120301834132
2005-05-17T06:00:00Z,blm_missoula_Missoula District,Missoula,EVI,3048.141178759675
2005-05-17T06:00:00Z,blm_missoula_Missoula District,Missoula,NDVI,6231.880668506113
2005-05-17T06:00:00Z,blm_butte_Butte District,Butte,EVI,2814.1531376573894
2005-05-17T06:00:00Z,blm_butte_Butte District,Butte,NDVI,5021.830242203949
2005-05-17T06:00:00Z,blm_dillon_Dillon District,Dillon,EVI,2582.6771407524757
2005-05-17T06:00:00Z,blm_dillon_Dillon District,Dillon,NDVI,4524.116271178925
2005-06-02T06:00:00Z,blm_billings_Billings District,Billings,EVI,3236.593662177254
2005-06-02T06:00:00Z,blm_billings_Billings District,Billings,NDVI,4960.683991337289
2005-06-02T06:00:00Z,blm_miles-city_Miles City District,Miles City,EVI,2943.106198350363
2005-06-02T06:00:00Z,blm_miles-city_Miles City District,Miles City,NDVI,4691.711249870803
2005-06-02T06:00:00Z,blm_malta_Malta District,Malta,EVI,2741.5515508163658
2005-06-02T06:00:00Z,blm_malta_Malta District,Malta,NDVI,4365.086788986411
2005-06-02T06:00:00Z,blm_lewistown_Lewistown District,Lewistown,EVI,3258.3529261726976
2005-06-02T06:00:00Z,blm_lewistown_Lewistown District,Lewistown,NDVI,5456.298391128916
2005-06-02T06:00:00Z,blm_missoula_Missoula District,Missoula,EVI,3471.883524262608
2005-06-02T06:00:00Z,blm_missoula_Missoula District,Missoula,NDVI,6764.964464440483
2005-06-02T06:00:00Z,blm_butte_Butte District,Butte,EVI,2996.377345097804
2005-06-02T06:00:00Z,blm_butte_Butte District,Butte,NDVI,5581.428821091425
2005-06-02T06:00:00Z,blm_dillon_Dillon District,Dillon,EVI,2909.3439640584497
2005-06-02T06:00:00Z,blm_dillon_Dillon District,Dillon,NDVI,5445.065293620714
2005-06-18T06:00:00Z,blm_billings_Billings District,Billings,EVI,3175.6458749912745
2005-06-18T06:00:00Z,blm_billings_Billings District,Billings,NDVI,5159.865416297136
2005-06-18T06:00:00Z,blm_miles-city_Miles City District,Miles City,EVI,2993.013461315024
2005-06-18T06:00:00Z,blm_miles-city_Miles City District,Miles City,NDVI,4950.6349519037585
2005-06-18T06:00:00Z,blm_malta_Malta District,Malta,EVI,2987.8829300393686
2005-06-18T06:00:00Z,blm_malta_Malta District,Malta,NDVI,4778.211194756769
2005-06-18T06:00:00Z,blm_lewistown_Lewistown District,Lewistown,EVI,3506.963500437447
2005-06-18T06:00:00Z,blm_lewistown_Lewistown District,Lewistown,NDVI,5632.602556791424
2005-06-18T06:00:00Z,blm_missoula_Missoula District,Missoula,EVI,3455.604901042333
2005-06-18T06:00:00Z,blm_missoula_Missoula District,Missoula,NDVI,6605.442242818306
2005-06-18T06:00:00Z,blm_butte_Butte District,Butte,EVI,3213.677246070152
2005-06-18T06:00:00Z,blm_butte_Butte District,Butte,NDVI,5765.065903097359
2005-06-18T06:00:00Z,blm_dillon_Dillon District,Dillon,EVI,3113.729625438373
2005-06-18T06:00:00Z,blm_dillon_Dillon District,Dillon,NDVI,5513.253391949112
2005-07-04T06:00:00Z,blm_billings_Billings District,Billings,EVI,2788.4170074630106
2005-07-04T06:00:00Z,blm_billings_Billings District,Billings,NDVI,4654.928470782722
2005-07-04T06:00:00Z,blm_miles-city_Miles City District,Miles City,EVI,2834.74596435148
2005-07-04T06:00:00Z,blm_miles-city_Miles City District,Miles City,NDVI,4582.178466721216
2005-07-04T06:00:00Z,blm_malta_Malta District,Malta,EVI,2758.9916171608447
2005-07-04T06:00:00Z,blm_malta_Malta District,Malta,NDVI,4579.286159377534
2005-07-04T06:00:00Z,blm_lewistown_Lewistown District,Lewistown,EVI,3205.5269960259707
2005-07-04T06:00:00Z,blm_lewistown_Lewistown District,Lewistown,NDVI,5429.82794333338
2005-07-04T06:00:00Z,blm_missoula_Missoula District,Missoula,EVI,3436.986833351523
2005-07-04T06:00:00Z,blm_missoula_Missoula District,Missoula,NDVI,6817.210887718146
2005-07-04T06:00:00Z,blm_butte_Butte District,Butte,EVI,3014.4655593858693
2005-07-04T06:00:00Z,blm_butte_Butte District,Butte,NDVI,5754.630229506861
2005-07-04T06:00:00Z,blm_dillon_Dillon District,Dillon,EVI,3019.2319339687865
2005-07-04T06:00:00Z,blm_dillon_Dillon District,Dillon,NDVI,5521.947566989106
2005-07-20T06:00:00Z,blm_billings_Billings District,Billings,EVI,2338.9245071499495
2005-07-20T06:00:00Z,blm_billings_Billings District,Billings,NDVI,3949.323743822311
2005-07-20T06:00:00Z,blm_miles-city_Miles City District,Miles City,EVI,2366.3545884424634
2005-07-20T06:00:00Z,blm_miles-city_Miles City District,Miles City,NDVI,3899.968661556761
2005-07-20T06:00:00Z,blm_malta_Malta District,Malta,EVI,2194.4363732370234
2005-07-20T06:00:00Z,blm_malta_Malta District,Malta,NDVI,3665.81222193239
2005-07-20T06:00:00Z,blm_lewistown_Lewistown District,Lewistown,EVI,2624.64971031434
2005-07-20T06:00:00Z,blm_lewistown_Lewistown District,Lewistown,NDVI,4596.445068363386
2005-07-20T06:00:00Z,blm_missoula_Missoula District,Missoula,EVI,3357.117876966213
2005-07-20T06:00:00Z,blm_missoula_Missoula District,Missoula,NDVI,6736.817791922507
2005-07-20T06:00:00Z,blm_butte_Butte District,Butte,EVI,2788.8403989224084
2005-07-20T06:00:00Z,blm_butte_Butte District,Butte,NDVI,5413.724627600963
2005-07-20T06:00:00Z,blm_dillon_Dillon District,Dillon,EVI,2843.8550313719356
2005-07-20T06:00:00Z,blm_dillon_Dillon District,Dillon,NDVI,5119.964288750739
2005-08-05T06:00:00Z,blm_billings_Billings District,Billings,EVI,2067.53168080033
2005-08-05T06:00:00Z,blm_billings_Billings District,Billings,NDVI,3695.1072507009476
2005-08-05T06:00:00Z,blm_miles-city_Miles City District,Miles City,EVI,2024.9267426922504
2005-08-05T06:00:00Z,blm_miles-city_Miles City District,Miles City,NDVI,3370.175236555831
2005-08-05T06:00:00Z,blm_malta_Malta District,Malta,EVI,1889.4238021923343
2005-08-05T06:00:00Z,blm_malta_Malta District,Malta,NDVI,3182.3113744004036
2005-08-05T06:00:00Z,blm_lewistown_Lewistown District,Lewistown,EVI,2260.5157710804183
2005-08-05T06:00:00Z,blm_lewistown_Lewistown District,Lewistown,NDVI,4150.510833458057
2005-08-05T06:00:00Z,blm_missoula_Missoula District,Missoula,EVI,2987.258541131219
2005-08-05T06:00:00Z,blm_missoula_Missoula District,Missoula,NDVI,6612.858486251348
2005-08-05T06:00:00Z,blm_butte_Butte District,Butte,EVI,2538.329598772109
2005-08-05T06:00:00Z,blm_butte_Butte District,Butte,NDVI,5335.3568501552845
2005-08-05T06:00:00Z,blm_dillon_Dillon District,Dillon,EVI,2581.0704065024233
2005-08-05T06:00:00Z,blm_dillon_Dillon District,Dillon,NDVI,4952.993337587411
2005-08-21T06:00:00Z,blm_billings_Billings District,Billings,EVI,1920.4697037912988
2005-08-21T06:00:00Z,blm_billings_Billings District,Billings,NDVI,3431.3344692301207
2005-08-21T06:00:00Z,blm_miles-city_Miles City District,Miles City,EVI,1892.0236295400841
2005-08-21T06:00:00Z,blm_miles-city_Miles City District,Miles City,NDVI,3176.550447719469
2005-08-21T06:00:00Z,blm_malta_Malta District,Malta,EVI,1692.2159240150488
2005-08-21T06:00:00Z,blm_malta_Malta District,Malta,NDVI,2916.813904424337
2005-08-21T06:00:00Z,blm_lewistown_Lewistown District,Lewistown,EVI,2063.9171177098833
2005-08-21T06:00:00Z,blm_lewistown_Lewistown District,Lewistown,NDVI,3798.5890996641915
2005-08-21T06:00:00Z,blm_missoula_Missoula District,Missoula,EVI,2806.375114651133
2005-08-21T06:00:00Z,blm_missoula_Missoula District,Missoula,NDVI,6322.266004848016
2005-08-21T06:00:00Z,blm_butte_Butte District,Butte,EVI,2454.37228864517
2005-08-21T06:00:00Z,blm_butte_Butte District,Butte,NDVI,4856.364225235539
2005-08-21T06:00:00Z,blm_dillon_Dillon District,Dillon,EVI,2337.4482144525355
2005-08-21T06:00:00Z,blm_dillon_Dillon District,Dillon,NDVI,4431.7350468286495
2005-09-06T06:00:00Z,blm_billings_Billings District,Billings,EVI,1756.0669216473746
2005-09-06T06:00:00Z,blm_billings_Billings District,Billings,NDVI,3203.921413157017
2005-09-06T06:00:00Z,blm_miles-city_Miles City District,Miles City,EVI,1721.362788868333
2005-09-06T06:00:00Z,blm_miles-city_Miles City District,Miles City,NDVI,2867.6017458918614
2005-09-06T06:00:00Z,blm_malta_Malta District,Malta,EVI,1592.7674718833578
2005-09-06T06:00:00Z,blm_malta_Malta District,Malta,NDVI,2764.949532058108
2005-09-06T06:00:00Z,blm_lewistown_Lewistown District,Lewistown,EVI,1887.8993584703333
2005-09-06T06:00:00Z,blm_lewistown_Lewistown District,Lewistown,NDVI,3626.36414399962
2005-09-06T06:00:00Z,blm_missoula_Missoula District,Missoula,EVI,2656.51892814233
2005-09-06T06:00:00Z,blm_missoula_Missoula District,Missoula,NDVI,6171.950420275648
2005-09-06T06:00:00Z,blm_butte_Butte District,Butte,EVI,2136.521085349771
2005-09-06T06:00:00Z,blm_butte_Butte District,Butte,NDVI,4788.03246640939
2005-09-06T06:00:00Z,blm_dillon_Dillon District,Dillon,EVI,2089.177388209221
2005-09-06T06:00:00Z,blm_dillon_Dillon District,Dillon,NDVI,4309.451318617465
2005-09-22T06:00:00Z,blm_billings_Billings District,Billings,EVI,1627.3283297494897
2005-09-22T06:00:00Z,blm_billings_Billings District,Billings,NDVI,3030.0689270257717
2005-09-22T06:00:00Z,blm_miles-city_Miles City District,Miles City,EVI,1563.8444309428703
2005-09-22T06:00:00Z,blm_miles-city_Miles City District,Miles City,NDVI,2724.3267816510775
2005-09-22T06:00:00Z,blm_malta_Malta District,Malta,EVI,1502.0323821691463
2005-09-22T06:00:00Z,blm_malta_Malta District,Malta,NDVI,2769.2141231784476
2005-09-22T06:00:00Z,blm_lewistown_Lewistown District,Lewistown,EVI,1784.1523672307574
2005-09-22T06:00:00Z,blm_lewistown_Lewistown District,Lewistown,NDVI,3556.4302838544336
2005-09-22T06:00:00Z,blm_missoula_Missoula District,Missoula,EVI,2520.65258406823
2005-09-22T06:00:00Z,blm_missoula_Missoula District,Missoula,NDVI,6015.891553006187
2005-09-22T06:00:00Z,blm_butte_Butte District,Butte,EVI,1976.048751686853
2005-09-22T06:00:00Z,blm_butte_Butte District,Butte,NDVI,4652.57456753377
2005-09-22T06:00:00Z,blm_dillon_Dillon District,Dillon,EVI,1869.882069262624
2005-09-22T06:00:00Z,blm_dillon_Dillon District,Dillon,NDVI,4092.4899334568454
2005-10-08T06:00:00Z,blm_billings_Billings District,Billings,EVI,1640.7888318176385
2005-10-08T06:00:00Z,blm_billings_Billings District,Billings,NDVI,3161.574120184366
2005-10-08T06:00:00Z,blm_miles-city_Miles City District,Miles City,EVI,1397.2139001192688
2005-10-08T06:00:00Z,blm_miles-city_Miles City District,Miles City,NDVI,2610.849630119976
2005-10-08T06:00:00Z,blm_malta_Malta District,Malta,EVI,1373.3571530250808
2005-10-08T06:00:00Z,blm_malta_Malta District,Malta,NDVI,2649.243754569611
2005-10-08T06:00:00Z,blm_lewistown_Lewistown District,Lewistown,EVI,1690.5459172674312
2005-10-08T06:00:00Z,blm_lewistown_Lewistown District,Lewistown,NDVI,3621.7851363319833
2005-10-08T06:00:00Z,blm_missoula_Missoula District,Missoula,EVI,2236.789683128229
2005-10-08T06:00:00Z,blm_missoula_Missoula District,Missoula,NDVI,5872.526702583435
2005-10-08T06:00:00Z,blm_butte_Butte District,Butte,EVI,1888.1825695595064
2005-10-08T06:00:00Z,blm_butte_Butte District,Butte,NDVI,4666.214754646122
2005-10-08T06:00:00Z,blm_dillon_Dillon District,Dillon,EVI,1722.2011598058075
2005-10-08T06:00:00Z,blm_dillon_Dillon District,Dillon,NDVI,3971.1594267982705
2005-10-24T06:00:00Z,blm_billings_Billings District,Billings,EVI,1588.717273812661
2005-10-24T06:00:00Z,blm_billings_Billings District,Billings,NDVI,3139.2780212739904
2005-10-24T06:00:00Z,blm_miles-city_Miles City District,Miles City,EVI,1387.6760194485616
2005-10-24T06:00:00Z,blm_miles-city_Miles City District,Miles City,NDVI,2438.270754242286
2005-10-24T06:00:00Z,blm_malta_Malta District,Malta,EVI,1280.103520553549
2005-10-24T06:00:00Z,blm_malta_Malta District,Malta,NDVI,2490.1874397819233
2005-10-24T06:00:00Z,blm_lewistown_Lewistown District,Lewistown,EVI,1612.6742099626852
2005-10-24T06:00:00Z,blm_lewistown_Lewistown District,Lewistown,NDVI,3433.516599162439
2005-10-24T06:00:00Z,blm_missoula_Missoula District,Missoula,EVI,2333.5072203932914
2005-10-24T06:00:00Z,blm_missoula_Missoula District,Missoula,NDVI,5647.282561856593
2005-10-24T06:00:00Z,blm_butte_Butte District,Butte,EVI,1801.1726491419522
2005-10-24T06:00:00Z,blm_butte_Butte District,Butte,NDVI,4454.302735288336
2005-10-24T06:00:00Z,blm_dillon_Dillon District,Dillon,EVI,1699.4227158387557
2005-10-24T06:00:00Z,blm_dillon_Dillon District,Dillon,NDVI,3852.5166236923305
2005-11-09T07:00:00Z,blm_billings_Billings District,Billings,EVI,1490.2311890635995
2005-11-09T07:00:00Z,blm_billings_Billings District,Billings,NDVI,2756.595843715288
2005-11-09T07:00:00Z,blm_miles-city_Miles City District,Miles City,EVI,1265.5362893516706
2005-11-09T07:00:00Z,blm_miles-city_Miles City District,Miles City,NDVI,2460.3560597062447
2005-11-09T07:00:00Z,blm_malta_Malta District,Malta,EVI,1190.6723038958205
2005-11-09T07:00:00Z,blm_malta_Malta District,Malta,NDVI,2229.994911042405
2005-11-09T07:00:00Z,blm_lewistown_Lewistown District,Lewistown,EVI,1482.5875256886748
2005-11-09T07:00:00Z,blm_lewistown_Lewistown District,Lewistown,NDVI,2864.707445466195
2005-11-09T07:00:00Z,blm_missoula_Missoula District,Missoula,EVI,2435.895767891391
2005-11-09T07:00:00Z,blm_missoula_Missoula District,Missoula,NDVI,5380.281364197333
2005-11-09T07:00:00Z,blm_butte_Butte District,Butte,EVI,1619.9317056537348
2005-11-09T07:00:00Z,blm_butte_Butte District,Butte,NDVI,3375.500983920516
2005-11-09T07:00:00Z,blm_dillon_Dillon District,Dillon,EVI,1399.6662031434612
2005-11-09T07:00:00Z,blm_dillon_Dillon District,Dillon,NDVI,2614.014199313764
2005-11-25T07:00:00Z,blm_billings_Billings District,Billings,EVI,1272.4636909070387
2005-11-25T07:00:00Z,blm_billings_Billings District,Billings,NDVI,2506.0431047149227
2005-11-25T07:00:00Z,blm_miles-city_Miles City District,Miles City,EVI,1236.9325741584416
2005-11-25T07:00:00Z,blm_miles-city_Miles City District,Miles City,NDVI,2124.2669418650416
2005-11-25T07:00:00Z,blm_malta_Malta District,Malta,EVI,1090.2672336394965
2005-11-25T07:00:00Z,blm_malta_Malta District,Malta,NDVI,2054.56452830775
2005-11-25T07:00:00Z,blm_lewistown_Lewistown District,Lewistown,EVI,1314.7338732705368
2005-11-25T07:00:00Z,blm_lewistown_Lewistown District,Lewistown,NDVI,2700.6787734276127
2005-11-25T07:00:00Z,blm_missoula_Missoula District,Missoula,EVI,2222.9355447581224
2005-11-25T07:00:00Z,blm_missoula_Missoula District,Missoula,NDVI,4446.2170106064805
2005-11-25T07:00:00Z,blm_butte_Butte District,Butte,EVI,1249.3065264649229
2005-11-25T07:00:00Z,blm_butte_Butte District,Butte,NDVI,2530.5831982683712
2005-11-25T07:00:00Z,blm_dillon_Dillon District,Dillon,EVI,2086.991259882756
2005-11-25T07:00:00Z,blm_dillon_Dillon District,Dillon,NDVI,3123.999671894159
2005-12-11T07:00:00Z,blm_billings_Billings District,Billings,EVI,1376.0983356781078
2005-12-11T07:00:00Z,blm_billings_Billings District,Billings,NDVI,2635.584767479083
2005-12-11T07:00:00Z,blm_miles-city_Miles City District,Miles City,EVI,1150.515123670987
2005-12-11T07:00:00Z,blm_miles-city_Miles City District,Miles City,NDVI,2124.5706314902445
2005-12-11T07:00:00Z,blm_malta_Malta District,Malta,EVI,1077.2610284726782
2005-12-11T07:00:00Z,blm_malta_Malta District,Malta,NDVI,2082.904652199571
2005-12-11T07:00:00Z,blm_lewistown_Lewistown District,Lewistown,EVI,1051.5404280179919
2005-12-11T07:00:00Z,blm_lewistown_Lewistown District,Lewistown,NDVI,2219.093626708073
2005-12-11T07:00:00Z,blm_missoula_Missoula District,Missoula,EVI,2267.531149412427
2005-12-11T07:00:00Z,blm_missoula_Missoula District,Missoula,NDVI,6012.107349804822
2005-12-11T07:00:00Z,blm_butte_Butte District,Butte,EVI,1267.3410465055674
2005-12-11T07:00:00Z,blm_butte_Butte District,Butte,NDVI,2512.261318492416
2005-12-11T07:00:00Z,blm_dillon_Dillon District,Dillon,EVI,1118.9508001679449
2005-12-11T07:00:00Z,blm_dillon_Dillon District,Dillon,NDVI,2026.0447399601996
2005-12-27T07:00:00Z,blm_billings_Billings District,Billings,EVI,1332.5196374651941
2005-12-27T07:00:00Z,blm_billings_Billings District,Billings,NDVI,2590.596504345775
2005-12-27T07:00:00Z,blm_miles-city_Miles City District,Miles City,EVI,1122.9868592866983
2005-12-27T07:00:00Z,blm_miles-city_Miles City District,Miles City,NDVI,2081.9604109414918
2005-12-27T07:00:00Z,blm_malta_Malta District,Malta,EVI,1083.3182124589937
2005-12-27T07:00:00Z,blm_malta_Malta District,Malta,NDVI,2087.9679405817374
2005-12-27T07:00:00Z,blm_lewistown_Lewistown District,Lewistown,EVI,1258.8695952067599
2005-12-27T07:00:00Z,blm_lewistown_Lewistown District,Lewistown,NDVI,2431.322510841029
2005-12-27T07:00:00Z,blm_missoula_Missoula District,Missoula,EVI,1865.224083061396
2005-12-27T07:00:00Z,blm_missoula_Missoula District,Missoula,NDVI,4343.325472091282
2005-12-27T07:00:00Z,blm_butte_Butte District,Butte,EVI,1336.2896618951665
2005-12-27T07:00:00Z,blm_butte_Butte District,Butte,NDVI,2738.374530197694
2005-12-27T07:00:00Z,blm_dillon_Dillon District,Dillon,EVI,1256.042639246954
2005-12-27T07:00:00Z,blm_dillon_Dillon District,Dillon,NDVI,2261.9684317342467
2006-01-09T07:00:00Z,blm_billings_Billings District,Billings,EVI,1299.1700454093477
2006-01-09T07:00:00Z,blm_billings_Billings District,Billings,NDVI,2527.5461625669295
2006-01-09T07:00:00Z,blm_miles-city_Miles City District,Miles City,EVI,1051.8238216399411
2006-01-09T07:00:00Z,blm_miles-city_Miles City District,Miles City,NDVI,2076.727736252172
2006-01-09T07:00:00Z,blm_malta_Malta District,Malta,EVI,1077.4140153916019
2006-01-09T07:00:00Z,blm_malta_Malta District,Malta,NDVI,2103.5538586902408
2006-01-09T07:00:00Z,blm_lewistown_Lewistown District,Lewistown,EVI,1266.4153803735826
2006-01-09T07:00:00Z,blm_lewistown_Lewistown District,Lewistown,NDVI,2406.5918639131746
2006-01-09T07:00:00Z,blm_missoula_Missoula District,Missoula,EVI,1711.1515953137655
2006-01-09T07:00:00Z,blm_missoula_Missoula District,Missoula,NDVI,3719.306830886085
2006-01-09T07:00:00Z,blm_butte_Butte District,Butte,EVI,1338.17852541287
2006-01-09T07:00:00Z,blm_butte_Butte District,Butte,NDVI,2494.901536955076
2006-01-09T07:00:00Z,blm_dillon_Dillon District,Dillon,EVI,1270.4049595080103
2006-01-09T07:00:00Z,blm_dillon_Dillon District,Dillon,NDVI,1994.073465189672
2006-01-25T07:00:00Z,blm_billings_Billings District,Billings,EVI,1290.4675345715066
2006-01-25T07:00:00Z,blm_billings_Billings District,Billings,NDVI,2381.739590878625
2006-01-25T07:00:00Z,blm_miles-city_Miles City District,Miles City,EVI,1097.8943909658879
2006-01-25T07:00:00Z,blm_miles-city_Miles City District,Miles City,NDVI,2125.8429786803663
2006-01-25T07:00:00Z,blm_malta_Malta District,Malta,EVI,1088.5389273510816
2006-01-25T07:00:00Z,blm_malta_Malta District,Malta,NDVI,2055.416786749228
2006-01-25T07:00:00Z,blm_lewistown_Lewistown District,Lewistown,EVI,1289.1065414123466
2006-01-25T07:00:00Z,blm_lewistown_Lewistown District,Lewistown,NDVI,2393.476497558084
2006-01-25T07:00:00Z,blm_missoula_Missoula District,Missoula,EVI,1866.1774760724725
2006-01-25T07:00:00Z,blm_missoula_Missoula District,Missoula,NDVI,4031.6293369424698
2006-01-25T07:00:00Z,blm_butte_Butte District,Butte,EVI,1424.2613040053006
2006-01-25T07:00:00Z,blm_butte_Butte District,Butte,NDVI,2679.9025767612948
2006-01-25T07:00:00Z,blm_dillon_Dillon District,Dillon,EVI,1268.7990693494035
2006-01-25T07:00:00Z,blm_dillon_Dillon District,Dillon,NDVI,1967.3282701938429
2006-02-10T07:00:00Z,blm_billings_Billings District,Billings,EVI,1278.1756449138063
2006-02-10T07:00:00Z,blm_billings_Billings District,Billings,NDVI,2302.9090266933076
2006-02-10T07:00:00Z,blm_miles-city_Miles City District,Miles City,EVI,1106.0165343065137
2006-02-10T07:00:00Z,blm_miles-city_Miles City District,Miles City,NDVI,1989.0857867585244
2006-02-10T07:00:00Z,blm_malta_Malta District,Malta,EVI,1064.0359724599493
2006-02-10T07:00:00Z,blm_malta_Malta District,Malta,NDVI,1939.4669253221582
2006-02-10T07:00:00Z,blm_lewistown_Lewistown District,Lewistown,EVI,1226.31235045625
2006-02-10T07:00:00Z,blm_lewistown_Lewistown District,Lewistown,NDVI,2250.490970420569
2006-02-10T07:00:00Z,blm_missoula_Missoula District,Missoula,EVI,1809.6518228743007
2006-02-10T07:00:00Z,blm_missoula_Missoula District,Missoula,NDVI,4048.364304683104
2006-02-10T07:00:00Z,blm_butte_Butte District,Butte,EVI,1209.0582692449623
2006-02-10T07:00:00Z,blm_butte_Butte District,Butte,NDVI,2192.70603330233
2006-02-10T07:00:00Z,blm_dillon_Dillon District,Dillon,EVI,1186.374538727227
2006-02-10T07:00:00Z,blm_dillon_Dillon District,Dillon,NDVI,1936.9186909641508
2006-02-26T07:00:00Z,blm_billings_Billings District,Billings,EVI,1265.7487413474614
2006-02-26T07:00:00Z,blm_billings_Billings District,Billings,NDVI,2337.9766578895865
2006-02-26T07:00:00Z,blm_miles-city_Miles City District,Miles City,EVI,1119.0273662190366
2006-02-26T07:00:00Z,blm_miles-city_Miles City District,Miles City,NDVI,2092.361152700012
2006-02-26T07:00:00Z,blm_malta_Malta District,Malta,EVI,1028.4899003344256
2006-02-26T07:00:00Z,blm_malta_Malta District,Malta,NDVI,1997.5569830201418
2006-02-26T07:00:00Z,blm_lewistown_Lewistown District,Lewistown,EVI,1202.6893039044837
2006-02-26T07:00:00Z,blm_lewistown_Lewistown District,Lewistown,NDVI,2304.7171122851
2006-02-26T07:00:00Z,blm_missoula_Missoula District,Missoula,EVI,1703.477677007819
2006-02-26T07:00:00Z,blm_missoula_Missoula District,Missoula,NDVI,3445.2355197684633
2006-02-26T07:00:00Z,blm_butte_Butte District,Butte,EVI,1366.0262261213302
2006-02-26T07:00:00Z,blm_butte_Butte District,Butte,NDVI,2506.170998195902
2006-02-26T07:00:00Z,blm_dillon_Dillon District,Dillon,EVI,1230.2968694235353
2006-02-26T07:00:00Z,blm_dillon_Dillon District,Dillon,NDVI,2006.4207522480483
2006-03-14T07:00:00Z,blm_billings_Billings District,Billings,EVI,1271.305847933753
2006-03-14T07:00:00Z,blm_billings_Billings District,Billings,NDVI,2262.17103802231
2006-03-14T07:00:00Z,blm_miles-city_Miles City District,Miles City,EVI,1110.4182878177833
2006-03-14T07:00:00Z,blm_miles-city_Miles City District,Miles City,NDVI,2064.5763571433663
2006-03-14T07:00:00Z,blm_malta_Malta District,Malta,EVI,1006.6465753846343
2006-03-14T07:00:00Z,blm_malta_Malta District,Malta,NDVI,1870.0650908495877
2006-03-14T07:00:00Z,blm_lewistown_Lewistown District,Lewistown,EVI,1187.3965092676854
2006-03-14T07:00:00Z,blm_lewistown_Lewistown District,Lewistown,NDVI,2157.450659599617
2006-03-14T07:00:00Z,blm_missoula_Missoula District,Missoula,EVI,1634.744124371444
2006-03-14T07:00:00Z,blm_missoula_Missoula District,Missoula,NDVI,3124.5533764578786
2006-03-14T07:00:00Z,blm_butte_Butte District,Butte,EVI,1318.5400695797262
2006-03-14T07:00:00Z,blm_butte_Butte District,Butte,NDVI,2307.302403549115
2006-03-14T07:00:00Z,blm_dillon_Dillon District,Dillon,EVI,1262.731962783097
2006-03-14T07:00:00Z,blm_dillon_Dillon District,Dillon,NDVI,1878.7260328873485
2006-03-30T07:00:00Z,blm_billings_Billings District,Billings,EVI,1639.4472740578283
2006-03-30T07:00:00Z,blm_billings_Billings District,Billings,NDVI,2781.3673114265616
2006-03-30T07:00:00Z,blm_miles-city_Miles City District,Miles City,EVI,1383.8950812543328
2006-03-30T07:00:00Z,blm_miles-city_Miles City District,Miles City,NDVI,2406.1485539018877
2006-03-30T07:00:00Z,blm_malta_Malta District,Malta,EVI,1300.763432503653
2006-03-30T07:00:00Z,blm_malta_Malta District,Malta,NDVI,2313.252396643242
2006-03-30T07:00:00Z,blm_lewistown_Lewistown District,Lewistown,EVI,1558.2362602626317
2006-03-30T07:00:00Z,blm_lewistown_Lewistown District,Lewistown,NDVI,2752.413246971461
2006-03-30T07:00:00Z,blm_missoula_Missoula District,Missoula,EVI,2040.986600170267
2006-03-30T07:00:00Z,blm_missoula_Missoula District,Missoula,NDVI,3896.7450670304506
2006-03-30T07:00:00Z,blm_butte_Butte District,Butte,EVI,1489.8709262088475
2006-03-30T07:00:00Z,blm_butte_Butte District,Butte,NDVI,2693.380338916161
2006-03-30T07:00:00Z,blm_dillon_Dillon District,Dillon,EVI,1399.3251155687728
2006-03-30T07:00:00Z,blm_dillon_Dillon District,Dillon,NDVI,2287.7863014850577
2006-04-15T06:00:00Z,blm_billings_Billings District,Billings,EVI,2104.576652365748
2006-04-15T06:00:00Z,blm_billings_Billings District,Billings,NDVI,3735.616612573594
2006-04-15T06:00:00Z,blm_miles-city_Miles City District,Miles City,EVI,1776.810388283751
2006-04-15T06:00:00Z,blm_miles-city_Miles City District,Miles City,NDVI,3088.28768719346
2006-04-15T06:00:00Z,blm_malta_Malta District,Malta,EVI,1673.565022817955
2006-04-15T06:00:00Z,blm_malta_Malta District,Malta,NDVI,2942.4101199331512
2006-04-15T06:00:00Z,blm_lewistown_Lewistown District,Lewistown,EVI,2110.1705685432316
2006-04-15T06:00:00Z,blm_lewistown_Lewistown District,Lewistown,NDVI,3739.727172210904
2006-04-15T06:00:00Z,blm_missoula_Missoula District,Missoula,EVI,2405.6262351819983
2006-04-15T06:00:00Z,blm_missoula_Missoula District,Missoula,NDVI,5159.60237320059
2006-04-15T06:00:00Z,blm_butte_Butte District,Butte,EVI,2094.423928740742
2006-04-15T06:00:00Z,blm_butte_Butte District,Butte,NDVI,3835.046526829366
2006-04-15T06:00:00Z,blm_dillon_Dillon District,Dillon,EVI,1812.5470703054375
2006-04-15T06:00:00Z,blm_dillon_Dillon District,Dillon,NDVI,3007.054746862309
2006-05-01T06:00:00Z,blm_billings_Billings District,Billings,EVI,2394.1772547376877
2006-05-01T06:00:00Z,blm_billings_Billings District,Billings,NDVI,4113.429676099062
2006-05-01T06:00:00Z,blm_miles-city_Miles City District,Miles City,EVI,2120.512861404363
2006-05-01T06:00:00Z,blm_miles-city_Miles City District,Miles City,NDVI,3519.493834265408
2006-05-01T06:00:00Z,blm_malta_Malta District,Malta,EVI,1992.7090966359879
2006-05-01T06:00:00Z,blm_malta_Malta District,Malta,NDVI,3419.227225170129
2006-05-01T06:00:00Z,blm_lewistown_Lewistown District,Lewistown,EVI,2451.1492502499623
2006-05-01T06:00:00Z,blm_lewistown_Lewistown District,Lewistown,NDVI,4398.904818878306
2006-05-01T06:00:00Z,blm_missoula_Missoula District,Missoula,EVI,2745.072996411718
2006-05-01T06:00:00Z,blm_missoula_Missoula District,Missoula,NDVI,5736.9014384694365
2006-05-01T06:00:00Z,blm_butte_Butte District,Butte,EVI,2234.532942591295
2006-05-01T06:00:00Z,blm_butte_Butte District,Butte,NDVI,4444.725788875167
2006-05-01T06:00:00Z,blm_dillon_Dillon District,Dillon,EVI,1979.8931046731582
2006-05-01T06:00:00Z,blm_dillon_Dillon District,Dillon,NDVI,3580.7070739262663
2006-05-17T06:00:00Z,blm_billings_Billings District,Billings,EVI,2770.8519094989047
2006-05-17T06:00:00Z,blm_billings_Billings District,Billings,NDVI,4602.965000382262
2006-05-17T06:00:00Z,blm_miles-city_Miles City District,Miles City,EVI,2576.6193672548957
2006-05-17T06:00:00Z,blm_miles-city_Miles City District,Miles City,NDVI,4197.282305513969
2006-05-17T06:00:00Z,blm_malta_Malta District,Malta,EVI,2407.7434324687683
2006-05-17T06:00:00Z,blm_malta_Malta District,Malta,NDVI,3884.8434751021077
2006-05-17T06:00:00Z,blm_lewistown_Lewistown District,Lewistown,EVI,3039.6505543056724
2006-05-17T06:00:00Z,blm_lewistown_Lewistown District,Lewistown,NDVI,5024.514662029908
2006-05-17T06:00:00Z,blm_missoula_Missoula District,Missoula,EVI,2941.196180475832
2006-05-17T06:00:00Z,blm_missoula_Missoula District,Missoula,NDVI,6312.345447505761
2006-05-17T06:00:00Z,blm_butte_Butte District,Butte,EVI,2814.2969729709025
2006-05-17T06:00:00Z,blm_butte_Butte District,Butte,NDVI,5080.155886415872
2006-05-17T06:00:00Z,blm_dillon_Dillon District,Dillon,EVI,2501.826235405488
2006-05-17T06:00:00Z,blm_dillon_Dillon District,Dillon,NDVI,4399.770133399401
2006-06-02T06:00:00Z,blm_billings_Billings District,Billings,EVI,2760.298400127412
2006-06-02T06:00:00Z,blm_billings_Billings District,Billings,NDVI,4581.82403904497
2006-06-02T06:00:00Z,blm_miles-city_Miles City District,Miles City,EVI,2705.92176879112
2006-06-02T06:00:00Z,blm_miles-city_Miles City District,Miles City,NDVI,4376.894165593768
2006-06-02T06:00:00Z,blm_malta_Malta District,Malta,EVI,2806.7380035829965
2006-06-02T06:00:00Z,blm_malta_Malta District,Malta,NDVI,4393.221354615089
2006-06-02T06:00:00Z,blm_lewistown_Lewistown District,Lewistown,EVI,3490.341235819585
2006-06-02T06:00:00Z,blm_lewistown_Lewistown District,Lewistown,NDVI,5641.744878942871
2006-06-02T06:00:00Z,blm_missoula_Missoula District,Missoula,EVI,3285.314514235036
2006-06-02T06:00:00Z,blm_missoula_Missoula District,Missoula,NDVI,6562.718799969007
2006-06-02T06:00:00Z,blm_butte_Butte District,Butte,EVI,2952.7432118405395
2006-06-02T06:00:00Z,blm_butte_Butte District,Butte,NDVI,5671.138582454922
2006-06-02T06:00:00Z,blm_dillon_Dillon District,Dillon,EVI,2848.9657303950034
2006-06-02T06:00:00Z,blm_dillon_Dillon District,Dillon,NDVI,5205.531898556582
2006-06-18T06:00:00Z,blm_billings_Billings District,Billings,EVI,2541.340355559017
2006-06-18T06:00:00Z,blm_billings_Billings District,Billings,NDVI,4299.807799045008
2006-06-18T06:00:00Z,blm_miles-city_Miles City District,Miles City,EVI,2550.3533884881745
2006-06-18T06:00:00Z,blm_miles-city_Miles City District,Miles City,NDVI,4160.589225239554
2006-06-18T06:00:00Z,blm_malta_Malta District,Malta,EVI,2765.3294028226846
2006-06-18T06:00:00Z,blm_malta_Malta District,Malta,NDVI,4577.740937675683
2006-06-18T06:00:00Z,blm_lewistown_Lewistown District,Lewistown,EVI,3481.213019829334
2006-06-18T06:00:00Z,blm_lewistown_Lewistown District,Lewistown,NDVI,5741.9943518964765
2006-06-18T06:00:00Z,blm_missoula_Missoula District,Missoula,EVI,3518.5519835161635
2006-06-18T06:00:00Z,blm_missoula_Missoula District,Missoula,NDVI,6810.139942318573
2006-06-18T06:00:00Z,blm_butte_Butte District,Butte,EVI,3184.657588561536
2006-06-18T06:00:00Z,blm_butte_Butte District,Butte,NDVI,5802.552067851063
2006-06-18T06:00:00Z,blm_dillon_Dillon District,Dillon,EVI,3109.046547254212
2006-06-18T06:00:00Z,blm_dillon_Dillon District,Dillon,NDVI,5247.058766111179
2006-07-04T06:00:00Z,blm_billings_Billings District,Billings,EVI,2150.3697093250794
2006-07-04T06:00:00Z,blm_billings_Billings District,Billings,NDVI,3711.2653413672188
2006-07-04T06:00:00Z,blm_miles-city_Miles City District,Miles City,EVI,2111.2877896474433
2006-07-04T06:00:00Z,blm_miles-city_Miles City District,Miles City,NDVI,3432.517295292829
2006-07-04T06:00:00Z,blm_malta_Malta District,Malta,EVI,2249.0712766717893
2006-07-04T06:00:00Z,blm_malta_Malta District,Malta,NDVI,3741.116987439956
2006-07-04T06:00:00Z,blm_lewistown_Lewistown District,Lewistown,EVI,2952.450128135978
2006-07-04T06:00:00Z,blm_lewistown_Lewistown District,Lewistown,NDVI,5079.710839792948
2006-07-04T06:00:00Z,blm_missoula_Missoula District,Missoula,EVI,3601.0343092055377
2006-07-04T06:00:00Z,blm_missoula_Missoula District,Missoula,NDVI,6867.325624816761
2006-07-04T06:00:00Z,blm_butte_Butte District,Butte,EVI,3049.0774782762683
2006-07-04T06:00:00Z,blm_butte_Butte District,Butte,NDVI,5663.6492483412785
2006-07-04T06:00:00Z,blm_dillon_Dillon District,Dillon,EVI,3080.8903504981827
2006-07-04T06:00:00Z,blm_dillon_Dillon District,Dillon,NDVI,5308.100346607314
2006-07-20T06:00:00Z,blm_billings_Billings District,Billings,EVI,1915.6363562128745
2006-07-20T06:00:00Z,blm_billings_Billings District,Billings,NDVI,3193.619700759438
2006-07-20T06:00:00Z,blm_miles-city_Miles City District,Miles City,EVI,1821.8465337672374
2006-07-20T06:00:00Z,blm_miles-city_Miles City District,Miles City,NDVI,2960.597737707509
2006-07-20T06:00:00Z,blm_malta_Malta District,Malta,EVI,1887.355512888751
2006-07-20T06:00:00Z,blm_malta_Malta District,Malta,NDVI,3079.1491941702175
2006-07-20T06:00:00Z,blm_lewistown_Lewistown District,Lewistown,EVI,2463.477923000769
2006-07-20T06:00:00Z,blm_lewistown_Lewistown District,Lewistown,NDVI,4242.530129622168
2006-07-20T06:00:00Z,blm_missoula_Missoula District,Missoula,EVI,3213.8718158673055
2006-07-20T06:00:00Z,blm_missoula_Missoula District,Missoula,NDVI,6597.14140289272
2006-07-20T06:00:00Z,blm_butte_Butte District,Butte,EVI,2666.0466647890566
2006-07-20T06:00:00Z,blm_butte_Butte District,Butte,NDVI,5135.6521766114365
2006-07-20T06:00:00Z,blm_dillon_Dillon District,Dillon,EVI,2628.290567838797
2006-07-20T06:00:00Z,blm_dillon_Dillon District,Dillon,NDVI,4869.257161954568
2006-08-05T06:00:00Z,blm_billings_Billings District,Billings,EVI,1780.3010814615045
2006-08-05T06:00:00Z,blm_billings_Billings District,Billings,NDVI,3049.053325460782
2006-08-05T06:00:00Z,blm_miles-city_Miles City District,Miles City,EVI,1635.6266316618032
2006-08-05T06:00:00Z,blm_miles-city_Miles City District,Miles City,NDVI,2760.9111747107854
2006-08-05T06:00:00Z,blm_malta_Malta District,Malta,EVI,1684.6082021155128
2006-08-05T06:00:00Z,blm_malta_Malta District,Malta,NDVI,2757.3130385130244
2006-08-05T06:00:00Z,blm_lewistown_Lewistown District,Lewistown,EVI,2199.890020823408
2006-08-05T06:00:00Z,blm_lewistown_Lewistown District,Lewistown,NDVI,3808.16650859561
2006-08-05T06:00:00Z,blm_missoula_Missoula District,Missoula,EVI,2943.7841144244226
2006-08-05T06:00:00Z,blm_missoula_Missoula District,Missoula,NDVI,6422.310728688576
2006-08-05T06:00:00Z,blm_butte_Butte District,Butte,EVI,2444.7705599219034
2006-08-05T06:00:00Z,blm_butte_Butte District,Butte,NDVI,4800.821612831301
2006-08-05T06:00:00Z,blm_dillon_Dillon District,Dillon,EVI,2406.459708741322
2006-08-05T06:00:00Z,blm_dillon_Dillon District,Dillon,NDVI,4494.9440833240615
2006-08-21T06:00:00Z,blm_billings_Billings District,Billings,EVI,1600.632260565106
2006-08-21T06:00:00Z,blm_billings_Billings District,Billings,NDVI,2851.1988706132975
2006-08-21T06:00:00Z,blm_miles-city_Miles City District,Miles City,EVI,1559.3310268485905
2006-08-21T06:00:00Z,blm_miles-city_Miles City District,Miles City,NDVI,2650.610099677858
2006-08-21T06:00:00Z,blm_malta_Malta District,Malta,EVI,1534.687270392155
2006-08-21T06:00:00Z,blm_malta_Malta District,Malta,NDVI,2589.3072884063204
2006-08-21T06:00:00Z,blm_lewistown_Lewistown District,Lewistown,EVI,1951.1213901272986
2006-08-21T06:00:00Z,blm_lewistown_Lewistown District,Lewistown,NDVI,3659.607682962238
2006-08-21T06:00:00Z,blm_missoula_Missoula District,Missoula,EVI,2890.5949000347805
2006-08-21T06:00:00Z,blm_missoula_Missoula District,Missoula,NDVI,6120.735637424262
2006-08-21T06:00:00Z,blm_butte_Butte District,Butte,EVI,2155.978250036639
2006-08-21T06:00:00Z,blm_butte_Butte District,Butte,NDVI,4470.255575405318
2006-08-21T06:00:00Z,blm_dillon_Dillon District,Dillon,EVI,2159.6060514117116
2006-08-21T06:00:00Z,blm_dillon_Dillon District,Dillon,NDVI,4149.311124461533
2006-09-06T06:00:00Z,blm_billings_Billings District,Billings,EVI,1424.0513995413119
2006-09-06T06:00:00Z,blm_billings_Billings District,Billings,NDVI,2801.58531887132
2006-09-06T06:00:00Z,blm_miles-city_Miles City District,Miles City,EVI,1514.9780672861516
2006-09-06T06:00:00Z,blm_miles-city_Miles City District,Miles City,NDVI,2513.8794333144183
2006-09-06T06:00:00Z,blm_malta_Malta District,Malta,EVI,1386.9373485819383
2006-09-06T06:00:00Z,blm_malta_Malta District,Malta,NDVI,2451.5704291676407
2006-09-06T06:00:00Z,blm_lewistown_Lewistown District,Lewistown,EVI,1752.1352548339826
2006-09-06T06:00:00Z,blm_lewistown_Lewistown District,Lewistown,NDVI,3454.8896053112103
2006-09-06T06:00:00Z,blm_missoula_Missoula District,Missoula,EVI,2766.0336201962455
2006-09-06T06:00:00Z,blm_missoula_Missoula District,Missoula,NDVI,5915.148901487772
2006-09-06T06:00:00Z,blm_butte_Butte District,Butte,EVI,2020.5658114925868
2006-09-06T06:00:00Z,blm_butte_Butte District,Butte,NDVI,4387.893096824815
2006-09-06T06:00:00Z,blm_dillon_Dillon District,Dillon,EVI,1978.3263006132138
2006-09-06T06:00:00Z,blm_dillon_Dillon District,Dillon,NDVI,3780.2059772445355
2006-09-22T06:00:00Z,blm_billings_Billings District,Billings,EVI,1626.705410142639
2006-09-22T06:00:00Z,blm_billings_Billings District,Billings,NDVI,2942.566056511681
2006-09-22T06:00:00Z,blm_miles-city_Miles City District,Miles City,EVI,1434.1485505515766
2006-09-22T06:00:00Z,blm_miles-city_Miles City District,Miles City,NDVI,2646.5529110938837
2006-09-22T06:00:00Z,blm_malta_Malta District,Malta,EVI,1421.0842545987202
2006-09-22T06:00:00Z,blm_malta_Malta District,Malta,NDVI,2579.040742037606
2006-09-22T06:00:00Z,blm_lewistown_Lewistown District,Lewistown,EVI,1809.6673619936694
2006-09-22T06:00:00Z,blm_lewistown_Lewistown District,Lewistown,NDVI,3620.603658009305
2006-09-22T06:00:00Z,blm_missoula_Missoula District,Missoula,EVI,2377.770631766227
2006-09-22T06:00:00Z,blm_missoula_Missoula District,Missoula,NDVI,6080.351836384612
2006-09-22T06:00:00Z,blm_butte_Butte District,Butte,EVI,1939.012627581907
2006-09-22T06:00:00Z,blm_butte_Butte District,Butte,NDVI,4429.641069816715
2006-09-22T06:00:00Z,blm_dillon_Dillon District,Dillon,EVI,1863.1684152458054
2006-09-22T06:00:00Z,blm_dillon_Dillon District,Dillon,NDVI,3923.3992738171964
2006-10-08T06:00:00Z,blm_billings_Billings District,Billings,EVI,1719.2962587605575
2006-10-08T06:00:00Z,blm_billings_Billings District,Billings,NDVI,3479.742394803605
2006-10-08T06:00:00Z,blm_miles-city_Miles City District,Miles City,EVI,1421.712270690814
2006-10-08T06:00:00Z,blm_miles-city_Miles City District,Miles City,NDVI,2775.6403284530984
2006-10-08T06:00:00Z,blm_malta_Malta District,Malta,EVI,1417.037390928925
2006-10-08T06:00:00Z,blm_malta_Malta District,Malta,NDVI,2724.3591532540904
2006-10-08T06:00:00Z,blm_lewistown_Lewistown District,Lewistown,EVI,1895.2969482729782
2006-10-08T06:00:00Z,blm_lewistown_Lewistown District,Lewistown,NDVI,3734.2401658845847
2006-10-08T06:00:00Z,blm_missoula_Missoula District,Missoula,EVI,2303.6737480107186
2006-10-08T06:00:00Z,blm_missoula_Missoula District,Missoula,NDVI,5777.187809868266
2006-10-08T06:00:00Z,blm_butte_Butte District,Butte,EVI,1997.8062989509813
2006-10-08T06:00:00Z,blm_butte_Butte District,Butte,NDVI,4372.238107267364
2006-10-08T06:00:00Z,blm_dillon_Dillon District,Dillon,EVI,1811.3858376546882
2006-10-08T06:00:00Z,blm_dillon_Dillon District,Dillon,NDVI,3769.762182996174
2006-10-24T06:00:00Z,blm_billings_Billings District,Billings,EVI,1646.1816101150496
2006-10-24T06:00:00Z,blm_billings_Billings District,Billings,NDVI,3371.2265989604825
2006-10-24T06:00:00Z,blm_miles-city_Miles City District,Miles City,EVI,1342.4440521770246
2006-10-24T06:00:00Z,blm_miles-city_Miles City District,Miles City,NDVI,2673.2538335757345
2006-10-24T06:00:00Z,blm_malta_Malta District,Malta,EVI,1301.8650864963754
2006-10-24T06:00:00Z,blm_malta_Malta District,Malta,NDVI,2479.5998197267754
2006-10-24T06:00:00Z,blm_lewistown_Lewistown District,Lewistown,EVI,1617.444849394175
2006-10-24T06:00:00Z,blm_lewistown_Lewistown District,Lewistown,NDVI,3276.4774884839358
2006-10-24T06:00:00Z,blm_missoula_Missoula District,Missoula,EVI,2356.641889281178
2006-10-24T06:00:00Z,blm_missoula_Missoula District,Missoula,NDVI,5215.726954767757
2006-10-24T06:00:00Z,blm_butte_Butte District,Butte,EVI,1768.4956927514475
2006-10-24T06:00:00Z,blm_butte_Butte District,Butte,NDVI,3948.077565551093
2006-10-24T06:00:00Z,blm_dillon_Dillon District,Dillon,EVI,1707.0578686224462
2006-10-24T06:00:00Z,blm_dillon_Dillon District,Dillon,NDVI,3485.734921648212
2006-11-09T07:00:00Z,blm_billings_Billings District,Billings,EVI,1609.0450030176778
2006-11-09T07:00:00Z,blm_billings_Billings District,Billings,NDVI,3129.52125557262
2006-11-09T07:00:00Z,blm_miles-city_Miles City District,Miles City,EVI,1306.2347201219368
2006-11-09T07:00:00Z,blm_miles-city_Miles City District,Miles City,NDVI,2572.7078733433677
2006-11-09T07:00:00Z,blm_malta_Malta District,Malta,EVI,1286.964029342586
2006-11-09T07:00:00Z,blm_malta_Malta District,Malta,NDVI,2370.968750259168
2006-11-09T07:00:00Z,blm_lewistown_Lewistown District,Lewistown,EVI,1635.6929121974185
2006-11-09T07:00:00Z,blm_lewistown_Lewistown District,Lewistown,NDVI,3265.8629704328187
2006-11-09T07:00:00Z,blm_missoula_Missoula District,Missoula,EVI,2340.204701614126
2006-11-09T07:00:00Z,blm_missoula_Missoula District,Missoula,NDVI,4972.804134252577
2006-11-09T07:00:00Z,blm_butte_Butte District,Butte,EVI,1659.6866061555868
2006-11-09T07:00:00Z,blm_butte_Butte District,Butte,NDVI,3656.417006344267
2006-11-09T07:00:00Z,blm_dillon_Dillon District,Dillon,EVI,1436.1862664830649
2006-11-09T07:00:00Z,blm_dillon_Dillon District,Dillon,NDVI,2761.3148091342814
2006-11-25T07:00:00Z,blm_billings_Billings District,Billings,EVI,1466.0889034555978
2006-11-25T07:00:00Z,blm_billings_Billings District,Billings,NDVI,2871.814705495375
2006-11-25T07:00:00Z,blm_miles-city_Miles City District,Miles City,EVI,1273.8287582648786
2006-11-25T07:00:00Z,blm_miles-city_Miles City District,Miles City,NDVI,2473.296196308833
2006-11-25T07:00:00Z,blm_malta_Malta District,Malta,EVI,1084.3259291551253
2006-11-25T07:00:00Z,blm_malta_Malta District,Malta,NDVI,2055.7635938828817
2006-11-25T07:00:00Z,blm_lewistown_Lewistown District,Lewistown,EVI,1390.2137437669626
2006-11-25T07:00:00Z,blm_lewistown_Lewistown District,Lewistown,NDVI,2542.710962503241
2006-11-25T07:00:00Z,blm_missoula_Missoula District,Missoula,EVI,1442.0986372033042
2006-11-25T07:00:00Z,blm_missoula_Missoula District,Missoula,NDVI,5185.005977484228
2006-11-25T07:00:00Z,blm_butte_Butte District,Butte,EVI,1042.2345269301181
2006-11-25T07:00:00Z,blm_butte_Butte District,Butte,NDVI,2640.9931014293225
2006-11-25T07:00:00Z,blm_dillon_Dillon District,Dillon,EVI,1276.7719479848217
2006-11-25T07:00:00Z,blm_dillon_Dillon District,Dillon,NDVI,2218.352377961771
2006-12-11T07:00:00Z,blm_billings_Billings District,Billings,EVI,1455.0119265781223
2006-12-11T07:00:00Z,blm_billings_Billings District,Billings,NDVI,2820.6934250134946
2006-12-11T07:00:00Z,blm_miles-city_Miles City District,Miles City,EVI,1175.5541769479507
2006-12-11T07:00:00Z,blm_miles-city_Miles City District,Miles City,NDVI,2251.2550308928094
2006-12-11T07:00:00Z,blm_malta_Malta District,Malta,EVI,1088.0235125811796
2006-12-11T07:00:00Z,blm_malta_Malta District,Malta,NDVI,1890.1202772980812
2006-12-11T07:00:00Z,blm_lewistown_Lewistown District,Lewistown,EVI,1352.1372513511576
2006-12-11T07:00:00Z,blm_lewistown_Lewistown District,Lewistown,NDVI,2450.7624200853375
2006-12-11T07:00:00Z,blm_missoula_Missoula District,Missoula,EVI,1936.1423568102707
2006-12-11T07:00:00Z,blm_missoula_Missoula District,Missoula,NDVI,3933.7578132340104
2006-12-11T07:00:00Z,blm_butte_Butte District,Butte,EVI,1366.272991817297
2006-12-11T07:00:00Z,blm_butte_Butte District,Butte,NDVI,2450.5051233875943
2006-12-11T07:00:00Z,blm_dillon_Dillon District,Dillon,EVI,1198.9320904897247
2006-12-11T07:00:00Z,blm_dillon_Dillon District,Dillon,NDVI,2003.427439378003
2006-12-27T07:00:00Z,blm_billings_Billings District,Billings,EVI,1315.6661037520328
2006-12-27T07:00:00Z,blm_billings_Billings District,Billings,NDVI,2378.5386148919315
2006-12-27T07:00:00Z,blm_miles-city_Miles City District,Miles City,EVI,1177.264753485191
2006-12-27T07:00:00Z,blm_miles-city_Miles City District,Miles City,NDVI,2216.368857889724
2006-12-27T07:00:00Z,blm_malta_Malta District,Malta,EVI,1100.9530839148583
2006-12-27T07:00:00Z,blm_malta_Malta District,Malta,NDVI,1921.090393597207
2006-12-27T07:00:00Z,blm_lewistown_Lewistown District,Lewistown,EVI,1321.9472161474605
2006-12-27T07:00:00Z,blm_lewistown_Lewistown District,Lewistown,NDVI,2319.9583896426625
2006-12-27T07:00:00Z,blm_missoula_Missoula District,Missoula,EVI,1838.5784407513324
2006-12-27T07:00:00Z,blm_missoula_Missoula District,Missoula,NDVI,3553.593327992982
2006-12-27T07:00:00Z,blm_butte_Butte District,Butte,EVI,1296.357995786794
2006-12-27T07:00:00Z,blm_butte_Butte District,Butte,NDVI,2318.922142338475
2006-12-27T07:00:00Z,blm_dillon_Dillon District,Dillon,EVI,1349.5924658411463
2006-12-27T07:00:00Z,blm_dillon_Dillon District,Dillon,NDVI,2338.401578321081
2007-01-09T07:00:00Z,blm_billings_Billings District,Billings,EVI,1216.4456252378777
2007-01-09T07:00:00Z,blm_billings_Billings District,Billings,NDVI,2302.7070350802055
2007-01-09T07:00:00Z,blm_miles-city_Miles City District,Miles City,EVI,1083.6287912230741
2007-01-09T07:00:00Z,blm_miles-city_Miles City District,Miles City,NDVI,2004.3818130964517
2007-01-09T07:00:00Z,blm_malta_Malta District,Malta,EVI,1023.3054812462706
2007-01-09T07:00:00Z,blm_malta_Malta District,Malta,NDVI,1947.2533872585227
2007-01-09T07:00:00Z,blm_lewistown_Lewistown District,Lewistown,EVI,1198.4850561337453
2007-01-09T07:00:00Z,blm_lewistown_Lewistown District,Lewistown,NDVI,2142.9383132449084
2007-01-09T07:00:00Z,blm_missoula_Missoula District,Missoula,EVI,1714.045836309957
2007-01-09T07:00:00Z,blm_missoula_Missoula District,Missoula,NDVI,3198.656122944303
2007-01-09T07:00:00Z,blm_butte_Butte District,Butte,EVI,1243.3143960953819
2007-01-09T07:00:00Z,blm_butte_Butte District,Butte,NDVI,2329.7568167372006
2007-01-09T07:00:00Z,blm_dillon_Dillon District,Dillon,EVI,1181.2492155156442
2007-01-09T07:00:00Z,blm_dillon_Dillon District,Dillon,NDVI,1936.0710890129078
2007-01-25T07:00:00Z,blm_billings_Billings District,Billings,EVI,1224.6846863921794
2007-01-25T07:00:00Z,blm_billings_Billings District,Billings,NDVI,2307.9312546151396
2007-01-25T07:00:00Z,blm_miles-city_Miles City District,Miles City,EVI,1078.0430980826275
2007-01-25T07:00:00Z,blm_miles-city_Miles City District,Miles City,NDVI,2070.661795565875
2007-01-25T07:00:00Z,blm_malta_Malta District,Malta,EVI,1043.2050664538049
2007-01-25T07:00:00Z,blm_malta_Malta District,Malta,NDVI,1880.1355278057854
2007-01-25T07:00:00Z,blm_lewistown_Lewistown District,Lewistown,EVI,1285.9587718601376
2007-01-25T07:00:00Z,blm_lewistown_Lewistown District,Lewistown,NDVI,2199.783601864905
2007-01-25T07:00:00Z,blm_missoula_Missoula District,Missoula,EVI,1602.1599297843234
2007-01-25T07:00:00Z,blm_missoula_Missoula District,Missoula,NDVI,3289.6527697566494
2007-01-25T07:00:00Z,blm_butte_Butte District,Butte,EVI,1309.9163627520618
2007-01-25T07:00:00Z,blm_butte_Butte District,Butte,NDVI,2334.987558716682
2007-01-25T07:00:00Z,blm_dillon_Dillon District,Dillon,EVI,1177.4063872558886
2007-01-25T07:00:00Z,blm_dillon_Dillon District,Dillon,NDVI,1896.5146882957258
2007-02-10T07:00:00Z,blm_billings_Billings District,Billings,EVI,1171.5737387996276
2007-02-10T07:00:00Z,blm_billings_Billings District,Billings,NDVI,2284.1548617658027
2007-02-10T07:00:00Z,blm_miles-city_Miles City District,Miles City,EVI,987.8317548745858
2007-02-10T07:00:00Z,blm_miles-city_Miles City District,Miles City,NDVI,1902.072872915318
2007-02-10T07:00:00Z,blm_malta_Malta District,Malta,EVI,1032.2436173344936
2007-02-10T07:00:00Z,blm_malta_Malta District,Malta,NDVI,1908.9448570991067
2007-02-10T07:00:00Z,blm_lewistown_Lewistown District,Lewistown,EVI,1112.4650313881202
2007-02-10T07:00:00Z,blm_lewistown_Lewistown District,Lewistown,NDVI,2037.8479146084426
2007-02-10T07:00:00Z,blm_missoula_Missoula District,Missoula,EVI,1696.6793772127542
2007-02-10T07:00:00Z,blm_missoula_Missoula District,Missoula,NDVI,3378.8718069388256
2007-02-10T07:00:00Z,blm_butte_Butte District,Butte,EVI,1251.6487277559513
2007-02-10T07:00:00Z,blm_butte_Butte District,Butte,NDVI,2125.62915678546
2007-02-10T07:00:00Z,blm_dillon_Dillon District,Dillon,EVI,1250.200464705441
2007-02-10T07:00:00Z,blm_dillon_Dillon District,Dillon,NDVI,1871.2685931868612
2007-02-26T07:00:00Z,blm_billings_Billings District,Billings,EVI,1205.4282258467424
2007-02-26T07:00:00Z,blm_billings_Billings District,Billings,NDVI,2343.0656343682163
2007-02-26T07:00:00Z,blm_miles-city_Miles City District,Miles City,EVI,1003.7891003795987
2007-02-26T07:00:00Z,blm_miles-city_Miles City District,Miles City,NDVI,2022.2259767410462
2007-02-26T07:00:00Z,blm_malta_Malta District,Malta,EVI,1099.6725786696547
2007-02-26T07:00:00Z,blm_malta_Malta District,Malta,NDVI,2071.9124967082867
2007-02-26T07:00:00Z,blm_lewistown_Lewistown District,Lewistown,EVI,1211.521669405701
2007-02-26T07:00:00Z,blm_lewistown_Lewistown District,Lewistown,NDVI,2287.8745712209156
2007-02-26T07:00:00Z,blm_missoula_Missoula District,Missoula,EVI,1717.5000255944672
2007-02-26T07:00:00Z,blm_missoula_Missoula District,Missoula,NDVI,3837.442221961144
2007-02-26T07:00:00Z,blm_butte_Butte District,Butte,EVI,1260.9747728960497
2007-02-26T07:00:00Z,blm_butte_Butte District,Butte,NDVI,2358.255596540886
2007-02-26T07:00:00Z,blm_dillon_Dillon District,Dillon,EVI,1202.9244611490099
2007-02-26T07:00:00Z,blm_dillon_Dillon District,Dillon,NDVI,2031.245167791021
2007-03-14T06:00:00Z,blm_billings_Billings District,Billings,EVI,1589.824617054214
2007-03-14T06:00:00Z,blm_billings_Billings District,Billings,NDVI,2931.167138933094
2007-03-14T06:00:00Z,blm_miles-city_Miles City District,Miles City,EVI,1249.5657610793812
2007-03-14T06:00:00Z,blm_miles-city_Miles City District,Miles City,NDVI,2272.2597707616324
2007-03-14T06:00:00Z,blm_malta_Malta District,Malta,EVI,1203.1000673564133
2007-03-14T06:00:00Z,blm_malta_Malta District,Malta,NDVI,2225.636079242889
2007-03-14T06:00:00Z,blm_lewistown_Lewistown District,Lewistown,EVI,1560.1180873064159
2007-03-14T06:00:00Z,blm_lewistown_Lewistown District,Lewistown,NDVI,2819.7303566878395
2007-03-14T06:00:00Z,blm_missoula_Missoula District,Missoula,EVI,2131.600413640545
2007-03-14T06:00:00Z,blm_missoula_Missoula District,Missoula,NDVI,5030.346881523594
2007-03-14T06:00:00Z,blm_butte_Butte District,Butte,EVI,1665.4240745438608
2007-03-14T06:00:00Z,blm_butte_Butte District,Butte,NDVI,3185.515263339668
2007-03-14T06:00:00Z,blm_dillon_Dillon District,Dillon,EVI,1407.8998942047992
2007-03-14T06:00:00Z,blm_dillon_Dillon District,Dillon,NDVI,2459.6906185269977
2007-03-30T06:00:00Z,blm_billings_Billings District,Billings,EVI,1702.4552563111085
2007-03-30T06:00:00Z,blm_billings_Billings District,Billings,NDVI,3018.031369370463
2007-03-30T06:00:00Z,blm_miles-city_Miles City District,Miles City,EVI,1328.8759815421743
2007-03-30T06:00:00Z,blm_miles-city_Miles City District,Miles City,NDVI,2430.3490460782423
2007-03-30T06:00:00Z,blm_malta_Malta District,Malta,EVI,1319.7940287386043
2007-03-30T06:00:00Z,blm_malta_Malta District,Malta,NDVI,2327.654501350882
2007-03-30T06:00:00Z,blm_lewistown_Lewistown District,Lewistown,EVI,1614.4293260878667
2007-03-30T06:00:00Z,blm_lewistown_Lewistown District,Lewistown,NDVI,2779.6632282327782
2007-03-30T06:00:00Z,blm_missoula_Missoula District,Missoula,EVI,2352.425891279627
2007-03-30T06:00:00Z,blm_missoula_Missoula District,Missoula,NDVI,5029.874178505399
2007-03-30T06:00:00Z,blm_butte_Butte District,Butte,EVI,1822.2875155145407
2007-03-30T06:00:00Z,blm_butte_Butte District,Butte,NDVI,3383.9125280804387
2007-03-30T06:00:00Z,blm_dillon_Dillon District,Dillon,EVI,1584.3189008707668
2007-03-30T06:00:00Z,blm_dillon_Dillon District,Dillon,NDVI,2771.4622219116436
2007-04-15T06:00:00Z,blm_billings_Billings District,Billings,EVI,2251.0312374630794
2007-04-15T06:00:00Z,blm_billings_Billings District,Billings,NDVI,3841.7052598562377
2007-04-15T06:00:00Z,blm_miles-city_Miles City District,Miles City,EVI,1835.832290759639
2007-04-15T06:00:00Z,blm_miles-city_Miles City District,Miles City,NDVI,3120.9730777145433
2007-04-15T06:00:00Z,blm_malta_Malta District,Malta,EVI,1677.4762385259971
2007-04-15T06:00:00Z,blm_malta_Malta District,Malta,NDVI,2859.7998242464764
2007-04-15T06:00:00Z,blm_lewistown_Lewistown District,Lewistown,EVI,1990.312858103278
2007-04-15T06:00:00Z,blm_lewistown_Lewistown District,Lewistown,NDVI,3428.530229802592
2007-04-15T06:00:00Z,blm_missoula_Missoula District,Missoula,EVI,2514.41966694049
2007-04-15T06:00:00Z,blm_missoula_Missoula District,Missoula,NDVI,5339.701225098853
2007-04-15T06:00:00Z,blm_butte_Butte District,Butte,EVI,1984.871751781239
2007-04-15T06:00:00Z,blm_butte_Butte District,Butte,NDVI,3906.4513949256598
2007-04-15T06:00:00Z,blm_dillon_Dillon District,Dillon,EVI,1748.0540732353215
2007-04-15T06:00:00Z,blm_dillon_Dillon District,Dillon,NDVI,3192.0629705885776
2007-05-01T06:00:00Z,blm_billings_Billings District,Billings,EVI,2780.516345012844
2007-05-01T06:00:00Z,blm_billings_Billings District,Billings,NDVI,4617.335550702933
2007-05-01T06:00:00Z,blm_miles-city_Miles City District,Miles City,EVI,2259.857356141645
2007-05-01T06:00:00Z,blm_miles-city_Miles City District,Miles City,NDVI,3816.773781243233
2007-05-01T06:00:00Z,blm_malta_Malta District,Malta,EVI,2158.031336388994
2007-05-01T06:00:00Z,blm_malta_Malta District,Malta,NDVI,3533.9442370317556
2007-05-01T06:00:00Z,blm_lewistown_Lewistown District,Lewistown,EVI,2684.8352856529277
2007-05-01T06:00:00Z,blm_lewistown_Lewistown District,Lewistown,NDVI,4488.28253679345
2007-05-01T06:00:00Z,blm_missoula_Missoula District,Missoula,EVI,3083.023175852741
2007-05-01T06:00:00Z,blm_missoula_Missoula District,Missoula,NDVI,5961.138752268147
2007-05-01T06:00:00Z,blm_butte_Butte District,Butte,EVI,2463.5201247989985
2007-05-01T06:00:00Z,blm_butte_Butte District,Butte,NDVI,4699.5900797224185
2007-05-01T06:00:00Z,blm_dillon_Dillon District,Dillon,EVI,2365.2278029846357
2007-05-01T06:00:00Z,blm_dillon_Dillon District,Dillon,NDVI,4286.050410292939
2007-05-17T06:00:00Z,blm_billings_Billings District,Billings,EVI,3332.437456843877
2007-05-17T06:00:00Z,blm_billings_Billings District,Billings,NDVI,5180.56829080307
2007-05-17T06:00:00Z,blm_miles-city_Miles City District,Miles City,EVI,2839.304984080454
2007-05-17T06:00:00Z,blm_miles-city_Miles City District,Miles City,NDVI,4648.48591744636
2007-05-17T06:00:00Z,blm_malta_Malta District,Malta,EVI,2566.028580820365
2007-05-17T06:00:00Z,blm_malta_Malta District,Malta,NDVI,4275.300266670577
2007-05-17T06:00:00Z,blm_lewistown_Lewistown District,Lewistown,EVI,3122.8137344296083
2007-05-17T06:00:00Z,blm_lewistown_Lewistown District,Lewistown,NDVI,5324.437480094183
2007-05-17T06:00:00Z,blm_missoula_Missoula District,Missoula,EVI,3104.554977384378
2007-05-17T06:00:00Z,blm_missoula_Missoula District,Missoula,NDVI,6502.398096994925
2007-05-17T06:00:00Z,blm_butte_Butte District,Butte,EVI,2849.9432308089827
2007-05-17T06:00:00Z,blm_butte_Butte District,Butte,NDVI,5327.429871597121
2007-05-17T06:00:00Z,blm_dillon_Dillon District,Dillon,EVI,2672.1987783997115
2007-05-17T06:00:00Z,blm_dillon_Dillon District,Dillon,NDVI,5040.121858425718
2007-06-02T06:00:00Z,blm_billings_Billings District,Billings,EVI,3347.871919845702
2007-06-02T06:00:00Z,blm_billings_Billings District,Billings,NDVI,5393.755949095612
2007-06-02T06:00:00Z,blm_miles-city_Miles City District,Miles City,EVI,3112.871694272996
2007-06-02T06:00:00Z,blm_miles-city_Miles City District,Miles City,NDVI,4986.097432229181
2007-06-02T06:00:00Z,blm_malta_Malta District,Malta,EVI,3052.492250916129
2007-06-02T06:00:00Z,blm_malta_Malta District,Malta,NDVI,4842.99749893745
2007-06-02T06:00:00Z,blm_lewistown_Lewistown District,Lewistown,EVI,3660.6059454260076
2007-06-02T06:00:00Z,blm_lewistown_Lewistown District,Lewistown,NDVI,5794.799183350886
2007-06-02T06:00:00Z,blm_missoula_Missoula District,Missoula,EVI,3487.8757676065898
2007-06-02T06:00:00Z,blm_missoula_Missoula District,Missoula,NDVI,6461.120691029003
2007-06-02T06:00:00Z,blm_butte_Butte District,Butte,EVI,3161.3948530565167
2007-06-02T06:00:00Z,blm_butte_Butte District,Butte,NDVI,5599.818555076903
2007-06-02T06:00:00Z,blm_dillon_Dillon District,Dillon,EVI,3016.5713559477026
2007-06-02T06:00:00Z,blm_dillon_Dillon District,Dillon,NDVI,5384.412618241822
2007-06-18T06:00:00Z,blm_billings_Billings District,Billings,EVI,3009.5849477306424
2007-06-18T06:00:00Z,blm_billings_Billings District,Billings,NDVI,4956.674508348558
2007-06-18T06:00:00Z,blm_miles-city_Miles City District,Miles City,EVI,3100.7425081475353
2007-06-18T06:00:00Z,blm_miles-city_Miles City District,Miles City,NDVI,4986.076185185596
2007-06-18T06:00:00Z,blm_malta_Malta District,Malta,EVI,2819.8039307784475
2007-06-18T06:00:00Z,blm_malta_Malta District,Malta,NDVI,4542.614991789778
2007-06-18T06:00:00Z,blm_lewistown_Lewistown District,Lewistown,EVI,3372.938817840692
2007-06-18T06:00:00Z,blm_lewistown_Lewistown District,Lewistown,NDVI,5611.744083323808
2007-06-18T06:00:00Z,blm_missoula_Missoula District,Missoula,EVI,3270.4349108430647
2007-06-18T06:00:00Z,blm_missoula_Missoula District,Missoula,NDVI,6865.163929898449
2007-06-18T06:00:00Z,blm_butte_Butte District,Butte,EVI,3003.9425354998957
2007-06-18T06:00:00Z,blm_butte_Butte District,Butte,NDVI,5613.306179497806
2007-06-18T06:00:00Z,blm_dillon_Dillon District,Dillon,EVI,2853.273682576412
2007-06-18T06:00:00Z,blm_dillon_Dillon District,Dillon,NDVI,5237.960299231066
2007-07-04T06:00:00Z,blm_billings_Billings District,Billings,EVI,2451.846847693898
2007-07-04T06:00:00Z,blm_billings_Billings District,Billings,NDVI,4169.293885509028
2007-07-04T06:00:00Z,blm_miles-city_Miles City District,Miles City,EVI,2566.729180541972
2007-07-04T06:00:00Z,blm_miles-city_Miles City District,Miles City,NDVI,4281.791586456813
2007-07-04T06:00:00Z,blm_malta_Malta District,Malta,EVI,2413.8597217559095
2007-07-04T06:00:00Z,blm_malta_Malta District,Malta,NDVI,3979.6890764537998
2007-07-04T06:00:00Z,blm_lewistown_Lewistown District,Lewistown,EVI,2782.5239093526257
2007-07-04T06:00:00Z,blm_lewistown_Lewistown District,Lewistown,NDVI,4833.398816531831
2007-07-04T06:00:00Z,blm_missoula_Missoula District,Missoula,EVI,3453.8214221239227
2007-07-04T06:00:00Z,blm_missoula_Missoula District,Missoula,NDVI,6584.864430190683
2007-07-04T06:00:00Z,blm_butte_Butte District,Butte,EVI,2736.646597731522
2007-07-04T06:00:00Z,blm_butte_Butte District,Butte,NDVI,5334.168521838313
2007-07-04T06:00:00Z,blm_dillon_Dillon District,Dillon,EVI,2665.1282480216373
2007-07-04T06:00:00Z,blm_dillon_Dillon District,Dillon,NDVI,4917.969150275319
2007-07-20T06:00:00Z,blm_billings_Billings District,Billings,EVI,2195.256714420766
2007-07-20T06:00:00Z,blm_billings_Billings District,Billings,NDVI,3538.271896458079
2007-07-20T06:00:00Z,blm_miles-city_Miles City District,Miles City,EVI,2082.9517396698416
2007-07-20T06:00:00Z,blm_miles-city_Miles City District,Miles City,NDVI,3503.4788148420475
2007-07-20T06:00:00Z,blm_malta_Malta District,Malta,EVI,1933.912929182048
2007-07-20T06:00:00Z,blm_malta_Malta District,Malta,NDVI,3140.7086179321063
2007-07-20T06:00:00Z,blm_lewistown_Lewistown District,Lewistown,EVI,2442.2335196581816
2007-07-20T06:00:00Z,blm_lewistown_Lewistown District,Lewistown,NDVI,3947.7880000927184
2007-07-20T06:00:00Z,blm_missoula_Missoula District,Missoula,EVI,3254.7805574206877
2007-07-20T06:00:00Z,blm_missoula_Missoula District,Missoula,NDVI,6464.617500221634
2007-07-20T06:00:00Z,blm_butte_Butte District,Butte,EVI,2620.7178888565554
2007-07-20T06:00:00Z,blm_butte_Butte District,Butte,NDVI,4750.472639307712
2007-07-20T06:00:00Z,blm_dillon_Dillon District,Dillon,EVI,2506.776764246165
2007-07-20T06:00:00Z,blm_dillon_Dillon District,Dillon,NDVI,4439.845401542001
2007-08-05T06:00:00Z,blm_billings_Billings District,Billings,EVI,1918.190084274711
2007-08-05T06:00:00Z,blm_billings_Billings District,Billings,NDVI,3400.1132692247243
2007-08-05T06:00:00Z,blm_miles-city_Miles City District,Miles City,EVI,1853.6111996246236
2007-08-05T06:00:00Z,blm_miles-city_Miles City District,Miles City,NDVI,3072.576760994043
2007-08-05T06:00:00Z,blm_malta_Malta District,Malta,EVI,1758.0985798991321
2007-08-05T06:00:00Z,blm_malta_Malta District,Malta,NDVI,2855.836338373803
2007-08-05T06:00:00Z,blm_lewistown_Lewistown District,Lewistown,EVI,2063.178166363114
2007-08-05T06:00:00Z,blm_lewistown_Lewistown District,Lewistown,NDVI,3670.4529810708477
2007-08-05T06:00:00Z,blm_missoula_Missoula District,Missoula,EVI,3053.6786426532085
2007-08-05T06:00:00Z,blm_missoula_Missoula District,Missoula,NDVI,6385.878001050054
2007-08-05T06:00:00Z,blm_butte_Butte District,Butte,EVI,2229.6535788829387
2007-08-05T06:00:00Z,blm_butte_Butte District,Butte,NDVI,4770.660855658229
2007-08-05T06:00:00Z,blm_dillon_Dillon District,Dillon,EVI,2234.6308160749954
2007-08-05T06:00:00Z,blm_dillon_Dillon District,Dillon,NDVI,4292.176408835475
2007-08-21T06:00:00Z,blm_billings_Billings District,Billings,EVI,1801.3938976754107
2007-08-21T06:00:00Z,blm_billings_Billings District,Billings,NDVI,3168.6145524490835
2007-08-21T06:00:00Z,blm_miles-city_Miles City District,Miles City,EVI,1710.512698475082
2007-08-21T06:00:00Z,blm_miles-city_Miles City District,Miles City,NDVI,2932.1769354752178
2007-08-21T06:00:00Z,blm_malta_Malta District,Malta,EVI,1647.07591349863
2007-08-21T06:00:00Z,blm_malta_Malta District,Malta,NDVI,2672.997778220374
2007-08-21T06:00:00Z,blm_lewistown_Lewistown District,Lewistown,EVI,1926.3681555240917
2007-08-21T06:00:00Z,blm_lewistown_Lewistown District,Lewistown,NDVI,3418.074452420541
2007-08-21T06:00:00Z,blm_missoula_Missoula District,Missoula,EVI,2691.056634253147
2007-08-21T06:00:00Z,blm_missoula_Missoula District,Missoula,NDVI,6188.759578636011
2007-08-21T06:00:00Z,blm_butte_Butte District,Butte,EVI,2086.815428797116
2007-08-21T06:00:00Z,blm_butte_Butte District,Butte,NDVI,4420.749304444863
2007-08-21T06:00:00Z,blm_dillon_Dillon District,Dillon,EVI,1996.2172910214297
2007-08-21T06:00:00Z,blm_dillon_Dillon District,Dillon,NDVI,4156.90918704862
2007-09-06T06:00:00Z,blm_billings_Billings District,Billings,EVI,1605.9909437947438
2007-09-06T06:00:00Z,blm_billings_Billings District,Billings,NDVI,3123.348114903629
2007-09-06T06:00:00Z,blm_miles-city_Miles City District,Miles City,EVI,1564.2130633540276
2007-09-06T06:00:00Z,blm_miles-city_Miles City District,Miles City,NDVI,2856.9986492149474
2007-09-06T06:00:00Z,blm_malta_Malta District,Malta,EVI,1488.8648620495749
2007-09-06T06:00:00Z,blm_malta_Malta District,Malta,NDVI,2618.6595950887977
2007-09-06T06:00:00Z,blm_lewistown_Lewistown District,Lewistown,EVI,1747.6332702152356
2007-09-06T06:00:00Z,blm_lewistown_Lewistown District,Lewistown,NDVI,3390.052402574261
2007-09-06T06:00:00Z,blm_missoula_Missoula District,Missoula,EVI,2556.2982990128985
2007-09-06T06:00:00Z,blm_missoula_Missoula District,Missoula,NDVI,5988.13913138916
2007-09-06T06:00:00Z,blm_butte_Butte District,Butte,EVI,1960.0535716943377
2007-09-06T06:00:00Z,blm_butte_Butte District,Butte,NDVI,4441.181483883023
2007-09-06T06:00:00Z,blm_dillon_Dillon District,Dillon,EVI,1944.6250278488114
2007-09-06T06:00:00Z,blm_dillon_Dillon District,Dillon,NDVI,4191.409341026723
2007-09-22T06:00:00Z,blm_billings_Billings District,Billings,EVI,1577.5813637585954
2007-09-22T06:00:00Z,blm_billings_Billings District,Billings,NDVI,3131.4306999297314
2007-09-22T06:00:00Z,blm_miles-city_Miles City District,Miles City,EVI,1416.407043894217
2007-09-22T06:00:00Z,blm_miles-city_Miles City District,Miles City,NDVI,2728.7516539328303
2007-09-22T06:00:00Z,blm_malta_Malta District,Malta,EVI,1359.73310710535
2007-09-22T06:00:00Z,blm_malta_Malta District,Malta,NDVI,2555.357971654245
2007-09-22T06:00:00Z,blm_lewistown_Lewistown District,Lewistown,EVI,1583.7327931611426
2007-09-22T06:00:00Z,blm_lewistown_Lewistown District,Lewistown,NDVI,3202.11205742328
2007-09-22T06:00:00Z,blm_missoula_Missoula District,Missoula,EVI,2224.214220266722
2007-09-22T06:00:00Z,blm_missoula_Missoula District,Missoula,NDVI,5634.748304306214
2007-09-22T06:00:00Z,blm_butte_Butte District,Butte,EVI,1875.6685042716106
2007-09-22T06:00:00Z,blm_butte_Butte District,Butte,NDVI,4437.93026819274
2007-09-22T06:00:00Z,blm_dillon_Dillon District,Dillon,EVI,1973.359742602503
2007-09-22T06:00:00Z,blm_dillon_Dillon District,Dillon,NDVI,3932.742687629681
2007-10-08T06:00:00Z,blm_billings_Billings District,Billings,EVI,1556.5551128252132
2007-10-08T06:00:00Z,blm_billings_Billings District,Billings,NDVI,3148.1747487120733
2007-10-08T06:00:00Z,blm_miles-city_Miles City District,Miles City,EVI,1297.9025225717864
2007-10-08T06:00:00Z,blm_miles-city_Miles City District,Miles City,NDVI,2560.9218528919923
2007-10-08T06:00:00Z,blm_malta_Malta District,Malta,EVI,1351.1410387825692
2007-10-08T06:00:00Z,blm_malta_Malta District,Malta,NDVI,2509.4004347674118
2007-10-08T06:00:00Z,blm_lewistown_Lewistown District,Lewistown,EVI,1572.4659765152173
2007-10-08T06:00:00Z,blm_lewistown_Lewistown District,Lewistown,NDVI,3365.071762249354
2007-10-08T06:00:00Z,blm_missoula_Missoula District,Missoula,EVI,2188.673715149594
2007-10-08T06:00:00Z,blm_missoula_Missoula District,Missoula,NDVI,5820.763600939221
2007-10-08T06:00:00Z,blm_butte_Butte District,Butte,EVI,1782.373838493845
2007-10-08T06:00:00Z,blm_butte_Butte District,Butte,NDVI,4481.751296619226
2007-10-08T06:00:00Z,blm_dillon_Dillon District,Dillon,EVI,1720.8495555243308
2007-10-08T06:00:00Z,blm_dillon_Dillon District,Dillon,NDVI,3922.9230779675427
2007-10-24T06:00:00Z,blm_billings_Billings District,Billings,EVI,1620.3132391443532
2007-10-24T06:00:00Z,blm_billings_Billings District,Billings,NDVI,3092.9380370180393
2007-10-24T06:00:00Z,blm_miles-city_Miles City District,Miles City,EVI,1260.8748957166822
2007-10-24T06:00:00Z,blm_miles-city_Miles City District,Miles City,NDVI,2475.979481590655
2007-10-24T06:00:00Z,blm_malta_Malta District,Malta,EVI,1318.9659975301545
2007-10-24T06:00:00Z,blm_malta_Malta District,Malta,NDVI,2414.9962697926526
2007-10-24T06:00:00Z,blm_lewistown_Lewistown District,Lewistown,EVI,1666.471989476537
2007-10-24T06:00:00Z,blm_lewistown_Lewistown District,Lewistown,NDVI,3226.5852083589425
2007-10-24T06:00:00Z,blm_missoula_Missoula District,Missoula,EVI,2123.403121165903
2007-10-24T06:00:00Z,blm_missoula_Missoula District,Missoula,NDVI,5594.617541765056
2007-10-24T06:00:00Z,blm_butte_Butte District,Butte,EVI,1867.5398485673932
2007-10-24T06:00:00Z,blm_butte_Butte District,Butte,NDVI,4256.407260680683
2007-10-24T06:00:00Z,blm_dillon_Dillon District,Dillon,EVI,1618.8750365189007
2007-10-24T06:00:00Z,blm_dillon_Dillon District,Dillon,NDVI,3642.3614637905252
2007-11-09T07:00:00Z,blm_billings_Billings District,Billings,EVI,1587.4227513292815
2007-11-09T07:00:00Z,blm_billings_Billings District,Billings,NDVI,2790.8515052343305
2007-11-09T07:00:00Z,blm_miles-city_Miles City District,Miles City,EVI,1224.868004831854
2007-11-09T07:00:00Z,blm_miles-city_Miles City District,Miles City,NDVI,2338.175779240309
2007-11-09T07:00:00Z,blm_malta_Malta District,Malta,EVI,1262.3505323617344
2007-11-09T07:00:00Z,blm_malta_Malta District,Malta,NDVI,2173.1822893877684
2007-11-09T07:00:00Z,blm_lewistown_Lewistown District,Lewistown,EVI,1536.560127249371
2007-11-09T07:00:00Z,blm_lewistown_Lewistown District,Lewistown,NDVI,2781.762673019402
2007-11-09T07:00:00Z,blm_missoula_Missoula District,Missoula,EVI,2060.8192571608947
2007-11-09T07:00:00Z,blm_missoula_Missoula District,Missoula,NDVI,5029.3114287511135
2007-11-09T07:00:00Z,blm_butte_Butte District,Butte,EVI,1946.6074302662519
2007-11-09T07:00:00Z,blm_butte_Butte District,Butte,NDVI,4061.911757722116
2007-11-09T07:00:00Z,blm_dillon_Dillon District,Dillon,EVI,1575.7727454547796
2007-11-09T07:00:00Z,blm_dillon_Dillon District,Dillon,NDVI,2796.9991785170987
2007-11-25T07:00:00Z,blm_billings_Billings District,Billings,EVI,1366.598440515499
2007-11-25T07:00:00Z,blm_billings_Billings District,Billings,NDVI,2531.0387709204033
2007-11-25T07:00:00Z,blm_miles-city_Miles City District,Miles City,EVI,1238.2787112851945
2007-11-25T07:00:00Z,blm_miles-city_Miles City District,Miles City,NDVI,2282.38109713236
2007-11-25T07:00:00Z,blm_malta_Malta District,Malta,EVI,1223.5687512012878
2007-11-25T07:00:00Z,blm_malta_Malta District,Malta,NDVI,2092.0938973898437
2007-11-25T07:00:00Z,blm_lewistown_Lewistown District,Lewistown,EVI,1296.650577122366
2007-11-25T07:00:00Z,blm_lewistown_Lewistown District,Lewistown,NDVI,2367.734936778323
2007-11-25T07:00:00Z,blm_missoula_Missoula District,Missoula,EVI,1934.8373859512071
2007-11-25T07:00:00Z,blm_missoula_Missoula District,Missoula,NDVI,4767.117888479936
2007-11-25T07:00:00Z,blm_butte_Butte District,Butte,EVI,1522.9277616216752
2007-11-25T07:00:00Z,blm_butte_Butte District,Butte,NDVI,3156.677002832655
2007-11-25T07:00:00Z,blm_dillon_Dillon District,Dillon,EVI,1414.0160538329335
2007-11-25T07:00:00Z,blm_dillon_Dillon District,Dillon,NDVI,2534.4491817700386
2007-12-11T07:00:00Z,blm_billings_Billings District,Billings,EVI,1322.9770603879058
2007-12-11T07:00:00Z,blm_billings_Billings District,Billings,NDVI,2476.539217989436
2007-12-11T07:00:00Z,blm_miles-city_Miles City District,Miles City,EVI,1162.7030499981731
2007-12-11T07:00:00Z,blm_miles-city_Miles City District,Miles City,NDVI,2171.216479796792
2007-12-11T07:00:00Z,blm_malta_Malta District,Malta,EVI,1142.4530561851464
2007-12-11T07:00:00Z,blm_malta_Malta District,Malta,NDVI,2007.6803292567786
2007-12-11T07:00:00Z,blm_lewistown_Lewistown District,Lewistown,EVI,1218.8585378237497
2007-12-11T07:00:00Z,blm_lewistown_Lewistown District,Lewistown,NDVI,2177.615829923607
2007-12-11T07:00:00Z,blm_missoula_Missoula District,Missoula,EVI,1981.6885001736377
2007-12-11T07:00:00Z,blm_missoula_Missoula District,Missoula,NDVI,3184.01276978586
2007-12-11T07:00:00Z,blm_butte_Butte District,Butte,EVI,1697.3102216496475
2007-12-11T07:00:00Z,blm_butte_Butte District,Butte,NDVI,3392.9282793028015
2007-12-11T07:00:00Z,blm_dillon_Dillon District,Dillon,EVI,1566.044181107615
2007-12-11T07:00:00Z,blm_dillon_Dillon District,Dillon,NDVI,2710.35534753658
2007-12-27T07:00:00Z,blm_billings_Billings District,Billings,EVI,1238.6071828792233
2007-12-27T07:00:00Z,blm_billings_Billings District,Billings,NDVI,2285.9121176285294
2007-12-27T07:00:00Z,blm_miles-city_Miles City District,Miles City,EVI,1092.3496859364766
2007-12-27T07:00:00Z,blm_miles-city_Miles City District,Miles City,NDVI,2025.443415695293
2007-12-27T07:00:00Z,blm_malta_Malta District,Malta,EVI,1090.1541340278263
2007-12-27T07:00:00Z,blm_malta_Malta District,Malta,NDVI,1940.1922298696556
2007-12-27T07:00:00Z,blm_lewistown_Lewistown District,Lewistown,EVI,1169.6529883332248
2007-12-27T07:00:00Z,blm_lewistown_Lewistown District,Lewistown,NDVI,2140.8036884525955
2007-12-27T07:00:00Z,blm_missoula_Missoula District,Missoula,EVI,1557.4766879048398
2007-12-27T07:00:00Z,blm_missoula_Missoula District,Missoula,NDVI,3179.355966635431
2007-12-27T07:00:00Z,blm_butte_Butte District,Butte,EVI,1180.0060564457854
2007-12-27T07:00:00Z,blm_butte_Butte District,Butte,NDVI,2589.4278023528286
2007-12-27T07:00:00Z,blm_dillon_Dillon District,Dillon,EVI,1125.2491713607797
2007-12-27T07:00:00Z,blm_dillon_Dillon District,Dillon,NDVI,1900.9780931336147
2008-01-09T07:00:00Z,blm_billings_Billings District,Billings,EVI,1228.9397772942887
2008-01-09T07:00:00Z,blm_billings_Billings District,Billings,NDVI,2166.168183639087
2008-01-09T07:00:00Z,blm_miles-city_Miles City District,Miles City,EVI,1087.1525281829774
2008-01-09T07:00:00Z,blm_miles-city_Miles City District,Miles City,NDVI,1942.440807731434
2008-01-09T07:00:00Z,blm_malta_Malta District,Malta,EVI,1075.5456025312824
2008-01-09T07:00:00Z,blm_malta_Malta District,Malta,NDVI,1903.019351830752
2008-01-09T07:00:00Z,blm_lewistown_Lewistown District,Lewistown,EVI,1152.5666802781332
2008-01-09T07:00:00Z,blm_lewistown_Lewistown District,Lewistown,NDVI,2071.494226517964
2008-01-09T07:00:00Z,blm_missoula_Missoula District,Missoula,EVI,1549.5750943677726
2008-01-09T07:00:00Z,blm_missoula_Missoula District,Missoula,NDVI,2959.814147085334
2008-01-09T07:00:00Z,blm_butte_Butte District,Butte,EVI,1479.1348997448772
2008-01-09T07:00:00Z,blm_butte_Butte District,Butte,NDVI,2947.9369490017393
2008-01-09T07:00:00Z,blm_dillon_Dillon District,Dillon,EVI,1278.7637138556856
2008-01-09T07:00:00Z,blm_dillon_Dillon District,Dillon,NDVI,2093.9941027939353
2008-01-25T07:00:00Z,blm_billings_Billings District,Billings,EVI,1056.9067521698612
2008-01-25T07:00:00Z,blm_billings_Billings District,Billings,NDVI,1677.2888125394218
2008-01-25T07:00:00Z,blm_miles-city_Miles City District,Miles City,EVI,1038.6782782617345
2008-01-25T07:00:00Z,blm_miles-city_Miles City District,Miles City,NDVI,1723.5776676314727
2008-01-25T07:00:00Z,blm_malta_Malta District,Malta,EVI,1071.9839918699995
2008-01-25T07:00:00Z,blm_malta_Malta District,Malta,NDVI,1668.0621902337475
2008-01-25T07:00:00Z,blm_lewistown_Lewistown District,Lewistown,EVI,1082.263716491244
2008-01-25T07:00:00Z,blm_lewistown_Lewistown District,Lewistown,NDVI,1686.292622772353
2008-01-25T07:00:00Z,blm_missoula_Missoula District,Missoula,EVI,NA
2008-01-25T07:00:00Z,blm_missoula_Missoula District,Missoula,NDVI,NA
2008-01-25T07:00:00Z,blm_butte_Butte District,Butte,EVI,1307.865112406328
2008-01-25T07:00:00Z,blm_butte_Butte District,Butte,NDVI,1881.8900915903414
2008-01-25T07:00:00Z,blm_dillon_Dillon District,Dillon,EVI,NA
2008-01-25T07:00:00Z,blm_dillon_Dillon District,Dillon,NDVI,NA
2008-02-10T07:00:00Z,blm_billings_Billings District,Billings,EVI,1137.4735687126426
2008-02-10T07:00:00Z,blm_billings_Billings District,Billings,NDVI,2017.5349072772906
2008-02-10T07:00:00Z,blm_miles-city_Miles City District,Miles City,EVI,1067.1159807425556
2008-02-10T07:00:00Z,blm_miles-city_Miles City District,Miles City,NDVI,1878.672091843068
2008-02-10T07:00:00Z,blm_malta_Malta District,Malta,EVI,974.4485905295863
2008-02-10T07:00:00Z,blm_malta_Malta District,Malta,NDVI,1681.176297605453
2008-02-10T07:00:00Z,blm_lewistown_Lewistown District,Lewistown,EVI,1023.7128701600511
2008-02-10T07:00:00Z,blm_lewistown_Lewistown District,Lewistown,NDVI,1749.9101909670544
2008-02-10T07:00:00Z,blm_missoula_Missoula District,Missoula,EVI,1664.5757374441905
2008-02-10T07:00:00Z,blm_missoula_Missoula District,Missoula,NDVI,3163.228274036088
2008-02-10T07:00:00Z,blm_butte_Butte District,Butte,EVI,1121.7834549499303
2008-02-10T07:00:00Z,blm_butte_Butte District,Butte,NDVI,1906.7364644231054
2008-02-10T07:00:00Z,blm_dillon_Dillon District,Dillon,EVI,1212.299686522296
2008-02-10T07:00:00Z,blm_dillon_Dillon District,Dillon,NDVI,1848.547320601023
2008-02-26T07:00:00Z,blm_billings_Billings District,Billings,EVI,1190.2334099091297
2008-02-26T07:00:00Z,blm_billings_Billings District,Billings,NDVI,2158.622568066677
2008-02-26T07:00:00Z,blm_miles-city_Miles City District,Miles City,EVI,1020.5043320825033
2008-02-26T07:00:00Z,blm_miles-city_Miles City District,Miles City,NDVI,1901.7894967171385
2008-02-26T07:00:00Z,blm_malta_Malta District,Malta,EVI,1041.4849863990519
2008-02-26T07:00:00Z,blm_malta_Malta District,Malta,NDVI,1859.957289773308
2008-02-26T07:00:00Z,blm_lewistown_Lewistown District,Lewistown,EVI,1092.832970903561
2008-02-26T07:00:00Z,blm_lewistown_Lewistown District,Lewistown,NDVI,1900.6781416318013
2008-02-26T07:00:00Z,blm_missoula_Missoula District,Missoula,EVI,1647.1111426585844
2008-02-26T07:00:00Z,blm_missoula_Missoula District,Missoula,NDVI,3121.4624288493605
2008-02-26T07:00:00Z,blm_butte_Butte District,Butte,EVI,1152.9204131411009
2008-02-26T07:00:00Z,blm_butte_Butte District,Butte,NDVI,2001.1413659723687
2008-02-26T07:00:00Z,blm_dillon_Dillon District,Dillon,EVI,1217.319538834177
2008-02-26T07:00:00Z,blm_dillon_Dillon District,Dillon,NDVI,1857.3678930351016
2008-03-13T06:00:00Z,blm_billings_Billings District,Billings,EVI,1249.1460910936153
2008-03-13T06:00:00Z,blm_billings_Billings District,Billings,NDVI,2185.5406241130013
2008-03-13T06:00:00Z,blm_miles-city_Miles City District,Miles City,EVI,1117.2008554388735
2008-03-13T06:00:00Z,blm_miles-city_Miles City District,Miles City,NDVI,1970.077912495997
2008-03-13T06:00:00Z,blm_malta_Malta District,Malta,EVI,1094.95095854523
2008-03-13T06:00:00Z,blm_malta_Malta District,Malta,NDVI,1864.4052530747244
2008-03-13T06:00:00Z,blm_lewistown_Lewistown District,Lewistown,EVI,1130.3018378555128
2008-03-13T06:00:00Z,blm_lewistown_Lewistown District,Lewistown,NDVI,1962.6870529822056
2008-03-13T06:00:00Z,blm_missoula_Missoula District,Missoula,EVI,1728.2752518822585
2008-03-13T06:00:00Z,blm_missoula_Missoula District,Missoula,NDVI,3297.496071696618
2008-03-13T06:00:00Z,blm_butte_Butte District,Butte,EVI,1217.1298243489882
2008-03-13T06:00:00Z,blm_butte_Butte District,Butte,NDVI,2194.5461604096877
2008-03-13T06:00:00Z,blm_dillon_Dillon District,Dillon,EVI,1207.3397792114727
2008-03-13T06:00:00Z,blm_dillon_Dillon District,Dillon,NDVI,1896.2875393234156
2008-03-29T06:00:00Z,blm_billings_Billings District,Billings,EVI,1363.3969145060796
2008-03-29T06:00:00Z,blm_billings_Billings District,Billings,NDVI,2318.6406943464053
2008-03-29T06:00:00Z,blm_miles-city_Miles City District,Miles City,EVI,1161.6111195590308
2008-03-29T06:00:00Z,blm_miles-city_Miles City District,Miles City,NDVI,2155.9220313174633
2008-03-29T06:00:00Z,blm_malta_Malta District,Malta,EVI,1176.1392846528734
2008-03-29T06:00:00Z,blm_malta_Malta District,Malta,NDVI,1901.0666847762104
2008-03-29T06:00:00Z,blm_lewistown_Lewistown District,Lewistown,EVI,1242.5960138474077
2008-03-29T06:00:00Z,blm_lewistown_Lewistown District,Lewistown,NDVI,2055.6987064122345
2008-03-29T06:00:00Z,blm_missoula_Missoula District,Missoula,EVI,1955.1711970488188
2008-03-29T06:00:00Z,blm_missoula_Missoula District,Missoula,NDVI,3871.639366725143
2008-03-29T06:00:00Z,blm_butte_Butte District,Butte,EVI,1395.8728681449315
2008-03-29T06:00:00Z,blm_butte_Butte District,Butte,NDVI,2393.130141141412
2008-03-29T06:00:00Z,blm_dillon_Dillon District,Dillon,EVI,1280.242119934325
2008-03-29T06:00:00Z,blm_dillon_Dillon District,Dillon,NDVI,1996.4459717766483
2008-04-14T06:00:00Z,blm_billings_Billings District,Billings,EVI,1514.268156147868
2008-04-14T06:00:00Z,blm_billings_Billings District,Billings,NDVI,2614.794925416808
2008-04-14T06:00:00Z,blm_miles-city_Miles City District,Miles City,EVI,1294.3009439790035
2008-04-14T06:00:00Z,blm_miles-city_Miles City District,Miles City,NDVI,2346.6135972559764
2008-04-14T06:00:00Z,blm_malta_Malta District,Malta,EVI,1253.9289916174266
2008-04-14T06:00:00Z,blm_malta_Malta District,Malta,NDVI,2055.08704125985
2008-04-14T06:00:00Z,blm_lewistown_Lewistown District,Lewistown,EVI,1399.705270706967
2008-04-14T06:00:00Z,blm_lewistown_Lewistown District,Lewistown,NDVI,2281.104991966236
2008-04-14T06:00:00Z,blm_missoula_Missoula District,Missoula,EVI,2273.171402381357
2008-04-14T06:00:00Z,blm_missoula_Missoula District,Missoula,NDVI,4323.2983684203355
2008-04-14T06:00:00Z,blm_butte_Butte District,Butte,EVI,1597.1037396465404
2008-04-14T06:00:00Z,blm_butte_Butte District,Butte,NDVI,2735.9947385328674
2008-04-14T06:00:00Z,blm_dillon_Dillon District,Dillon,EVI,1408.4901820594807
2008-04-14T06:00:00Z,blm_dillon_Dillon District,Dillon,NDVI,2194.8745075896363
2008-04-30T06:00:00Z,blm_billings_Billings District,Billings,EVI,1765.57788463739
2008-04-30T06:00:00Z,blm_billings_Billings District,Billings,NDVI,2876.9330543924493
2008-04-30T06:00:00Z,blm_miles-city_Miles City District,Miles City,EVI,1530.4655908065577
2008-04-30T06:00:00Z,blm_miles-city_Miles City District,Miles City,NDVI,2667.937288591386
2008-04-30T06:00:00Z,blm_malta_Malta District,Malta,EVI,1448.391945157748
2008-04-30T06:00:00Z,blm_malta_Malta District,Malta,NDVI,2415.844481539153
2008-04-30T06:00:00Z,blm_lewistown_Lewistown District,Lewistown,EVI,1765.8819371609768
2008-04-30T06:00:00Z,blm_lewistown_Lewistown District,Lewistown,NDVI,2772.171921697029
2008-04-30T06:00:00Z,blm_missoula_Missoula District,Missoula,EVI,2653.387262637406
2008-04-30T06:00:00Z,blm_missoula_Missoula District,Missoula,NDVI,5307.800437668072
2008-04-30T06:00:00Z,blm_butte_Butte District,Butte,EVI,2040.3724707403196
2008-04-30T06:00:00Z,blm_butte_Butte District,Butte,NDVI,3394.8716735820453
2008-04-30T06:00:00Z,blm_dillon_Dillon District,Dillon,EVI,1839.8302503968123
2008-04-30T06:00:00Z,blm_dillon_Dillon District,Dillon,NDVI,2888.051418279222
2008-05-16T06:00:00Z,blm_billings_Billings District,Billings,EVI,2013.907526197706
2008-05-16T06:00:00Z,blm_billings_Billings District,Billings,NDVI,3339.189824188543
2008-05-16T06:00:00Z,blm_miles-city_Miles City District,Miles City,EVI,1940.1736628584456
2008-05-16T06:00:00Z,blm_miles-city_Miles City District,Miles City,NDVI,3317.1572092512174
2008-05-16T06:00:00Z,blm_malta_Malta District,Malta,EVI,1784.8052798662798
2008-05-16T06:00:00Z,blm_malta_Malta District,Malta,NDVI,2877.161072569774
2008-05-16T06:00:00Z,blm_lewistown_Lewistown District,Lewistown,EVI,2157.735876350458
2008-05-16T06:00:00Z,blm_lewistown_Lewistown District,Lewistown,NDVI,3641.9361765542612
2008-05-16T06:00:00Z,blm_missoula_Missoula District,Missoula,EVI,2684.5539067691366
2008-05-16T06:00:00Z,blm_missoula_Missoula District,Missoula,NDVI,5590.77226766761
2008-05-16T06:00:00Z,blm_butte_Butte District,Butte,EVI,2038.2707904269128
2008-05-16T06:00:00Z,blm_butte_Butte District,Butte,NDVI,4029.210199954723
2008-05-16T06:00:00Z,blm_dillon_Dillon District,Dillon,EVI,1836.7831440079324
2008-05-16T06:00:00Z,blm_dillon_Dillon District,Dillon,NDVI,3469.2384861305018
2008-06-01T06:00:00Z,blm_billings_Billings District,Billings,EVI,2803.3570832764017
2008-06-01T06:00:00Z,blm_billings_Billings District,Billings,NDVI,4599.310092447839
2008-06-01T06:00:00Z,blm_miles-city_Miles City District,Miles City,EVI,2558.9713362591438
2008-06-01T06:00:00Z,blm_miles-city_Miles City District,Miles City,NDVI,4568.485954505122
2008-06-01T06:00:00Z,blm_malta_Malta District,Malta,EVI,2662.121324025815
2008-06-01T06:00:00Z,blm_malta_Malta District,Malta,NDVI,4326.192971207349
2008-06-01T06:00:00Z,blm_lewistown_Lewistown District,Lewistown,EVI,3009.458966915229
2008-06-01T06:00:00Z,blm_lewistown_Lewistown District,Lewistown,NDVI,5009.587802960969
2008-06-01T06:00:00Z,blm_missoula_Missoula District,Missoula,EVI,3200.1819044212493
2008-06-01T06:00:00Z,blm_missoula_Missoula District,Missoula,NDVI,6454.1311393836195
2008-06-01T06:00:00Z,blm_butte_Butte District,Butte,EVI,2837.128917015015
2008-06-01T06:00:00Z,blm_butte_Butte District,Butte,NDVI,5265.850130912552
2008-06-01T06:00:00Z,blm_dillon_Dillon District,Dillon,EVI,2585.740252160984
2008-06-01T06:00:00Z,blm_dillon_Dillon District,Dillon,NDVI,4789.197174441099
2008-06-17T06:00:00Z,blm_billings_Billings District,Billings,EVI,2812.8513410842625
2008-06-17T06:00:00Z,blm_billings_Billings District,Billings,NDVI,4923.26268730241
2008-06-17T06:00:00Z,blm_miles-city_Miles City District,Miles City,EVI,2698.12357488775
2008-06-17T06:00:00Z,blm_miles-city_Miles City District,Miles City,NDVI,4666.853065766748
2008-06-17T06:00:00Z,blm_malta_Malta District,Malta,EVI,2827.9902564364247
2008-06-17T06:00:00Z,blm_malta_Malta District,Malta,NDVI,4602.720177421352
2008-06-17T06:00:00Z,blm_lewistown_Lewistown District,Lewistown,EVI,3231.7509586784477
2008-06-17T06:00:00Z,blm_lewistown_Lewistown District,Lewistown,NDVI,5395.357542029037
2008-06-17T06:00:00Z,blm_missoula_Missoula District,Missoula,EVI,3446.9640342544863
2008-06-17T06:00:00Z,blm_missoula_Missoula District,Missoula,NDVI,6520.827312437079
2008-06-17T06:00:00Z,blm_butte_Butte District,Butte,EVI,3096.0296396608983
2008-06-17T06:00:00Z,blm_butte_Butte District,Butte,NDVI,5557.65597828358
2008-06-17T06:00:00Z,blm_dillon_Dillon District,Dillon,EVI,3088.723337687343
2008-06-17T06:00:00Z,blm_dillon_Dillon District,Dillon,NDVI,5282.196797918025
2008-07-03T06:00:00Z,blm_billings_Billings District,Billings,EVI,2694.6855253163712
2008-07-03T06:00:00Z,blm_billings_Billings District,Billings,NDVI,4502.485306962992
2008-07-03T06:00:00Z,blm_miles-city_Miles City District,Miles City,EVI,2541.228020147708
2008-07-03T06:00:00Z,blm_miles-city_Miles City District,Miles City,NDVI,4138.931650192114
2008-07-03T06:00:00Z,blm_malta_Malta District,Malta,EVI,2649.5410016691076
2008-07-03T06:00:00Z,blm_malta_Malta District,Malta,NDVI,4267.96313796748
2008-07-03T06:00:00Z,blm_lewistown_Lewistown District,Lewistown,EVI,3122.5651669134754
2008-07-03T06:00:00Z,blm_lewistown_Lewistown District,Lewistown,NDVI,5296.647921335263
2008-07-03T06:00:00Z,blm_missoula_Missoula District,Missoula,EVI,3409.319310560446
2008-07-03T06:00:00Z,blm_missoula_Missoula District,Missoula,NDVI,6723.910452260667
2008-07-03T06:00:00Z,blm_butte_Butte District,Butte,EVI,2871.62581025263
2008-07-03T06:00:00Z,blm_butte_Butte District,Butte,NDVI,5549.908064723011
2008-07-03T06:00:00Z,blm_dillon_Dillon District,Dillon,EVI,2857.712087531126
2008-07-03T06:00:00Z,blm_dillon_Dillon District,Dillon,NDVI,5222.621814036888
2008-07-19T06:00:00Z,blm_billings_Billings District,Billings,EVI,2293.7782752188127
2008-07-19T06:00:00Z,blm_billings_Billings District,Billings,NDVI,3931.615042597215
2008-07-19T06:00:00Z,blm_miles-city_Miles City District,Miles City,EVI,2099.7669749751203
2008-07-19T06:00:00Z,blm_miles-city_Miles City District,Miles City,NDVI,3537.7686926674382
2008-07-19T06:00:00Z,blm_malta_Malta District,Malta,EVI,2257.7856021542534
2008-07-19T06:00:00Z,blm_malta_Malta District,Malta,NDVI,3713.3679843565983
2008-07-19T06:00:00Z,blm_lewistown_Lewistown District,Lewistown,EVI,2688.96837834783
2008-07-19T06:00:00Z,blm_lewistown_Lewistown District,Lewistown,NDVI,4684.350838180227
2008-07-19T06:00:00Z,blm_missoula_Missoula District,Missoula,EVI,3322.735560814612
2008-07-19T06:00:00Z,blm_missoula_Missoula District,Missoula,NDVI,6617.689772512839
2008-07-19T06:00:00Z,blm_butte_Butte District,Butte,EVI,2752.544448225223
2008-07-19T06:00:00Z,blm_butte_Butte District,Butte,NDVI,5244.083115525571
2008-07-19T06:00:00Z,blm_dillon_Dillon District,Dillon,EVI,2728.724626985657
2008-07-19T06:00:00Z,blm_dillon_Dillon District,Dillon,NDVI,4888.83485220046
2008-08-04T06:00:00Z,blm_billings_Billings District,Billings,EVI,1996.3182552053643
2008-08-04T06:00:00Z,blm_billings_Billings District,Billings,NDVI,3409.8591242540324
2008-08-04T06:00:00Z,blm_miles-city_Miles City District,Miles City,EVI,1816.151959320378
2008-08-04T06:00:00Z,blm_miles-city_Miles City District,Miles City,NDVI,3173.562937343745
2008-08-04T06:00:00Z,blm_malta_Malta District,Malta,EVI,1901.7352160981893
2008-08-04T06:00:00Z,blm_malta_Malta District,Malta,NDVI,3214.3278269680277
2008-08-04T06:00:00Z,blm_lewistown_Lewistown District,Lewistown,EVI,2305.039517810018
2008-08-04T06:00:00Z,blm_lewistown_Lewistown District,Lewistown,NDVI,4104.306021930265
2008-08-04T06:00:00Z,blm_missoula_Missoula District,Missoula,EVI,3037.811728427834
2008-08-04T06:00:00Z,blm_missoula_Missoula District,Missoula,NDVI,6516.086809493351
2008-08-04T06:00:00Z,blm_butte_Butte District,Butte,EVI,2508.028438976676
2008-08-04T06:00:00Z,blm_butte_Butte District,Butte,NDVI,4944.513347750256
2008-08-04T06:00:00Z,blm_dillon_Dillon District,Dillon,EVI,2418.602488502534
2008-08-04T06:00:00Z,blm_dillon_Dillon District,Dillon,NDVI,4673.8360659336495
2008-08-20T06:00:00Z,blm_billings_Billings District,Billings,EVI,1772.8155788712402
2008-08-20T06:00:00Z,blm_billings_Billings District,Billings,NDVI,3235.8300814094487
2008-08-20T06:00:00Z,blm_miles-city_Miles City District,Miles City,EVI,1647.1695621252302
2008-08-20T06:00:00Z,blm_miles-city_Miles City District,Miles City,NDVI,2904.2716629903416
2008-08-20T06:00:00Z,blm_malta_Malta District,Malta,EVI,1731.8759310178864
2008-08-20T06:00:00Z,blm_malta_Malta District,Malta,NDVI,2908.7595982516045
2008-08-20T06:00:00Z,blm_lewistown_Lewistown District,Lewistown,EVI,2091.0086927233638
2008-08-20T06:00:00Z,blm_lewistown_Lewistown District,Lewistown,NDVI,3827.033139089946
2008-08-20T06:00:00Z,blm_missoula_Missoula District,Missoula,EVI,2982.904870710215
2008-08-20T06:00:00Z,blm_missoula_Missoula District,Missoula,NDVI,6253.794960162824
2008-08-20T06:00:00Z,blm_butte_Butte District,Butte,EVI,2259.705726915126
2008-08-20T06:00:00Z,blm_butte_Butte District,Butte,NDVI,4957.778005711833
2008-08-20T06:00:00Z,blm_dillon_Dillon District,Dillon,EVI,2264.8993855581734
2008-08-20T06:00:00Z,blm_dillon_Dillon District,Dillon,NDVI,4496.020885635601
2008-09-05T06:00:00Z,blm_billings_Billings District,Billings,EVI,1761.715054718142
2008-09-05T06:00:00Z,blm_billings_Billings District,Billings,NDVI,3346.0196612254763
2008-09-05T06:00:00Z,blm_miles-city_Miles City District,Miles City,EVI,1513.9849496673064
2008-09-05T06:00:00Z,blm_miles-city_Miles City District,Miles City,NDVI,2869.5913237899
2008-09-05T06:00:00Z,blm_malta_Malta District,Malta,EVI,1665.1602157377004
2008-09-05T06:00:00Z,blm_malta_Malta District,Malta,NDVI,3015.210197484589
2008-09-05T06:00:00Z,blm_lewistown_Lewistown District,Lewistown,EVI,1974.8127531682799
2008-09-05T06:00:00Z,blm_lewistown_Lewistown District,Lewistown,NDVI,3856.685732167846
2008-09-05T06:00:00Z,blm_missoula_Missoula District,Missoula,EVI,2720.936263450972
2008-09-05T06:00:00Z,blm_missoula_Missoula District,Missoula,NDVI,6193.011680811174
2008-09-05T06:00:00Z,blm_butte_Butte District,Butte,EVI,2091.3090837131867
2008-09-05T06:00:00Z,blm_butte_Butte District,Butte,NDVI,4666.896144956117
2008-09-05T06:00:00Z,blm_dillon_Dillon District,Dillon,EVI,2004.2886905092557
2008-09-05T06:00:00Z,blm_dillon_Dillon District,Dillon,NDVI,4169.055700327852
2008-09-21T06:00:00Z,blm_billings_Billings District,Billings,EVI,1848.341300031058
2008-09-21T06:00:00Z,blm_billings_Billings District,Billings,NDVI,3501.778332709024
2008-09-21T06:00:00Z,blm_miles-city_Miles City District,Miles City,EVI,1481.6535090529237
2008-09-21T06:00:00Z,blm_miles-city_Miles City District,Miles City,NDVI,2703.3066575700204
2008-09-21T06:00:00Z,blm_malta_Malta District,Malta,EVI,1705.5356764733071
2008-09-21T06:00:00Z,blm_malta_Malta District,Malta,NDVI,3022.8658304597343
2008-09-21T06:00:00Z,blm_lewistown_Lewistown District,Lewistown,EVI,1941.1153749313737
2008-09-21T06:00:00Z,blm_lewistown_Lewistown District,Lewistown,NDVI,3824.590975164487
2008-09-21T06:00:00Z,blm_missoula_Missoula District,Missoula,EVI,2517.35464285779
2008-09-21T06:00:00Z,blm_missoula_Missoula District,Missoula,NDVI,6203.75590136411
2008-09-21T06:00:00Z,blm_butte_Butte District,Butte,EVI,1878.7876521915491
2008-09-21T06:00:00Z,blm_butte_Butte District,Butte,NDVI,4453.506935433258
2008-09-21T06:00:00Z,blm_dillon_Dillon District,Dillon,EVI,1841.891432873523
2008-09-21T06:00:00Z,blm_dillon_Dillon District,Dillon,NDVI,3945.2366116098187
2008-10-07T06:00:00Z,blm_billings_Billings District,Billings,EVI,1884.5491838168832
2008-10-07T06:00:00Z,blm_billings_Billings District,Billings,NDVI,3582.0145170879255
2008-10-07T06:00:00Z,blm_miles-city_Miles City District,Miles City,EVI,1355.504341894714
2008-10-07T06:00:00Z,blm_miles-city_Miles City District,Miles City,NDVI,2696.385779429973
2008-10-07T06:00:00Z,blm_malta_Malta District,Malta,EVI,1620.2040271839803
2008-10-07T06:00:00Z,blm_malta_Malta District,Malta,NDVI,2958.766117221154
2008-10-07T06:00:00Z,blm_lewistown_Lewistown District,Lewistown,EVI,1928.8066179040447
2008-10-07T06:00:00Z,blm_lewistown_Lewistown District,Lewistown,NDVI,3533.7687984021672
2008-10-07T06:00:00Z,blm_missoula_Missoula District,Missoula,EVI,2547.406864360059
2008-10-07T06:00:00Z,blm_missoula_Missoula District,Missoula,NDVI,5903.857887976119
2008-10-07T06:00:00Z,blm_butte_Butte District,Butte,EVI,2088.8510521151425
2008-10-07T06:00:00Z,blm_butte_Butte District,Butte,NDVI,4240.976914555097
2008-10-07T06:00:00Z,blm_dillon_Dillon District,Dillon,EVI,1940.3653586086286
2008-10-07T06:00:00Z,blm_dillon_Dillon District,Dillon,NDVI,3745.777806537276
2008-10-23T06:00:00Z,blm_billings_Billings District,Billings,EVI,1755.6396635771441
2008-10-23T06:00:00Z,blm_billings_Billings District,Billings,NDVI,3287.2591133364913
2008-10-23T06:00:00Z,blm_miles-city_Miles City District,Miles City,EVI,1258.2500861247308
2008-10-23T06:00:00Z,blm_miles-city_Miles City District,Miles City,NDVI,2500.2683344085185
2008-10-23T06:00:00Z,blm_malta_Malta District,Malta,EVI,1417.9661171206294
2008-10-23T06:00:00Z,blm_malta_Malta District,Malta,NDVI,2676.1466126447767
2008-10-23T06:00:00Z,blm_lewistown_Lewistown District,Lewistown,EVI,1712.996004001029
2008-10-23T06:00:00Z,blm_lewistown_Lewistown District,Lewistown,NDVI,3375.1570510346214
2008-10-23T06:00:00Z,blm_missoula_Missoula District,Missoula,EVI,2149.898119088761
2008-10-23T06:00:00Z,blm_missoula_Missoula District,Missoula,NDVI,5359.864158900548
2008-10-23T06:00:00Z,blm_butte_Butte District,Butte,EVI,1779.3868333433163
2008-10-23T06:00:00Z,blm_butte_Butte District,Butte,NDVI,3973.0809920952506
2008-10-23T06:00:00Z,blm_dillon_Dillon District,Dillon,EVI,1635.442209451862
2008-10-23T06:00:00Z,blm_dillon_Dillon District,Dillon,NDVI,3390.4458487247607
2008-11-08T07:00:00Z,blm_billings_Billings District,Billings,EVI,1677.2447087194864
2008-11-08T07:00:00Z,blm_billings_Billings District,Billings,NDVI,3085.815675622845
2008-11-08T07:00:00Z,blm_miles-city_Miles City District,Miles City,EVI,1241.0741189011567
2008-11-08T07:00:00Z,blm_miles-city_Miles City District,Miles City,NDVI,2456.1439317462673
2008-11-08T07:00:00Z,blm_malta_Malta District,Malta,EVI,1343.5051920066096
2008-11-08T07:00:00Z,blm_malta_Malta District,Malta,NDVI,2534.647120139348
2008-11-08T07:00:00Z,blm_lewistown_Lewistown District,Lewistown,EVI,1634.9118182209793
2008-11-08T07:00:00Z,blm_lewistown_Lewistown District,Lewistown,NDVI,3111.132782819554
2008-11-08T07:00:00Z,blm_missoula_Missoula District,Missoula,EVI,2031.2466707890849
2008-11-08T07:00:00Z,blm_missoula_Missoula District,Missoula,NDVI,5285.718674142431
2008-11-08T07:00:00Z,blm_butte_Butte District,Butte,EVI,1777.7582039123238
2008-11-08T07:00:00Z,blm_butte_Butte District,Butte,NDVI,3667.4306366290816
2008-11-08T07:00:00Z,blm_dillon_Dillon District,Dillon,EVI,1580.4691026954522
2008-11-08T07:00:00Z,blm_dillon_Dillon District,Dillon,NDVI,3022.552607132393
2008-11-24T07:00:00Z,blm_billings_Billings District,Billings,EVI,1525.3191343539243
2008-11-24T07:00:00Z,blm_billings_Billings District,Billings,NDVI,2879.0518696523086
2008-11-24T07:00:00Z,blm_miles-city_Miles City District,Miles City,EVI,1137.548873111161
2008-11-24T07:00:00Z,blm_miles-city_Miles City District,Miles City,NDVI,2315.6156211169773
2008-11-24T07:00:00Z,blm_malta_Malta District,Malta,EVI,1235.254257189575
2008-11-24T07:00:00Z,blm_malta_Malta District,Malta,NDVI,2290.4445040942696
2008-11-24T07:00:00Z,blm_lewistown_Lewistown District,Lewistown,EVI,1511.2976822724488
2008-11-24T07:00:00Z,blm_lewistown_Lewistown District,Lewistown,NDVI,2912.7388838217744
2008-11-24T07:00:00Z,blm_missoula_Missoula District,Missoula,EVI,2091.285370613864
2008-11-24T07:00:00Z,blm_missoula_Missoula District,Missoula,NDVI,5241.676106307483
2008-11-24T07:00:00Z,blm_butte_Butte District,Butte,EVI,1613.4102059571233
2008-11-24T07:00:00Z,blm_butte_Butte District,Butte,NDVI,3576.3814175359953
2008-11-24T07:00:00Z,blm_dillon_Dillon District,Dillon,EVI,1405.0592471257667
2008-11-24T07:00:00Z,blm_dillon_Dillon District,Dillon,NDVI,2746.780332974224
2008-12-10T07:00:00Z,blm_billings_Billings District,Billings,EVI,1574.179274769525
2008-12-10T07:00:00Z,blm_billings_Billings District,Billings,NDVI,2826.274445017959
2008-12-10T07:00:00Z,blm_miles-city_Miles City District,Miles City,EVI,1385.256440440476
2008-12-10T07:00:00Z,blm_miles-city_Miles City District,Miles City,NDVI,2851.167689458335
2008-12-10T07:00:00Z,blm_malta_Malta District,Malta,EVI,1071.5076440164992
2008-12-10T07:00:00Z,blm_malta_Malta District,Malta,NDVI,2219.2062085330517
2008-12-10T07:00:00Z,blm_lewistown_Lewistown District,Lewistown,EVI,1839.1158692947856
2008-12-10T07:00:00Z,blm_lewistown_Lewistown District,Lewistown,NDVI,2644.9473740842436
2008-12-10T07:00:00Z,blm_missoula_Missoula District,Missoula,EVI,2166.7688514288857
2008-12-10T07:00:00Z,blm_missoula_Missoula District,Missoula,NDVI,4764.9231895508565
2008-12-10T07:00:00Z,blm_butte_Butte District,Butte,EVI,1690.9966777686714
2008-12-10T07:00:00Z,blm_butte_Butte District,Butte,NDVI,3272.9919870673807
2008-12-10T07:00:00Z,blm_dillon_Dillon District,Dillon,EVI,1314.6399354266616
2008-12-10T07:00:00Z,blm_dillon_Dillon District,Dillon,NDVI,2095.294945544667
2008-12-26T07:00:00Z,blm_billings_Billings District,Billings,EVI,468.7741935483871
2008-12-26T07:00:00Z,blm_billings_Billings District,Billings,NDVI,1776.7096774193549
2008-12-26T07:00:00Z,blm_miles-city_Miles City District,Miles City,EVI,NA
2008-12-26T07:00:00Z,blm_miles-city_Miles City District,Miles City,NDVI,NA
2008-12-26T07:00:00Z,blm_malta_Malta District,Malta,EVI,NA
2008-12-26T07:00:00Z,blm_malta_Malta District,Malta,NDVI,NA
2008-12-26T07:00:00Z,blm_lewistown_Lewistown District,Lewistown,EVI,1478.1989448230381
2008-12-26T07:00:00Z,blm_lewistown_Lewistown District,Lewistown,NDVI,2402.710925478127
2008-12-26T07:00:00Z,blm_missoula_Missoula District,Missoula,EVI,1996.0649458784346
2008-12-26T07:00:00Z,blm_missoula_Missoula District,Missoula,NDVI,5941.293089092423
2008-12-26T07:00:00Z,blm_butte_Butte District,Butte,EVI,667.7578070784177
2008-12-26T07:00:00Z,blm_butte_Butte District,Butte,NDVI,3995.860513532269
2008-12-26T07:00:00Z,blm_dillon_Dillon District,Dillon,EVI,NA
2008-12-26T07:00:00Z,blm_dillon_Dillon District,Dillon,NDVI,NA
2009-01-09T07:00:00Z,blm_billings_Billings District,Billings,EVI,1239.3510796224043
2009-01-09T07:00:00Z,blm_billings_Billings District,Billings,NDVI,2334.769792498838
2009-01-09T07:00:00Z,blm_miles-city_Miles City District,Miles City,EVI,1078.0001652513538
2009-01-09T07:00:00Z,blm_miles-city_Miles City District,Miles City,NDVI,2085.307673451588
2009-01-09T07:00:00Z,blm_malta_Malta District,Malta,EVI,1015.5059893673509
2009-01-09T07:00:00Z,blm_malta_Malta District,Malta,NDVI,1780.4089630882713
2009-01-09T07:00:00Z,blm_lewistown_Lewistown District,Lewistown,EVI,1146.0669092793155
2009-01-09T07:00:00Z,blm_lewistown_Lewistown District,Lewistown,NDVI,2077.199084379432
2009-01-09T07:00:00Z,blm_missoula_Missoula District,Missoula,EVI,1718.1747168251309
2009-01-09T07:00:00Z,blm_missoula_Missoula District,Missoula,NDVI,3664.4585094839417
2009-01-09T07:00:00Z,blm_butte_Butte District,Butte,EVI,1174.068802123746
2009-01-09T07:00:00Z,blm_butte_Butte District,Butte,NDVI,2099.812765467845
2009-01-09T07:00:00Z,blm_dillon_Dillon District,Dillon,EVI,1327.8108507760567
2009-01-09T07:00:00Z,blm_dillon_Dillon District,Dillon,NDVI,2175.334735101417
2009-01-25T07:00:00Z,blm_billings_Billings District,Billings,EVI,1227.0609460038643
2009-01-25T07:00:00Z,blm_billings_Billings District,Billings,NDVI,2241.396615496552
2009-01-25T07:00:00Z,blm_miles-city_Miles City District,Miles City,EVI,1058.982189712762
2009-01-25T07:00:00Z,blm_miles-city_Miles City District,Miles City,NDVI,2076.0163562126086
2009-01-25T07:00:00Z,blm_malta_Malta District,Malta,EVI,1067.0092835455757
2009-01-25T07:00:00Z,blm_malta_Malta District,Malta,NDVI,1774.4905307248796
2009-01-25T07:00:00Z,blm_lewistown_Lewistown District,Lewistown,EVI,1196.1615176672015
2009-01-25T07:00:00Z,blm_lewistown_Lewistown District,Lewistown,NDVI,1989.6704771165182
2009-01-25T07:00:00Z,blm_missoula_Missoula District,Missoula,EVI,1747.4628171602483
2009-01-25T07:00:00Z,blm_missoula_Missoula District,Missoula,NDVI,3472.485771674399
2009-01-25T07:00:00Z,blm_butte_Butte District,Butte,EVI,1137.5923409969039
2009-01-25T07:00:00Z,blm_butte_Butte District,Butte,NDVI,1966.3197151600023
2009-01-25T07:00:00Z,blm_dillon_Dillon District,Dillon,EVI,1257.2426906774383
2009-01-25T07:00:00Z,blm_dillon_Dillon District,Dillon,NDVI,2009.2532862516262
2009-02-10T07:00:00Z,blm_billings_Billings District,Billings,EVI,1283.6772091696057
2009-02-10T07:00:00Z,blm_billings_Billings District,Billings,NDVI,2256.8206624403874
2009-02-10T07:00:00Z,blm_miles-city_Miles City District,Miles City,EVI,993.6807961122834
2009-02-10T07:00:00Z,blm_miles-city_Miles City District,Miles City,NDVI,1881.1913805965826
2009-02-10T07:00:00Z,blm_malta_Malta District,Malta,EVI,1031.5254538551308
2009-02-10T07:00:00Z,blm_malta_Malta District,Malta,NDVI,1782.8529642706687
2009-02-10T07:00:00Z,blm_lewistown_Lewistown District,Lewistown,EVI,1182.5177313132351
2009-02-10T07:00:00Z,blm_lewistown_Lewistown District,Lewistown,NDVI,2024.7786448275765
2009-02-10T07:00:00Z,blm_missoula_Missoula District,Missoula,EVI,1642.3206400690717
2009-02-10T07:00:00Z,blm_missoula_Missoula District,Missoula,NDVI,3158.835191735872
2009-02-10T07:00:00Z,blm_butte_Butte District,Butte,EVI,1172.5414183385064
2009-02-10T07:00:00Z,blm_butte_Butte District,Butte,NDVI,2072.361762691787
2009-02-10T07:00:00Z,blm_dillon_Dillon District,Dillon,EVI,1226.483067362737
2009-02-10T07:00:00Z,blm_dillon_Dillon District,Dillon,NDVI,1947.3185848257883
2009-02-26T07:00:00Z,blm_billings_Billings District,Billings,EVI,1283.1787218408183
2009-02-26T07:00:00Z,blm_billings_Billings District,Billings,NDVI,2364.920320765441
2009-02-26T07:00:00Z,blm_miles-city_Miles City District,Miles City,EVI,1143.2818504782538
2009-02-26T07:00:00Z,blm_miles-city_Miles City District,Miles City,NDVI,2124.4300613677897
2009-02-26T07:00:00Z,blm_malta_Malta District,Malta,EVI,1021.6820974800977
2009-02-26T07:00:00Z,blm_malta_Malta District,Malta,NDVI,1842.6331023098155
2009-02-26T07:00:00Z,blm_lewistown_Lewistown District,Lewistown,EVI,1158.768662744627
2009-02-26T07:00:00Z,blm_lewistown_Lewistown District,Lewistown,NDVI,2115.749084512193
2009-02-26T07:00:00Z,blm_missoula_Missoula District,Missoula,EVI,1655.4977079924795
2009-02-26T07:00:00Z,blm_missoula_Missoula District,Missoula,NDVI,2872.2270214966984
2009-02-26T07:00:00Z,blm_butte_Butte District,Butte,EVI,1183.3215112153832
2009-02-26T07:00:00Z,blm_butte_Butte District,Butte,NDVI,2207.7361911268245
2009-02-26T07:00:00Z,blm_dillon_Dillon District,Dillon,EVI,1200.7709920254854
2009-02-26T07:00:00Z,blm_dillon_Dillon District,Dillon,NDVI,1862.9227707978994
2009-03-14T06:00:00Z,blm_billings_Billings District,Billings,EVI,1262.4296230987138
2009-03-14T06:00:00Z,blm_billings_Billings District,Billings,NDVI,2409.150229993255
2009-03-14T06:00:00Z,blm_miles-city_Miles City District,Miles City,EVI,1075.2817011553593
2009-03-14T06:00:00Z,blm_miles-city_Miles City District,Miles City,NDVI,2151.2310728332723
2009-03-14T06:00:00Z,blm_malta_Malta District,Malta,EVI,1007.5967034743202
2009-03-14T06:00:00Z,blm_malta_Malta District,Malta,NDVI,1913.2685095830761
2009-03-14T06:00:00Z,blm_lewistown_Lewistown District,Lewistown,EVI,1171.62459340851
2009-03-14T06:00:00Z,blm_lewistown_Lewistown District,Lewistown,NDVI,2173.3750008264174
2009-03-14T06:00:00Z,blm_missoula_Missoula District,Missoula,EVI,1971.6767185416682
2009-03-14T06:00:00Z,blm_missoula_Missoula District,Missoula,NDVI,3440.302002841543
2009-03-14T06:00:00Z,blm_butte_Butte District,Butte,EVI,1211.963370267311
2009-03-14T06:00:00Z,blm_butte_Butte District,Butte,NDVI,2156.4340350711263
2009-03-14T06:00:00Z,blm_dillon_Dillon District,Dillon,EVI,1305.7033210658608
2009-03-14T06:00:00Z,blm_dillon_Dillon District,Dillon,NDVI,1899.8994404962837
2009-03-30T06:00:00Z,blm_billings_Billings District,Billings,EVI,1442.9094431558703
2009-03-30T06:00:00Z,blm_billings_Billings District,Billings,NDVI,2670.6819505960543
2009-03-30T06:00:00Z,blm_miles-city_Miles City District,Miles City,EVI,1197.026881813811
2009-03-30T06:00:00Z,blm_miles-city_Miles City District,Miles City,NDVI,2224.618328895597
2009-03-30T06:00:00Z,blm_malta_Malta District,Malta,EVI,1171.5349741730881
2009-03-30T06:00:00Z,blm_malta_Malta District,Malta,NDVI,2104.5045314358226
2009-03-30T06:00:00Z,blm_lewistown_Lewistown District,Lewistown,EVI,1342.6774587061766
2009-03-30T06:00:00Z,blm_lewistown_Lewistown District,Lewistown,NDVI,2508.145802191512
2009-03-30T06:00:00Z,blm_missoula_Missoula District,Missoula,EVI,2018.233343651807
2009-03-30T06:00:00Z,blm_missoula_Missoula District,Missoula,NDVI,4035.9304180975846
2009-03-30T06:00:00Z,blm_butte_Butte District,Butte,EVI,1322.255107543166
2009-03-30T06:00:00Z,blm_butte_Butte District,Butte,NDVI,2636.2641820609715
2009-03-30T06:00:00Z,blm_dillon_Dillon District,Dillon,EVI,1187.3462138805269
2009-03-30T06:00:00Z,blm_dillon_Dillon District,Dillon,NDVI,2075.569907456808
2009-04-15T06:00:00Z,blm_billings_Billings District,Billings,EVI,1679.404030648689
2009-04-15T06:00:00Z,blm_billings_Billings District,Billings,NDVI,3141.5299232182824
2009-04-15T06:00:00Z,blm_miles-city_Miles City District,Miles City,EVI,1382.9028400508698
2009-04-15T06:00:00Z,blm_miles-city_Miles City District,Miles City,NDVI,2517.7581311381314
2009-04-15T06:00:00Z,blm_malta_Malta District,Malta,EVI,1367.9780744937614
2009-04-15T06:00:00Z,blm_malta_Malta District,Malta,NDVI,2412.926668472031
2009-04-15T06:00:00Z,blm_lewistown_Lewistown District,Lewistown,EVI,1541.7631317544576
2009-04-15T06:00:00Z,blm_lewistown_Lewistown District,Lewistown,NDVI,2814.4408821458524
2009-04-15T06:00:00Z,blm_missoula_Missoula District,Missoula,EVI,2361.5637661440574
2009-04-15T06:00:00Z,blm_missoula_Missoula District,Missoula,NDVI,4888.4519186534235
2009-04-15T06:00:00Z,blm_butte_Butte District,Butte,EVI,1627.5846043376343
2009-04-15T06:00:00Z,blm_butte_Butte District,Butte,NDVI,3107.9385967986923
2009-04-15T06:00:00Z,blm_dillon_Dillon District,Dillon,EVI,1387.6797025280503
2009-04-15T06:00:00Z,blm_dillon_Dillon District,Dillon,NDVI,2349.319990194184
2009-05-01T06:00:00Z,blm_billings_Billings District,Billings,EVI,2371.18615056837
2009-05-01T06:00:00Z,blm_billings_Billings District,Billings,NDVI,4076.6411282000377
2009-05-01T06:00:00Z,blm_miles-city_Miles City District,Miles City,EVI,1918.379875195485
2009-05-01T06:00:00Z,blm_miles-city_Miles City District,Miles City,NDVI,3427.087157098756
2009-05-01T06:00:00Z,blm_malta_Malta District,Malta,EVI,1800.1869815835844
2009-05-01T06:00:00Z,blm_malta_Malta District,Malta,NDVI,3133.1711214553634
2009-05-01T06:00:00Z,blm_lewistown_Lewistown District,Lewistown,EVI,2113.6638543424983
2009-05-01T06:00:00Z,blm_lewistown_Lewistown District,Lewistown,NDVI,3587.0280354284623
2009-05-01T06:00:00Z,blm_missoula_Missoula District,Missoula,EVI,2717.7941548296453
2009-05-01T06:00:00Z,blm_missoula_Missoula District,Missoula,NDVI,5238.007765620162
2009-05-01T06:00:00Z,blm_butte_Butte District,Butte,EVI,2158.6372979975067
2009-05-01T06:00:00Z,blm_butte_Butte District,Butte,NDVI,3595.244740975988
2009-05-01T06:00:00Z,blm_dillon_Dillon District,Dillon,EVI,1909.0090041829042
2009-05-01T06:00:00Z,blm_dillon_Dillon District,Dillon,NDVI,2987.3657670551565
2009-05-17T06:00:00Z,blm_billings_Billings District,Billings,EVI,2610.060293592687
2009-05-17T06:00:00Z,blm_billings_Billings District,Billings,NDVI,4483.769234087866
2009-05-17T06:00:00Z,blm_miles-city_Miles City District,Miles City,EVI,2318.7814711652286
2009-05-17T06:00:00Z,blm_miles-city_Miles City District,Miles City,NDVI,3926.7123341730035
2009-05-17T06:00:00Z,blm_malta_Malta District,Malta,EVI,2196.8452398126897
2009-05-17T06:00:00Z,blm_malta_Malta District,Malta,NDVI,3648.1124977645477
2009-05-17T06:00:00Z,blm_lewistown_Lewistown District,Lewistown,EVI,2638.2602120214
2009-05-17T06:00:00Z,blm_lewistown_Lewistown District,Lewistown,NDVI,4509.340656516718
2009-05-17T06:00:00Z,blm_missoula_Missoula District,Missoula,EVI,3091.337230537051
2009-05-17T06:00:00Z,blm_missoula_Missoula District,Missoula,NDVI,6033.950595579523
2009-05-17T06:00:00Z,blm_butte_Butte District,Butte,EVI,2417.486985325581
2009-05-17T06:00:00Z,blm_butte_Butte District,Butte,NDVI,4656.311174513246
2009-05-17T06:00:00Z,blm_dillon_Dillon District,Dillon,EVI,2292.6121734874846
2009-05-17T06:00:00Z,blm_dillon_Dillon District,Dillon,NDVI,4044.101842488414
2009-06-02T06:00:00Z,blm_billings_Billings District,Billings,EVI,2850.0912259931065
2009-06-02T06:00:00Z,blm_billings_Billings District,Billings,NDVI,4531.617835024764
2009-06-02T06:00:00Z,blm_miles-city_Miles City District,Miles City,EVI,2640.3550589581478
2009-06-02T06:00:00Z,blm_miles-city_Miles City District,Miles City,NDVI,4244.654264954065
2009-06-02T06:00:00Z,blm_malta_Malta District,Malta,EVI,2485.116996723914
2009-06-02T06:00:00Z,blm_malta_Malta District,Malta,NDVI,3933.4975955697664
2009-06-02T06:00:00Z,blm_lewistown_Lewistown District,Lewistown,EVI,2836.649861008489
2009-06-02T06:00:00Z,blm_lewistown_Lewistown District,Lewistown,NDVI,4745.2395801300845
2009-06-02T06:00:00Z,blm_missoula_Missoula District,Missoula,EVI,3266.0651212653233
2009-06-02T06:00:00Z,blm_missoula_Missoula District,Missoula,NDVI,6437.082665502801
2009-06-02T06:00:00Z,blm_butte_Butte District,Butte,EVI,2999.5971567826014
2009-06-02T06:00:00Z,blm_butte_Butte District,Butte,NDVI,4950.108456408569
2009-06-02T06:00:00Z,blm_dillon_Dillon District,Dillon,EVI,2809.6399139057935
2009-06-02T06:00:00Z,blm_dillon_Dillon District,Dillon,NDVI,4706.903519221929
2009-06-18T06:00:00Z,blm_billings_Billings District,Billings,EVI,2826.2011945754266
2009-06-18T06:00:00Z,blm_billings_Billings District,Billings,NDVI,4908.493083934901
2009-06-18T06:00:00Z,blm_miles-city_Miles City District,Miles City,EVI,2730.351290712505
2009-06-18T06:00:00Z,blm_miles-city_Miles City District,Miles City,NDVI,4553.226837078535
2009-06-18T06:00:00Z,blm_malta_Malta District,Malta,EVI,2637.877792539136
2009-06-18T06:00:00Z,blm_malta_Malta District,Malta,NDVI,4337.899175748199
2009-06-18T06:00:00Z,blm_lewistown_Lewistown District,Lewistown,EVI,3241.806952028309
2009-06-18T06:00:00Z,blm_lewistown_Lewistown District,Lewistown,NDVI,5406.995843648485
2009-06-18T06:00:00Z,blm_missoula_Missoula District,Missoula,EVI,3417.366548842921
2009-06-18T06:00:00Z,blm_missoula_Missoula District,Missoula,NDVI,6543.040531744043
2009-06-18T06:00:00Z,blm_butte_Butte District,Butte,EVI,3071.04651523165
2009-06-18T06:00:00Z,blm_butte_Butte District,Butte,NDVI,5571.805934613767
2009-06-18T06:00:00Z,blm_dillon_Dillon District,Dillon,EVI,2904.4862828777336
2009-06-18T06:00:00Z,blm_dillon_Dillon District,Dillon,NDVI,5278.7183719139575
2009-07-04T06:00:00Z,blm_billings_Billings District,Billings,EVI,2719.3756430919057
2009-07-04T06:00:00Z,blm_billings_Billings District,Billings,NDVI,4573.850409624538
2009-07-04T06:00:00Z,blm_miles-city_Miles City District,Miles City,EVI,2572.231582796079
2009-07-04T06:00:00Z,blm_miles-city_Miles City District,Miles City,NDVI,4336.980147335162
2009-07-04T06:00:00Z,blm_malta_Malta District,Malta,EVI,2504.049822045273
2009-07-04T06:00:00Z,blm_malta_Malta District,Malta,NDVI,4059.1253110960015
2009-07-04T06:00:00Z,blm_lewistown_Lewistown District,Lewistown,EVI,3000.052762767819
2009-07-04T06:00:00Z,blm_lewistown_Lewistown District,Lewistown,NDVI,5199.292075979862
2009-07-04T06:00:00Z,blm_missoula_Missoula District,Missoula,EVI,3397.606890918788
2009-07-04T06:00:00Z,blm_missoula_Missoula District,Missoula,NDVI,6528.383354058523
2009-07-04T06:00:00Z,blm_butte_Butte District,Butte,EVI,3040.4777732942075
2009-07-04T06:00:00Z,blm_butte_Butte District,Butte,NDVI,5660.584485214954
2009-07-04T06:00:00Z,blm_dillon_Dillon District,Dillon,EVI,3068.4362555948765
2009-07-04T06:00:00Z,blm_dillon_Dillon District,Dillon,NDVI,5373.889867498732
2009-07-20T06:00:00Z,blm_billings_Billings District,Billings,EVI,2258.073380970454
2009-07-20T06:00:00Z,blm_billings_Billings District,Billings,NDVI,3815.260291773099
2009-07-20T06:00:00Z,blm_miles-city_Miles City District,Miles City,EVI,2320.1374978240156
2009-07-20T06:00:00Z,blm_miles-city_Miles City District,Miles City,NDVI,3811.6247207649744
2009-07-20T06:00:00Z,blm_malta_Malta District,Malta,EVI,2091.0825155363696
2009-07-20T06:00:00Z,blm_malta_Malta District,Malta,NDVI,3432.8201728857302
2009-07-20T06:00:00Z,blm_lewistown_Lewistown District,Lewistown,EVI,2579.0939908746773
2009-07-20T06:00:00Z,blm_lewistown_Lewistown District,Lewistown,NDVI,4507.623944880224
2009-07-20T06:00:00Z,blm_missoula_Missoula District,Missoula,EVI,3176.8793037533655
2009-07-20T06:00:00Z,blm_missoula_Missoula District,Missoula,NDVI,6658.278037646744
2009-07-20T06:00:00Z,blm_butte_Butte District,Butte,EVI,2819.8435056037574
2009-07-20T06:00:00Z,blm_butte_Butte District,Butte,NDVI,5328.1922566585645
2009-07-20T06:00:00Z,blm_dillon_Dillon District,Dillon,EVI,2861.561302720243
2009-07-20T06:00:00Z,blm_dillon_Dillon District,Dillon,NDVI,5138.825047907831
2009-08-05T06:00:00Z,blm_billings_Billings District,Billings,EVI,2036.5365048137608
2009-08-05T06:00:00Z,blm_billings_Billings District,Billings,NDVI,3844.9652179540503
2009-08-05T06:00:00Z,blm_miles-city_Miles City District,Miles City,EVI,1878.8214743829467
2009-08-05T06:00:00Z,blm_miles-city_Miles City District,Miles City,NDVI,3448.55050922908
2009-08-05T06:00:00Z,blm_malta_Malta District,Malta,EVI,1876.8296421887924
2009-08-05T06:00:00Z,blm_malta_Malta District,Malta,NDVI,3402.7656417564026
2009-08-05T06:00:00Z,blm_lewistown_Lewistown District,Lewistown,EVI,2438.9896247978895
2009-08-05T06:00:00Z,blm_lewistown_Lewistown District,Lewistown,NDVI,4599.306617447364
2009-08-05T06:00:00Z,blm_missoula_Missoula District,Missoula,EVI,3145.724954364329
2009-08-05T06:00:00Z,blm_missoula_Missoula District,Missoula,NDVI,6467.379279590248
2009-08-05T06:00:00Z,blm_butte_Butte District,Butte,EVI,2684.4936238022287
2009-08-05T06:00:00Z,blm_butte_Butte District,Butte,NDVI,5367.228194644687
2009-08-05T06:00:00Z,blm_dillon_Dillon District,Dillon,EVI,2715.6169472956594
2009-08-05T06:00:00Z,blm_dillon_Dillon District,Dillon,NDVI,4893.486107351198
2009-08-21T06:00:00Z,blm_billings_Billings District,Billings,EVI,1940.857128829421
2009-08-21T06:00:00Z,blm_billings_Billings District,Billings,NDVI,3532.8042888455493
2009-08-21T06:00:00Z,blm_miles-city_Miles City District,Miles City,EVI,1806.0005829289148
2009-08-21T06:00:00Z,blm_miles-city_Miles City District,Miles City,NDVI,3263.8157952538654
2009-08-21T06:00:00Z,blm_malta_Malta District,Malta,EVI,1719.5656662879023
2009-08-21T06:00:00Z,blm_malta_Malta District,Malta,NDVI,3058.5127677660425
2009-08-21T06:00:00Z,blm_lewistown_Lewistown District,Lewistown,EVI,2294.6860120197052
2009-08-21T06:00:00Z,blm_lewistown_Lewistown District,Lewistown,NDVI,4206.960582380439
2009-08-21T06:00:00Z,blm_missoula_Missoula District,Missoula,EVI,2939.5277471321333
2009-08-21T06:00:00Z,blm_missoula_Missoula District,Missoula,NDVI,6458.077816428906
2009-08-21T06:00:00Z,blm_butte_Butte District,Butte,EVI,2492.0654209318895
2009-08-21T06:00:00Z,blm_butte_Butte District,Butte,NDVI,5001.413401978191
2009-08-21T06:00:00Z,blm_dillon_Dillon District,Dillon,EVI,2415.0108425030026
2009-08-21T06:00:00Z,blm_dillon_Dillon District,Dillon,NDVI,4705.841875497582
2009-09-06T06:00:00Z,blm_billings_Billings District,Billings,EVI,1782.2085099351148
2009-09-06T06:00:00Z,blm_billings_Billings District,Billings,NDVI,3293.7193205586027
2009-09-06T06:00:00Z,blm_miles-city_Miles City District,Miles City,EVI,1721.7777781564735
2009-09-06T06:00:00Z,blm_miles-city_Miles City District,Miles City,NDVI,3068.775928966911
2009-09-06T06:00:00Z,blm_malta_Malta District,Malta,EVI,1586.38801682509
2009-09-06T06:00:00Z,blm_malta_Malta District,Malta,NDVI,2776.8690263305652
2009-09-06T06:00:00Z,blm_lewistown_Lewistown District,Lewistown,EVI,2036.347113840874
2009-09-06T06:00:00Z,blm_lewistown_Lewistown District,Lewistown,NDVI,3915.6348178805974
2009-09-06T06:00:00Z,blm_missoula_Missoula District,Missoula,EVI,2703.787449514593
2009-09-06T06:00:00Z,blm_missoula_Missoula District,Missoula,NDVI,6266.7165713427
2009-09-06T06:00:00Z,blm_butte_Butte District,Butte,EVI,2161.756360196871
2009-09-06T06:00:00Z,blm_butte_Butte District,Butte,NDVI,4773.958297679448
2009-09-06T06:00:00Z,blm_dillon_Dillon District,Dillon,EVI,2190.7461383894874
2009-09-06T06:00:00Z,blm_dillon_Dillon District,Dillon,NDVI,4382.51343483441
2009-09-22T06:00:00Z,blm_billings_Billings District,Billings,EVI,1635.6020839979683
2009-09-22T06:00:00Z,blm_billings_Billings District,Billings,NDVI,3051.2929431525604
2009-09-22T06:00:00Z,blm_miles-city_Miles City District,Miles City,EVI,1546.8857507194814
2009-09-22T06:00:00Z,blm_miles-city_Miles City District,Miles City,NDVI,2851.9146673183636
2009-09-22T06:00:00Z,blm_malta_Malta District,Malta,EVI,1442.6635853897385
2009-09-22T06:00:00Z,blm_malta_Malta District,Malta,NDVI,2588.668161448183
2009-09-22T06:00:00Z,blm_lewistown_Lewistown District,Lewistown,EVI,1837.8943282549799
2009-09-22T06:00:00Z,blm_lewistown_Lewistown District,Lewistown,NDVI,3610.6159800456144
2009-09-22T06:00:00Z,blm_missoula_Missoula District,Missoula,EVI,2492.9368772489406
2009-09-22T06:00:00Z,blm_missoula_Missoula District,Missoula,NDVI,6080.414782616442
2009-09-22T06:00:00Z,blm_butte_Butte District,Butte,EVI,1990.9084227001279
2009-09-22T06:00:00Z,blm_butte_Butte District,Butte,NDVI,4378.196686801972
2009-09-22T06:00:00Z,blm_dillon_Dillon District,Dillon,EVI,1936.0105159139325
2009-09-22T06:00:00Z,blm_dillon_Dillon District,Dillon,NDVI,4037.5781694652983
2009-10-08T06:00:00Z,blm_billings_Billings District,Billings,EVI,1427.387475187475
2009-10-08T06:00:00Z,blm_billings_Billings District,Billings,NDVI,2726.7998896461545
2009-10-08T06:00:00Z,blm_miles-city_Miles City District,Miles City,EVI,1391.1412043413836
2009-10-08T06:00:00Z,blm_miles-city_Miles City District,Miles City,NDVI,2759.111187237455
2009-10-08T06:00:00Z,blm_malta_Malta District,Malta,EVI,1297.9567150342623
2009-10-08T06:00:00Z,blm_malta_Malta District,Malta,NDVI,2525.079760845385
2009-10-08T06:00:00Z,blm_lewistown_Lewistown District,Lewistown,EVI,1536.855717046424
2009-10-08T06:00:00Z,blm_lewistown_Lewistown District,Lewistown,NDVI,2886.352919180691
2009-10-08T06:00:00Z,blm_missoula_Missoula District,Missoula,EVI,2597.6317075057023
2009-10-08T06:00:00Z,blm_missoula_Missoula District,Missoula,NDVI,5737.934779937337
2009-10-08T06:00:00Z,blm_butte_Butte District,Butte,EVI,1777.6285788881578
2009-10-08T06:00:00Z,blm_butte_Butte District,Butte,NDVI,3808.079205197309
2009-10-08T06:00:00Z,blm_dillon_Dillon District,Dillon,EVI,1726.0316536034056
2009-10-08T06:00:00Z,blm_dillon_Dillon District,Dillon,NDVI,3522.6310325167324
2009-10-24T06:00:00Z,blm_billings_Billings District,Billings,EVI,1417.1074785273552
2009-10-24T06:00:00Z,blm_billings_Billings District,Billings,NDVI,2648.5501102776475
2009-10-24T06:00:00Z,blm_miles-city_Miles City District,Miles City,EVI,1240.586155681288
2009-10-24T06:00:00Z,blm_miles-city_Miles City District,Miles City,NDVI,2491.183194866891
2009-10-24T06:00:00Z,blm_malta_Malta District,Malta,EVI,1231.8325922465497
2009-10-24T06:00:00Z,blm_malta_Malta District,Malta,NDVI,2302.1998392736973
2009-10-24T06:00:00Z,blm_lewistown_Lewistown District,Lewistown,EVI,1486.2313583705095
2009-10-24T06:00:00Z,blm_lewistown_Lewistown District,Lewistown,NDVI,2811.561354492869
2009-10-24T06:00:00Z,blm_missoula_Missoula District,Missoula,EVI,2289.1642480914816
2009-10-24T06:00:00Z,blm_missoula_Missoula District,Missoula,NDVI,5448.123709455846
2009-10-24T06:00:00Z,blm_butte_Butte District,Butte,EVI,1656.7746627919316
2009-10-24T06:00:00Z,blm_butte_Butte District,Butte,NDVI,3789.6320231185773
2009-10-24T06:00:00Z,blm_dillon_Dillon District,Dillon,EVI,1668.0251973746665
2009-10-24T06:00:00Z,blm_dillon_Dillon District,Dillon,NDVI,3410.963495682111
2009-11-09T07:00:00Z,blm_billings_Billings District,Billings,EVI,1412.4176956318172
2009-11-09T07:00:00Z,blm_billings_Billings District,Billings,NDVI,2603.9239994315017
2009-11-09T07:00:00Z,blm_miles-city_Miles City District,Miles City,EVI,1191.5900969158454
2009-11-09T07:00:00Z,blm_miles-city_Miles City District,Miles City,NDVI,2401.5121162879323
2009-11-09T07:00:00Z,blm_malta_Malta District,Malta,EVI,1120.7067349965214
2009-11-09T07:00:00Z,blm_malta_Malta District,Malta,NDVI,2117.7188132857727
2009-11-09T07:00:00Z,blm_lewistown_Lewistown District,Lewistown,EVI,1436.776049645868
2009-11-09T07:00:00Z,blm_lewistown_Lewistown District,Lewistown,NDVI,2731.84941883944
2009-11-09T07:00:00Z,blm_missoula_Missoula District,Missoula,EVI,1988.95512242789
2009-11-09T07:00:00Z,blm_missoula_Missoula District,Missoula,NDVI,4934.124280921139
2009-11-09T07:00:00Z,blm_butte_Butte District,Butte,EVI,1612.178073882005
2009-11-09T07:00:00Z,blm_butte_Butte District,Butte,NDVI,3531.48967049481
2009-11-09T07:00:00Z,blm_dillon_Dillon District,Dillon,EVI,1514.1036183023537
2009-11-09T07:00:00Z,blm_dillon_Dillon District,Dillon,NDVI,3120.219224342053
2009-11-25T07:00:00Z,blm_billings_Billings District,Billings,EVI,1274.0968906513299
2009-11-25T07:00:00Z,blm_billings_Billings District,Billings,NDVI,2495.8372453155407
2009-11-25T07:00:00Z,blm_miles-city_Miles City District,Miles City,EVI,1185.6914228958572
2009-11-25T07:00:00Z,blm_miles-city_Miles City District,Miles City,NDVI,2276.350401660337
2009-11-25T07:00:00Z,blm_malta_Malta District,Malta,EVI,1119.9325274950163
2009-11-25T07:00:00Z,blm_malta_Malta District,Malta,NDVI,2081.561512965694
2009-11-25T07:00:00Z,blm_lewistown_Lewistown District,Lewistown,EVI,1300.8551299214923
2009-11-25T07:00:00Z,blm_lewistown_Lewistown District,Lewistown,NDVI,2538.3921561088737
2009-11-25T07:00:00Z,blm_missoula_Missoula District,Missoula,EVI,2121.8477620515273
2009-11-25T07:00:00Z,blm_missoula_Missoula District,Missoula,NDVI,5057.370788307884
2009-11-25T07:00:00Z,blm_butte_Butte District,Butte,EVI,1541.1066021023787
2009-11-25T07:00:00Z,blm_butte_Butte District,Butte,NDVI,3267.2882623835344
2009-11-25T07:00:00Z,blm_dillon_Dillon District,Dillon,EVI,1314.2160240924422
2009-11-25T07:00:00Z,blm_dillon_Dillon District,Dillon,NDVI,2583.8009300153803
2009-12-11T07:00:00Z,blm_billings_Billings District,Billings,EVI,1327.894320172378
2009-12-11T07:00:00Z,blm_billings_Billings District,Billings,NDVI,2154.864378080078
2009-12-11T07:00:00Z,blm_miles-city_Miles City District,Miles City,EVI,NA
2009-12-11T07:00:00Z,blm_miles-city_Miles City District,Miles City,NDVI,NA
2009-12-11T07:00:00Z,blm_malta_Malta District,Malta,EVI,NA
2009-12-11T07:00:00Z,blm_malta_Malta District,Malta,NDVI,NA
2009-12-11T07:00:00Z,blm_lewistown_Lewistown District,Lewistown,EVI,1410.4910466013769
2009-12-11T07:00:00Z,blm_lewistown_Lewistown District,Lewistown,NDVI,2129.384722113133
2009-12-11T07:00:00Z,blm_missoula_Missoula District,Missoula,EVI,1914.855826779898
2009-12-11T07:00:00Z,blm_missoula_Missoula District,Missoula,NDVI,4954.97927991918
2009-12-11T07:00:00Z,blm_butte_Butte District,Butte,EVI,1230.8332087989945
2009-12-11T07:00:00Z,blm_butte_Butte District,Butte,NDVI,1966.3678041423857
2009-12-11T07:00:00Z,blm_dillon_Dillon District,Dillon,EVI,1319.2202139472408
2009-12-11T07:00:00Z,blm_dillon_Dillon District,Dillon,NDVI,1986.9205945730273
2009-12-27T07:00:00Z,blm_billings_Billings District,Billings,EVI,1361.5634288318643
2009-12-27T07:00:00Z,blm_billings_Billings District,Billings,NDVI,2014.7644782460989
2009-12-27T07:00:00Z,blm_miles-city_Miles City District,Miles City,EVI,NA
2009-12-27T07:00:00Z,blm_miles-city_Miles City District,Miles City,NDVI,NA
2009-12-27T07:00:00Z,blm_malta_Malta District,Malta,EVI,183.51664914125482
2009-12-27T07:00:00Z,blm_malta_Malta District,Malta,NDVI,2052.982474588153
2009-12-27T07:00:00Z,blm_lewistown_Lewistown District,Lewistown,EVI,1207.4616561442565
2009-12-27T07:00:00Z,blm_lewistown_Lewistown District,Lewistown,NDVI,2064.277597853867
2009-12-27T07:00:00Z,blm_missoula_Missoula District,Missoula,EVI,1659.3917358285385
2009-12-27T07:00:00Z,blm_missoula_Missoula District,Missoula,NDVI,3636.422841156106
2009-12-27T07:00:00Z,blm_butte_Butte District,Butte,EVI,1249.5253915667352
2009-12-27T07:00:00Z,blm_butte_Butte District,Butte,NDVI,2091.2234678250734
2009-12-27T07:00:00Z,blm_dillon_Dillon District,Dillon,EVI,1273.549946217425
2009-12-27T07:00:00Z,blm_dillon_Dillon District,Dillon,NDVI,1900.4360513445436
2010-01-09T07:00:00Z,blm_billings_Billings District,Billings,EVI,1150.2462865707837
2010-01-09T07:00:00Z,blm_billings_Billings District,Billings,NDVI,2162.3335635115063
2010-01-09T07:00:00Z,blm_miles-city_Miles City District,Miles City,EVI,988.8953688792844
2010-01-09T07:00:00Z,blm_miles-city_Miles City District,Miles City,NDVI,2065.4546990509116
2010-01-09T07:00:00Z,blm_malta_Malta District,Malta,EVI,1012.413905630254
2010-01-09T07:00:00Z,blm_malta_Malta District,Malta,NDVI,1948.3930073129955
2010-01-09T07:00:00Z,blm_lewistown_Lewistown District,Lewistown,EVI,1179.7569748638455
2010-01-09T07:00:00Z,blm_lewistown_Lewistown District,Lewistown,NDVI,2151.1348923854966
2010-01-09T07:00:00Z,blm_missoula_Missoula District,Missoula,EVI,2495.1773045967366
2010-01-09T07:00:00Z,blm_missoula_Missoula District,Missoula,NDVI,5250.416011480181
2010-01-09T07:00:00Z,blm_butte_Butte District,Butte,EVI,1303.834379126226
2010-01-09T07:00:00Z,blm_butte_Butte District,Butte,NDVI,2165.4303733424335
2010-01-09T07:00:00Z,blm_dillon_Dillon District,Dillon,EVI,1335.157283028464
2010-01-09T07:00:00Z,blm_dillon_Dillon District,Dillon,NDVI,2033.0531800864276
2010-01-25T07:00:00Z,blm_billings_Billings District,Billings,EVI,1738.812034739454
2010-01-25T07:00:00Z,blm_billings_Billings District,Billings,NDVI,2425.101271712159
2010-01-25T07:00:00Z,blm_miles-city_Miles City District,Miles City,EVI,NA
2010-01-25T07:00:00Z,blm_miles-city_Miles City District,Miles City,NDVI,NA
2010-01-25T07:00:00Z,blm_malta_Malta District,Malta,EVI,NA
2010-01-25T07:00:00Z,blm_malta_Malta District,Malta,NDVI,NA
2010-01-25T07:00:00Z,blm_lewistown_Lewistown District,Lewistown,EVI,NA
2010-01-25T07:00:00Z,blm_lewistown_Lewistown District,Lewistown,NDVI,NA
2010-01-25T07:00:00Z,blm_missoula_Missoula District,Missoula,EVI,2061.535406027435
2010-01-25T07:00:00Z,blm_missoula_Missoula District,Missoula,NDVI,5700.614170379762
2010-01-25T07:00:00Z,blm_butte_Butte District,Butte,EVI,1444.617646913054
2010-01-25T07:00:00Z,blm_butte_Butte District,Butte,NDVI,2092.327366939421
2010-01-25T07:00:00Z,blm_dillon_Dillon District,Dillon,EVI,1726.040314779138
2010-01-25T07:00:00Z,blm_dillon_Dillon District,Dillon,NDVI,2235.440604830683
2010-02-10T07:00:00Z,blm_billings_Billings District,Billings,EVI,1180.4133098661648
2010-02-10T07:00:00Z,blm_billings_Billings District,Billings,NDVI,1806.237635320232
2010-02-10T07:00:00Z,blm_miles-city_Miles City District,Miles City,EVI,1345.7620632279534
2010-02-10T07:00:00Z,blm_miles-city_Miles City District,Miles City,NDVI,2707.448419301165
2010-02-10T07:00:00Z,blm_malta_Malta District,Malta,EVI,1137.206878709977
2010-02-10T07:00:00Z,blm_malta_Malta District,Malta,NDVI,1769.2921007280415
2010-02-10T07:00:00Z,blm_lewistown_Lewistown District,Lewistown,EVI,1181.2096774193549
2010-02-10T07:00:00Z,blm_lewistown_Lewistown District,Lewistown,NDVI,1784.0340027059744
2010-02-10T07:00:00Z,blm_missoula_Missoula District,Missoula,EVI,1921.5521500266302
2010-02-10T07:00:00Z,blm_missoula_Missoula District,Missoula,NDVI,4609.379374219968
2010-02-10T07:00:00Z,blm_butte_Butte District,Butte,EVI,1274.4396714817892
2010-02-10T07:00:00Z,blm_butte_Butte District,Butte,NDVI,1979.2245870010813
2010-02-10T07:00:00Z,blm_dillon_Dillon District,Dillon,EVI,1468.8905197761337
2010-02-10T07:00:00Z,blm_dillon_Dillon District,Dillon,NDVI,2064.3741336610133
2010-02-26T07:00:00Z,blm_billings_Billings District,Billings,EVI,1127.972633815777
2010-02-26T07:00:00Z,blm_billings_Billings District,Billings,NDVI,2098.605313626411
2010-02-26T07:00:00Z,blm_miles-city_Miles City District,Miles City,EVI,1248.8599616569297
2010-02-26T07:00:00Z,blm_miles-city_Miles City District,Miles City,NDVI,2385.1180848075783
2010-02-26T07:00:00Z,blm_malta_Malta District,Malta,EVI,963.0627944261447
2010-02-26T07:00:00Z,blm_malta_Malta District,Malta,NDVI,1786.1741287579594
2010-02-26T07:00:00Z,blm_lewistown_Lewistown District,Lewistown,EVI,1128.4572757697097
2010-02-26T07:00:00Z,blm_lewistown_Lewistown District,Lewistown,NDVI,2062.621738952198
2010-02-26T07:00:00Z,blm_missoula_Missoula District,Missoula,EVI,2006.7720386416233
2010-02-26T07:00:00Z,blm_missoula_Missoula District,Missoula,NDVI,4785.586133152953
2010-02-26T07:00:00Z,blm_butte_Butte District,Butte,EVI,1209.5479666919546
2010-02-26T07:00:00Z,blm_butte_Butte District,Butte,NDVI,2135.9092565643437
2010-02-26T07:00:00Z,blm_dillon_Dillon District,Dillon,EVI,1232.7655681597275
2010-02-26T07:00:00Z,blm_dillon_Dillon District,Dillon,NDVI,1931.5028857850937
2010-03-14T07:00:00Z,blm_billings_Billings District,Billings,EVI,1298.2832091042026
2010-03-14T07:00:00Z,blm_billings_Billings District,Billings,NDVI,2364.1943596077194
2010-03-14T07:00:00Z,blm_miles-city_Miles City District,Miles City,EVI,1141.4243426133676
2010-03-14T07:00:00Z,blm_miles-city_Miles City District,Miles City,NDVI,2249.443522332611
2010-03-14T07:00:00Z,blm_malta_Malta District,Malta,EVI,1015.6091031176516
2010-03-14T07:00:00Z,blm_malta_Malta District,Malta,NDVI,1849.3491693680344
2010-03-14T07:00:00Z,blm_lewistown_Lewistown District,Lewistown,EVI,1247.2624695931559
2010-03-14T07:00:00Z,blm_lewistown_Lewistown District,Lewistown,NDVI,2296.4063167769823
2010-03-14T07:00:00Z,blm_missoula_Missoula District,Missoula,EVI,1989.2177901917555
2010-03-14T07:00:00Z,blm_missoula_Missoula District,Missoula,NDVI,4584.438915937138
2010-03-14T07:00:00Z,blm_butte_Butte District,Butte,EVI,1350.0951237290149
2010-03-14T07:00:00Z,blm_butte_Butte District,Butte,NDVI,2392.0803762355254
2010-03-14T07:00:00Z,blm_dillon_Dillon District,Dillon,EVI,1316.8733037025852
2010-03-14T07:00:00Z,blm_dillon_Dillon District,Dillon,NDVI,1993.2491967302105
2010-03-30T06:00:00Z,blm_billings_Billings District,Billings,EVI,1691.0616985220415
2010-03-30T06:00:00Z,blm_billings_Billings District,Billings,NDVI,2743.514783649504
2010-03-30T06:00:00Z,blm_miles-city_Miles City District,Miles City,EVI,1320.6243029472205
2010-03-30T06:00:00Z,blm_miles-city_Miles City District,Miles City,NDVI,2440.402424077111
2010-03-30T06:00:00Z,blm_malta_Malta District,Malta,EVI,1195.0372772099047
2010-03-30T06:00:00Z,blm_malta_Malta District,Malta,NDVI,2194.9482717196142
2010-03-30T06:00:00Z,blm_lewistown_Lewistown District,Lewistown,EVI,1602.8588237041815
2010-03-30T06:00:00Z,blm_lewistown_Lewistown District,Lewistown,NDVI,2703.4638009829036
2010-03-30T06:00:00Z,blm_missoula_Missoula District,Missoula,EVI,2404.751171685637
2010-03-30T06:00:00Z,blm_missoula_Missoula District,Missoula,NDVI,4701.069054659742
2010-03-30T06:00:00Z,blm_butte_Butte District,Butte,EVI,1536.705163868001
2010-03-30T06:00:00Z,blm_butte_Butte District,Butte,NDVI,2672.589241060097
2010-03-30T06:00:00Z,blm_dillon_Dillon District,Dillon,EVI,1370.1306497487624
2010-03-30T06:00:00Z,blm_dillon_Dillon District,Dillon,NDVI,2145.057440677939
2010-04-15T06:00:00Z,blm_billings_Billings District,Billings,EVI,1913.008789023673
2010-04-15T06:00:00Z,blm_billings_Billings District,Billings,NDVI,3384.708133612521
2010-04-15T06:00:00Z,blm_miles-city_Miles City District,Miles City,EVI,1667.6426195242236
2010-04-15T06:00:00Z,blm_miles-city_Miles City District,Miles City,NDVI,3059.403145982712
2010-04-15T06:00:00Z,blm_malta_Malta District,Malta,EVI,1462.69944024635
2010-04-15T06:00:00Z,blm_malta_Malta District,Malta,NDVI,2572.5630535203
2010-04-15T06:00:00Z,blm_lewistown_Lewistown District,Lewistown,EVI,1833.7088715945988
2010-04-15T06:00:00Z,blm_lewistown_Lewistown District,Lewistown,NDVI,3207.2669330074646
2010-04-15T06:00:00Z,blm_missoula_Missoula District,Missoula,EVI,2404.689433235431
2010-04-15T06:00:00Z,blm_missoula_Missoula District,Missoula,NDVI,5002.994736276057
2010-04-15T06:00:00Z,blm_butte_Butte District,Butte,EVI,1928.2503231285248
2010-04-15T06:00:00Z,blm_butte_Butte District,Butte,NDVI,3428.8963439573063
2010-04-15T06:00:00Z,blm_dillon_Dillon District,Dillon,EVI,1787.0098027661782
2010-04-15T06:00:00Z,blm_dillon_Dillon District,Dillon,NDVI,2944.383306817176
2010-05-01T06:00:00Z,blm_billings_Billings District,Billings,EVI,2318.7112926027958
2010-05-01T06:00:00Z,blm_billings_Billings District,Billings,NDVI,3879.595444382366
2010-05-01T06:00:00Z,blm_miles-city_Miles City District,Miles City,EVI,1982.5803774283784
2010-05-01T06:00:00Z,blm_miles-city_Miles City District,Miles City,NDVI,3734.754612630241
2010-05-01T06:00:00Z,blm_malta_Malta District,Malta,EVI,1819.5796502834182
2010-05-01T06:00:00Z,blm_malta_Malta District,Malta,NDVI,3019.495037322987
2010-05-01T06:00:00Z,blm_lewistown_Lewistown District,Lewistown,EVI,2246.6845598163227
2010-05-01T06:00:00Z,blm_lewistown_Lewistown District,Lewistown,NDVI,3706.954161948062
2010-05-01T06:00:00Z,blm_missoula_Missoula District,Missoula,EVI,2722.022720583921
2010-05-01T06:00:00Z,blm_missoula_Missoula District,Missoula,NDVI,5500.982982716308
2010-05-01T06:00:00Z,blm_butte_Butte District,Butte,EVI,2195.6255099388623
2010-05-01T06:00:00Z,blm_butte_Butte District,Butte,NDVI,3720.901742900946
2010-05-01T06:00:00Z,blm_dillon_Dillon District,Dillon,EVI,2064.879025588728
2010-05-01T06:00:00Z,blm_dillon_Dillon District,Dillon,NDVI,3233.4905610245796
2010-05-17T06:00:00Z,blm_billings_Billings District,Billings,EVI,2679.70984140321
2010-05-17T06:00:00Z,blm_billings_Billings District,Billings,NDVI,4352.6591289287235
2010-05-17T06:00:00Z,blm_miles-city_Miles City District,Miles City,EVI,2267.0482645417146
2010-05-17T06:00:00Z,blm_miles-city_Miles City District,Miles City,NDVI,3846.652479263168
2010-05-17T06:00:00Z,blm_malta_Malta District,Malta,EVI,2098.4748790316044
2010-05-17T06:00:00Z,blm_malta_Malta District,Malta,NDVI,3701.3348223388957
2010-05-17T06:00:00Z,blm_lewistown_Lewistown District,Lewistown,EVI,2703.3875068055404
2010-05-17T06:00:00Z,blm_lewistown_Lewistown District,Lewistown,NDVI,4540.355049017764
2010-05-17T06:00:00Z,blm_missoula_Missoula District,Missoula,EVI,3070.796003852467
2010-05-17T06:00:00Z,blm_missoula_Missoula District,Missoula,NDVI,5734.032390903111
2010-05-17T06:00:00Z,blm_butte_Butte District,Butte,EVI,2192.856812783062
2010-05-17T06:00:00Z,blm_butte_Butte District,Butte,NDVI,4256.846471601496
2010-05-17T06:00:00Z,blm_dillon_Dillon District,Dillon,EVI,2340.069980535605
2010-05-17T06:00:00Z,blm_dillon_Dillon District,Dillon,NDVI,3747.5455764528806
2010-06-02T06:00:00Z,blm_billings_Billings District,Billings,EVI,3104.866319450813
2010-06-02T06:00:00Z,blm_billings_Billings District,Billings,NDVI,4947.964376954602
2010-06-02T06:00:00Z,blm_miles-city_Miles City District,Miles City,EVI,3065.1576798350384
2010-06-02T06:00:00Z,blm_miles-city_Miles City District,Miles City,NDVI,5063.588833977807
2010-06-02T06:00:00Z,blm_malta_Malta District,Malta,EVI,2882.3673167229927
2010-06-02T06:00:00Z,blm_malta_Malta District,Malta,NDVI,4449.081897536949
2010-06-02T06:00:00Z,blm_lewistown_Lewistown District,Lewistown,EVI,3237.7670039287505
2010-06-02T06:00:00Z,blm_lewistown_Lewistown District,Lewistown,NDVI,5256.655059135847
2010-06-02T06:00:00Z,blm_missoula_Missoula District,Missoula,EVI,3060.216505264278
2010-06-02T06:00:00Z,blm_missoula_Missoula District,Missoula,NDVI,6160.157450786822
2010-06-02T06:00:00Z,blm_butte_Butte District,Butte,EVI,2708.745489478438
2010-06-02T06:00:00Z,blm_butte_Butte District,Butte,NDVI,5053.936131158696
2010-06-02T06:00:00Z,blm_dillon_Dillon District,Dillon,EVI,2649.0159154884095
2010-06-02T06:00:00Z,blm_dillon_Dillon District,Dillon,NDVI,4797.435551518375
2010-06-18T06:00:00Z,blm_billings_Billings District,Billings,EVI,3168.227156454959
2010-06-18T06:00:00Z,blm_billings_Billings District,Billings,NDVI,5152.073689386635
2010-06-18T06:00:00Z,blm_miles-city_Miles City District,Miles City,EVI,3224.861638557598
2010-06-18T06:00:00Z,blm_miles-city_Miles City District,Miles City,NDVI,5244.936723525857
2010-06-18T06:00:00Z,blm_malta_Malta District,Malta,EVI,3129.653293826251
2010-06-18T06:00:00Z,blm_malta_Malta District,Malta,NDVI,5024.953388392933
2010-06-18T06:00:00Z,blm_lewistown_Lewistown District,Lewistown,EVI,3649.2843393057396
2010-06-18T06:00:00Z,blm_lewistown_Lewistown District,Lewistown,NDVI,5813.238844049672
2010-06-18T06:00:00Z,blm_missoula_Missoula District,Missoula,EVI,3280.238238621889
2010-06-18T06:00:00Z,blm_missoula_Missoula District,Missoula,NDVI,6476.281489712592
2010-06-18T06:00:00Z,blm_butte_Butte District,Butte,EVI,3124.1703648112994
2010-06-18T06:00:00Z,blm_butte_Butte District,Butte,NDVI,5510.128555439513
2010-06-18T06:00:00Z,blm_dillon_Dillon District,Dillon,EVI,2944.161605078828
2010-06-18T06:00:00Z,blm_dillon_Dillon District,Dillon,NDVI,5227.206075836597
2010-07-04T06:00:00Z,blm_billings_Billings District,Billings,EVI,2764.746906340075
2010-07-04T06:00:00Z,blm_billings_Billings District,Billings,NDVI,4531.395238413565
2010-07-04T06:00:00Z,blm_miles-city_Miles City District,Miles City,EVI,3133.2716451791293
2010-07-04T06:00:00Z,blm_miles-city_Miles City District,Miles City,NDVI,4930.9406930013565
2010-07-04T06:00:00Z,blm_malta_Malta District,Malta,EVI,2977.1690404751307
2010-07-04T06:00:00Z,blm_malta_Malta District,Malta,NDVI,4761.686836111183
2010-07-04T06:00:00Z,blm_lewistown_Lewistown District,Lewistown,EVI,3377.6572384654764
2010-07-04T06:00:00Z,blm_lewistown_Lewistown District,Lewistown,NDVI,5616.0583128074695
2010-07-04T06:00:00Z,blm_missoula_Missoula District,Missoula,EVI,3254.2497329412085
2010-07-04T06:00:00Z,blm_missoula_Missoula District,Missoula,NDVI,6683.241655795944
2010-07-04T06:00:00Z,blm_butte_Butte District,Butte,EVI,3109.502736494022
2010-07-04T06:00:00Z,blm_butte_Butte District,Butte,NDVI,5623.713048160002
2010-07-04T06:00:00Z,blm_dillon_Dillon District,Dillon,EVI,3055.369228648359
2010-07-04T06:00:00Z,blm_dillon_Dillon District,Dillon,NDVI,5391.680335322728
2010-07-20T06:00:00Z,blm_billings_Billings District,Billings,EVI,2378.558076985704
2010-07-20T06:00:00Z,blm_billings_Billings District,Billings,NDVI,4018.6671593672813
2010-07-20T06:00:00Z,blm_miles-city_Miles City District,Miles City,EVI,2691.7973751771824
2010-07-20T06:00:00Z,blm_miles-city_Miles City District,Miles City,NDVI,4488.056039499938
2010-07-20T06:00:00Z,blm_malta_Malta District,Malta,EVI,2605.514450979885
2010-07-20T06:00:00Z,blm_malta_Malta District,Malta,NDVI,4256.145552640348
2010-07-20T06:00:00Z,blm_lewistown_Lewistown District,Lewistown,EVI,2942.638397482276
2010-07-20T06:00:00Z,blm_lewistown_Lewistown District,Lewistown,NDVI,5056.658949236108
2010-07-20T06:00:00Z,blm_missoula_Missoula District,Missoula,EVI,3135.0458406246225
2010-07-20T06:00:00Z,blm_missoula_Missoula District,Missoula,NDVI,6674.248554069413
2010-07-20T06:00:00Z,blm_butte_Butte District,Butte,EVI,2859.448251540349
2010-07-20T06:00:00Z,blm_butte_Butte District,Butte,NDVI,5487.831422596845
2010-07-20T06:00:00Z,blm_dillon_Dillon District,Dillon,EVI,2888.390305654468
2010-07-20T06:00:00Z,blm_dillon_Dillon District,Dillon,NDVI,5178.955325218456
2010-08-05T06:00:00Z,blm_billings_Billings District,Billings,EVI,2212.70597130437
2010-08-05T06:00:00Z,blm_billings_Billings District,Billings,NDVI,3836.1336091700955
2010-08-05T06:00:00Z,blm_miles-city_Miles City District,Miles City,EVI,2314.3223961768476
2010-08-05T06:00:00Z,blm_miles-city_Miles City District,Miles City,NDVI,4005.1499280380053
2010-08-05T06:00:00Z,blm_malta_Malta District,Malta,EVI,2229.5224590520324
2010-08-05T06:00:00Z,blm_malta_Malta District,Malta,NDVI,3758.5716416475448
2010-08-05T06:00:00Z,blm_lewistown_Lewistown District,Lewistown,EVI,2665.328714801595
2010-08-05T06:00:00Z,blm_lewistown_Lewistown District,Lewistown,NDVI,4689.719496430324
2010-08-05T06:00:00Z,blm_missoula_Missoula District,Missoula,EVI,3044.2402469893173
2010-08-05T06:00:00Z,blm_missoula_Missoula District,Missoula,NDVI,6554.164945278396
2010-08-05T06:00:00Z,blm_butte_Butte District,Butte,EVI,2746.7066057222996
2010-08-05T06:00:00Z,blm_butte_Butte District,Butte,NDVI,5336.923131273045
2010-08-05T06:00:00Z,blm_dillon_Dillon District,Dillon,EVI,2674.5674009378995
2010-08-05T06:00:00Z,blm_dillon_Dillon District,Dillon,NDVI,5043.325517940047
2010-08-21T06:00:00Z,blm_billings_Billings District,Billings,EVI,1947.6348818977503
2010-08-21T06:00:00Z,blm_billings_Billings District,Billings,NDVI,3529.3415299504272
2010-08-21T06:00:00Z,blm_miles-city_Miles City District,Miles City,EVI,2017.5396012511342
2010-08-21T06:00:00Z,blm_miles-city_Miles City District,Miles City,NDVI,3529.7447861791343
2010-08-21T06:00:00Z,blm_malta_Malta District,Malta,EVI,1955.9214251286876
2010-08-21T06:00:00Z,blm_malta_Malta District,Malta,NDVI,3361.1345645053743
2010-08-21T06:00:00Z,blm_lewistown_Lewistown District,Lewistown,EVI,2328.8678180502857
2010-08-21T06:00:00Z,blm_lewistown_Lewistown District,Lewistown,NDVI,4351.449312475554
2010-08-21T06:00:00Z,blm_missoula_Missoula District,Missoula,EVI,2753.056590141927
2010-08-21T06:00:00Z,blm_missoula_Missoula District,Missoula,NDVI,6573.0710713905355
2010-08-21T06:00:00Z,blm_butte_Butte District,Butte,EVI,2411.6533560237917
2010-08-21T06:00:00Z,blm_butte_Butte District,Butte,NDVI,5118.766570586216
2010-08-21T06:00:00Z,blm_dillon_Dillon District,Dillon,EVI,2409.1619309498938
2010-08-21T06:00:00Z,blm_dillon_Dillon District,Dillon,NDVI,4817.434632641836
2010-09-06T06:00:00Z,blm_billings_Billings District,Billings,EVI,1988.775744700976
2010-09-06T06:00:00Z,blm_billings_Billings District,Billings,NDVI,3837.5379893792856
2010-09-06T06:00:00Z,blm_miles-city_Miles City District,Miles City,EVI,1931.0507559899274
2010-09-06T06:00:00Z,blm_miles-city_Miles City District,Miles City,NDVI,3536.768729093954
2010-09-06T06:00:00Z,blm_malta_Malta District,Malta,EVI,1855.5960883024347
2010-09-06T06:00:00Z,blm_malta_Malta District,Malta,NDVI,3477.1188928998317
2010-09-06T06:00:00Z,blm_lewistown_Lewistown District,Lewistown,EVI,2244.4846983769066
2010-09-06T06:00:00Z,blm_lewistown_Lewistown District,Lewistown,NDVI,4470.858595649111
2010-09-06T06:00:00Z,blm_missoula_Missoula District,Missoula,EVI,2789.5043949769934
2010-09-06T06:00:00Z,blm_missoula_Missoula District,Missoula,NDVI,6252.247071720254
2010-09-06T06:00:00Z,blm_butte_Butte District,Butte,EVI,2265.6343067934977
2010-09-06T06:00:00Z,blm_butte_Butte District,Butte,NDVI,5041.540240392022
2010-09-06T06:00:00Z,blm_dillon_Dillon District,Dillon,EVI,2262.8611413306558
2010-09-06T06:00:00Z,blm_dillon_Dillon District,Dillon,NDVI,4572.557062816802
2010-09-22T06:00:00Z,blm_billings_Billings District,Billings,EVI,1890.8993941003116
2010-09-22T06:00:00Z,blm_billings_Billings District,Billings,NDVI,3686.2937320549768
2010-09-22T06:00:00Z,blm_miles-city_Miles City District,Miles City,EVI,1768.9455628686599
2010-09-22T06:00:00Z,blm_miles-city_Miles City District,Miles City,NDVI,3343.249784828109
2010-09-22T06:00:00Z,blm_malta_Malta District,Malta,EVI,1802.5303693775832
2010-09-22T06:00:00Z,blm_malta_Malta District,Malta,NDVI,3489.5627833436342
2010-09-22T06:00:00Z,blm_lewistown_Lewistown District,Lewistown,EVI,2163.615430927137
2010-09-22T06:00:00Z,blm_lewistown_Lewistown District,Lewistown,NDVI,4399.717800495893
2010-09-22T06:00:00Z,blm_missoula_Missoula District,Missoula,EVI,2390.3917481694484
2010-09-22T06:00:00Z,blm_missoula_Missoula District,Missoula,NDVI,6135.348679145645
2010-09-22T06:00:00Z,blm_butte_Butte District,Butte,EVI,2171.9107606020634
2010-09-22T06:00:00Z,blm_butte_Butte District,Butte,NDVI,4764.524890860628
2010-09-22T06:00:00Z,blm_dillon_Dillon District,Dillon,EVI,2018.6566356924611
2010-09-22T06:00:00Z,blm_dillon_Dillon District,Dillon,NDVI,4258.266479890366
2010-10-08T06:00:00Z,blm_billings_Billings District,Billings,EVI,1923.146420576509
2010-10-08T06:00:00Z,blm_billings_Billings District,Billings,NDVI,3917.295884597299
2010-10-08T06:00:00Z,blm_miles-city_Miles City District,Miles City,EVI,1679.2023384967747
2010-10-08T06:00:00Z,blm_miles-city_Miles City District,Miles City,NDVI,3423.505926322171
2010-10-08T06:00:00Z,blm_malta_Malta District,Malta,EVI,1731.6158060017403
2010-10-08T06:00:00Z,blm_malta_Malta District,Malta,NDVI,3335.564938068935
2010-10-08T06:00:00Z,blm_lewistown_Lewistown District,Lewistown,EVI,2162.1249553911653
2010-10-08T06:00:00Z,blm_lewistown_Lewistown District,Lewistown,NDVI,4303.68985009127
2010-10-08T06:00:00Z,blm_missoula_Missoula District,Missoula,EVI,2357.3723314771933
2010-10-08T06:00:00Z,blm_missoula_Missoula District,Missoula,NDVI,5785.876732857564
2010-10-08T06:00:00Z,blm_butte_Butte District,Butte,EVI,1951.3617222538746
2010-10-08T06:00:00Z,blm_butte_Butte District,Butte,NDVI,4643.616179889531
2010-10-08T06:00:00Z,blm_dillon_Dillon District,Dillon,EVI,1836.1558160770821
2010-10-08T06:00:00Z,blm_dillon_Dillon District,Dillon,NDVI,4211.808725203099
2010-10-24T06:00:00Z,blm_billings_Billings District,Billings,EVI,1604.5855422418776
2010-10-24T06:00:00Z,blm_billings_Billings District,Billings,NDVI,3107.4740532489886
2010-10-24T06:00:00Z,blm_miles-city_Miles City District,Miles City,EVI,1446.416972510329
2010-10-24T06:00:00Z,blm_miles-city_Miles City District,Miles City,NDVI,2803.1109422181325
2010-10-24T06:00:00Z,blm_malta_Malta District,Malta,EVI,1502.9803889577506
2010-10-24T06:00:00Z,blm_malta_Malta District,Malta,NDVI,2847.7926367307314
2010-10-24T06:00:00Z,blm_lewistown_Lewistown District,Lewistown,EVI,1776.6565109417536
2010-10-24T06:00:00Z,blm_lewistown_Lewistown District,Lewistown,NDVI,3630.7224245994485
2010-10-24T06:00:00Z,blm_missoula_Missoula District,Missoula,EVI,2131.363681874422
2010-10-24T06:00:00Z,blm_missoula_Missoula District,Missoula,NDVI,5774.7293662136235
2010-10-24T06:00:00Z,blm_butte_Butte District,Butte,EVI,1777.2542412218409
2010-10-24T06:00:00Z,blm_butte_Butte District,Butte,NDVI,4196.544578643966
2010-10-24T06:00:00Z,blm_dillon_Dillon District,Dillon,EVI,1729.9087488435498
2010-10-24T06:00:00Z,blm_dillon_Dillon District,Dillon,NDVI,3627.8046303275196
2010-11-09T07:00:00Z,blm_billings_Billings District,Billings,EVI,1494.1860588463878
2010-11-09T07:00:00Z,blm_billings_Billings District,Billings,NDVI,3112.979804247683
2010-11-09T07:00:00Z,blm_miles-city_Miles City District,Miles City,EVI,1368.2054701447814
2010-11-09T07:00:00Z,blm_miles-city_Miles City District,Miles City,NDVI,2821.7350612995724
2010-11-09T07:00:00Z,blm_malta_Malta District,Malta,EVI,1436.1139833216564
2010-11-09T07:00:00Z,blm_malta_Malta District,Malta,NDVI,2775.715540297742
2010-11-09T07:00:00Z,blm_lewistown_Lewistown District,Lewistown,EVI,1623.8203267498905
2010-11-09T07:00:00Z,blm_lewistown_Lewistown District,Lewistown,NDVI,3092.7662106528555
2010-11-09T07:00:00Z,blm_missoula_Missoula District,Missoula,EVI,2231.5906687566257
2010-11-09T07:00:00Z,blm_missoula_Missoula District,Missoula,NDVI,6156.803080724186
2010-11-09T07:00:00Z,blm_butte_Butte District,Butte,EVI,1682.0722192231672
2010-11-09T07:00:00Z,blm_butte_Butte District,Butte,NDVI,3328.972262382811
2010-11-09T07:00:00Z,blm_dillon_Dillon District,Dillon,EVI,1978.130459403497
2010-11-09T07:00:00Z,blm_dillon_Dillon District,Dillon,NDVI,3143.623171065534
2010-11-25T07:00:00Z,blm_billings_Billings District,Billings,EVI,1216.0747669559628
2010-11-25T07:00:00Z,blm_billings_Billings District,Billings,NDVI,4332.7213114754095
2010-11-25T07:00:00Z,blm_miles-city_Miles City District,Miles City,EVI,NA
2010-11-25T07:00:00Z,blm_miles-city_Miles City District,Miles City,NDVI,NA
2010-11-25T07:00:00Z,blm_malta_Malta District,Malta,EVI,326
2010-11-25T07:00:00Z,blm_malta_Malta District,Malta,NDVI,409
2010-11-25T07:00:00Z,blm_lewistown_Lewistown District,Lewistown,EVI,NA
2010-11-25T07:00:00Z,blm_lewistown_Lewistown District,Lewistown,NDVI,NA
2010-11-25T07:00:00Z,blm_missoula_Missoula District,Missoula,EVI,800.4805475895827
2010-11-25T07:00:00Z,blm_missoula_Missoula District,Missoula,NDVI,2854.759020004978
2010-11-25T07:00:00Z,blm_butte_Butte District,Butte,EVI,871.0125974232984
2010-11-25T07:00:00Z,blm_butte_Butte District,Butte,NDVI,3045.369457816324
2010-11-25T07:00:00Z,blm_dillon_Dillon District,Dillon,EVI,NA
2010-11-25T07:00:00Z,blm_dillon_Dillon District,Dillon,NDVI,NA
2010-12-11T07:00:00Z,blm_billings_Billings District,Billings,EVI,1148.6933003256413
2010-12-11T07:00:00Z,blm_billings_Billings District,Billings,NDVI,2114.6168966206637
2010-12-11T07:00:00Z,blm_miles-city_Miles City District,Miles City,EVI,1128.468746899494
2010-12-11T07:00:00Z,blm_miles-city_Miles City District,Miles City,NDVI,2033.1015477725964
2010-12-11T07:00:00Z,blm_malta_Malta District,Malta,EVI,1331.9415743213588
2010-12-11T07:00:00Z,blm_malta_Malta District,Malta,NDVI,2342.160895123781
2010-12-11T07:00:00Z,blm_lewistown_Lewistown District,Lewistown,EVI,1309.3881876755543
2010-12-11T07:00:00Z,blm_lewistown_Lewistown District,Lewistown,NDVI,2306.3583781259276
2010-12-11T07:00:00Z,blm_missoula_Missoula District,Missoula,EVI,1997.2608329245454
2010-12-11T07:00:00Z,blm_missoula_Missoula District,Missoula,NDVI,4161.321544556147
2010-12-11T07:00:00Z,blm_butte_Butte District,Butte,EVI,1689.905503039067
2010-12-11T07:00:00Z,blm_butte_Butte District,Butte,NDVI,2500.9006770884357
2010-12-11T07:00:00Z,blm_dillon_Dillon District,Dillon,EVI,2155.4539236291475
2010-12-11T07:00:00Z,blm_dillon_Dillon District,Dillon,NDVI,3375.326472542816
2010-12-27T07:00:00Z,blm_billings_Billings District,Billings,EVI,1207.048311644127
2010-12-27T07:00:00Z,blm_billings_Billings District,Billings,NDVI,2329.8685463978904
2010-12-27T07:00:00Z,blm_miles-city_Miles City District,Miles City,EVI,1029.3751745810057
2010-12-27T07:00:00Z,blm_miles-city_Miles City District,Miles City,NDVI,1859.2126396648046
2010-12-27T07:00:00Z,blm_malta_Malta District,Malta,EVI,NA
2010-12-27T07:00:00Z,blm_malta_Malta District,Malta,NDVI,NA
2010-12-27T07:00:00Z,blm_lewistown_Lewistown District,Lewistown,EVI,1142.9975473643583
2010-12-27T07:00:00Z,blm_lewistown_Lewistown District,Lewistown,NDVI,2536.7525901603058
2010-12-27T07:00:00Z,blm_missoula_Missoula District,Missoula,EVI,716.2767950052029
2010-12-27T07:00:00Z,blm_missoula_Missoula District,Missoula,NDVI,3077.35414498786
2010-12-27T07:00:00Z,blm_butte_Butte District,Butte,EVI,1400.796722608122
2010-12-27T07:00:00Z,blm_butte_Butte District,Butte,NDVI,2467.415023555772
2010-12-27T07:00:00Z,blm_dillon_Dillon District,Dillon,EVI,NA
2010-12-27T07:00:00Z,blm_dillon_Dillon District,Dillon,NDVI,NA
2011-01-09T07:00:00Z,blm_billings_Billings District,Billings,EVI,1149.339200547572
2011-01-09T07:00:00Z,blm_billings_Billings District,Billings,NDVI,2044.4093172106916
2011-01-09T07:00:00Z,blm_miles-city_Miles City District,Miles City,EVI,NA
2011-01-09T07:00:00Z,blm_miles-city_Miles City District,Miles City,NDVI,NA
2011-01-09T07:00:00Z,blm_malta_Malta District,Malta,EVI,1129.5888129054883
2011-01-09T07:00:00Z,blm_malta_Malta District,Malta,NDVI,1807.7331229177626
2011-01-09T07:00:00Z,blm_lewistown_Lewistown District,Lewistown,EVI,1214.7065471904843
2011-01-09T07:00:00Z,blm_lewistown_Lewistown District,Lewistown,NDVI,2073.4032433302204
2011-01-09T07:00:00Z,blm_missoula_Missoula District,Missoula,EVI,1812.726249090718
2011-01-09T07:00:00Z,blm_missoula_Missoula District,Missoula,NDVI,3789.3586084298117
2011-01-09T07:00:00Z,blm_butte_Butte District,Butte,EVI,1270.9953450336359
2011-01-09T07:00:00Z,blm_butte_Butte District,Butte,NDVI,2293.579515152197
2011-01-09T07:00:00Z,blm_dillon_Dillon District,Dillon,EVI,1565.8528682032136
2011-01-09T07:00:00Z,blm_dillon_Dillon District,Dillon,NDVI,2362.6196157384184
2011-01-25T07:00:00Z,blm_billings_Billings District,Billings,EVI,1116.380974613227
2011-01-25T07:00:00Z,blm_billings_Billings District,Billings,NDVI,2078.5549067810257
2011-01-25T07:00:00Z,blm_miles-city_Miles City District,Miles City,EVI,870.291908891642
2011-01-25T07:00:00Z,blm_miles-city_Miles City District,Miles City,NDVI,1881.5511293243114
2011-01-25T07:00:00Z,blm_malta_Malta District,Malta,EVI,979.469909798251
2011-01-25T07:00:00Z,blm_malta_Malta District,Malta,NDVI,1956.0847707085313
2011-01-25T07:00:00Z,blm_lewistown_Lewistown District,Lewistown,EVI,1175.509895974441
2011-01-25T07:00:00Z,blm_lewistown_Lewistown District,Lewistown,NDVI,2023.2681953805459
2011-01-25T07:00:00Z,blm_missoula_Missoula District,Missoula,EVI,1607.64396227067
2011-01-25T07:00:00Z,blm_missoula_Missoula District,Missoula,NDVI,4041.189399854887
2011-01-25T07:00:00Z,blm_butte_Butte District,Butte,EVI,1243.619195537218
2011-01-25T07:00:00Z,blm_butte_Butte District,Butte,NDVI,2194.6556565332285
2011-01-25T07:00:00Z,blm_dillon_Dillon District,Dillon,EVI,1438.0052534362035
2011-01-25T07:00:00Z,blm_dillon_Dillon District,Dillon,NDVI,2369.934085320332
2011-02-10T07:00:00Z,blm_billings_Billings District,Billings,EVI,1183.6806417797566
2011-02-10T07:00:00Z,blm_billings_Billings District,Billings,NDVI,2188.739134192136
2011-02-10T07:00:00Z,blm_miles-city_Miles City District,Miles City,EVI,1093.5868785293765
2011-02-10T07:00:00Z,blm_miles-city_Miles City District,Miles City,NDVI,2159.690683639518
2011-02-10T07:00:00Z,blm_malta_Malta District,Malta,EVI,983.4919340083708
2011-02-10T07:00:00Z,blm_malta_Malta District,Malta,NDVI,1990.484751104837
2011-02-10T07:00:00Z,blm_lewistown_Lewistown District,Lewistown,EVI,1085.9253247997651
2011-02-10T07:00:00Z,blm_lewistown_Lewistown District,Lewistown,NDVI,2041.3874344730652
2011-02-10T07:00:00Z,blm_missoula_Missoula District,Missoula,EVI,1784.4069586216149
2011-02-10T07:00:00Z,blm_missoula_Missoula District,Missoula,NDVI,3773.0662606129135
2011-02-10T07:00:00Z,blm_butte_Butte District,Butte,EVI,1301.9906130126076
2011-02-10T07:00:00Z,blm_butte_Butte District,Butte,NDVI,2182.7653335986142
2011-02-10T07:00:00Z,blm_dillon_Dillon District,Dillon,EVI,1433.9354974875262
2011-02-10T07:00:00Z,blm_dillon_Dillon District,Dillon,NDVI,2127.750904793188
2011-02-26T07:00:00Z,blm_billings_Billings District,Billings,EVI,1178.7773948022802
2011-02-26T07:00:00Z,blm_billings_Billings District,Billings,NDVI,2139.2491533668544
2011-02-26T07:00:00Z,blm_miles-city_Miles City District,Miles City,EVI,1165.1935087157622
2011-02-26T07:00:00Z,blm_miles-city_Miles City District,Miles City,NDVI,2119.781744029096
2011-02-26T07:00:00Z,blm_malta_Malta District,Malta,EVI,916.9954882544251
2011-02-26T07:00:00Z,blm_malta_Malta District,Malta,NDVI,1796.5867816124644
2011-02-26T07:00:00Z,blm_lewistown_Lewistown District,Lewistown,EVI,1094.152551088849
2011-02-26T07:00:00Z,blm_lewistown_Lewistown District,Lewistown,NDVI,1979.0399408185376
2011-02-26T07:00:00Z,blm_missoula_Missoula District,Missoula,EVI,1686.1317388061025
2011-02-26T07:00:00Z,blm_missoula_Missoula District,Missoula,NDVI,3121.9677032629475
2011-02-26T07:00:00Z,blm_butte_Butte District,Butte,EVI,1192.0164973935316
2011-02-26T07:00:00Z,blm_butte_Butte District,Butte,NDVI,2099.0407291310767
2011-02-26T07:00:00Z,blm_dillon_Dillon District,Dillon,EVI,1311.921155330431
2011-02-26T07:00:00Z,blm_dillon_Dillon District,Dillon,NDVI,2022.10635416986
2011-03-14T06:00:00Z,blm_billings_Billings District,Billings,EVI,1230.802999053555
2011-03-14T06:00:00Z,blm_billings_Billings District,Billings,NDVI,2263.6104314895974
2011-03-14T06:00:00Z,blm_miles-city_Miles City District,Miles City,EVI,1201.8040791418891
2011-03-14T06:00:00Z,blm_miles-city_Miles City District,Miles City,NDVI,2142.465584306593
2011-03-14T06:00:00Z,blm_malta_Malta District,Malta,EVI,980.7971252572984
2011-03-14T06:00:00Z,blm_malta_Malta District,Malta,NDVI,1861.1645713929754
2011-03-14T06:00:00Z,blm_lewistown_Lewistown District,Lewistown,EVI,1166.9492675928059
2011-03-14T06:00:00Z,blm_lewistown_Lewistown District,Lewistown,NDVI,2109.3348185468526
2011-03-14T06:00:00Z,blm_missoula_Missoula District,Missoula,EVI,1833.5617076826582
2011-03-14T06:00:00Z,blm_missoula_Missoula District,Missoula,NDVI,3177.5349210350537
2011-03-14T06:00:00Z,blm_butte_Butte District,Butte,EVI,1412.1347157210619
2011-03-14T06:00:00Z,blm_butte_Butte District,Butte,NDVI,2361.7741344851465
2011-03-14T06:00:00Z,blm_dillon_Dillon District,Dillon,EVI,1523.6131963116293
2011-03-14T06:00:00Z,blm_dillon_Dillon District,Dillon,NDVI,2184.4906153402408
2011-03-30T06:00:00Z,blm_billings_Billings District,Billings,EVI,1403.0092779796432
2011-03-30T06:00:00Z,blm_billings_Billings District,Billings,NDVI,2707.8949577622834
2011-03-30T06:00:00Z,blm_miles-city_Miles City District,Miles City,EVI,1252.5455711584254
2011-03-30T06:00:00Z,blm_miles-city_Miles City District,Miles City,NDVI,2459.745414644077
2011-03-30T06:00:00Z,blm_malta_Malta District,Malta,EVI,1134.238468713092
2011-03-30T06:00:00Z,blm_malta_Malta District,Malta,NDVI,2144.8088822827945
2011-03-30T06:00:00Z,blm_lewistown_Lewistown District,Lewistown,EVI,1357.5407869863245
2011-03-30T06:00:00Z,blm_lewistown_Lewistown District,Lewistown,NDVI,2395.735345217344
2011-03-30T06:00:00Z,blm_missoula_Missoula District,Missoula,EVI,2182.2466030335045
2011-03-30T06:00:00Z,blm_missoula_Missoula District,Missoula,NDVI,4146.856144417247
2011-03-30T06:00:00Z,blm_butte_Butte District,Butte,EVI,1522.5018989150365
2011-03-30T06:00:00Z,blm_butte_Butte District,Butte,NDVI,2657.2696617853426
2011-03-30T06:00:00Z,blm_dillon_Dillon District,Dillon,EVI,1366.6336553836863
2011-03-30T06:00:00Z,blm_dillon_Dillon District,Dillon,NDVI,2129.66859921334
2011-04-15T06:00:00Z,blm_billings_Billings District,Billings,EVI,1725.8129082978944
2011-04-15T06:00:00Z,blm_billings_Billings District,Billings,NDVI,3034.325299253941
2011-04-15T06:00:00Z,blm_miles-city_Miles City District,Miles City,EVI,1457.4786132811341
2011-04-15T06:00:00Z,blm_miles-city_Miles City District,Miles City,NDVI,2691.0622587787598
2011-04-15T06:00:00Z,blm_malta_Malta District,Malta,EVI,1368.9941152848637
2011-04-15T06:00:00Z,blm_malta_Malta District,Malta,NDVI,2374.640019593651
2011-04-15T06:00:00Z,blm_lewistown_Lewistown District,Lewistown,EVI,1527.116389303491
2011-04-15T06:00:00Z,blm_lewistown_Lewistown District,Lewistown,NDVI,2659.3595240353447
2011-04-15T06:00:00Z,blm_missoula_Missoula District,Missoula,EVI,2385.3442588767084
2011-04-15T06:00:00Z,blm_missoula_Missoula District,Missoula,NDVI,4775.291904580435
2011-04-15T06:00:00Z,blm_butte_Butte District,Butte,EVI,1796.0135589116153
2011-04-15T06:00:00Z,blm_butte_Butte District,Butte,NDVI,3016.0434509821257
2011-04-15T06:00:00Z,blm_dillon_Dillon District,Dillon,EVI,1528.5250653332037
2011-04-15T06:00:00Z,blm_dillon_Dillon District,Dillon,NDVI,2417.1760530351053
2011-05-01T06:00:00Z,blm_billings_Billings District,Billings,EVI,2084.651637606179
2011-05-01T06:00:00Z,blm_billings_Billings District,Billings,NDVI,3839.2639063411557
2011-05-01T06:00:00Z,blm_miles-city_Miles City District,Miles City,EVI,2004.148149548542
2011-05-01T06:00:00Z,blm_miles-city_Miles City District,Miles City,NDVI,3692.5470905460943
2011-05-01T06:00:00Z,blm_malta_Malta District,Malta,EVI,1810.6096694413095
2011-05-01T06:00:00Z,blm_malta_Malta District,Malta,NDVI,3200.558563107179
2011-05-01T06:00:00Z,blm_lewistown_Lewistown District,Lewistown,EVI,2037.2083079112447
2011-05-01T06:00:00Z,blm_lewistown_Lewistown District,Lewistown,NDVI,3560.1882626146034
2011-05-01T06:00:00Z,blm_missoula_Missoula District,Missoula,EVI,2626.021049694981
2011-05-01T06:00:00Z,blm_missoula_Missoula District,Missoula,NDVI,5403.515710146323
2011-05-01T06:00:00Z,blm_butte_Butte District,Butte,EVI,2038.0552202768138
2011-05-01T06:00:00Z,blm_butte_Butte District,Butte,NDVI,3737.9474138226624
2011-05-01T06:00:00Z,blm_dillon_Dillon District,Dillon,EVI,1887.168760419258
2011-05-01T06:00:00Z,blm_dillon_Dillon District,Dillon,NDVI,3183.997443653816
2011-05-17T06:00:00Z,blm_billings_Billings District,Billings,EVI,2637.638880942035
2011-05-17T06:00:00Z,blm_billings_Billings District,Billings,NDVI,4394.166510049873
2011-05-17T06:00:00Z,blm_miles-city_Miles City District,Miles City,EVI,2606.5005474873733
2011-05-17T06:00:00Z,blm_miles-city_Miles City District,Miles City,NDVI,4280.727174852588
2011-05-17T06:00:00Z,blm_malta_Malta District,Malta,EVI,2346.5583738974315
2011-05-17T06:00:00Z,blm_malta_Malta District,Malta,NDVI,3849.695074402055
2011-05-17T06:00:00Z,blm_lewistown_Lewistown District,Lewistown,EVI,2815.03006535549
2011-05-17T06:00:00Z,blm_lewistown_Lewistown District,Lewistown,NDVI,4540.35355973332
2011-05-17T06:00:00Z,blm_missoula_Missoula District,Missoula,EVI,2865.545854122397
2011-05-17T06:00:00Z,blm_missoula_Missoula District,Missoula,NDVI,6060.6728123681405
2011-05-17T06:00:00Z,blm_butte_Butte District,Butte,EVI,2672.3806772873745
2011-05-17T06:00:00Z,blm_butte_Butte District,Butte,NDVI,4574.75468873728
2011-05-17T06:00:00Z,blm_dillon_Dillon District,Dillon,EVI,2425.5200044746102
2011-05-17T06:00:00Z,blm_dillon_Dillon District,Dillon,NDVI,3978.4625142378522
2011-06-02T06:00:00Z,blm_billings_Billings District,Billings,EVI,3121.2435070899487
2011-06-02T06:00:00Z,blm_billings_Billings District,Billings,NDVI,5227.470907620613
2011-06-02T06:00:00Z,blm_miles-city_Miles City District,Miles City,EVI,2880.415044162346
2011-06-02T06:00:00Z,blm_miles-city_Miles City District,Miles City,NDVI,4764.4641651765205
2011-06-02T06:00:00Z,blm_malta_Malta District,Malta,EVI,2722.309305020036
2011-06-02T06:00:00Z,blm_malta_Malta District,Malta,NDVI,4683.406039189042
2011-06-02T06:00:00Z,blm_lewistown_Lewistown District,Lewistown,EVI,3135.3419330839615
2011-06-02T06:00:00Z,blm_lewistown_Lewistown District,Lewistown,NDVI,5278.818401585351
2011-06-02T06:00:00Z,blm_missoula_Missoula District,Missoula,EVI,3330.832797797312
2011-06-02T06:00:00Z,blm_missoula_Missoula District,Missoula,NDVI,6227.056329622127
2011-06-02T06:00:00Z,blm_butte_Butte District,Butte,EVI,2876.1394602603546
2011-06-02T06:00:00Z,blm_butte_Butte District,Butte,NDVI,5159.981017387971
2011-06-02T06:00:00Z,blm_dillon_Dillon District,Dillon,EVI,2630.5712510939425
2011-06-02T06:00:00Z,blm_dillon_Dillon District,Dillon,NDVI,4595.128613713957
2011-06-18T06:00:00Z,blm_billings_Billings District,Billings,EVI,3408.982711093675
2011-06-18T06:00:00Z,blm_billings_Billings District,Billings,NDVI,5663.598734820017
2011-06-18T06:00:00Z,blm_miles-city_Miles City District,Miles City,EVI,3266.7613208267917
2011-06-18T06:00:00Z,blm_miles-city_Miles City District,Miles City,NDVI,5428.882612455965
2011-06-18T06:00:00Z,blm_malta_Malta District,Malta,EVI,3484.845719224957
2011-06-18T06:00:00Z,blm_malta_Malta District,Malta,NDVI,5385.380049908692
2011-06-18T06:00:00Z,blm_lewistown_Lewistown District,Lewistown,EVI,3695.9025820585375
2011-06-18T06:00:00Z,blm_lewistown_Lewistown District,Lewistown,NDVI,5853.91757466644
2011-06-18T06:00:00Z,blm_missoula_Missoula District,Missoula,EVI,3445.8785603761185
2011-06-18T06:00:00Z,blm_missoula_Missoula District,Missoula,NDVI,6619.20388824552
2011-06-18T06:00:00Z,blm_butte_Butte District,Butte,EVI,3210.8462799415674
2011-06-18T06:00:00Z,blm_butte_Butte District,Butte,NDVI,5721.572068366248
2011-06-18T06:00:00Z,blm_dillon_Dillon District,Dillon,EVI,2998.9967404105378
2011-06-18T06:00:00Z,blm_dillon_Dillon District,Dillon,NDVI,5282.486049288661
2011-07-04T06:00:00Z,blm_billings_Billings District,Billings,EVI,3140.768263722562
2011-07-04T06:00:00Z,blm_billings_Billings District,Billings,NDVI,5137.369819377256
2011-07-04T06:00:00Z,blm_miles-city_Miles City District,Miles City,EVI,3249.8825323923757
2011-07-04T06:00:00Z,blm_miles-city_Miles City District,Miles City,NDVI,5330.855828401575
2011-07-04T06:00:00Z,blm_malta_Malta District,Malta,EVI,3174.295166254803
2011-07-04T06:00:00Z,blm_malta_Malta District,Malta,NDVI,5035.410362578896
2011-07-04T06:00:00Z,blm_lewistown_Lewistown District,Lewistown,EVI,3468.5173103028255
2011-07-04T06:00:00Z,blm_lewistown_Lewistown District,Lewistown,NDVI,5603.406351945936
2011-07-04T06:00:00Z,blm_missoula_Missoula District,Missoula,EVI,3586.7830985884643
2011-07-04T06:00:00Z,blm_missoula_Missoula District,Missoula,NDVI,6725.960975088401
2011-07-04T06:00:00Z,blm_butte_Butte District,Butte,EVI,3249.7636112225346
2011-07-04T06:00:00Z,blm_butte_Butte District,Butte,NDVI,5645.939061077102
2011-07-04T06:00:00Z,blm_dillon_Dillon District,Dillon,EVI,3188.5232354527307
2011-07-04T06:00:00Z,blm_dillon_Dillon District,Dillon,NDVI,5424.432723267783
2011-07-20T06:00:00Z,blm_billings_Billings District,Billings,EVI,2662.504005799883
2011-07-20T06:00:00Z,blm_billings_Billings District,Billings,NDVI,4508.794777814661
2011-07-20T06:00:00Z,blm_miles-city_Miles City District,Miles City,EVI,2924.415599692759
2011-07-20T06:00:00Z,blm_miles-city_Miles City District,Miles City,NDVI,4814.0286071213595
2011-07-20T06:00:00Z,blm_malta_Malta District,Malta,EVI,2861.956202791941
2011-07-20T06:00:00Z,blm_malta_Malta District,Malta,NDVI,4549.098513862599
2011-07-20T06:00:00Z,blm_lewistown_Lewistown District,Lewistown,EVI,3060.4830536404033
2011-07-20T06:00:00Z,blm_lewistown_Lewistown District,Lewistown,NDVI,5155.147280467139
2011-07-20T06:00:00Z,blm_missoula_Missoula District,Missoula,EVI,3446.8814071351476
2011-07-20T06:00:00Z,blm_missoula_Missoula District,Missoula,NDVI,6792.572125767847
2011-07-20T06:00:00Z,blm_butte_Butte District,Butte,EVI,2954.0293835926304
2011-07-20T06:00:00Z,blm_butte_Butte District,Butte,NDVI,5474.0003933101925
2011-07-20T06:00:00Z,blm_dillon_Dillon District,Dillon,EVI,2913.3002889738264
2011-07-20T06:00:00Z,blm_dillon_Dillon District,Dillon,NDVI,5284.009731961831
2011-08-05T06:00:00Z,blm_billings_Billings District,Billings,EVI,2379.606897086398
2011-08-05T06:00:00Z,blm_billings_Billings District,Billings,NDVI,4062.279353310631
2011-08-05T06:00:00Z,blm_miles-city_Miles City District,Miles City,EVI,2456.0191873091217
2011-08-05T06:00:00Z,blm_miles-city_Miles City District,Miles City,NDVI,4190.861712104824
2011-08-05T06:00:00Z,blm_malta_Malta District,Malta,EVI,2361.436764413923
2011-08-05T06:00:00Z,blm_malta_Malta District,Malta,NDVI,3880.6730641539434
2011-08-05T06:00:00Z,blm_lewistown_Lewistown District,Lewistown,EVI,2720.3699140105928
2011-08-05T06:00:00Z,blm_lewistown_Lewistown District,Lewistown,NDVI,4681.107306154615
2011-08-05T06:00:00Z,blm_missoula_Missoula District,Missoula,EVI,3258.561470606021
2011-08-05T06:00:00Z,blm_missoula_Missoula District,Missoula,NDVI,6658.166595186796
2011-08-05T06:00:00Z,blm_butte_Butte District,Butte,EVI,2748.7870613938835
2011-08-05T06:00:00Z,blm_butte_Butte District,Butte,NDVI,5200.474961251723
2011-08-05T06:00:00Z,blm_dillon_Dillon District,Dillon,EVI,2735.819186769711
2011-08-05T06:00:00Z,blm_dillon_Dillon District,Dillon,NDVI,4946.214294389314
2011-08-21T06:00:00Z,blm_billings_Billings District,Billings,EVI,2119.755172261552
2011-08-21T06:00:00Z,blm_billings_Billings District,Billings,NDVI,3678.5429986145887
2011-08-21T06:00:00Z,blm_miles-city_Miles City District,Miles City,EVI,2124.4205136289825
2011-08-21T06:00:00Z,blm_miles-city_Miles City District,Miles City,NDVI,3697.3290081639175
2011-08-21T06:00:00Z,blm_malta_Malta District,Malta,EVI,2024.822748594065
2011-08-21T06:00:00Z,blm_malta_Malta District,Malta,NDVI,3364.157515324735
2011-08-21T06:00:00Z,blm_lewistown_Lewistown District,Lewistown,EVI,2351.827257313279
2011-08-21T06:00:00Z,blm_lewistown_Lewistown District,Lewistown,NDVI,4082.019871081961
2011-08-21T06:00:00Z,blm_missoula_Missoula District,Missoula,EVI,2998.615603204274
2011-08-21T06:00:00Z,blm_missoula_Missoula District,Missoula,NDVI,6470.34850538493
2011-08-21T06:00:00Z,blm_butte_Butte District,Butte,EVI,2449.396171412808
2011-08-21T06:00:00Z,blm_butte_Butte District,Butte,NDVI,4910.833297976309
2011-08-21T06:00:00Z,blm_dillon_Dillon District,Dillon,EVI,2572.7483645240686
2011-08-21T06:00:00Z,blm_dillon_Dillon District,Dillon,NDVI,4707.228738449806
2011-09-06T06:00:00Z,blm_billings_Billings District,Billings,EVI,1956.176381848252
2011-09-06T06:00:00Z,blm_billings_Billings District,Billings,NDVI,3399.969512691857
2011-09-06T06:00:00Z,blm_miles-city_Miles City District,Miles City,EVI,1909.6364000624546
2011-09-06T06:00:00Z,blm_miles-city_Miles City District,Miles City,NDVI,3239.61608840826
2011-09-06T06:00:00Z,blm_malta_Malta District,Malta,EVI,1812.714456843141
2011-09-06T06:00:00Z,blm_malta_Malta District,Malta,NDVI,3044.481224259589
2011-09-06T06:00:00Z,blm_lewistown_Lewistown District,Lewistown,EVI,2099.3014511256306
2011-09-06T06:00:00Z,blm_lewistown_Lewistown District,Lewistown,NDVI,3820.272206559475
2011-09-06T06:00:00Z,blm_missoula_Missoula District,Missoula,EVI,2704.481495916943
2011-09-06T06:00:00Z,blm_missoula_Missoula District,Missoula,NDVI,6233.840131499908
2011-09-06T06:00:00Z,blm_butte_Butte District,Butte,EVI,2192.9707311410853
2011-09-06T06:00:00Z,blm_butte_Butte District,Butte,NDVI,4587.06374174634
2011-09-06T06:00:00Z,blm_dillon_Dillon District,Dillon,EVI,2118.5739221056247
2011-09-06T06:00:00Z,blm_dillon_Dillon District,Dillon,NDVI,4281.784534854563
2011-09-22T06:00:00Z,blm_billings_Billings District,Billings,EVI,1797.5385767609362
2011-09-22T06:00:00Z,blm_billings_Billings District,Billings,NDVI,3129.496738952202
2011-09-22T06:00:00Z,blm_miles-city_Miles City District,Miles City,EVI,1669.6038528531567
2011-09-22T06:00:00Z,blm_miles-city_Miles City District,Miles City,NDVI,2914.3377288401584
2011-09-22T06:00:00Z,blm_malta_Malta District,Malta,EVI,1669.7406171783643
2011-09-22T06:00:00Z,blm_malta_Malta District,Malta,NDVI,2750.1832174333526
2011-09-22T06:00:00Z,blm_lewistown_Lewistown District,Lewistown,EVI,1995.496270910994
2011-09-22T06:00:00Z,blm_lewistown_Lewistown District,Lewistown,NDVI,3533.6408346451008
2011-09-22T06:00:00Z,blm_missoula_Missoula District,Missoula,EVI,2658.9664903079283
2011-09-22T06:00:00Z,blm_missoula_Missoula District,Missoula,NDVI,6114.151564051865
2011-09-22T06:00:00Z,blm_butte_Butte District,Butte,EVI,2058.4774219148094
2011-09-22T06:00:00Z,blm_butte_Butte District,Butte,NDVI,4289.5806527965415
2011-09-22T06:00:00Z,blm_dillon_Dillon District,Dillon,EVI,1954.0873105071507
2011-09-22T06:00:00Z,blm_dillon_Dillon District,Dillon,NDVI,3990.332969870692
2011-10-08T06:00:00Z,blm_billings_Billings District,Billings,EVI,1653.9144593588132
2011-10-08T06:00:00Z,blm_billings_Billings District,Billings,NDVI,3184.546004973165
2011-10-08T06:00:00Z,blm_miles-city_Miles City District,Miles City,EVI,1540.276718373941
2011-10-08T06:00:00Z,blm_miles-city_Miles City District,Miles City,NDVI,2767.1321279691033
2011-10-08T06:00:00Z,blm_malta_Malta District,Malta,EVI,1511.1596539789314
2011-10-08T06:00:00Z,blm_malta_Malta District,Malta,NDVI,2671.33725910626
2011-10-08T06:00:00Z,blm_lewistown_Lewistown District,Lewistown,EVI,1731.675268126039
2011-10-08T06:00:00Z,blm_lewistown_Lewistown District,Lewistown,NDVI,3594.8407493527375
2011-10-08T06:00:00Z,blm_missoula_Missoula District,Missoula,EVI,2344.1314868273507
2011-10-08T06:00:00Z,blm_missoula_Missoula District,Missoula,NDVI,6211.739936976904
2011-10-08T06:00:00Z,blm_butte_Butte District,Butte,EVI,1873.4470908395717
2011-10-08T06:00:00Z,blm_butte_Butte District,Butte,NDVI,4564.736150965709
2011-10-08T06:00:00Z,blm_dillon_Dillon District,Dillon,EVI,1876.8825534028613
2011-10-08T06:00:00Z,blm_dillon_Dillon District,Dillon,NDVI,4153.148754992372
2011-10-24T06:00:00Z,blm_billings_Billings District,Billings,EVI,1699.0849435869218
2011-10-24T06:00:00Z,blm_billings_Billings District,Billings,NDVI,2892.2121513922293
2011-10-24T06:00:00Z,blm_miles-city_Miles City District,Miles City,EVI,1527.2744162654014
2011-10-24T06:00:00Z,blm_miles-city_Miles City District,Miles City,NDVI,2627.6922925279955
2011-10-24T06:00:00Z,blm_malta_Malta District,Malta,EVI,1448.0739599473245
2011-10-24T06:00:00Z,blm_malta_Malta District,Malta,NDVI,2404.3817241251477
2011-10-24T06:00:00Z,blm_lewistown_Lewistown District,Lewistown,EVI,1746.936065750576
2011-10-24T06:00:00Z,blm_lewistown_Lewistown District,Lewistown,NDVI,3125.703024185155
2011-10-24T06:00:00Z,blm_missoula_Missoula District,Missoula,EVI,2441.110130183535
2011-10-24T06:00:00Z,blm_missoula_Missoula District,Missoula,NDVI,5424.909445648417
2011-10-24T06:00:00Z,blm_butte_Butte District,Butte,EVI,1810.9452613568096
2011-10-24T06:00:00Z,blm_butte_Butte District,Butte,NDVI,4152.708523480483
2011-10-24T06:00:00Z,blm_dillon_Dillon District,Dillon,EVI,1717.9254388218474
2011-10-24T06:00:00Z,blm_dillon_Dillon District,Dillon,NDVI,3788.5839126292685
2011-11-09T07:00:00Z,blm_billings_Billings District,Billings,EVI,1548.293138023836
2011-11-09T07:00:00Z,blm_billings_Billings District,Billings,NDVI,2602.1973720302017
2011-11-09T07:00:00Z,blm_miles-city_Miles City District,Miles City,EVI,1356.5996878116016
2011-11-09T07:00:00Z,blm_miles-city_Miles City District,Miles City,NDVI,2466.6605298292016
2011-11-09T07:00:00Z,blm_malta_Malta District,Malta,EVI,1343.2176732359767
2011-11-09T07:00:00Z,blm_malta_Malta District,Malta,NDVI,2102.4786868698006
2011-11-09T07:00:00Z,blm_lewistown_Lewistown District,Lewistown,EVI,1547.4179657797429
2011-11-09T07:00:00Z,blm_lewistown_Lewistown District,Lewistown,NDVI,2611.130751575969
2011-11-09T07:00:00Z,blm_missoula_Missoula District,Missoula,EVI,2272.585613911508
2011-11-09T07:00:00Z,blm_missoula_Missoula District,Missoula,NDVI,5228.3852723181635
2011-11-09T07:00:00Z,blm_butte_Butte District,Butte,EVI,1734.6294686932538
2011-11-09T07:00:00Z,blm_butte_Butte District,Butte,NDVI,3657.592116946382
2011-11-09T07:00:00Z,blm_dillon_Dillon District,Dillon,EVI,1749.79490407444
2011-11-09T07:00:00Z,blm_dillon_Dillon District,Dillon,NDVI,3180.775825322186
2011-11-25T07:00:00Z,blm_billings_Billings District,Billings,EVI,1395.2448421372515
2011-11-25T07:00:00Z,blm_billings_Billings District,Billings,NDVI,2503.838575531662
2011-11-25T07:00:00Z,blm_miles-city_Miles City District,Miles City,EVI,1312.8217945605247
2011-11-25T07:00:00Z,blm_miles-city_Miles City District,Miles City,NDVI,2336.9145724196846
2011-11-25T07:00:00Z,blm_malta_Malta District,Malta,EVI,1255.4089503983282
2011-11-25T07:00:00Z,blm_malta_Malta District,Malta,NDVI,2112.227179941399
2011-11-25T07:00:00Z,blm_lewistown_Lewistown District,Lewistown,EVI,1388.3688154655263
2011-11-25T07:00:00Z,blm_lewistown_Lewistown District,Lewistown,NDVI,2390.5944592383244
2011-11-25T07:00:00Z,blm_missoula_Missoula District,Missoula,EVI,2146.412918175177
2011-11-25T07:00:00Z,blm_missoula_Missoula District,Missoula,NDVI,4755.390914186558
2011-11-25T07:00:00Z,blm_butte_Butte District,Butte,EVI,1428.1771814533727
2011-11-25T07:00:00Z,blm_butte_Butte District,Butte,NDVI,2521.906557765173
2011-11-25T07:00:00Z,blm_dillon_Dillon District,Dillon,EVI,1353.0965089346957
2011-11-25T07:00:00Z,blm_dillon_Dillon District,Dillon,NDVI,2305.7499466732093
2011-12-11T07:00:00Z,blm_billings_Billings District,Billings,EVI,1349.1264824893667
2011-12-11T07:00:00Z,blm_billings_Billings District,Billings,NDVI,2302.714890606584
2011-12-11T07:00:00Z,blm_miles-city_Miles City District,Miles City,EVI,1297.6445850609264
2011-12-11T07:00:00Z,blm_miles-city_Miles City District,Miles City,NDVI,2222.4069983262475
2011-12-11T07:00:00Z,blm_malta_Malta District,Malta,EVI,1235.298530318369
2011-12-11T07:00:00Z,blm_malta_Malta District,Malta,NDVI,1954.698196681999
2011-12-11T07:00:00Z,blm_lewistown_Lewistown District,Lewistown,EVI,1282.9286816264732
2011-12-11T07:00:00Z,blm_lewistown_Lewistown District,Lewistown,NDVI,2141.054076906748
2011-12-11T07:00:00Z,blm_missoula_Missoula District,Missoula,EVI,1910.6839675299461
2011-12-11T07:00:00Z,blm_missoula_Missoula District,Missoula,NDVI,4199.19040575776
2011-12-11T07:00:00Z,blm_butte_Butte District,Butte,EVI,1292.9424782824717
2011-12-11T07:00:00Z,blm_butte_Butte District,Butte,NDVI,2302.1830517681224
2011-12-11T07:00:00Z,blm_dillon_Dillon District,Dillon,EVI,1238.018960366426
2011-12-11T07:00:00Z,blm_dillon_Dillon District,Dillon,NDVI,2083.3641688756747
2011-12-27T07:00:00Z,blm_billings_Billings District,Billings,EVI,1316.0084941957855
2011-12-27T07:00:00Z,blm_billings_Billings District,Billings,NDVI,2418.9207794801146
2011-12-27T07:00:00Z,blm_miles-city_Miles City District,Miles City,EVI,1247.1379449268488
2011-12-27T07:00:00Z,blm_miles-city_Miles City District,Miles City,NDVI,2292.4619079299337
2011-12-27T07:00:00Z,blm_malta_Malta District,Malta,EVI,1183.6552507233553
2011-12-27T07:00:00Z,blm_malta_Malta District,Malta,NDVI,2026.174393818743
2011-12-27T07:00:00Z,blm_lewistown_Lewistown District,Lewistown,EVI,1332.8830937408904
2011-12-27T07:00:00Z,blm_lewistown_Lewistown District,Lewistown,NDVI,2331.9195562346395
2011-12-27T07:00:00Z,blm_missoula_Missoula District,Missoula,EVI,1805.9184245571394
2011-12-27T07:00:00Z,blm_missoula_Missoula District,Missoula,NDVI,4308.478672833169
2011-12-27T07:00:00Z,blm_butte_Butte District,Butte,EVI,1348.8140432278835
2011-12-27T07:00:00Z,blm_butte_Butte District,Butte,NDVI,2475.2063674556935
2011-12-27T07:00:00Z,blm_dillon_Dillon District,Dillon,EVI,1335.163932894774
2011-12-27T07:00:00Z,blm_dillon_Dillon District,Dillon,NDVI,2274.2747473494437
2012-01-09T07:00:00Z,blm_billings_Billings District,Billings,EVI,1437.5182689862052
2012-01-09T07:00:00Z,blm_billings_Billings District,Billings,NDVI,2335.9098099761013
2012-01-09T07:00:00Z,blm_miles-city_Miles City District,Miles City,EVI,1430.6835647030985
2012-01-09T07:00:00Z,blm_miles-city_Miles City District,Miles City,NDVI,2218.815402437344
2012-01-09T07:00:00Z,blm_malta_Malta District,Malta,EVI,1200.077208700308
2012-01-09T07:00:00Z,blm_malta_Malta District,Malta,NDVI,1917.1946770227187
2012-01-09T07:00:00Z,blm_lewistown_Lewistown District,Lewistown,EVI,1541.3222475725345
2012-01-09T07:00:00Z,blm_lewistown_Lewistown District,Lewistown,NDVI,2457.7646262178077
2012-01-09T07:00:00Z,blm_missoula_Missoula District,Missoula,EVI,1789.0432191948648
2012-01-09T07:00:00Z,blm_missoula_Missoula District,Missoula,NDVI,4185.86248263985
2012-01-09T07:00:00Z,blm_butte_Butte District,Butte,EVI,1357.1381762903115
2012-01-09T07:00:00Z,blm_butte_Butte District,Butte,NDVI,2377.70826709049
2012-01-09T07:00:00Z,blm_dillon_Dillon District,Dillon,EVI,1278.6256547587773
2012-01-09T07:00:00Z,blm_dillon_Dillon District,Dillon,NDVI,2090.58771254904
2012-01-25T07:00:00Z,blm_billings_Billings District,Billings,EVI,1272.454612236534
2012-01-25T07:00:00Z,blm_billings_Billings District,Billings,NDVI,2186.642445618859
2012-01-25T07:00:00Z,blm_miles-city_Miles City District,Miles City,EVI,1252.3582951000856
2012-01-25T07:00:00Z,blm_miles-city_Miles City District,Miles City,NDVI,2140.0956216461755
2012-01-25T07:00:00Z,blm_malta_Malta District,Malta,EVI,1191.3378036096149
2012-01-25T07:00:00Z,blm_malta_Malta District,Malta,NDVI,1946.5404773431035
2012-01-25T07:00:00Z,blm_lewistown_Lewistown District,Lewistown,EVI,1272.8198238616765
2012-01-25T07:00:00Z,blm_lewistown_Lewistown District,Lewistown,NDVI,2116.328752251393
2012-01-25T07:00:00Z,blm_missoula_Missoula District,Missoula,EVI,1696.092582227068
2012-01-25T07:00:00Z,blm_missoula_Missoula District,Missoula,NDVI,3314.829023324728
2012-01-25T07:00:00Z,blm_butte_Butte District,Butte,EVI,1307.5194046499425
2012-01-25T07:00:00Z,blm_butte_Butte District,Butte,NDVI,2215.4034372172173
2012-01-25T07:00:00Z,blm_dillon_Dillon District,Dillon,EVI,1295.0122780104746
2012-01-25T07:00:00Z,blm_dillon_Dillon District,Dillon,NDVI,2061.83523943416
2012-02-10T07:00:00Z,blm_billings_Billings District,Billings,EVI,1231.5708389696563
2012-02-10T07:00:00Z,blm_billings_Billings District,Billings,NDVI,2037.3560174006393
2012-02-10T07:00:00Z,blm_miles-city_Miles City District,Miles City,EVI,1183.1086556906644
2012-02-10T07:00:00Z,blm_miles-city_Miles City District,Miles City,NDVI,2079.2402946131915
2012-02-10T07:00:00Z,blm_malta_Malta District,Malta,EVI,1195.6662355151923
2012-02-10T07:00:00Z,blm_malta_Malta District,Malta,NDVI,1860.6722199632504
2012-02-10T07:00:00Z,blm_lewistown_Lewistown District,Lewistown,EVI,1283.2392851045788
2012-02-10T07:00:00Z,blm_lewistown_Lewistown District,Lewistown,NDVI,2008.1849554030823
2012-02-10T07:00:00Z,blm_missoula_Missoula District,Missoula,EVI,1739.751313773571
2012-02-10T07:00:00Z,blm_missoula_Missoula District,Missoula,NDVI,3314.1776469628835
2012-02-10T07:00:00Z,blm_butte_Butte District,Butte,EVI,1270.5495050906425
2012-02-10T07:00:00Z,blm_butte_Butte District,Butte,NDVI,1911.8306286879035
2012-02-10T07:00:00Z,blm_dillon_Dillon District,Dillon,EVI,1332.0541101797785
2012-02-10T07:00:00Z,blm_dillon_Dillon District,Dillon,NDVI,1915.2801159825733
2012-02-26T07:00:00Z,blm_billings_Billings District,Billings,EVI,1239.0675514813315
2012-02-26T07:00:00Z,blm_billings_Billings District,Billings,NDVI,2202.1736829344536
2012-02-26T07:00:00Z,blm_miles-city_Miles City District,Miles City,EVI,1157.3818968133837
2012-02-26T07:00:00Z,blm_miles-city_Miles City District,Miles City,NDVI,2045.8309259060184
2012-02-26T07:00:00Z,blm_malta_Malta District,Malta,EVI,1148.5870911535108
2012-02-26T07:00:00Z,blm_malta_Malta District,Malta,NDVI,1904.2456693760366
2012-02-26T07:00:00Z,blm_lewistown_Lewistown District,Lewistown,EVI,1242.416688455872
2012-02-26T07:00:00Z,blm_lewistown_Lewistown District,Lewistown,NDVI,2019.977198018484
2012-02-26T07:00:00Z,blm_missoula_Missoula District,Missoula,EVI,1663.2511851958322
2012-02-26T07:00:00Z,blm_missoula_Missoula District,Missoula,NDVI,3180.1156676055307
2012-02-26T07:00:00Z,blm_butte_Butte District,Butte,EVI,1270.9057392167508
2012-02-26T07:00:00Z,blm_butte_Butte District,Butte,NDVI,2109.762448509645
2012-02-26T07:00:00Z,blm_dillon_Dillon District,Dillon,EVI,1269.4299191878158
2012-02-26T07:00:00Z,blm_dillon_Dillon District,Dillon,NDVI,1937.0182000587683
2012-03-13T06:00:00Z,blm_billings_Billings District,Billings,EVI,1448.3642772670817
2012-03-13T06:00:00Z,blm_billings_Billings District,Billings,NDVI,2439.4876624400595
2012-03-13T06:00:00Z,blm_miles-city_Miles City District,Miles City,EVI,1312.1430978767473
2012-03-13T06:00:00Z,blm_miles-city_Miles City District,Miles City,NDVI,2243.1293879993495
2012-03-13T06:00:00Z,blm_malta_Malta District,Malta,EVI,1251.2235797799294
2012-03-13T06:00:00Z,blm_malta_Malta District,Malta,NDVI,1920.690587142106
2012-03-13T06:00:00Z,blm_lewistown_Lewistown District,Lewistown,EVI,1412.3713583638676
2012-03-13T06:00:00Z,blm_lewistown_Lewistown District,Lewistown,NDVI,2184.4661643695426
2012-03-13T06:00:00Z,blm_missoula_Missoula District,Missoula,EVI,1885.3648181163464
2012-03-13T06:00:00Z,blm_missoula_Missoula District,Missoula,NDVI,3472.9877325604066
2012-03-13T06:00:00Z,blm_butte_Butte District,Butte,EVI,1479.2761202171598
2012-03-13T06:00:00Z,blm_butte_Butte District,Butte,NDVI,2494.4902307716693
2012-03-13T06:00:00Z,blm_dillon_Dillon District,Dillon,EVI,1279.024620201386
2012-03-13T06:00:00Z,blm_dillon_Dillon District,Dillon,NDVI,2036.7831902808887
2012-03-29T06:00:00Z,blm_billings_Billings District,Billings,EVI,1682.1042028896625
2012-03-29T06:00:00Z,blm_billings_Billings District,Billings,NDVI,2807.3499293711757
2012-03-29T06:00:00Z,blm_miles-city_Miles City District,Miles City,EVI,1517.2140043327195
2012-03-29T06:00:00Z,blm_miles-city_Miles City District,Miles City,NDVI,2482.3159003108667
2012-03-29T06:00:00Z,blm_malta_Malta District,Malta,EVI,1348.6620854764794
2012-03-29T06:00:00Z,blm_malta_Malta District,Malta,NDVI,2230.2939387905517
2012-03-29T06:00:00Z,blm_lewistown_Lewistown District,Lewistown,EVI,1533.6875129439545
2012-03-29T06:00:00Z,blm_lewistown_Lewistown District,Lewistown,NDVI,2683.4309053369802
2012-03-29T06:00:00Z,blm_missoula_Missoula District,Missoula,EVI,1904.3987249611607
2012-03-29T06:00:00Z,blm_missoula_Missoula District,Missoula,NDVI,3929.9987648447104
2012-03-29T06:00:00Z,blm_butte_Butte District,Butte,EVI,1537.3277540932636
2012-03-29T06:00:00Z,blm_butte_Butte District,Butte,NDVI,3004.196418618986
2012-03-29T06:00:00Z,blm_dillon_Dillon District,Dillon,EVI,1363.1745475071152
2012-03-29T06:00:00Z,blm_dillon_Dillon District,Dillon,NDVI,2382.6595856774156
2012-04-14T06:00:00Z,blm_billings_Billings District,Billings,EVI,2097.3008978477656
2012-04-14T06:00:00Z,blm_billings_Billings District,Billings,NDVI,3503.3893995888175
2012-04-14T06:00:00Z,blm_miles-city_Miles City District,Miles City,EVI,1606.708873719639
2012-04-14T06:00:00Z,blm_miles-city_Miles City District,Miles City,NDVI,2770.7359498795736
2012-04-14T06:00:00Z,blm_malta_Malta District,Malta,EVI,1640.2036840182216
2012-04-14T06:00:00Z,blm_malta_Malta District,Malta,NDVI,2631.664790633038
2012-04-14T06:00:00Z,blm_lewistown_Lewistown District,Lewistown,EVI,1975.5237573563816
2012-04-14T06:00:00Z,blm_lewistown_Lewistown District,Lewistown,NDVI,3378.2884388212924
2012-04-14T06:00:00Z,blm_missoula_Missoula District,Missoula,EVI,2358.297930472995
2012-04-14T06:00:00Z,blm_missoula_Missoula District,Missoula,NDVI,5124.467671278062
2012-04-14T06:00:00Z,blm_butte_Butte District,Butte,EVI,1943.1997611767613
2012-04-14T06:00:00Z,blm_butte_Butte District,Butte,NDVI,3733.745957724896
2012-04-14T06:00:00Z,blm_dillon_Dillon District,Dillon,EVI,1720.5041720016134
2012-04-14T06:00:00Z,blm_dillon_Dillon District,Dillon,NDVI,2916.4697616350554
2012-04-30T06:00:00Z,blm_billings_Billings District,Billings,EVI,2423.1955527907244
2012-04-30T06:00:00Z,blm_billings_Billings District,Billings,NDVI,3890.1678422426153
2012-04-30T06:00:00Z,blm_miles-city_Miles City District,Miles City,EVI,1933.9920114994852
2012-04-30T06:00:00Z,blm_miles-city_Miles City District,Miles City,NDVI,3191.793434330739
2012-04-30T06:00:00Z,blm_malta_Malta District,Malta,EVI,2023.1848692517851
2012-04-30T06:00:00Z,blm_malta_Malta District,Malta,NDVI,3270.518022677338
2012-04-30T06:00:00Z,blm_lewistown_Lewistown District,Lewistown,EVI,2467.0212264571524
2012-04-30T06:00:00Z,blm_lewistown_Lewistown District,Lewistown,NDVI,4123.340077826879
2012-04-30T06:00:00Z,blm_missoula_Missoula District,Missoula,EVI,2784.023100913072
2012-04-30T06:00:00Z,blm_missoula_Missoula District,Missoula,NDVI,5611.6841389854435
2012-04-30T06:00:00Z,blm_butte_Butte District,Butte,EVI,2315.552447801209
2012-04-30T06:00:00Z,blm_butte_Butte District,Butte,NDVI,4323.069781953825
2012-04-30T06:00:00Z,blm_dillon_Dillon District,Dillon,EVI,2164.4681696243438
2012-04-30T06:00:00Z,blm_dillon_Dillon District,Dillon,NDVI,3807.273297991561
2012-05-16T06:00:00Z,blm_billings_Billings District,Billings,EVI,2416.1863383771565
2012-05-16T06:00:00Z,blm_billings_Billings District,Billings,NDVI,4035.394899150905
2012-05-16T06:00:00Z,blm_miles-city_Miles City District,Miles City,EVI,2111.6776636728823
2012-05-16T06:00:00Z,blm_miles-city_Miles City District,Miles City,NDVI,3525.8200178529355
2012-05-16T06:00:00Z,blm_malta_Malta District,Malta,EVI,2349.6737278357505
2012-05-16T06:00:00Z,blm_malta_Malta District,Malta,NDVI,3809.8430638517543
2012-05-16T06:00:00Z,blm_lewistown_Lewistown District,Lewistown,EVI,2742.553425086258
2012-05-16T06:00:00Z,blm_lewistown_Lewistown District,Lewistown,NDVI,4355.536079853781
2012-05-16T06:00:00Z,blm_missoula_Missoula District,Missoula,EVI,2927.8699928712053
2012-05-16T06:00:00Z,blm_missoula_Missoula District,Missoula,NDVI,5773.545363663727
2012-05-16T06:00:00Z,blm_butte_Butte District,Butte,EVI,2531.095308881824
2012-05-16T06:00:00Z,blm_butte_Butte District,Butte,NDVI,4315.073384201617
2012-05-16T06:00:00Z,blm_dillon_Dillon District,Dillon,EVI,2343.221553642685
2012-05-16T06:00:00Z,blm_dillon_Dillon District,Dillon,NDVI,4018.8654988958956
2012-06-01T06:00:00Z,blm_billings_Billings District,Billings,EVI,2589.108147573063
2012-06-01T06:00:00Z,blm_billings_Billings District,Billings,NDVI,4299.826907376999
2012-06-01T06:00:00Z,blm_miles-city_Miles City District,Miles City,EVI,2466.6135962667972
2012-06-01T06:00:00Z,blm_miles-city_Miles City District,Miles City,NDVI,4050.6932697693896
2012-06-01T06:00:00Z,blm_malta_Malta District,Malta,EVI,2921.173228607075
2012-06-01T06:00:00Z,blm_malta_Malta District,Malta,NDVI,4601.183844274474
2012-06-01T06:00:00Z,blm_lewistown_Lewistown District,Lewistown,EVI,3200.182747465503
2012-06-01T06:00:00Z,blm_lewistown_Lewistown District,Lewistown,NDVI,5206.751992996676
2012-06-01T06:00:00Z,blm_missoula_Missoula District,Missoula,EVI,3357.4484850487465
2012-06-01T06:00:00Z,blm_missoula_Missoula District,Missoula,NDVI,6452.735754363929
2012-06-01T06:00:00Z,blm_butte_Butte District,Butte,EVI,2780.8350037988666
2012-06-01T06:00:00Z,blm_butte_Butte District,Butte,NDVI,5389.322013504148
2012-06-01T06:00:00Z,blm_dillon_Dillon District,Dillon,EVI,2704.909961480847
2012-06-01T06:00:00Z,blm_dillon_Dillon District,Dillon,NDVI,4943.053911462303
2012-06-17T06:00:00Z,blm_billings_Billings District,Billings,EVI,2388.107047839988
2012-06-17T06:00:00Z,blm_billings_Billings District,Billings,NDVI,3949.5855688685238
2012-06-17T06:00:00Z,blm_miles-city_Miles City District,Miles City,EVI,2443.247808006095
2012-06-17T06:00:00Z,blm_miles-city_Miles City District,Miles City,NDVI,3988.767112353309
2012-06-17T06:00:00Z,blm_malta_Malta District,Malta,EVI,3014.9252715488406
2012-06-17T06:00:00Z,blm_malta_Malta District,Malta,NDVI,4862.7915929594365
2012-06-17T06:00:00Z,blm_lewistown_Lewistown District,Lewistown,EVI,3249.9579818475017
2012-06-17T06:00:00Z,blm_lewistown_Lewistown District,Lewistown,NDVI,5286.707906790189
2012-06-17T06:00:00Z,blm_missoula_Missoula District,Missoula,EVI,3152.7811770762823
2012-06-17T06:00:00Z,blm_missoula_Missoula District,Missoula,NDVI,6808.405651730747
2012-06-17T06:00:00Z,blm_butte_Butte District,Butte,EVI,2871.999884393897
2012-06-17T06:00:00Z,blm_butte_Butte District,Butte,NDVI,5292.4902737842185
2012-06-17T06:00:00Z,blm_dillon_Dillon District,Dillon,EVI,2747.469755909787
2012-06-17T06:00:00Z,blm_dillon_Dillon District,Dillon,NDVI,4756.8602885758355
2012-07-03T06:00:00Z,blm_billings_Billings District,Billings,EVI,2078.503471518134
2012-07-03T06:00:00Z,blm_billings_Billings District,Billings,NDVI,3480.8615406048766
2012-07-03T06:00:00Z,blm_miles-city_Miles City District,Miles City,EVI,2182.225987417553
2012-07-03T06:00:00Z,blm_miles-city_Miles City District,Miles City,NDVI,3632.1365899315188
2012-07-03T06:00:00Z,blm_malta_Malta District,Malta,EVI,2691.032819951958
2012-07-03T06:00:00Z,blm_malta_Malta District,Malta,NDVI,4327.746795899401
2012-07-03T06:00:00Z,blm_lewistown_Lewistown District,Lewistown,EVI,2944.663012986532
2012-07-03T06:00:00Z,blm_lewistown_Lewistown District,Lewistown,NDVI,4870.713984875106
2012-07-03T06:00:00Z,blm_missoula_Missoula District,Missoula,EVI,3432.8862397548146
2012-07-03T06:00:00Z,blm_missoula_Missoula District,Missoula,NDVI,6741.0147880729
2012-07-03T06:00:00Z,blm_butte_Butte District,Butte,EVI,2835.479666729044
2012-07-03T06:00:00Z,blm_butte_Butte District,Butte,NDVI,5097.743129866328
2012-07-03T06:00:00Z,blm_dillon_Dillon District,Dillon,EVI,2675.0658498548632
2012-07-03T06:00:00Z,blm_dillon_Dillon District,Dillon,NDVI,4650.012268826361
2012-07-19T06:00:00Z,blm_billings_Billings District,Billings,EVI,1908.4013004880192
2012-07-19T06:00:00Z,blm_billings_Billings District,Billings,NDVI,3228.6627505239676
2012-07-19T06:00:00Z,blm_miles-city_Miles City District,Miles City,EVI,1948.8788451624173
2012-07-19T06:00:00Z,blm_miles-city_Miles City District,Miles City,NDVI,3223.6976270591595
2012-07-19T06:00:00Z,blm_malta_Malta District,Malta,EVI,2290.745162787996
2012-07-19T06:00:00Z,blm_malta_Malta District,Malta,NDVI,3689.456878789196
2012-07-19T06:00:00Z,blm_lewistown_Lewistown District,Lewistown,EVI,2459.3721328841766
2012-07-19T06:00:00Z,blm_lewistown_Lewistown District,Lewistown,NDVI,4281.930552733516
2012-07-19T06:00:00Z,blm_missoula_Missoula District,Missoula,EVI,3251.888613995134
2012-07-19T06:00:00Z,blm_missoula_Missoula District,Missoula,NDVI,6834.853855656308
2012-07-19T06:00:00Z,blm_butte_Butte District,Butte,EVI,2536.125622299997
2012-07-19T06:00:00Z,blm_butte_Butte District,Butte,NDVI,5083.770154710009
2012-07-19T06:00:00Z,blm_dillon_Dillon District,Dillon,EVI,2550.179907774404
2012-07-19T06:00:00Z,blm_dillon_Dillon District,Dillon,NDVI,4713.290140279518
2012-08-04T06:00:00Z,blm_billings_Billings District,Billings,EVI,1734.9627586997913
2012-08-04T06:00:00Z,blm_billings_Billings District,Billings,NDVI,2995.3596687925865
2012-08-04T06:00:00Z,blm_miles-city_Miles City District,Miles City,EVI,1707.967903670176
2012-08-04T06:00:00Z,blm_miles-city_Miles City District,Miles City,NDVI,2920.864829008916
2012-08-04T06:00:00Z,blm_malta_Malta District,Malta,EVI,1838.7219972414046
2012-08-04T06:00:00Z,blm_malta_Malta District,Malta,NDVI,3102.1693573746356
2012-08-04T06:00:00Z,blm_lewistown_Lewistown District,Lewistown,EVI,2181.737826658154
2012-08-04T06:00:00Z,blm_lewistown_Lewistown District,Lewistown,NDVI,3798.7769880360374
2012-08-04T06:00:00Z,blm_missoula_Missoula District,Missoula,EVI,3275.7635132677087
2012-08-04T06:00:00Z,blm_missoula_Missoula District,Missoula,NDVI,6559.967429209709
2012-08-04T06:00:00Z,blm_butte_Butte District,Butte,EVI,2485.3403801755535
2012-08-04T06:00:00Z,blm_butte_Butte District,Butte,NDVI,4682.1370798320195
2012-08-04T06:00:00Z,blm_dillon_Dillon District,Dillon,EVI,2384.266843939851
2012-08-04T06:00:00Z,blm_dillon_Dillon District,Dillon,NDVI,4301.290551648654
2012-08-20T06:00:00Z,blm_billings_Billings District,Billings,EVI,1647.3442293678665
2012-08-20T06:00:00Z,blm_billings_Billings District,Billings,NDVI,2801.843224277528
2012-08-20T06:00:00Z,blm_miles-city_Miles City District,Miles City,EVI,1580.4467360146205
2012-08-20T06:00:00Z,blm_miles-city_Miles City District,Miles City,NDVI,2672.5826783339817
2012-08-20T06:00:00Z,blm_malta_Malta District,Malta,EVI,1697.659710288832
2012-08-20T06:00:00Z,blm_malta_Malta District,Malta,NDVI,2864.490248634471
2012-08-20T06:00:00Z,blm_lewistown_Lewistown District,Lewistown,EVI,1962.7024843703591
2012-08-20T06:00:00Z,blm_lewistown_Lewistown District,Lewistown,NDVI,3601.1229018853464
2012-08-20T06:00:00Z,blm_missoula_Missoula District,Missoula,EVI,2954.1847559168586
2012-08-20T06:00:00Z,blm_missoula_Missoula District,Missoula,NDVI,6373.695888850336
2012-08-20T06:00:00Z,blm_butte_Butte District,Butte,EVI,2148.0278145101297
2012-08-20T06:00:00Z,blm_butte_Butte District,Butte,NDVI,4586.958837237044
2012-08-20T06:00:00Z,blm_dillon_Dillon District,Dillon,EVI,2050.746787583681
2012-08-20T06:00:00Z,blm_dillon_Dillon District,Dillon,NDVI,3998.606484039906
2012-09-05T06:00:00Z,blm_billings_Billings District,Billings,EVI,1573.9714525054812
2012-09-05T06:00:00Z,blm_billings_Billings District,Billings,NDVI,2784.6189560909843
2012-09-05T06:00:00Z,blm_miles-city_Miles City District,Miles City,EVI,1520.165873502287
2012-09-05T06:00:00Z,blm_miles-city_Miles City District,Miles City,NDVI,2538.9592968061943
2012-09-05T06:00:00Z,blm_malta_Malta District,Malta,EVI,1573.2541493887104
2012-09-05T06:00:00Z,blm_malta_Malta District,Malta,NDVI,2683.186191139138
2012-09-05T06:00:00Z,blm_lewistown_Lewistown District,Lewistown,EVI,1818.0045311029648
2012-09-05T06:00:00Z,blm_lewistown_Lewistown District,Lewistown,NDVI,3389.5556456262498
2012-09-05T06:00:00Z,blm_missoula_Missoula District,Missoula,EVI,2775.7750728133597
2012-09-05T06:00:00Z,blm_missoula_Missoula District,Missoula,NDVI,6127.405132065431
2012-09-05T06:00:00Z,blm_butte_Butte District,Butte,EVI,1979.9408772678275
2012-09-05T06:00:00Z,blm_butte_Butte District,Butte,NDVI,4287.058939094029
2012-09-05T06:00:00Z,blm_dillon_Dillon District,Dillon,EVI,1930.6343972677942
2012-09-05T06:00:00Z,blm_dillon_Dillon District,Dillon,NDVI,3827.63878343482
2012-09-21T06:00:00Z,blm_billings_Billings District,Billings,EVI,1508.7928880912575
2012-09-21T06:00:00Z,blm_billings_Billings District,Billings,NDVI,2575.2948890764483
2012-09-21T06:00:00Z,blm_miles-city_Miles City District,Miles City,EVI,1391.8159575361913
2012-09-21T06:00:00Z,blm_miles-city_Miles City District,Miles City,NDVI,2429.836841304385
2012-09-21T06:00:00Z,blm_malta_Malta District,Malta,EVI,1468.6704925779065
2012-09-21T06:00:00Z,blm_malta_Malta District,Malta,NDVI,2483.0531665145477
2012-09-21T06:00:00Z,blm_lewistown_Lewistown District,Lewistown,EVI,1771.0048004511334
2012-09-21T06:00:00Z,blm_lewistown_Lewistown District,Lewistown,NDVI,3110.3114215524115
2012-09-21T06:00:00Z,blm_missoula_Missoula District,Missoula,EVI,2566.687998916752
2012-09-21T06:00:00Z,blm_missoula_Missoula District,Missoula,NDVI,5806.323406045893
2012-09-21T06:00:00Z,blm_butte_Butte District,Butte,EVI,1904.0601824860967
2012-09-21T06:00:00Z,blm_butte_Butte District,Butte,NDVI,4029.7634213118945
2012-09-21T06:00:00Z,blm_dillon_Dillon District,Dillon,EVI,1763.6005823244177
2012-09-21T06:00:00Z,blm_dillon_Dillon District,Dillon,NDVI,3676.358491289298
2012-10-07T06:00:00Z,blm_billings_Billings District,Billings,EVI,1462.3079812846802
2012-10-07T06:00:00Z,blm_billings_Billings District,Billings,NDVI,2615.6044680768314
2012-10-07T06:00:00Z,blm_miles-city_Miles City District,Miles City,EVI,1384.695150432641
2012-10-07T06:00:00Z,blm_miles-city_Miles City District,Miles City,NDVI,2346.0404439955146
2012-10-07T06:00:00Z,blm_malta_Malta District,Malta,EVI,1331.0760243420298
2012-10-07T06:00:00Z,blm_malta_Malta District,Malta,NDVI,2282.1959991395775
2012-10-07T06:00:00Z,blm_lewistown_Lewistown District,Lewistown,EVI,1564.9008718203875
2012-10-07T06:00:00Z,blm_lewistown_Lewistown District,Lewistown,NDVI,3078.7175723732817
2012-10-07T06:00:00Z,blm_missoula_Missoula District,Missoula,EVI,2353.2681722270554
2012-10-07T06:00:00Z,blm_missoula_Missoula District,Missoula,NDVI,5756.394978962676
2012-10-07T06:00:00Z,blm_butte_Butte District,Butte,EVI,1773.6985494304108
2012-10-07T06:00:00Z,blm_butte_Butte District,Butte,NDVI,4118.7396600629945
2012-10-07T06:00:00Z,blm_dillon_Dillon District,Dillon,EVI,1693.0299220697016
2012-10-07T06:00:00Z,blm_dillon_Dillon District,Dillon,NDVI,3742.511777164418
2012-10-23T06:00:00Z,blm_billings_Billings District,Billings,EVI,1359.8099221198165
2012-10-23T06:00:00Z,blm_billings_Billings District,Billings,NDVI,2549.4937870972235
2012-10-23T06:00:00Z,blm_miles-city_Miles City District,Miles City,EVI,1272.0956434807151
2012-10-23T06:00:00Z,blm_miles-city_Miles City District,Miles City,NDVI,2356.3452533086647
2012-10-23T06:00:00Z,blm_malta_Malta District,Malta,EVI,1278.3447998112508
2012-10-23T06:00:00Z,blm_malta_Malta District,Malta,NDVI,2276.1568030305025
2012-10-23T06:00:00Z,blm_lewistown_Lewistown District,Lewistown,EVI,1462.3360793876582
2012-10-23T06:00:00Z,blm_lewistown_Lewistown District,Lewistown,NDVI,2867.1354405408274
2012-10-23T06:00:00Z,blm_missoula_Missoula District,Missoula,EVI,1828.0677014157034
2012-10-23T06:00:00Z,blm_missoula_Missoula District,Missoula,NDVI,5001.09069793787
2012-10-23T06:00:00Z,blm_butte_Butte District,Butte,EVI,1698.363608803909
2012-10-23T06:00:00Z,blm_butte_Butte District,Butte,NDVI,3923.3811107320785
2012-10-23T06:00:00Z,blm_dillon_Dillon District,Dillon,EVI,1522.3937917183566
2012-10-23T06:00:00Z,blm_dillon_Dillon District,Dillon,NDVI,3065.407467110862
2012-11-08T07:00:00Z,blm_billings_Billings District,Billings,EVI,1305.9920577275523
2012-11-08T07:00:00Z,blm_billings_Billings District,Billings,NDVI,2367.984514245713
2012-11-08T07:00:00Z,blm_miles-city_Miles City District,Miles City,EVI,1187.6315988609547
2012-11-08T07:00:00Z,blm_miles-city_Miles City District,Miles City,NDVI,2228.8594734833446
2012-11-08T07:00:00Z,blm_malta_Malta District,Malta,EVI,1123.4851569456584
2012-11-08T07:00:00Z,blm_malta_Malta District,Malta,NDVI,2080.8701922299033
2012-11-08T07:00:00Z,blm_lewistown_Lewistown District,Lewistown,EVI,1324.9111113498798
2012-11-08T07:00:00Z,blm_lewistown_Lewistown District,Lewistown,NDVI,2346.486701148836
2012-11-08T07:00:00Z,blm_missoula_Missoula District,Missoula,EVI,2123.952377293658
2012-11-08T07:00:00Z,blm_missoula_Missoula District,Missoula,NDVI,5067.9414902254575
2012-11-08T07:00:00Z,blm_butte_Butte District,Butte,EVI,1370.666858220498
2012-11-08T07:00:00Z,blm_butte_Butte District,Butte,NDVI,2599.5096916884245
2012-11-08T07:00:00Z,blm_dillon_Dillon District,Dillon,EVI,1555.2294894434024
2012-11-08T07:00:00Z,blm_dillon_Dillon District,Dillon,NDVI,2634.227522320214
2012-11-24T07:00:00Z,blm_billings_Billings District,Billings,EVI,1301.1239129942537
2012-11-24T07:00:00Z,blm_billings_Billings District,Billings,NDVI,2417.252669960719
2012-11-24T07:00:00Z,blm_miles-city_Miles City District,Miles City,EVI,1171.4941765733915
2012-11-24T07:00:00Z,blm_miles-city_Miles City District,Miles City,NDVI,2122.4301126408077
2012-11-24T07:00:00Z,blm_malta_Malta District,Malta,EVI,1054.296117675217
2012-11-24T07:00:00Z,blm_malta_Malta District,Malta,NDVI,1983.1726526966243
2012-11-24T07:00:00Z,blm_lewistown_Lewistown District,Lewistown,EVI,1312.1476007273288
2012-11-24T07:00:00Z,blm_lewistown_Lewistown District,Lewistown,NDVI,2544.0040515386504
2012-11-24T07:00:00Z,blm_missoula_Missoula District,Missoula,EVI,1676.8723409444108
2012-11-24T07:00:00Z,blm_missoula_Missoula District,Missoula,NDVI,4160.567313785365
2012-11-24T07:00:00Z,blm_butte_Butte District,Butte,EVI,1359.5287857102255
2012-11-24T07:00:00Z,blm_butte_Butte District,Butte,NDVI,3045.6622100155732
2012-11-24T07:00:00Z,blm_dillon_Dillon District,Dillon,EVI,1282.7124457430511
2012-11-24T07:00:00Z,blm_dillon_Dillon District,Dillon,NDVI,2268.0598779959505
2012-12-10T07:00:00Z,blm_billings_Billings District,Billings,EVI,1134.0372775756182
2012-12-10T07:00:00Z,blm_billings_Billings District,Billings,NDVI,2143.8544562398956
2012-12-10T07:00:00Z,blm_miles-city_Miles City District,Miles City,EVI,1078.4707352646112
2012-12-10T07:00:00Z,blm_miles-city_Miles City District,Miles City,NDVI,2073.9863330135145
2012-12-10T07:00:00Z,blm_malta_Malta District,Malta,EVI,1028.9442017508015
2012-12-10T07:00:00Z,blm_malta_Malta District,Malta,NDVI,1790.3707991350016
2012-12-10T07:00:00Z,blm_lewistown_Lewistown District,Lewistown,EVI,1106.1671534973423
2012-12-10T07:00:00Z,blm_lewistown_Lewistown District,Lewistown,NDVI,1983.5093842230544
2012-12-10T07:00:00Z,blm_missoula_Missoula District,Missoula,EVI,1998.66722627968
2012-12-10T07:00:00Z,blm_missoula_Missoula District,Missoula,NDVI,3572.218584210693
2012-12-10T07:00:00Z,blm_butte_Butte District,Butte,EVI,1248.7557216173104
2012-12-10T07:00:00Z,blm_butte_Butte District,Butte,NDVI,2531.283457012738
2012-12-10T07:00:00Z,blm_dillon_Dillon District,Dillon,EVI,1394.374211936738
2012-12-10T07:00:00Z,blm_dillon_Dillon District,Dillon,NDVI,2131.7061201728707
2012-12-26T07:00:00Z,blm_billings_Billings District,Billings,EVI,1066.2834550417024
2012-12-26T07:00:00Z,blm_billings_Billings District,Billings,NDVI,1787.749563990117
2012-12-26T07:00:00Z,blm_miles-city_Miles City District,Miles City,EVI,NA
2012-12-26T07:00:00Z,blm_miles-city_Miles City District,Miles City,NDVI,NA
2012-12-26T07:00:00Z,blm_malta_Malta District,Malta,EVI,1052.917276918492
2012-12-26T07:00:00Z,blm_malta_Malta District,Malta,NDVI,1785.7722397484995
2012-12-26T07:00:00Z,blm_lewistown_Lewistown District,Lewistown,EVI,1133.9910585252294
2012-12-26T07:00:00Z,blm_lewistown_Lewistown District,Lewistown,NDVI,1852.0255567040103
2012-12-26T07:00:00Z,blm_missoula_Missoula District,Missoula,EVI,1470.4708606715553
2012-12-26T07:00:00Z,blm_missoula_Missoula District,Missoula,NDVI,3692.650585359578
2012-12-26T07:00:00Z,blm_butte_Butte District,Butte,EVI,1585.0140845070423
2012-12-26T07:00:00Z,blm_butte_Butte District,Butte,NDVI,2093.1267605633802
2012-12-26T07:00:00Z,blm_dillon_Dillon District,Dillon,EVI,1635.6664540816328
2012-12-26T07:00:00Z,blm_dillon_Dillon District,Dillon,NDVI,2270.289849407505
2013-01-09T07:00:00Z,blm_billings_Billings District,Billings,EVI,1035.6263705974359
2013-01-09T07:00:00Z,blm_billings_Billings District,Billings,NDVI,1897.0488239505985
2013-01-09T07:00:00Z,blm_miles-city_Miles City District,Miles City,EVI,1009.7089954388443
2013-01-09T07:00:00Z,blm_miles-city_Miles City District,Miles City,NDVI,1959.1773489217662
2013-01-09T07:00:00Z,blm_malta_Malta District,Malta,EVI,841.8709954938827
2013-01-09T07:00:00Z,blm_malta_Malta District,Malta,NDVI,1476.2739352576548
2013-01-09T07:00:00Z,blm_lewistown_Lewistown District,Lewistown,EVI,1037.4926704913437
2013-01-09T07:00:00Z,blm_lewistown_Lewistown District,Lewistown,NDVI,1828.6582393326435
2013-01-09T07:00:00Z,blm_missoula_Missoula District,Missoula,EVI,1500.3918922320292
2013-01-09T07:00:00Z,blm_missoula_Missoula District,Missoula,NDVI,4348.9772651527
2013-01-09T07:00:00Z,blm_butte_Butte District,Butte,EVI,1244.8141114692237
2013-01-09T07:00:00Z,blm_butte_Butte District,Butte,NDVI,1946.3284154933338
2013-01-09T07:00:00Z,blm_dillon_Dillon District,Dillon,EVI,NA
2013-01-09T07:00:00Z,blm_dillon_Dillon District,Dillon,NDVI,NA
2013-01-25T07:00:00Z,blm_billings_Billings District,Billings,EVI,1093.8338640437519
2013-01-25T07:00:00Z,blm_billings_Billings District,Billings,NDVI,2045.1833989549802
2013-01-25T07:00:00Z,blm_miles-city_Miles City District,Miles City,EVI,949.7264785070383
2013-01-25T07:00:00Z,blm_miles-city_Miles City District,Miles City,NDVI,1859.197908745583
2013-01-25T07:00:00Z,blm_malta_Malta District,Malta,EVI,951.4899149599366
2013-01-25T07:00:00Z,blm_malta_Malta District,Malta,NDVI,1673.5156738020326
2013-01-25T07:00:00Z,blm_lewistown_Lewistown District,Lewistown,EVI,1072.4612517487074
2013-01-25T07:00:00Z,blm_lewistown_Lewistown District,Lewistown,NDVI,1937.915892018513
2013-01-25T07:00:00Z,blm_missoula_Missoula District,Missoula,EVI,1756.2969610122664
2013-01-25T07:00:00Z,blm_missoula_Missoula District,Missoula,NDVI,3639.637930461228
2013-01-25T07:00:00Z,blm_butte_Butte District,Butte,EVI,1247.3957807632278
2013-01-25T07:00:00Z,blm_butte_Butte District,Butte,NDVI,2047.8721944461092
2013-01-25T07:00:00Z,blm_dillon_Dillon District,Dillon,EVI,1447.7284824286248
2013-01-25T07:00:00Z,blm_dillon_Dillon District,Dillon,NDVI,2073.351558997811
2013-02-10T07:00:00Z,blm_billings_Billings District,Billings,EVI,1073.7702973097641
2013-02-10T07:00:00Z,blm_billings_Billings District,Billings,NDVI,1987.920887900152
2013-02-10T07:00:00Z,blm_miles-city_Miles City District,Miles City,EVI,990.7951033203702
2013-02-10T07:00:00Z,blm_miles-city_Miles City District,Miles City,NDVI,1845.3495344895423
2013-02-10T07:00:00Z,blm_malta_Malta District,Malta,EVI,893.5169403959977
2013-02-10T07:00:00Z,blm_malta_Malta District,Malta,NDVI,1694.7079109574697
2013-02-10T07:00:00Z,blm_lewistown_Lewistown District,Lewistown,EVI,1061.7983018306218
2013-02-10T07:00:00Z,blm_lewistown_Lewistown District,Lewistown,NDVI,1909.9936379126057
2013-02-10T07:00:00Z,blm_missoula_Missoula District,Missoula,EVI,1816.0565985323983
2013-02-10T07:00:00Z,blm_missoula_Missoula District,Missoula,NDVI,3703.62378511203
2013-02-10T07:00:00Z,blm_butte_Butte District,Butte,EVI,1141.168431269272
2013-02-10T07:00:00Z,blm_butte_Butte District,Butte,NDVI,1868.8771468510274
2013-02-10T07:00:00Z,blm_dillon_Dillon District,Dillon,EVI,1275.4717653841724
2013-02-10T07:00:00Z,blm_dillon_Dillon District,Dillon,NDVI,1904.4785173997777
2013-02-26T07:00:00Z,blm_billings_Billings District,Billings,EVI,1131.8110640454986
2013-02-26T07:00:00Z,blm_billings_Billings District,Billings,NDVI,2012.86166690293
2013-02-26T07:00:00Z,blm_miles-city_Miles City District,Miles City,EVI,1003.3970944114697
2013-02-26T07:00:00Z,blm_miles-city_Miles City District,Miles City,NDVI,1912.9323712131525
2013-02-26T07:00:00Z,blm_malta_Malta District,Malta,EVI,951.8177661388162
2013-02-26T07:00:00Z,blm_malta_Malta District,Malta,NDVI,1688.4681019156617
2013-02-26T07:00:00Z,blm_lewistown_Lewistown District,Lewistown,EVI,1098.3210129714191
2013-02-26T07:00:00Z,blm_lewistown_Lewistown District,Lewistown,NDVI,1939.8859469658703
2013-02-26T07:00:00Z,blm_missoula_Missoula District,Missoula,EVI,1701.603674981286
2013-02-26T07:00:00Z,blm_missoula_Missoula District,Missoula,NDVI,3470.803673555929
2013-02-26T07:00:00Z,blm_butte_Butte District,Butte,EVI,1150.8510690087935
2013-02-26T07:00:00Z,blm_butte_Butte District,Butte,NDVI,1971.9115963286858
2013-02-26T07:00:00Z,blm_dillon_Dillon District,Dillon,EVI,1133.3913858646408
2013-02-26T07:00:00Z,blm_dillon_Dillon District,Dillon,NDVI,1789.897224234224
2013-03-14T06:00:00Z,blm_billings_Billings District,Billings,EVI,1204.7278861407008
2013-03-14T06:00:00Z,blm_billings_Billings District,Billings,NDVI,2047.9843425771376
2013-03-14T06:00:00Z,blm_miles-city_Miles City District,Miles City,EVI,1143.0326851540103
2013-03-14T06:00:00Z,blm_miles-city_Miles City District,Miles City,NDVI,2047.4500904314298
2013-03-14T06:00:00Z,blm_malta_Malta District,Malta,EVI,1007.9225424797768
2013-03-14T06:00:00Z,blm_malta_Malta District,Malta,NDVI,1854.7876282505226
2013-03-14T06:00:00Z,blm_lewistown_Lewistown District,Lewistown,EVI,1208.94070273422
2013-03-14T06:00:00Z,blm_lewistown_Lewistown District,Lewistown,NDVI,2084.026750038157
2013-03-14T06:00:00Z,blm_missoula_Missoula District,Missoula,EVI,1968.655386475702
2013-03-14T06:00:00Z,blm_missoula_Missoula District,Missoula,NDVI,3955.8169946659855
2013-03-14T06:00:00Z,blm_butte_Butte District,Butte,EVI,1289.627848817311
2013-03-14T06:00:00Z,blm_butte_Butte District,Butte,NDVI,2293.100740974206
2013-03-14T06:00:00Z,blm_dillon_Dillon District,Dillon,EVI,1168.203289083384
2013-03-14T06:00:00Z,blm_dillon_Dillon District,Dillon,NDVI,1856.9887068226842
2013-03-30T06:00:00Z,blm_billings_Billings District,Billings,EVI,1335.8592953759996
2013-03-30T06:00:00Z,blm_billings_Billings District,Billings,NDVI,2226.771954016328
2013-03-30T06:00:00Z,blm_miles-city_Miles City District,Miles City,EVI,1176.278443175792
2013-03-30T06:00:00Z,blm_miles-city_Miles City District,Miles City,NDVI,2214.175965638891
2013-03-30T06:00:00Z,blm_malta_Malta District,Malta,EVI,1128.3922817294072
2013-03-30T06:00:00Z,blm_malta_Malta District,Malta,NDVI,2076.092915026358
2013-03-30T06:00:00Z,blm_lewistown_Lewistown District,Lewistown,EVI,1397.4322892855062
2013-03-30T06:00:00Z,blm_lewistown_Lewistown District,Lewistown,NDVI,2361.2012383561373
2013-03-30T06:00:00Z,blm_missoula_Missoula District,Missoula,EVI,2179.410168260182
2013-03-30T06:00:00Z,blm_missoula_Missoula District,Missoula,NDVI,4778.714967820595
2013-03-30T06:00:00Z,blm_butte_Butte District,Butte,EVI,1470.2086378113042
2013-03-30T06:00:00Z,blm_butte_Butte District,Butte,NDVI,2693.8806743363143
2013-03-30T06:00:00Z,blm_dillon_Dillon District,Dillon,EVI,1281.5215422744209
2013-03-30T06:00:00Z,blm_dillon_Dillon District,Dillon,NDVI,2116.359738146241
2013-04-15T06:00:00Z,blm_billings_Billings District,Billings,EVI,1480.7159254770506
2013-04-15T06:00:00Z,blm_billings_Billings District,Billings,NDVI,2496.3040867401955
2013-04-15T06:00:00Z,blm_miles-city_Miles City District,Miles City,EVI,1338.8314852865453
2013-04-15T06:00:00Z,blm_miles-city_Miles City District,Miles City,NDVI,2382.725844079969
2013-04-15T06:00:00Z,blm_malta_Malta District,Malta,EVI,1314.5962083912389
2013-04-15T06:00:00Z,blm_malta_Malta District,Malta,NDVI,2156.3134941371604
2013-04-15T06:00:00Z,blm_lewistown_Lewistown District,Lewistown,EVI,1647.9599113914467
2013-04-15T06:00:00Z,blm_lewistown_Lewistown District,Lewistown,NDVI,2742.6843854776016
2013-04-15T06:00:00Z,blm_missoula_Missoula District,Missoula,EVI,2393.0979938696896
2013-04-15T06:00:00Z,blm_missoula_Missoula District,Missoula,NDVI,4943.728661263296
2013-04-15T06:00:00Z,blm_butte_Butte District,Butte,EVI,1660.986906036099
2013-04-15T06:00:00Z,blm_butte_Butte District,Butte,NDVI,2978.526707189637
2013-04-15T06:00:00Z,blm_dillon_Dillon District,Dillon,EVI,1411.1873720863293
2013-04-15T06:00:00Z,blm_dillon_Dillon District,Dillon,NDVI,2377.4780125641146
2013-05-01T06:00:00Z,blm_billings_Billings District,Billings,EVI,1801.93071019205
2013-05-01T06:00:00Z,blm_billings_Billings District,Billings,NDVI,3054.8207677880014
2013-05-01T06:00:00Z,blm_miles-city_Miles City District,Miles City,EVI,1638.6107583143178
2013-05-01T06:00:00Z,blm_miles-city_Miles City District,Miles City,NDVI,2813.799105564143
2013-05-01T06:00:00Z,blm_malta_Malta District,Malta,EVI,1583.3935663038292
2013-05-01T06:00:00Z,blm_malta_Malta District,Malta,NDVI,2714.5824471161754
2013-05-01T06:00:00Z,blm_lewistown_Lewistown District,Lewistown,EVI,2047.2658455587537
2013-05-01T06:00:00Z,blm_lewistown_Lewistown District,Lewistown,NDVI,3581.5731499311673
2013-05-01T06:00:00Z,blm_missoula_Missoula District,Missoula,EVI,2616.2890347185
2013-05-01T06:00:00Z,blm_missoula_Missoula District,Missoula,NDVI,5586.353980991925
2013-05-01T06:00:00Z,blm_butte_Butte District,Butte,EVI,1949.3199023082498
2013-05-01T06:00:00Z,blm_butte_Butte District,Butte,NDVI,3961.087275288348
2013-05-01T06:00:00Z,blm_dillon_Dillon District,Dillon,EVI,1768.786528357564
2013-05-01T06:00:00Z,blm_dillon_Dillon District,Dillon,NDVI,3540.4264330305355
2013-05-17T06:00:00Z,blm_billings_Billings District,Billings,EVI,2193.53544191481
2013-05-17T06:00:00Z,blm_billings_Billings District,Billings,NDVI,3626.0312772587126
2013-05-17T06:00:00Z,blm_miles-city_Miles City District,Miles City,EVI,2280.174415716334
2013-05-17T06:00:00Z,blm_miles-city_Miles City District,Miles City,NDVI,3975.4519030907372
2013-05-17T06:00:00Z,blm_malta_Malta District,Malta,EVI,2125.0412449849996
2013-05-17T06:00:00Z,blm_malta_Malta District,Malta,NDVI,3389.728675257076
2013-05-17T06:00:00Z,blm_lewistown_Lewistown District,Lewistown,EVI,2396.955728012476
2013-05-17T06:00:00Z,blm_lewistown_Lewistown District,Lewistown,NDVI,4073.7202817959796
2013-05-17T06:00:00Z,blm_missoula_Missoula District,Missoula,EVI,3358.729158200049
2013-05-17T06:00:00Z,blm_missoula_Missoula District,Missoula,NDVI,6224.206297971088
2013-05-17T06:00:00Z,blm_butte_Butte District,Butte,EVI,2284.0960768453583
2013-05-17T06:00:00Z,blm_butte_Butte District,Butte,NDVI,4596.099310462067
2013-05-17T06:00:00Z,blm_dillon_Dillon District,Dillon,EVI,2381.453018571554
2013-05-17T06:00:00Z,blm_dillon_Dillon District,Dillon,NDVI,4444.379531109677
2013-06-02T06:00:00Z,blm_billings_Billings District,Billings,EVI,2761.2908845703405
2013-06-02T06:00:00Z,blm_billings_Billings District,Billings,NDVI,4616.889942139652
2013-06-02T06:00:00Z,blm_miles-city_Miles City District,Miles City,EVI,2781.221091723677
2013-06-02T06:00:00Z,blm_miles-city_Miles City District,Miles City,NDVI,4572.92890751232
2013-06-02T06:00:00Z,blm_malta_Malta District,Malta,EVI,2799.729348191137
2013-06-02T06:00:00Z,blm_malta_Malta District,Malta,NDVI,4691.2012487955435
2013-06-02T06:00:00Z,blm_lewistown_Lewistown District,Lewistown,EVI,3076.535016051764
2013-06-02T06:00:00Z,blm_lewistown_Lewistown District,Lewistown,NDVI,5369.721207804191
2013-06-02T06:00:00Z,blm_missoula_Missoula District,Missoula,EVI,3204.8909698315374
2013-06-02T06:00:00Z,blm_missoula_Missoula District,Missoula,NDVI,6734.919611461308
2013-06-02T06:00:00Z,blm_butte_Butte District,Butte,EVI,2703.2271647164575
2013-06-02T06:00:00Z,blm_butte_Butte District,Butte,NDVI,5449.168955057514
2013-06-02T06:00:00Z,blm_dillon_Dillon District,Dillon,EVI,2576.2542997679525
2013-06-02T06:00:00Z,blm_dillon_Dillon District,Dillon,NDVI,5122.546712657851
2013-06-18T06:00:00Z,blm_billings_Billings District,Billings,EVI,2993.2558299767475
2013-06-18T06:00:00Z,blm_billings_Billings District,Billings,NDVI,4847.703413863367
2013-06-18T06:00:00Z,blm_miles-city_Miles City District,Miles City,EVI,3181.3534008585516
2013-06-18T06:00:00Z,blm_miles-city_Miles City District,Miles City,NDVI,5079.120306370605
2013-06-18T06:00:00Z,blm_malta_Malta District,Malta,EVI,3257.8223407433416
2013-06-18T06:00:00Z,blm_malta_Malta District,Malta,NDVI,5071.765075457883
2013-06-18T06:00:00Z,blm_lewistown_Lewistown District,Lewistown,EVI,3568.5390239366793
2013-06-18T06:00:00Z,blm_lewistown_Lewistown District,Lewistown,NDVI,5663.946278537118
2013-06-18T06:00:00Z,blm_missoula_Missoula District,Missoula,EVI,3437.7019398670955
2013-06-18T06:00:00Z,blm_missoula_Missoula District,Missoula,NDVI,6846.031691743309
2013-06-18T06:00:00Z,blm_butte_Butte District,Butte,EVI,3093.065062821809
2013-06-18T06:00:00Z,blm_butte_Butte District,Butte,NDVI,5523.310038406216
2013-06-18T06:00:00Z,blm_dillon_Dillon District,Dillon,EVI,2958.2505292471396
2013-06-18T06:00:00Z,blm_dillon_Dillon District,Dillon,NDVI,4984.200628215587
2013-07-04T06:00:00Z,blm_billings_Billings District,Billings,EVI,2554.2211362388402
2013-07-04T06:00:00Z,blm_billings_Billings District,Billings,NDVI,4342.020963919035
2013-07-04T06:00:00Z,blm_miles-city_Miles City District,Miles City,EVI,3086.8334913252156
2013-07-04T06:00:00Z,blm_miles-city_Miles City District,Miles City,NDVI,4840.883299727721
2013-07-04T06:00:00Z,blm_malta_Malta District,Malta,EVI,3002.9566821877143
2013-07-04T06:00:00Z,blm_malta_Malta District,Malta,NDVI,4947.093156615466
2013-07-04T06:00:00Z,blm_lewistown_Lewistown District,Lewistown,EVI,3176.021891126696
2013-07-04T06:00:00Z,blm_lewistown_Lewistown District,Lewistown,NDVI,5482.5723807264885
2013-07-04T06:00:00Z,blm_missoula_Missoula District,Missoula,EVI,3554.8595445134424
2013-07-04T06:00:00Z,blm_missoula_Missoula District,Missoula,NDVI,6826.61828251247
2013-07-04T06:00:00Z,blm_butte_Butte District,Butte,EVI,2930.684108711392
2013-07-04T06:00:00Z,blm_butte_Butte District,Butte,NDVI,5557.60365712265
2013-07-04T06:00:00Z,blm_dillon_Dillon District,Dillon,EVI,2802.8439306810014
2013-07-04T06:00:00Z,blm_dillon_Dillon District,Dillon,NDVI,5112.543021461015
2013-07-20T06:00:00Z,blm_billings_Billings District,Billings,EVI,2297.670993890409
2013-07-20T06:00:00Z,blm_billings_Billings District,Billings,NDVI,3855.5861242386673
2013-07-20T06:00:00Z,blm_miles-city_Miles City District,Miles City,EVI,2752.512574062039
2013-07-20T06:00:00Z,blm_miles-city_Miles City District,Miles City,NDVI,4456.496130833878
2013-07-20T06:00:00Z,blm_malta_Malta District,Malta,EVI,2582.1576349846205
2013-07-20T06:00:00Z,blm_malta_Malta District,Malta,NDVI,4259.298076661253
2013-07-20T06:00:00Z,blm_lewistown_Lewistown District,Lewistown,EVI,2707.304249777071
2013-07-20T06:00:00Z,blm_lewistown_Lewistown District,Lewistown,NDVI,4687.616683908654
2013-07-20T06:00:00Z,blm_missoula_Missoula District,Missoula,EVI,3342.5493388543287
2013-07-20T06:00:00Z,blm_missoula_Missoula District,Missoula,NDVI,6644.91733563452
2013-07-20T06:00:00Z,blm_butte_Butte District,Butte,EVI,2727.7221341601507
2013-07-20T06:00:00Z,blm_butte_Butte District,Butte,NDVI,5173.139825061944
2013-07-20T06:00:00Z,blm_dillon_Dillon District,Dillon,EVI,2668.203871650055
2013-07-20T06:00:00Z,blm_dillon_Dillon District,Dillon,NDVI,4753.793062895126
2013-08-05T06:00:00Z,blm_billings_Billings District,Billings,EVI,2135.052448244888
2013-08-05T06:00:00Z,blm_billings_Billings District,Billings,NDVI,3673.827061937738
2013-08-05T06:00:00Z,blm_miles-city_Miles City District,Miles City,EVI,2412.8759923873963
2013-08-05T06:00:00Z,blm_miles-city_Miles City District,Miles City,NDVI,4107.918075404807
2013-08-05T06:00:00Z,blm_malta_Malta District,Malta,EVI,2227.2749938214906
2013-08-05T06:00:00Z,blm_malta_Malta District,Malta,NDVI,3792.834335503709
2013-08-05T06:00:00Z,blm_lewistown_Lewistown District,Lewistown,EVI,2494.5887265571623
2013-08-05T06:00:00Z,blm_lewistown_Lewistown District,Lewistown,NDVI,4377.516816213634
2013-08-05T06:00:00Z,blm_missoula_Missoula District,Missoula,EVI,3088.605579843307
2013-08-05T06:00:00Z,blm_missoula_Missoula District,Missoula,NDVI,6549.4747620695425
2013-08-05T06:00:00Z,blm_butte_Butte District,Butte,EVI,2565.6519400680318
2013-08-05T06:00:00Z,blm_butte_Butte District,Butte,NDVI,4838.329619357509
2013-08-05T06:00:00Z,blm_dillon_Dillon District,Dillon,EVI,2402.806492651472
2013-08-05T06:00:00Z,blm_dillon_Dillon District,Dillon,NDVI,4351.386208552279
2013-08-21T06:00:00Z,blm_billings_Billings District,Billings,EVI,2000.8482442143174
2013-08-21T06:00:00Z,blm_billings_Billings District,Billings,NDVI,3376.176949912604
2013-08-21T06:00:00Z,blm_miles-city_Miles City District,Miles City,EVI,2161.2442785762246
2013-08-21T06:00:00Z,blm_miles-city_Miles City District,Miles City,NDVI,3746.906638816611
2013-08-21T06:00:00Z,blm_malta_Malta District,Malta,EVI,2002.9628029545827
2013-08-21T06:00:00Z,blm_malta_Malta District,Malta,NDVI,3378.535040121601
2013-08-21T06:00:00Z,blm_lewistown_Lewistown District,Lewistown,EVI,2283.8342384517755
2013-08-21T06:00:00Z,blm_lewistown_Lewistown District,Lewistown,NDVI,4021.195643640225
2013-08-21T06:00:00Z,blm_missoula_Missoula District,Missoula,EVI,2940.084124835295
2013-08-21T06:00:00Z,blm_missoula_Missoula District,Missoula,NDVI,6356.660564714237
2013-08-21T06:00:00Z,blm_butte_Butte District,Butte,EVI,2310.209914558951
2013-08-21T06:00:00Z,blm_butte_Butte District,Butte,NDVI,4575.7378502900665
2013-08-21T06:00:00Z,blm_dillon_Dillon District,Dillon,EVI,2188.884272303717
2013-08-21T06:00:00Z,blm_dillon_Dillon District,Dillon,NDVI,4205.986922165236
2013-09-06T06:00:00Z,blm_billings_Billings District,Billings,EVI,1913.688748367136
2013-09-06T06:00:00Z,blm_billings_Billings District,Billings,NDVI,3646.571946388617
2013-09-06T06:00:00Z,blm_miles-city_Miles City District,Miles City,EVI,1989.311454446162
2013-09-06T06:00:00Z,blm_miles-city_Miles City District,Miles City,NDVI,3619.2070881647055
2013-09-06T06:00:00Z,blm_malta_Malta District,Malta,EVI,1845.5829417909001
2013-09-06T06:00:00Z,blm_malta_Malta District,Malta,NDVI,3505.2342721638406
2013-09-06T06:00:00Z,blm_lewistown_Lewistown District,Lewistown,EVI,2083.721538482842
2013-09-06T06:00:00Z,blm_lewistown_Lewistown District,Lewistown,NDVI,4100.972806252932
2013-09-06T06:00:00Z,blm_missoula_Missoula District,Missoula,EVI,2750.1037156023685
2013-09-06T06:00:00Z,blm_missoula_Missoula District,Missoula,NDVI,6464.288956090262
2013-09-06T06:00:00Z,blm_butte_Butte District,Butte,EVI,2125.6395665485447
2013-09-06T06:00:00Z,blm_butte_Butte District,Butte,NDVI,4759.514800079858
2013-09-06T06:00:00Z,blm_dillon_Dillon District,Dillon,EVI,2005.98790256852
2013-09-06T06:00:00Z,blm_dillon_Dillon District,Dillon,NDVI,4411.939481796426
2013-09-22T06:00:00Z,blm_billings_Billings District,Billings,EVI,2102.9223986986176
2013-09-22T06:00:00Z,blm_billings_Billings District,Billings,NDVI,3817.2266309899173
2013-09-22T06:00:00Z,blm_miles-city_Miles City District,Miles City,EVI,1909.8980665451245
2013-09-22T06:00:00Z,blm_miles-city_Miles City District,Miles City,NDVI,3574.5818029265492
2013-09-22T06:00:00Z,blm_malta_Malta District,Malta,EVI,1842.9812074604272
2013-09-22T06:00:00Z,blm_malta_Malta District,Malta,NDVI,3456.903767662098
2013-09-22T06:00:00Z,blm_lewistown_Lewistown District,Lewistown,EVI,1966.8393306841422
2013-09-22T06:00:00Z,blm_lewistown_Lewistown District,Lewistown,NDVI,3924.4627345428994
2013-09-22T06:00:00Z,blm_missoula_Missoula District,Missoula,EVI,2786.9629227596733
2013-09-22T06:00:00Z,blm_missoula_Missoula District,Missoula,NDVI,6188.171326380317
2013-09-22T06:00:00Z,blm_butte_Butte District,Butte,EVI,2095.4150752801575
2013-09-22T06:00:00Z,blm_butte_Butte District,Butte,NDVI,4526.019162999275
2013-09-22T06:00:00Z,blm_dillon_Dillon District,Dillon,EVI,2075.2287921047055
2013-09-22T06:00:00Z,blm_dillon_Dillon District,Dillon,NDVI,3975.579494735443
2013-10-08T06:00:00Z,blm_billings_Billings District,Billings,EVI,1958.0210616065647
2013-10-08T06:00:00Z,blm_billings_Billings District,Billings,NDVI,3736.510682115921
2013-10-08T06:00:00Z,blm_miles-city_Miles City District,Miles City,EVI,1729.9955809022715
2013-10-08T06:00:00Z,blm_miles-city_Miles City District,Miles City,NDVI,3359.622522541448
2013-10-08T06:00:00Z,blm_malta_Malta District,Malta,EVI,1698.6438171698578
2013-10-08T06:00:00Z,blm_malta_Malta District,Malta,NDVI,3079.397638677009
2013-10-08T06:00:00Z,blm_lewistown_Lewistown District,Lewistown,EVI,1909.2864048043598
2013-10-08T06:00:00Z,blm_lewistown_Lewistown District,Lewistown,NDVI,3700.7170996034724
2013-10-08T06:00:00Z,blm_missoula_Missoula District,Missoula,EVI,2502.054196162081
2013-10-08T06:00:00Z,blm_missoula_Missoula District,Missoula,NDVI,5956.143334404914
2013-10-08T06:00:00Z,blm_butte_Butte District,Butte,EVI,2020.7032087114853
2013-10-08T06:00:00Z,blm_butte_Butte District,Butte,NDVI,4511.322890871189
2013-10-08T06:00:00Z,blm_dillon_Dillon District,Dillon,EVI,1881.9998989728379
2013-10-08T06:00:00Z,blm_dillon_Dillon District,Dillon,NDVI,3920.440387100453
2013-10-24T06:00:00Z,blm_billings_Billings District,Billings,EVI,1885.5746533711026
2013-10-24T06:00:00Z,blm_billings_Billings District,Billings,NDVI,3637.41503238876
2013-10-24T06:00:00Z,blm_miles-city_Miles City District,Miles City,EVI,1521.3432745077346
2013-10-24T06:00:00Z,blm_miles-city_Miles City District,Miles City,NDVI,3067.6645442327504
2013-10-24T06:00:00Z,blm_malta_Malta District,Malta,EVI,1462.2088189763454
2013-10-24T06:00:00Z,blm_malta_Malta District,Malta,NDVI,2792.560621309972
2013-10-24T06:00:00Z,blm_lewistown_Lewistown District,Lewistown,EVI,1767.9447916728766
2013-10-24T06:00:00Z,blm_lewistown_Lewistown District,Lewistown,NDVI,3440.0495597333124
2013-10-24T06:00:00Z,blm_missoula_Missoula District,Missoula,EVI,2235.7232041252205
2013-10-24T06:00:00Z,blm_missoula_Missoula District,Missoula,NDVI,5593.591020347941
2013-10-24T06:00:00Z,blm_butte_Butte District,Butte,EVI,1986.0576959466425
2013-10-24T06:00:00Z,blm_butte_Butte District,Butte,NDVI,4345.5810828078575
2013-10-24T06:00:00Z,blm_dillon_Dillon District,Dillon,EVI,1765.5096321455499
2013-10-24T06:00:00Z,blm_dillon_Dillon District,Dillon,NDVI,3688.0520131475396
2013-11-09T07:00:00Z,blm_billings_Billings District,Billings,EVI,1711.2979195698035
2013-11-09T07:00:00Z,blm_billings_Billings District,Billings,NDVI,3325.215412167457
2013-11-09T07:00:00Z,blm_miles-city_Miles City District,Miles City,EVI,1431.752154553831
2013-11-09T07:00:00Z,blm_miles-city_Miles City District,Miles City,NDVI,2779.3024980538908
2013-11-09T07:00:00Z,blm_malta_Malta District,Malta,EVI,1420.0660470443213
2013-11-09T07:00:00Z,blm_malta_Malta District,Malta,NDVI,2531.380655825974
2013-11-09T07:00:00Z,blm_lewistown_Lewistown District,Lewistown,EVI,1556.6883278336304
2013-11-09T07:00:00Z,blm_lewistown_Lewistown District,Lewistown,NDVI,3004.5729216765926
2013-11-09T07:00:00Z,blm_missoula_Missoula District,Missoula,EVI,2154.3042600447025
2013-11-09T07:00:00Z,blm_missoula_Missoula District,Missoula,NDVI,5455.086423298613
2013-11-09T07:00:00Z,blm_butte_Butte District,Butte,EVI,1764.1327935086867
2013-11-09T07:00:00Z,blm_butte_Butte District,Butte,NDVI,3842.3321601992557
2013-11-09T07:00:00Z,blm_dillon_Dillon District,Dillon,EVI,1601.1760783501852
2013-11-09T07:00:00Z,blm_dillon_Dillon District,Dillon,NDVI,3229.799094131597
2013-11-25T07:00:00Z,blm_billings_Billings District,Billings,EVI,1677.4879944276045
2013-11-25T07:00:00Z,blm_billings_Billings District,Billings,NDVI,3039.9811717390785
2013-11-25T07:00:00Z,blm_miles-city_Miles City District,Miles City,EVI,1469.5220452541075
2013-11-25T07:00:00Z,blm_miles-city_Miles City District,Miles City,NDVI,2940.2487985461044
2013-11-25T07:00:00Z,blm_malta_Malta District,Malta,EVI,1356.8050718361587
2013-11-25T07:00:00Z,blm_malta_Malta District,Malta,NDVI,2396.590743445039
2013-11-25T07:00:00Z,blm_lewistown_Lewistown District,Lewistown,EVI,1453.919336907863
2013-11-25T07:00:00Z,blm_lewistown_Lewistown District,Lewistown,NDVI,2760.497230849958
2013-11-25T07:00:00Z,blm_missoula_Missoula District,Missoula,EVI,2137.699852321146
2013-11-25T07:00:00Z,blm_missoula_Missoula District,Missoula,NDVI,5189.785383074363
2013-11-25T07:00:00Z,blm_butte_Butte District,Butte,EVI,1661.264876981564
2013-11-25T07:00:00Z,blm_butte_Butte District,Butte,NDVI,3581.0684873784426
2013-11-25T07:00:00Z,blm_dillon_Dillon District,Dillon,EVI,1404.38849821093
2013-11-25T07:00:00Z,blm_dillon_Dillon District,Dillon,NDVI,2495.107126323203
2013-12-11T07:00:00Z,blm_billings_Billings District,Billings,EVI,1246.2078209515873
2013-12-11T07:00:00Z,blm_billings_Billings District,Billings,NDVI,2350.1764516052394
2013-12-11T07:00:00Z,blm_miles-city_Miles City District,Miles City,EVI,NA
2013-12-11T07:00:00Z,blm_miles-city_Miles City District,Miles City,NDVI,NA
2013-12-11T07:00:00Z,blm_malta_Malta District,Malta,EVI,1072.8351855123838
2013-12-11T07:00:00Z,blm_malta_Malta District,Malta,NDVI,2032.1432466140423
2013-12-11T07:00:00Z,blm_lewistown_Lewistown District,Lewistown,EVI,1211.6208397621187
2013-12-11T07:00:00Z,blm_lewistown_Lewistown District,Lewistown,NDVI,2299.237034790115
2013-12-11T07:00:00Z,blm_missoula_Missoula District,Missoula,EVI,1915.673920732989
2013-12-11T07:00:00Z,blm_missoula_Missoula District,Missoula,NDVI,4796.183890348694
2013-12-11T07:00:00Z,blm_butte_Butte District,Butte,EVI,1388.7468517752889
2013-12-11T07:00:00Z,blm_butte_Butte District,Butte,NDVI,2695.514972041872
2013-12-11T07:00:00Z,blm_dillon_Dillon District,Dillon,EVI,1418.3141841876889
2013-12-11T07:00:00Z,blm_dillon_Dillon District,Dillon,NDVI,2419.624341318112
2013-12-27T07:00:00Z,blm_billings_Billings District,Billings,EVI,1369.8446868578098
2013-12-27T07:00:00Z,blm_billings_Billings District,Billings,NDVI,2362.952736265872
2013-12-27T07:00:00Z,blm_miles-city_Miles City District,Miles City,EVI,NA
2013-12-27T07:00:00Z,blm_miles-city_Miles City District,Miles City,NDVI,NA
2013-12-27T07:00:00Z,blm_malta_Malta District,Malta,EVI,1067.3633560120913
2013-12-27T07:00:00Z,blm_malta_Malta District,Malta,NDVI,2006.3610856226244
2013-12-27T07:00:00Z,blm_lewistown_Lewistown District,Lewistown,EVI,1379.2808121463897
2013-12-27T07:00:00Z,blm_lewistown_Lewistown District,Lewistown,NDVI,2355.7578677350084
2013-12-27T07:00:00Z,blm_missoula_Missoula District,Missoula,EVI,2055.257464346618
2013-12-27T07:00:00Z,blm_missoula_Missoula District,Missoula,NDVI,4737.651622717359
2013-12-27T07:00:00Z,blm_butte_Butte District,Butte,EVI,1514.5984922858966
2013-12-27T07:00:00Z,blm_butte_Butte District,Butte,NDVI,2729.957384201138
2013-12-27T07:00:00Z,blm_dillon_Dillon District,Dillon,EVI,1508.0288412630173
2013-12-27T07:00:00Z,blm_dillon_Dillon District,Dillon,NDVI,2421.026382364512
2014-01-09T07:00:00Z,blm_billings_Billings District,Billings,EVI,1274.1755529297627
2014-01-09T07:00:00Z,blm_billings_Billings District,Billings,NDVI,2450.340149977424
2014-01-09T07:00:00Z,blm_miles-city_Miles City District,Miles City,EVI,1134.9711788823558
2014-01-09T07:00:00Z,blm_miles-city_Miles City District,Miles City,NDVI,2069.4513358189265
2014-01-09T07:00:00Z,blm_malta_Malta District,Malta,EVI,1078.1449667220731
2014-01-09T07:00:00Z,blm_malta_Malta District,Malta,NDVI,2080.745204268535
2014-01-09T07:00:00Z,blm_lewistown_Lewistown District,Lewistown,EVI,1180.2143533024462
2014-01-09T07:00:00Z,blm_lewistown_Lewistown District,Lewistown,NDVI,2251.774485603055
2014-01-09T07:00:00Z,blm_missoula_Missoula District,Missoula,EVI,1859.1250585093685
2014-01-09T07:00:00Z,blm_missoula_Missoula District,Missoula,NDVI,4282.033888519356
2014-01-09T07:00:00Z,blm_butte_Butte District,Butte,EVI,1365.7442433290073
2014-01-09T07:00:00Z,blm_butte_Butte District,Butte,NDVI,2463.1525769300474
2014-01-09T07:00:00Z,blm_dillon_Dillon District,Dillon,EVI,1383.4781744919853
2014-01-09T07:00:00Z,blm_dillon_Dillon District,Dillon,NDVI,2226.8244682444088
2014-01-25T07:00:00Z,blm_billings_Billings District,Billings,EVI,1309.5533873051727
2014-01-25T07:00:00Z,blm_billings_Billings District,Billings,NDVI,2453.52380002869
2014-01-25T07:00:00Z,blm_miles-city_Miles City District,Miles City,EVI,1186.942091216717
2014-01-25T07:00:00Z,blm_miles-city_Miles City District,Miles City,NDVI,2106.1487507488227
2014-01-25T07:00:00Z,blm_malta_Malta District,Malta,EVI,1094.0370683601725
2014-01-25T07:00:00Z,blm_malta_Malta District,Malta,NDVI,2090.484540756501
2014-01-25T07:00:00Z,blm_lewistown_Lewistown District,Lewistown,EVI,1190.0897472941017
2014-01-25T07:00:00Z,blm_lewistown_Lewistown District,Lewistown,NDVI,2269.2061598487467
2014-01-25T07:00:00Z,blm_missoula_Missoula District,Missoula,EVI,1917.0170765394355
2014-01-25T07:00:00Z,blm_missoula_Missoula District,Missoula,NDVI,4831.560394945676
2014-01-25T07:00:00Z,blm_butte_Butte District,Butte,EVI,1386.1147453510537
2014-01-25T07:00:00Z,blm_butte_Butte District,Butte,NDVI,2491.6305384066054
2014-01-25T07:00:00Z,blm_dillon_Dillon District,Dillon,EVI,1319.9470578251087
2014-01-25T07:00:00Z,blm_dillon_Dillon District,Dillon,NDVI,2174.009294399542
2014-02-10T07:00:00Z,blm_billings_Billings District,Billings,EVI,1215.788894058096
2014-02-10T07:00:00Z,blm_billings_Billings District,Billings,NDVI,2269.778817164994
2014-02-10T07:00:00Z,blm_miles-city_Miles City District,Miles City,EVI,1176.9499834516168
2014-02-10T07:00:00Z,blm_miles-city_Miles City District,Miles City,NDVI,2228.7318792287642
2014-02-10T07:00:00Z,blm_malta_Malta District,Malta,EVI,1090.353041931022
2014-02-10T07:00:00Z,blm_malta_Malta District,Malta,NDVI,2002.685414027447
2014-02-10T07:00:00Z,blm_lewistown_Lewistown District,Lewistown,EVI,1118.1131546522129
2014-02-10T07:00:00Z,blm_lewistown_Lewistown District,Lewistown,NDVI,1986.1146754402293
2014-02-10T07:00:00Z,blm_missoula_Missoula District,Missoula,EVI,2732.416671436366
2014-02-10T07:00:00Z,blm_missoula_Missoula District,Missoula,NDVI,5563.109187750179
2014-02-10T07:00:00Z,blm_butte_Butte District,Butte,EVI,1337.7725519204555
2014-02-10T07:00:00Z,blm_butte_Butte District,Butte,NDVI,2209.6358442964415
2014-02-10T07:00:00Z,blm_dillon_Dillon District,Dillon,EVI,1586.6603965223571
2014-02-10T07:00:00Z,blm_dillon_Dillon District,Dillon,NDVI,2307.203766468025
2014-02-26T07:00:00Z,blm_billings_Billings District,Billings,EVI,1282.6084551017204
2014-02-26T07:00:00Z,blm_billings_Billings District,Billings,NDVI,2390.264649487165
2014-02-26T07:00:00Z,blm_miles-city_Miles City District,Miles City,EVI,1157.048634115889
2014-02-26T07:00:00Z,blm_miles-city_Miles City District,Miles City,NDVI,2172.802751836051
2014-02-26T07:00:00Z,blm_malta_Malta District,Malta,EVI,1114.5845497178482
2014-02-26T07:00:00Z,blm_malta_Malta District,Malta,NDVI,2083.611759052646
2014-02-26T07:00:00Z,blm_lewistown_Lewistown District,Lewistown,EVI,1181.9526964719278
2014-02-26T07:00:00Z,blm_lewistown_Lewistown District,Lewistown,NDVI,2176.819517110986
2014-02-26T07:00:00Z,blm_missoula_Missoula District,Missoula,EVI,1656.0362652974136
2014-02-26T07:00:00Z,blm_missoula_Missoula District,Missoula,NDVI,3550.553800576023
2014-02-26T07:00:00Z,blm_butte_Butte District,Butte,EVI,1264.3362018917696
2014-02-26T07:00:00Z,blm_butte_Butte District,Butte,NDVI,2300.710943331974
2014-02-26T07:00:00Z,blm_dillon_Dillon District,Dillon,EVI,1262.9987235143003
2014-02-26T07:00:00Z,blm_dillon_Dillon District,Dillon,NDVI,2042.5780789860976
2014-03-14T06:00:00Z,blm_billings_Billings District,Billings,EVI,1365.7739895953732
2014-03-14T06:00:00Z,blm_billings_Billings District,Billings,NDVI,2590.936113491054
2014-03-14T06:00:00Z,blm_miles-city_Miles City District,Miles City,EVI,1232.0874163520189
2014-03-14T06:00:00Z,blm_miles-city_Miles City District,Miles City,NDVI,2222.1423250258767
2014-03-14T06:00:00Z,blm_malta_Malta District,Malta,EVI,1214.7843622212
2014-03-14T06:00:00Z,blm_malta_Malta District,Malta,NDVI,2097.553168698067
2014-03-14T06:00:00Z,blm_lewistown_Lewistown District,Lewistown,EVI,1275.611675623288
2014-03-14T06:00:00Z,blm_lewistown_Lewistown District,Lewistown,NDVI,2408.2019661741624
2014-03-14T06:00:00Z,blm_missoula_Missoula District,Missoula,EVI,1804.266103341868
2014-03-14T06:00:00Z,blm_missoula_Missoula District,Missoula,NDVI,3535.9480036715463
2014-03-14T06:00:00Z,blm_butte_Butte District,Butte,EVI,1367.3581053716248
2014-03-14T06:00:00Z,blm_butte_Butte District,Butte,NDVI,2313.7725995383375
2014-03-14T06:00:00Z,blm_dillon_Dillon District,Dillon,EVI,1323.5931717052492
2014-03-14T06:00:00Z,blm_dillon_Dillon District,Dillon,NDVI,2038.9443795213358
2014-03-30T06:00:00Z,blm_billings_Billings District,Billings,EVI,1586.300464265421
2014-03-30T06:00:00Z,blm_billings_Billings District,Billings,NDVI,2946.072062160252
2014-03-30T06:00:00Z,blm_miles-city_Miles City District,Miles City,EVI,1319.7526988541827
2014-03-30T06:00:00Z,blm_miles-city_Miles City District,Miles City,NDVI,2406.2198166201997
2014-03-30T06:00:00Z,blm_malta_Malta District,Malta,EVI,1174.1254326752612
2014-03-30T06:00:00Z,blm_malta_Malta District,Malta,NDVI,2151.665469333179
2014-03-30T06:00:00Z,blm_lewistown_Lewistown District,Lewistown,EVI,1378.138447983392
2014-03-30T06:00:00Z,blm_lewistown_Lewistown District,Lewistown,NDVI,2538.6336450316276
2014-03-30T06:00:00Z,blm_missoula_Missoula District,Missoula,EVI,2216.498831005852
2014-03-30T06:00:00Z,blm_missoula_Missoula District,Missoula,NDVI,4823.075689490893
2014-03-30T06:00:00Z,blm_butte_Butte District,Butte,EVI,1674.9694922959734
2014-03-30T06:00:00Z,blm_butte_Butte District,Butte,NDVI,2896.361701732202
2014-03-30T06:00:00Z,blm_dillon_Dillon District,Dillon,EVI,1520.0665595863961
2014-03-30T06:00:00Z,blm_dillon_Dillon District,Dillon,NDVI,2402.83367670994
2014-04-15T06:00:00Z,blm_billings_Billings District,Billings,EVI,1958.718894967368
2014-04-15T06:00:00Z,blm_billings_Billings District,Billings,NDVI,3370.7536647666952
2014-04-15T06:00:00Z,blm_miles-city_Miles City District,Miles City,EVI,1487.9356083070647
2014-04-15T06:00:00Z,blm_miles-city_Miles City District,Miles City,NDVI,2649.3827209351452
2014-04-15T06:00:00Z,blm_malta_Malta District,Malta,EVI,1399.8206552209263
2014-04-15T06:00:00Z,blm_malta_Malta District,Malta,NDVI,2496.5148097463093
2014-04-15T06:00:00Z,blm_lewistown_Lewistown District,Lewistown,EVI,1728.0643421429832
2014-04-15T06:00:00Z,blm_lewistown_Lewistown District,Lewistown,NDVI,3048.250496667568
2014-04-15T06:00:00Z,blm_missoula_Missoula District,Missoula,EVI,2474.5639207275044
2014-04-15T06:00:00Z,blm_missoula_Missoula District,Missoula,NDVI,5141.113449655733
2014-04-15T06:00:00Z,blm_butte_Butte District,Butte,EVI,1936.03222875485
2014-04-15T06:00:00Z,blm_butte_Butte District,Butte,NDVI,3288.622075540146
2014-04-15T06:00:00Z,blm_dillon_Dillon District,Dillon,EVI,1671.4619297981963
2014-04-15T06:00:00Z,blm_dillon_Dillon District,Dillon,NDVI,2686.5910874809892
2014-05-01T06:00:00Z,blm_billings_Billings District,Billings,EVI,2305.236244479607
2014-05-01T06:00:00Z,blm_billings_Billings District,Billings,NDVI,3785.299740511726
2014-05-01T06:00:00Z,blm_miles-city_Miles City District,Miles City,EVI,1916.3372600645234
2014-05-01T06:00:00Z,blm_miles-city_Miles City District,Miles City,NDVI,3429.726040179769
2014-05-01T06:00:00Z,blm_malta_Malta District,Malta,EVI,1665.3881871464753
2014-05-01T06:00:00Z,blm_malta_Malta District,Malta,NDVI,3007.8711333575284
2014-05-01T06:00:00Z,blm_lewistown_Lewistown District,Lewistown,EVI,2073.9060084379576
2014-05-01T06:00:00Z,blm_lewistown_Lewistown District,Lewistown,NDVI,3704.300715715055
2014-05-01T06:00:00Z,blm_missoula_Missoula District,Missoula,EVI,2507.275908253392
2014-05-01T06:00:00Z,blm_missoula_Missoula District,Missoula,NDVI,5590.640916478411
2014-05-01T06:00:00Z,blm_butte_Butte District,Butte,EVI,2093.3258570948747
2014-05-01T06:00:00Z,blm_butte_Butte District,Butte,NDVI,3972.162576936118
2014-05-01T06:00:00Z,blm_dillon_Dillon District,Dillon,EVI,1885.7630208183305
2014-05-01T06:00:00Z,blm_dillon_Dillon District,Dillon,NDVI,3289.850789804887
2014-05-17T06:00:00Z,blm_billings_Billings District,Billings,EVI,3202.8489258995587
2014-05-17T06:00:00Z,blm_billings_Billings District,Billings,NDVI,5074.241514139213
2014-05-17T06:00:00Z,blm_miles-city_Miles City District,Miles City,EVI,2479.6631047406677
2014-05-17T06:00:00Z,blm_miles-city_Miles City District,Miles City,NDVI,4194.78777932845
2014-05-17T06:00:00Z,blm_malta_Malta District,Malta,EVI,2280.505872155025
2014-05-17T06:00:00Z,blm_malta_Malta District,Malta,NDVI,3792.8076696339795
2014-05-17T06:00:00Z,blm_lewistown_Lewistown District,Lewistown,EVI,2940.3086408850822
2014-05-17T06:00:00Z,blm_lewistown_Lewistown District,Lewistown,NDVI,4891.5457675360685
2014-05-17T06:00:00Z,blm_missoula_Missoula District,Missoula,EVI,3175.0427595311153
2014-05-17T06:00:00Z,blm_missoula_Missoula District,Missoula,NDVI,6166.719568806444
2014-05-17T06:00:00Z,blm_butte_Butte District,Butte,EVI,2913.0854551673656
2014-05-17T06:00:00Z,blm_butte_Butte District,Butte,NDVI,4963.93734529961
2014-05-17T06:00:00Z,blm_dillon_Dillon District,Dillon,EVI,2676.7071557262693
2014-05-17T06:00:00Z,blm_dillon_Dillon District,Dillon,NDVI,4457.158171699757
2014-06-02T06:00:00Z,blm_billings_Billings District,Billings,EVI,3392.18156596872
2014-06-02T06:00:00Z,blm_billings_Billings District,Billings,NDVI,5353.470448319365
2014-06-02T06:00:00Z,blm_miles-city_Miles City District,Miles City,EVI,3089.0390589283434
2014-06-02T06:00:00Z,blm_miles-city_Miles City District,Miles City,NDVI,4963.483358780305
2014-06-02T06:00:00Z,blm_malta_Malta District,Malta,EVI,2460.055744258123
2014-06-02T06:00:00Z,blm_malta_Malta District,Malta,NDVI,3975.7355288088197
2014-06-02T06:00:00Z,blm_lewistown_Lewistown District,Lewistown,EVI,3151.9955197079885
2014-06-02T06:00:00Z,blm_lewistown_Lewistown District,Lewistown,NDVI,5172.8246057643455
2014-06-02T06:00:00Z,blm_missoula_Missoula District,Missoula,EVI,3315.301375335367
2014-06-02T06:00:00Z,blm_missoula_Missoula District,Missoula,NDVI,6597.565083304081
2014-06-02T06:00:00Z,blm_butte_Butte District,Butte,EVI,3006.521311886305
2014-06-02T06:00:00Z,blm_butte_Butte District,Butte,NDVI,5471.905840839679
2014-06-02T06:00:00Z,blm_dillon_Dillon District,Dillon,EVI,2784.1183036039147
2014-06-02T06:00:00Z,blm_dillon_Dillon District,Dillon,NDVI,5175.891246668498
2014-06-18T06:00:00Z,blm_billings_Billings District,Billings,EVI,3193.2832479522467
2014-06-18T06:00:00Z,blm_billings_Billings District,Billings,NDVI,5188.466456360798
2014-06-18T06:00:00Z,blm_miles-city_Miles City District,Miles City,EVI,3139.8157104964653
2014-06-18T06:00:00Z,blm_miles-city_Miles City District,Miles City,NDVI,5205.131308514979
2014-06-18T06:00:00Z,blm_malta_Malta District,Malta,EVI,2846.2115255933436
2014-06-18T06:00:00Z,blm_malta_Malta District,Malta,NDVI,4565.800026716519
2014-06-18T06:00:00Z,blm_lewistown_Lewistown District,Lewistown,EVI,3344.0865674622273
2014-06-18T06:00:00Z,blm_lewistown_Lewistown District,Lewistown,NDVI,5412.922585985429
2014-06-18T06:00:00Z,blm_missoula_Missoula District,Missoula,EVI,3440.677007431124
2014-06-18T06:00:00Z,blm_missoula_Missoula District,Missoula,NDVI,6611.589559795038
2014-06-18T06:00:00Z,blm_butte_Butte District,Butte,EVI,3185.1349767800607
2014-06-18T06:00:00Z,blm_butte_Butte District,Butte,NDVI,5524.7116778489435
2014-06-18T06:00:00Z,blm_dillon_Dillon District,Dillon,EVI,3000.2119445383864
2014-06-18T06:00:00Z,blm_dillon_Dillon District,Dillon,NDVI,5191.14571512398
2014-07-04T06:00:00Z,blm_billings_Billings District,Billings,EVI,2762.418692353179
2014-07-04T06:00:00Z,blm_billings_Billings District,Billings,NDVI,4675.6009446861
2014-07-04T06:00:00Z,blm_miles-city_Miles City District,Miles City,EVI,2881.8880608260533
2014-07-04T06:00:00Z,blm_miles-city_Miles City District,Miles City,NDVI,4659.152361791899
2014-07-04T06:00:00Z,blm_malta_Malta District,Malta,EVI,2782.9363497007603
2014-07-04T06:00:00Z,blm_malta_Malta District,Malta,NDVI,4535.882806112514
2014-07-04T06:00:00Z,blm_lewistown_Lewistown District,Lewistown,EVI,3025.576303719484
2014-07-04T06:00:00Z,blm_lewistown_Lewistown District,Lewistown,NDVI,5244.387061325993
2014-07-04T06:00:00Z,blm_missoula_Missoula District,Missoula,EVI,3386.4397779690426
2014-07-04T06:00:00Z,blm_missoula_Missoula District,Missoula,NDVI,6796.682316334293
2014-07-04T06:00:00Z,blm_butte_Butte District,Butte,EVI,3029.268582490503
2014-07-04T06:00:00Z,blm_butte_Butte District,Butte,NDVI,5547.41411966254
2014-07-04T06:00:00Z,blm_dillon_Dillon District,Dillon,EVI,2955.447206041851
2014-07-04T06:00:00Z,blm_dillon_Dillon District,Dillon,NDVI,5146.289998175535
2014-07-20T06:00:00Z,blm_billings_Billings District,Billings,EVI,2361.7926704902957
2014-07-20T06:00:00Z,blm_billings_Billings District,Billings,NDVI,3970.0198033909455
2014-07-20T06:00:00Z,blm_miles-city_Miles City District,Miles City,EVI,2423.287976315086
2014-07-20T06:00:00Z,blm_miles-city_Miles City District,Miles City,NDVI,4078.0461283271356
2014-07-20T06:00:00Z,blm_malta_Malta District,Malta,EVI,2359.9079728428483
2014-07-20T06:00:00Z,blm_malta_Malta District,Malta,NDVI,3874.54232403725
2014-07-20T06:00:00Z,blm_lewistown_Lewistown District,Lewistown,EVI,2598.9315826155403
2014-07-20T06:00:00Z,blm_lewistown_Lewistown District,Lewistown,NDVI,4506.404604590713
2014-07-20T06:00:00Z,blm_missoula_Missoula District,Missoula,EVI,3258.294332124436
2014-07-20T06:00:00Z,blm_missoula_Missoula District,Missoula,NDVI,6756.027739083365
2014-07-20T06:00:00Z,blm_butte_Butte District,Butte,EVI,2790.3734299795515
2014-07-20T06:00:00Z,blm_butte_Butte District,Butte,NDVI,5243.596431034969
2014-07-20T06:00:00Z,blm_dillon_Dillon District,Dillon,EVI,2653.4319153954852
2014-07-20T06:00:00Z,blm_dillon_Dillon District,Dillon,NDVI,4754.732090077744
2014-08-05T06:00:00Z,blm_billings_Billings District,Billings,EVI,2081.8150775460676
2014-08-05T06:00:00Z,blm_billings_Billings District,Billings,NDVI,3620.8264318323436
2014-08-05T06:00:00Z,blm_miles-city_Miles City District,Miles City,EVI,2088.029901341939
2014-08-05T06:00:00Z,blm_miles-city_Miles City District,Miles City,NDVI,3583.4532719407416
2014-08-05T06:00:00Z,blm_malta_Malta District,Malta,EVI,2054.945908832842
2014-08-05T06:00:00Z,blm_malta_Malta District,Malta,NDVI,3389.2101517314863
2014-08-05T06:00:00Z,blm_lewistown_Lewistown District,Lewistown,EVI,2347.654193814811
2014-08-05T06:00:00Z,blm_lewistown_Lewistown District,Lewistown,NDVI,4036.311103902705
2014-08-05T06:00:00Z,blm_missoula_Missoula District,Missoula,EVI,3187.86842211286
2014-08-05T06:00:00Z,blm_missoula_Missoula District,Missoula,NDVI,6402.137885150266
2014-08-05T06:00:00Z,blm_butte_Butte District,Butte,EVI,2671.626563451932
2014-08-05T06:00:00Z,blm_butte_Butte District,Butte,NDVI,4994.747741546207
2014-08-05T06:00:00Z,blm_dillon_Dillon District,Dillon,EVI,2492.7166815263026
2014-08-05T06:00:00Z,blm_dillon_Dillon District,Dillon,NDVI,4476.708987384986
2014-08-21T06:00:00Z,blm_billings_Billings District,Billings,EVI,2132.5811356161457
2014-08-21T06:00:00Z,blm_billings_Billings District,Billings,NDVI,3892.7085488818634
2014-08-21T06:00:00Z,blm_miles-city_Miles City District,Miles City,EVI,1884.0968326662107
2014-08-21T06:00:00Z,blm_miles-city_Miles City District,Miles City,NDVI,3746.1085319021154
2014-08-21T06:00:00Z,blm_malta_Malta District,Malta,EVI,1909.6913550591564
2014-08-21T06:00:00Z,blm_malta_Malta District,Malta,NDVI,3468.8570760201706
2014-08-21T06:00:00Z,blm_lewistown_Lewistown District,Lewistown,EVI,2312.487581897434
2014-08-21T06:00:00Z,blm_lewistown_Lewistown District,Lewistown,NDVI,4186.899121962304
2014-08-21T06:00:00Z,blm_missoula_Missoula District,Missoula,EVI,3120.7249429041512
2014-08-21T06:00:00Z,blm_missoula_Missoula District,Missoula,NDVI,6546.963989737304
2014-08-21T06:00:00Z,blm_butte_Butte District,Butte,EVI,2539.3823767787994
2014-08-21T06:00:00Z,blm_butte_Butte District,Butte,NDVI,5029.940779305433
2014-08-21T06:00:00Z,blm_dillon_Dillon District,Dillon,EVI,2302.191423962205
2014-08-21T06:00:00Z,blm_dillon_Dillon District,Dillon,NDVI,4568.497538904794
2014-09-06T06:00:00Z,blm_billings_Billings District,Billings,EVI,2063.4176203958423
2014-09-06T06:00:00Z,blm_billings_Billings District,Billings,NDVI,3959.5585435665744
2014-09-06T06:00:00Z,blm_miles-city_Miles City District,Miles City,EVI,1981.8334870292274
2014-09-06T06:00:00Z,blm_miles-city_Miles City District,Miles City,NDVI,3691.2569291326463
2014-09-06T06:00:00Z,blm_malta_Malta District,Malta,EVI,1967.0643777506027
2014-09-06T06:00:00Z,blm_malta_Malta District,Malta,NDVI,3685.2519101453963
2014-09-06T06:00:00Z,blm_lewistown_Lewistown District,Lewistown,EVI,2278.5693576062936
2014-09-06T06:00:00Z,blm_lewistown_Lewistown District,Lewistown,NDVI,4440.820933038727
2014-09-06T06:00:00Z,blm_missoula_Missoula District,Missoula,EVI,2681.8060089668757
2014-09-06T06:00:00Z,blm_missoula_Missoula District,Missoula,NDVI,6433.503682739106
2014-09-06T06:00:00Z,blm_butte_Butte District,Butte,EVI,2255.8544147900343
2014-09-06T06:00:00Z,blm_butte_Butte District,Butte,NDVI,4992.632050654029
2014-09-06T06:00:00Z,blm_dillon_Dillon District,Dillon,EVI,2069.453229568038
2014-09-06T06:00:00Z,blm_dillon_Dillon District,Dillon,NDVI,4446.864180332566
2014-09-22T06:00:00Z,blm_billings_Billings District,Billings,EVI,2076.370701618491
2014-09-22T06:00:00Z,blm_billings_Billings District,Billings,NDVI,4228.0973700989525
2014-09-22T06:00:00Z,blm_miles-city_Miles City District,Miles City,EVI,1859.5941797967855
2014-09-22T06:00:00Z,blm_miles-city_Miles City District,Miles City,NDVI,3667.2310367593414
2014-09-22T06:00:00Z,blm_malta_Malta District,Malta,EVI,1995.3522861204442
2014-09-22T06:00:00Z,blm_malta_Malta District,Malta,NDVI,3779.763947598208
2014-09-22T06:00:00Z,blm_lewistown_Lewistown District,Lewistown,EVI,2349.943311475314
2014-09-22T06:00:00Z,blm_lewistown_Lewistown District,Lewistown,NDVI,4653.581864711833
2014-09-22T06:00:00Z,blm_missoula_Missoula District,Missoula,EVI,2605.508420891772
2014-09-22T06:00:00Z,blm_missoula_Missoula District,Missoula,NDVI,6031.750518149947
2014-09-22T06:00:00Z,blm_butte_Butte District,Butte,EVI,2173.2755925755996
2014-09-22T06:00:00Z,blm_butte_Butte District,Butte,NDVI,4949.9402621546105
2014-09-22T06:00:00Z,blm_dillon_Dillon District,Dillon,EVI,2012.0908806923887
2014-09-22T06:00:00Z,blm_dillon_Dillon District,Dillon,NDVI,4226.105566817167
2014-10-08T06:00:00Z,blm_billings_Billings District,Billings,EVI,1948.3315891992486
2014-10-08T06:00:00Z,blm_billings_Billings District,Billings,NDVI,3899.957514816025
2014-10-08T06:00:00Z,blm_miles-city_Miles City District,Miles City,EVI,1774.0286615908485
2014-10-08T06:00:00Z,blm_miles-city_Miles City District,Miles City,NDVI,3412.4806251180735
2014-10-08T06:00:00Z,blm_malta_Malta District,Malta,EVI,1901.7383073247925
2014-10-08T06:00:00Z,blm_malta_Malta District,Malta,NDVI,3656.5612201088934
2014-10-08T06:00:00Z,blm_lewistown_Lewistown District,Lewistown,EVI,2237.242472499017
2014-10-08T06:00:00Z,blm_lewistown_Lewistown District,Lewistown,NDVI,4537.185370192788
2014-10-08T06:00:00Z,blm_missoula_Missoula District,Missoula,EVI,2340.562775666881
2014-10-08T06:00:00Z,blm_missoula_Missoula District,Missoula,NDVI,5903.568231162526
2014-10-08T06:00:00Z,blm_butte_Butte District,Butte,EVI,2036.8508158327897
2014-10-08T06:00:00Z,blm_butte_Butte District,Butte,NDVI,4878.471905099685
2014-10-08T06:00:00Z,blm_dillon_Dillon District,Dillon,EVI,1824.226807625766
2014-10-08T06:00:00Z,blm_dillon_Dillon District,Dillon,NDVI,4245.32842314783
2014-10-24T06:00:00Z,blm_billings_Billings District,Billings,EVI,1801.2299516758399
2014-10-24T06:00:00Z,blm_billings_Billings District,Billings,NDVI,3500.8210429852516
2014-10-24T06:00:00Z,blm_miles-city_Miles City District,Miles City,EVI,1612.2172343455031
2014-10-24T06:00:00Z,blm_miles-city_Miles City District,Miles City,NDVI,3163.942617007852
2014-10-24T06:00:00Z,blm_malta_Malta District,Malta,EVI,1752.2754103038833
2014-10-24T06:00:00Z,blm_malta_Malta District,Malta,NDVI,3378.877891754442
2014-10-24T06:00:00Z,blm_lewistown_Lewistown District,Lewistown,EVI,2136.1289037978822
2014-10-24T06:00:00Z,blm_lewistown_Lewistown District,Lewistown,NDVI,4216.124911220145
2014-10-24T06:00:00Z,blm_missoula_Missoula District,Missoula,EVI,2486.3187743660574
2014-10-24T06:00:00Z,blm_missoula_Missoula District,Missoula,NDVI,5570.4700538463485
2014-10-24T06:00:00Z,blm_butte_Butte District,Butte,EVI,1960.1068259100944
2014-10-24T06:00:00Z,blm_butte_Butte District,Butte,NDVI,4606.251410879997
2014-10-24T06:00:00Z,blm_dillon_Dillon District,Dillon,EVI,1681.2356403751198
2014-10-24T06:00:00Z,blm_dillon_Dillon District,Dillon,NDVI,3868.578954109726
2014-11-09T07:00:00Z,blm_billings_Billings District,Billings,EVI,1542.409370402128
2014-11-09T07:00:00Z,blm_billings_Billings District,Billings,NDVI,2760.89052010917
2014-11-09T07:00:00Z,blm_miles-city_Miles City District,Miles City,EVI,1600.3998811627857
2014-11-09T07:00:00Z,blm_miles-city_Miles City District,Miles City,NDVI,2799.575891680677
2014-11-09T07:00:00Z,blm_malta_Malta District,Malta,EVI,1526.635474297361
2014-11-09T07:00:00Z,blm_malta_Malta District,Malta,NDVI,2733.2925776425755
2014-11-09T07:00:00Z,blm_lewistown_Lewistown District,Lewistown,EVI,1892.9951137426867
2014-11-09T07:00:00Z,blm_lewistown_Lewistown District,Lewistown,NDVI,3335.3170537007127
2014-11-09T07:00:00Z,blm_missoula_Missoula District,Missoula,EVI,2563.3401271759235
2014-11-09T07:00:00Z,blm_missoula_Missoula District,Missoula,NDVI,6327.135229160129
2014-11-09T07:00:00Z,blm_butte_Butte District,Butte,EVI,1692.9217101577578
2014-11-09T07:00:00Z,blm_butte_Butte District,Butte,NDVI,2898.1627851277035
2014-11-09T07:00:00Z,blm_dillon_Dillon District,Dillon,EVI,1896.9436662838507
2014-11-09T07:00:00Z,blm_dillon_Dillon District,Dillon,NDVI,2983.731630894763
2014-11-25T07:00:00Z,blm_billings_Billings District,Billings,EVI,1555.5261068919176
2014-11-25T07:00:00Z,blm_billings_Billings District,Billings,NDVI,2696.7867598545013
2014-11-25T07:00:00Z,blm_miles-city_Miles City District,Miles City,EVI,1327.3102825799272
2014-11-25T07:00:00Z,blm_miles-city_Miles City District,Miles City,NDVI,2701.5614814293326
2014-11-25T07:00:00Z,blm_malta_Malta District,Malta,EVI,1533.4678733292342
2014-11-25T07:00:00Z,blm_malta_Malta District,Malta,NDVI,2873.077274107897
2014-11-25T07:00:00Z,blm_lewistown_Lewistown District,Lewistown,EVI,1725.5627848645659
2014-11-25T07:00:00Z,blm_lewistown_Lewistown District,Lewistown,NDVI,3220.486158365344
2014-11-25T07:00:00Z,blm_missoula_Missoula District,Missoula,EVI,2058.472794135873
2014-11-25T07:00:00Z,blm_missoula_Missoula District,Missoula,NDVI,4477.883029480215
2014-11-25T07:00:00Z,blm_butte_Butte District,Butte,EVI,1554.3634352065515
2014-11-25T07:00:00Z,blm_butte_Butte District,Butte,NDVI,3085.569427530568
2014-11-25T07:00:00Z,blm_dillon_Dillon District,Dillon,EVI,1329.1399927115303
2014-11-25T07:00:00Z,blm_dillon_Dillon District,Dillon,NDVI,2334.5642388420533
2014-12-11T07:00:00Z,blm_billings_Billings District,Billings,EVI,1525.7941935817682
2014-12-11T07:00:00Z,blm_billings_Billings District,Billings,NDVI,2585.3063929885893
2014-12-11T07:00:00Z,blm_miles-city_Miles City District,Miles City,EVI,1317.653074612094
2014-12-11T07:00:00Z,blm_miles-city_Miles City District,Miles City,NDVI,2411.437555027491
2014-12-11T07:00:00Z,blm_malta_Malta District,Malta,EVI,1325.4678253747857
2014-12-11T07:00:00Z,blm_malta_Malta District,Malta,NDVI,2578.1242960622326
2014-12-11T07:00:00Z,blm_lewistown_Lewistown District,Lewistown,EVI,1503.4030654683204
2014-12-11T07:00:00Z,blm_lewistown_Lewistown District,Lewistown,NDVI,2779.1609679879475
2014-12-11T07:00:00Z,blm_missoula_Missoula District,Missoula,EVI,1812.9624110694738
2014-12-11T07:00:00Z,blm_missoula_Missoula District,Missoula,NDVI,4850.93451575787
2014-12-11T07:00:00Z,blm_butte_Butte District,Butte,EVI,1581.1841168774465
2014-12-11T07:00:00Z,blm_butte_Butte District,Butte,NDVI,2962.918351512108
2014-12-11T07:00:00Z,blm_dillon_Dillon District,Dillon,EVI,1363.4849505215907
2014-12-11T07:00:00Z,blm_dillon_Dillon District,Dillon,NDVI,2725.8801561390546
2014-12-27T07:00:00Z,blm_billings_Billings District,Billings,EVI,NA
2014-12-27T07:00:00Z,blm_billings_Billings District,Billings,NDVI,NA
2014-12-27T07:00:00Z,blm_miles-city_Miles City District,Miles City,EVI,1258.7109449778789
2014-12-27T07:00:00Z,blm_miles-city_Miles City District,Miles City,NDVI,2260.8161927990345
2014-12-27T07:00:00Z,blm_malta_Malta District,Malta,EVI,1293.405907038493
2014-12-27T07:00:00Z,blm_malta_Malta District,Malta,NDVI,2374.564907005355
2014-12-27T07:00:00Z,blm_lewistown_Lewistown District,Lewistown,EVI,NA
2014-12-27T07:00:00Z,blm_lewistown_Lewistown District,Lewistown,NDVI,NA
2014-12-27T07:00:00Z,blm_missoula_Missoula District,Missoula,EVI,1207.5883526126845
2014-12-27T07:00:00Z,blm_missoula_Missoula District,Missoula,NDVI,4399.795771838852
2014-12-27T07:00:00Z,blm_butte_Butte District,Butte,EVI,1168.0782664941785
2014-12-27T07:00:00Z,blm_butte_Butte District,Butte,NDVI,3586.7542043984477
2014-12-27T07:00:00Z,blm_dillon_Dillon District,Dillon,EVI,1522.476204699323
2014-12-27T07:00:00Z,blm_dillon_Dillon District,Dillon,NDVI,2483.232974910394
2015-01-09T07:00:00Z,blm_billings_Billings District,Billings,EVI,1141.039659304343
2015-01-09T07:00:00Z,blm_billings_Billings District,Billings,NDVI,2032.4911875708651
2015-01-09T07:00:00Z,blm_miles-city_Miles City District,Miles City,EVI,1106.1710303637428
2015-01-09T07:00:00Z,blm_miles-city_Miles City District,Miles City,NDVI,2009.2437883768114
2015-01-09T07:00:00Z,blm_malta_Malta District,Malta,EVI,1268.0626184746639
2015-01-09T07:00:00Z,blm_malta_Malta District,Malta,NDVI,2239.9412769822757
2015-01-09T07:00:00Z,blm_lewistown_Lewistown District,Lewistown,EVI,1199.0575152742508
2015-01-09T07:00:00Z,blm_lewistown_Lewistown District,Lewistown,NDVI,2138.3024404596376
2015-01-09T07:00:00Z,blm_missoula_Missoula District,Missoula,EVI,1872.7811739413053
2015-01-09T07:00:00Z,blm_missoula_Missoula District,Missoula,NDVI,4006.512426917657
2015-01-09T07:00:00Z,blm_butte_Butte District,Butte,EVI,1337.7924026949327
2015-01-09T07:00:00Z,blm_butte_Butte District,Butte,NDVI,2264.0565376087366
2015-01-09T07:00:00Z,blm_dillon_Dillon District,Dillon,EVI,1298.8658007358435
2015-01-09T07:00:00Z,blm_dillon_Dillon District,Dillon,NDVI,2168.7519790024057
2015-01-25T07:00:00Z,blm_billings_Billings District,Billings,EVI,1236.326712200576
2015-01-25T07:00:00Z,blm_billings_Billings District,Billings,NDVI,2553.9700285872195
2015-01-25T07:00:00Z,blm_miles-city_Miles City District,Miles City,EVI,1156.4476960886448
2015-01-25T07:00:00Z,blm_miles-city_Miles City District,Miles City,NDVI,2414.1564617651657
2015-01-25T07:00:00Z,blm_malta_Malta District,Malta,EVI,1153.4217493433434
2015-01-25T07:00:00Z,blm_malta_Malta District,Malta,NDVI,2459.005741253544
2015-01-25T07:00:00Z,blm_lewistown_Lewistown District,Lewistown,EVI,1342.078007451129
2015-01-25T07:00:00Z,blm_lewistown_Lewistown District,Lewistown,NDVI,2746.867570504722
2015-01-25T07:00:00Z,blm_missoula_Missoula District,Missoula,EVI,1860.7809926763541
2015-01-25T07:00:00Z,blm_missoula_Missoula District,Missoula,NDVI,4827.2208459624535
2015-01-25T07:00:00Z,blm_butte_Butte District,Butte,EVI,1403.2857780514992
2015-01-25T07:00:00Z,blm_butte_Butte District,Butte,NDVI,2934.963934852911
2015-01-25T07:00:00Z,blm_dillon_Dillon District,Dillon,EVI,1275.427386483089
2015-01-25T07:00:00Z,blm_dillon_Dillon District,Dillon,NDVI,2396.1837426885977
2015-02-10T07:00:00Z,blm_billings_Billings District,Billings,EVI,1298.5952272879726
2015-02-10T07:00:00Z,blm_billings_Billings District,Billings,NDVI,2487.727793078782
2015-02-10T07:00:00Z,blm_miles-city_Miles City District,Miles City,EVI,1198.6171921520663
2015-02-10T07:00:00Z,blm_miles-city_Miles City District,Miles City,NDVI,2319.10961838549
2015-02-10T07:00:00Z,blm_malta_Malta District,Malta,EVI,1184.1231886446162
2015-02-10T07:00:00Z,blm_malta_Malta District,Malta,NDVI,2384.862155228141
2015-02-10T07:00:00Z,blm_lewistown_Lewistown District,Lewistown,EVI,1376.0585767175712
2015-02-10T07:00:00Z,blm_lewistown_Lewistown District,Lewistown,NDVI,2698.4320015409153
2015-02-10T07:00:00Z,blm_missoula_Missoula District,Missoula,EVI,2177.2348924523812
2015-02-10T07:00:00Z,blm_missoula_Missoula District,Missoula,NDVI,5443.673961963425
2015-02-10T07:00:00Z,blm_butte_Butte District,Butte,EVI,1459.7296926774764
2015-02-10T07:00:00Z,blm_butte_Butte District,Butte,NDVI,2834.7960006330118
2015-02-10T07:00:00Z,blm_dillon_Dillon District,Dillon,EVI,1310.4982028801314
2015-02-10T07:00:00Z,blm_dillon_Dillon District,Dillon,NDVI,2276.725465641201
2015-02-26T07:00:00Z,blm_billings_Billings District,Billings,EVI,1280.3609290025772
2015-02-26T07:00:00Z,blm_billings_Billings District,Billings,NDVI,2383.99847378905
2015-02-26T07:00:00Z,blm_miles-city_Miles City District,Miles City,EVI,1171.957536370127
2015-02-26T07:00:00Z,blm_miles-city_Miles City District,Miles City,NDVI,2221.3034487321174
2015-02-26T07:00:00Z,blm_malta_Malta District,Malta,EVI,1173.3227371537066
2015-02-26T07:00:00Z,blm_malta_Malta District,Malta,NDVI,2228.8954157126373
2015-02-26T07:00:00Z,blm_lewistown_Lewistown District,Lewistown,EVI,1370.3153107680312
2015-02-26T07:00:00Z,blm_lewistown_Lewistown District,Lewistown,NDVI,2567.1325342549444
2015-02-26T07:00:00Z,blm_missoula_Missoula District,Missoula,EVI,2181.3029841954203
2015-02-26T07:00:00Z,blm_missoula_Missoula District,Missoula,NDVI,5023.064151863809
2015-02-26T07:00:00Z,blm_butte_Butte District,Butte,EVI,1490.4678880667234
2015-02-26T07:00:00Z,blm_butte_Butte District,Butte,NDVI,2885.593368582619
2015-02-26T07:00:00Z,blm_dillon_Dillon District,Dillon,EVI,1302.1731896792328
2015-02-26T07:00:00Z,blm_dillon_Dillon District,Dillon,NDVI,2303.9147175768994
2015-03-14T06:00:00Z,blm_billings_Billings District,Billings,EVI,1476.7066508513171
2015-03-14T06:00:00Z,blm_billings_Billings District,Billings,NDVI,2721.2925098739306
2015-03-14T06:00:00Z,blm_miles-city_Miles City District,Miles City,EVI,1294.902718789797
2015-03-14T06:00:00Z,blm_miles-city_Miles City District,Miles City,NDVI,2370.1572424206843
2015-03-14T06:00:00Z,blm_malta_Malta District,Malta,EVI,1290.571832344347
2015-03-14T06:00:00Z,blm_malta_Malta District,Malta,NDVI,2443.6045237970907
2015-03-14T06:00:00Z,blm_lewistown_Lewistown District,Lewistown,EVI,1634.6133438830316
2015-03-14T06:00:00Z,blm_lewistown_Lewistown District,Lewistown,NDVI,3100.9619529452702
2015-03-14T06:00:00Z,blm_missoula_Missoula District,Missoula,EVI,2338.022871951733
2015-03-14T06:00:00Z,blm_missoula_Missoula District,Missoula,NDVI,5160.148015578591
2015-03-14T06:00:00Z,blm_butte_Butte District,Butte,EVI,1714.644164762501
2015-03-14T06:00:00Z,blm_butte_Butte District,Butte,NDVI,3462.969743700812
2015-03-14T06:00:00Z,blm_dillon_Dillon District,Dillon,EVI,1562.820197773521
2015-03-14T06:00:00Z,blm_dillon_Dillon District,Dillon,NDVI,2751.399493361466
2015-03-30T06:00:00Z,blm_billings_Billings District,Billings,EVI,1681.5391336224106
2015-03-30T06:00:00Z,blm_billings_Billings District,Billings,NDVI,3123.2420440061487
2015-03-30T06:00:00Z,blm_miles-city_Miles City District,Miles City,EVI,1463.4073236800148
2015-03-30T06:00:00Z,blm_miles-city_Miles City District,Miles City,NDVI,2624.1667125953268
2015-03-30T06:00:00Z,blm_malta_Malta District,Malta,EVI,1521.09209865767
2015-03-30T06:00:00Z,blm_malta_Malta District,Malta,NDVI,2716.3957943467813
2015-03-30T06:00:00Z,blm_lewistown_Lewistown District,Lewistown,EVI,1902.5077667084465
2015-03-30T06:00:00Z,blm_lewistown_Lewistown District,Lewistown,NDVI,3500.8235241692514
2015-03-30T06:00:00Z,blm_missoula_Missoula District,Missoula,EVI,2412.4956229438135
2015-03-30T06:00:00Z,blm_missoula_Missoula District,Missoula,NDVI,5400.284778463799
2015-03-30T06:00:00Z,blm_butte_Butte District,Butte,EVI,1893.5893248148293
2015-03-30T06:00:00Z,blm_butte_Butte District,Butte,NDVI,3679.988499781803
2015-03-30T06:00:00Z,blm_dillon_Dillon District,Dillon,EVI,1688.5571392827874
2015-03-30T06:00:00Z,blm_dillon_Dillon District,Dillon,NDVI,2953.304772164636
2015-04-15T06:00:00Z,blm_billings_Billings District,Billings,EVI,2008.7238881518538
2015-04-15T06:00:00Z,blm_billings_Billings District,Billings,NDVI,3503.8056797671325
2015-04-15T06:00:00Z,blm_miles-city_Miles City District,Miles City,EVI,1655.7249295308923
2015-04-15T06:00:00Z,blm_miles-city_Miles City District,Miles City,NDVI,2866.625297540859
2015-04-15T06:00:00Z,blm_malta_Malta District,Malta,EVI,1842.023653279764
2015-04-15T06:00:00Z,blm_malta_Malta District,Malta,NDVI,3172.975327560178
2015-04-15T06:00:00Z,blm_lewistown_Lewistown District,Lewistown,EVI,2269.317070173712
2015-04-15T06:00:00Z,blm_lewistown_Lewistown District,Lewistown,NDVI,3987.1880218826473
2015-04-15T06:00:00Z,blm_missoula_Missoula District,Missoula,EVI,2578.762855519243
2015-04-15T06:00:00Z,blm_missoula_Missoula District,Missoula,NDVI,5559.70699527465
2015-04-15T06:00:00Z,blm_butte_Butte District,Butte,EVI,2200.9197649932235
2015-04-15T06:00:00Z,blm_butte_Butte District,Butte,NDVI,4102.154206410427
2015-04-15T06:00:00Z,blm_dillon_Dillon District,Dillon,EVI,1932.3579431299745
2015-04-15T06:00:00Z,blm_dillon_Dillon District,Dillon,NDVI,3396.8744056557275
2015-05-01T06:00:00Z,blm_billings_Billings District,Billings,EVI,2195.229590103101
2015-05-01T06:00:00Z,blm_billings_Billings District,Billings,NDVI,3650.5010328647204
2015-05-01T06:00:00Z,blm_miles-city_Miles City District,Miles City,EVI,1938.920475069746
2015-05-01T06:00:00Z,blm_miles-city_Miles City District,Miles City,NDVI,3188.0007748843896
2015-05-01T06:00:00Z,blm_malta_Malta District,Malta,EVI,2088.456134848184
2015-05-01T06:00:00Z,blm_malta_Malta District,Malta,NDVI,3402.233600502295
2015-05-01T06:00:00Z,blm_lewistown_Lewistown District,Lewistown,EVI,2446.658741480272
2015-05-01T06:00:00Z,blm_lewistown_Lewistown District,Lewistown,NDVI,4187.50592508373
2015-05-01T06:00:00Z,blm_missoula_Missoula District,Missoula,EVI,2690.0581189667682
2015-05-01T06:00:00Z,blm_missoula_Missoula District,Missoula,NDVI,5719.110485936324
2015-05-01T06:00:00Z,blm_butte_Butte District,Butte,EVI,2321.235392285369
2015-05-01T06:00:00Z,blm_butte_Butte District,Butte,NDVI,4359.803422050467
2015-05-01T06:00:00Z,blm_dillon_Dillon District,Dillon,EVI,2140.4916621486905
2015-05-01T06:00:00Z,blm_dillon_Dillon District,Dillon,NDVI,3871.6496260384292
2015-05-17T06:00:00Z,blm_billings_Billings District,Billings,EVI,2547.773277050155
2015-05-17T06:00:00Z,blm_billings_Billings District,Billings,NDVI,4311.684277412752
2015-05-17T06:00:00Z,blm_miles-city_Miles City District,Miles City,EVI,2171.2412664036556
2015-05-17T06:00:00Z,blm_miles-city_Miles City District,Miles City,NDVI,3569.9190275892183
2015-05-17T06:00:00Z,blm_malta_Malta District,Malta,EVI,2305.217527384387
2015-05-17T06:00:00Z,blm_malta_Malta District,Malta,NDVI,3824.5921030228815
2015-05-17T06:00:00Z,blm_lewistown_Lewistown District,Lewistown,EVI,2782.9446440388606
2015-05-17T06:00:00Z,blm_lewistown_Lewistown District,Lewistown,NDVI,4814.713805342949
2015-05-17T06:00:00Z,blm_missoula_Missoula District,Missoula,EVI,2991.570529299734
2015-05-17T06:00:00Z,blm_missoula_Missoula District,Missoula,NDVI,6358.032655294031
2015-05-17T06:00:00Z,blm_butte_Butte District,Butte,EVI,2869.744095683646
2015-05-17T06:00:00Z,blm_butte_Butte District,Butte,NDVI,5096.461167209478
2015-05-17T06:00:00Z,blm_dillon_Dillon District,Dillon,EVI,2785.0233922415687
2015-05-17T06:00:00Z,blm_dillon_Dillon District,Dillon,NDVI,4717.967131120481
2015-06-02T06:00:00Z,blm_billings_Billings District,Billings,EVI,2853.263714817742
2015-06-02T06:00:00Z,blm_billings_Billings District,Billings,NDVI,4957.687746909748
2015-06-02T06:00:00Z,blm_miles-city_Miles City District,Miles City,EVI,2731.3168034281543
2015-06-02T06:00:00Z,blm_miles-city_Miles City District,Miles City,NDVI,4479.923241958201
2015-06-02T06:00:00Z,blm_malta_Malta District,Malta,EVI,2852.651599331242
2015-06-02T06:00:00Z,blm_malta_Malta District,Malta,NDVI,4715.308024492879
2015-06-02T06:00:00Z,blm_lewistown_Lewistown District,Lewistown,EVI,3452.7478329295795
2015-06-02T06:00:00Z,blm_lewistown_Lewistown District,Lewistown,NDVI,5702.36070088445
2015-06-02T06:00:00Z,blm_missoula_Missoula District,Missoula,EVI,3345.2029398428053
2015-06-02T06:00:00Z,blm_missoula_Missoula District,Missoula,NDVI,6575.887546136133
2015-06-02T06:00:00Z,blm_butte_Butte District,Butte,EVI,3142.114156491923
2015-06-02T06:00:00Z,blm_butte_Butte District,Butte,NDVI,5619.21060429432
2015-06-02T06:00:00Z,blm_dillon_Dillon District,Dillon,EVI,3028.6021636579208
2015-06-02T06:00:00Z,blm_dillon_Dillon District,Dillon,NDVI,5442.23664714591
2015-06-18T06:00:00Z,blm_billings_Billings District,Billings,EVI,2851.436961596432
2015-06-18T06:00:00Z,blm_billings_Billings District,Billings,NDVI,4759.628281272875
2015-06-18T06:00:00Z,blm_miles-city_Miles City District,Miles City,EVI,2740.792907962378
2015-06-18T06:00:00Z,blm_miles-city_Miles City District,Miles City,NDVI,4658.633177736816
2015-06-18T06:00:00Z,blm_malta_Malta District,Malta,EVI,2691.6753782225896
2015-06-18T06:00:00Z,blm_malta_Malta District,Malta,NDVI,4226.205737612192
2015-06-18T06:00:00Z,blm_lewistown_Lewistown District,Lewistown,EVI,3338.2089610018506
2015-06-18T06:00:00Z,blm_lewistown_Lewistown District,Lewistown,NDVI,5356.759956745603
2015-06-18T06:00:00Z,blm_missoula_Missoula District,Missoula,EVI,3420.530686781873
2015-06-18T06:00:00Z,blm_missoula_Missoula District,Missoula,NDVI,6428.432893278377
2015-06-18T06:00:00Z,blm_butte_Butte District,Butte,EVI,3125.068576400072
2015-06-18T06:00:00Z,blm_butte_Butte District,Butte,NDVI,5451.93815217136
2015-06-18T06:00:00Z,blm_dillon_Dillon District,Dillon,EVI,3073.489437005738
2015-06-18T06:00:00Z,blm_dillon_Dillon District,Dillon,NDVI,5233.5965045042485
2015-07-04T06:00:00Z,blm_billings_Billings District,Billings,EVI,2421.7841541550006
2015-07-04T06:00:00Z,blm_billings_Billings District,Billings,NDVI,4207.136627039264
2015-07-04T06:00:00Z,blm_miles-city_Miles City District,Miles City,EVI,2516.2076446878013
2015-07-04T06:00:00Z,blm_miles-city_Miles City District,Miles City,NDVI,4243.6526447838605
2015-07-04T06:00:00Z,blm_malta_Malta District,Malta,EVI,2300.3161873385716
2015-07-04T06:00:00Z,blm_malta_Malta District,Malta,NDVI,3806.9860197508383
2015-07-04T06:00:00Z,blm_lewistown_Lewistown District,Lewistown,EVI,2729.3367238620162
2015-07-04T06:00:00Z,blm_lewistown_Lewistown District,Lewistown,NDVI,4668.499166195252
2015-07-04T06:00:00Z,blm_missoula_Missoula District,Missoula,EVI,3357.452628203791
2015-07-04T06:00:00Z,blm_missoula_Missoula District,Missoula,NDVI,6319.344441225005
2015-07-04T06:00:00Z,blm_butte_Butte District,Butte,EVI,2831.191506898017
2015-07-04T06:00:00Z,blm_butte_Butte District,Butte,NDVI,5329.526197769984
2015-07-04T06:00:00Z,blm_dillon_Dillon District,Dillon,EVI,2924.120655685882
2015-07-04T06:00:00Z,blm_dillon_Dillon District,Dillon,NDVI,4904.106755766653
2015-07-20T06:00:00Z,blm_billings_Billings District,Billings,EVI,2207.063252279913
2015-07-20T06:00:00Z,blm_billings_Billings District,Billings,NDVI,3777.2086475356823
2015-07-20T06:00:00Z,blm_miles-city_Miles City District,Miles City,EVI,2126.711913151296
2015-07-20T06:00:00Z,blm_miles-city_Miles City District,Miles City,NDVI,3594.4207841761986
2015-07-20T06:00:00Z,blm_malta_Malta District,Malta,EVI,2051.5653139393207
2015-07-20T06:00:00Z,blm_malta_Malta District,Malta,NDVI,3368.752555938285
2015-07-20T06:00:00Z,blm_lewistown_Lewistown District,Lewistown,EVI,2449.951288706621
2015-07-20T06:00:00Z,blm_lewistown_Lewistown District,Lewistown,NDVI,4306.765142150429
2015-07-20T06:00:00Z,blm_missoula_Missoula District,Missoula,EVI,2969.7807463021363
2015-07-20T06:00:00Z,blm_missoula_Missoula District,Missoula,NDVI,6425.608704927959
2015-07-20T06:00:00Z,blm_butte_Butte District,Butte,EVI,2631.5904915623823
2015-07-20T06:00:00Z,blm_butte_Butte District,Butte,NDVI,5104.547882575915
2015-07-20T06:00:00Z,blm_dillon_Dillon District,Dillon,EVI,2609.177066262101
2015-07-20T06:00:00Z,blm_dillon_Dillon District,Dillon,NDVI,4859.601746579407
2015-08-05T06:00:00Z,blm_billings_Billings District,Billings,EVI,1967.229427930534
2015-08-05T06:00:00Z,blm_billings_Billings District,Billings,NDVI,3654.479306628922
2015-08-05T06:00:00Z,blm_miles-city_Miles City District,Miles City,EVI,1869.9315992377792
2015-08-05T06:00:00Z,blm_miles-city_Miles City District,Miles City,NDVI,3282.4427433007236
2015-08-05T06:00:00Z,blm_malta_Malta District,Malta,EVI,1965.8596776213797
2015-08-05T06:00:00Z,blm_malta_Malta District,Malta,NDVI,3398.686397756604
2015-08-05T06:00:00Z,blm_lewistown_Lewistown District,Lewistown,EVI,2331.4960440457876
2015-08-05T06:00:00Z,blm_lewistown_Lewistown District,Lewistown,NDVI,4128.668380726558
2015-08-05T06:00:00Z,blm_missoula_Missoula District,Missoula,EVI,3075.2215303472053
2015-08-05T06:00:00Z,blm_missoula_Missoula District,Missoula,NDVI,6108.204105321942
2015-08-05T06:00:00Z,blm_butte_Butte District,Butte,EVI,2540.2198198492038
2015-08-05T06:00:00Z,blm_butte_Butte District,Butte,NDVI,5046.236614603417
2015-08-05T06:00:00Z,blm_dillon_Dillon District,Dillon,EVI,2615.912141072062
2015-08-05T06:00:00Z,blm_dillon_Dillon District,Dillon,NDVI,4704.625937056293
2015-08-21T06:00:00Z,blm_billings_Billings District,Billings,EVI,1971.3588999459657
2015-08-21T06:00:00Z,blm_billings_Billings District,Billings,NDVI,3459.0151918357824
2015-08-21T06:00:00Z,blm_miles-city_Miles City District,Miles City,EVI,1863.2816492724914
2015-08-21T06:00:00Z,blm_miles-city_Miles City District,Miles City,NDVI,3227.708160063576
2015-08-21T06:00:00Z,blm_malta_Malta District,Malta,EVI,1975.2628515727617
2015-08-21T06:00:00Z,blm_malta_Malta District,Malta,NDVI,3393.527506626755
2015-08-21T06:00:00Z,blm_lewistown_Lewistown District,Lewistown,EVI,2127.062684392011
2015-08-21T06:00:00Z,blm_lewistown_Lewistown District,Lewistown,NDVI,3756.3323462065837
2015-08-21T06:00:00Z,blm_missoula_Missoula District,Missoula,EVI,2769.9412946481925
2015-08-21T06:00:00Z,blm_missoula_Missoula District,Missoula,NDVI,6079.449088285554
2015-08-21T06:00:00Z,blm_butte_Butte District,Butte,EVI,2361.6316924075018
2015-08-21T06:00:00Z,blm_butte_Butte District,Butte,NDVI,4674.944120024669
2015-08-21T06:00:00Z,blm_dillon_Dillon District,Dillon,EVI,2167.874985067081
2015-08-21T06:00:00Z,blm_dillon_Dillon District,Dillon,NDVI,4189.696041301828
2015-09-06T06:00:00Z,blm_billings_Billings District,Billings,EVI,1748.2757462303318
2015-09-06T06:00:00Z,blm_billings_Billings District,Billings,NDVI,3289.827168641365
2015-09-06T06:00:00Z,blm_miles-city_Miles City District,Miles City,EVI,1733.0539851353142
2015-09-06T06:00:00Z,blm_miles-city_Miles City District,Miles City,NDVI,3094.6483957696732
2015-09-06T06:00:00Z,blm_malta_Malta District,Malta,EVI,1734.6883791165253
2015-09-06T06:00:00Z,blm_malta_Malta District,Malta,NDVI,3254.1995122690487
2015-09-06T06:00:00Z,blm_lewistown_Lewistown District,Lewistown,EVI,1973.925422788611
2015-09-06T06:00:00Z,blm_lewistown_Lewistown District,Lewistown,NDVI,3820.691995320419
2015-09-06T06:00:00Z,blm_missoula_Missoula District,Missoula,EVI,2751.1332870564106
2015-09-06T06:00:00Z,blm_missoula_Missoula District,Missoula,NDVI,5852.6667376245
2015-09-06T06:00:00Z,blm_butte_Butte District,Butte,EVI,2112.8225746632424
2015-09-06T06:00:00Z,blm_butte_Butte District,Butte,NDVI,4750.557501916577
2015-09-06T06:00:00Z,blm_dillon_Dillon District,Dillon,EVI,2103.2467072509876
2015-09-06T06:00:00Z,blm_dillon_Dillon District,Dillon,NDVI,4165.082133328146
2015-09-22T06:00:00Z,blm_billings_Billings District,Billings,EVI,1603.8508242494834
2015-09-22T06:00:00Z,blm_billings_Billings District,Billings,NDVI,3198.3806250015737
2015-09-22T06:00:00Z,blm_miles-city_Miles City District,Miles City,EVI,1547.6083452904907
2015-09-22T06:00:00Z,blm_miles-city_Miles City District,Miles City,NDVI,2962.004845671375
2015-09-22T06:00:00Z,blm_malta_Malta District,Malta,EVI,1709.7907692785343
2015-09-22T06:00:00Z,blm_malta_Malta District,Malta,NDVI,3158.504524063546
2015-09-22T06:00:00Z,blm_lewistown_Lewistown District,Lewistown,EVI,1983.8518570699352
2015-09-22T06:00:00Z,blm_lewistown_Lewistown District,Lewistown,NDVI,3789.974822889416
2015-09-22T06:00:00Z,blm_missoula_Missoula District,Missoula,EVI,2423.370680096294
2015-09-22T06:00:00Z,blm_missoula_Missoula District,Missoula,NDVI,5813.082118220946
2015-09-22T06:00:00Z,blm_butte_Butte District,Butte,EVI,2089.9171152182485
2015-09-22T06:00:00Z,blm_butte_Butte District,Butte,NDVI,4634.997560490023
2015-09-22T06:00:00Z,blm_dillon_Dillon District,Dillon,EVI,1977.9044460772823
2015-09-22T06:00:00Z,blm_dillon_Dillon District,Dillon,NDVI,4103.506739400743
2015-10-08T06:00:00Z,blm_billings_Billings District,Billings,EVI,1569.3541057443065
2015-10-08T06:00:00Z,blm_billings_Billings District,Billings,NDVI,3281.8144896615277
2015-10-08T06:00:00Z,blm_miles-city_Miles City District,Miles City,EVI,1464.363293242067
2015-10-08T06:00:00Z,blm_miles-city_Miles City District,Miles City,NDVI,2939.020690265516
2015-10-08T06:00:00Z,blm_malta_Malta District,Malta,EVI,1642.649435120516
2015-10-08T06:00:00Z,blm_malta_Malta District,Malta,NDVI,3201.578697063596
2015-10-08T06:00:00Z,blm_lewistown_Lewistown District,Lewistown,EVI,1882.1143359079208
2015-10-08T06:00:00Z,blm_lewistown_Lewistown District,Lewistown,NDVI,3898.8312833610494
2015-10-08T06:00:00Z,blm_missoula_Missoula District,Missoula,EVI,2333.884798630522
2015-10-08T06:00:00Z,blm_missoula_Missoula District,Missoula,NDVI,5497.176431178165
2015-10-08T06:00:00Z,blm_butte_Butte District,Butte,EVI,1973.3519206673266
2015-10-08T06:00:00Z,blm_butte_Butte District,Butte,NDVI,4542.092748616928
2015-10-08T06:00:00Z,blm_dillon_Dillon District,Dillon,EVI,1859.9462171108405
2015-10-08T06:00:00Z,blm_dillon_Dillon District,Dillon,NDVI,4027.365336986824
2015-10-24T06:00:00Z,blm_billings_Billings District,Billings,EVI,1535.5867176561712
2015-10-24T06:00:00Z,blm_billings_Billings District,Billings,NDVI,3158.8664352316123
2015-10-24T06:00:00Z,blm_miles-city_Miles City District,Miles City,EVI,1364.0460200063333
2015-10-24T06:00:00Z,blm_miles-city_Miles City District,Miles City,NDVI,2789.1224311931073
2015-10-24T06:00:00Z,blm_malta_Malta District,Malta,EVI,1624.4177491147093
2015-10-24T06:00:00Z,blm_malta_Malta District,Malta,NDVI,2962.762340715319
2015-10-24T06:00:00Z,blm_lewistown_Lewistown District,Lewistown,EVI,1869.3006508345302
2015-10-24T06:00:00Z,blm_lewistown_Lewistown District,Lewistown,NDVI,3474.19573657962
2015-10-24T06:00:00Z,blm_missoula_Missoula District,Missoula,EVI,2209.021539406697
2015-10-24T06:00:00Z,blm_missoula_Missoula District,Missoula,NDVI,5214.935072120051
2015-10-24T06:00:00Z,blm_butte_Butte District,Butte,EVI,1952.8725069953641
2015-10-24T06:00:00Z,blm_butte_Butte District,Butte,NDVI,3997.865080217364
2015-10-24T06:00:00Z,blm_dillon_Dillon District,Dillon,EVI,1661.7926207825592
2015-10-24T06:00:00Z,blm_dillon_Dillon District,Dillon,NDVI,3705.8804593228474
2015-11-09T07:00:00Z,blm_billings_Billings District,Billings,EVI,1466.1854270243696
2015-11-09T07:00:00Z,blm_billings_Billings District,Billings,NDVI,2966.9167086722655
2015-11-09T07:00:00Z,blm_miles-city_Miles City District,Miles City,EVI,1316.6501976812833
2015-11-09T07:00:00Z,blm_miles-city_Miles City District,Miles City,NDVI,2596.951777850803
2015-11-09T07:00:00Z,blm_malta_Malta District,Malta,EVI,1424.8472953919797
2015-11-09T07:00:00Z,blm_malta_Malta District,Malta,NDVI,2725.4193798427305
2015-11-09T07:00:00Z,blm_lewistown_Lewistown District,Lewistown,EVI,1559.1189369140548
2015-11-09T07:00:00Z,blm_lewistown_Lewistown District,Lewistown,NDVI,3084.6752077798874
2015-11-09T07:00:00Z,blm_missoula_Missoula District,Missoula,EVI,2340.4551569446858
2015-11-09T07:00:00Z,blm_missoula_Missoula District,Missoula,NDVI,5745.407610206827
2015-11-09T07:00:00Z,blm_butte_Butte District,Butte,EVI,1669.4569538094418
2015-11-09T07:00:00Z,blm_butte_Butte District,Butte,NDVI,3177.2479211685595
2015-11-09T07:00:00Z,blm_dillon_Dillon District,Dillon,EVI,1773.1735085052267
2015-11-09T07:00:00Z,blm_dillon_Dillon District,Dillon,NDVI,2907.8813055979294
2015-11-25T07:00:00Z,blm_billings_Billings District,Billings,EVI,1360.6188892859266
2015-11-25T07:00:00Z,blm_billings_Billings District,Billings,NDVI,2566.6704538880167
2015-11-25T07:00:00Z,blm_miles-city_Miles City District,Miles City,EVI,1319.975123449793
2015-11-25T07:00:00Z,blm_miles-city_Miles City District,Miles City,NDVI,2418.6203491510273
2015-11-25T07:00:00Z,blm_malta_Malta District,Malta,EVI,1331.4183536186367
2015-11-25T07:00:00Z,blm_malta_Malta District,Malta,NDVI,2428.379873942388
2015-11-25T07:00:00Z,blm_lewistown_Lewistown District,Lewistown,EVI,1445.9767854638894
2015-11-25T07:00:00Z,blm_lewistown_Lewistown District,Lewistown,NDVI,2656.6987559849877
2015-11-25T07:00:00Z,blm_missoula_Missoula District,Missoula,EVI,2275.4559264796803
2015-11-25T07:00:00Z,blm_missoula_Missoula District,Missoula,NDVI,6286.36564825013
2015-11-25T07:00:00Z,blm_butte_Butte District,Butte,EVI,1544.9620135024506
2015-11-25T07:00:00Z,blm_butte_Butte District,Butte,NDVI,2782.546820647372
2015-11-25T07:00:00Z,blm_dillon_Dillon District,Dillon,EVI,1459.4753501137398
2015-11-25T07:00:00Z,blm_dillon_Dillon District,Dillon,NDVI,2555.868191434344
2015-12-11T07:00:00Z,blm_billings_Billings District,Billings,EVI,1517.8131392598132
2015-12-11T07:00:00Z,blm_billings_Billings District,Billings,NDVI,2742.369526745328
2015-12-11T07:00:00Z,blm_miles-city_Miles City District,Miles City,EVI,1368.4665336318346
2015-12-11T07:00:00Z,blm_miles-city_Miles City District,Miles City,NDVI,2796.9347930935096
2015-12-11T07:00:00Z,blm_malta_Malta District,Malta,EVI,1403.740283778661
2015-12-11T07:00:00Z,blm_malta_Malta District,Malta,NDVI,2443.6050037118457
2015-12-11T07:00:00Z,blm_lewistown_Lewistown District,Lewistown,EVI,1503.876381067436
2015-12-11T07:00:00Z,blm_lewistown_Lewistown District,Lewistown,NDVI,2677.2941170882186
2015-12-11T07:00:00Z,blm_missoula_Missoula District,Missoula,EVI,1911.2899946186963
2015-12-11T07:00:00Z,blm_missoula_Missoula District,Missoula,NDVI,3757.885330181427
2015-12-11T07:00:00Z,blm_butte_Butte District,Butte,EVI,1545.7349780481159
2015-12-11T07:00:00Z,blm_butte_Butte District,Butte,NDVI,2706.1805791376987
2015-12-11T07:00:00Z,blm_dillon_Dillon District,Dillon,EVI,1484.0399060501588
2015-12-11T07:00:00Z,blm_dillon_Dillon District,Dillon,NDVI,2446.262950315441
2015-12-27T07:00:00Z,blm_billings_Billings District,Billings,EVI,1090.1312393269322
2015-12-27T07:00:00Z,blm_billings_Billings District,Billings,NDVI,1713.7160646239709
2015-12-27T07:00:00Z,blm_miles-city_Miles City District,Miles City,EVI,1744.8298001211388
2015-12-27T07:00:00Z,blm_miles-city_Miles City District,Miles City,NDVI,2308.3985463355543
2015-12-27T07:00:00Z,blm_malta_Malta District,Malta,EVI,NA
2015-12-27T07:00:00Z,blm_malta_Malta District,Malta,NDVI,NA
2015-12-27T07:00:00Z,blm_lewistown_Lewistown District,Lewistown,EVI,NA
2015-12-27T07:00:00Z,blm_lewistown_Lewistown District,Lewistown,NDVI,NA
2015-12-27T07:00:00Z,blm_missoula_Missoula District,Missoula,EVI,NA
2015-12-27T07:00:00Z,blm_missoula_Missoula District,Missoula,NDVI,NA
2015-12-27T07:00:00Z,blm_butte_Butte District,Butte,EVI,NA
2015-12-27T07:00:00Z,blm_butte_Butte District,Butte,NDVI,NA
2015-12-27T07:00:00Z,blm_dillon_Dillon District,Dillon,EVI,NA
2015-12-27T07:00:00Z,blm_dillon_Dillon District,Dillon,NDVI,NA
2016-01-09T07:00:00Z,blm_billings_Billings District,Billings,EVI,1062.1145676208682
2016-01-09T07:00:00Z,blm_billings_Billings District,Billings,NDVI,2024.9993901165044
2016-01-09T07:00:00Z,blm_miles-city_Miles City District,Miles City,EVI,1418.074438350385
2016-01-09T07:00:00Z,blm_miles-city_Miles City District,Miles City,NDVI,2245.1258306085856
2016-01-09T07:00:00Z,blm_malta_Malta District,Malta,EVI,1165.3071532090364
2016-01-09T07:00:00Z,blm_malta_Malta District,Malta,NDVI,2333.3830024421068
2016-01-09T07:00:00Z,blm_lewistown_Lewistown District,Lewistown,EVI,1344.0293275673075
2016-01-09T07:00:00Z,blm_lewistown_Lewistown District,Lewistown,NDVI,2384.8582682872393
2016-01-09T07:00:00Z,blm_missoula_Missoula District,Missoula,EVI,960.6383480221357
2016-01-09T07:00:00Z,blm_missoula_Missoula District,Missoula,NDVI,3815.614572658332
2016-01-09T07:00:00Z,blm_butte_Butte District,Butte,EVI,883.1781223805532
2016-01-09T07:00:00Z,blm_butte_Butte District,Butte,NDVI,4439.458088851635
2016-01-09T07:00:00Z,blm_dillon_Dillon District,Dillon,EVI,NA
2016-01-09T07:00:00Z,blm_dillon_Dillon District,Dillon,NDVI,NA
2016-01-25T07:00:00Z,blm_billings_Billings District,Billings,EVI,1148.9908976004542
2016-01-25T07:00:00Z,blm_billings_Billings District,Billings,NDVI,2238.5527723781165
2016-01-25T07:00:00Z,blm_miles-city_Miles City District,Miles City,EVI,1151.1698496928752
2016-01-25T07:00:00Z,blm_miles-city_Miles City District,Miles City,NDVI,2148.6867063979275
2016-01-25T07:00:00Z,blm_malta_Malta District,Malta,EVI,1150.5779321945724
2016-01-25T07:00:00Z,blm_malta_Malta District,Malta,NDVI,2201.7214222827192
2016-01-25T07:00:00Z,blm_lewistown_Lewistown District,Lewistown,EVI,1244.6359795080766
2016-01-25T07:00:00Z,blm_lewistown_Lewistown District,Lewistown,NDVI,2340.0881642045715
2016-01-25T07:00:00Z,blm_missoula_Missoula District,Missoula,EVI,1818.0824341868276
2016-01-25T07:00:00Z,blm_missoula_Missoula District,Missoula,NDVI,4359.294610288765
2016-01-25T07:00:00Z,blm_butte_Butte District,Butte,EVI,1337.697591723191
2016-01-25T07:00:00Z,blm_butte_Butte District,Butte,NDVI,2364.433223546729
2016-01-25T07:00:00Z,blm_dillon_Dillon District,Dillon,EVI,1373.0359272118485
2016-01-25T07:00:00Z,blm_dillon_Dillon District,Dillon,NDVI,2053.9332687235915
2016-02-10T07:00:00Z,blm_billings_Billings District,Billings,EVI,1294.9862705327857
2016-02-10T07:00:00Z,blm_billings_Billings District,Billings,NDVI,2443.888399348372
2016-02-10T07:00:00Z,blm_miles-city_Miles City District,Miles City,EVI,1163.10336863051
2016-02-10T07:00:00Z,blm_miles-city_Miles City District,Miles City,NDVI,2274.9243093377786
2016-02-10T07:00:00Z,blm_malta_Malta District,Malta,EVI,1217.2145005250911
2016-02-10T07:00:00Z,blm_malta_Malta District,Malta,NDVI,2272.9603956580054
2016-02-10T07:00:00Z,blm_lewistown_Lewistown District,Lewistown,EVI,1360.8546482687084
2016-02-10T07:00:00Z,blm_lewistown_Lewistown District,Lewistown,NDVI,2558.178684700915
2016-02-10T07:00:00Z,blm_missoula_Missoula District,Missoula,EVI,1916.6263669790692
2016-02-10T07:00:00Z,blm_missoula_Missoula District,Missoula,NDVI,4702.507962530192
2016-02-10T07:00:00Z,blm_butte_Butte District,Butte,EVI,1333.026855117093
2016-02-10T07:00:00Z,blm_butte_Butte District,Butte,NDVI,2622.4195872978985
2016-02-10T07:00:00Z,blm_dillon_Dillon District,Dillon,EVI,1222.627099864705
2016-02-10T07:00:00Z,blm_dillon_Dillon District,Dillon,NDVI,2094.425179237299
2016-02-26T07:00:00Z,blm_billings_Billings District,Billings,EVI,1425.4319733602529
2016-02-26T07:00:00Z,blm_billings_Billings District,Billings,NDVI,2568.8095044301376
2016-02-26T07:00:00Z,blm_miles-city_Miles City District,Miles City,EVI,1218.385496505931
2016-02-26T07:00:00Z,blm_miles-city_Miles City District,Miles City,NDVI,2323.1875074202403
2016-02-26T07:00:00Z,blm_malta_Malta District,Malta,EVI,1271.4053221912698
2016-02-26T07:00:00Z,blm_malta_Malta District,Malta,NDVI,2390.0096094746436
2016-02-26T07:00:00Z,blm_lewistown_Lewistown District,Lewistown,EVI,1485.3845846210281
2016-02-26T07:00:00Z,blm_lewistown_Lewistown District,Lewistown,NDVI,2758.7528012257076
2016-02-26T07:00:00Z,blm_missoula_Missoula District,Missoula,EVI,2376.9389990381196
2016-02-26T07:00:00Z,blm_missoula_Missoula District,Missoula,NDVI,4958.247967696686
2016-02-26T07:00:00Z,blm_butte_Butte District,Butte,EVI,1457.8719596097676
2016-02-26T07:00:00Z,blm_butte_Butte District,Butte,NDVI,2847.200982875976
2016-02-26T07:00:00Z,blm_dillon_Dillon District,Dillon,EVI,1325.8074363593375
2016-02-26T07:00:00Z,blm_dillon_Dillon District,Dillon,NDVI,2114.220427858322
2016-03-13T07:00:00Z,blm_billings_Billings District,Billings,EVI,1479.7063150195067
2016-03-13T07:00:00Z,blm_billings_Billings District,Billings,NDVI,2616.3179007833264
2016-03-13T07:00:00Z,blm_miles-city_Miles City District,Miles City,EVI,1371.2317277310126
2016-03-13T07:00:00Z,blm_miles-city_Miles City District,Miles City,NDVI,2421.7692723680484
2016-03-13T07:00:00Z,blm_malta_Malta District,Malta,EVI,1352.864897476769
2016-03-13T07:00:00Z,blm_malta_Malta District,Malta,NDVI,2432.590271094498
2016-03-13T07:00:00Z,blm_lewistown_Lewistown District,Lewistown,EVI,1539.8520853383523
2016-03-13T07:00:00Z,blm_lewistown_Lewistown District,Lewistown,NDVI,2753.513654425853
2016-03-13T07:00:00Z,blm_missoula_Missoula District,Missoula,EVI,2092.8213261929372
2016-03-13T07:00:00Z,blm_missoula_Missoula District,Missoula,NDVI,4846.2164842269085
2016-03-13T07:00:00Z,blm_butte_Butte District,Butte,EVI,1513.719272349453
2016-03-13T07:00:00Z,blm_butte_Butte District,Butte,NDVI,2919.7426278043386
2016-03-13T07:00:00Z,blm_dillon_Dillon District,Dillon,EVI,1357.8065986490851
2016-03-13T07:00:00Z,blm_dillon_Dillon District,Dillon,NDVI,2325.125011150572
2016-03-29T06:00:00Z,blm_billings_Billings District,Billings,EVI,1776.4722145781782
2016-03-29T06:00:00Z,blm_billings_Billings District,Billings,NDVI,3004.5721901045417
2016-03-29T06:00:00Z,blm_miles-city_Miles City District,Miles City,EVI,1437.1687636666666
2016-03-29T06:00:00Z,blm_miles-city_Miles City District,Miles City,NDVI,2648.2201118538455
2016-03-29T06:00:00Z,blm_malta_Malta District,Malta,EVI,1619.7680194203117
2016-03-29T06:00:00Z,blm_malta_Malta District,Malta,NDVI,2764.1467580533736
2016-03-29T06:00:00Z,blm_lewistown_Lewistown District,Lewistown,EVI,1880.4907615826846
2016-03-29T06:00:00Z,blm_lewistown_Lewistown District,Lewistown,NDVI,3271.2118454572355
2016-03-29T06:00:00Z,blm_missoula_Missoula District,Missoula,EVI,2348.570853251963
2016-03-29T06:00:00Z,blm_missoula_Missoula District,Missoula,NDVI,5236.387257072029
2016-03-29T06:00:00Z,blm_butte_Butte District,Butte,EVI,1836.621406324162
2016-03-29T06:00:00Z,blm_butte_Butte District,Butte,NDVI,3498.6366874096166
2016-03-29T06:00:00Z,blm_dillon_Dillon District,Dillon,EVI,1589.069592877805
2016-03-29T06:00:00Z,blm_dillon_Dillon District,Dillon,NDVI,2754.996259609549
2016-04-14T06:00:00Z,blm_billings_Billings District,Billings,EVI,1950.07158882378
2016-04-14T06:00:00Z,blm_billings_Billings District,Billings,NDVI,3536.687462011877
2016-04-14T06:00:00Z,blm_miles-city_Miles City District,Miles City,EVI,1724.3037039352512
2016-04-14T06:00:00Z,blm_miles-city_Miles City District,Miles City,NDVI,2992.2885101468514
2016-04-14T06:00:00Z,blm_malta_Malta District,Malta,EVI,1798.5684472650944
2016-04-14T06:00:00Z,blm_malta_Malta District,Malta,NDVI,3097.6152696921627
2016-04-14T06:00:00Z,blm_lewistown_Lewistown District,Lewistown,EVI,2063.854624051184
2016-04-14T06:00:00Z,blm_lewistown_Lewistown District,Lewistown,NDVI,3578.766241161896
2016-04-14T06:00:00Z,blm_missoula_Missoula District,Missoula,EVI,2460.0286931610763
2016-04-14T06:00:00Z,blm_missoula_Missoula District,Missoula,NDVI,5602.904899249287
2016-04-14T06:00:00Z,blm_butte_Butte District,Butte,EVI,2038.0457500055995
2016-04-14T06:00:00Z,blm_butte_Butte District,Butte,NDVI,3903.941387343686
2016-04-14T06:00:00Z,blm_dillon_Dillon District,Dillon,EVI,1736.2681951733762
2016-04-14T06:00:00Z,blm_dillon_Dillon District,Dillon,NDVI,3115.6659495651566
2016-04-30T06:00:00Z,blm_billings_Billings District,Billings,EVI,2389.4157124156495
2016-04-30T06:00:00Z,blm_billings_Billings District,Billings,NDVI,4143.731211775943
2016-04-30T06:00:00Z,blm_miles-city_Miles City District,Miles City,EVI,1999.6363543751424
2016-04-30T06:00:00Z,blm_miles-city_Miles City District,Miles City,NDVI,3449.581528941187
2016-04-30T06:00:00Z,blm_malta_Malta District,Malta,EVI,2306.794918832919
2016-04-30T06:00:00Z,blm_malta_Malta District,Malta,NDVI,3851.4887345846587
2016-04-30T06:00:00Z,blm_lewistown_Lewistown District,Lewistown,EVI,2600.274969364199
2016-04-30T06:00:00Z,blm_lewistown_Lewistown District,Lewistown,NDVI,4604.664125744105
2016-04-30T06:00:00Z,blm_missoula_Missoula District,Missoula,EVI,3007.773004574671
2016-04-30T06:00:00Z,blm_missoula_Missoula District,Missoula,NDVI,6251.048606614606
2016-04-30T06:00:00Z,blm_butte_Butte District,Butte,EVI,2465.4448309937743
2016-04-30T06:00:00Z,blm_butte_Butte District,Butte,NDVI,4544.938926686877
2016-04-30T06:00:00Z,blm_dillon_Dillon District,Dillon,EVI,2256.812476504345
2016-04-30T06:00:00Z,blm_dillon_Dillon District,Dillon,NDVI,4002.912062627684
2016-05-16T06:00:00Z,blm_billings_Billings District,Billings,EVI,2870.5906234296804
2016-05-16T06:00:00Z,blm_billings_Billings District,Billings,NDVI,4721.653588272055
2016-05-16T06:00:00Z,blm_miles-city_Miles City District,Miles City,EVI,2449.755632588619
2016-05-16T06:00:00Z,blm_miles-city_Miles City District,Miles City,NDVI,3980.3709072673573
2016-05-16T06:00:00Z,blm_malta_Malta District,Malta,EVI,2824.4752081791044
2016-05-16T06:00:00Z,blm_malta_Malta District,Malta,NDVI,4392.642432090573
2016-05-16T06:00:00Z,blm_lewistown_Lewistown District,Lewistown,EVI,3257.383491085227
2016-05-16T06:00:00Z,blm_lewistown_Lewistown District,Lewistown,NDVI,5268.22314016023
2016-05-16T06:00:00Z,blm_missoula_Missoula District,Missoula,EVI,3445.0349499532767
2016-05-16T06:00:00Z,blm_missoula_Missoula District,Missoula,NDVI,6524.818250696664
2016-05-16T06:00:00Z,blm_butte_Butte District,Butte,EVI,3118.251429510074
2016-05-16T06:00:00Z,blm_butte_Butte District,Butte,NDVI,5457.53570856639
2016-05-16T06:00:00Z,blm_dillon_Dillon District,Dillon,EVI,2794.4212996349
2016-05-16T06:00:00Z,blm_dillon_Dillon District,Dillon,NDVI,5026.555880386637
2016-06-01T06:00:00Z,blm_billings_Billings District,Billings,EVI,2959.9495442210455
2016-06-01T06:00:00Z,blm_billings_Billings District,Billings,NDVI,4692.600170911155
2016-06-01T06:00:00Z,blm_miles-city_Miles City District,Miles City,EVI,2662.6551678426113
2016-06-01T06:00:00Z,blm_miles-city_Miles City District,Miles City,NDVI,4419.594104444223
2016-06-01T06:00:00Z,blm_malta_Malta District,Malta,EVI,3206.428408379724
2016-06-01T06:00:00Z,blm_malta_Malta District,Malta,NDVI,4987.076358680097
2016-06-01T06:00:00Z,blm_lewistown_Lewistown District,Lewistown,EVI,3591.6571024518266
2016-06-01T06:00:00Z,blm_lewistown_Lewistown District,Lewistown,NDVI,5686.7856098993025
2016-06-01T06:00:00Z,blm_missoula_Missoula District,Missoula,EVI,3326.5995697230537
2016-06-01T06:00:00Z,blm_missoula_Missoula District,Missoula,NDVI,6486.319435466654
2016-06-01T06:00:00Z,blm_butte_Butte District,Butte,EVI,3065.5417811780158
2016-06-01T06:00:00Z,blm_butte_Butte District,Butte,NDVI,5534.001974389536
2016-06-01T06:00:00Z,blm_dillon_Dillon District,Dillon,EVI,3031.729506665794
2016-06-01T06:00:00Z,blm_dillon_Dillon District,Dillon,NDVI,5284.070423021194
2016-06-17T06:00:00Z,blm_billings_Billings District,Billings,EVI,2528.612854051816
2016-06-17T06:00:00Z,blm_billings_Billings District,Billings,NDVI,4179.717254980675
2016-06-17T06:00:00Z,blm_miles-city_Miles City District,Miles City,EVI,2752.7833424430087
2016-06-17T06:00:00Z,blm_miles-city_Miles City District,Miles City,NDVI,4540.421585428038
2016-06-17T06:00:00Z,blm_malta_Malta District,Malta,EVI,3135.9454028665327
2016-06-17T06:00:00Z,blm_malta_Malta District,Malta,NDVI,4916.7222238100885
2016-06-17T06:00:00Z,blm_lewistown_Lewistown District,Lewistown,EVI,3392.428560445113
2016-06-17T06:00:00Z,blm_lewistown_Lewistown District,Lewistown,NDVI,5448.146407424441
2016-06-17T06:00:00Z,blm_missoula_Missoula District,Missoula,EVI,3427.856821517419
2016-06-17T06:00:00Z,blm_missoula_Missoula District,Missoula,NDVI,6590.514341152616
2016-06-17T06:00:00Z,blm_butte_Butte District,Butte,EVI,3101.4921678152978
2016-06-17T06:00:00Z,blm_butte_Butte District,Butte,NDVI,5580.075937301274
2016-06-17T06:00:00Z,blm_dillon_Dillon District,Dillon,EVI,3012.0119895869025
2016-06-17T06:00:00Z,blm_dillon_Dillon District,Dillon,NDVI,5243.255096536567
2016-07-03T06:00:00Z,blm_billings_Billings District,Billings,EVI,2307.962480820274
2016-07-03T06:00:00Z,blm_billings_Billings District,Billings,NDVI,3820.1489548807135
2016-07-03T06:00:00Z,blm_miles-city_Miles City District,Miles City,EVI,2554.9488270864445
2016-07-03T06:00:00Z,blm_miles-city_Miles City District,Miles City,NDVI,4107.528194211448
2016-07-03T06:00:00Z,blm_malta_Malta District,Malta,EVI,2874.2854455589563
2016-07-03T06:00:00Z,blm_malta_Malta District,Malta,NDVI,4575.083319551638
2016-07-03T06:00:00Z,blm_lewistown_Lewistown District,Lewistown,EVI,2953.6627937947496
2016-07-03T06:00:00Z,blm_lewistown_Lewistown District,Lewistown,NDVI,5030.682454835681
2016-07-03T06:00:00Z,blm_missoula_Missoula District,Missoula,EVI,3166.4147727322834
2016-07-03T06:00:00Z,blm_missoula_Missoula District,Missoula,NDVI,6696.7068078262355
2016-07-03T06:00:00Z,blm_butte_Butte District,Butte,EVI,2909.0023634057975
2016-07-03T06:00:00Z,blm_butte_Butte District,Butte,NDVI,5468.021039755028
2016-07-03T06:00:00Z,blm_dillon_Dillon District,Dillon,EVI,2870.5327404098157
2016-07-03T06:00:00Z,blm_dillon_Dillon District,Dillon,NDVI,5012.820488399009
2016-07-19T06:00:00Z,blm_billings_Billings District,Billings,EVI,2101.7362084386145
2016-07-19T06:00:00Z,blm_billings_Billings District,Billings,NDVI,3459.7872990238598
2016-07-19T06:00:00Z,blm_miles-city_Miles City District,Miles City,EVI,2322.858776981167
2016-07-19T06:00:00Z,blm_miles-city_Miles City District,Miles City,NDVI,3815.525967839561
2016-07-19T06:00:00Z,blm_malta_Malta District,Malta,EVI,2547.755508951527
2016-07-19T06:00:00Z,blm_malta_Malta District,Malta,NDVI,4189.3238312782705
2016-07-19T06:00:00Z,blm_lewistown_Lewistown District,Lewistown,EVI,2649.997600050979
2016-07-19T06:00:00Z,blm_lewistown_Lewistown District,Lewistown,NDVI,4523.576862129277
2016-07-19T06:00:00Z,blm_missoula_Missoula District,Missoula,EVI,3227.6925666376032
2016-07-19T06:00:00Z,blm_missoula_Missoula District,Missoula,NDVI,6523.617668695182
2016-07-19T06:00:00Z,blm_butte_Butte District,Butte,EVI,2735.9196088116546
2016-07-19T06:00:00Z,blm_butte_Butte District,Butte,NDVI,5118.40381072996
2016-07-19T06:00:00Z,blm_dillon_Dillon District,Dillon,EVI,2661.205504867863
2016-07-19T06:00:00Z,blm_dillon_Dillon District,Dillon,NDVI,4723.4055870922475
2016-08-04T06:00:00Z,blm_billings_Billings District,Billings,EVI,2006.2788791647547
2016-08-04T06:00:00Z,blm_billings_Billings District,Billings,NDVI,3363.909998148327
2016-08-04T06:00:00Z,blm_miles-city_Miles City District,Miles City,EVI,1992.3527852984726
2016-08-04T06:00:00Z,blm_miles-city_Miles City District,Miles City,NDVI,3393.500213952589
2016-08-04T06:00:00Z,blm_malta_Malta District,Malta,EVI,2291.6203042513607
2016-08-04T06:00:00Z,blm_malta_Malta District,Malta,NDVI,3900.9877277583564
2016-08-04T06:00:00Z,blm_lewistown_Lewistown District,Lewistown,EVI,2439.729062080175
2016-08-04T06:00:00Z,blm_lewistown_Lewistown District,Lewistown,NDVI,4194.2246198144185
2016-08-04T06:00:00Z,blm_missoula_Missoula District,Missoula,EVI,3045.544434752466
2016-08-04T06:00:00Z,blm_missoula_Missoula District,Missoula,NDVI,6402.978549867231
2016-08-04T06:00:00Z,blm_butte_Butte District,Butte,EVI,2533.680390222405
2016-08-04T06:00:00Z,blm_butte_Butte District,Butte,NDVI,4864.151666634188
2016-08-04T06:00:00Z,blm_dillon_Dillon District,Dillon,EVI,2523.1325091270037
2016-08-04T06:00:00Z,blm_dillon_Dillon District,Dillon,NDVI,4452.520236971852
2016-08-20T06:00:00Z,blm_billings_Billings District,Billings,EVI,1915.05190334718
2016-08-20T06:00:00Z,blm_billings_Billings District,Billings,NDVI,3415.7191043014686
2016-08-20T06:00:00Z,blm_miles-city_Miles City District,Miles City,EVI,1820.930135336297
2016-08-20T06:00:00Z,blm_miles-city_Miles City District,Miles City,NDVI,3166.4649616699867
2016-08-20T06:00:00Z,blm_malta_Malta District,Malta,EVI,2028.2071238007193
2016-08-20T06:00:00Z,blm_malta_Malta District,Malta,NDVI,3632.6793498560223
2016-08-20T06:00:00Z,blm_lewistown_Lewistown District,Lewistown,EVI,2296.6155240523626
2016-08-20T06:00:00Z,blm_lewistown_Lewistown District,Lewistown,NDVI,4167.936897639641
2016-08-20T06:00:00Z,blm_missoula_Missoula District,Missoula,EVI,3071.2638180781964
2016-08-20T06:00:00Z,blm_missoula_Missoula District,Missoula,NDVI,6239.363028688663
2016-08-20T06:00:00Z,blm_butte_Butte District,Butte,EVI,2407.6297757147663
2016-08-20T06:00:00Z,blm_butte_Butte District,Butte,NDVI,4555.727615460672
2016-08-20T06:00:00Z,blm_dillon_Dillon District,Dillon,EVI,2309.244437695839
2016-08-20T06:00:00Z,blm_dillon_Dillon District,Dillon,NDVI,4005.337469370438
2016-09-05T06:00:00Z,blm_billings_Billings District,Billings,EVI,2043.928994131
2016-09-05T06:00:00Z,blm_billings_Billings District,Billings,NDVI,3701.6657013392337
2016-09-05T06:00:00Z,blm_miles-city_Miles City District,Miles City,EVI,1798.3772855580257
2016-09-05T06:00:00Z,blm_miles-city_Miles City District,Miles City,NDVI,3293.6751325297632
2016-09-05T06:00:00Z,blm_malta_Malta District,Malta,EVI,1855.6104863805149
2016-09-05T06:00:00Z,blm_malta_Malta District,Malta,NDVI,3478.200974955181
2016-09-05T06:00:00Z,blm_lewistown_Lewistown District,Lewistown,EVI,2224.085427014979
2016-09-05T06:00:00Z,blm_lewistown_Lewistown District,Lewistown,NDVI,4187.537887149538
2016-09-05T06:00:00Z,blm_missoula_Missoula District,Missoula,EVI,2594.0600815571624
2016-09-05T06:00:00Z,blm_missoula_Missoula District,Missoula,NDVI,6216.532679444957
2016-09-05T06:00:00Z,blm_butte_Butte District,Butte,EVI,2227.8952265198236
2016-09-05T06:00:00Z,blm_butte_Butte District,Butte,NDVI,4648.661912323642
2016-09-05T06:00:00Z,blm_dillon_Dillon District,Dillon,EVI,2037.2845803628456
2016-09-05T06:00:00Z,blm_dillon_Dillon District,Dillon,NDVI,4059.442353290126
2016-09-21T06:00:00Z,blm_billings_Billings District,Billings,EVI,2102.993802276318
2016-09-21T06:00:00Z,blm_billings_Billings District,Billings,NDVI,4076.967260515276
2016-09-21T06:00:00Z,blm_miles-city_Miles City District,Miles City,EVI,1783.8106706124927
2016-09-21T06:00:00Z,blm_miles-city_Miles City District,Miles City,NDVI,3400.441307084577
2016-09-21T06:00:00Z,blm_malta_Malta District,Malta,EVI,1693.8677646433237
2016-09-21T06:00:00Z,blm_malta_Malta District,Malta,NDVI,3255.7077054282636
2016-09-21T06:00:00Z,blm_lewistown_Lewistown District,Lewistown,EVI,2137.243195420768
2016-09-21T06:00:00Z,blm_lewistown_Lewistown District,Lewistown,NDVI,4297.884843672284
2016-09-21T06:00:00Z,blm_missoula_Missoula District,Missoula,EVI,2350.3009788819113
2016-09-21T06:00:00Z,blm_missoula_Missoula District,Missoula,NDVI,6077.010312853539
2016-09-21T06:00:00Z,blm_butte_Butte District,Butte,EVI,2047.321507492331
2016-09-21T06:00:00Z,blm_butte_Butte District,Butte,NDVI,4691.783325145143
2016-09-21T06:00:00Z,blm_dillon_Dillon District,Dillon,EVI,1874.914318862835
2016-09-21T06:00:00Z,blm_dillon_Dillon District,Dillon,NDVI,4060.4880531041927
2016-10-07T06:00:00Z,blm_billings_Billings District,Billings,EVI,2077.6572220248236
2016-10-07T06:00:00Z,blm_billings_Billings District,Billings,NDVI,4163.559798342338
2016-10-07T06:00:00Z,blm_miles-city_Miles City District,Miles City,EVI,1835.1328038792933
2016-10-07T06:00:00Z,blm_miles-city_Miles City District,Miles City,NDVI,3557.4580747751556
2016-10-07T06:00:00Z,blm_malta_Malta District,Malta,EVI,1616.840434466628
2016-10-07T06:00:00Z,blm_malta_Malta District,Malta,NDVI,3188.2089662626277
2016-10-07T06:00:00Z,blm_lewistown_Lewistown District,Lewistown,EVI,2077.990576156122
2016-10-07T06:00:00Z,blm_lewistown_Lewistown District,Lewistown,NDVI,4038.8703616353505
2016-10-07T06:00:00Z,blm_missoula_Missoula District,Missoula,EVI,2962.5485387581143
2016-10-07T06:00:00Z,blm_missoula_Missoula District,Missoula,NDVI,5839.790673871414
2016-10-07T06:00:00Z,blm_butte_Butte District,Butte,EVI,2172.8035353557766
2016-10-07T06:00:00Z,blm_butte_Butte District,Butte,NDVI,4563.252478372213
2016-10-07T06:00:00Z,blm_dillon_Dillon District,Dillon,EVI,2051.2902821969533
2016-10-07T06:00:00Z,blm_dillon_Dillon District,Dillon,NDVI,3894.353139858978
2016-10-23T06:00:00Z,blm_billings_Billings District,Billings,EVI,1897.3198140615868
2016-10-23T06:00:00Z,blm_billings_Billings District,Billings,NDVI,3756.425938427027
2016-10-23T06:00:00Z,blm_miles-city_Miles City District,Miles City,EVI,1621.6409452712405
2016-10-23T06:00:00Z,blm_miles-city_Miles City District,Miles City,NDVI,3191.667995031969
2016-10-23T06:00:00Z,blm_malta_Malta District,Malta,EVI,1450.3942330669504
2016-10-23T06:00:00Z,blm_malta_Malta District,Malta,NDVI,2878.0862264984835
2016-10-23T06:00:00Z,blm_lewistown_Lewistown District,Lewistown,EVI,1906.1767081950147
2016-10-23T06:00:00Z,blm_lewistown_Lewistown District,Lewistown,NDVI,4018.48361380245
2016-10-23T06:00:00Z,blm_missoula_Missoula District,Missoula,EVI,2009.7654858762728
2016-10-23T06:00:00Z,blm_missoula_Missoula District,Missoula,NDVI,5679.913217108765
2016-10-23T06:00:00Z,blm_butte_Butte District,Butte,EVI,1863.1425833944481
2016-10-23T06:00:00Z,blm_butte_Butte District,Butte,NDVI,4617.98586014712
2016-10-23T06:00:00Z,blm_dillon_Dillon District,Dillon,EVI,1700.727827980806
2016-10-23T06:00:00Z,blm_dillon_Dillon District,Dillon,NDVI,3910.5774474357595
2016-11-08T07:00:00Z,blm_billings_Billings District,Billings,EVI,1885.6653349550409
2016-11-08T07:00:00Z,blm_billings_Billings District,Billings,NDVI,3781.3534704986805
2016-11-08T07:00:00Z,blm_miles-city_Miles City District,Miles City,EVI,1565.3862887909472
2016-11-08T07:00:00Z,blm_miles-city_Miles City District,Miles City,NDVI,3195.630513673231
2016-11-08T07:00:00Z,blm_malta_Malta District,Malta,EVI,1443.127490553037
2016-11-08T07:00:00Z,blm_malta_Malta District,Malta,NDVI,2965.021236952256
2016-11-08T07:00:00Z,blm_lewistown_Lewistown District,Lewistown,EVI,1929.4399049097651
2016-11-08T07:00:00Z,blm_lewistown_Lewistown District,Lewistown,NDVI,3946.7954858351413
2016-11-08T07:00:00Z,blm_missoula_Missoula District,Missoula,EVI,2146.780058398536
2016-11-08T07:00:00Z,blm_missoula_Missoula District,Missoula,NDVI,5767.491243625972
2016-11-08T07:00:00Z,blm_butte_Butte District,Butte,EVI,1992.4117264117692
2016-11-08T07:00:00Z,blm_butte_Butte District,Butte,NDVI,4499.563325219082
2016-11-08T07:00:00Z,blm_dillon_Dillon District,Dillon,EVI,1768.6555580697793
2016-11-08T07:00:00Z,blm_dillon_Dillon District,Dillon,NDVI,3812.678311644106
2016-11-24T07:00:00Z,blm_billings_Billings District,Billings,EVI,1704.9759334208059
2016-11-24T07:00:00Z,blm_billings_Billings District,Billings,NDVI,3358.2740988963906
2016-11-24T07:00:00Z,blm_miles-city_Miles City District,Miles City,EVI,1634.4601851993762
2016-11-24T07:00:00Z,blm_miles-city_Miles City District,Miles City,NDVI,2988.4046407644323
2016-11-24T07:00:00Z,blm_malta_Malta District,Malta,EVI,1377.7531227763773
2016-11-24T07:00:00Z,blm_malta_Malta District,Malta,NDVI,2723.025797916632
2016-11-24T07:00:00Z,blm_lewistown_Lewistown District,Lewistown,EVI,1860.2113992454556
2016-11-24T07:00:00Z,blm_lewistown_Lewistown District,Lewistown,NDVI,3548.663646089335
2016-11-24T07:00:00Z,blm_missoula_Missoula District,Missoula,EVI,1876.0434877318946
2016-11-24T07:00:00Z,blm_missoula_Missoula District,Missoula,NDVI,5028.188832314752
2016-11-24T07:00:00Z,blm_butte_Butte District,Butte,EVI,1834.2861491669842
2016-11-24T07:00:00Z,blm_butte_Butte District,Butte,NDVI,3700.312794029745
2016-11-24T07:00:00Z,blm_dillon_Dillon District,Dillon,EVI,1481.308224676887
2016-11-24T07:00:00Z,blm_dillon_Dillon District,Dillon,NDVI,2972.5453595552012
2016-12-10T07:00:00Z,blm_billings_Billings District,Billings,EVI,NA
2016-12-10T07:00:00Z,blm_billings_Billings District,Billings,NDVI,NA
2016-12-10T07:00:00Z,blm_miles-city_Miles City District,Miles City,EVI,NA
2016-12-10T07:00:00Z,blm_miles-city_Miles City District,Miles City,NDVI,NA
2016-12-10T07:00:00Z,blm_malta_Malta District,Malta,EVI,1578.597697690981
2016-12-10T07:00:00Z,blm_malta_Malta District,Malta,NDVI,2472.2298793229406
2016-12-10T07:00:00Z,blm_lewistown_Lewistown District,Lewistown,EVI,1240.0526874300247
2016-12-10T07:00:00Z,blm_lewistown_Lewistown District,Lewistown,NDVI,2167.103603736849
2016-12-10T07:00:00Z,blm_missoula_Missoula District,Missoula,EVI,1263.8826319778957
2016-12-10T07:00:00Z,blm_missoula_Missoula District,Missoula,NDVI,4425.646233220041
2016-12-10T07:00:00Z,blm_butte_Butte District,Butte,EVI,NA
2016-12-10T07:00:00Z,blm_butte_Butte District,Butte,NDVI,NA
2016-12-10T07:00:00Z,blm_dillon_Dillon District,Dillon,EVI,NA
2016-12-10T07:00:00Z,blm_dillon_Dillon District,Dillon,NDVI,NA
2016-12-26T07:00:00Z,blm_billings_Billings District,Billings,EVI,NA
2016-12-26T07:00:00Z,blm_billings_Billings District,Billings,NDVI,NA
2016-12-26T07:00:00Z,blm_miles-city_Miles City District,Miles City,EVI,NA
2016-12-26T07:00:00Z,blm_miles-city_Miles City District,Miles City,NDVI,NA
2016-12-26T07:00:00Z,blm_malta_Malta District,Malta,EVI,1554.6843450665422
2016-12-26T07:00:00Z,blm_malta_Malta District,Malta,NDVI,2739.698789946596
2016-12-26T07:00:00Z,blm_lewistown_Lewistown District,Lewistown,EVI,1525.7139439734842
2016-12-26T07:00:00Z,blm_lewistown_Lewistown District,Lewistown,NDVI,2381.62219519805
2016-12-26T07:00:00Z,blm_missoula_Missoula District,Missoula,EVI,2138.89019128741
2016-12-26T07:00:00Z,blm_missoula_Missoula District,Missoula,NDVI,6923.2846732076805
2016-12-26T07:00:00Z,blm_butte_Butte District,Butte,EVI,NA
2016-12-26T07:00:00Z,blm_butte_Butte District,Butte,NDVI,NA
2016-12-26T07:00:00Z,blm_dillon_Dillon District,Dillon,EVI,NA
2016-12-26T07:00:00Z,blm_dillon_Dillon District,Dillon,NDVI,NA
2017-01-09T07:00:00Z,blm_billings_Billings District,Billings,EVI,1135.9988268378104
2017-01-09T07:00:00Z,blm_billings_Billings District,Billings,NDVI,1802.2332867518935
2017-01-09T07:00:00Z,blm_miles-city_Miles City District,Miles City,EVI,NA
2017-01-09T07:00:00Z,blm_miles-city_Miles City District,Miles City,NDVI,NA
2017-01-09T07:00:00Z,blm_malta_Malta District,Malta,EVI,1374.473466584071
2017-01-09T07:00:00Z,blm_malta_Malta District,Malta,NDVI,2483.7857979759356
2017-01-09T07:00:00Z,blm_lewistown_Lewistown District,Lewistown,EVI,1476.922500480806
2017-01-09T07:00:00Z,blm_lewistown_Lewistown District,Lewistown,NDVI,2552.545630406057
2017-01-09T07:00:00Z,blm_missoula_Missoula District,Missoula,EVI,1592.2248144832963
2017-01-09T07:00:00Z,blm_missoula_Missoula District,Missoula,NDVI,5502.517281205786
2017-01-09T07:00:00Z,blm_butte_Butte District,Butte,EVI,NA
2017-01-09T07:00:00Z,blm_butte_Butte District,Butte,NDVI,NA
2017-01-09T07:00:00Z,blm_dillon_Dillon District,Dillon,EVI,NA
2017-01-09T07:00:00Z,blm_dillon_Dillon District,Dillon,NDVI,NA
2017-01-25T07:00:00Z,blm_billings_Billings District,Billings,EVI,1142.4602311979
2017-01-25T07:00:00Z,blm_billings_Billings District,Billings,NDVI,2059.645701883664
2017-01-25T07:00:00Z,blm_miles-city_Miles City District,Miles City,EVI,1147.8521399339081
2017-01-25T07:00:00Z,blm_miles-city_Miles City District,Miles City,NDVI,2227.084383479125
2017-01-25T07:00:00Z,blm_malta_Malta District,Malta,EVI,1228.075490832164
2017-01-25T07:00:00Z,blm_malta_Malta District,Malta,NDVI,2123.649637221278
2017-01-25T07:00:00Z,blm_lewistown_Lewistown District,Lewistown,EVI,1410.6967261114855
2017-01-25T07:00:00Z,blm_lewistown_Lewistown District,Lewistown,NDVI,2466.597049655977
2017-01-25T07:00:00Z,blm_missoula_Missoula District,Missoula,EVI,2119.862859102122
2017-01-25T07:00:00Z,blm_missoula_Missoula District,Missoula,NDVI,6736.719437024113
2017-01-25T07:00:00Z,blm_butte_Butte District,Butte,EVI,2041.0681272509003
2017-01-25T07:00:00Z,blm_butte_Butte District,Butte,NDVI,2817.908163265306
2017-01-25T07:00:00Z,blm_dillon_Dillon District,Dillon,EVI,NA
2017-01-25T07:00:00Z,blm_dillon_Dillon District,Dillon,NDVI,NA
2017-02-10T07:00:00Z,blm_billings_Billings District,Billings,EVI,1361.8588806066352
2017-02-10T07:00:00Z,blm_billings_Billings District,Billings,NDVI,2505.450760117288
2017-02-10T07:00:00Z,blm_miles-city_Miles City District,Miles City,EVI,1206.1532843518223
2017-02-10T07:00:00Z,blm_miles-city_Miles City District,Miles City,NDVI,2311.378932732351
2017-02-10T07:00:00Z,blm_malta_Malta District,Malta,EVI,1185.4904310378445
2017-02-10T07:00:00Z,blm_malta_Malta District,Malta,NDVI,2351.2191091441146
2017-02-10T07:00:00Z,blm_lewistown_Lewistown District,Lewistown,EVI,1408.707004148829
2017-02-10T07:00:00Z,blm_lewistown_Lewistown District,Lewistown,NDVI,2644.9958963418258
2017-02-10T07:00:00Z,blm_missoula_Missoula District,Missoula,EVI,2027.9232271034289
2017-02-10T07:00:00Z,blm_missoula_Missoula District,Missoula,NDVI,5882.776810734913
2017-02-10T07:00:00Z,blm_butte_Butte District,Butte,EVI,1478.2716140778357
2017-02-10T07:00:00Z,blm_butte_Butte District,Butte,NDVI,2417.6185268524423
2017-02-10T07:00:00Z,blm_dillon_Dillon District,Dillon,EVI,1543.1543749825876
2017-02-10T07:00:00Z,blm_dillon_Dillon District,Dillon,NDVI,2475.4929827583355
2017-02-26T07:00:00Z,blm_billings_Billings District,Billings,EVI,1392.338820167777
2017-02-26T07:00:00Z,blm_billings_Billings District,Billings,NDVI,2626.750824922201
2017-02-26T07:00:00Z,blm_miles-city_Miles City District,Miles City,EVI,1196.8053806341265
2017-02-26T07:00:00Z,blm_miles-city_Miles City District,Miles City,NDVI,2421.019077608314
2017-02-26T07:00:00Z,blm_malta_Malta District,Malta,EVI,1169.5240759083665
2017-02-26T07:00:00Z,blm_malta_Malta District,Malta,NDVI,2318.566220553497
2017-02-26T07:00:00Z,blm_lewistown_Lewistown District,Lewistown,EVI,1356.4678128838902
2017-02-26T07:00:00Z,blm_lewistown_Lewistown District,Lewistown,NDVI,2500.5219706062962
2017-02-26T07:00:00Z,blm_missoula_Missoula District,Missoula,EVI,1735.8705183381935
2017-02-26T07:00:00Z,blm_missoula_Missoula District,Missoula,NDVI,3024.620611230204
2017-02-26T07:00:00Z,blm_butte_Butte District,Butte,EVI,1393.71733946855
2017-02-26T07:00:00Z,blm_butte_Butte District,Butte,NDVI,2352.0856718131454
2017-02-26T07:00:00Z,blm_dillon_Dillon District,Dillon,EVI,1524.8659672565539
2017-02-26T07:00:00Z,blm_dillon_Dillon District,Dillon,NDVI,2290.385770323124
2017-03-14T06:00:00Z,blm_billings_Billings District,Billings,EVI,1553.062028018145
2017-03-14T06:00:00Z,blm_billings_Billings District,Billings,NDVI,3041.610586724138
2017-03-14T06:00:00Z,blm_miles-city_Miles City District,Miles City,EVI,1387.623810123113
2017-03-14T06:00:00Z,blm_miles-city_Miles City District,Miles City,NDVI,2635.424578640951
2017-03-14T06:00:00Z,blm_malta_Malta District,Malta,EVI,1252.3113664895097
2017-03-14T06:00:00Z,blm_malta_Malta District,Malta,NDVI,2402.220925645899
2017-03-14T06:00:00Z,blm_lewistown_Lewistown District,Lewistown,EVI,1519.0109730693598
2017-03-14T06:00:00Z,blm_lewistown_Lewistown District,Lewistown,NDVI,2877.585663279228
2017-03-14T06:00:00Z,blm_missoula_Missoula District,Missoula,EVI,2190.6808756816417
2017-03-14T06:00:00Z,blm_missoula_Missoula District,Missoula,NDVI,4075.655230963377
2017-03-14T06:00:00Z,blm_butte_Butte District,Butte,EVI,1695.0797225007357
2017-03-14T06:00:00Z,blm_butte_Butte District,Butte,NDVI,3285.300878324444
2017-03-14T06:00:00Z,blm_dillon_Dillon District,Dillon,EVI,1582.8552413789084
2017-03-14T06:00:00Z,blm_dillon_Dillon District,Dillon,NDVI,2541.0719964131663
2017-03-30T06:00:00Z,blm_billings_Billings District,Billings,EVI,2236.00975954644
2017-03-30T06:00:00Z,blm_billings_Billings District,Billings,NDVI,3919.363896102879
2017-03-30T06:00:00Z,blm_miles-city_Miles City District,Miles City,EVI,1783.6462928579517
2017-03-30T06:00:00Z,blm_miles-city_Miles City District,Miles City,NDVI,3375.279645763158
2017-03-30T06:00:00Z,blm_malta_Malta District,Malta,EVI,1565.7702395968188
2017-03-30T06:00:00Z,blm_malta_Malta District,Malta,NDVI,2838.951843811472
2017-03-30T06:00:00Z,blm_lewistown_Lewistown District,Lewistown,EVI,1934.0908015957143
2017-03-30T06:00:00Z,blm_lewistown_Lewistown District,Lewistown,NDVI,3525.865122581686
2017-03-30T06:00:00Z,blm_missoula_Missoula District,Missoula,EVI,2288.472533913768
2017-03-30T06:00:00Z,blm_missoula_Missoula District,Missoula,NDVI,5019.59613910965
2017-03-30T06:00:00Z,blm_butte_Butte District,Butte,EVI,1836.490374085408
2017-03-30T06:00:00Z,blm_butte_Butte District,Butte,NDVI,3666.041123304548
2017-03-30T06:00:00Z,blm_dillon_Dillon District,Dillon,EVI,1702.175360027798
2017-03-30T06:00:00Z,blm_dillon_Dillon District,Dillon,NDVI,2911.2882106510583
2017-04-15T06:00:00Z,blm_billings_Billings District,Billings,EVI,2388.6728581619736
2017-04-15T06:00:00Z,blm_billings_Billings District,Billings,NDVI,4162.800660520625
2017-04-15T06:00:00Z,blm_miles-city_Miles City District,Miles City,EVI,1983.9805553737438
2017-04-15T06:00:00Z,blm_miles-city_Miles City District,Miles City,NDVI,3566.0093498205492
2017-04-15T06:00:00Z,blm_malta_Malta District,Malta,EVI,1718.458741897576
2017-04-15T06:00:00Z,blm_malta_Malta District,Malta,NDVI,2991.106220958582
2017-04-15T06:00:00Z,blm_lewistown_Lewistown District,Lewistown,EVI,2078.1593334391305
2017-04-15T06:00:00Z,blm_lewistown_Lewistown District,Lewistown,NDVI,3730.122988554857
2017-04-15T06:00:00Z,blm_missoula_Missoula District,Missoula,EVI,2433.589893027474
2017-04-15T06:00:00Z,blm_missoula_Missoula District,Missoula,NDVI,5143.617492183362
2017-04-15T06:00:00Z,blm_butte_Butte District,Butte,EVI,2147.807387958861
2017-04-15T06:00:00Z,blm_butte_Butte District,Butte,NDVI,3935.9947151107954
2017-04-15T06:00:00Z,blm_dillon_Dillon District,Dillon,EVI,1998.8827587782253
2017-04-15T06:00:00Z,blm_dillon_Dillon District,Dillon,NDVI,3223.3034611108196
2017-05-01T06:00:00Z,blm_billings_Billings District,Billings,EVI,2868.648102844639
2017-05-01T06:00:00Z,blm_billings_Billings District,Billings,NDVI,4988.609898822897
2017-05-01T06:00:00Z,blm_miles-city_Miles City District,Miles City,EVI,2318.0725455472257
2017-05-01T06:00:00Z,blm_miles-city_Miles City District,Miles City,NDVI,3952.3914500072697
2017-05-01T06:00:00Z,blm_malta_Malta District,Malta,EVI,2261.674670549261
2017-05-01T06:00:00Z,blm_malta_Malta District,Malta,NDVI,3919.542998505682
2017-05-01T06:00:00Z,blm_lewistown_Lewistown District,Lewistown,EVI,2820.7016448349937
2017-05-01T06:00:00Z,blm_lewistown_Lewistown District,Lewistown,NDVI,4959.125049368159
2017-05-01T06:00:00Z,blm_missoula_Missoula District,Missoula,EVI,2876.241475617365
2017-05-01T06:00:00Z,blm_missoula_Missoula District,Missoula,NDVI,6020.682289655829
2017-05-01T06:00:00Z,blm_butte_Butte District,Butte,EVI,2640.000241062588
2017-05-01T06:00:00Z,blm_butte_Butte District,Butte,NDVI,4986.189302471959
2017-05-01T06:00:00Z,blm_dillon_Dillon District,Dillon,EVI,2515.217535789177
2017-05-01T06:00:00Z,blm_dillon_Dillon District,Dillon,NDVI,4385.545572775827
2017-05-17T06:00:00Z,blm_billings_Billings District,Billings,EVI,3438.564438180833
2017-05-17T06:00:00Z,blm_billings_Billings District,Billings,NDVI,5214.3068621316115
2017-05-17T06:00:00Z,blm_miles-city_Miles City District,Miles City,EVI,2534.8013363661676
2017-05-17T06:00:00Z,blm_miles-city_Miles City District,Miles City,NDVI,4344.7376100914535
2017-05-17T06:00:00Z,blm_malta_Malta District,Malta,EVI,2689.4116127347074
2017-05-17T06:00:00Z,blm_malta_Malta District,Malta,NDVI,4306.325844188798
2017-05-17T06:00:00Z,blm_lewistown_Lewistown District,Lewistown,EVI,3500.464043983359
2017-05-17T06:00:00Z,blm_lewistown_Lewistown District,Lewistown,NDVI,5486.048019666985
2017-05-17T06:00:00Z,blm_missoula_Missoula District,Missoula,EVI,3189.729493626299
2017-05-17T06:00:00Z,blm_missoula_Missoula District,Missoula,NDVI,6421.819518518766
2017-05-17T06:00:00Z,blm_butte_Butte District,Butte,EVI,3077.451335613583
2017-05-17T06:00:00Z,blm_butte_Butte District,Butte,NDVI,5263.596092131896
2017-05-17T06:00:00Z,blm_dillon_Dillon District,Dillon,EVI,2778.262084229973
2017-05-17T06:00:00Z,blm_dillon_Dillon District,Dillon,NDVI,4723.9849511113425
2017-06-02T06:00:00Z,blm_billings_Billings District,Billings,EVI,3125.2571076773597
2017-06-02T06:00:00Z,blm_billings_Billings District,Billings,NDVI,5107.333743880137
2017-06-02T06:00:00Z,blm_miles-city_Miles City District,Miles City,EVI,2429.2770354947165
2017-06-02T06:00:00Z,blm_miles-city_Miles City District,Miles City,NDVI,3873.155863146045
2017-06-02T06:00:00Z,blm_malta_Malta District,Malta,EVI,2691.1483447412393
2017-06-02T06:00:00Z,blm_malta_Malta District,Malta,NDVI,4263.803104375005
2017-06-02T06:00:00Z,blm_lewistown_Lewistown District,Lewistown,EVI,3478.263126429703
2017-06-02T06:00:00Z,blm_lewistown_Lewistown District,Lewistown,NDVI,5715.769189329119
2017-06-02T06:00:00Z,blm_missoula_Missoula District,Missoula,EVI,3340.3283114648284
2017-06-02T06:00:00Z,blm_missoula_Missoula District,Missoula,NDVI,6913.74740729678
2017-06-02T06:00:00Z,blm_butte_Butte District,Butte,EVI,3229.075876614046
2017-06-02T06:00:00Z,blm_butte_Butte District,Butte,NDVI,5785.021727192704
2017-06-02T06:00:00Z,blm_dillon_Dillon District,Dillon,EVI,3062.8945027760274
2017-06-02T06:00:00Z,blm_dillon_Dillon District,Dillon,NDVI,5391.088017016685
2017-06-18T06:00:00Z,blm_billings_Billings District,Billings,EVI,2829.7567626690993
2017-06-18T06:00:00Z,blm_billings_Billings District,Billings,NDVI,4698.796732911974
2017-06-18T06:00:00Z,blm_miles-city_Miles City District,Miles City,EVI,2251.112690629091
2017-06-18T06:00:00Z,blm_miles-city_Miles City District,Miles City,NDVI,3652.5316498416296
2017-06-18T06:00:00Z,blm_malta_Malta District,Malta,EVI,2740.1206130254923
2017-06-18T06:00:00Z,blm_malta_Malta District,Malta,NDVI,4311.050264175269
2017-06-18T06:00:00Z,blm_lewistown_Lewistown District,Lewistown,EVI,3338.2096058735883
2017-06-18T06:00:00Z,blm_lewistown_Lewistown District,Lewistown,NDVI,5501.832336548272
2017-06-18T06:00:00Z,blm_missoula_Missoula District,Missoula,EVI,3397.058313449521
2017-06-18T06:00:00Z,blm_missoula_Missoula District,Missoula,NDVI,6831.7921972842605
2017-06-18T06:00:00Z,blm_butte_Butte District,Butte,EVI,3146.446389609268
2017-06-18T06:00:00Z,blm_butte_Butte District,Butte,NDVI,5707.903825420961
2017-06-18T06:00:00Z,blm_dillon_Dillon District,Dillon,EVI,3085.9228367217424
2017-06-18T06:00:00Z,blm_dillon_Dillon District,Dillon,NDVI,5311.880337153143
2017-07-04T06:00:00Z,blm_billings_Billings District,Billings,EVI,2440.265600963555
2017-07-04T06:00:00Z,blm_billings_Billings District,Billings,NDVI,4002.017496123759
2017-07-04T06:00:00Z,blm_miles-city_Miles City District,Miles City,EVI,1982.7297864563916
2017-07-04T06:00:00Z,blm_miles-city_Miles City District,Miles City,NDVI,3151.7907166935674
2017-07-04T06:00:00Z,blm_malta_Malta District,Malta,EVI,2466.282549576479
2017-07-04T06:00:00Z,blm_malta_Malta District,Malta,NDVI,3894.9608342957463
2017-07-04T06:00:00Z,blm_lewistown_Lewistown District,Lewistown,EVI,2915.430014874234
2017-07-04T06:00:00Z,blm_lewistown_Lewistown District,Lewistown,NDVI,4880.658844377355
2017-07-04T06:00:00Z,blm_missoula_Missoula District,Missoula,EVI,3519.153720300871
2017-07-04T06:00:00Z,blm_missoula_Missoula District,Missoula,NDVI,6789.163602580393
2017-07-04T06:00:00Z,blm_butte_Butte District,Butte,EVI,2997.830894639076
2017-07-04T06:00:00Z,blm_butte_Butte District,Butte,NDVI,5483.074340004487
2017-07-04T06:00:00Z,blm_dillon_Dillon District,Dillon,EVI,2947.269583571049
2017-07-04T06:00:00Z,blm_dillon_Dillon District,Dillon,NDVI,5209.091246002522
2017-07-20T06:00:00Z,blm_billings_Billings District,Billings,EVI,2146.0421458373416
2017-07-20T06:00:00Z,blm_billings_Billings District,Billings,NDVI,3578.5906640867647
2017-07-20T06:00:00Z,blm_miles-city_Miles City District,Miles City,EVI,1790.537375131158
2017-07-20T06:00:00Z,blm_miles-city_Miles City District,Miles City,NDVI,2854.0230870587375
2017-07-20T06:00:00Z,blm_malta_Malta District,Malta,EVI,2071.229174093606
2017-07-20T06:00:00Z,blm_malta_Malta District,Malta,NDVI,3252.6253489584756
2017-07-20T06:00:00Z,blm_lewistown_Lewistown District,Lewistown,EVI,2444.5594599734536
2017-07-20T06:00:00Z,blm_lewistown_Lewistown District,Lewistown,NDVI,4134.865631835813
2017-07-20T06:00:00Z,blm_missoula_Missoula District,Missoula,EVI,3366.9295049710367
2017-07-20T06:00:00Z,blm_missoula_Missoula District,Missoula,NDVI,6469.929559938518
2017-07-20T06:00:00Z,blm_butte_Butte District,Butte,EVI,2696.1567340293627
2017-07-20T06:00:00Z,blm_butte_Butte District,Butte,NDVI,5257.288352377847
2017-07-20T06:00:00Z,blm_dillon_Dillon District,Dillon,EVI,2775.1532541426445
2017-07-20T06:00:00Z,blm_dillon_Dillon District,Dillon,NDVI,5077.448430081057
2017-08-05T06:00:00Z,blm_billings_Billings District,Billings,EVI,1985.0478327689023
2017-08-05T06:00:00Z,blm_billings_Billings District,Billings,NDVI,3253.0927038018194
2017-08-05T06:00:00Z,blm_miles-city_Miles City District,Miles City,EVI,1752.9323678931214
2017-08-05T06:00:00Z,blm_miles-city_Miles City District,Miles City,NDVI,2833.152205238832
2017-08-05T06:00:00Z,blm_malta_Malta District,Malta,EVI,1936.8507935209211
2017-08-05T06:00:00Z,blm_malta_Malta District,Malta,NDVI,2925.296853110191
2017-08-05T06:00:00Z,blm_lewistown_Lewistown District,Lewistown,EVI,2271.987577314164
2017-08-05T06:00:00Z,blm_lewistown_Lewistown District,Lewistown,NDVI,3641.131698177169
2017-08-05T06:00:00Z,blm_missoula_Missoula District,Missoula,EVI,3094.7811641243648
2017-08-05T06:00:00Z,blm_missoula_Missoula District,Missoula,NDVI,6239.1758874591715
2017-08-05T06:00:00Z,blm_butte_Butte District,Butte,EVI,2542.479681104981
2017-08-05T06:00:00Z,blm_butte_Butte District,Butte,NDVI,4688.869967421652
2017-08-05T06:00:00Z,blm_dillon_Dillon District,Dillon,EVI,2363.512215902655
2017-08-05T06:00:00Z,blm_dillon_Dillon District,Dillon,NDVI,4363.587326041183
2017-08-21T06:00:00Z,blm_billings_Billings District,Billings,EVI,1866.5352568713422
2017-08-21T06:00:00Z,blm_billings_Billings District,Billings,NDVI,3120.6589446487724
2017-08-21T06:00:00Z,blm_miles-city_Miles City District,Miles City,EVI,1604.712754930084
2017-08-21T06:00:00Z,blm_miles-city_Miles City District,Miles City,NDVI,2577.8925622067973
2017-08-21T06:00:00Z,blm_malta_Malta District,Malta,EVI,1715.5328646775872
2017-08-21T06:00:00Z,blm_malta_Malta District,Malta,NDVI,2668.5291968796178
2017-08-21T06:00:00Z,blm_lewistown_Lewistown District,Lewistown,EVI,1998.8470263911345
2017-08-21T06:00:00Z,blm_lewistown_Lewistown District,Lewistown,NDVI,3378.5847536283045
2017-08-21T06:00:00Z,blm_missoula_Missoula District,Missoula,EVI,2940.5786317476404
2017-08-21T06:00:00Z,blm_missoula_Missoula District,Missoula,NDVI,6142.32385441649
2017-08-21T06:00:00Z,blm_butte_Butte District,Butte,EVI,2297.7923047784225
2017-08-21T06:00:00Z,blm_butte_Butte District,Butte,NDVI,4521.142754003241
2017-08-21T06:00:00Z,blm_dillon_Dillon District,Dillon,EVI,2188.173144478688
2017-08-21T06:00:00Z,blm_dillon_Dillon District,Dillon,NDVI,4205.211738680827
2017-09-06T06:00:00Z,blm_billings_Billings District,Billings,EVI,1736.22681342443
2017-09-06T06:00:00Z,blm_billings_Billings District,Billings,NDVI,2950.5540988465023
2017-09-06T06:00:00Z,blm_miles-city_Miles City District,Miles City,EVI,1478.4870907644536
2017-09-06T06:00:00Z,blm_miles-city_Miles City District,Miles City,NDVI,2587.5124320470077
2017-09-06T06:00:00Z,blm_malta_Malta District,Malta,EVI,1600.7846158775305
2017-09-06T06:00:00Z,blm_malta_Malta District,Malta,NDVI,2490.6887669483363
2017-09-06T06:00:00Z,blm_lewistown_Lewistown District,Lewistown,EVI,1849.5829043217987
2017-09-06T06:00:00Z,blm_lewistown_Lewistown District,Lewistown,NDVI,3150.7057502633515
2017-09-06T06:00:00Z,blm_missoula_Missoula District,Missoula,EVI,2858.9662570552855
2017-09-06T06:00:00Z,blm_missoula_Missoula District,Missoula,NDVI,5898.337310736367
2017-09-06T06:00:00Z,blm_butte_Butte District,Butte,EVI,2181.8192029681895
2017-09-06T06:00:00Z,blm_butte_Butte District,Butte,NDVI,4327.381857598935
2017-09-06T06:00:00Z,blm_dillon_Dillon District,Dillon,EVI,2138.133060915885
2017-09-06T06:00:00Z,blm_dillon_Dillon District,Dillon,NDVI,4067.3125948706265
2017-09-22T06:00:00Z,blm_billings_Billings District,Billings,EVI,1796.911773336804
2017-09-22T06:00:00Z,blm_billings_Billings District,Billings,NDVI,3228.97337484376
2017-09-22T06:00:00Z,blm_miles-city_Miles City District,Miles City,EVI,1487.8453015666737
2017-09-22T06:00:00Z,blm_miles-city_Miles City District,Miles City,NDVI,2860.162925957118
2017-09-22T06:00:00Z,blm_malta_Malta District,Malta,EVI,1507.0655627762815
2017-09-22T06:00:00Z,blm_malta_Malta District,Malta,NDVI,2515.0538969833515
2017-09-22T06:00:00Z,blm_lewistown_Lewistown District,Lewistown,EVI,1803.8659371444949
2017-09-22T06:00:00Z,blm_lewistown_Lewistown District,Lewistown,NDVI,3239.994649439197
2017-09-22T06:00:00Z,blm_missoula_Missoula District,Missoula,EVI,2422.8677276274975
2017-09-22T06:00:00Z,blm_missoula_Missoula District,Missoula,NDVI,5949.128287957324
2017-09-22T06:00:00Z,blm_butte_Butte District,Butte,EVI,2040.7579239743745
2017-09-22T06:00:00Z,blm_butte_Butte District,Butte,NDVI,4221.974632619657
2017-09-22T06:00:00Z,blm_dillon_Dillon District,Dillon,EVI,1909.6531733093964
2017-09-22T06:00:00Z,blm_dillon_Dillon District,Dillon,NDVI,3836.875662348487
2017-10-08T06:00:00Z,blm_billings_Billings District,Billings,EVI,1724.6428804891998
2017-10-08T06:00:00Z,blm_billings_Billings District,Billings,NDVI,3249.4274919079626
2017-10-08T06:00:00Z,blm_miles-city_Miles City District,Miles City,EVI,1532.5164463128929
2017-10-08T06:00:00Z,blm_miles-city_Miles City District,Miles City,NDVI,2781.8403117061243
2017-10-08T06:00:00Z,blm_malta_Malta District,Malta,EVI,1389.212412623795
2017-10-08T06:00:00Z,blm_malta_Malta District,Malta,NDVI,2329.9052212514034
2017-10-08T06:00:00Z,blm_lewistown_Lewistown District,Lewistown,EVI,1719.6448297240456
2017-10-08T06:00:00Z,blm_lewistown_Lewistown District,Lewistown,NDVI,3261.269638100122
2017-10-08T06:00:00Z,blm_missoula_Missoula District,Missoula,EVI,2349.0363146504437
2017-10-08T06:00:00Z,blm_missoula_Missoula District,Missoula,NDVI,5848.148665859825
2017-10-08T06:00:00Z,blm_butte_Butte District,Butte,EVI,1892.277536001198
2017-10-08T06:00:00Z,blm_butte_Butte District,Butte,NDVI,4291.488628388502
2017-10-08T06:00:00Z,blm_dillon_Dillon District,Dillon,EVI,1802.2076466900185
2017-10-08T06:00:00Z,blm_dillon_Dillon District,Dillon,NDVI,3789.9571581664127
2017-10-24T06:00:00Z,blm_billings_Billings District,Billings,EVI,1723.619555524575
2017-10-24T06:00:00Z,blm_billings_Billings District,Billings,NDVI,3027.877898723503
2017-10-24T06:00:00Z,blm_miles-city_Miles City District,Miles City,EVI,1494.285387569464
2017-10-24T06:00:00Z,blm_miles-city_Miles City District,Miles City,NDVI,2730.3644994950546
2017-10-24T06:00:00Z,blm_malta_Malta District,Malta,EVI,1444.6182109674767
2017-10-24T06:00:00Z,blm_malta_Malta District,Malta,NDVI,2304.464174959799
2017-10-24T06:00:00Z,blm_lewistown_Lewistown District,Lewistown,EVI,1885.4437619628752
2017-10-24T06:00:00Z,blm_lewistown_Lewistown District,Lewistown,NDVI,3271.9575792196583
2017-10-24T06:00:00Z,blm_missoula_Missoula District,Missoula,EVI,2169.6288733549322
2017-10-24T06:00:00Z,blm_missoula_Missoula District,Missoula,NDVI,5369.467928400622
2017-10-24T06:00:00Z,blm_butte_Butte District,Butte,EVI,1843.954882451618
2017-10-24T06:00:00Z,blm_butte_Butte District,Butte,NDVI,4125.413086726325
2017-10-24T06:00:00Z,blm_dillon_Dillon District,Dillon,EVI,1647.2110806543137
2017-10-24T06:00:00Z,blm_dillon_Dillon District,Dillon,NDVI,3621.6435989726037
2017-11-09T07:00:00Z,blm_billings_Billings District,Billings,EVI,1552.1174493828116
2017-11-09T07:00:00Z,blm_billings_Billings District,Billings,NDVI,2832.9574681813533
2017-11-09T07:00:00Z,blm_miles-city_Miles City District,Miles City,EVI,1390.4306342649215
2017-11-09T07:00:00Z,blm_miles-city_Miles City District,Miles City,NDVI,2623.156140765061
2017-11-09T07:00:00Z,blm_malta_Malta District,Malta,EVI,1303.0173254070817
2017-11-09T07:00:00Z,blm_malta_Malta District,Malta,NDVI,2198.5347396330453
2017-11-09T07:00:00Z,blm_lewistown_Lewistown District,Lewistown,EVI,1552.2145564965513
2017-11-09T07:00:00Z,blm_lewistown_Lewistown District,Lewistown,NDVI,2804.7994896603263
2017-11-09T07:00:00Z,blm_missoula_Missoula District,Missoula,EVI,1879.4198180870567
2017-11-09T07:00:00Z,blm_missoula_Missoula District,Missoula,NDVI,4562.732548798648
2017-11-09T07:00:00Z,blm_butte_Butte District,Butte,EVI,1545.8651835826968
2017-11-09T07:00:00Z,blm_butte_Butte District,Butte,NDVI,3125.5532464630955
2017-11-09T07:00:00Z,blm_dillon_Dillon District,Dillon,EVI,1392.2778211598163
2017-11-09T07:00:00Z,blm_dillon_Dillon District,Dillon,NDVI,2722.434132699349
2017-11-25T07:00:00Z,blm_billings_Billings District,Billings,EVI,1465.4795563684465
2017-11-25T07:00:00Z,blm_billings_Billings District,Billings,NDVI,2858.9504088152103
2017-11-25T07:00:00Z,blm_miles-city_Miles City District,Miles City,EVI,1332.6426740053867
2017-11-25T07:00:00Z,blm_miles-city_Miles City District,Miles City,NDVI,2579.645171355782
2017-11-25T07:00:00Z,blm_malta_Malta District,Malta,EVI,1281.0738678337368
2017-11-25T07:00:00Z,blm_malta_Malta District,Malta,NDVI,2140.489028246077
2017-11-25T07:00:00Z,blm_lewistown_Lewistown District,Lewistown,EVI,1564.5737339749915
2017-11-25T07:00:00Z,blm_lewistown_Lewistown District,Lewistown,NDVI,2941.5606037172433
2017-11-25T07:00:00Z,blm_missoula_Missoula District,Missoula,EVI,2172.9663347980304
2017-11-25T07:00:00Z,blm_missoula_Missoula District,Missoula,NDVI,5181.943054079025
2017-11-25T07:00:00Z,blm_butte_Butte District,Butte,EVI,1619.1197263520057
2017-11-25T07:00:00Z,blm_butte_Butte District,Butte,NDVI,3578.017290942313
2017-11-25T07:00:00Z,blm_dillon_Dillon District,Dillon,EVI,1419.06816551352
2017-11-25T07:00:00Z,blm_dillon_Dillon District,Dillon,NDVI,2713.144358742194
2017-12-11T07:00:00Z,blm_billings_Billings District,Billings,EVI,1395.3892124276106
2017-12-11T07:00:00Z,blm_billings_Billings District,Billings,NDVI,2617.0151647174425
2017-12-11T07:00:00Z,blm_miles-city_Miles City District,Miles City,EVI,1299.2782216957512
2017-12-11T07:00:00Z,blm_miles-city_Miles City District,Miles City,NDVI,2383.4657094708223
2017-12-11T07:00:00Z,blm_malta_Malta District,Malta,EVI,1199.1278137220668
2017-12-11T07:00:00Z,blm_malta_Malta District,Malta,NDVI,2091.555776264138
2017-12-11T07:00:00Z,blm_lewistown_Lewistown District,Lewistown,EVI,1423.2666784378246
2017-12-11T07:00:00Z,blm_lewistown_Lewistown District,Lewistown,NDVI,2463.8093259577167
2017-12-11T07:00:00Z,blm_missoula_Missoula District,Missoula,EVI,2757.6419009563806
2017-12-11T07:00:00Z,blm_missoula_Missoula District,Missoula,NDVI,5866.378526024852
2017-12-11T07:00:00Z,blm_butte_Butte District,Butte,EVI,1395.1521092441128
2017-12-11T07:00:00Z,blm_butte_Butte District,Butte,NDVI,2361.625768822728
2017-12-11T07:00:00Z,blm_dillon_Dillon District,Dillon,EVI,1815.4887902298003
2017-12-11T07:00:00Z,blm_dillon_Dillon District,Dillon,NDVI,2347.467108174282
2017-12-27T07:00:00Z,blm_billings_Billings District,Billings,EVI,NA
2017-12-27T07:00:00Z,blm_billings_Billings District,Billings,NDVI,NA
2017-12-27T07:00:00Z,blm_miles-city_Miles City District,Miles City,EVI,NA
2017-12-27T07:00:00Z,blm_miles-city_Miles City District,Miles City,NDVI,NA
2017-12-27T07:00:00Z,blm_malta_Malta District,Malta,EVI,NA
2017-12-27T07:00:00Z,blm_malta_Malta District,Malta,NDVI,NA
2017-12-27T07:00:00Z,blm_lewistown_Lewistown District,Lewistown,EVI,NA
2017-12-27T07:00:00Z,blm_lewistown_Lewistown District,Lewistown,NDVI,NA
2017-12-27T07:00:00Z,blm_missoula_Missoula District,Missoula,EVI,2049.38136470859
2017-12-27T07:00:00Z,blm_missoula_Missoula District,Missoula,NDVI,3577.596721995282
2017-12-27T07:00:00Z,blm_butte_Butte District,Butte,EVI,NA
2017-12-27T07:00:00Z,blm_butte_Butte District,Butte,NDVI,NA
2017-12-27T07:00:00Z,blm_dillon_Dillon District,Dillon,EVI,1528.0854452452918
2017-12-27T07:00:00Z,blm_dillon_Dillon District,Dillon,NDVI,2831.333875842827
2018-01-09T07:00:00Z,blm_billings_Billings District,Billings,EVI,1283.4172320217097
2018-01-09T07:00:00Z,blm_billings_Billings District,Billings,NDVI,2024.9066485753053
2018-01-09T07:00:00Z,blm_miles-city_Miles City District,Miles City,EVI,NA
2018-01-09T07:00:00Z,blm_miles-city_Miles City District,Miles City,NDVI,NA
2018-01-09T07:00:00Z,blm_malta_Malta District,Malta,EVI,1096.3492155521833
2018-01-09T07:00:00Z,blm_malta_Malta District,Malta,NDVI,1640.8449708018188
2018-01-09T07:00:00Z,blm_lewistown_Lewistown District,Lewistown,EVI,1299.975015002322
2018-01-09T07:00:00Z,blm_lewistown_Lewistown District,Lewistown,NDVI,2126.3301893252647
2018-01-09T07:00:00Z,blm_missoula_Missoula District,Missoula,EVI,1986.765858234014
2018-01-09T07:00:00Z,blm_missoula_Missoula District,Missoula,NDVI,3608.5372793860865
2018-01-09T07:00:00Z,blm_butte_Butte District,Butte,EVI,1300.8869658553563
2018-01-09T07:00:00Z,blm_butte_Butte District,Butte,NDVI,1993.3481001160592
2018-01-09T07:00:00Z,blm_dillon_Dillon District,Dillon,EVI,1393.359481475791
2018-01-09T07:00:00Z,blm_dillon_Dillon District,Dillon,NDVI,2087.634639332931
2018-01-25T07:00:00Z,blm_billings_Billings District,Billings,EVI,1452.793970917775
2018-01-25T07:00:00Z,blm_billings_Billings District,Billings,NDVI,2530.9531462126047
2018-01-25T07:00:00Z,blm_miles-city_Miles City District,Miles City,EVI,1034.999029280393
2018-01-25T07:00:00Z,blm_miles-city_Miles City District,Miles City,NDVI,1981.134690700552
2018-01-25T07:00:00Z,blm_malta_Malta District,Malta,EVI,1561.8727767864996
2018-01-25T07:00:00Z,blm_malta_Malta District,Malta,NDVI,2204.2086957015085
2018-01-25T07:00:00Z,blm_lewistown_Lewistown District,Lewistown,EVI,1375.6629887025642
2018-01-25T07:00:00Z,blm_lewistown_Lewistown District,Lewistown,NDVI,2160.1025644575316
2018-01-25T07:00:00Z,blm_missoula_Missoula District,Missoula,EVI,1571.321896090024
2018-01-25T07:00:00Z,blm_missoula_Missoula District,Missoula,NDVI,3202.035555422762
2018-01-25T07:00:00Z,blm_butte_Butte District,Butte,EVI,1510.3580399423513
2018-01-25T07:00:00Z,blm_butte_Butte District,Butte,NDVI,2465.467160798847
2018-01-25T07:00:00Z,blm_dillon_Dillon District,Dillon,EVI,1482.0030013087103
2018-01-25T07:00:00Z,blm_dillon_Dillon District,Dillon,NDVI,2153.092389123164
2018-02-10T07:00:00Z,blm_billings_Billings District,Billings,EVI,NA
2018-02-10T07:00:00Z,blm_billings_Billings District,Billings,NDVI,NA
2018-02-10T07:00:00Z,blm_miles-city_Miles City District,Miles City,EVI,NA
2018-02-10T07:00:00Z,blm_miles-city_Miles City District,Miles City,NDVI,NA
2018-02-10T07:00:00Z,blm_malta_Malta District,Malta,EVI,NA
2018-02-10T07:00:00Z,blm_malta_Malta District,Malta,NDVI,NA
2018-02-10T07:00:00Z,blm_lewistown_Lewistown District,Lewistown,EVI,NA
2018-02-10T07:00:00Z,blm_lewistown_Lewistown District,Lewistown,NDVI,NA
2018-02-10T07:00:00Z,blm_missoula_Missoula District,Missoula,EVI,2308.3476418474365
2018-02-10T07:00:00Z,blm_missoula_Missoula District,Missoula,NDVI,6301.138712435566
2018-02-10T07:00:00Z,blm_butte_Butte District,Butte,EVI,NA
2018-02-10T07:00:00Z,blm_butte_Butte District,Butte,NDVI,NA
2018-02-10T07:00:00Z,blm_dillon_Dillon District,Dillon,EVI,1285.5934860166396
2018-02-10T07:00:00Z,blm_dillon_Dillon District,Dillon,NDVI,2125.7499322642193
2018-02-26T07:00:00Z,blm_billings_Billings District,Billings,EVI,1081.29892439474
2018-02-26T07:00:00Z,blm_billings_Billings District,Billings,NDVI,2010.5371480155588
2018-02-26T07:00:00Z,blm_miles-city_Miles City District,Miles City,EVI,NA
2018-02-26T07:00:00Z,blm_miles-city_Miles City District,Miles City,NDVI,NA
2018-02-26T07:00:00Z,blm_malta_Malta District,Malta,EVI,NA
2018-02-26T07:00:00Z,blm_malta_Malta District,Malta,NDVI,NA
2018-02-26T07:00:00Z,blm_lewistown_Lewistown District,Lewistown,EVI,1211.7174193548387
2018-02-26T07:00:00Z,blm_lewistown_Lewistown District,Lewistown,NDVI,2035.010124069479
2018-02-26T07:00:00Z,blm_missoula_Missoula District,Missoula,EVI,1843.4125830907226
2018-02-26T07:00:00Z,blm_missoula_Missoula District,Missoula,NDVI,3520.275148155977
2018-02-26T07:00:00Z,blm_butte_Butte District,Butte,EVI,1288.2251852351308
2018-02-26T07:00:00Z,blm_butte_Butte District,Butte,NDVI,2051.5212194611768
2018-02-26T07:00:00Z,blm_dillon_Dillon District,Dillon,EVI,1288.8411137289927
2018-02-26T07:00:00Z,blm_dillon_Dillon District,Dillon,NDVI,1950.8636956262696
2018-03-14T06:00:00Z,blm_billings_Billings District,Billings,EVI,1276.3445686796617
2018-03-14T06:00:00Z,blm_billings_Billings District,Billings,NDVI,2182.8356787356033
2018-03-14T06:00:00Z,blm_miles-city_Miles City District,Miles City,EVI,1092.1454722822048
2018-03-14T06:00:00Z,blm_miles-city_Miles City District,Miles City,NDVI,1987.4743348169557
2018-03-14T06:00:00Z,blm_malta_Malta District,Malta,EVI,988.80801240574306
2018-03-14T06:00:00Z,blm_malta_Malta District,Malta,NDVI,1887.3995337017518
2018-03-14T06:00:00Z,blm_lewistown_Lewistown District,Lewistown,EVI,1162.2797422889696
2018-03-14T06:00:00Z,blm_lewistown_Lewistown District,Lewistown,NDVI,2030.4024674561783
2018-03-14T06:00:00Z,blm_missoula_Missoula District,Missoula,EVI,1764.586576898356
2018-03-14T06:00:00Z,blm_missoula_Missoula District,Missoula,NDVI,3494.67141950655
2018-03-14T06:00:00Z,blm_butte_Butte District,Butte,EVI,1313.0741655013535
2018-03-14T06:00:00Z,blm_butte_Butte District,Butte,NDVI,2234.2314068398514
2018-03-14T06:00:00Z,blm_dillon_Dillon District,Dillon,EVI,1257.7874599019349
2018-03-14T06:00:00Z,blm_dillon_Dillon District,Dillon,NDVI,2031.6692966969583
2018-03-30T06:00:00Z,blm_billings_Billings District,Billings,EVI,1443.9231840900318
2018-03-30T06:00:00Z,blm_billings_Billings District,Billings,NDVI,2415.2020475467552
2018-03-30T06:00:00Z,blm_miles-city_Miles City District,Miles City,EVI,1215.455647967039
2018-03-30T06:00:00Z,blm_miles-city_Miles City District,Miles City,NDVI,2159.5322302376
2018-03-30T06:00:00Z,blm_malta_Malta District,Malta,EVI,1063.2669473318708
2018-03-30T06:00:00Z,blm_malta_Malta District,Malta,NDVI,2008.5792201821223
2018-03-30T06:00:00Z,blm_lewistown_Lewistown District,Lewistown,EVI,1147.9637914313694
2018-03-30T06:00:00Z,blm_lewistown_Lewistown District,Lewistown,NDVI,2110.425226384485
2018-03-30T06:00:00Z,blm_missoula_Missoula District,Missoula,EVI,2249.7511457504793
2018-03-30T06:00:00Z,blm_missoula_Missoula District,Missoula,NDVI,4392.978194165745
2018-03-30T06:00:00Z,blm_butte_Butte District,Butte,EVI,1448.4561385489349
2018-03-30T06:00:00Z,blm_butte_Butte District,Butte,NDVI,2360.964642924427
2018-03-30T06:00:00Z,blm_dillon_Dillon District,Dillon,EVI,1401.0532504688722
2018-03-30T06:00:00Z,blm_dillon_Dillon District,Dillon,NDVI,2139.472375690783
2018-04-15T06:00:00Z,blm_billings_Billings District,Billings,EVI,1797.3579539445466
2018-04-15T06:00:00Z,blm_billings_Billings District,Billings,NDVI,3182.3490115848567
2018-04-15T06:00:00Z,blm_miles-city_Miles City District,Miles City,EVI,1550.900263248627
2018-04-15T06:00:00Z,blm_miles-city_Miles City District,Miles City,NDVI,2676.707222064958
2018-04-15T06:00:00Z,blm_malta_Malta District,Malta,EVI,1249.9303355455606
2018-04-15T06:00:00Z,blm_malta_Malta District,Malta,NDVI,2171.634703648564
2018-04-15T06:00:00Z,blm_lewistown_Lewistown District,Lewistown,EVI,1596.8916938368377
2018-04-15T06:00:00Z,blm_lewistown_Lewistown District,Lewistown,NDVI,2783.969565744972
2018-04-15T06:00:00Z,blm_missoula_Missoula District,Missoula,EVI,2338.351369304699
2018-04-15T06:00:00Z,blm_missoula_Missoula District,Missoula,NDVI,4995.268995758161
2018-04-15T06:00:00Z,blm_butte_Butte District,Butte,EVI,1751.7678324586318
2018-04-15T06:00:00Z,blm_butte_Butte District,Butte,NDVI,3130.48850631244
2018-04-15T06:00:00Z,blm_dillon_Dillon District,Dillon,EVI,1586.9293896021754
2018-04-15T06:00:00Z,blm_dillon_Dillon District,Dillon,NDVI,2737.108287931393
2018-05-01T06:00:00Z,blm_billings_Billings District,Billings,EVI,2895.5982201732163
2018-05-01T06:00:00Z,blm_billings_Billings District,Billings,NDVI,4888.080277085568
2018-05-01T06:00:00Z,blm_miles-city_Miles City District,Miles City,EVI,2230.5053118083383
2018-05-01T06:00:00Z,blm_miles-city_Miles City District,Miles City,NDVI,3924.8777216003487
2018-05-01T06:00:00Z,blm_malta_Malta District,Malta,EVI,1911.4273031320688
2018-05-01T06:00:00Z,blm_malta_Malta District,Malta,NDVI,3282.739219389114
2018-05-01T06:00:00Z,blm_lewistown_Lewistown District,Lewistown,EVI,2563.095534823107
2018-05-01T06:00:00Z,blm_lewistown_Lewistown District,Lewistown,NDVI,4325.296968876673
2018-05-01T06:00:00Z,blm_missoula_Missoula District,Missoula,EVI,3074.4908768178866
2018-05-01T06:00:00Z,blm_missoula_Missoula District,Missoula,NDVI,5976.084172715056
2018-05-01T06:00:00Z,blm_butte_Butte District,Butte,EVI,2605.9709600336205
2018-05-01T06:00:00Z,blm_butte_Butte District,Butte,NDVI,4485.000368946209
2018-05-01T06:00:00Z,blm_dillon_Dillon District,Dillon,EVI,2311.888353953112
2018-05-01T06:00:00Z,blm_dillon_Dillon District,Dillon,NDVI,3801.2745040100194
2018-05-17T06:00:00Z,blm_billings_Billings District,Billings,EVI,3429.3305497193905
2018-05-17T06:00:00Z,blm_billings_Billings District,Billings,NDVI,5733.557484343991
2018-05-17T06:00:00Z,blm_miles-city_Miles City District,Miles City,EVI,2765.471384644219
2018-05-17T06:00:00Z,blm_miles-city_Miles City District,Miles City,NDVI,4664.07407131545
2018-05-17T06:00:00Z,blm_malta_Malta District,Malta,EVI,2512.4590670809403
2018-05-17T06:00:00Z,blm_malta_Malta District,Malta,NDVI,4017.89576028668
2018-05-17T06:00:00Z,blm_lewistown_Lewistown District,Lewistown,EVI,3320.822026328878
2018-05-17T06:00:00Z,blm_lewistown_Lewistown District,Lewistown,NDVI,5425.519669839128
2018-05-17T06:00:00Z,blm_missoula_Missoula District,Missoula,EVI,3511.8865620747138
2018-05-17T06:00:00Z,blm_missoula_Missoula District,Missoula,NDVI,6676.048212170201
2018-05-17T06:00:00Z,blm_butte_Butte District,Butte,EVI,3207.4659571155653
2018-05-17T06:00:00Z,blm_butte_Butte District,Butte,NDVI,5595.437155119892
2018-05-17T06:00:00Z,blm_dillon_Dillon District,Dillon,EVI,3059.3267283783034
2018-05-17T06:00:00Z,blm_dillon_Dillon District,Dillon,NDVI,5173.762578999193
2018-06-02T06:00:00Z,blm_billings_Billings District,Billings,EVI,3626.255751514387
2018-06-02T06:00:00Z,blm_billings_Billings District,Billings,NDVI,5641.843628398376
2018-06-02T06:00:00Z,blm_miles-city_Miles City District,Miles City,EVI,3275.900526664325
2018-06-02T06:00:00Z,blm_miles-city_Miles City District,Miles City,NDVI,5294.708666911182
2018-06-02T06:00:00Z,blm_malta_Malta District,Malta,EVI,2770.0542272822245
2018-06-02T06:00:00Z,blm_malta_Malta District,Malta,NDVI,4361.8221149885485
2018-06-02T06:00:00Z,blm_lewistown_Lewistown District,Lewistown,EVI,3634.2305254840694
2018-06-02T06:00:00Z,blm_lewistown_Lewistown District,Lewistown,NDVI,5748.8850408232565
2018-06-02T06:00:00Z,blm_missoula_Missoula District,Missoula,EVI,3483.646667930092
2018-06-02T06:00:00Z,blm_missoula_Missoula District,Missoula,NDVI,6679.396974694965
2018-06-02T06:00:00Z,blm_butte_Butte District,Butte,EVI,3243.8498090682474
2018-06-02T06:00:00Z,blm_butte_Butte District,Butte,NDVI,5841.468091592191
2018-06-02T06:00:00Z,blm_dillon_Dillon District,Dillon,EVI,3049.5223983029096
2018-06-02T06:00:00Z,blm_dillon_Dillon District,Dillon,NDVI,5540.92576202091
2018-06-18T06:00:00Z,blm_billings_Billings District,Billings,EVI,3813.110863197871
2018-06-18T06:00:00Z,blm_billings_Billings District,Billings,NDVI,5900.247726786249
2018-06-18T06:00:00Z,blm_miles-city_Miles City District,Miles City,EVI,3248.21942977418
2018-06-18T06:00:00Z,blm_miles-city_Miles City District,Miles City,NDVI,5385.401415876987
2018-06-18T06:00:00Z,blm_malta_Malta District,Malta,EVI,3073.0060550802386
2018-06-18T06:00:00Z,blm_malta_Malta District,Malta,NDVI,4922.047722160859
2018-06-18T06:00:00Z,blm_lewistown_Lewistown District,Lewistown,EVI,3916.1274619526152
2018-06-18T06:00:00Z,blm_lewistown_Lewistown District,Lewistown,NDVI,6004.142946429701
2018-06-18T06:00:00Z,blm_missoula_Missoula District,Missoula,EVI,3450.4460260742653
2018-06-18T06:00:00Z,blm_missoula_Missoula District,Missoula,NDVI,6752.102224365497
2018-06-18T06:00:00Z,blm_butte_Butte District,Butte,EVI,3446.874595975373
2018-06-18T06:00:00Z,blm_butte_Butte District,Butte,NDVI,5891.144950341312
2018-06-18T06:00:00Z,blm_dillon_Dillon District,Dillon,EVI,3144.577687182684
2018-06-18T06:00:00Z,blm_dillon_Dillon District,Dillon,NDVI,5518.592108344253
2018-07-04T06:00:00Z,blm_billings_Billings District,Billings,EVI,3340.498286682971
2018-07-04T06:00:00Z,blm_billings_Billings District,Billings,NDVI,5311.633330979556
2018-07-04T06:00:00Z,blm_miles-city_Miles City District,Miles City,EVI,3009.596225001263
2018-07-04T06:00:00Z,blm_miles-city_Miles City District,Miles City,NDVI,4842.503251350515
2018-07-04T06:00:00Z,blm_malta_Malta District,Malta,EVI,2786.4914253680627
2018-07-04T06:00:00Z,blm_malta_Malta District,Malta,NDVI,4441.461322841353
2018-07-04T06:00:00Z,blm_lewistown_Lewistown District,Lewistown,EVI,3504.3336085006176
2018-07-04T06:00:00Z,blm_lewistown_Lewistown District,Lewistown,NDVI,5693.115934507084
2018-07-04T06:00:00Z,blm_missoula_Missoula District,Missoula,EVI,3401.851629597764
2018-07-04T06:00:00Z,blm_missoula_Missoula District,Missoula,NDVI,6759.642909444565
2018-07-04T06:00:00Z,blm_butte_Butte District,Butte,EVI,3413.5167024878497
2018-07-04T06:00:00Z,blm_butte_Butte District,Butte,NDVI,5894.794652003525
2018-07-04T06:00:00Z,blm_dillon_Dillon District,Dillon,EVI,3192.504309087763
2018-07-04T06:00:00Z,blm_dillon_Dillon District,Dillon,NDVI,5425.501034756241
2018-07-20T06:00:00Z,blm_billings_Billings District,Billings,EVI,2945.0614387415153
2018-07-20T06:00:00Z,blm_billings_Billings District,Billings,NDVI,4749.679279420248
2018-07-20T06:00:00Z,blm_miles-city_Miles City District,Miles City,EVI,2643.567269225435
2018-07-20T06:00:00Z,blm_miles-city_Miles City District,Miles City,NDVI,4152.933555046895
2018-07-20T06:00:00Z,blm_malta_Malta District,Malta,EVI,2422.7730338850342
2018-07-20T06:00:00Z,blm_malta_Malta District,Malta,NDVI,3790.3239823685462
2018-07-20T06:00:00Z,blm_lewistown_Lewistown District,Lewistown,EVI,2971.9385994226946
2018-07-20T06:00:00Z,blm_lewistown_Lewistown District,Lewistown,NDVI,4901.528892308579
2018-07-20T06:00:00Z,blm_missoula_Missoula District,Missoula,EVI,3338.0943119064523
2018-07-20T06:00:00Z,blm_missoula_Missoula District,Missoula,NDVI,6580.320297970644
2018-07-20T06:00:00Z,blm_butte_Butte District,Butte,EVI,3084.493807297825
2018-07-20T06:00:00Z,blm_butte_Butte District,Butte,NDVI,5595.697155339884
2018-07-20T06:00:00Z,blm_dillon_Dillon District,Dillon,EVI,2924.4317107530746
2018-07-20T06:00:00Z,blm_dillon_Dillon District,Dillon,NDVI,5086.457390229074
2018-08-05T06:00:00Z,blm_billings_Billings District,Billings,EVI,2416.336876112573
2018-08-05T06:00:00Z,blm_billings_Billings District,Billings,NDVI,4139.7963397675685
2018-08-05T06:00:00Z,blm_miles-city_Miles City District,Miles City,EVI,2069.3426787026447
2018-08-05T06:00:00Z,blm_miles-city_Miles City District,Miles City,NDVI,3397.3723930526553
2018-08-05T06:00:00Z,blm_malta_Malta District,Malta,EVI,2005.8688533032766
2018-08-05T06:00:00Z,blm_malta_Malta District,Malta,NDVI,3116.160105221106
2018-08-05T06:00:00Z,blm_lewistown_Lewistown District,Lewistown,EVI,2523.9461369115893
2018-08-05T06:00:00Z,blm_lewistown_Lewistown District,Lewistown,NDVI,4261.756138294912
2018-08-05T06:00:00Z,blm_missoula_Missoula District,Missoula,EVI,3013.113061728968
2018-08-05T06:00:00Z,blm_missoula_Missoula District,Missoula,NDVI,6060.768175723519
2018-08-05T06:00:00Z,blm_butte_Butte District,Butte,EVI,2735.514909538888
2018-08-05T06:00:00Z,blm_butte_Butte District,Butte,NDVI,5260.874549354558
2018-08-05T06:00:00Z,blm_dillon_Dillon District,Dillon,EVI,2503.3121066537756
2018-08-05T06:00:00Z,blm_dillon_Dillon District,Dillon,NDVI,4725.763771670131
2018-08-21T06:00:00Z,blm_billings_Billings District,Billings,EVI,2170.962975002641
2018-08-21T06:00:00Z,blm_billings_Billings District,Billings,NDVI,4103.736530407026
2018-08-21T06:00:00Z,blm_miles-city_Miles City District,Miles City,EVI,1859.5749669479462
2018-08-21T06:00:00Z,blm_miles-city_Miles City District,Miles City,NDVI,3234.2934858977496
2018-08-21T06:00:00Z,blm_malta_Malta District,Malta,EVI,1830.0445674688362
2018-08-21T06:00:00Z,blm_malta_Malta District,Malta,NDVI,3051.7484319428263
2018-08-21T06:00:00Z,blm_lewistown_Lewistown District,Lewistown,EVI,2221.7433225622376
2018-08-21T06:00:00Z,blm_lewistown_Lewistown District,Lewistown,NDVI,4099.0354941702935
2018-08-21T06:00:00Z,blm_missoula_Missoula District,Missoula,EVI,2900.930146960296
2018-08-21T06:00:00Z,blm_missoula_Missoula District,Missoula,NDVI,6173.153072500317
2018-08-21T06:00:00Z,blm_butte_Butte District,Butte,EVI,2297.001595602703
2018-08-21T06:00:00Z,blm_butte_Butte District,Butte,NDVI,4963.600992600239
2018-08-21T06:00:00Z,blm_dillon_Dillon District,Dillon,EVI,2209.2492987725095
2018-08-21T06:00:00Z,blm_dillon_Dillon District,Dillon,NDVI,4448.508683408441
2018-09-06T06:00:00Z,blm_billings_Billings District,Billings,EVI,2101.592376346266
2018-09-06T06:00:00Z,blm_billings_Billings District,Billings,NDVI,3944.3166967031093
2018-09-06T06:00:00Z,blm_miles-city_Miles City District,Miles City,EVI,1802.9224144987106
2018-09-06T06:00:00Z,blm_miles-city_Miles City District,Miles City,NDVI,3153.757076628156
2018-09-06T06:00:00Z,blm_malta_Malta District,Malta,EVI,1805.2134299104164
2018-09-06T06:00:00Z,blm_malta_Malta District,Malta,NDVI,2940.2056454162093
2018-09-06T06:00:00Z,blm_lewistown_Lewistown District,Lewistown,EVI,2139.973450026114
2018-09-06T06:00:00Z,blm_lewistown_Lewistown District,Lewistown,NDVI,3936.653619889233
2018-09-06T06:00:00Z,blm_missoula_Missoula District,Missoula,EVI,2777.2771933161166
2018-09-06T06:00:00Z,blm_missoula_Missoula District,Missoula,NDVI,5893.082450482537
2018-09-06T06:00:00Z,blm_butte_Butte District,Butte,EVI,2193.2025717719116
2018-09-06T06:00:00Z,blm_butte_Butte District,Butte,NDVI,4790.031822179561
2018-09-06T06:00:00Z,blm_dillon_Dillon District,Dillon,EVI,2026.2825457343663
2018-09-06T06:00:00Z,blm_dillon_Dillon District,Dillon,NDVI,4203.733057055473
2018-09-22T06:00:00Z,blm_billings_Billings District,Billings,EVI,1862.0598153570052
2018-09-22T06:00:00Z,blm_billings_Billings District,Billings,NDVI,3594.8916061392847
2018-09-22T06:00:00Z,blm_miles-city_Miles City District,Miles City,EVI,1854.6801070695699
2018-09-22T06:00:00Z,blm_miles-city_Miles City District,Miles City,NDVI,3102.2943938021426
2018-09-22T06:00:00Z,blm_malta_Malta District,Malta,EVI,1614.6070972780904
2018-09-22T06:00:00Z,blm_malta_Malta District,Malta,NDVI,3002.602254836377
2018-09-22T06:00:00Z,blm_lewistown_Lewistown District,Lewistown,EVI,1816.6269992321122
2018-09-22T06:00:00Z,blm_lewistown_Lewistown District,Lewistown,NDVI,3836.9033467090226
2018-09-22T06:00:00Z,blm_missoula_Missoula District,Missoula,EVI,2312.9176539235023
2018-09-22T06:00:00Z,blm_missoula_Missoula District,Missoula,NDVI,5679.2531087146235
2018-09-22T06:00:00Z,blm_butte_Butte District,Butte,EVI,1969.803315275533
2018-09-22T06:00:00Z,blm_butte_Butte District,Butte,NDVI,4623.701934540995
2018-09-22T06:00:00Z,blm_dillon_Dillon District,Dillon,EVI,1838.3108775208814
2018-09-22T06:00:00Z,blm_dillon_Dillon District,Dillon,NDVI,4108.4348503513
2018-10-08T06:00:00Z,blm_billings_Billings District,Billings,EVI,1693.311498854257
2018-10-08T06:00:00Z,blm_billings_Billings District,Billings,NDVI,3422.301069500398
2018-10-08T06:00:00Z,blm_miles-city_Miles City District,Miles City,EVI,1441.0848519181486
2018-10-08T06:00:00Z,blm_miles-city_Miles City District,Miles City,NDVI,2842.192485450341
2018-10-08T06:00:00Z,blm_malta_Malta District,Malta,EVI,1502.361153970559
2018-10-08T06:00:00Z,blm_malta_Malta District,Malta,NDVI,2908.783262473937
2018-10-08T06:00:00Z,blm_lewistown_Lewistown District,Lewistown,EVI,1754.6980525537092
2018-10-08T06:00:00Z,blm_lewistown_Lewistown District,Lewistown,NDVI,3680.998292617669
2018-10-08T06:00:00Z,blm_missoula_Missoula District,Missoula,EVI,2251.092831824629
2018-10-08T06:00:00Z,blm_missoula_Missoula District,Missoula,NDVI,5582.0966963912
2018-10-08T06:00:00Z,blm_butte_Butte District,Butte,EVI,1990.1074247152865
2018-10-08T06:00:00Z,blm_butte_Butte District,Butte,NDVI,4421.721334350227
2018-10-08T06:00:00Z,blm_dillon_Dillon District,Dillon,EVI,1804.0141706996235
2018-10-08T06:00:00Z,blm_dillon_Dillon District,Dillon,NDVI,3764.343681506682
2018-10-24T06:00:00Z,blm_billings_Billings District,Billings,EVI,1677.8960886983425
2018-10-24T06:00:00Z,blm_billings_Billings District,Billings,NDVI,3105.037033225857
2018-10-24T06:00:00Z,blm_miles-city_Miles City District,Miles City,EVI,1379.1897437945443
2018-10-24T06:00:00Z,blm_miles-city_Miles City District,Miles City,NDVI,2726.611169626257
2018-10-24T06:00:00Z,blm_malta_Malta District,Malta,EVI,1487.044037682049
2018-10-24T06:00:00Z,blm_malta_Malta District,Malta,NDVI,2792.125209762033
2018-10-24T06:00:00Z,blm_lewistown_Lewistown District,Lewistown,EVI,1880.2650925264286
2018-10-24T06:00:00Z,blm_lewistown_Lewistown District,Lewistown,NDVI,3471.617299860084
2018-10-24T06:00:00Z,blm_missoula_Missoula District,Missoula,EVI,2636.9457161723603
2018-10-24T06:00:00Z,blm_missoula_Missoula District,Missoula,NDVI,5474.755763941501
2018-10-24T06:00:00Z,blm_butte_Butte District,Butte,EVI,2311.9856771441455
2018-10-24T06:00:00Z,blm_butte_Butte District,Butte,NDVI,4342.697725984653
2018-10-24T06:00:00Z,blm_dillon_Dillon District,Dillon,EVI,1822.8382292346798
2018-10-24T06:00:00Z,blm_dillon_Dillon District,Dillon,NDVI,3560.6563929820377
2018-11-09T07:00:00Z,blm_billings_Billings District,Billings,EVI,1435.145982914106
2018-11-09T07:00:00Z,blm_billings_Billings District,Billings,NDVI,2879.8865479781025
2018-11-09T07:00:00Z,blm_miles-city_Miles City District,Miles City,EVI,1280.3995381051038
2018-11-09T07:00:00Z,blm_miles-city_Miles City District,Miles City,NDVI,2583.622759436406
2018-11-09T07:00:00Z,blm_malta_Malta District,Malta,EVI,1301.148200493363
2018-11-09T07:00:00Z,blm_malta_Malta District,Malta,NDVI,2578.0404093391653
2018-11-09T07:00:00Z,blm_lewistown_Lewistown District,Lewistown,EVI,1420.08763137429
2018-11-09T07:00:00Z,blm_lewistown_Lewistown District,Lewistown,NDVI,2795.6163622675044
2018-11-09T07:00:00Z,blm_missoula_Missoula District,Missoula,EVI,2237.734828315056
2018-11-09T07:00:00Z,blm_missoula_Missoula District,Missoula,NDVI,5557.146475419124
2018-11-09T07:00:00Z,blm_butte_Butte District,Butte,EVI,1596.2771913942
2018-11-09T07:00:00Z,blm_butte_Butte District,Butte,NDVI,3084.2979369495442
2018-11-09T07:00:00Z,blm_dillon_Dillon District,Dillon,EVI,1506.7819220540002
2018-11-09T07:00:00Z,blm_dillon_Dillon District,Dillon,NDVI,2795.4961158256347
2018-11-25T07:00:00Z,blm_billings_Billings District,Billings,EVI,1373.9277257276326
2018-11-25T07:00:00Z,blm_billings_Billings District,Billings,NDVI,2792.4901913634417
2018-11-25T07:00:00Z,blm_miles-city_Miles City District,Miles City,EVI,1263.282124221045
2018-11-25T07:00:00Z,blm_miles-city_Miles City District,Miles City,NDVI,2500.813256150139
2018-11-25T07:00:00Z,blm_malta_Malta District,Malta,EVI,1361.8294412731746
2018-11-25T07:00:00Z,blm_malta_Malta District,Malta,NDVI,2572.0721804492387
2018-11-25T07:00:00Z,blm_lewistown_Lewistown District,Lewistown,EVI,1467.7448482919665
2018-11-25T07:00:00Z,blm_lewistown_Lewistown District,Lewistown,NDVI,2740.5041828034473
2018-11-25T07:00:00Z,blm_missoula_Missoula District,Missoula,EVI,2087.6238405005124
2018-11-25T07:00:00Z,blm_missoula_Missoula District,Missoula,NDVI,5218.817779898432
2018-11-25T07:00:00Z,blm_butte_Butte District,Butte,EVI,1570.2198972009699
2018-11-25T07:00:00Z,blm_butte_Butte District,Butte,NDVI,3075.682762119425
2018-11-25T07:00:00Z,blm_dillon_Dillon District,Dillon,EVI,1453.7482126027185
2018-11-25T07:00:00Z,blm_dillon_Dillon District,Dillon,NDVI,2442.9453340744317
2018-12-11T07:00:00Z,blm_billings_Billings District,Billings,EVI,1353.6691685721319
2018-12-11T07:00:00Z,blm_billings_Billings District,Billings,NDVI,2679.9961631997116
2018-12-11T07:00:00Z,blm_miles-city_Miles City District,Miles City,EVI,1174.2403863789302
2018-12-11T07:00:00Z,blm_miles-city_Miles City District,Miles City,NDVI,2332.4459296668965
2018-12-11T07:00:00Z,blm_malta_Malta District,Malta,EVI,1208.392322928513
2018-12-11T07:00:00Z,blm_malta_Malta District,Malta,NDVI,2299.6723940390493
2018-12-11T07:00:00Z,blm_lewistown_Lewistown District,Lewistown,EVI,1356.13110516972
2018-12-11T07:00:00Z,blm_lewistown_Lewistown District,Lewistown,NDVI,2623.9287886480524
2018-12-11T07:00:00Z,blm_missoula_Missoula District,Missoula,EVI,1869.2212489145213
2018-12-11T07:00:00Z,blm_missoula_Missoula District,Missoula,NDVI,4370.35845324418
2018-12-11T07:00:00Z,blm_butte_Butte District,Butte,EVI,1416.6861441267831
2018-12-11T07:00:00Z,blm_butte_Butte District,Butte,NDVI,2732.6657254490124
2018-12-11T07:00:00Z,blm_dillon_Dillon District,Dillon,EVI,1356.7781292075863
2018-12-11T07:00:00Z,blm_dillon_Dillon District,Dillon,NDVI,2239.991321318884
2018-12-27T07:00:00Z,blm_billings_Billings District,Billings,EVI,1294.5614247163555
2018-12-27T07:00:00Z,blm_billings_Billings District,Billings,NDVI,2339.556218117478
2018-12-27T07:00:00Z,blm_miles-city_Miles City District,Miles City,EVI,1096.4874725155328
2018-12-27T07:00:00Z,blm_miles-city_Miles City District,Miles City,NDVI,2190.049283846988
2018-12-27T07:00:00Z,blm_malta_Malta District,Malta,EVI,1196.0455302688822
2018-12-27T07:00:00Z,blm_malta_Malta District,Malta,NDVI,2231.5995650236086
2018-12-27T07:00:00Z,blm_lewistown_Lewistown District,Lewistown,EVI,1326.8106356031524
2018-12-27T07:00:00Z,blm_lewistown_Lewistown District,Lewistown,NDVI,2466.26914945295
2018-12-27T07:00:00Z,blm_missoula_Missoula District,Missoula,EVI,1455.6176916968377
2018-12-27T07:00:00Z,blm_missoula_Missoula District,Missoula,NDVI,3560.476382888533
2018-12-27T07:00:00Z,blm_butte_Butte District,Butte,EVI,1277.8010968804717
2018-12-27T07:00:00Z,blm_butte_Butte District,Butte,NDVI,2172.740972324189
2018-12-27T07:00:00Z,blm_dillon_Dillon District,Dillon,EVI,1321.6965139256458
2018-12-27T07:00:00Z,blm_dillon_Dillon District,Dillon,NDVI,2111.5786667979096
2019-01-09T07:00:00Z,blm_billings_Billings District,Billings,EVI,1252.1664643055753
2019-01-09T07:00:00Z,blm_billings_Billings District,Billings,NDVI,2279.451552819681
2019-01-09T07:00:00Z,blm_miles-city_Miles City District,Miles City,EVI,1087.6855154570167
2019-01-09T07:00:00Z,blm_miles-city_Miles City District,Miles City,NDVI,2187.9396874382364
2019-01-09T07:00:00Z,blm_malta_Malta District,Malta,EVI,1170.053293870643
2019-01-09T07:00:00Z,blm_malta_Malta District,Malta,NDVI,2174.9595357080007
2019-01-09T07:00:00Z,blm_lewistown_Lewistown District,Lewistown,EVI,1287.9523217840965
2019-01-09T07:00:00Z,blm_lewistown_Lewistown District,Lewistown,NDVI,2433.780666822209
2019-01-09T07:00:00Z,blm_missoula_Missoula District,Missoula,EVI,1579.7960195538026
2019-01-09T07:00:00Z,blm_missoula_Missoula District,Missoula,NDVI,3788.7957200084934
2019-01-09T07:00:00Z,blm_butte_Butte District,Butte,EVI,1263.04759890253
2019-01-09T07:00:00Z,blm_butte_Butte District,Butte,NDVI,2153.919069708048
2019-01-09T07:00:00Z,blm_dillon_Dillon District,Dillon,EVI,1370.3655518573685
2019-01-09T07:00:00Z,blm_dillon_Dillon District,Dillon,NDVI,2120.588285182608
2019-01-25T07:00:00Z,blm_billings_Billings District,Billings,EVI,1296.7608181394107
2019-01-25T07:00:00Z,blm_billings_Billings District,Billings,NDVI,2183.6215932619602
2019-01-25T07:00:00Z,blm_miles-city_Miles City District,Miles City,EVI,1206.2473771832201
2019-01-25T07:00:00Z,blm_miles-city_Miles City District,Miles City,NDVI,2372.497186305832
2019-01-25T07:00:00Z,blm_malta_Malta District,Malta,EVI,1123.8704960201821
2019-01-25T07:00:00Z,blm_malta_Malta District,Malta,NDVI,1990.1098686332316
2019-01-25T07:00:00Z,blm_lewistown_Lewistown District,Lewistown,EVI,1064.3928209088515
2019-01-25T07:00:00Z,blm_lewistown_Lewistown District,Lewistown,NDVI,1994.6678817456118
2019-01-25T07:00:00Z,blm_missoula_Missoula District,Missoula,EVI,2122.792434212978
2019-01-25T07:00:00Z,blm_missoula_Missoula District,Missoula,NDVI,4696.4840247226
2019-01-25T07:00:00Z,blm_butte_Butte District,Butte,EVI,1305.2496354373718
2019-01-25T07:00:00Z,blm_butte_Butte District,Butte,NDVI,2011.0877092477162
2019-01-25T07:00:00Z,blm_dillon_Dillon District,Dillon,EVI,1343.8266513463202
2019-01-25T07:00:00Z,blm_dillon_Dillon District,Dillon,NDVI,1970.3468839900315
2019-02-10T07:00:00Z,blm_billings_Billings District,Billings,EVI,1345.715824069426
2019-02-10T07:00:00Z,blm_billings_Billings District,Billings,NDVI,1994.0026937395517
2019-02-10T07:00:00Z,blm_miles-city_Miles City District,Miles City,EVI,NA
2019-02-10T07:00:00Z,blm_miles-city_Miles City District,Miles City,NDVI,NA
2019-02-10T07:00:00Z,blm_malta_Malta District,Malta,EVI,NA
2019-02-10T07:00:00Z,blm_malta_Malta District,Malta,NDVI,NA
2019-02-10T07:00:00Z,blm_lewistown_Lewistown District,Lewistown,EVI,NA
2019-02-10T07:00:00Z,blm_lewistown_Lewistown District,Lewistown,NDVI,NA
2019-02-10T07:00:00Z,blm_missoula_Missoula District,Missoula,EVI,-233
2019-02-10T07:00:00Z,blm_missoula_Missoula District,Missoula,NDVI,-1661
2019-02-10T07:00:00Z,blm_butte_Butte District,Butte,EVI,NA
2019-02-10T07:00:00Z,blm_butte_Butte District,Butte,NDVI,NA
2019-02-10T07:00:00Z,blm_dillon_Dillon District,Dillon,EVI,NA
2019-02-10T07:00:00Z,blm_dillon_Dillon District,Dillon,NDVI,NA
2019-02-26T07:00:00Z,blm_billings_Billings District,Billings,EVI,810.2755031228303
2019-02-26T07:00:00Z,blm_billings_Billings District,Billings,NDVI,1242.314365024288
2019-02-26T07:00:00Z,blm_miles-city_Miles City District,Miles City,EVI,NA
2019-02-26T07:00:00Z,blm_miles-city_Miles City District,Miles City,NDVI,NA
2019-02-26T07:00:00Z,blm_malta_Malta District,Malta,EVI,NA
2019-02-26T07:00:00Z,blm_malta_Malta District,Malta,NDVI,NA
2019-02-26T07:00:00Z,blm_lewistown_Lewistown District,Lewistown,EVI,NA
2019-02-26T07:00:00Z,blm_lewistown_Lewistown District,Lewistown,NDVI,NA
2019-02-26T07:00:00Z,blm_missoula_Missoula District,Missoula,EVI,2187.7606238715634
2019-02-26T07:00:00Z,blm_missoula_Missoula District,Missoula,NDVI,4706.217837950065
2019-02-26T07:00:00Z,blm_butte_Butte District,Butte,EVI,NA
2019-02-26T07:00:00Z,blm_butte_Butte District,Butte,NDVI,NA
2019-02-26T07:00:00Z,blm_dillon_Dillon District,Dillon,EVI,NA
2019-02-26T07:00:00Z,blm_dillon_Dillon District,Dillon,NDVI,NA
2019-03-14T06:00:00Z,blm_billings_Billings District,Billings,EVI,1097.3219146985118
2019-03-14T06:00:00Z,blm_billings_Billings District,Billings,NDVI,2165.4871223607647
2019-03-14T06:00:00Z,blm_miles-city_Miles City District,Miles City,EVI,1133.026331179031
2019-03-14T06:00:00Z,blm_miles-city_Miles City District,Miles City,NDVI,2100.662888249191
2019-03-14T06:00:00Z,blm_malta_Malta District,Malta,EVI,1136.2878052932015
2019-03-14T06:00:00Z,blm_malta_Malta District,Malta,NDVI,2104.306720883752
2019-03-14T06:00:00Z,blm_lewistown_Lewistown District,Lewistown,EVI,1180.5462445836447
2019-03-14T06:00:00Z,blm_lewistown_Lewistown District,Lewistown,NDVI,2204.240548843714
2019-03-14T06:00:00Z,blm_missoula_Missoula District,Missoula,EVI,2614.884183272627
2019-03-14T06:00:00Z,blm_missoula_Missoula District,Missoula,NDVI,5891.575870482373
2019-03-14T06:00:00Z,blm_butte_Butte District,Butte,EVI,NA
2019-03-14T06:00:00Z,blm_butte_Butte District,Butte,NDVI,NA
2019-03-14T06:00:00Z,blm_dillon_Dillon District,Dillon,EVI,1604.5299091481515
2019-03-14T06:00:00Z,blm_dillon_Dillon District,Dillon,NDVI,2206.7447153008907
2019-03-30T06:00:00Z,blm_billings_Billings District,Billings,EVI,1256.5274441294237
2019-03-30T06:00:00Z,blm_billings_Billings District,Billings,NDVI,2453.519821118465
2019-03-30T06:00:00Z,blm_miles-city_Miles City District,Miles City,EVI,1336.4276124997564
2019-03-30T06:00:00Z,blm_miles-city_Miles City District,Miles City,NDVI,2419.5850442149535
2019-03-30T06:00:00Z,blm_malta_Malta District,Malta,EVI,1210.8681699266583
2019-03-30T06:00:00Z,blm_malta_Malta District,Malta,NDVI,2319.3655511418174
2019-03-30T06:00:00Z,blm_lewistown_Lewistown District,Lewistown,EVI,1189.0851372712475
2019-03-30T06:00:00Z,blm_lewistown_Lewistown District,Lewistown,NDVI,2303.80119836009
2019-03-30T06:00:00Z,blm_missoula_Missoula District,Missoula,EVI,2066.6504927257292
2019-03-30T06:00:00Z,blm_missoula_Missoula District,Missoula,NDVI,4741.770161811558
2019-03-30T06:00:00Z,blm_butte_Butte District,Butte,EVI,1356.9095574917167
2019-03-30T06:00:00Z,blm_butte_Butte District,Butte,NDVI,2394.2154960755374
2019-03-30T06:00:00Z,blm_dillon_Dillon District,Dillon,EVI,1358.266477384631
2019-03-30T06:00:00Z,blm_dillon_Dillon District,Dillon,NDVI,2315.089122151494
2019-04-15T06:00:00Z,blm_billings_Billings District,Billings,EVI,1844.4501769219955
2019-04-15T06:00:00Z,blm_billings_Billings District,Billings,NDVI,3154.6479241016045
2019-04-15T06:00:00Z,blm_miles-city_Miles City District,Miles City,EVI,1625.082031115797
2019-04-15T06:00:00Z,blm_miles-city_Miles City District,Miles City,NDVI,2887.700564990315
2019-04-15T06:00:00Z,blm_malta_Malta District,Malta,EVI,1749.3245605784984
2019-04-15T06:00:00Z,blm_malta_Malta District,Malta,NDVI,2903.7522788194483
2019-04-15T06:00:00Z,blm_lewistown_Lewistown District,Lewistown,EVI,1815.7534230554506
2019-04-15T06:00:00Z,blm_lewistown_Lewistown District,Lewistown,NDVI,3233.6244214306544
2019-04-15T06:00:00Z,blm_missoula_Missoula District,Missoula,EVI,2379.79983814465
2019-04-15T06:00:00Z,blm_missoula_Missoula District,Missoula,NDVI,5217.6942599686545
2019-04-15T06:00:00Z,blm_butte_Butte District,Butte,EVI,1770.413444937332
2019-04-15T06:00:00Z,blm_butte_Butte District,Butte,NDVI,3307.701874337956
2019-04-15T06:00:00Z,blm_dillon_Dillon District,Dillon,EVI,1633.391294761288
2019-04-15T06:00:00Z,blm_dillon_Dillon District,Dillon,NDVI,2869.8624263658653
2019-05-01T06:00:00Z,blm_billings_Billings District,Billings,EVI,2452.553458252253
2019-05-01T06:00:00Z,blm_billings_Billings District,Billings,NDVI,3971.1080274112687
2019-05-01T06:00:00Z,blm_miles-city_Miles City District,Miles City,EVI,2012.1878125927549
2019-05-01T06:00:00Z,blm_miles-city_Miles City District,Miles City,NDVI,3539.8348395998128
2019-05-01T06:00:00Z,blm_malta_Malta District,Malta,EVI,2047.5023249942979
2019-05-01T06:00:00Z,blm_malta_Malta District,Malta,NDVI,3424.229323452692
2019-05-01T06:00:00Z,blm_lewistown_Lewistown District,Lewistown,EVI,2383.484964527441
2019-05-01T06:00:00Z,blm_lewistown_Lewistown District,Lewistown,NDVI,3961.3319434616888
2019-05-01T06:00:00Z,blm_missoula_Missoula District,Missoula,EVI,2740.5638755594236
2019-05-01T06:00:00Z,blm_missoula_Missoula District,Missoula,NDVI,5475.66108567595
2019-05-01T06:00:00Z,blm_butte_Butte District,Butte,EVI,2225.643215825171
2019-05-01T06:00:00Z,blm_butte_Butte District,Butte,NDVI,3955.1464357005925
2019-05-01T06:00:00Z,blm_dillon_Dillon District,Dillon,EVI,1942.9231491784267
2019-05-01T06:00:00Z,blm_dillon_Dillon District,Dillon,NDVI,3381.9191773451503
2019-05-17T06:00:00Z,blm_billings_Billings District,Billings,EVI,2960.6683871622386
2019-05-17T06:00:00Z,blm_billings_Billings District,Billings,NDVI,4848.872293547102
2019-05-17T06:00:00Z,blm_miles-city_Miles City District,Miles City,EVI,2439.395315935679
2019-05-17T06:00:00Z,blm_miles-city_Miles City District,Miles City,NDVI,4327.433339079961
2019-05-17T06:00:00Z,blm_malta_Malta District,Malta,EVI,2457.59910321578
2019-05-17T06:00:00Z,blm_malta_Malta District,Malta,NDVI,3952.8050274092084
2019-05-17T06:00:00Z,blm_lewistown_Lewistown District,Lewistown,EVI,2806.867127034274
2019-05-17T06:00:00Z,blm_lewistown_Lewistown District,Lewistown,NDVI,4728.729952057701
2019-05-17T06:00:00Z,blm_missoula_Missoula District,Missoula,EVI,3032.5093810464537
2019-05-17T06:00:00Z,blm_missoula_Missoula District,Missoula,NDVI,6258.754844641669
2019-05-17T06:00:00Z,blm_butte_Butte District,Butte,EVI,2632.2701414858952
2019-05-17T06:00:00Z,blm_butte_Butte District,Butte,NDVI,4785.047101641798
2019-05-17T06:00:00Z,blm_dillon_Dillon District,Dillon,EVI,2355.9903232213724
2019-05-17T06:00:00Z,blm_dillon_Dillon District,Dillon,NDVI,4297.689598121559
2019-06-02T06:00:00Z,blm_billings_Billings District,Billings,EVI,3481.8457585023457
2019-06-02T06:00:00Z,blm_billings_Billings District,Billings,NDVI,5538.711991590342
2019-06-02T06:00:00Z,blm_miles-city_Miles City District,Miles City,EVI,2768.5466766762497
2019-06-02T06:00:00Z,blm_miles-city_Miles City District,Miles City,NDVI,4606.776836168332
2019-06-02T06:00:00Z,blm_malta_Malta District,Malta,EVI,2755.5506265635145
2019-06-02T06:00:00Z,blm_malta_Malta District,Malta,NDVI,4323.811726714847
2019-06-02T06:00:00Z,blm_lewistown_Lewistown District,Lewistown,EVI,3426.108509578731
2019-06-02T06:00:00Z,blm_lewistown_Lewistown District,Lewistown,NDVI,5564.77179339136
2019-06-02T06:00:00Z,blm_missoula_Missoula District,Missoula,EVI,3323.828912276386
2019-06-02T06:00:00Z,blm_missoula_Missoula District,Missoula,NDVI,6566.41718566405
2019-06-02T06:00:00Z,blm_butte_Butte District,Butte,EVI,3235.1008174716576
2019-06-02T06:00:00Z,blm_butte_Butte District,Butte,NDVI,5454.751324810567
2019-06-02T06:00:00Z,blm_dillon_Dillon District,Dillon,EVI,2851.0485788009423
2019-06-02T06:00:00Z,blm_dillon_Dillon District,Dillon,NDVI,4955.9953325594615
2019-06-18T06:00:00Z,blm_billings_Billings District,Billings,EVI,3433.8355570444455
2019-06-18T06:00:00Z,blm_billings_Billings District,Billings,NDVI,5842.710445386929
2019-06-18T06:00:00Z,blm_miles-city_Miles City District,Miles City,EVI,2954.685036968396
2019-06-18T06:00:00Z,blm_miles-city_Miles City District,Miles City,NDVI,4946.601554048634
2019-06-18T06:00:00Z,blm_malta_Malta District,Malta,EVI,3019.9708822700604
2019-06-18T06:00:00Z,blm_malta_Malta District,Malta,NDVI,4811.478222149481
2019-06-18T06:00:00Z,blm_lewistown_Lewistown District,Lewistown,EVI,3649.896264931605
2019-06-18T06:00:00Z,blm_lewistown_Lewistown District,Lewistown,NDVI,5947.325323315343
2019-06-18T06:00:00Z,blm_missoula_Missoula District,Missoula,EVI,3596.570010586872
2019-06-18T06:00:00Z,blm_missoula_Missoula District,Missoula,NDVI,6754.400641343626
2019-06-18T06:00:00Z,blm_butte_Butte District,Butte,EVI,3349.029125557474
2019-06-18T06:00:00Z,blm_butte_Butte District,Butte,NDVI,5940.695501031012
2019-06-18T06:00:00Z,blm_dillon_Dillon District,Dillon,EVI,3183.9130661077347
2019-06-18T06:00:00Z,blm_dillon_Dillon District,Dillon,NDVI,5624.14684756041
2019-07-04T06:00:00Z,blm_billings_Billings District,Billings,EVI,3185.512144212892
2019-07-04T06:00:00Z,blm_billings_Billings District,Billings,NDVI,5548.586921539223
2019-07-04T06:00:00Z,blm_miles-city_Miles City District,Miles City,EVI,3117.5865899862415
2019-07-04T06:00:00Z,blm_miles-city_Miles City District,Miles City,NDVI,5148.221520849138
2019-07-04T06:00:00Z,blm_malta_Malta District,Malta,EVI,3116.531223115061
2019-07-04T06:00:00Z,blm_malta_Malta District,Malta,NDVI,5103.725144024235
2019-07-04T06:00:00Z,blm_lewistown_Lewistown District,Lewistown,EVI,3530.5758377297184
2019-07-04T06:00:00Z,blm_lewistown_Lewistown District,Lewistown,NDVI,5932.893499467571
2019-07-04T06:00:00Z,blm_missoula_Missoula District,Missoula,EVI,3464.9243355216327
2019-07-04T06:00:00Z,blm_missoula_Missoula District,Missoula,NDVI,6759.104476094643
2019-07-04T06:00:00Z,blm_butte_Butte District,Butte,EVI,3304.2069724987127
2019-07-04T06:00:00Z,blm_butte_Butte District,Butte,NDVI,5993.637372003924
2019-07-04T06:00:00Z,blm_dillon_Dillon District,Dillon,EVI,3171.7341054437925
2019-07-04T06:00:00Z,blm_dillon_Dillon District,Dillon,NDVI,5448.632990916277
2019-07-20T06:00:00Z,blm_billings_Billings District,Billings,EVI,2894.0946609859343
2019-07-20T06:00:00Z,blm_billings_Billings District,Billings,NDVI,5004.379738644586
2019-07-20T06:00:00Z,blm_miles-city_Miles City District,Miles City,EVI,2889.2128776212217
2019-07-20T06:00:00Z,blm_miles-city_Miles City District,Miles City,NDVI,4918.233422843144
2019-07-20T06:00:00Z,blm_malta_Malta District,Malta,EVI,2570.5684642231154
2019-07-20T06:00:00Z,blm_malta_Malta District,Malta,NDVI,4189.004503287674
2019-07-20T06:00:00Z,blm_lewistown_Lewistown District,Lewistown,EVI,3004.8517306471235
2019-07-20T06:00:00Z,blm_lewistown_Lewistown District,Lewistown,NDVI,5146.639714091404
2019-07-20T06:00:00Z,blm_missoula_Missoula District,Missoula,EVI,3330.8079945286845
2019-07-20T06:00:00Z,blm_missoula_Missoula District,Missoula,NDVI,6650.990850816809
2019-07-20T06:00:00Z,blm_butte_Butte District,Butte,EVI,2964.7375287710875
2019-07-20T06:00:00Z,blm_butte_Butte District,Butte,NDVI,5624.4617607137525
2019-07-20T06:00:00Z,blm_dillon_Dillon District,Dillon,EVI,2737.023856876437
2019-07-20T06:00:00Z,blm_dillon_Dillon District,Dillon,NDVI,5177.646919218677
2019-08-05T06:00:00Z,blm_billings_Billings District,Billings,EVI,2520.1152714759223
2019-08-05T06:00:00Z,blm_billings_Billings District,Billings,NDVI,4402.848288473842
2019-08-05T06:00:00Z,blm_miles-city_Miles City District,Miles City,EVI,2480.3590398702086
2019-08-05T06:00:00Z,blm_miles-city_Miles City District,Miles City,NDVI,4241.527420400316
2019-08-05T06:00:00Z,blm_malta_Malta District,Malta,EVI,2217.1217123087495
2019-08-05T06:00:00Z,blm_malta_Malta District,Malta,NDVI,3671.3437256027833
2019-08-05T06:00:00Z,blm_lewistown_Lewistown District,Lewistown,EVI,2604.924153057859
2019-08-05T06:00:00Z,blm_lewistown_Lewistown District,Lewistown,NDVI,4587.282502028668
2019-08-05T06:00:00Z,blm_missoula_Missoula District,Missoula,EVI,3127.930014499065
2019-08-05T06:00:00Z,blm_missoula_Missoula District,Missoula,NDVI,6606.675200073423
2019-08-05T06:00:00Z,blm_butte_Butte District,Butte,EVI,2737.223790119372
2019-08-05T06:00:00Z,blm_butte_Butte District,Butte,NDVI,5425.610425208862
2019-08-05T06:00:00Z,blm_dillon_Dillon District,Dillon,EVI,2618.451860497581
2019-08-05T06:00:00Z,blm_dillon_Dillon District,Dillon,NDVI,4958.60469300313
2019-08-21T06:00:00Z,blm_billings_Billings District,Billings,EVI,2160.804388670647
2019-08-21T06:00:00Z,blm_billings_Billings District,Billings,NDVI,3964.8194973036316
2019-08-21T06:00:00Z,blm_miles-city_Miles City District,Miles City,EVI,2265.045789481574
2019-08-21T06:00:00Z,blm_miles-city_Miles City District,Miles City,NDVI,3969.136907742858
2019-08-21T06:00:00Z,blm_malta_Malta District,Malta,EVI,1952.2048614583136
2019-08-21T06:00:00Z,blm_malta_Malta District,Malta,NDVI,3441.0123555003665
2019-08-21T06:00:00Z,blm_lewistown_Lewistown District,Lewistown,EVI,2254.9268345298838
2019-08-21T06:00:00Z,blm_lewistown_Lewistown District,Lewistown,NDVI,4304.365458995988
2019-08-21T06:00:00Z,blm_missoula_Missoula District,Missoula,EVI,2764.9746950148046
2019-08-21T06:00:00Z,blm_missoula_Missoula District,Missoula,NDVI,6568.205800486629
2019-08-21T06:00:00Z,blm_butte_Butte District,Butte,EVI,2422.3379326558443
2019-08-21T06:00:00Z,blm_butte_Butte District,Butte,NDVI,5119.76476362983
2019-08-21T06:00:00Z,blm_dillon_Dillon District,Dillon,EVI,2283.92688000026
2019-08-21T06:00:00Z,blm_dillon_Dillon District,Dillon,NDVI,4581.7726834823425
2019-09-06T06:00:00Z,blm_billings_Billings District,Billings,EVI,2007.288004424541
2019-09-06T06:00:00Z,blm_billings_Billings District,Billings,NDVI,3826.3306217459603
2019-09-06T06:00:00Z,blm_miles-city_Miles City District,Miles City,EVI,2002.3116802000814
2019-09-06T06:00:00Z,blm_miles-city_Miles City District,Miles City,NDVI,3876.3397454954925
2019-09-06T06:00:00Z,blm_malta_Malta District,Malta,EVI,1856.8154289621095
2019-09-06T06:00:00Z,blm_malta_Malta District,Malta,NDVI,3509.5972483462374
2019-09-06T06:00:00Z,blm_lewistown_Lewistown District,Lewistown,EVI,2137.7322858221833
2019-09-06T06:00:00Z,blm_lewistown_Lewistown District,Lewistown,NDVI,4087.5321955770883
2019-09-06T06:00:00Z,blm_missoula_Missoula District,Missoula,EVI,2883.5243898431977
2019-09-06T06:00:00Z,blm_missoula_Missoula District,Missoula,NDVI,6202.702761164667
2019-09-06T06:00:00Z,blm_butte_Butte District,Butte,EVI,2377.360727551089
2019-09-06T06:00:00Z,blm_butte_Butte District,Butte,NDVI,4920.479171394973
2019-09-06T06:00:00Z,blm_dillon_Dillon District,Dillon,EVI,2263.600772194423
2019-09-06T06:00:00Z,blm_dillon_Dillon District,Dillon,NDVI,4182.298600548367
2019-09-22T06:00:00Z,blm_billings_Billings District,Billings,EVI,1999.769808466346
2019-09-22T06:00:00Z,blm_billings_Billings District,Billings,NDVI,4042.8361961509527
2019-09-22T06:00:00Z,blm_miles-city_Miles City District,Miles City,EVI,2097.1256703747636
2019-09-22T06:00:00Z,blm_miles-city_Miles City District,Miles City,NDVI,4261.080665768724
2019-09-22T06:00:00Z,blm_malta_Malta District,Malta,EVI,1862.1589045172848
2019-09-22T06:00:00Z,blm_malta_Malta District,Malta,NDVI,3570.622815065531
2019-09-22T06:00:00Z,blm_lewistown_Lewistown District,Lewistown,EVI,2060.2431750763703
2019-09-22T06:00:00Z,blm_lewistown_Lewistown District,Lewistown,NDVI,4306.480683325727
2019-09-22T06:00:00Z,blm_missoula_Missoula District,Missoula,EVI,2521.295977733619
2019-09-22T06:00:00Z,blm_missoula_Missoula District,Missoula,NDVI,6211.258100745473
2019-09-22T06:00:00Z,blm_butte_Butte District,Butte,EVI,2203.796994097216
2019-09-22T06:00:00Z,blm_butte_Butte District,Butte,NDVI,4835.635017703583
2019-09-22T06:00:00Z,blm_dillon_Dillon District,Dillon,EVI,2020.03181871542
2019-09-22T06:00:00Z,blm_dillon_Dillon District,Dillon,NDVI,4072.6823818881035
2019-10-08T06:00:00Z,blm_billings_Billings District,Billings,EVI,1836.8999733236105
2019-10-08T06:00:00Z,blm_billings_Billings District,Billings,NDVI,3467.6175737733056
2019-10-08T06:00:00Z,blm_miles-city_Miles City District,Miles City,EVI,1914.0301986191987
2019-10-08T06:00:00Z,blm_miles-city_Miles City District,Miles City,NDVI,3737.1421777847963
2019-10-08T06:00:00Z,blm_malta_Malta District,Malta,EVI,1694.3491600003324
2019-10-08T06:00:00Z,blm_malta_Malta District,Malta,NDVI,3082.472795489635
2019-10-08T06:00:00Z,blm_lewistown_Lewistown District,Lewistown,EVI,1915.5325422689111
2019-10-08T06:00:00Z,blm_lewistown_Lewistown District,Lewistown,NDVI,3538.4422867082412
2019-10-08T06:00:00Z,blm_missoula_Missoula District,Missoula,EVI,2670.9060730434394
2019-10-08T06:00:00Z,blm_missoula_Missoula District,Missoula,NDVI,5842.314402860666
2019-10-08T06:00:00Z,blm_butte_Butte District,Butte,EVI,2350.4144977526853
2019-10-08T06:00:00Z,blm_butte_Butte District,Butte,NDVI,4384.831137426736
2019-10-08T06:00:00Z,blm_dillon_Dillon District,Dillon,EVI,1984.422322137463
2019-10-08T06:00:00Z,blm_dillon_Dillon District,Dillon,NDVI,3729.0401170946725
2019-10-24T06:00:00Z,blm_billings_Billings District,Billings,EVI,1746.1199944359478
2019-10-24T06:00:00Z,blm_billings_Billings District,Billings,NDVI,3240.450650001737
2019-10-24T06:00:00Z,blm_miles-city_Miles City District,Miles City,EVI,1744.5252315030516
2019-10-24T06:00:00Z,blm_miles-city_Miles City District,Miles City,NDVI,3287.8182215574334
2019-10-24T06:00:00Z,blm_malta_Malta District,Malta,EVI,1585.883514625415
2019-10-24T06:00:00Z,blm_malta_Malta District,Malta,NDVI,3009.0450062987225
2019-10-24T06:00:00Z,blm_lewistown_Lewistown District,Lewistown,EVI,1722.6743937617825
2019-10-24T06:00:00Z,blm_lewistown_Lewistown District,Lewistown,NDVI,3285.7003294163583
2019-10-24T06:00:00Z,blm_missoula_Missoula District,Missoula,EVI,2374.773333231274
2019-10-24T06:00:00Z,blm_missoula_Missoula District,Missoula,NDVI,5408.108991689863
2019-10-24T06:00:00Z,blm_butte_Butte District,Butte,EVI,2015.6089831968568
2019-10-24T06:00:00Z,blm_butte_Butte District,Butte,NDVI,3850.890629880662
2019-10-24T06:00:00Z,blm_dillon_Dillon District,Dillon,EVI,1766.8050190139404
2019-10-24T06:00:00Z,blm_dillon_Dillon District,Dillon,NDVI,3316.278019378644
2019-11-09T07:00:00Z,blm_billings_Billings District,Billings,EVI,1490.3628182501113
2019-11-09T07:00:00Z,blm_billings_Billings District,Billings,NDVI,2958.2261116741684
2019-11-09T07:00:00Z,blm_miles-city_Miles City District,Miles City,EVI,1447.4976686197463
2019-11-09T07:00:00Z,blm_miles-city_Miles City District,Miles City,NDVI,2960.222617861406
2019-11-09T07:00:00Z,blm_malta_Malta District,Malta,EVI,1306.6536996068953
2019-11-09T07:00:00Z,blm_malta_Malta District,Malta,NDVI,2714.1587435275624
2019-11-09T07:00:00Z,blm_lewistown_Lewistown District,Lewistown,EVI,1481.9820561848271
2019-11-09T07:00:00Z,blm_lewistown_Lewistown District,Lewistown,NDVI,3038.6287764785966
2019-11-09T07:00:00Z,blm_missoula_Missoula District,Missoula,EVI,2268.092928076807
2019-11-09T07:00:00Z,blm_missoula_Missoula District,Missoula,NDVI,5447.795346698746
2019-11-09T07:00:00Z,blm_butte_Butte District,Butte,EVI,1739.714121940311
2019-11-09T07:00:00Z,blm_butte_Butte District,Butte,NDVI,3702.4540583120124
2019-11-09T07:00:00Z,blm_dillon_Dillon District,Dillon,EVI,1519.1371026177271
2019-11-09T07:00:00Z,blm_dillon_Dillon District,Dillon,NDVI,3131.7830880432366
2019-11-25T07:00:00Z,blm_billings_Billings District,Billings,EVI,1364.5009692477302
2019-11-25T07:00:00Z,blm_billings_Billings District,Billings,NDVI,2614.3186233179513
2019-11-25T07:00:00Z,blm_miles-city_Miles City District,Miles City,EVI,1306.1924671731963
2019-11-25T07:00:00Z,blm_miles-city_Miles City District,Miles City,NDVI,2681.6447820700496
2019-11-25T07:00:00Z,blm_malta_Malta District,Malta,EVI,1264.5605692590752
2019-11-25T07:00:00Z,blm_malta_Malta District,Malta,NDVI,2617.3797668805846
2019-11-25T07:00:00Z,blm_lewistown_Lewistown District,Lewistown,EVI,1261.1106185490826
2019-11-25T07:00:00Z,blm_lewistown_Lewistown District,Lewistown,NDVI,2606.2548419760815
2019-11-25T07:00:00Z,blm_missoula_Missoula District,Missoula,EVI,2393.8072119542812
2019-11-25T07:00:00Z,blm_missoula_Missoula District,Missoula,NDVI,5720.2096205095995
2019-11-25T07:00:00Z,blm_butte_Butte District,Butte,EVI,1761.6315559910972
2019-11-25T07:00:00Z,blm_butte_Butte District,Butte,NDVI,3131.139246808024
2019-11-25T07:00:00Z,blm_dillon_Dillon District,Dillon,EVI,1782.732502454417
2019-11-25T07:00:00Z,blm_dillon_Dillon District,Dillon,NDVI,2855.4593692532467
2019-12-11T07:00:00Z,blm_billings_Billings District,Billings,EVI,1436.4368288632163
2019-12-11T07:00:00Z,blm_billings_Billings District,Billings,NDVI,2503.3741131061693
2019-12-11T07:00:00Z,blm_miles-city_Miles City District,Miles City,EVI,1192.2765072587888
2019-12-11T07:00:00Z,blm_miles-city_Miles City District,Miles City,NDVI,2364.872774707102
2019-12-11T07:00:00Z,blm_malta_Malta District,Malta,EVI,1165.8891199931993
2019-12-11T07:00:00Z,blm_malta_Malta District,Malta,NDVI,2212.8513622731957
2019-12-11T07:00:00Z,blm_lewistown_Lewistown District,Lewistown,EVI,1403.0580220562365
2019-12-11T07:00:00Z,blm_lewistown_Lewistown District,Lewistown,NDVI,2472.137947267032
2019-12-11T07:00:00Z,blm_missoula_Missoula District,Missoula,EVI,2260.7451437988457
2019-12-11T07:00:00Z,blm_missoula_Missoula District,Missoula,NDVI,5064.985088850736
2019-12-11T07:00:00Z,blm_butte_Butte District,Butte,EVI,1397.7190473797273
2019-12-11T07:00:00Z,blm_butte_Butte District,Butte,NDVI,2676.136755196346
2019-12-11T07:00:00Z,blm_dillon_Dillon District,Dillon,EVI,1111.1417392192113
2019-12-11T07:00:00Z,blm_dillon_Dillon District,Dillon,NDVI,2427.9594479069947
2019-12-27T07:00:00Z,blm_billings_Billings District,Billings,EVI,1302.6804087122516
2019-12-27T07:00:00Z,blm_billings_Billings District,Billings,NDVI,2522.0657745283015
2019-12-27T07:00:00Z,blm_miles-city_Miles City District,Miles City,EVI,1214.7907694149392
2019-12-27T07:00:00Z,blm_miles-city_Miles City District,Miles City,NDVI,2375.514550370562
2019-12-27T07:00:00Z,blm_malta_Malta District,Malta,EVI,1093.8137924012885
2019-12-27T07:00:00Z,blm_malta_Malta District,Malta,NDVI,2226.773964016386
2019-12-27T07:00:00Z,blm_lewistown_Lewistown District,Lewistown,EVI,1270.5588630728073
2019-12-27T07:00:00Z,blm_lewistown_Lewistown District,Lewistown,NDVI,2395.1634144680816
2019-12-27T07:00:00Z,blm_missoula_Missoula District,Missoula,EVI,1893.1888132237962
2019-12-27T07:00:00Z,blm_missoula_Missoula District,Missoula,NDVI,3770.861092554573
2019-12-27T07:00:00Z,blm_butte_Butte District,Butte,EVI,1414.9017576841907
2019-12-27T07:00:00Z,blm_butte_Butte District,Butte,NDVI,2522.8047552245985
2019-12-27T07:00:00Z,blm_dillon_Dillon District,Dillon,EVI,1030.3939695059212
2019-12-27T07:00:00Z,blm_dillon_Dillon District,Dillon,NDVI,1948.612019290634
2020-01-09T07:00:00Z,blm_billings_Billings District,Billings,EVI,1398.2778592161005
2020-01-09T07:00:00Z,blm_billings_Billings District,Billings,NDVI,2491.2331586337104
2020-01-09T07:00:00Z,blm_miles-city_Miles City District,Miles City,EVI,1220.1755177218429
2020-01-09T07:00:00Z,blm_miles-city_Miles City District,Miles City,NDVI,2479.9497117492965
2020-01-09T07:00:00Z,blm_malta_Malta District,Malta,EVI,1124.2886633913815
2020-01-09T07:00:00Z,blm_malta_Malta District,Malta,NDVI,2038.703380920448
2020-01-09T07:00:00Z,blm_lewistown_Lewistown District,Lewistown,EVI,1292.8327557599043
2020-01-09T07:00:00Z,blm_lewistown_Lewistown District,Lewistown,NDVI,2231.3195607858615
2020-01-09T07:00:00Z,blm_missoula_Missoula District,Missoula,EVI,1897.2001767399659
2020-01-09T07:00:00Z,blm_missoula_Missoula District,Missoula,NDVI,3164.1778001296225
2020-01-09T07:00:00Z,blm_butte_Butte District,Butte,EVI,1364.9830901424543
2020-01-09T07:00:00Z,blm_butte_Butte District,Butte,NDVI,2195.469173700241
2020-01-09T07:00:00Z,blm_dillon_Dillon District,Dillon,EVI,1419.5965914065578
2020-01-09T07:00:00Z,blm_dillon_Dillon District,Dillon,NDVI,2180.9496519630857
2020-01-25T07:00:00Z,blm_billings_Billings District,Billings,EVI,1316.4613610872643
2020-01-25T07:00:00Z,blm_billings_Billings District,Billings,NDVI,2449.798583663549
2020-01-25T07:00:00Z,blm_miles-city_Miles City District,Miles City,EVI,1223.2810793493418
2020-01-25T07:00:00Z,blm_miles-city_Miles City District,Miles City,NDVI,2423.6465326874786
2020-01-25T07:00:00Z,blm_malta_Malta District,Malta,EVI,1069.4972136713582
2020-01-25T07:00:00Z,blm_malta_Malta District,Malta,NDVI,2116.988655155925
2020-01-25T07:00:00Z,blm_lewistown_Lewistown District,Lewistown,EVI,1274.9028588167043
2020-01-25T07:00:00Z,blm_lewistown_Lewistown District,Lewistown,NDVI,2414.0553667894687
2020-01-25T07:00:00Z,blm_missoula_Missoula District,Missoula,EVI,1815.2079458552946
2020-01-25T07:00:00Z,blm_missoula_Missoula District,Missoula,NDVI,4422.595100241709
2020-01-25T07:00:00Z,blm_butte_Butte District,Butte,EVI,1437.1514240571878
2020-01-25T07:00:00Z,blm_butte_Butte District,Butte,NDVI,2581.03739871099
2020-01-25T07:00:00Z,blm_dillon_Dillon District,Dillon,EVI,1480.7335781934455
2020-01-25T07:00:00Z,blm_dillon_Dillon District,Dillon,NDVI,2290.4860634848897
2020-02-10T07:00:00Z,blm_billings_Billings District,Billings,EVI,1215.9921721173853
2020-02-10T07:00:00Z,blm_billings_Billings District,Billings,NDVI,2239.0642845553652
2020-02-10T07:00:00Z,blm_miles-city_Miles City District,Miles City,EVI,1084.4330582656773
2020-02-10T07:00:00Z,blm_miles-city_Miles City District,Miles City,NDVI,2195.256467064177
2020-02-10T07:00:00Z,blm_malta_Malta District,Malta,EVI,1014.5514518597985
2020-02-10T07:00:00Z,blm_malta_Malta District,Malta,NDVI,1971.2498439023068
2020-02-10T07:00:00Z,blm_lewistown_Lewistown District,Lewistown,EVI,1166.1535116973917
2020-02-10T07:00:00Z,blm_lewistown_Lewistown District,Lewistown,NDVI,2107.7132850015173
2020-02-10T07:00:00Z,blm_missoula_Missoula District,Missoula,EVI,2106.0892368843497
2020-02-10T07:00:00Z,blm_missoula_Missoula District,Missoula,NDVI,4818.208159288263
2020-02-10T07:00:00Z,blm_butte_Butte District,Butte,EVI,1357.1835375342419
2020-02-10T07:00:00Z,blm_butte_Butte District,Butte,NDVI,2248.070919769281
2020-02-10T07:00:00Z,blm_dillon_Dillon District,Dillon,EVI,1346.9579668360036
2020-02-10T07:00:00Z,blm_dillon_Dillon District,Dillon,NDVI,2011.9177806811365
2020-02-26T07:00:00Z,blm_billings_Billings District,Billings,EVI,1338.1737372958057
2020-02-26T07:00:00Z,blm_billings_Billings District,Billings,NDVI,2370.2977894698047
2020-02-26T07:00:00Z,blm_miles-city_Miles City District,Miles City,EVI,1245.8426366825404
2020-02-26T07:00:00Z,blm_miles-city_Miles City District,Miles City,NDVI,2333.5655859170547
2020-02-26T07:00:00Z,blm_malta_Malta District,Malta,EVI,1085.7259391546818
2020-02-26T07:00:00Z,blm_malta_Malta District,Malta,NDVI,2106.924526781402
2020-02-26T07:00:00Z,blm_lewistown_Lewistown District,Lewistown,EVI,1259.6833735062476
2020-02-26T07:00:00Z,blm_lewistown_Lewistown District,Lewistown,NDVI,2255.69279315907
2020-02-26T07:00:00Z,blm_missoula_Missoula District,Missoula,EVI,1972.0200293837436
2020-02-26T07:00:00Z,blm_missoula_Missoula District,Missoula,NDVI,4176.537205833504
2020-02-26T07:00:00Z,blm_butte_Butte District,Butte,EVI,1385.9879987611878
2020-02-26T07:00:00Z,blm_butte_Butte District,Butte,NDVI,2403.450270312977
2020-02-26T07:00:00Z,blm_dillon_Dillon District,Dillon,EVI,1261.7317488879169
2020-02-26T07:00:00Z,blm_dillon_Dillon District,Dillon,NDVI,2039.3833574377659
2020-03-13T06:00:00Z,blm_billings_Billings District,Billings,EVI,1400.3228201654847
2020-03-13T06:00:00Z,blm_billings_Billings District,Billings,NDVI,2501.5176791288573
2020-03-13T06:00:00Z,blm_miles-city_Miles City District,Miles City,EVI,1270.5096097963012
2020-03-13T06:00:00Z,blm_miles-city_Miles City District,Miles City,NDVI,2435.8689346671285
2020-03-13T06:00:00Z,blm_malta_Malta District,Malta,EVI,1182.663693700024
2020-03-13T06:00:00Z,blm_malta_Malta District,Malta,NDVI,2198.8127552520045
2020-03-13T06:00:00Z,blm_lewistown_Lewistown District,Lewistown,EVI,1314.2866429574576
2020-03-13T06:00:00Z,blm_lewistown_Lewistown District,Lewistown,NDVI,2279.3954195129227
2020-03-13T06:00:00Z,blm_missoula_Missoula District,Missoula,EVI,2334.3887099835083
2020-03-13T06:00:00Z,blm_missoula_Missoula District,Missoula,NDVI,4676.395015044262
2020-03-13T06:00:00Z,blm_butte_Butte District,Butte,EVI,1610.0242026439466
2020-03-13T06:00:00Z,blm_butte_Butte District,Butte,NDVI,2649.4724929285967
2020-03-13T06:00:00Z,blm_dillon_Dillon District,Dillon,EVI,1254.7945909549649
2020-03-13T06:00:00Z,blm_dillon_Dillon District,Dillon,NDVI,2043.4952351106208
2020-03-29T06:00:00Z,blm_billings_Billings District,Billings,EVI,1472.4442571493018
2020-03-29T06:00:00Z,blm_billings_Billings District,Billings,NDVI,2667.547840700683
2020-03-29T06:00:00Z,blm_miles-city_Miles City District,Miles City,EVI,1393.1839567464042
2020-03-29T06:00:00Z,blm_miles-city_Miles City District,Miles City,NDVI,2470.3706676784873
2020-03-29T06:00:00Z,blm_malta_Malta District,Malta,EVI,1237.962411214123
2020-03-29T06:00:00Z,blm_malta_Malta District,Malta,NDVI,2241.788414458109
2020-03-29T06:00:00Z,blm_lewistown_Lewistown District,Lewistown,EVI,1418.4265648648861
2020-03-29T06:00:00Z,blm_lewistown_Lewistown District,Lewistown,NDVI,2469.9231898423095
2020-03-29T06:00:00Z,blm_missoula_Missoula District,Missoula,EVI,2308.0643816101465
2020-03-29T06:00:00Z,blm_missoula_Missoula District,Missoula,NDVI,4695.139564495697
2020-03-29T06:00:00Z,blm_butte_Butte District,Butte,EVI,1490.6377192025784
2020-03-29T06:00:00Z,blm_butte_Butte District,Butte,NDVI,2811.90444326999
2020-03-29T06:00:00Z,blm_dillon_Dillon District,Dillon,EVI,1354.880260131788
2020-03-29T06:00:00Z,blm_dillon_Dillon District,Dillon,NDVI,2300.744681802443
2020-04-14T06:00:00Z,blm_billings_Billings District,Billings,EVI,1819.992542124707
2020-04-14T06:00:00Z,blm_billings_Billings District,Billings,NDVI,3174.457926814199
2020-04-14T06:00:00Z,blm_miles-city_Miles City District,Miles City,EVI,1673.742613808477
2020-04-14T06:00:00Z,blm_miles-city_Miles City District,Miles City,NDVI,2858.8153010730352
2020-04-14T06:00:00Z,blm_malta_Malta District,Malta,EVI,1445.8230920773624
2020-04-14T06:00:00Z,blm_malta_Malta District,Malta,NDVI,2588.2931293660495
2020-04-14T06:00:00Z,blm_lewistown_Lewistown District,Lewistown,EVI,1856.1016807070664
2020-04-14T06:00:00Z,blm_lewistown_Lewistown District,Lewistown,NDVI,3214.94448548398
2020-04-14T06:00:00Z,blm_missoula_Missoula District,Missoula,EVI,2515.511370337543
2020-04-14T06:00:00Z,blm_missoula_Missoula District,Missoula,NDVI,5286.387196212709
2020-04-14T06:00:00Z,blm_butte_Butte District,Butte,EVI,1866.8540741415272
2020-04-14T06:00:00Z,blm_butte_Butte District,Butte,NDVI,3464.233862588914
2020-04-14T06:00:00Z,blm_dillon_Dillon District,Dillon,EVI,1584.4865843158168
2020-04-14T06:00:00Z,blm_dillon_Dillon District,Dillon,NDVI,2729.3294213148433
2020-04-30T06:00:00Z,blm_billings_Billings District,Billings,EVI,2289.1488995007685
2020-04-30T06:00:00Z,blm_billings_Billings District,Billings,NDVI,3826.8466778144557
2020-04-30T06:00:00Z,blm_miles-city_Miles City District,Miles City,EVI,2134.3700621759444
2020-04-30T06:00:00Z,blm_miles-city_Miles City District,Miles City,NDVI,3586.1334104267553
2020-04-30T06:00:00Z,blm_malta_Malta District,Malta,EVI,1980.3828538082264
2020-04-30T06:00:00Z,blm_malta_Malta District,Malta,NDVI,3378.7855889320317
2020-04-30T06:00:00Z,blm_lewistown_Lewistown District,Lewistown,EVI,2399.5293084408795
2020-04-30T06:00:00Z,blm_lewistown_Lewistown District,Lewistown,NDVI,4060.273387271523
2020-04-30T06:00:00Z,blm_missoula_Missoula District,Missoula,EVI,2796.945372536878
2020-04-30T06:00:00Z,blm_missoula_Missoula District,Missoula,NDVI,5647.090101882245
2020-04-30T06:00:00Z,blm_butte_Butte District,Butte,EVI,2222.026501725379
2020-04-30T06:00:00Z,blm_butte_Butte District,Butte,NDVI,4097.430875966758
2020-04-30T06:00:00Z,blm_dillon_Dillon District,Dillon,EVI,1981.5013132474148
2020-04-30T06:00:00Z,blm_dillon_Dillon District,Dillon,NDVI,3427.3770953078633
2020-05-16T06:00:00Z,blm_billings_Billings District,Billings,EVI,3022.987904020923
2020-05-16T06:00:00Z,blm_billings_Billings District,Billings,NDVI,5008.830120115715
2020-05-16T06:00:00Z,blm_miles-city_Miles City District,Miles City,EVI,2578.404133715541
2020-05-16T06:00:00Z,blm_miles-city_Miles City District,Miles City,NDVI,4352.808126865837
2020-05-16T06:00:00Z,blm_malta_Malta District,Malta,EVI,2457.0750438493283
2020-05-16T06:00:00Z,blm_malta_Malta District,Malta,NDVI,4099.812591653475
2020-05-16T06:00:00Z,blm_lewistown_Lewistown District,Lewistown,EVI,3143.5005039412777
2020-05-16T06:00:00Z,blm_lewistown_Lewistown District,Lewistown,NDVI,5133.943276920979
2020-05-16T06:00:00Z,blm_missoula_Missoula District,Missoula,EVI,3241.0610891616043
2020-05-16T06:00:00Z,blm_missoula_Missoula District,Missoula,NDVI,6275.710183495539
2020-05-16T06:00:00Z,blm_butte_Butte District,Butte,EVI,2892.648509034122
2020-05-16T06:00:00Z,blm_butte_Butte District,Butte,NDVI,5043.233898044115
2020-05-16T06:00:00Z,blm_dillon_Dillon District,Dillon,EVI,2453.8347557284205
2020-05-16T06:00:00Z,blm_dillon_Dillon District,Dillon,NDVI,4385.771590452078
2020-06-01T06:00:00Z,blm_billings_Billings District,Billings,EVI,3260.221290309066
2020-06-01T06:00:00Z,blm_billings_Billings District,Billings,NDVI,5237.583160029544
2020-06-01T06:00:00Z,blm_miles-city_Miles City District,Miles City,EVI,2987.309641384835
2020-06-01T06:00:00Z,blm_miles-city_Miles City District,Miles City,NDVI,4726.429504626948
2020-06-01T06:00:00Z,blm_malta_Malta District,Malta,EVI,2783.3049547375936
2020-06-01T06:00:00Z,blm_malta_Malta District,Malta,NDVI,4425.284916501151
2020-06-01T06:00:00Z,blm_lewistown_Lewistown District,Lewistown,EVI,3518.6461951814836
2020-06-01T06:00:00Z,blm_lewistown_Lewistown District,Lewistown,NDVI,5651.8777786645505
2020-06-01T06:00:00Z,blm_missoula_Missoula District,Missoula,EVI,3441.5791027696373
2020-06-01T06:00:00Z,blm_missoula_Missoula District,Missoula,NDVI,6459.240185909768
2020-06-01T06:00:00Z,blm_butte_Butte District,Butte,EVI,2926.7245605319176
2020-06-01T06:00:00Z,blm_butte_Butte District,Butte,NDVI,5636.82290492145
2020-06-01T06:00:00Z,blm_dillon_Dillon District,Dillon,EVI,2673.128919577115
2020-06-01T06:00:00Z,blm_dillon_Dillon District,Dillon,NDVI,4940.590238359224
2020-06-17T06:00:00Z,blm_billings_Billings District,Billings,EVI,3311.0899467665477
2020-06-17T06:00:00Z,blm_billings_Billings District,Billings,NDVI,5198.358901057638
2020-06-17T06:00:00Z,blm_miles-city_Miles City District,Miles City,EVI,2874.1485270635367
2020-06-17T06:00:00Z,blm_miles-city_Miles City District,Miles City,NDVI,4837.765434338602
2020-06-17T06:00:00Z,blm_malta_Malta District,Malta,EVI,3261.593600090063
2020-06-17T06:00:00Z,blm_malta_Malta District,Malta,NDVI,5035.845800153612
2020-06-17T06:00:00Z,blm_lewistown_Lewistown District,Lewistown,EVI,3877.3164514305045
2020-06-17T06:00:00Z,blm_lewistown_Lewistown District,Lewistown,NDVI,5894.994742446883
2020-06-17T06:00:00Z,blm_missoula_Missoula District,Missoula,EVI,3545.9815405454847
2020-06-17T06:00:00Z,blm_missoula_Missoula District,Missoula,NDVI,6631.267148045566
2020-06-17T06:00:00Z,blm_butte_Butte District,Butte,EVI,3335.3895675696267
2020-06-17T06:00:00Z,blm_butte_Butte District,Butte,NDVI,5645.624768659426
2020-06-17T06:00:00Z,blm_dillon_Dillon District,Dillon,EVI,2943.5136138174953
2020-06-17T06:00:00Z,blm_dillon_Dillon District,Dillon,NDVI,5107.423113119729
2020-07-03T06:00:00Z,blm_billings_Billings District,Billings,EVI,2898.9983836478423
2020-07-03T06:00:00Z,blm_billings_Billings District,Billings,NDVI,4844.831183531921
2020-07-03T06:00:00Z,blm_miles-city_Miles City District,Miles City,EVI,2878.6338514785657
2020-07-03T06:00:00Z,blm_miles-city_Miles City District,Miles City,NDVI,4718.333044794392
2020-07-03T06:00:00Z,blm_malta_Malta District,Malta,EVI,3228.9065641605166
2020-07-03T06:00:00Z,blm_malta_Malta District,Malta,NDVI,4949.510890248933
2020-07-03T06:00:00Z,blm_lewistown_Lewistown District,Lewistown,EVI,3664.377989241401
2020-07-03T06:00:00Z,blm_lewistown_Lewistown District,Lewistown,NDVI,5801.926367876562
2020-07-03T06:00:00Z,blm_missoula_Missoula District,Missoula,EVI,3498.61951281467
2020-07-03T06:00:00Z,blm_missoula_Missoula District,Missoula,NDVI,6852.694221930242
2020-07-03T06:00:00Z,blm_butte_Butte District,Butte,EVI,3271.257146128728
2020-07-03T06:00:00Z,blm_butte_Butte District,Butte,NDVI,5751.875559331326
2020-07-03T06:00:00Z,blm_dillon_Dillon District,Dillon,EVI,2941.555315005713
2020-07-03T06:00:00Z,blm_dillon_Dillon District,Dillon,NDVI,5106.631934995121
2020-07-19T06:00:00Z,blm_billings_Billings District,Billings,EVI,2453.082163600819
2020-07-19T06:00:00Z,blm_billings_Billings District,Billings,NDVI,4171.667760312658
2020-07-19T06:00:00Z,blm_miles-city_Miles City District,Miles City,EVI,2462.9759848762324
2020-07-19T06:00:00Z,blm_miles-city_Miles City District,Miles City,NDVI,4089.835356125297
2020-07-19T06:00:00Z,blm_malta_Malta District,Malta,EVI,2628.56575529518
2020-07-19T06:00:00Z,blm_malta_Malta District,Malta,NDVI,4301.098744268078
2020-07-19T06:00:00Z,blm_lewistown_Lewistown District,Lewistown,EVI,3119.832494217242
2020-07-19T06:00:00Z,blm_lewistown_Lewistown District,Lewistown,NDVI,5190.581776906244
2020-07-19T06:00:00Z,blm_missoula_Missoula District,Missoula,EVI,3413.0571241116236
2020-07-19T06:00:00Z,blm_missoula_Missoula District,Missoula,NDVI,6761.60089747938
2020-07-19T06:00:00Z,blm_butte_Butte District,Butte,EVI,3029.2891345365824
2020-07-19T06:00:00Z,blm_butte_Butte District,Butte,NDVI,5544.342755133007
2020-07-19T06:00:00Z,blm_dillon_Dillon District,Dillon,EVI,2855.82146186254
2020-07-19T06:00:00Z,blm_dillon_Dillon District,Dillon,NDVI,5062.787040196269
2020-08-04T06:00:00Z,blm_billings_Billings District,Billings,EVI,2161.243471090264
2020-08-04T06:00:00Z,blm_billings_Billings District,Billings,NDVI,3742.740699067683
2020-08-04T06:00:00Z,blm_miles-city_Miles City District,Miles City,EVI,2040.4709827107126
2020-08-04T06:00:00Z,blm_miles-city_Miles City District,Miles City,NDVI,3432.249832644167
2020-08-04T06:00:00Z,blm_malta_Malta District,Malta,EVI,2112.9529093724345
2020-08-04T06:00:00Z,blm_malta_Malta District,Malta,NDVI,3484.9415567893316
2020-08-04T06:00:00Z,blm_lewistown_Lewistown District,Lewistown,EVI,2636.3069420387524
2020-08-04T06:00:00Z,blm_lewistown_Lewistown District,Lewistown,NDVI,4529.745783950432
2020-08-04T06:00:00Z,blm_missoula_Missoula District,Missoula,EVI,3280.2506719846815
2020-08-04T06:00:00Z,blm_missoula_Missoula District,Missoula,NDVI,6604.155396004716
2020-08-04T06:00:00Z,blm_butte_Butte District,Butte,EVI,2725.1433302367363
2020-08-04T06:00:00Z,blm_butte_Butte District,Butte,NDVI,5273.9875933891635
2020-08-04T06:00:00Z,blm_dillon_Dillon District,Dillon,EVI,2528.370360742768
2020-08-04T06:00:00Z,blm_dillon_Dillon District,Dillon,NDVI,4800.369416094619
2020-08-20T06:00:00Z,blm_billings_Billings District,Billings,EVI,1971.5928471751602
2020-08-20T06:00:00Z,blm_billings_Billings District,Billings,NDVI,3374.7941417337506
2020-08-20T06:00:00Z,blm_miles-city_Miles City District,Miles City,EVI,1822.4857666638773
2020-08-20T06:00:00Z,blm_miles-city_Miles City District,Miles City,NDVI,3008.346898647848
2020-08-20T06:00:00Z,blm_malta_Malta District,Malta,EVI,1862.1595035309472
2020-08-20T06:00:00Z,blm_malta_Malta District,Malta,NDVI,3041.027919308587
2020-08-20T06:00:00Z,blm_lewistown_Lewistown District,Lewistown,EVI,2334.6057263351104
2020-08-20T06:00:00Z,blm_lewistown_Lewistown District,Lewistown,NDVI,4071.4848871972563
2020-08-20T06:00:00Z,blm_missoula_Missoula District,Missoula,EVI,2942.72663287087
2020-08-20T06:00:00Z,blm_missoula_Missoula District,Missoula,NDVI,6419.295917884988
2020-08-20T06:00:00Z,blm_butte_Butte District,Butte,EVI,2407.4744215481765
2020-08-20T06:00:00Z,blm_butte_Butte District,Butte,NDVI,4919.634731400151
2020-08-20T06:00:00Z,blm_dillon_Dillon District,Dillon,EVI,2105.670570613181
2020-08-20T06:00:00Z,blm_dillon_Dillon District,Dillon,NDVI,4211.221692566134
2020-09-05T06:00:00Z,blm_billings_Billings District,Billings,EVI,1830.3674921291474
2020-09-05T06:00:00Z,blm_billings_Billings District,Billings,NDVI,3139.524298196324
2020-09-05T06:00:00Z,blm_miles-city_Miles City District,Miles City,EVI,1639.5821768777423
2020-09-05T06:00:00Z,blm_miles-city_Miles City District,Miles City,NDVI,2848.025328294504
2020-09-05T06:00:00Z,blm_malta_Malta District,Malta,EVI,1738.3438050797463
2020-09-05T06:00:00Z,blm_malta_Malta District,Malta,NDVI,2887.36140629339
2020-09-05T06:00:00Z,blm_lewistown_Lewistown District,Lewistown,EVI,2110.641235182665
2020-09-05T06:00:00Z,blm_lewistown_Lewistown District,Lewistown,NDVI,3702.983872920506
2020-09-05T06:00:00Z,blm_missoula_Missoula District,Missoula,EVI,2822.136153061721
2020-09-05T06:00:00Z,blm_missoula_Missoula District,Missoula,NDVI,6066.090513765277
2020-09-05T06:00:00Z,blm_butte_Butte District,Butte,EVI,2235.1894812178098
2020-09-05T06:00:00Z,blm_butte_Butte District,Butte,NDVI,4679.452912652964
2020-09-05T06:00:00Z,blm_dillon_Dillon District,Dillon,EVI,2062.0967624251475
2020-09-05T06:00:00Z,blm_dillon_Dillon District,Dillon,NDVI,4047.394706860897
2020-09-21T06:00:00Z,blm_billings_Billings District,Billings,EVI,1753.2828603271237
2020-09-21T06:00:00Z,blm_billings_Billings District,Billings,NDVI,3154.7933746733165
2020-09-21T06:00:00Z,blm_miles-city_Miles City District,Miles City,EVI,1623.5989869920393
2020-09-21T06:00:00Z,blm_miles-city_Miles City District,Miles City,NDVI,2757.07166337432
2020-09-21T06:00:00Z,blm_malta_Malta District,Malta,EVI,1704.0367976051928
2020-09-21T06:00:00Z,blm_malta_Malta District,Malta,NDVI,2846.8370917675875
2020-09-21T06:00:00Z,blm_lewistown_Lewistown District,Lewistown,EVI,2012.8593504165442
2020-09-21T06:00:00Z,blm_lewistown_Lewistown District,Lewistown,NDVI,3622.529636801922
2020-09-21T06:00:00Z,blm_missoula_Missoula District,Missoula,EVI,2554.482690306137
2020-09-21T06:00:00Z,blm_missoula_Missoula District,Missoula,NDVI,5880.972534532094
2020-09-21T06:00:00Z,blm_butte_Butte District,Butte,EVI,2019.3131484678115
2020-09-21T06:00:00Z,blm_butte_Butte District,Butte,NDVI,4452.674980868781
2020-09-21T06:00:00Z,blm_dillon_Dillon District,Dillon,EVI,1817.9477680430377
2020-09-21T06:00:00Z,blm_dillon_Dillon District,Dillon,NDVI,3855.1194637977032
2020-10-07T06:00:00Z,blm_billings_Billings District,Billings,EVI,1683.4142821454395
2020-10-07T06:00:00Z,blm_billings_Billings District,Billings,NDVI,2839.7548619698473
2020-10-07T06:00:00Z,blm_miles-city_Miles City District,Miles City,EVI,1536.5432790792186
2020-10-07T06:00:00Z,blm_miles-city_Miles City District,Miles City,NDVI,2488.0357428802345
2020-10-07T06:00:00Z,blm_malta_Malta District,Malta,EVI,1639.1140663733956
2020-10-07T06:00:00Z,blm_malta_Malta District,Malta,NDVI,2556.818375949477
2020-10-07T06:00:00Z,blm_lewistown_Lewistown District,Lewistown,EVI,1903.3497222270375
2020-10-07T06:00:00Z,blm_lewistown_Lewistown District,Lewistown,NDVI,3188.225468101114
2020-10-07T06:00:00Z,blm_missoula_Missoula District,Missoula,EVI,2985.097201807372
2020-10-07T06:00:00Z,blm_missoula_Missoula District,Missoula,NDVI,5762.100568441201
2020-10-07T06:00:00Z,blm_butte_Butte District,Butte,EVI,2064.561053156535
2020-10-07T06:00:00Z,blm_butte_Butte District,Butte,NDVI,3953.0150342247025
2020-10-07T06:00:00Z,blm_dillon_Dillon District,Dillon,EVI,1929.1391609694076
2020-10-07T06:00:00Z,blm_dillon_Dillon District,Dillon,NDVI,3625.9326607163475
2020-10-23T06:00:00Z,blm_billings_Billings District,Billings,EVI,1415.6518140773824
2020-10-23T06:00:00Z,blm_billings_Billings District,Billings,NDVI,2636.902169867305
2020-10-23T06:00:00Z,blm_miles-city_Miles City District,Miles City,EVI,1351.526233997754
2020-10-23T06:00:00Z,blm_miles-city_Miles City District,Miles City,NDVI,2487.8112725124492
2020-10-23T06:00:00Z,blm_malta_Malta District,Malta,EVI,1403.6719823872759
2020-10-23T06:00:00Z,blm_malta_Malta District,Malta,NDVI,2464.5448210199975
2020-10-23T06:00:00Z,blm_lewistown_Lewistown District,Lewistown,EVI,1628.0905024631913
2020-10-23T06:00:00Z,blm_lewistown_Lewistown District,Lewistown,NDVI,2961.892368793596
2020-10-23T06:00:00Z,blm_missoula_Missoula District,Missoula,EVI,2263.8482113771593
2020-10-23T06:00:00Z,blm_missoula_Missoula District,Missoula,NDVI,5614.078782430241
2020-10-23T06:00:00Z,blm_butte_Butte District,Butte,EVI,1819.614572439312
2020-10-23T06:00:00Z,blm_butte_Butte District,Butte,NDVI,3909.640516188431
2020-10-23T06:00:00Z,blm_dillon_Dillon District,Dillon,EVI,1680.7569966771791
2020-10-23T06:00:00Z,blm_dillon_Dillon District,Dillon,NDVI,3602.374580622117
2020-11-08T07:00:00Z,blm_billings_Billings District,Billings,EVI,1379.06828316471
2020-11-08T07:00:00Z,blm_billings_Billings District,Billings,NDVI,2626.912721491562
2020-11-08T07:00:00Z,blm_miles-city_Miles City District,Miles City,EVI,1270.775664031583
2020-11-08T07:00:00Z,blm_miles-city_Miles City District,Miles City,NDVI,2410.9005669741796
2020-11-08T07:00:00Z,blm_malta_Malta District,Malta,EVI,1202.6085250553283
2020-11-08T07:00:00Z,blm_malta_Malta District,Malta,NDVI,2208.1244198362547
2020-11-08T07:00:00Z,blm_lewistown_Lewistown District,Lewistown,EVI,1460.6909467013318
2020-11-08T07:00:00Z,blm_lewistown_Lewistown District,Lewistown,NDVI,2601.4744499239832
2020-11-08T07:00:00Z,blm_missoula_Missoula District,Missoula,EVI,2137.587156355915
2020-11-08T07:00:00Z,blm_missoula_Missoula District,Missoula,NDVI,4319.363832787739
2020-11-08T07:00:00Z,blm_butte_Butte District,Butte,EVI,1583.4838921707521
2020-11-08T07:00:00Z,blm_butte_Butte District,Butte,NDVI,2941.2504013684816
2020-11-08T07:00:00Z,blm_dillon_Dillon District,Dillon,EVI,1510.470287572845
2020-11-08T07:00:00Z,blm_dillon_Dillon District,Dillon,NDVI,2458.087201383091
2020-11-24T07:00:00Z,blm_billings_Billings District,Billings,EVI,1380.1889896606049
2020-11-24T07:00:00Z,blm_billings_Billings District,Billings,NDVI,2599.9031765224313
2020-11-24T07:00:00Z,blm_miles-city_Miles City District,Miles City,EVI,1252.957422631946
2020-11-24T07:00:00Z,blm_miles-city_Miles City District,Miles City,NDVI,2316.450375785618
2020-11-24T07:00:00Z,blm_malta_Malta District,Malta,EVI,1191.6836159318407
2020-11-24T07:00:00Z,blm_malta_Malta District,Malta,NDVI,2121.732997548695
2020-11-24T07:00:00Z,blm_lewistown_Lewistown District,Lewistown,EVI,1461.1069352070813
2020-11-24T07:00:00Z,blm_lewistown_Lewistown District,Lewistown,NDVI,2633.8259515322043
2020-11-24T07:00:00Z,blm_missoula_Missoula District,Missoula,EVI,2127.878679349617
2020-11-24T07:00:00Z,blm_missoula_Missoula District,Missoula,NDVI,4959.657289924286
2020-11-24T07:00:00Z,blm_butte_Butte District,Butte,EVI,1571.4500617202193
2020-11-24T07:00:00Z,blm_butte_Butte District,Butte,NDVI,3135.9356843650817
2020-11-24T07:00:00Z,blm_dillon_Dillon District,Dillon,EVI,1433.7452907706504
2020-11-24T07:00:00Z,blm_dillon_Dillon District,Dillon,NDVI,2629.8821086515177
2020-12-10T07:00:00Z,blm_billings_Billings District,Billings,EVI,1384.5347360164853
2020-12-10T07:00:00Z,blm_billings_Billings District,Billings,NDVI,2322.4882870800934
2020-12-10T07:00:00Z,blm_miles-city_Miles City District,Miles City,EVI,1244.70525609343
2020-12-10T07:00:00Z,blm_miles-city_Miles City District,Miles City,NDVI,2243.5126360519225
2020-12-10T07:00:00Z,blm_malta_Malta District,Malta,EVI,1233.5809989702034
2020-12-10T07:00:00Z,blm_malta_Malta District,Malta,NDVI,2128.7863950334627
2020-12-10T07:00:00Z,blm_lewistown_Lewistown District,Lewistown,EVI,1408.6595597385651
2020-12-10T07:00:00Z,blm_lewistown_Lewistown District,Lewistown,NDVI,2357.075895655896
2020-12-10T07:00:00Z,blm_missoula_Missoula District,Missoula,EVI,2305.3686770447125
2020-12-10T07:00:00Z,blm_missoula_Missoula District,Missoula,NDVI,4783.2914884067595
2020-12-10T07:00:00Z,blm_butte_Butte District,Butte,EVI,1677.7100017671792
2020-12-10T07:00:00Z,blm_butte_Butte District,Butte,NDVI,2911.1196167702255
2020-12-10T07:00:00Z,blm_dillon_Dillon District,Dillon,EVI,1785.7142991990374
2020-12-10T07:00:00Z,blm_dillon_Dillon District,Dillon,NDVI,2803.910489173064
2020-12-26T07:00:00Z,blm_billings_Billings District,Billings,EVI,1320.1586083225952
2020-12-26T07:00:00Z,blm_billings_Billings District,Billings,NDVI,2411.4005921380276
2020-12-26T07:00:00Z,blm_miles-city_Miles City District,Miles City,EVI,1288.228083597882
2020-12-26T07:00:00Z,blm_miles-city_Miles City District,Miles City,NDVI,2303.628429342932
2020-12-26T07:00:00Z,blm_malta_Malta District,Malta,EVI,1158.434989308427
2020-12-26T07:00:00Z,blm_malta_Malta District,Malta,NDVI,2094.5981233450507
2020-12-26T07:00:00Z,blm_lewistown_Lewistown District,Lewistown,EVI,1382.2719093062103
2020-12-26T07:00:00Z,blm_lewistown_Lewistown District,Lewistown,NDVI,2378.9259475346657
2020-12-26T07:00:00Z,blm_missoula_Missoula District,Missoula,EVI,1893.0990219893408
2020-12-26T07:00:00Z,blm_missoula_Missoula District,Missoula,NDVI,4185.5816162354395
2020-12-26T07:00:00Z,blm_butte_Butte District,Butte,EVI,1390.353758249491
2020-12-26T07:00:00Z,blm_butte_Butte District,Butte,NDVI,2467.9998187089623
2020-12-26T07:00:00Z,blm_dillon_Dillon District,Dillon,EVI,1341.8586432459647
2020-12-26T07:00:00Z,blm_dillon_Dillon District,Dillon,NDVI,2131.814369815406
2021-01-09T07:00:00Z,blm_billings_Billings District,Billings,EVI,1295.1041298835933
2021-01-09T07:00:00Z,blm_billings_Billings District,Billings,NDVI,2218.706275573454
2021-01-09T07:00:00Z,blm_miles-city_Miles City District,Miles City,EVI,1201.1671707658872
2021-01-09T07:00:00Z,blm_miles-city_Miles City District,Miles City,NDVI,2100.1386181732537
2021-01-09T07:00:00Z,blm_malta_Malta District,Malta,EVI,1143.4880577058336
2021-01-09T07:00:00Z,blm_malta_Malta District,Malta,NDVI,1952.0447644177355
2021-01-09T07:00:00Z,blm_lewistown_Lewistown District,Lewistown,EVI,1323.8700662457609
2021-01-09T07:00:00Z,blm_lewistown_Lewistown District,Lewistown,NDVI,2152.5990533748727
2021-01-09T07:00:00Z,blm_missoula_Missoula District,Missoula,EVI,2279.469795495731
2021-01-09T07:00:00Z,blm_missoula_Missoula District,Missoula,NDVI,5209.833918256739
2021-01-09T07:00:00Z,blm_butte_Butte District,Butte,EVI,1304.8740758672861
2021-01-09T07:00:00Z,blm_butte_Butte District,Butte,NDVI,2165.6924195868633
2021-01-09T07:00:00Z,blm_dillon_Dillon District,Dillon,EVI,1326.5659731941687
2021-01-09T07:00:00Z,blm_dillon_Dillon District,Dillon,NDVI,2149.7023547484014
2021-01-25T07:00:00Z,blm_billings_Billings District,Billings,EVI,1216.7997647794318
2021-01-25T07:00:00Z,blm_billings_Billings District,Billings,NDVI,2227.0448681147805
2021-01-25T07:00:00Z,blm_miles-city_Miles City District,Miles City,EVI,1146.7874597042212
2021-01-25T07:00:00Z,blm_miles-city_Miles City District,Miles City,NDVI,1985.7189255845008
2021-01-25T07:00:00Z,blm_malta_Malta District,Malta,EVI,1162.502770890273
2021-01-25T07:00:00Z,blm_malta_Malta District,Malta,NDVI,1971.9795434108235
2021-01-25T07:00:00Z,blm_lewistown_Lewistown District,Lewistown,EVI,1335.838021414208
2021-01-25T07:00:00Z,blm_lewistown_Lewistown District,Lewistown,NDVI,2172.030337893706
2021-01-25T07:00:00Z,blm_missoula_Missoula District,Missoula,EVI,1941.0956678568307
2021-01-25T07:00:00Z,blm_missoula_Missoula District,Missoula,NDVI,4009.7143117103547
2021-01-25T07:00:00Z,blm_butte_Butte District,Butte,EVI,1327.595093879601
2021-01-25T07:00:00Z,blm_butte_Butte District,Butte,NDVI,2222.421062264633
2021-01-25T07:00:00Z,blm_dillon_Dillon District,Dillon,EVI,1326.159813986973
2021-01-25T07:00:00Z,blm_dillon_Dillon District,Dillon,NDVI,2013.5098446005409
2021-02-10T07:00:00Z,blm_billings_Billings District,Billings,EVI,1080.3587226425038
2021-02-10T07:00:00Z,blm_billings_Billings District,Billings,NDVI,1974.9245658716254
2021-02-10T07:00:00Z,blm_miles-city_Miles City District,Miles City,EVI,1226.5141825049811
2021-02-10T07:00:00Z,blm_miles-city_Miles City District,Miles City,NDVI,1991.1156307901765
2021-02-10T07:00:00Z,blm_malta_Malta District,Malta,EVI,1297.498179704678
2021-02-10T07:00:00Z,blm_malta_Malta District,Malta,NDVI,2348.1911211100305
2021-02-10T07:00:00Z,blm_lewistown_Lewistown District,Lewistown,EVI,1138.669745868536
2021-02-10T07:00:00Z,blm_lewistown_Lewistown District,Lewistown,NDVI,1993.5078644282025
2021-02-10T07:00:00Z,blm_missoula_Missoula District,Missoula,EVI,2335.2559864632162
2021-02-10T07:00:00Z,blm_missoula_Missoula District,Missoula,NDVI,5105.102417902755
2021-02-10T07:00:00Z,blm_butte_Butte District,Butte,EVI,1644.9738743418045
2021-02-10T07:00:00Z,blm_butte_Butte District,Butte,NDVI,2447.5194900520332
2021-02-10T07:00:00Z,blm_dillon_Dillon District,Dillon,EVI,1632.557081850534
2021-02-10T07:00:00Z,blm_dillon_Dillon District,Dillon,NDVI,2184.1868327402135
2021-02-26T07:00:00Z,blm_billings_Billings District,Billings,EVI,1199.4035449538608
2021-02-26T07:00:00Z,blm_billings_Billings District,Billings,NDVI,2226.203045783514
2021-02-26T07:00:00Z,blm_miles-city_Miles City District,Miles City,EVI,1213.0594928341982
2021-02-26T07:00:00Z,blm_miles-city_Miles City District,Miles City,NDVI,2133.7851833954815
2021-02-26T07:00:00Z,blm_malta_Malta District,Malta,EVI,1147.9975529574506
2021-02-26T07:00:00Z,blm_malta_Malta District,Malta,NDVI,2051.590884340015
2021-02-26T07:00:00Z,blm_lewistown_Lewistown District,Lewistown,EVI,1295.3648680847962
2021-02-26T07:00:00Z,blm_lewistown_Lewistown District,Lewistown,NDVI,2184.867412822763
2021-02-26T07:00:00Z,blm_missoula_Missoula District,Missoula,EVI,2057.7454791670125
2021-02-26T07:00:00Z,blm_missoula_Missoula District,Missoula,NDVI,4465.178866527501
2021-02-26T07:00:00Z,blm_butte_Butte District,Butte,EVI,1302.718278620087
2021-02-26T07:00:00Z,blm_butte_Butte District,Butte,NDVI,2161.1921978743717
2021-02-26T07:00:00Z,blm_dillon_Dillon District,Dillon,EVI,1267.0381499018945
2021-02-26T07:00:00Z,blm_dillon_Dillon District,Dillon,NDVI,1872.7818190368641
2021-03-14T07:00:00Z,blm_billings_Billings District,Billings,EVI,1289.849643321816
2021-03-14T07:00:00Z,blm_billings_Billings District,Billings,NDVI,2235.099797418314
2021-03-14T07:00:00Z,blm_miles-city_Miles City District,Miles City,EVI,1274.6563921207912
2021-03-14T07:00:00Z,blm_miles-city_Miles City District,Miles City,NDVI,2172.274032877463
2021-03-14T07:00:00Z,blm_malta_Malta District,Malta,EVI,1184.8844765436716
2021-03-14T07:00:00Z,blm_malta_Malta District,Malta,NDVI,2014.6363215068516
2021-03-14T07:00:00Z,blm_lewistown_Lewistown District,Lewistown,EVI,1338.083799131621
2021-03-14T07:00:00Z,blm_lewistown_Lewistown District,Lewistown,NDVI,2209.0773185993153
2021-03-14T07:00:00Z,blm_missoula_Missoula District,Missoula,EVI,2050.309219910612
2021-03-14T07:00:00Z,blm_missoula_Missoula District,Missoula,NDVI,4733.431799304352
2021-03-14T07:00:00Z,blm_butte_Butte District,Butte,EVI,1337.4772021464614
2021-03-14T07:00:00Z,blm_butte_Butte District,Butte,NDVI,2379.1064277137825
2021-03-14T07:00:00Z,blm_dillon_Dillon District,Dillon,EVI,1254.7766141264274
2021-03-14T07:00:00Z,blm_dillon_Dillon District,Dillon,NDVI,1984.929859290926
2021-03-30T06:00:00Z,blm_billings_Billings District,Billings,EVI,1658.220174603404
2021-03-30T06:00:00Z,blm_billings_Billings District,Billings,NDVI,2719.284960078876
2021-03-30T06:00:00Z,blm_miles-city_Miles City District,Miles City,EVI,1443.489817227478
2021-03-30T06:00:00Z,blm_miles-city_Miles City District,Miles City,NDVI,2405.684105993689
2021-03-30T06:00:00Z,blm_malta_Malta District,Malta,EVI,1353.7330222150474
2021-03-30T06:00:00Z,blm_malta_Malta District,Malta,NDVI,2153.949173017181
2021-03-30T06:00:00Z,blm_lewistown_Lewistown District,Lewistown,EVI,1630.6387245367248
2021-03-30T06:00:00Z,blm_lewistown_Lewistown District,Lewistown,NDVI,2650.2225876990674
2021-03-30T06:00:00Z,blm_missoula_Missoula District,Missoula,EVI,2218.1318806597765
2021-03-30T06:00:00Z,blm_missoula_Missoula District,Missoula,NDVI,4780.785023191382
2021-03-30T06:00:00Z,blm_butte_Butte District,Butte,EVI,1597.9242225829937
2021-03-30T06:00:00Z,blm_butte_Butte District,Butte,NDVI,2934.6180703614414
2021-03-30T06:00:00Z,blm_dillon_Dillon District,Dillon,EVI,1360.6560437122548
2021-03-30T06:00:00Z,blm_dillon_Dillon District,Dillon,NDVI,2302.4100545310966
2021-04-15T06:00:00Z,blm_billings_Billings District,Billings,EVI,1919.149301542656
2021-04-15T06:00:00Z,blm_billings_Billings District,Billings,NDVI,3161.634693843844
2021-04-15T06:00:00Z,blm_miles-city_Miles City District,Miles City,EVI,1523.6911613962614
2021-04-15T06:00:00Z,blm_miles-city_Miles City District,Miles City,NDVI,2609.3503295984383
2021-04-15T06:00:00Z,blm_malta_Malta District,Malta,EVI,1469.3636645986248
2021-04-15T06:00:00Z,blm_malta_Malta District,Malta,NDVI,2438.692872425246
2021-04-15T06:00:00Z,blm_lewistown_Lewistown District,Lewistown,EVI,1793.7329844755811
2021-04-15T06:00:00Z,blm_lewistown_Lewistown District,Lewistown,NDVI,3007.782352693553
2021-04-15T06:00:00Z,blm_missoula_Missoula District,Missoula,EVI,2442.437469868681
2021-04-15T06:00:00Z,blm_missoula_Missoula District,Missoula,NDVI,5057.437751991042
2021-04-15T06:00:00Z,blm_butte_Butte District,Butte,EVI,1816.5132474466309
2021-04-15T06:00:00Z,blm_butte_Butte District,Butte,NDVI,3354.4803820569423
2021-04-15T06:00:00Z,blm_dillon_Dillon District,Dillon,EVI,1492.8965318128826
2021-04-15T06:00:00Z,blm_dillon_Dillon District,Dillon,NDVI,2580.9788006811636
2021-05-01T06:00:00Z,blm_billings_Billings District,Billings,EVI,2580.732256524658
2021-05-01T06:00:00Z,blm_billings_Billings District,Billings,NDVI,4073.81639389485
2021-05-01T06:00:00Z,blm_miles-city_Miles City District,Miles City,EVI,1817.485355736452
2021-05-01T06:00:00Z,blm_miles-city_Miles City District,Miles City,NDVI,2964.340893032964
2021-05-01T06:00:00Z,blm_malta_Malta District,Malta,EVI,1803.2050577860089
2021-05-01T06:00:00Z,blm_malta_Malta District,Malta,NDVI,2959.1615736093718
2021-05-01T06:00:00Z,blm_lewistown_Lewistown District,Lewistown,EVI,2573.1475024670362
2021-05-01T06:00:00Z,blm_lewistown_Lewistown District,Lewistown,NDVI,4098.935380669691
2021-05-01T06:00:00Z,blm_missoula_Missoula District,Missoula,EVI,2759.0472652403505
2021-05-01T06:00:00Z,blm_missoula_Missoula District,Missoula,NDVI,5829.591794776004
2021-05-01T06:00:00Z,blm_butte_Butte District,Butte,EVI,2326.164411995847
2021-05-01T06:00:00Z,blm_butte_Butte District,Butte,NDVI,4292.234226265865
2021-05-01T06:00:00Z,blm_dillon_Dillon District,Dillon,EVI,1973.5769751977032
2021-05-01T06:00:00Z,blm_dillon_Dillon District,Dillon,NDVI,3535.5390369757883
2021-05-17T06:00:00Z,blm_billings_Billings District,Billings,EVI,2823.0913971026393
2021-05-17T06:00:00Z,blm_billings_Billings District,Billings,NDVI,4641.055970481481
2021-05-17T06:00:00Z,blm_miles-city_Miles City District,Miles City,EVI,2039.876656822665
2021-05-17T06:00:00Z,blm_miles-city_Miles City District,Miles City,NDVI,3372.9692538100876
2021-05-17T06:00:00Z,blm_malta_Malta District,Malta,EVI,2224.1028012887887
2021-05-17T06:00:00Z,blm_malta_Malta District,Malta,NDVI,3590.7925745435437
2021-05-17T06:00:00Z,blm_lewistown_Lewistown District,Lewistown,EVI,2916.7136091706884
2021-05-17T06:00:00Z,blm_lewistown_Lewistown District,Lewistown,NDVI,4752.692039216958
2021-05-17T06:00:00Z,blm_missoula_Missoula District,Missoula,EVI,3102.4664086485336
2021-05-17T06:00:00Z,blm_missoula_Missoula District,Missoula,NDVI,6172.444093571729
2021-05-17T06:00:00Z,blm_butte_Butte District,Butte,EVI,2575.309853203544
2021-05-17T06:00:00Z,blm_butte_Butte District,Butte,NDVI,4721.602432745003
2021-05-17T06:00:00Z,blm_dillon_Dillon District,Dillon,EVI,2264.991938272249
2021-05-17T06:00:00Z,blm_dillon_Dillon District,Dillon,NDVI,3994.785644874768
2021-06-02T06:00:00Z,blm_billings_Billings District,Billings,EVI,2712.49698032198
2021-06-02T06:00:00Z,blm_billings_Billings District,Billings,NDVI,4452.552907607034
2021-06-02T06:00:00Z,blm_miles-city_Miles City District,Miles City,EVI,2226.9203993787874
2021-06-02T06:00:00Z,blm_miles-city_Miles City District,Miles City,NDVI,3560.8823325750946
2021-06-02T06:00:00Z,blm_malta_Malta District,Malta,EVI,2610.4501203788723
2021-06-02T06:00:00Z,blm_malta_Malta District,Malta,NDVI,4034.8017036417277
2021-06-02T06:00:00Z,blm_lewistown_Lewistown District,Lewistown,EVI,3207.4300767050145
2021-06-02T06:00:00Z,blm_lewistown_Lewistown District,Lewistown,NDVI,5152.276102957438
2021-06-02T06:00:00Z,blm_missoula_Missoula District,Missoula,EVI,3440.764270157258
2021-06-02T06:00:00Z,blm_missoula_Missoula District,Missoula,NDVI,6549.952917712836
2021-06-02T06:00:00Z,blm_butte_Butte District,Butte,EVI,2884.8482327953543
2021-06-02T06:00:00Z,blm_butte_Butte District,Butte,NDVI,5256.782794240252
2021-06-02T06:00:00Z,blm_dillon_Dillon District,Dillon,EVI,2634.155261401709
2021-06-02T06:00:00Z,blm_dillon_Dillon District,Dillon,NDVI,4644.562137276325
2021-06-18T06:00:00Z,blm_billings_Billings District,Billings,EVI,2448.379040230162
2021-06-18T06:00:00Z,blm_billings_Billings District,Billings,NDVI,3944.397349611904
2021-06-18T06:00:00Z,blm_miles-city_Miles City District,Miles City,EVI,2213.9406632994474
2021-06-18T06:00:00Z,blm_miles-city_Miles City District,Miles City,NDVI,3449.0551624600625
2021-06-18T06:00:00Z,blm_malta_Malta District,Malta,EVI,2555.405808807407
2021-06-18T06:00:00Z,blm_malta_Malta District,Malta,NDVI,3971.7545484902917
2021-06-18T06:00:00Z,blm_lewistown_Lewistown District,Lewistown,EVI,3059.8190311646795
2021-06-18T06:00:00Z,blm_lewistown_Lewistown District,Lewistown,NDVI,4979.741723588704
2021-06-18T06:00:00Z,blm_missoula_Missoula District,Missoula,EVI,3535.778972071712
2021-06-18T06:00:00Z,blm_missoula_Missoula District,Missoula,NDVI,6829.087209633753
2021-06-18T06:00:00Z,blm_butte_Butte District,Butte,EVI,2833.9679008256953
2021-06-18T06:00:00Z,blm_butte_Butte District,Butte,NDVI,5172.345490670907
2021-06-18T06:00:00Z,blm_dillon_Dillon District,Dillon,EVI,2568.0530390893955
2021-06-18T06:00:00Z,blm_dillon_Dillon District,Dillon,NDVI,4806.731813333183
2021-07-04T06:00:00Z,blm_billings_Billings District,Billings,EVI,2219.661834250361
2021-07-04T06:00:00Z,blm_billings_Billings District,Billings,NDVI,3560.9361383000132
2021-07-04T06:00:00Z,blm_miles-city_Miles City District,Miles City,EVI,1934.9494910418503
2021-07-04T06:00:00Z,blm_miles-city_Miles City District,Miles City,NDVI,3049.572378611447
2021-07-04T06:00:00Z,blm_malta_Malta District,Malta,EVI,2285.4961596415496
2021-07-04T06:00:00Z,blm_malta_Malta District,Malta,NDVI,3473.5181830117817
2021-07-04T06:00:00Z,blm_lewistown_Lewistown District,Lewistown,EVI,2738.06465527559
2021-07-04T06:00:00Z,blm_lewistown_Lewistown District,Lewistown,NDVI,4314.083077788179
2021-07-04T06:00:00Z,blm_missoula_Missoula District,Missoula,EVI,3540.1357102623656
2021-07-04T06:00:00Z,blm_missoula_Missoula District,Missoula,NDVI,6649.290321357968
2021-07-04T06:00:00Z,blm_butte_Butte District,Butte,EVI,2809.2437825221014
2021-07-04T06:00:00Z,blm_butte_Butte District,Butte,NDVI,5100.4167179961205
2021-07-04T06:00:00Z,blm_dillon_Dillon District,Dillon,EVI,2635.4403425874634
2021-07-04T06:00:00Z,blm_dillon_Dillon District,Dillon,NDVI,4558.782223091119
2021-07-20T06:00:00Z,blm_billings_Billings District,Billings,EVI,1851.3973523854463
2021-07-20T06:00:00Z,blm_billings_Billings District,Billings,NDVI,3002.021838638521
2021-07-20T06:00:00Z,blm_miles-city_Miles City District,Miles City,EVI,1763.0996680631913
2021-07-20T06:00:00Z,blm_miles-city_Miles City District,Miles City,NDVI,2631.605443943665
2021-07-20T06:00:00Z,blm_malta_Malta District,Malta,EVI,1818.9067957985756
2021-07-20T06:00:00Z,blm_malta_Malta District,Malta,NDVI,2771.10820236165
2021-07-20T06:00:00Z,blm_lewistown_Lewistown District,Lewistown,EVI,2266.768375760938
2021-07-20T06:00:00Z,blm_lewistown_Lewistown District,Lewistown,NDVI,3836.391531145458
2021-07-20T06:00:00Z,blm_missoula_Missoula District,Missoula,EVI,3161.933202299908
2021-07-20T06:00:00Z,blm_missoula_Missoula District,Missoula,NDVI,6679.4625301590295
2021-07-20T06:00:00Z,blm_butte_Butte District,Butte,EVI,2453.478132330364
2021-07-20T06:00:00Z,blm_butte_Butte District,Butte,NDVI,4810.643333925292
2021-07-20T06:00:00Z,blm_dillon_Dillon District,Dillon,EVI,2245.94895211029
2021-07-20T06:00:00Z,blm_dillon_Dillon District,Dillon,NDVI,4243.683836966305
2021-08-05T06:00:00Z,blm_billings_Billings District,Billings,EVI,1925.705405472125
2021-08-05T06:00:00Z,blm_billings_Billings District,Billings,NDVI,3134.054176840744
2021-08-05T06:00:00Z,blm_miles-city_Miles City District,Miles City,EVI,1565.7136855900992
2021-08-05T06:00:00Z,blm_miles-city_Miles City District,Miles City,NDVI,2582.1508550096073
2021-08-05T06:00:00Z,blm_malta_Malta District,Malta,EVI,1732.7032586293797
2021-08-05T06:00:00Z,blm_malta_Malta District,Malta,NDVI,2703.7319842450406
2021-08-05T06:00:00Z,blm_lewistown_Lewistown District,Lewistown,EVI,2254.0896217141863
2021-08-05T06:00:00Z,blm_lewistown_Lewistown District,Lewistown,NDVI,3654.187859855513
2021-08-05T06:00:00Z,blm_missoula_Missoula District,Missoula,EVI,3299.635764983172
2021-08-05T06:00:00Z,blm_missoula_Missoula District,Missoula,NDVI,6301.179122368931
2021-08-05T06:00:00Z,blm_butte_Butte District,Butte,EVI,2649.0832502929416
2021-08-05T06:00:00Z,blm_butte_Butte District,Butte,NDVI,4777.383997995663
2021-08-05T06:00:00Z,blm_dillon_Dillon District,Dillon,EVI,2432.1665527594555
2021-08-05T06:00:00Z,blm_dillon_Dillon District,Dillon,NDVI,4261.219655394712
2021-08-21T06:00:00Z,blm_billings_Billings District,Billings,EVI,1892.8665601744935
2021-08-21T06:00:00Z,blm_billings_Billings District,Billings,NDVI,3222.7756848610447
2021-08-21T06:00:00Z,blm_miles-city_Miles City District,Miles City,EVI,1529.8415280364438
2021-08-21T06:00:00Z,blm_miles-city_Miles City District,Miles City,NDVI,2679.6995915135353
2021-08-21T06:00:00Z,blm_malta_Malta District,Malta,EVI,1752.996542161277
2021-08-21T06:00:00Z,blm_malta_Malta District,Malta,NDVI,2994.7053546234583
2021-08-21T06:00:00Z,blm_lewistown_Lewistown District,Lewistown,EVI,2125.229402171209
2021-08-21T06:00:00Z,blm_lewistown_Lewistown District,Lewistown,NDVI,3891.6175458394573
2021-08-21T06:00:00Z,blm_missoula_Missoula District,Missoula,EVI,2860.7435838499428
2021-08-21T06:00:00Z,blm_missoula_Missoula District,Missoula,NDVI,6494.52864459238
2021-08-21T06:00:00Z,blm_butte_Butte District,Butte,EVI,2342.328886211192
2021-08-21T06:00:00Z,blm_butte_Butte District,Butte,NDVI,4826.162323749321
2021-08-21T06:00:00Z,blm_dillon_Dillon District,Dillon,EVI,2134.963036634108
2021-08-21T06:00:00Z,blm_dillon_Dillon District,Dillon,NDVI,4326.757922378254
2021-09-06T06:00:00Z,blm_billings_Billings District,Billings,EVI,2025.764974984456
2021-09-06T06:00:00Z,blm_billings_Billings District,Billings,NDVI,3387.0623445677415
2021-09-06T06:00:00Z,blm_miles-city_Miles City District,Miles City,EVI,1580.9525393252688
2021-09-06T06:00:00Z,blm_miles-city_Miles City District,Miles City,NDVI,2708.708272034935
2021-09-06T06:00:00Z,blm_malta_Malta District,Malta,EVI,1813.5117849651197
2021-09-06T06:00:00Z,blm_malta_Malta District,Malta,NDVI,2979.0250134735215
2021-09-06T06:00:00Z,blm_lewistown_Lewistown District,Lewistown,EVI,2215.8676026740063
2021-09-06T06:00:00Z,blm_lewistown_Lewistown District,Lewistown,NDVI,3892.2159844209527
2021-09-06T06:00:00Z,blm_missoula_Missoula District,Missoula,EVI,2717.054475103614
2021-09-06T06:00:00Z,blm_missoula_Missoula District,Missoula,NDVI,6166.118812960507
2021-09-06T06:00:00Z,blm_butte_Butte District,Butte,EVI,2248.4392283830516
2021-09-06T06:00:00Z,blm_butte_Butte District,Butte,NDVI,4582.276750708166
2021-09-06T06:00:00Z,blm_dillon_Dillon District,Dillon,EVI,1890.521551558726
2021-09-06T06:00:00Z,blm_dillon_Dillon District,Dillon,NDVI,3891.9159845242625
2021-09-22T06:00:00Z,blm_billings_Billings District,Billings,EVI,1705.6452896522046
2021-09-22T06:00:00Z,blm_billings_Billings District,Billings,NDVI,3167.8909893544915
2021-09-22T06:00:00Z,blm_miles-city_Miles City District,Miles City,EVI,1435.9276094158183
2021-09-22T06:00:00Z,blm_miles-city_Miles City District,Miles City,NDVI,2526.553071791582
2021-09-22T06:00:00Z,blm_malta_Malta District,Malta,EVI,1554.436286144247
2021-09-22T06:00:00Z,blm_malta_Malta District,Malta,NDVI,2724.813326388034
2021-09-22T06:00:00Z,blm_lewistown_Lewistown District,Lewistown,EVI,1898.4094420803312
2021-09-22T06:00:00Z,blm_lewistown_Lewistown District,Lewistown,NDVI,3649.532048971708
2021-09-22T06:00:00Z,blm_missoula_Missoula District,Missoula,EVI,2449.5704137719226
2021-09-22T06:00:00Z,blm_missoula_Missoula District,Missoula,NDVI,6233.2239765010145
2021-09-22T06:00:00Z,blm_butte_Butte District,Butte,EVI,1964.4076202550868
2021-09-22T06:00:00Z,blm_butte_Butte District,Butte,NDVI,4581.706337849431
2021-09-22T06:00:00Z,blm_dillon_Dillon District,Dillon,EVI,1724.0049021394282
2021-09-22T06:00:00Z,blm_dillon_Dillon District,Dillon,NDVI,3959.78236452297
2021-10-08T06:00:00Z,blm_billings_Billings District,Billings,EVI,1611.322975943732
2021-10-08T06:00:00Z,blm_billings_Billings District,Billings,NDVI,3073.8694120412515
2021-10-08T06:00:00Z,blm_miles-city_Miles City District,Miles City,EVI,1350.8679560548878
2021-10-08T06:00:00Z,blm_miles-city_Miles City District,Miles City,NDVI,2666.8728866816255
2021-10-08T06:00:00Z,blm_malta_Malta District,Malta,EVI,1481.0935178119157
2021-10-08T06:00:00Z,blm_malta_Malta District,Malta,NDVI,2534.4505656160086
2021-10-08T06:00:00Z,blm_lewistown_Lewistown District,Lewistown,EVI,1834.8147551307256
2021-10-08T06:00:00Z,blm_lewistown_Lewistown District,Lewistown,NDVI,3451.6988809725167
2021-10-08T06:00:00Z,blm_missoula_Missoula District,Missoula,EVI,2456.242412590083
2021-10-08T06:00:00Z,blm_missoula_Missoula District,Missoula,NDVI,5780.518509060781
2021-10-08T06:00:00Z,blm_butte_Butte District,Butte,EVI,1993.272469707104
2021-10-08T06:00:00Z,blm_butte_Butte District,Butte,NDVI,4294.3846181226145
2021-10-08T06:00:00Z,blm_dillon_Dillon District,Dillon,EVI,1796.0719735588725
2021-10-08T06:00:00Z,blm_dillon_Dillon District,Dillon,NDVI,3555.3165112395363
2021-10-24T06:00:00Z,blm_billings_Billings District,Billings,EVI,1631.596618317789
2021-10-24T06:00:00Z,blm_billings_Billings District,Billings,NDVI,3196.3540125128293
2021-10-24T06:00:00Z,blm_miles-city_Miles City District,Miles City,EVI,1355.7828183210781
2021-10-24T06:00:00Z,blm_miles-city_Miles City District,Miles City,NDVI,2634.0130947806083
2021-10-24T06:00:00Z,blm_malta_Malta District,Malta,EVI,1403.0833668933258
2021-10-24T06:00:00Z,blm_malta_Malta District,Malta,NDVI,2544.8065590219758
2021-10-24T06:00:00Z,blm_lewistown_Lewistown District,Lewistown,EVI,1675.679138002179
2021-10-24T06:00:00Z,blm_lewistown_Lewistown District,Lewistown,NDVI,3394.377410951471
2021-10-24T06:00:00Z,blm_missoula_Missoula District,Missoula,EVI,2149.748751195652
2021-10-24T06:00:00Z,blm_missoula_Missoula District,Missoula,NDVI,5683.222390054431
2021-10-24T06:00:00Z,blm_butte_Butte District,Butte,EVI,1899.3112885523722
2021-10-24T06:00:00Z,blm_butte_Butte District,Butte,NDVI,4384.6935118934725
2021-10-24T06:00:00Z,blm_dillon_Dillon District,Dillon,EVI,1674.0427644994384
2021-10-24T06:00:00Z,blm_dillon_Dillon District,Dillon,NDVI,3571.76622579163
2021-11-09T07:00:00Z,blm_billings_Billings District,Billings,EVI,1639.5237209879233
2021-11-09T07:00:00Z,blm_billings_Billings District,Billings,NDVI,2988.777384931366
2021-11-09T07:00:00Z,blm_miles-city_Miles City District,Miles City,EVI,1299.6260226511902
2021-11-09T07:00:00Z,blm_miles-city_Miles City District,Miles City,NDVI,2469.9089974041667
2021-11-09T07:00:00Z,blm_malta_Malta District,Malta,EVI,1375.097053982762
2021-11-09T07:00:00Z,blm_malta_Malta District,Malta,NDVI,2344.150384239903
2021-11-09T07:00:00Z,blm_lewistown_Lewistown District,Lewistown,EVI,1658.4753424305895
2021-11-09T07:00:00Z,blm_lewistown_Lewistown District,Lewistown,NDVI,2924.3204471951476
2021-11-09T07:00:00Z,blm_missoula_Missoula District,Missoula,EVI,2469.9921918543264
2021-11-09T07:00:00Z,blm_missoula_Missoula District,Missoula,NDVI,5544.445261143336
2021-11-09T07:00:00Z,blm_butte_Butte District,Butte,EVI,1885.1523077916315
2021-11-09T07:00:00Z,blm_butte_Butte District,Butte,NDVI,3804.354838347597
2021-11-09T07:00:00Z,blm_dillon_Dillon District,Dillon,EVI,1485.6994424552493
2021-11-09T07:00:00Z,blm_dillon_Dillon District,Dillon,NDVI,2949.3337851061433
2021-11-25T07:00:00Z,blm_billings_Billings District,Billings,EVI,1393.829054308418
2021-11-25T07:00:00Z,blm_billings_Billings District,Billings,NDVI,2740.7645215916355
2021-11-25T07:00:00Z,blm_miles-city_Miles City District,Miles City,EVI,1300.8736072191273
2021-11-25T07:00:00Z,blm_miles-city_Miles City District,Miles City,NDVI,2547.902851434645
2021-11-25T07:00:00Z,blm_malta_Malta District,Malta,EVI,1311.939643898803
2021-11-25T07:00:00Z,blm_malta_Malta District,Malta,NDVI,2209.764418269182
2021-11-25T07:00:00Z,blm_lewistown_Lewistown District,Lewistown,EVI,1482.5557799237442
2021-11-25T07:00:00Z,blm_lewistown_Lewistown District,Lewistown,NDVI,2539.810865874256
2021-11-25T07:00:00Z,blm_missoula_Missoula District,Missoula,EVI,1809.9455399511392
2021-11-25T07:00:00Z,blm_missoula_Missoula District,Missoula,NDVI,4394.534644636014
2021-11-25T07:00:00Z,blm_butte_Butte District,Butte,EVI,1723.4384829389624
2021-11-25T07:00:00Z,blm_butte_Butte District,Butte,NDVI,3686.601349272893
2021-11-25T07:00:00Z,blm_dillon_Dillon District,Dillon,EVI,1342.4321754025145
2021-11-25T07:00:00Z,blm_dillon_Dillon District,Dillon,NDVI,2772.981457325655
2021-12-11T07:00:00Z,blm_billings_Billings District,Billings,EVI,1342.952144564091
2021-12-11T07:00:00Z,blm_billings_Billings District,Billings,NDVI,2467.1048948272696
2021-12-11T07:00:00Z,blm_miles-city_Miles City District,Miles City,EVI,1397.167036264495
2021-12-11T07:00:00Z,blm_miles-city_Miles City District,Miles City,NDVI,2548.5935459859897
2021-12-11T07:00:00Z,blm_malta_Malta District,Malta,EVI,980.3755653382984
2021-12-11T07:00:00Z,blm_malta_Malta District,Malta,NDVI,1865.636087568441
2021-12-11T07:00:00Z,blm_lewistown_Lewistown District,Lewistown,EVI,1316.757935880678
2021-12-11T07:00:00Z,blm_lewistown_Lewistown District,Lewistown,NDVI,2100.987056428007
2021-12-11T07:00:00Z,blm_missoula_Missoula District,Missoula,EVI,2005.1072178301845
2021-12-11T07:00:00Z,blm_missoula_Missoula District,Missoula,NDVI,3932.0104068962437
2021-12-11T07:00:00Z,blm_butte_Butte District,Butte,EVI,1519.1687330020884
2021-12-11T07:00:00Z,blm_butte_Butte District,Butte,NDVI,2865.306623086565
2021-12-11T07:00:00Z,blm_dillon_Dillon District,Dillon,EVI,1249.1819094909386
2021-12-11T07:00:00Z,blm_dillon_Dillon District,Dillon,NDVI,2439.7271485253546
2021-12-27T07:00:00Z,blm_billings_Billings District,Billings,EVI,1173.4414636109984
2021-12-27T07:00:00Z,blm_billings_Billings District,Billings,NDVI,2038.411335213994
2021-12-27T07:00:00Z,blm_miles-city_Miles City District,Miles City,EVI,NA
2021-12-27T07:00:00Z,blm_miles-city_Miles City District,Miles City,NDVI,NA
2021-12-27T07:00:00Z,blm_malta_Malta District,Malta,EVI,NA
2021-12-27T07:00:00Z,blm_malta_Malta District,Malta,NDVI,NA
2021-12-27T07:00:00Z,blm_lewistown_Lewistown District,Lewistown,EVI,1125.820197637985
2021-12-27T07:00:00Z,blm_lewistown_Lewistown District,Lewistown,NDVI,1724.6661042821563
2021-12-27T07:00:00Z,blm_missoula_Missoula District,Missoula,EVI,2081.043010752688
2021-12-27T07:00:00Z,blm_missoula_Missoula District,Missoula,NDVI,4023.6881720430106
2021-12-27T07:00:00Z,blm_butte_Butte District,Butte,EVI,NA
2021-12-27T07:00:00Z,blm_butte_Butte District,Butte,NDVI,NA
2021-12-27T07:00:00Z,blm_dillon_Dillon District,Dillon,EVI,1511.4566596194504
2021-12-27T07:00:00Z,blm_dillon_Dillon District,Dillon,NDVI,2148.633192389006
2022-01-09T07:00:00Z,blm_billings_Billings District,Billings,EVI,1291.8384510411533
2022-01-09T07:00:00Z,blm_billings_Billings District,Billings,NDVI,2417.8283629351736
2022-01-09T07:00:00Z,blm_miles-city_Miles City District,Miles City,EVI,1188.9703143547094
2022-01-09T07:00:00Z,blm_miles-city_Miles City District,Miles City,NDVI,2251.971103738819
2022-01-09T07:00:00Z,blm_malta_Malta District,Malta,EVI,1189.2355547665688
2022-01-09T07:00:00Z,blm_malta_Malta District,Malta,NDVI,2023.5628114548313
2022-01-09T07:00:00Z,blm_lewistown_Lewistown District,Lewistown,EVI,1263.9387788813033
2022-01-09T07:00:00Z,blm_lewistown_Lewistown District,Lewistown,NDVI,2064.7885343707976
2022-01-09T07:00:00Z,blm_missoula_Missoula District,Missoula,EVI,1530.212505163285
2022-01-09T07:00:00Z,blm_missoula_Missoula District,Missoula,NDVI,3941.031198758308
2022-01-09T07:00:00Z,blm_butte_Butte District,Butte,EVI,1501.696455208267
2022-01-09T07:00:00Z,blm_butte_Butte District,Butte,NDVI,2301.4759256889074
2022-01-09T07:00:00Z,blm_dillon_Dillon District,Dillon,EVI,1489.7740631936292
2022-01-09T07:00:00Z,blm_dillon_Dillon District,Dillon,NDVI,2279.797654761937
2022-01-25T07:00:00Z,blm_billings_Billings District,Billings,EVI,1218.2227528379285
2022-01-25T07:00:00Z,blm_billings_Billings District,Billings,NDVI,2273.65664348382
2022-01-25T07:00:00Z,blm_miles-city_Miles City District,Miles City,EVI,1118.7555907581343
2022-01-25T07:00:00Z,blm_miles-city_Miles City District,Miles City,NDVI,2183.2337137169225
2022-01-25T07:00:00Z,blm_malta_Malta District,Malta,EVI,1107.3602966950043
2022-01-25T07:00:00Z,blm_malta_Malta District,Malta,NDVI,1921.659690401629
2022-01-25T07:00:00Z,blm_lewistown_Lewistown District,Lewistown,EVI,1230.497211386431
2022-01-25T07:00:00Z,blm_lewistown_Lewistown District,Lewistown,NDVI,2075.3530366052823
2022-01-25T07:00:00Z,blm_missoula_Missoula District,Missoula,EVI,1789.5994815673253
2022-01-25T07:00:00Z,blm_missoula_Missoula District,Missoula,NDVI,3930.0004247524334
2022-01-25T07:00:00Z,blm_butte_Butte District,Butte,EVI,1466.057332543613
2022-01-25T07:00:00Z,blm_butte_Butte District,Butte,NDVI,2413.4618341243868
2022-01-25T07:00:00Z,blm_dillon_Dillon District,Dillon,EVI,1457.6971664374687
2022-01-25T07:00:00Z,blm_dillon_Dillon District,Dillon,NDVI,2072.186129057773
2022-02-10T07:00:00Z,blm_billings_Billings District,Billings,EVI,1328.5327812931644
2022-02-10T07:00:00Z,blm_billings_Billings District,Billings,NDVI,2287.9075610412115
2022-02-10T07:00:00Z,blm_miles-city_Miles City District,Miles City,EVI,1143.5355415725053
2022-02-10T07:00:00Z,blm_miles-city_Miles City District,Miles City,NDVI,2161.970460555541
2022-02-10T07:00:00Z,blm_malta_Malta District,Malta,EVI,1167.4954066142452
2022-02-10T07:00:00Z,blm_malta_Malta District,Malta,NDVI,1969.214117854834
2022-02-10T07:00:00Z,blm_lewistown_Lewistown District,Lewistown,EVI,1285.163607894526
2022-02-10T07:00:00Z,blm_lewistown_Lewistown District,Lewistown,NDVI,2104.240621976722
2022-02-10T07:00:00Z,blm_missoula_Missoula District,Missoula,EVI,1854.266247104251
2022-02-10T07:00:00Z,blm_missoula_Missoula District,Missoula,NDVI,4037.421067147412
2022-02-10T07:00:00Z,blm_butte_Butte District,Butte,EVI,1269.099536534646
2022-02-10T07:00:00Z,blm_butte_Butte District,Butte,NDVI,2104.3956766632737
2022-02-10T07:00:00Z,blm_dillon_Dillon District,Dillon,EVI,1288.7239162795033
2022-02-10T07:00:00Z,blm_dillon_Dillon District,Dillon,NDVI,1982.986249412497
2022-02-26T07:00:00Z,blm_billings_Billings District,Billings,EVI,1128.594267922795
2022-02-26T07:00:00Z,blm_billings_Billings District,Billings,NDVI,1866.2830838654902
2022-02-26T07:00:00Z,blm_miles-city_Miles City District,Miles City,EVI,1026.139085570169
2022-02-26T07:00:00Z,blm_miles-city_Miles City District,Miles City,NDVI,1965.3657064243048
2022-02-26T07:00:00Z,blm_malta_Malta District,Malta,EVI,1099.0264009657478
2022-02-26T07:00:00Z,blm_malta_Malta District,Malta,NDVI,2017.452587564067
2022-02-26T07:00:00Z,blm_lewistown_Lewistown District,Lewistown,EVI,1207.4793615153194
2022-02-26T07:00:00Z,blm_lewistown_Lewistown District,Lewistown,NDVI,2070.419470872986
2022-02-26T07:00:00Z,blm_missoula_Missoula District,Missoula,EVI,2149.651549157124
2022-02-26T07:00:00Z,blm_missoula_Missoula District,Missoula,NDVI,4079.7630793576213
2022-02-26T07:00:00Z,blm_butte_Butte District,Butte,EVI,1466.2186434685007
2022-02-26T07:00:00Z,blm_butte_Butte District,Butte,NDVI,2187.6459217579363
2022-02-26T07:00:00Z,blm_dillon_Dillon District,Dillon,EVI,1409.1616217228132
2022-02-26T07:00:00Z,blm_dillon_Dillon District,Dillon,NDVI,1982.344485132972
2022-03-14T06:00:00Z,blm_billings_Billings District,Billings,EVI,1328.386061416431
2022-03-14T06:00:00Z,blm_billings_Billings District,Billings,NDVI,2492.7002328699755
2022-03-14T06:00:00Z,blm_miles-city_Miles City District,Miles City,EVI,1191.860505443514
2022-03-14T06:00:00Z,blm_miles-city_Miles City District,Miles City,NDVI,2232.209271653665
2022-03-14T06:00:00Z,blm_malta_Malta District,Malta,EVI,1126.2553795686476
2022-03-14T06:00:00Z,blm_malta_Malta District,Malta,NDVI,2108.3607552700414
2022-03-14T06:00:00Z,blm_lewistown_Lewistown District,Lewistown,EVI,1227.0175260532235
2022-03-14T06:00:00Z,blm_lewistown_Lewistown District,Lewistown,NDVI,2295.052523632035
2022-03-14T06:00:00Z,blm_missoula_Missoula District,Missoula,EVI,1942.0221895165378
2022-03-14T06:00:00Z,blm_missoula_Missoula District,Missoula,NDVI,4532.686104004699
2022-03-14T06:00:00Z,blm_butte_Butte District,Butte,EVI,1349.699356490925
2022-03-14T06:00:00Z,blm_butte_Butte District,Butte,NDVI,2662.7454659716395
2022-03-14T06:00:00Z,blm_dillon_Dillon District,Dillon,EVI,1229.448324542077
2022-03-14T06:00:00Z,blm_dillon_Dillon District,Dillon,NDVI,2162.7484131260594
2022-03-30T06:00:00Z,blm_billings_Billings District,Billings,EVI,1713.358808091004
2022-03-30T06:00:00Z,blm_billings_Billings District,Billings,NDVI,2597.4288801298158
2022-03-30T06:00:00Z,blm_miles-city_Miles City District,Miles City,EVI,1367.7002965390475
2022-03-30T06:00:00Z,blm_miles-city_Miles City District,Miles City,NDVI,2408.0108660457913
2022-03-30T06:00:00Z,blm_malta_Malta District,Malta,EVI,1359.732610492326
2022-03-30T06:00:00Z,blm_malta_Malta District,Malta,NDVI,2036.8265925460917
2022-03-30T06:00:00Z,blm_lewistown_Lewistown District,Lewistown,EVI,1617.732230400148
2022-03-30T06:00:00Z,blm_lewistown_Lewistown District,Lewistown,NDVI,2527.949916262237
2022-03-30T06:00:00Z,blm_missoula_Missoula District,Missoula,EVI,1851.9451377556882
2022-03-30T06:00:00Z,blm_missoula_Missoula District,Missoula,NDVI,2998.1766243158604
2022-03-30T06:00:00Z,blm_butte_Butte District,Butte,EVI,1748.6271171959966
2022-03-30T06:00:00Z,blm_butte_Butte District,Butte,NDVI,2822.7891364695615
2022-03-30T06:00:00Z,blm_dillon_Dillon District,Dillon,EVI,1412.9308000391973
2022-03-30T06:00:00Z,blm_dillon_Dillon District,Dillon,NDVI,2159.61749935193
2022-04-15T06:00:00Z,blm_billings_Billings District,Billings,EVI,1949.7675053323453
2022-04-15T06:00:00Z,blm_billings_Billings District,Billings,NDVI,3378.1668811993036
2022-04-15T06:00:00Z,blm_miles-city_Miles City District,Miles City,EVI,1382.014181884233
2022-04-15T06:00:00Z,blm_miles-city_Miles City District,Miles City,NDVI,2383.39705483608
2022-04-15T06:00:00Z,blm_malta_Malta District,Malta,EVI,1311.5967376510503
2022-04-15T06:00:00Z,blm_malta_Malta District,Malta,NDVI,2138.3732453740076
2022-04-15T06:00:00Z,blm_lewistown_Lewistown District,Lewistown,EVI,1399.490625098379
2022-04-15T06:00:00Z,blm_lewistown_Lewistown District,Lewistown,NDVI,2261.906736620507
2022-04-15T06:00:00Z,blm_missoula_Missoula District,Missoula,EVI,2469.7645608396297
2022-04-15T06:00:00Z,blm_missoula_Missoula District,Missoula,NDVI,4564.013865051182
2022-04-15T06:00:00Z,blm_butte_Butte District,Butte,EVI,1758.4710692765552
2022-04-15T06:00:00Z,blm_butte_Butte District,Butte,NDVI,2775.4701812603284
2022-04-15T06:00:00Z,blm_dillon_Dillon District,Dillon,EVI,1621.689246730885
2022-04-15T06:00:00Z,blm_dillon_Dillon District,Dillon,NDVI,2343.140913674104
2022-05-01T06:00:00Z,blm_billings_Billings District,Billings,EVI,2403.207336211476
2022-05-01T06:00:00Z,blm_billings_Billings District,Billings,NDVI,3847.3428335748554
2022-05-01T06:00:00Z,blm_miles-city_Miles City District,Miles City,EVI,2057.108862168478
2022-05-01T06:00:00Z,blm_miles-city_Miles City District,Miles City,NDVI,3300.546652435155
2022-05-01T06:00:00Z,blm_malta_Malta District,Malta,EVI,1692.708259421155
2022-05-01T06:00:00Z,blm_malta_Malta District,Malta,NDVI,2760.63510499232
2022-05-01T06:00:00Z,blm_lewistown_Lewistown District,Lewistown,EVI,2141.139400850516
2022-05-01T06:00:00Z,blm_lewistown_Lewistown District,Lewistown,NDVI,3555.333393782074
2022-05-01T06:00:00Z,blm_missoula_Missoula District,Missoula,EVI,2941.8223514169367
2022-05-01T06:00:00Z,blm_missoula_Missoula District,Missoula,NDVI,5624.155386972762
2022-05-01T06:00:00Z,blm_butte_Butte District,Butte,EVI,2485.4333152457652
2022-05-01T06:00:00Z,blm_butte_Butte District,Butte,NDVI,4241.542843655961
2022-05-01T06:00:00Z,blm_dillon_Dillon District,Dillon,EVI,2022.8442706261412
2022-05-01T06:00:00Z,blm_dillon_Dillon District,Dillon,NDVI,3114.1604685203188
2022-05-17T06:00:00Z,blm_billings_Billings District,Billings,EVI,2959.1213661488973
2022-05-17T06:00:00Z,blm_billings_Billings District,Billings,NDVI,4627.952759506757
2022-05-17T06:00:00Z,blm_miles-city_Miles City District,Miles City,EVI,2609.638457750316
2022-05-17T06:00:00Z,blm_miles-city_Miles City District,Miles City,NDVI,4037.9338074033276
2022-05-17T06:00:00Z,blm_malta_Malta District,Malta,EVI,2075.3469881488368
2022-05-17T06:00:00Z,blm_malta_Malta District,Malta,NDVI,3151.276332121817
2022-05-17T06:00:00Z,blm_lewistown_Lewistown District,Lewistown,EVI,2697.0438798226814
2022-05-17T06:00:00Z,blm_lewistown_Lewistown District,Lewistown,NDVI,4217.777532332384
2022-05-17T06:00:00Z,blm_missoula_Missoula District,Missoula,EVI,3028.035098051949
2022-05-17T06:00:00Z,blm_missoula_Missoula District,Missoula,NDVI,5477.962502093207
2022-05-17T06:00:00Z,blm_butte_Butte District,Butte,EVI,2660.6788931126575
2022-05-17T06:00:00Z,blm_butte_Butte District,Butte,NDVI,4383.050203102369
2022-05-17T06:00:00Z,blm_dillon_Dillon District,Dillon,EVI,2198.088414570019
2022-05-17T06:00:00Z,blm_dillon_Dillon District,Dillon,NDVI,3419.795391709458
2022-06-02T06:00:00Z,blm_billings_Billings District,Billings,EVI,3437.054960618683
2022-06-02T06:00:00Z,blm_billings_Billings District,Billings,NDVI,5417.065772503857
2022-06-02T06:00:00Z,blm_miles-city_Miles City District,Miles City,EVI,2929.3341488216865
2022-06-02T06:00:00Z,blm_miles-city_Miles City District,Miles City,NDVI,4784.422659745154
2022-06-02T06:00:00Z,blm_malta_Malta District,Malta,EVI,2387.9200691422766
2022-06-02T06:00:00Z,blm_malta_Malta District,Malta,NDVI,3682.7190371541337
2022-06-02T06:00:00Z,blm_lewistown_Lewistown District,Lewistown,EVI,3260.9805850086664
2022-06-02T06:00:00Z,blm_lewistown_Lewistown District,Lewistown,NDVI,5177.311664763701
2022-06-02T06:00:00Z,blm_missoula_Missoula District,Missoula,EVI,3351.660466762224
2022-06-02T06:00:00Z,blm_missoula_Missoula District,Missoula,NDVI,6499.926052340062
2022-06-02T06:00:00Z,blm_butte_Butte District,Butte,EVI,2980.051946762643
2022-06-02T06:00:00Z,blm_butte_Butte District,Butte,NDVI,5816.539194265015
2022-06-02T06:00:00Z,blm_dillon_Dillon District,Dillon,EVI,2785.7988434705417
2022-06-02T06:00:00Z,blm_dillon_Dillon District,Dillon,NDVI,5237.798541131629
2022-06-18T06:00:00Z,blm_billings_Billings District,Billings,EVI,3093.253696001562
2022-06-18T06:00:00Z,blm_billings_Billings District,Billings,NDVI,5075.125505450016
2022-06-18T06:00:00Z,blm_miles-city_Miles City District,Miles City,EVI,3227.0294320486405
2022-06-18T06:00:00Z,blm_miles-city_Miles City District,Miles City,NDVI,5038.248877380821
2022-06-18T06:00:00Z,blm_malta_Malta District,Malta,EVI,2698.092752682639
2022-06-18T06:00:00Z,blm_malta_Malta District,Malta,NDVI,4163.917496902092
2022-06-18T06:00:00Z,blm_lewistown_Lewistown District,Lewistown,EVI,2997.1931292322593
2022-06-18T06:00:00Z,blm_lewistown_Lewistown District,Lewistown,NDVI,5001.974313880252
2022-06-18T06:00:00Z,blm_missoula_Missoula District,Missoula,EVI,3468.629078659728
2022-06-18T06:00:00Z,blm_missoula_Missoula District,Missoula,NDVI,6653.550612813477
2022-06-18T06:00:00Z,blm_butte_Butte District,Butte,EVI,3056.4879737834676
2022-06-18T06:00:00Z,blm_butte_Butte District,Butte,NDVI,5745.8630305434035
2022-06-18T06:00:00Z,blm_dillon_Dillon District,Dillon,EVI,2997.376807156505
2022-06-18T06:00:00Z,blm_dillon_Dillon District,Dillon,NDVI,5283.3877949041735
2022-07-04T06:00:00Z,blm_billings_Billings District,Billings,EVI,2914.0806408264098
2022-07-04T06:00:00Z,blm_billings_Billings District,Billings,NDVI,4748.433229166623
2022-07-04T06:00:00Z,blm_miles-city_Miles City District,Miles City,EVI,2877.4389031654487
2022-07-04T06:00:00Z,blm_miles-city_Miles City District,Miles City,NDVI,4690.959315718189
2022-07-04T06:00:00Z,blm_malta_Malta District,Malta,EVI,2608.733311164361
2022-07-04T06:00:00Z,blm_malta_Malta District,Malta,NDVI,4251.670430830603
2022-07-04T06:00:00Z,blm_lewistown_Lewistown District,Lewistown,EVI,2946.8592922957732
2022-07-04T06:00:00Z,blm_lewistown_Lewistown District,Lewistown,NDVI,5094.129998020378
2022-07-04T06:00:00Z,blm_missoula_Missoula District,Missoula,EVI,3681.0108372686127
2022-07-04T06:00:00Z,blm_missoula_Missoula District,Missoula,NDVI,6843.537485861782
2022-07-04T06:00:00Z,blm_butte_Butte District,Butte,EVI,3220.403735103171
2022-07-04T06:00:00Z,blm_butte_Butte District,Butte,NDVI,5694.736390026947
2022-07-04T06:00:00Z,blm_dillon_Dillon District,Dillon,EVI,3113.570642381434
2022-07-04T06:00:00Z,blm_dillon_Dillon District,Dillon,NDVI,5309.26831053378
2022-07-20T06:00:00Z,blm_billings_Billings District,Billings,EVI,2441.2931715230147
2022-07-20T06:00:00Z,blm_billings_Billings District,Billings,NDVI,3960.546430280773
2022-07-20T06:00:00Z,blm_miles-city_Miles City District,Miles City,EVI,2564.7841057232426
2022-07-20T06:00:00Z,blm_miles-city_Miles City District,Miles City,NDVI,3984.6634158815773
2022-07-20T06:00:00Z,blm_malta_Malta District,Malta,EVI,2277.844139506782
2022-07-20T06:00:00Z,blm_malta_Malta District,Malta,NDVI,3639.399300043966
2022-07-20T06:00:00Z,blm_lewistown_Lewistown District,Lewistown,EVI,2632.49403682275
2022-07-20T06:00:00Z,blm_lewistown_Lewistown District,Lewistown,NDVI,4448.5219913964465
2022-07-20T06:00:00Z,blm_missoula_Missoula District,Missoula,EVI,3465.034338916702
2022-07-20T06:00:00Z,blm_missoula_Missoula District,Missoula,NDVI,6763.18447801585
2022-07-20T06:00:00Z,blm_butte_Butte District,Butte,EVI,2949.08070575795
2022-07-20T06:00:00Z,blm_butte_Butte District,Butte,NDVI,5422.204270336183
2022-07-20T06:00:00Z,blm_dillon_Dillon District,Dillon,EVI,2861.855172206277
2022-07-20T06:00:00Z,blm_dillon_Dillon District,Dillon,NDVI,4975.346784343824
2022-08-05T06:00:00Z,blm_billings_Billings District,Billings,EVI,2110.463051287536
2022-08-05T06:00:00Z,blm_billings_Billings District,Billings,NDVI,3699.676963092203
2022-08-05T06:00:00Z,blm_miles-city_Miles City District,Miles City,EVI,2000.850703867153
2022-08-05T06:00:00Z,blm_miles-city_Miles City District,Miles City,NDVI,3274.2103472974914
2022-08-05T06:00:00Z,blm_malta_Malta District,Malta,EVI,1881.7034394843993
2022-08-05T06:00:00Z,blm_malta_Malta District,Malta,NDVI,3057.8450533681253
2022-08-05T06:00:00Z,blm_lewistown_Lewistown District,Lewistown,EVI,2238.9857242881076
2022-08-05T06:00:00Z,blm_lewistown_Lewistown District,Lewistown,NDVI,4003.803010152939
2022-08-05T06:00:00Z,blm_missoula_Missoula District,Missoula,EVI,3169.020621612759
2022-08-05T06:00:00Z,blm_missoula_Missoula District,Missoula,NDVI,6587.402630873776
2022-08-05T06:00:00Z,blm_butte_Butte District,Butte,EVI,2569.8784907172
2022-08-05T06:00:00Z,blm_butte_Butte District,Butte,NDVI,5144.6160157558425
2022-08-05T06:00:00Z,blm_dillon_Dillon District,Dillon,EVI,2481.199393851167
2022-08-05T06:00:00Z,blm_dillon_Dillon District,Dillon,NDVI,4845.484713859029
2022-08-21T06:00:00Z,blm_billings_Billings District,Billings,EVI,1996.7857629999908
2022-08-21T06:00:00Z,blm_billings_Billings District,Billings,NDVI,3411.819366205882
2022-08-21T06:00:00Z,blm_miles-city_Miles City District,Miles City,EVI,1843.1778128708793
2022-08-21T06:00:00Z,blm_miles-city_Miles City District,Miles City,NDVI,2999.8558285933163
2022-08-21T06:00:00Z,blm_malta_Malta District,Malta,EVI,1714.790436235619
2022-08-21T06:00:00Z,blm_malta_Malta District,Malta,NDVI,2774.536392079809
2022-08-21T06:00:00Z,blm_lewistown_Lewistown District,Lewistown,EVI,2047.5269903545523
2022-08-21T06:00:00Z,blm_lewistown_Lewistown District,Lewistown,NDVI,3675.8922029428513
2022-08-21T06:00:00Z,blm_missoula_Missoula District,Missoula,EVI,2929.8764658195114
2022-08-21T06:00:00Z,blm_missoula_Missoula District,Missoula,NDVI,6439.007496579378
2022-08-21T06:00:00Z,blm_butte_Butte District,Butte,EVI,2398.7757496659756
2022-08-21T06:00:00Z,blm_butte_Butte District,Butte,NDVI,4833.437270093511
2022-08-21T06:00:00Z,blm_dillon_Dillon District,Dillon,EVI,2222.9783387814177
2022-08-21T06:00:00Z,blm_dillon_Dillon District,Dillon,NDVI,4385.327868173906
2022-09-06T06:00:00Z,blm_billings_Billings District,Billings,EVI,1813.4371690753514
2022-09-06T06:00:00Z,blm_billings_Billings District,Billings,NDVI,3288.0292178330965
2022-09-06T06:00:00Z,blm_miles-city_Miles City District,Miles City,EVI,1629.2352004202785
2022-09-06T06:00:00Z,blm_miles-city_Miles City District,Miles City,NDVI,2874.073603954989
2022-09-06T06:00:00Z,blm_malta_Malta District,Malta,EVI,1604.7208315447924
2022-09-06T06:00:00Z,blm_malta_Malta District,Malta,NDVI,2667.45927056936
2022-09-06T06:00:00Z,blm_lewistown_Lewistown District,Lewistown,EVI,1900.5805480936128
2022-09-06T06:00:00Z,blm_lewistown_Lewistown District,Lewistown,NDVI,3523.856997097064
2022-09-06T06:00:00Z,blm_missoula_Missoula District,Missoula,EVI,2861.538091268224
2022-09-06T06:00:00Z,blm_missoula_Missoula District,Missoula,NDVI,6389.181001856081
2022-09-06T06:00:00Z,blm_butte_Butte District,Butte,EVI,2317.994345575467
2022-09-06T06:00:00Z,blm_butte_Butte District,Butte,NDVI,4751.947410205979
2022-09-06T06:00:00Z,blm_dillon_Dillon District,Dillon,EVI,2060.1165867851837
2022-09-06T06:00:00Z,blm_dillon_Dillon District,Dillon,NDVI,4102.810178263457
2022-09-22T06:00:00Z,blm_billings_Billings District,Billings,EVI,1847.6626695451591
2022-09-22T06:00:00Z,blm_billings_Billings District,Billings,NDVI,3303.9612358628356
2022-09-22T06:00:00Z,blm_miles-city_Miles City District,Miles City,EVI,1554.3223473396863
2022-09-22T06:00:00Z,blm_miles-city_Miles City District,Miles City,NDVI,2888.1925464626065
2022-09-22T06:00:00Z,blm_malta_Malta District,Malta,EVI,1548.8171144303772
2022-09-22T06:00:00Z,blm_malta_Malta District,Malta,NDVI,2653.9766377624774
2022-09-22T06:00:00Z,blm_lewistown_Lewistown District,Lewistown,EVI,1876.055611491518
2022-09-22T06:00:00Z,blm_lewistown_Lewistown District,Lewistown,NDVI,3630.6677647745646
2022-09-22T06:00:00Z,blm_missoula_Missoula District,Missoula,EVI,2601.3646727422706
2022-09-22T06:00:00Z,blm_missoula_Missoula District,Missoula,NDVI,6192.448414505391
2022-09-22T06:00:00Z,blm_butte_Butte District,Butte,EVI,2125.95076258184
2022-09-22T06:00:00Z,blm_butte_Butte District,Butte,NDVI,4788.102916538609
2022-09-22T06:00:00Z,blm_dillon_Dillon District,Dillon,EVI,1927.8445192462507
2022-09-22T06:00:00Z,blm_dillon_Dillon District,Dillon,NDVI,4146.377916963688
2022-10-08T06:00:00Z,blm_billings_Billings District,Billings,EVI,1808.986675960727
2022-10-08T06:00:00Z,blm_billings_Billings District,Billings,NDVI,3610.3692635817465
2022-10-08T06:00:00Z,blm_miles-city_Miles City District,Miles City,EVI,1474.6352206631004
2022-10-08T06:00:00Z,blm_miles-city_Miles City District,Miles City,NDVI,2794.07615377558
2022-10-08T06:00:00Z,blm_malta_Malta District,Malta,EVI,1381.776554912679
2022-10-08T06:00:00Z,blm_malta_Malta District,Malta,NDVI,2593.884601973519
2022-10-08T06:00:00Z,blm_lewistown_Lewistown District,Lewistown,EVI,1899.247871999158
2022-10-08T06:00:00Z,blm_lewistown_Lewistown District,Lewistown,NDVI,3954.621990567865
2022-10-08T06:00:00Z,blm_missoula_Missoula District,Missoula,EVI,2500.6870328298305
2022-10-08T06:00:00Z,blm_missoula_Missoula District,Missoula,NDVI,6064.635267814684
2022-10-08T06:00:00Z,blm_butte_Butte District,Butte,EVI,2075.512207791428
2022-10-08T06:00:00Z,blm_butte_Butte District,Butte,NDVI,4803.776243274508
2022-10-08T06:00:00Z,blm_dillon_Dillon District,Dillon,EVI,1800.5110522853195
2022-10-08T06:00:00Z,blm_dillon_Dillon District,Dillon,NDVI,4089.5361022820607
2022-10-24T06:00:00Z,blm_billings_Billings District,Billings,EVI,1797.2260210299316
2022-10-24T06:00:00Z,blm_billings_Billings District,Billings,NDVI,3421.001793075987
2022-10-24T06:00:00Z,blm_miles-city_Miles City District,Miles City,EVI,1406.6552379875975
2022-10-24T06:00:00Z,blm_miles-city_Miles City District,Miles City,NDVI,2781.072094368543
2022-10-24T06:00:00Z,blm_malta_Malta District,Malta,EVI,1346.2412493305285
2022-10-24T06:00:00Z,blm_malta_Malta District,Malta,NDVI,2552.9099192498184
2022-10-24T06:00:00Z,blm_lewistown_Lewistown District,Lewistown,EVI,1866.7734273722767
2022-10-24T06:00:00Z,blm_lewistown_Lewistown District,Lewistown,NDVI,3559.3822721556667
2022-10-24T06:00:00Z,blm_missoula_Missoula District,Missoula,EVI,2274.3218839227275
2022-10-24T06:00:00Z,blm_missoula_Missoula District,Missoula,NDVI,5074.647186061852
2022-10-24T06:00:00Z,blm_butte_Butte District,Butte,EVI,1966.3550999342096
2022-10-24T06:00:00Z,blm_butte_Butte District,Butte,NDVI,3985.3070755164404
2022-10-24T06:00:00Z,blm_dillon_Dillon District,Dillon,EVI,1785.1967559473105
2022-10-24T06:00:00Z,blm_dillon_Dillon District,Dillon,NDVI,3332.862719239218
2022-11-09T07:00:00Z,blm_billings_Billings District,Billings,EVI,2324.8951093951096
2022-11-09T07:00:00Z,blm_billings_Billings District,Billings,NDVI,3890.7454954954956
2022-11-09T07:00:00Z,blm_miles-city_Miles City District,Miles City,EVI,1631.2123359715642
2022-11-09T07:00:00Z,blm_miles-city_Miles City District,Miles City,NDVI,2323.1014019877575
2022-11-09T07:00:00Z,blm_malta_Malta District,Malta,EVI,NA
2022-11-09T07:00:00Z,blm_malta_Malta District,Malta,NDVI,NA
2022-11-09T07:00:00Z,blm_lewistown_Lewistown District,Lewistown,EVI,669.1356033452807
2022-11-09T07:00:00Z,blm_lewistown_Lewistown District,Lewistown,NDVI,4240.46385902031
2022-11-09T07:00:00Z,blm_missoula_Missoula District,Missoula,EVI,2430.906898318033
2022-11-09T07:00:00Z,blm_missoula_Missoula District,Missoula,NDVI,5849.157350274612
2022-11-09T07:00:00Z,blm_butte_Butte District,Butte,EVI,917.5806451612904
2022-11-09T07:00:00Z,blm_butte_Butte District,Butte,NDVI,2901.548387096774
2022-11-09T07:00:00Z,blm_dillon_Dillon District,Dillon,EVI,NA
2022-11-09T07:00:00Z,blm_dillon_Dillon District,Dillon,NDVI,NA
2022-11-25T07:00:00Z,blm_billings_Billings District,Billings,EVI,1548.021410828624
2022-11-25T07:00:00Z,blm_billings_Billings District,Billings,NDVI,2672.5765515767607
2022-11-25T07:00:00Z,blm_miles-city_Miles City District,Miles City,EVI,1329.962658184009
2022-11-25T07:00:00Z,blm_miles-city_Miles City District,Miles City,NDVI,2297.2956774355594
2022-11-25T07:00:00Z,blm_malta_Malta District,Malta,EVI,1349.8471863073855
2022-11-25T07:00:00Z,blm_malta_Malta District,Malta,NDVI,2324.2127678365946
2022-11-25T07:00:00Z,blm_lewistown_Lewistown District,Lewistown,EVI,1684.7797975108347
2022-11-25T07:00:00Z,blm_lewistown_Lewistown District,Lewistown,NDVI,2884.1451802117313
2022-11-25T07:00:00Z,blm_missoula_Missoula District,Missoula,EVI,1651.2216935239865
2022-11-25T07:00:00Z,blm_missoula_Missoula District,Missoula,NDVI,4579.9643218488345
2022-11-25T07:00:00Z,blm_butte_Butte District,Butte,EVI,NA
2022-11-25T07:00:00Z,blm_butte_Butte District,Butte,NDVI,NA
2022-11-25T07:00:00Z,blm_dillon_Dillon District,Dillon,EVI,NA
2022-11-25T07:00:00Z,blm_dillon_Dillon District,Dillon,NDVI,NA
2022-12-11T07:00:00Z,blm_billings_Billings District,Billings,EVI,NA
2022-12-11T07:00:00Z,blm_billings_Billings District,Billings,NDVI,NA
2022-12-11T07:00:00Z,blm_miles-city_Miles City District,Miles City,EVI,1388.4048625792811
2022-12-11T07:00:00Z,blm_miles-city_Miles City District,Miles City,NDVI,2197.864693446089
2022-12-11T07:00:00Z,blm_malta_Malta District,Malta,EVI,NA
2022-12-11T07:00:00Z,blm_malta_Malta District,Malta,NDVI,NA
2022-12-11T07:00:00Z,blm_lewistown_Lewistown District,Lewistown,EVI,NA
2022-12-11T07:00:00Z,blm_lewistown_Lewistown District,Lewistown,NDVI,NA
2022-12-11T07:00:00Z,blm_missoula_Missoula District,Missoula,EVI,1042.1412142483757
2022-12-11T07:00:00Z,blm_missoula_Missoula District,Missoula,NDVI,2825.7481517437086
2022-12-11T07:00:00Z,blm_butte_Butte District,Butte,EVI,498.24863252113374
2022-12-11T07:00:00Z,blm_butte_Butte District,Butte,NDVI,1280.1364992541025
2022-12-11T07:00:00Z,blm_dillon_Dillon District,Dillon,EVI,NA
2022-12-11T07:00:00Z,blm_dillon_Dillon District,Dillon,NDVI,NA
2022-12-27T07:00:00Z,blm_billings_Billings District,Billings,EVI,1375.7805147529148
2022-12-27T07:00:00Z,blm_billings_Billings District,Billings,NDVI,2412.9361200304484
2022-12-27T07:00:00Z,blm_miles-city_Miles City District,Miles City,EVI,1050.1545980508904
2022-12-27T07:00:00Z,blm_miles-city_Miles City District,Miles City,NDVI,1844.7298208091884
2022-12-27T07:00:00Z,blm_malta_Malta District,Malta,EVI,1328.7037096893878
2022-12-27T07:00:00Z,blm_malta_Malta District,Malta,NDVI,2473.245425289519
2022-12-27T07:00:00Z,blm_lewistown_Lewistown District,Lewistown,EVI,1537.3225650765985
2022-12-27T07:00:00Z,blm_lewistown_Lewistown District,Lewistown,NDVI,2727.3203855373795
2022-12-27T07:00:00Z,blm_missoula_Missoula District,Missoula,EVI,1893.4245460208715
2022-12-27T07:00:00Z,blm_missoula_Missoula District,Missoula,NDVI,3568.6532541517317
2022-12-27T07:00:00Z,blm_butte_Butte District,Butte,EVI,1442.967673696254
2022-12-27T07:00:00Z,blm_butte_Butte District,Butte,NDVI,2378.5614462986755
2022-12-27T07:00:00Z,blm_dillon_Dillon District,Dillon,EVI,1564.6739389278753
2022-12-27T07:00:00Z,blm_dillon_Dillon District,Dillon,NDVI,2370.9773847588344
2023-01-09T07:00:00Z,blm_billings_Billings District,Billings,EVI,1393.8680349727101
2023-01-09T07:00:00Z,blm_billings_Billings District,Billings,NDVI,2438.236876262427
2023-01-09T07:00:00Z,blm_miles-city_Miles City District,Miles City,EVI,1192.3646646547043
2023-01-09T07:00:00Z,blm_miles-city_Miles City District,Miles City,NDVI,2153.542965631263
2023-01-09T07:00:00Z,blm_malta_Malta District,Malta,EVI,1137.6864895273968
2023-01-09T07:00:00Z,blm_malta_Malta District,Malta,NDVI,2249.7702544476597
2023-01-09T07:00:00Z,blm_lewistown_Lewistown District,Lewistown,EVI,1429.8530921367476
2023-01-09T07:00:00Z,blm_lewistown_Lewistown District,Lewistown,NDVI,2609.5197471832307
2023-01-09T07:00:00Z,blm_missoula_Missoula District,Missoula,EVI,2439.4870184767337
2023-01-09T07:00:00Z,blm_missoula_Missoula District,Missoula,NDVI,5652.908992321281
2023-01-09T07:00:00Z,blm_butte_Butte District,Butte,EVI,1401.8325097794668
2023-01-09T07:00:00Z,blm_butte_Butte District,Butte,NDVI,2355.947009007946
2023-01-09T07:00:00Z,blm_dillon_Dillon District,Dillon,EVI,1627.3345844187697
2023-01-09T07:00:00Z,blm_dillon_Dillon District,Dillon,NDVI,2403.665528736202
2023-01-25T07:00:00Z,blm_billings_Billings District,Billings,EVI,1227.6259702585012
2023-01-25T07:00:00Z,blm_billings_Billings District,Billings,NDVI,2415.956912566861
2023-01-25T07:00:00Z,blm_miles-city_Miles City District,Miles City,EVI,1078.966525460194
2023-01-25T07:00:00Z,blm_miles-city_Miles City District,Miles City,NDVI,2179.276685913579
2023-01-25T07:00:00Z,blm_malta_Malta District,Malta,EVI,1309.369012689761
2023-01-25T07:00:00Z,blm_malta_Malta District,Malta,NDVI,2353.30185386835
2023-01-25T07:00:00Z,blm_lewistown_Lewistown District,Lewistown,EVI,1310.9316682007784
2023-01-25T07:00:00Z,blm_lewistown_Lewistown District,Lewistown,NDVI,2465.268628803623
2023-01-25T07:00:00Z,blm_missoula_Missoula District,Missoula,EVI,1459.2585585585587
2023-01-25T07:00:00Z,blm_missoula_Missoula District,Missoula,NDVI,3879.50373608903
2023-01-25T07:00:00Z,blm_butte_Butte District,Butte,EVI,1566.3705441605134
2023-01-25T07:00:00Z,blm_butte_Butte District,Butte,NDVI,2345.969905368679
2023-01-25T07:00:00Z,blm_dillon_Dillon District,Dillon,EVI,1816.3367748279252
2023-01-25T07:00:00Z,blm_dillon_Dillon District,Dillon,NDVI,2279.975417895772
2023-02-10T07:00:00Z,blm_billings_Billings District,Billings,EVI,1231.3872099894954
2023-02-10T07:00:00Z,blm_billings_Billings District,Billings,NDVI,2268.456093105678
2023-02-10T07:00:00Z,blm_miles-city_Miles City District,Miles City,EVI,1080.200997710743
2023-02-10T07:00:00Z,blm_miles-city_Miles City District,Miles City,NDVI,1972.4803117707868
2023-02-10T07:00:00Z,blm_malta_Malta District,Malta,EVI,1053.111286919951
2023-02-10T07:00:00Z,blm_malta_Malta District,Malta,NDVI,1964.311800541013
2023-02-10T07:00:00Z,blm_lewistown_Lewistown District,Lewistown,EVI,1225.0788483557133
2023-02-10T07:00:00Z,blm_lewistown_Lewistown District,Lewistown,NDVI,2274.063536838415
2023-02-10T07:00:00Z,blm_missoula_Missoula District,Missoula,EVI,1934.6082489057444
2023-02-10T07:00:00Z,blm_missoula_Missoula District,Missoula,NDVI,3755.3964769598147
2023-02-10T07:00:00Z,blm_butte_Butte District,Butte,EVI,1388.4852131745104
2023-02-10T07:00:00Z,blm_butte_Butte District,Butte,NDVI,2229.9954835408007
2023-02-10T07:00:00Z,blm_dillon_Dillon District,Dillon,EVI,1597.1587403100868
2023-02-10T07:00:00Z,blm_dillon_Dillon District,Dillon,NDVI,2334.839770901921
2023-02-26T07:00:00Z,blm_billings_Billings District,Billings,EVI,1155.9967971063036
2023-02-26T07:00:00Z,blm_billings_Billings District,Billings,NDVI,1828.4553629324885
2023-02-26T07:00:00Z,blm_miles-city_Miles City District,Miles City,EVI,959.5149980845387
2023-02-26T07:00:00Z,blm_miles-city_Miles City District,Miles City,NDVI,1953.3174052632598
2023-02-26T07:00:00Z,blm_malta_Malta District,Malta,EVI,1184.6199816519108
2023-02-26T07:00:00Z,blm_malta_Malta District,Malta,NDVI,2053.1972167093672
2023-02-26T07:00:00Z,blm_lewistown_Lewistown District,Lewistown,EVI,1426.6720748776545
2023-02-26T07:00:00Z,blm_lewistown_Lewistown District,Lewistown,NDVI,2319.9057986124217
2023-02-26T07:00:00Z,blm_missoula_Missoula District,Missoula,EVI,1751.3533051404688
2023-02-26T07:00:00Z,blm_missoula_Missoula District,Missoula,NDVI,2795.553611658193
2023-02-26T07:00:00Z,blm_butte_Butte District,Butte,EVI,1467.343306279532
2023-02-26T07:00:00Z,blm_butte_Butte District,Butte,NDVI,2223.46130330524
2023-02-26T07:00:00Z,blm_dillon_Dillon District,Dillon,EVI,1434.2317591005128
2023-02-26T07:00:00Z,blm_dillon_Dillon District,Dillon,NDVI,2072.566041133331
2023-03-14T06:00:00Z,blm_billings_Billings District,Billings,EVI,1138.385725644653
2023-03-14T06:00:00Z,blm_billings_Billings District,Billings,NDVI,2169.4922985392955
2023-03-14T06:00:00Z,blm_miles-city_Miles City District,Miles City,EVI,1034.4614995771976
2023-03-14T06:00:00Z,blm_miles-city_Miles City District,Miles City,NDVI,1984.9658176215469
2023-03-14T06:00:00Z,blm_malta_Malta District,Malta,EVI,1149.5137875977737
2023-03-14T06:00:00Z,blm_malta_Malta District,Malta,NDVI,2376.769409158115
2023-03-14T06:00:00Z,blm_lewistown_Lewistown District,Lewistown,EVI,1266.6060325324756
2023-03-14T06:00:00Z,blm_lewistown_Lewistown District,Lewistown,NDVI,2354.9532607758983
2023-03-14T06:00:00Z,blm_missoula_Missoula District,Missoula,EVI,1971.7576586049636
2023-03-14T06:00:00Z,blm_missoula_Missoula District,Missoula,NDVI,4026.9536471882725
2023-03-14T06:00:00Z,blm_butte_Butte District,Butte,EVI,1300.3275296940217
2023-03-14T06:00:00Z,blm_butte_Butte District,Butte,NDVI,2134.5908161845723
2023-03-14T06:00:00Z,blm_dillon_Dillon District,Dillon,EVI,1402.756340723769
2023-03-14T06:00:00Z,blm_dillon_Dillon District,Dillon,NDVI,2083.2121786664293
2023-03-30T06:00:00Z,blm_billings_Billings District,Billings,EVI,1328.9626315481007
2023-03-30T06:00:00Z,blm_billings_Billings District,Billings,NDVI,2385.3292300496364
2023-03-30T06:00:00Z,blm_miles-city_Miles City District,Miles City,EVI,1262.0106922487967
2023-03-30T06:00:00Z,blm_miles-city_Miles City District,Miles City,NDVI,2192.863539366491
2023-03-30T06:00:00Z,blm_malta_Malta District,Malta,EVI,1039.3632859846687
2023-03-30T06:00:00Z,blm_malta_Malta District,Malta,NDVI,2035.6642840000136
2023-03-30T06:00:00Z,blm_lewistown_Lewistown District,Lewistown,EVI,1329.268393259835
2023-03-30T06:00:00Z,blm_lewistown_Lewistown District,Lewistown,NDVI,2495.1496434215196
2023-03-30T06:00:00Z,blm_missoula_Missoula District,Missoula,EVI,1950.950654120846
2023-03-30T06:00:00Z,blm_missoula_Missoula District,Missoula,NDVI,3907.4585934523975
2023-03-30T06:00:00Z,blm_butte_Butte District,Butte,EVI,1349.9489347579056
2023-03-30T06:00:00Z,blm_butte_Butte District,Butte,NDVI,2533.4272121553927
2023-03-30T06:00:00Z,blm_dillon_Dillon District,Dillon,EVI,1358.2811984494135
2023-03-30T06:00:00Z,blm_dillon_Dillon District,Dillon,NDVI,2019.8075665448634
2023-04-15T06:00:00Z,blm_billings_Billings District,Billings,EVI,1795.39622585169
2023-04-15T06:00:00Z,blm_billings_Billings District,Billings,NDVI,3081.7091824987097
2023-04-15T06:00:00Z,blm_miles-city_Miles City District,Miles City,EVI,1561.404321616624
2023-04-15T06:00:00Z,blm_miles-city_Miles City District,Miles City,NDVI,2649.3484726498086
2023-04-15T06:00:00Z,blm_malta_Malta District,Malta,EVI,1383.8682498372812
2023-04-15T06:00:00Z,blm_malta_Malta District,Malta,NDVI,2382.3159461878377
2023-04-15T06:00:00Z,blm_lewistown_Lewistown District,Lewistown,EVI,1899.8145315859038
2023-04-15T06:00:00Z,blm_lewistown_Lewistown District,Lewistown,NDVI,3325.9150896862507
2023-04-15T06:00:00Z,blm_missoula_Missoula District,Missoula,EVI,2326.8261419616633
2023-04-15T06:00:00Z,blm_missoula_Missoula District,Missoula,NDVI,5133.067498072541
2023-04-15T06:00:00Z,blm_butte_Butte District,Butte,EVI,1634.6123851910534
2023-04-15T06:00:00Z,blm_butte_Butte District,Butte,NDVI,3147.977055948851
2023-04-15T06:00:00Z,blm_dillon_Dillon District,Dillon,EVI,1453.6963797413691
2023-04-15T06:00:00Z,blm_dillon_Dillon District,Dillon,NDVI,2481.8913942859876
2023-05-01T06:00:00Z,blm_billings_Billings District,Billings,EVI,2091.476798278258
2023-05-01T06:00:00Z,blm_billings_Billings District,Billings,NDVI,3763.1648103578927
2023-05-01T06:00:00Z,blm_miles-city_Miles City District,Miles City,EVI,1962.3663331550501
2023-05-01T06:00:00Z,blm_miles-city_Miles City District,Miles City,NDVI,3330.5899190351993
2023-05-01T06:00:00Z,blm_malta_Malta District,Malta,EVI,1762.2760561840785
2023-05-01T06:00:00Z,blm_malta_Malta District,Malta,NDVI,3115.39947749743
2023-05-01T06:00:00Z,blm_lewistown_Lewistown District,Lewistown,EVI,2284.541238851628
2023-05-01T06:00:00Z,blm_lewistown_Lewistown District,Lewistown,NDVI,4136.275584947798
2023-05-01T06:00:00Z,blm_missoula_Missoula District,Missoula,EVI,2756.226327336364
2023-05-01T06:00:00Z,blm_missoula_Missoula District,Missoula,NDVI,6085.234952327664
2023-05-01T06:00:00Z,blm_butte_Butte District,Butte,EVI,2091.9522544742695
2023-05-01T06:00:00Z,blm_butte_Butte District,Butte,NDVI,4007.560731415754
2023-05-01T06:00:00Z,blm_dillon_Dillon District,Dillon,EVI,1948.3359551951146
2023-05-01T06:00:00Z,blm_dillon_Dillon District,Dillon,NDVI,3347.836091061161
2023-05-17T06:00:00Z,blm_billings_Billings District,Billings,EVI,3109.6401906949877
2023-05-17T06:00:00Z,blm_billings_Billings District,Billings,NDVI,5186.837672648548
2023-05-17T06:00:00Z,blm_miles-city_Miles City District,Miles City,EVI,2776.61236761526
2023-05-17T06:00:00Z,blm_miles-city_Miles City District,Miles City,NDVI,4633.590848851533
2023-05-17T06:00:00Z,blm_malta_Malta District,Malta,EVI,2545.5498249981692
2023-05-17T06:00:00Z,blm_malta_Malta District,Malta,NDVI,4346.219020416532
2023-05-17T06:00:00Z,blm_lewistown_Lewistown District,Lewistown,EVI,3325.647089821363
2023-05-17T06:00:00Z,blm_lewistown_Lewistown District,Lewistown,NDVI,5797.025924537319
2023-05-17T06:00:00Z,blm_missoula_Missoula District,Missoula,EVI,3329.9510289396653
2023-05-17T06:00:00Z,blm_missoula_Missoula District,Missoula,NDVI,6774.735415998371
2023-05-17T06:00:00Z,blm_butte_Butte District,Butte,EVI,3009.8732704155836
2023-05-17T06:00:00Z,blm_butte_Butte District,Butte,NDVI,5293.495798567299
2023-05-17T06:00:00Z,blm_dillon_Dillon District,Dillon,EVI,2688.3113958096224
2023-05-17T06:00:00Z,blm_dillon_Dillon District,Dillon,NDVI,4649.240344463238
2023-06-02T06:00:00Z,blm_billings_Billings District,Billings,EVI,3644.347426526503
2023-06-02T06:00:00Z,blm_billings_Billings District,Billings,NDVI,5825.450361728862
2023-06-02T06:00:00Z,blm_miles-city_Miles City District,Miles City,EVI,2931.273399564496
2023-06-02T06:00:00Z,blm_miles-city_Miles City District,Miles City,NDVI,4851.8241875208305
2023-06-02T06:00:00Z,blm_malta_Malta District,Malta,EVI,3140.6136718730045
2023-06-02T06:00:00Z,blm_malta_Malta District,Malta,NDVI,5128.584757610322
2023-06-02T06:00:00Z,blm_lewistown_Lewistown District,Lewistown,EVI,3856.994765021451
2023-06-02T06:00:00Z,blm_lewistown_Lewistown District,Lewistown,NDVI,6301.499348079062
2023-06-02T06:00:00Z,blm_missoula_Missoula District,Missoula,EVI,3614.685415430196
2023-06-02T06:00:00Z,blm_missoula_Missoula District,Missoula,NDVI,6947.962622500958
2023-06-02T06:00:00Z,blm_butte_Butte District,Butte,EVI,3358.881459694732
2023-06-02T06:00:00Z,blm_butte_Butte District,Butte,NDVI,5913.7138233152355
2023-06-02T06:00:00Z,blm_dillon_Dillon District,Dillon,EVI,3102.7965590587833
2023-06-02T06:00:00Z,blm_dillon_Dillon District,Dillon,NDVI,5465.187608551257
2023-06-18T06:00:00Z,blm_billings_Billings District,Billings,EVI,3315.87798829057
2023-06-18T06:00:00Z,blm_billings_Billings District,Billings,NDVI,5691.932527621154
2023-06-18T06:00:00Z,blm_miles-city_Miles City District,Miles City,EVI,3097.830641193584
2023-06-18T06:00:00Z,blm_miles-city_Miles City District,Miles City,NDVI,4908.336196953964
2023-06-18T06:00:00Z,blm_malta_Malta District,Malta,EVI,3375.315422948356
2023-06-18T06:00:00Z,blm_malta_Malta District,Malta,NDVI,5321.4297843701
2023-06-18T06:00:00Z,blm_lewistown_Lewistown District,Lewistown,EVI,3871.0494998910995
2023-06-18T06:00:00Z,blm_lewistown_Lewistown District,Lewistown,NDVI,6359.519992888484
2023-06-18T06:00:00Z,blm_missoula_Missoula District,Missoula,EVI,3496.5404200910734
2023-06-18T06:00:00Z,blm_missoula_Missoula District,Missoula,NDVI,7022.211704713252
2023-06-18T06:00:00Z,blm_butte_Butte District,Butte,EVI,3183.0752790449474
2023-06-18T06:00:00Z,blm_butte_Butte District,Butte,NDVI,6220.893269539054
2023-06-18T06:00:00Z,blm_dillon_Dillon District,Dillon,EVI,3138.7336371594542
2023-06-18T06:00:00Z,blm_dillon_Dillon District,Dillon,NDVI,5843.074802562264
2023-07-04T06:00:00Z,blm_billings_Billings District,Billings,EVI,3208.576274924996
2023-07-04T06:00:00Z,blm_billings_Billings District,Billings,NDVI,5357.388622556005
2023-07-04T06:00:00Z,blm_miles-city_Miles City District,Miles City,EVI,2712.5414664810096
2023-07-04T06:00:00Z,blm_miles-city_Miles City District,Miles City,NDVI,4426.5333703671695
2023-07-04T06:00:00Z,blm_malta_Malta District,Malta,EVI,2790.2352634987988
2023-07-04T06:00:00Z,blm_malta_Malta District,Malta,NDVI,4397.467900831121
2023-07-04T06:00:00Z,blm_lewistown_Lewistown District,Lewistown,EVI,3397.7827905259264
2023-07-04T06:00:00Z,blm_lewistown_Lewistown District,Lewistown,NDVI,5553.091043429848
2023-07-04T06:00:00Z,blm_missoula_Missoula District,Missoula,EVI,3613.6128287518723
2023-07-04T06:00:00Z,blm_missoula_Missoula District,Missoula,NDVI,6808.850913914205
2023-07-04T06:00:00Z,blm_butte_Butte District,Butte,EVI,3320.0803845100613
2023-07-04T06:00:00Z,blm_butte_Butte District,Butte,NDVI,5877.978698977937
2023-07-04T06:00:00Z,blm_dillon_Dillon District,Dillon,EVI,3156.8713247555816
2023-07-04T06:00:00Z,blm_dillon_Dillon District,Dillon,NDVI,5430.405746876796
2023-07-20T06:00:00Z,blm_billings_Billings District,Billings,EVI,2942.9813061151435
2023-07-20T06:00:00Z,blm_billings_Billings District,Billings,NDVI,4724.089754465621
2023-07-20T06:00:00Z,blm_miles-city_Miles City District,Miles City,EVI,2292.201043240287
2023-07-20T06:00:00Z,blm_miles-city_Miles City District,Miles City,NDVI,3716.716043420468
2023-07-20T06:00:00Z,blm_malta_Malta District,Malta,EVI,2317.8167269633036
2023-07-20T06:00:00Z,blm_malta_Malta District,Malta,NDVI,3719.9856033666056
2023-07-20T06:00:00Z,blm_lewistown_Lewistown District,Lewistown,EVI,2898.415047573014
2023-07-20T06:00:00Z,blm_lewistown_Lewistown District,Lewistown,NDVI,4778.63686658417
2023-07-20T06:00:00Z,blm_missoula_Missoula District,Missoula,EVI,3333.1940367500983
2023-07-20T06:00:00Z,blm_missoula_Missoula District,Missoula,NDVI,6608.723732639313
2023-07-20T06:00:00Z,blm_butte_Butte District,Butte,EVI,3043.111352468542
2023-07-20T06:00:00Z,blm_butte_Butte District,Butte,NDVI,5718.100149721089
2023-07-20T06:00:00Z,blm_dillon_Dillon District,Dillon,EVI,2978.3188360956765
2023-07-20T06:00:00Z,blm_dillon_Dillon District,Dillon,NDVI,5289.175338200814
2023-08-05T06:00:00Z,blm_billings_Billings District,Billings,EVI,2423.5121922466656
2023-08-05T06:00:00Z,blm_billings_Billings District,Billings,NDVI,4325.835665767025
2023-08-05T06:00:00Z,blm_miles-city_Miles City District,Miles City,EVI,1927.7809515092595
2023-08-05T06:00:00Z,blm_miles-city_Miles City District,Miles City,NDVI,3404.2283636320217
2023-08-05T06:00:00Z,blm_malta_Malta District,Malta,EVI,1939.777243341624
2023-08-05T06:00:00Z,blm_malta_Malta District,Malta,NDVI,3098.4135685804495
2023-08-05T06:00:00Z,blm_lewistown_Lewistown District,Lewistown,EVI,2371.538228058207
2023-08-05T06:00:00Z,blm_lewistown_Lewistown District,Lewistown,NDVI,4336.014403246674
2023-08-05T06:00:00Z,blm_missoula_Missoula District,Missoula,EVI,3018.8882409918206
2023-08-05T06:00:00Z,blm_missoula_Missoula District,Missoula,NDVI,6459.0950691876715
2023-08-05T06:00:00Z,blm_butte_Butte District,Butte,EVI,2680.174210366418
2023-08-05T06:00:00Z,blm_butte_Butte District,Butte,NDVI,5459.925821835723
2023-08-05T06:00:00Z,blm_dillon_Dillon District,Dillon,EVI,2556.585109395276
2023-08-05T06:00:00Z,blm_dillon_Dillon District,Dillon,NDVI,5131.526731419521
2023-08-21T06:00:00Z,blm_billings_Billings District,Billings,EVI,2239.6544589568953
2023-08-21T06:00:00Z,blm_billings_Billings District,Billings,NDVI,3980.9350376007956
2023-08-21T06:00:00Z,blm_miles-city_Miles City District,Miles City,EVI,1797.8481718730304
2023-08-21T06:00:00Z,blm_miles-city_Miles City District,Miles City,NDVI,3154.367800381222
2023-08-21T06:00:00Z,blm_malta_Malta District,Malta,EVI,1753.6094143692872
2023-08-21T06:00:00Z,blm_malta_Malta District,Malta,NDVI,2936.0553025842714
2023-08-21T06:00:00Z,blm_lewistown_Lewistown District,Lewistown,EVI,2213.7704845455637
2023-08-21T06:00:00Z,blm_lewistown_Lewistown District,Lewistown,NDVI,4086.9658527215142
2023-08-21T06:00:00Z,blm_missoula_Missoula District,Missoula,EVI,3050.9902552814215
2023-08-21T06:00:00Z,blm_missoula_Missoula District,Missoula,NDVI,6406.186766461088
2023-08-21T06:00:00Z,blm_butte_Butte District,Butte,EVI,2676.401718220008
2023-08-21T06:00:00Z,blm_butte_Butte District,Butte,NDVI,5356.19779494644
2023-08-21T06:00:00Z,blm_dillon_Dillon District,Dillon,EVI,2622.036608769589
2023-08-21T06:00:00Z,blm_dillon_Dillon District,Dillon,NDVI,4898.17569761826
2023-09-06T06:00:00Z,blm_billings_Billings District,Billings,EVI,2069.9067666234623
2023-09-06T06:00:00Z,blm_billings_Billings District,Billings,NDVI,3828.412855332682
2023-09-06T06:00:00Z,blm_miles-city_Miles City District,Miles City,EVI,1767.0489150437834
2023-09-06T06:00:00Z,blm_miles-city_Miles City District,Miles City,NDVI,3091.701839684362
2023-09-06T06:00:00Z,blm_malta_Malta District,Malta,EVI,1730.840858312742
2023-09-06T06:00:00Z,blm_malta_Malta District,Malta,NDVI,2888.0219902190775
2023-09-06T06:00:00Z,blm_lewistown_Lewistown District,Lewistown,EVI,2097.965941621593
2023-09-06T06:00:00Z,blm_lewistown_Lewistown District,Lewistown,NDVI,4031.675924480698
2023-09-06T06:00:00Z,blm_missoula_Missoula District,Missoula,EVI,2986.9269678858664
2023-09-06T06:00:00Z,blm_missoula_Missoula District,Missoula,NDVI,6210.161178674755
2023-09-06T06:00:00Z,blm_butte_Butte District,Butte,EVI,2420.5167151353166
2023-09-06T06:00:00Z,blm_butte_Butte District,Butte,NDVI,5305.081008375223
2023-09-06T06:00:00Z,blm_dillon_Dillon District,Dillon,EVI,2418.079139715943
2023-09-06T06:00:00Z,blm_dillon_Dillon District,Dillon,NDVI,4817.238114528137
2023-09-22T06:00:00Z,blm_billings_Billings District,Billings,EVI,1973.5299775057176
2023-09-22T06:00:00Z,blm_billings_Billings District,Billings,NDVI,4024.916604131366
2023-09-22T06:00:00Z,blm_miles-city_Miles City District,Miles City,EVI,1684.6794246543616
2023-09-22T06:00:00Z,blm_miles-city_Miles City District,Miles City,NDVI,3365.911330973245
2023-09-22T06:00:00Z,blm_malta_Malta District,Malta,EVI,1564.3968017799612
2023-09-22T06:00:00Z,blm_malta_Malta District,Malta,NDVI,2981.117136945618
2023-09-22T06:00:00Z,blm_lewistown_Lewistown District,Lewistown,EVI,2056.515221880668
2023-09-22T06:00:00Z,blm_lewistown_Lewistown District,Lewistown,NDVI,4118.306084270865
2023-09-22T06:00:00Z,blm_missoula_Missoula District,Missoula,EVI,2514.5048163949846
2023-09-22T06:00:00Z,blm_missoula_Missoula District,Missoula,NDVI,6067.792188671591
2023-09-22T06:00:00Z,blm_butte_Butte District,Butte,EVI,2401.102888032475
2023-09-22T06:00:00Z,blm_butte_Butte District,Butte,NDVI,5118.702049144178
2023-09-22T06:00:00Z,blm_dillon_Dillon District,Dillon,EVI,2229.845485427476
2023-09-22T06:00:00Z,blm_dillon_Dillon District,Dillon,NDVI,4598.000676983695
2023-10-08T06:00:00Z,blm_billings_Billings District,Billings,EVI,1988.495904380059
2023-10-08T06:00:00Z,blm_billings_Billings District,Billings,NDVI,3961.097079244955
2023-10-08T06:00:00Z,blm_miles-city_Miles City District,Miles City,EVI,1745.1323083318855
2023-10-08T06:00:00Z,blm_miles-city_Miles City District,Miles City,NDVI,3523.7565165266287
2023-10-08T06:00:00Z,blm_malta_Malta District,Malta,EVI,1631.475334503231
2023-10-08T06:00:00Z,blm_malta_Malta District,Malta,NDVI,2908.7968200812384
2023-10-08T06:00:00Z,blm_lewistown_Lewistown District,Lewistown,EVI,2110.232856312352
2023-10-08T06:00:00Z,blm_lewistown_Lewistown District,Lewistown,NDVI,4185.734466628979
2023-10-08T06:00:00Z,blm_missoula_Missoula District,Missoula,EVI,2303.0208436138123
2023-10-08T06:00:00Z,blm_missoula_Missoula District,Missoula,NDVI,5954.807855300004
2023-10-08T06:00:00Z,blm_butte_Butte District,Butte,EVI,2097.9025989400343
2023-10-08T06:00:00Z,blm_butte_Butte District,Butte,NDVI,5072.199949683212
2023-10-08T06:00:00Z,blm_dillon_Dillon District,Dillon,EVI,1935.282058021459
2023-10-08T06:00:00Z,blm_dillon_Dillon District,Dillon,NDVI,4363.006337192739
2023-10-24T06:00:00Z,blm_billings_Billings District,Billings,EVI,1702.917412600977
2023-10-24T06:00:00Z,blm_billings_Billings District,Billings,NDVI,3555.553856210271
2023-10-24T06:00:00Z,blm_miles-city_Miles City District,Miles City,EVI,1633.8139800327235
2023-10-24T06:00:00Z,blm_miles-city_Miles City District,Miles City,NDVI,3302.0181919759148
2023-10-24T06:00:00Z,blm_malta_Malta District,Malta,EVI,1372.538048657315
2023-10-24T06:00:00Z,blm_malta_Malta District,Malta,NDVI,2829.1283744842685
2023-10-24T06:00:00Z,blm_lewistown_Lewistown District,Lewistown,EVI,1879.939707908916
2023-10-24T06:00:00Z,blm_lewistown_Lewistown District,Lewistown,NDVI,3679.052691481749
2023-10-24T06:00:00Z,blm_missoula_Missoula District,Missoula,EVI,2265.8639224407357
2023-10-24T06:00:00Z,blm_missoula_Missoula District,Missoula,NDVI,5883.622639754671
2023-10-24T06:00:00Z,blm_butte_Butte District,Butte,EVI,2023.8039388094749
2023-10-24T06:00:00Z,blm_butte_Butte District,Butte,NDVI,3900.9936546678246
2023-10-24T06:00:00Z,blm_dillon_Dillon District,Dillon,EVI,1986.0673978368936
2023-10-24T06:00:00Z,blm_dillon_Dillon District,Dillon,NDVI,3422.33903603212
2023-11-09T07:00:00Z,blm_billings_Billings District,Billings,EVI,1725.7463802531202
2023-11-09T07:00:00Z,blm_billings_Billings District,Billings,NDVI,3378.900455844373
2023-11-09T07:00:00Z,blm_miles-city_Miles City District,Miles City,EVI,1569.74949689341
2023-11-09T07:00:00Z,blm_miles-city_Miles City District,Miles City,NDVI,3173.560539704223
2023-11-09T07:00:00Z,blm_malta_Malta District,Malta,EVI,1363.6912940515888
2023-11-09T07:00:00Z,blm_malta_Malta District,Malta,NDVI,2707.1039349484836
2023-11-09T07:00:00Z,blm_lewistown_Lewistown District,Lewistown,EVI,1814.2148594753287
2023-11-09T07:00:00Z,blm_lewistown_Lewistown District,Lewistown,NDVI,3688.6888115943975
2023-11-09T07:00:00Z,blm_missoula_Missoula District,Missoula,EVI,2321.2451113309617
2023-11-09T07:00:00Z,blm_missoula_Missoula District,Missoula,NDVI,5755.373484719242
2023-11-09T07:00:00Z,blm_butte_Butte District,Butte,EVI,1888.167892775345
2023-11-09T07:00:00Z,blm_butte_Butte District,Butte,NDVI,4492.821763685676
2023-11-09T07:00:00Z,blm_dillon_Dillon District,Dillon,EVI,1663.6390951343215
2023-11-09T07:00:00Z,blm_dillon_Dillon District,Dillon,NDVI,3705.7891867936864
2023-11-25T07:00:00Z,blm_billings_Billings District,Billings,EVI,1543.1747217717866
2023-11-25T07:00:00Z,blm_billings_Billings District,Billings,NDVI,3129.038549664179
2023-11-25T07:00:00Z,blm_miles-city_Miles City District,Miles City,EVI,1392.2881384120622
2023-11-25T07:00:00Z,blm_miles-city_Miles City District,Miles City,NDVI,2784.508399011457
2023-11-25T07:00:00Z,blm_malta_Malta District,Malta,EVI,1247.673076052643
2023-11-25T07:00:00Z,blm_malta_Malta District,Malta,NDVI,2509.09387324472
2023-11-25T07:00:00Z,blm_lewistown_Lewistown District,Lewistown,EVI,1665.7351032270842
2023-11-25T07:00:00Z,blm_lewistown_Lewistown District,Lewistown,NDVI,3289.8835835622613
2023-11-25T07:00:00Z,blm_missoula_Missoula District,Missoula,EVI,2167.385616762692
2023-11-25T07:00:00Z,blm_missoula_Missoula District,Missoula,NDVI,5544.674674737274
2023-11-25T07:00:00Z,blm_butte_Butte District,Butte,EVI,1876.8037389200679
2023-11-25T07:00:00Z,blm_butte_Butte District,Butte,NDVI,4088.1916027222173
2023-11-25T07:00:00Z,blm_dillon_Dillon District,Dillon,EVI,1620.0851897626353
2023-11-25T07:00:00Z,blm_dillon_Dillon District,Dillon,NDVI,3355.1939422968376
2023-12-11T07:00:00Z,blm_billings_Billings District,Billings,EVI,1507.2436570984023
2023-12-11T07:00:00Z,blm_billings_Billings District,Billings,NDVI,2996.5534177174363
2023-12-11T07:00:00Z,blm_miles-city_Miles City District,Miles City,EVI,1352.5860655763825
2023-12-11T07:00:00Z,blm_miles-city_Miles City District,Miles City,NDVI,2657.402975999427
2023-12-11T07:00:00Z,blm_malta_Malta District,Malta,EVI,1236.4519341431956
2023-12-11T07:00:00Z,blm_malta_Malta District,Malta,NDVI,2403.72493295099
2023-12-11T07:00:00Z,blm_lewistown_Lewistown District,Lewistown,EVI,1604.3484790152431
2023-12-11T07:00:00Z,blm_lewistown_Lewistown District,Lewistown,NDVI,3162.576649843434
2023-12-11T07:00:00Z,blm_missoula_Missoula District,Missoula,EVI,2070.3918683199086
2023-12-11T07:00:00Z,blm_missoula_Missoula District,Missoula,NDVI,5255.363633775738
2023-12-11T07:00:00Z,blm_butte_Butte District,Butte,EVI,1707.1092683918644
2023-12-11T07:00:00Z,blm_butte_Butte District,Butte,NDVI,3719.1038592144387
2023-12-11T07:00:00Z,blm_dillon_Dillon District,Dillon,EVI,1422.9320142170843
2023-12-11T07:00:00Z,blm_dillon_Dillon District,Dillon,NDVI,2790.9190619151414
2023-12-27T07:00:00Z,blm_billings_Billings District,Billings,EVI,1422.1198265366188
2023-12-27T07:00:00Z,blm_billings_Billings District,Billings,NDVI,2702.8474402812694
2023-12-27T07:00:00Z,blm_miles-city_Miles City District,Miles City,EVI,1315.148683156582
2023-12-27T07:00:00Z,blm_miles-city_Miles City District,Miles City,NDVI,2502.110442409914
2023-12-27T07:00:00Z,blm_malta_Malta District,Malta,EVI,1196.5511876872642
2023-12-27T07:00:00Z,blm_malta_Malta District,Malta,NDVI,2313.310809962172
2023-12-27T07:00:00Z,blm_lewistown_Lewistown District,Lewistown,EVI,1478.328492308881
2023-12-27T07:00:00Z,blm_lewistown_Lewistown District,Lewistown,NDVI,2968.02781198185
2023-12-27T07:00:00Z,blm_missoula_Missoula District,Missoula,EVI,2025.3383356394024
2023-12-27T07:00:00Z,blm_missoula_Missoula District,Missoula,NDVI,4890.497532823688
2023-12-27T07:00:00Z,blm_butte_Butte District,Butte,EVI,1617.9358969405075
2023-12-27T07:00:00Z,blm_butte_Butte District,Butte,NDVI,3668.595032893032
2023-12-27T07:00:00Z,blm_dillon_Dillon District,Dillon,EVI,1386.8325854384661
2023-12-27T07:00:00Z,blm_dillon_Dillon District,Dillon,NDVI,2615.46977204507
2024-01-09T07:00:00Z,blm_billings_Billings District,Billings,EVI,1306.6166464068178
2024-01-09T07:00:00Z,blm_billings_Billings District,Billings,NDVI,2171.095619986411
2024-01-09T07:00:00Z,blm_miles-city_Miles City District,Miles City,EVI,1343.0903783031367
2024-01-09T07:00:00Z,blm_miles-city_Miles City District,Miles City,NDVI,2457.9639619017703
2024-01-09T07:00:00Z,blm_malta_Malta District,Malta,EVI,1193.0225595280037
2024-01-09T07:00:00Z,blm_malta_Malta District,Malta,NDVI,2345.4745460326612
2024-01-09T07:00:00Z,blm_lewistown_Lewistown District,Lewistown,EVI,1413.129395181775
2024-01-09T07:00:00Z,blm_lewistown_Lewistown District,Lewistown,NDVI,2546.4259428445666
2024-01-09T07:00:00Z,blm_missoula_Missoula District,Missoula,EVI,1678.6917944392565
2024-01-09T07:00:00Z,blm_missoula_Missoula District,Missoula,NDVI,3355.131532969847
2024-01-09T07:00:00Z,blm_butte_Butte District,Butte,EVI,1450.0437346346566
2024-01-09T07:00:00Z,blm_butte_Butte District,Butte,NDVI,2370.6405417551982
2024-01-09T07:00:00Z,blm_dillon_Dillon District,Dillon,EVI,1516.3438227006566
2024-01-09T07:00:00Z,blm_dillon_Dillon District,Dillon,NDVI,2234.849420655408
2024-01-25T07:00:00Z,blm_billings_Billings District,Billings,EVI,NA
2024-01-25T07:00:00Z,blm_billings_Billings District,Billings,NDVI,NA
2024-01-25T07:00:00Z,blm_miles-city_Miles City District,Miles City,EVI,NA
2024-01-25T07:00:00Z,blm_miles-city_Miles City District,Miles City,NDVI,NA
2024-01-25T07:00:00Z,blm_malta_Malta District,Malta,EVI,NA
2024-01-25T07:00:00Z,blm_malta_Malta District,Malta,NDVI,NA
2024-01-25T07:00:00Z,blm_lewistown_Lewistown District,Lewistown,EVI,NA
2024-01-25T07:00:00Z,blm_lewistown_Lewistown District,Lewistown,NDVI,NA
2024-01-25T07:00:00Z,blm_missoula_Missoula District,Missoula,EVI,1646
2024-01-25T07:00:00Z,blm_missoula_Missoula District,Missoula,NDVI,3235
2024-01-25T07:00:00Z,blm_butte_Butte District,Butte,EVI,NA
2024-01-25T07:00:00Z,blm_butte_Butte District,Butte,NDVI,NA
2024-01-25T07:00:00Z,blm_dillon_Dillon District,Dillon,EVI,1401.3473146179208
2024-01-25T07:00:00Z,blm_dillon_Dillon District,Dillon,NDVI,2305.308765289998
2024-02-10T07:00:00Z,blm_billings_Billings District,Billings,EVI,1291.4473085144045
2024-02-10T07:00:00Z,blm_billings_Billings District,Billings,NDVI,2503.9344892583626
2024-02-10T07:00:00Z,blm_miles-city_Miles City District,Miles City,EVI,1190.0092156465073
2024-02-10T07:00:00Z,blm_miles-city_Miles City District,Miles City,NDVI,2377.741268907236
2024-02-10T07:00:00Z,blm_malta_Malta District,Malta,EVI,1079.7862813561849
2024-02-10T07:00:00Z,blm_malta_Malta District,Malta,NDVI,2227.208174953481
2024-02-10T07:00:00Z,blm_lewistown_Lewistown District,Lewistown,EVI,1121.3144340454683
2024-02-10T07:00:00Z,blm_lewistown_Lewistown District,Lewistown,NDVI,2257.3069669088845
2024-02-10T07:00:00Z,blm_missoula_Missoula District,Missoula,EVI,2138.8600052227584
2024-02-10T07:00:00Z,blm_missoula_Missoula District,Missoula,NDVI,5477.125838560203
2024-02-10T07:00:00Z,blm_butte_Butte District,Butte,EVI,1384.4501601127736
2024-02-10T07:00:00Z,blm_butte_Butte District,Butte,NDVI,2497.2307186009693
2024-02-10T07:00:00Z,blm_dillon_Dillon District,Dillon,EVI,1450.301319655137
2024-02-10T07:00:00Z,blm_dillon_Dillon District,Dillon,NDVI,2317.719914867157
2024-02-26T07:00:00Z,blm_billings_Billings District,Billings,EVI,1374.3722177013954
2024-02-26T07:00:00Z,blm_billings_Billings District,Billings,NDVI,2470.3999057547308
2024-02-26T07:00:00Z,blm_miles-city_Miles City District,Miles City,EVI,1283.499161606764
2024-02-26T07:00:00Z,blm_miles-city_Miles City District,Miles City,NDVI,2399.610193600682
2024-02-26T07:00:00Z,blm_malta_Malta District,Malta,EVI,1141.7717897577018
2024-02-26T07:00:00Z,blm_malta_Malta District,Malta,NDVI,2342.7466420770597
2024-02-26T07:00:00Z,blm_lewistown_Lewistown District,Lewistown,EVI,1321.308226938511
2024-02-26T07:00:00Z,blm_lewistown_Lewistown District,Lewistown,NDVI,2327.102208194684
2024-02-26T07:00:00Z,blm_missoula_Missoula District,Missoula,EVI,1806.4229394188174
2024-02-26T07:00:00Z,blm_missoula_Missoula District,Missoula,NDVI,3614.3105295362425
2024-02-26T07:00:00Z,blm_butte_Butte District,Butte,EVI,1271.6971412588757
2024-02-26T07:00:00Z,blm_butte_Butte District,Butte,NDVI,2128.6057015277647
2024-02-26T07:00:00Z,blm_dillon_Dillon District,Dillon,EVI,1240.0299453465136
2024-02-26T07:00:00Z,blm_dillon_Dillon District,Dillon,NDVI,1979.5507524111206
2024-03-13T06:00:00Z,blm_billings_Billings District,Billings,EVI,1403.1251642803165
2024-03-13T06:00:00Z,blm_billings_Billings District,Billings,NDVI,2657.2856921510174
2024-03-13T06:00:00Z,blm_miles-city_Miles City District,Miles City,EVI,1294.3223964626688
2024-03-13T06:00:00Z,blm_miles-city_Miles City District,Miles City,NDVI,2437.640094974184
2024-03-13T06:00:00Z,blm_malta_Malta District,Malta,EVI,1184.141150084636
2024-03-13T06:00:00Z,blm_malta_Malta District,Malta,NDVI,2379.163103832776
2024-03-13T06:00:00Z,blm_lewistown_Lewistown District,Lewistown,EVI,1411.390013005183
2024-03-13T06:00:00Z,blm_lewistown_Lewistown District,Lewistown,NDVI,2682.885579408345
2024-03-13T06:00:00Z,blm_missoula_Missoula District,Missoula,EVI,2102.4484273161997
2024-03-13T06:00:00Z,blm_missoula_Missoula District,Missoula,NDVI,4715.528442057479
2024-03-13T06:00:00Z,blm_butte_Butte District,Butte,EVI,1423.2206296545132
2024-03-13T06:00:00Z,blm_butte_Butte District,Butte,NDVI,2692.827863321578
2024-03-13T06:00:00Z,blm_dillon_Dillon District,Dillon,EVI,1247.494439426109
2024-03-13T06:00:00Z,blm_dillon_Dillon District,Dillon,NDVI,2150.2576023666134
2024-03-29T06:00:00Z,blm_billings_Billings District,Billings,EVI,1661.4460298003066
2024-03-29T06:00:00Z,blm_billings_Billings District,Billings,NDVI,3002.2902751655984
2024-03-29T06:00:00Z,blm_miles-city_Miles City District,Miles City,EVI,1539.4786699135336
2024-03-29T06:00:00Z,blm_miles-city_Miles City District,Miles City,NDVI,2825.5014128747166
2024-03-29T06:00:00Z,blm_malta_Malta District,Malta,EVI,1366.1278026250752
2024-03-29T06:00:00Z,blm_malta_Malta District,Malta,NDVI,2665.899422285443
2024-03-29T06:00:00Z,blm_lewistown_Lewistown District,Lewistown,EVI,1623.1935360556051
2024-03-29T06:00:00Z,blm_lewistown_Lewistown District,Lewistown,NDVI,3053.5864374372204
2024-03-29T06:00:00Z,blm_missoula_Missoula District,Missoula,EVI,2392.4471889126175
2024-03-29T06:00:00Z,blm_missoula_Missoula District,Missoula,NDVI,5132.9401968452485
2024-03-29T06:00:00Z,blm_butte_Butte District,Butte,EVI,1707.1739250539117
2024-03-29T06:00:00Z,blm_butte_Butte District,Butte,NDVI,3130.0319693888923
2024-03-29T06:00:00Z,blm_dillon_Dillon District,Dillon,EVI,1466.8441112325486
2024-03-29T06:00:00Z,blm_dillon_Dillon District,Dillon,NDVI,2436.491134896448
2024-04-14T06:00:00Z,blm_billings_Billings District,Billings,EVI,2033.4264573029811
2024-04-14T06:00:00Z,blm_billings_Billings District,Billings,NDVI,3540.4264643163287
2024-04-14T06:00:00Z,blm_miles-city_Miles City District,Miles City,EVI,1823.6903923990776
2024-04-14T06:00:00Z,blm_miles-city_Miles City District,Miles City,NDVI,3189.124369940079
2024-04-14T06:00:00Z,blm_malta_Malta District,Malta,EVI,1651.0425590579273
2024-04-14T06:00:00Z,blm_malta_Malta District,Malta,NDVI,3012.817415060649
2024-04-14T06:00:00Z,blm_lewistown_Lewistown District,Lewistown,EVI,2055.6959682898473
2024-04-14T06:00:00Z,blm_lewistown_Lewistown District,Lewistown,NDVI,3723.735155704242
2024-04-14T06:00:00Z,blm_missoula_Missoula District,Missoula,EVI,2590.406492310183
2024-04-14T06:00:00Z,blm_missoula_Missoula District,Missoula,NDVI,5504.876939806704
2024-04-14T06:00:00Z,blm_butte_Butte District,Butte,EVI,2114.607420733841
2024-04-14T06:00:00Z,blm_butte_Butte District,Butte,NDVI,4055.723742166204
2024-04-14T06:00:00Z,blm_dillon_Dillon District,Dillon,EVI,2027.5962555915587
2024-04-14T06:00:00Z,blm_dillon_Dillon District,Dillon,NDVI,3207.0785181124925
2024-04-30T06:00:00Z,blm_billings_Billings District,Billings,EVI,2391.1807945432347
2024-04-30T06:00:00Z,blm_billings_Billings District,Billings,NDVI,4183.731226302644
2024-04-30T06:00:00Z,blm_miles-city_Miles City District,Miles City,EVI,2222.2790236558512
2024-04-30T06:00:00Z,blm_miles-city_Miles City District,Miles City,NDVI,3843.0424437496695
2024-04-30T06:00:00Z,blm_malta_Malta District,Malta,EVI,2009.0483402746265
2024-04-30T06:00:00Z,blm_malta_Malta District,Malta,NDVI,3511.6788768350984
2024-04-30T06:00:00Z,blm_lewistown_Lewistown District,Lewistown,EVI,2392.784616808898
2024-04-30T06:00:00Z,blm_lewistown_Lewistown District,Lewistown,NDVI,4165.637619481999
2024-04-30T06:00:00Z,blm_missoula_Missoula District,Missoula,EVI,2888.5233385227034
2024-04-30T06:00:00Z,blm_missoula_Missoula District,Missoula,NDVI,6078.405322464159
2024-04-30T06:00:00Z,blm_butte_Butte District,Butte,EVI,2277.881980073764
2024-04-30T06:00:00Z,blm_butte_Butte District,Butte,NDVI,4454.322543405777
2024-04-30T06:00:00Z,blm_dillon_Dillon District,Dillon,EVI,2092.3105995484493
2024-04-30T06:00:00Z,blm_dillon_Dillon District,Dillon,NDVI,3980.9156563334254
2024-05-16T06:00:00Z,blm_billings_Billings District,Billings,EVI,3191.524843418142
2024-05-16T06:00:00Z,blm_billings_Billings District,Billings,NDVI,5044.422573575101
2024-05-16T06:00:00Z,blm_miles-city_Miles City District,Miles City,EVI,2811.990278664514
2024-05-16T06:00:00Z,blm_miles-city_Miles City District,Miles City,NDVI,4614.967453087939
2024-05-16T06:00:00Z,blm_malta_Malta District,Malta,EVI,2874.385639986467
2024-05-16T06:00:00Z,blm_malta_Malta District,Malta,NDVI,4541.563182543731
2024-05-16T06:00:00Z,blm_lewistown_Lewistown District,Lewistown,EVI,3299.455624540776
2024-05-16T06:00:00Z,blm_lewistown_Lewistown District,Lewistown,NDVI,5193.639066383262
2024-05-16T06:00:00Z,blm_missoula_Missoula District,Missoula,EVI,3336.467457100268
2024-05-16T06:00:00Z,blm_missoula_Missoula District,Missoula,NDVI,6175.576230575959
2024-05-16T06:00:00Z,blm_butte_Butte District,Butte,EVI,2675.7596562570084
2024-05-16T06:00:00Z,blm_butte_Butte District,Butte,NDVI,5171.98711136013
2024-05-16T06:00:00Z,blm_dillon_Dillon District,Dillon,EVI,2515.520524962378
2024-05-16T06:00:00Z,blm_dillon_Dillon District,Dillon,NDVI,4834.819877204019
2024-06-01T06:00:00Z,blm_billings_Billings District,Billings,EVI,3175.1488499845796
2024-06-01T06:00:00Z,blm_billings_Billings District,Billings,NDVI,5071.121290498891
2024-06-01T06:00:00Z,blm_miles-city_Miles City District,Miles City,EVI,2977.202023300022
2024-06-01T06:00:00Z,blm_miles-city_Miles City District,Miles City,NDVI,4848.245209487778
2024-06-01T06:00:00Z,blm_malta_Malta District,Malta,EVI,3096.2445332323127
2024-06-01T06:00:00Z,blm_malta_Malta District,Malta,NDVI,4701.7570360973
2024-06-01T06:00:00Z,blm_lewistown_Lewistown District,Lewistown,EVI,3431.070311894238
2024-06-01T06:00:00Z,blm_lewistown_Lewistown District,Lewistown,NDVI,5421.576879103848
2024-06-01T06:00:00Z,blm_missoula_Missoula District,Missoula,EVI,3139.622606254914
2024-06-01T06:00:00Z,blm_missoula_Missoula District,Missoula,NDVI,6614.375708466355
2024-06-01T06:00:00Z,blm_butte_Butte District,Butte,EVI,2910.9910917800044
2024-06-01T06:00:00Z,blm_butte_Butte District,Butte,NDVI,5553.148395484871
2024-06-01T06:00:00Z,blm_dillon_Dillon District,Dillon,EVI,2738.9635940910516
2024-06-01T06:00:00Z,blm_dillon_Dillon District,Dillon,NDVI,5232.567014963945
2024-06-17T06:00:00Z,blm_billings_Billings District,Billings,EVI,3111.321733635601
2024-06-17T06:00:00Z,blm_billings_Billings District,Billings,NDVI,5011.864054300784
2024-06-17T06:00:00Z,blm_miles-city_Miles City District,Miles City,EVI,2889.2890969699415
2024-06-17T06:00:00Z,blm_miles-city_Miles City District,Miles City,NDVI,4917.476935400189
2024-06-17T06:00:00Z,blm_malta_Malta District,Malta,EVI,3074.185967735638
2024-06-17T06:00:00Z,blm_malta_Malta District,Malta,NDVI,4882.193095208743
2024-06-17T06:00:00Z,blm_lewistown_Lewistown District,Lewistown,EVI,3411.9766653251063
2024-06-17T06:00:00Z,blm_lewistown_Lewistown District,Lewistown,NDVI,5640.441766577352
2024-06-17T06:00:00Z,blm_missoula_Missoula District,Missoula,EVI,3189.053375427757
2024-06-17T06:00:00Z,blm_missoula_Missoula District,Missoula,NDVI,6847.300435230267
2024-06-17T06:00:00Z,blm_butte_Butte District,Butte,EVI,3082.1797963943754
2024-06-17T06:00:00Z,blm_butte_Butte District,Butte,NDVI,5823.237061923452
2024-06-17T06:00:00Z,blm_dillon_Dillon District,Dillon,EVI,3063.8159256419417
2024-06-17T06:00:00Z,blm_dillon_Dillon District,Dillon,NDVI,5491.21174828769
2024-07-03T06:00:00Z,blm_billings_Billings District,Billings,EVI,2730.5029534813953
2024-07-03T06:00:00Z,blm_billings_Billings District,Billings,NDVI,4432.298270895526
2024-07-03T06:00:00Z,blm_miles-city_Miles City District,Miles City,EVI,2636.671074260002
2024-07-03T06:00:00Z,blm_miles-city_Miles City District,Miles City,NDVI,4253.397190860513
2024-07-03T06:00:00Z,blm_malta_Malta District,Malta,EVI,2957.7792399582277
2024-07-03T06:00:00Z,blm_malta_Malta District,Malta,NDVI,4737.540378932214
2024-07-03T06:00:00Z,blm_lewistown_Lewistown District,Lewistown,EVI,3246.171202628355
2024-07-03T06:00:00Z,blm_lewistown_Lewistown District,Lewistown,NDVI,5414.400408530412
2024-07-03T06:00:00Z,blm_missoula_Missoula District,Missoula,EVI,3534.288599664921
2024-07-03T06:00:00Z,blm_missoula_Missoula District,Missoula,NDVI,6766.842402018034
2024-07-03T06:00:00Z,blm_butte_Butte District,Butte,EVI,3294.492823079256
2024-07-03T06:00:00Z,blm_butte_Butte District,Butte,NDVI,5664.287701160046
2024-07-03T06:00:00Z,blm_dillon_Dillon District,Dillon,EVI,2975.2837687593023
2024-07-03T06:00:00Z,blm_dillon_Dillon District,Dillon,NDVI,5076.6427575529615
2024-07-19T06:00:00Z,blm_billings_Billings District,Billings,EVI,2270.442340138882
2024-07-19T06:00:00Z,blm_billings_Billings District,Billings,NDVI,3758.622772631542
2024-07-19T06:00:00Z,blm_miles-city_Miles City District,Miles City,EVI,1999.510777242158
2024-07-19T06:00:00Z,blm_miles-city_Miles City District,Miles City,NDVI,3339.3546156602774
2024-07-19T06:00:00Z,blm_malta_Malta District,Malta,EVI,2311.844395532863
2024-07-19T06:00:00Z,blm_malta_Malta District,Malta,NDVI,3638.3529358288524
2024-07-19T06:00:00Z,blm_lewistown_Lewistown District,Lewistown,EVI,2693.5333804403544
2024-07-19T06:00:00Z,blm_lewistown_Lewistown District,Lewistown,NDVI,4378.001262741136
2024-07-19T06:00:00Z,blm_missoula_Missoula District,Missoula,EVI,3448.762399415006
2024-07-19T06:00:00Z,blm_missoula_Missoula District,Missoula,NDVI,6473.266701616042
2024-07-19T06:00:00Z,blm_butte_Butte District,Butte,EVI,3130.2190401677008
2024-07-19T06:00:00Z,blm_butte_Butte District,Butte,NDVI,5141.700902863131
2024-07-19T06:00:00Z,blm_dillon_Dillon District,Dillon,EVI,2864.287611418878
2024-07-19T06:00:00Z,blm_dillon_Dillon District,Dillon,NDVI,4505.748155016243
2024-08-04T06:00:00Z,blm_billings_Billings District,Billings,EVI,2001.0696184859119
2024-08-04T06:00:00Z,blm_billings_Billings District,Billings,NDVI,3624.3499849434374
2024-08-04T06:00:00Z,blm_miles-city_Miles City District,Miles City,EVI,1837.8202153937445
2024-08-04T06:00:00Z,blm_miles-city_Miles City District,Miles City,NDVI,3103.414599626093
2024-08-04T06:00:00Z,blm_malta_Malta District,Malta,EVI,1884.2066342994997
2024-08-04T06:00:00Z,blm_malta_Malta District,Malta,NDVI,3299.150947993446
2024-08-04T06:00:00Z,blm_lewistown_Lewistown District,Lewistown,EVI,2174.026479934082
2024-08-04T06:00:00Z,blm_lewistown_Lewistown District,Lewistown,NDVI,4121.119892024093
2024-08-04T06:00:00Z,blm_missoula_Missoula District,Missoula,EVI,3100.9746785170337
2024-08-04T06:00:00Z,blm_missoula_Missoula District,Missoula,NDVI,6484.522602531295
2024-08-04T06:00:00Z,blm_butte_Butte District,Butte,EVI,2475.369632901039
2024-08-04T06:00:00Z,blm_butte_Butte District,Butte,NDVI,5323.534228858113
2024-08-04T06:00:00Z,blm_dillon_Dillon District,Dillon,EVI,2374.575971607052
2024-08-04T06:00:00Z,blm_dillon_Dillon District,Dillon,NDVI,4733.429369657201
2024-08-20T06:00:00Z,blm_billings_Billings District,Billings,EVI,1892.5146529155602
2024-08-20T06:00:00Z,blm_billings_Billings District,Billings,NDVI,3436.2820416198374
2024-08-20T06:00:00Z,blm_miles-city_Miles City District,Miles City,EVI,1708.3108822697652
2024-08-20T06:00:00Z,blm_miles-city_Miles City District,Miles City,NDVI,3054.5397678753643
2024-08-20T06:00:00Z,blm_malta_Malta District,Malta,EVI,1800.3801760287195
2024-08-20T06:00:00Z,blm_malta_Malta District,Malta,NDVI,3099.1231527456976
2024-08-20T06:00:00Z,blm_lewistown_Lewistown District,Lewistown,EVI,2075.481345902823
2024-08-20T06:00:00Z,blm_lewistown_Lewistown District,Lewistown,NDVI,3890.3333144225876
2024-08-20T06:00:00Z,blm_missoula_Missoula District,Missoula,EVI,2912.044552518024
2024-08-20T06:00:00Z,blm_missoula_Missoula District,Missoula,NDVI,6546.9708134439825
2024-08-20T06:00:00Z,blm_butte_Butte District,Butte,EVI,2290.1643066291813
2024-08-20T06:00:00Z,blm_butte_Butte District,Butte,NDVI,4960.416489242675
2024-08-20T06:00:00Z,blm_dillon_Dillon District,Dillon,EVI,2150.9787019938244
2024-08-20T06:00:00Z,blm_dillon_Dillon District,Dillon,NDVI,4414.8541052260325
2024-09-05T06:00:00Z,blm_billings_Billings District,Billings,EVI,1855.5115162795146
2024-09-05T06:00:00Z,blm_billings_Billings District,Billings,NDVI,3327.3441016459396
2024-09-05T06:00:00Z,blm_miles-city_Miles City District,Miles City,EVI,1637.02937417668
2024-09-05T06:00:00Z,blm_miles-city_Miles City District,Miles City,NDVI,2942.2431464767997
2024-09-05T06:00:00Z,blm_malta_Malta District,Malta,EVI,1704.7547349163171
2024-09-05T06:00:00Z,blm_malta_Malta District,Malta,NDVI,3051.9332610695437
2024-09-05T06:00:00Z,blm_lewistown_Lewistown District,Lewistown,EVI,2009.2080102446262
2024-09-05T06:00:00Z,blm_lewistown_Lewistown District,Lewistown,NDVI,3758.4990315747023
2024-09-05T06:00:00Z,blm_missoula_Missoula District,Missoula,EVI,2634.728718622609
2024-09-05T06:00:00Z,blm_missoula_Missoula District,Missoula,NDVI,6434.5332333860715
2024-09-05T06:00:00Z,blm_butte_Butte District,Butte,EVI,2322.2869935684053
2024-09-05T06:00:00Z,blm_butte_Butte District,Butte,NDVI,4743.438126927788
2024-09-05T06:00:00Z,blm_dillon_Dillon District,Dillon,EVI,2178.537443720707
2024-09-05T06:00:00Z,blm_dillon_Dillon District,Dillon,NDVI,4133.598572114751
2024-09-21T06:00:00Z,blm_billings_Billings District,Billings,EVI,1871.205297940853
2024-09-21T06:00:00Z,blm_billings_Billings District,Billings,NDVI,3581.960813687832
2024-09-21T06:00:00Z,blm_miles-city_Miles City District,Miles City,EVI,1603.6467883700793
2024-09-21T06:00:00Z,blm_miles-city_Miles City District,Miles City,NDVI,2949.778782684518
2024-09-21T06:00:00Z,blm_malta_Malta District,Malta,EVI,1786.2688404480648
2024-09-21T06:00:00Z,blm_malta_Malta District,Malta,NDVI,3222.9261877400204
2024-09-21T06:00:00Z,blm_lewistown_Lewistown District,Lewistown,EVI,2106.6837477397094
2024-09-21T06:00:00Z,blm_lewistown_Lewistown District,Lewistown,NDVI,4067.4043469039952
2024-09-21T06:00:00Z,blm_missoula_Missoula District,Missoula,EVI,2553.1279377827063
2024-09-21T06:00:00Z,blm_missoula_Missoula District,Missoula,NDVI,6204.657322643177
2024-09-21T06:00:00Z,blm_butte_Butte District,Butte,EVI,2069.653993858757
2024-09-21T06:00:00Z,blm_butte_Butte District,Butte,NDVI,4748.901905529838
2024-09-21T06:00:00Z,blm_dillon_Dillon District,Dillon,EVI,1811.1406719097524
2024-09-21T06:00:00Z,blm_dillon_Dillon District,Dillon,NDVI,4024.6905816051712
2024-10-07T06:00:00Z,blm_billings_Billings District,Billings,EVI,1903.4006967413436
2024-10-07T06:00:00Z,blm_billings_Billings District,Billings,NDVI,3496.498098492569
2024-10-07T06:00:00Z,blm_miles-city_Miles City District,Miles City,EVI,1523.623037149876
2024-10-07T06:00:00Z,blm_miles-city_Miles City District,Miles City,NDVI,2756.777446317498
2024-10-07T06:00:00Z,blm_malta_Malta District,Malta,EVI,1710.7995659124701
2024-10-07T06:00:00Z,blm_malta_Malta District,Malta,NDVI,3157.616540833421
2024-10-07T06:00:00Z,blm_lewistown_Lewistown District,Lewistown,EVI,2124.5120519470743
2024-10-07T06:00:00Z,blm_lewistown_Lewistown District,Lewistown,NDVI,4035.9732997748256
2024-10-07T06:00:00Z,blm_missoula_Missoula District,Missoula,EVI,2348.8697393825273
2024-10-07T06:00:00Z,blm_missoula_Missoula District,Missoula,NDVI,5984.827717223156
2024-10-07T06:00:00Z,blm_butte_Butte District,Butte,EVI,2029.5736674064565
2024-10-07T06:00:00Z,blm_butte_Butte District,Butte,NDVI,4657.613833004896
2024-10-07T06:00:00Z,blm_dillon_Dillon District,Dillon,EVI,1732.683578915295
2024-10-07T06:00:00Z,blm_dillon_Dillon District,Dillon,NDVI,3946.9174386019986
2024-10-23T06:00:00Z,blm_billings_Billings District,Billings,EVI,1824.5096764171126
2024-10-23T06:00:00Z,blm_billings_Billings District,Billings,NDVI,3416.2372375429486
2024-10-23T06:00:00Z,blm_miles-city_Miles City District,Miles City,EVI,1453.3899028923354
2024-10-23T06:00:00Z,blm_miles-city_Miles City District,Miles City,NDVI,2675.6415135516254
2024-10-23T06:00:00Z,blm_malta_Malta District,Malta,EVI,1636.0757373728704
2024-10-23T06:00:00Z,blm_malta_Malta District,Malta,NDVI,2899.9706380613725
2024-10-23T06:00:00Z,blm_lewistown_Lewistown District,Lewistown,EVI,1946.4644238032326
2024-10-23T06:00:00Z,blm_lewistown_Lewistown District,Lewistown,NDVI,3789.724787225955
2024-10-23T06:00:00Z,blm_missoula_Missoula District,Missoula,EVI,2238.528001224396
2024-10-23T06:00:00Z,blm_missoula_Missoula District,Missoula,NDVI,5570.563489645183
2024-10-23T06:00:00Z,blm_butte_Butte District,Butte,EVI,1968.0461274258562
2024-10-23T06:00:00Z,blm_butte_Butte District,Butte,NDVI,4598.820537664962
2024-10-23T06:00:00Z,blm_dillon_Dillon District,Dillon,EVI,1665.9277589634592
2024-10-23T06:00:00Z,blm_dillon_Dillon District,Dillon,NDVI,3765.404024226163
2024-11-08T07:00:00Z,blm_billings_Billings District,Billings,EVI,1679.801628528079
2024-11-08T07:00:00Z,blm_billings_Billings District,Billings,NDVI,3159.6163546036837
2024-11-08T07:00:00Z,blm_miles-city_Miles City District,Miles City,EVI,1323.2558219959483
2024-11-08T07:00:00Z,blm_miles-city_Miles City District,Miles City,NDVI,2550.0342577458046
2024-11-08T07:00:00Z,blm_malta_Malta District,Malta,EVI,1502.1045803053141
2024-11-08T07:00:00Z,blm_malta_Malta District,Malta,NDVI,2738.3629514738004
2024-11-08T07:00:00Z,blm_lewistown_Lewistown District,Lewistown,EVI,1816.886990251024
2024-11-08T07:00:00Z,blm_lewistown_Lewistown District,Lewistown,NDVI,3310.621820857145
2024-11-08T07:00:00Z,blm_missoula_Missoula District,Missoula,EVI,2130.255462300358
2024-11-08T07:00:00Z,blm_missoula_Missoula District,Missoula,NDVI,5234.031311053825
2024-11-08T07:00:00Z,blm_butte_Butte District,Butte,EVI,1926.238262799742
2024-11-08T07:00:00Z,blm_butte_Butte District,Butte,NDVI,3956.2223539945817
2024-11-08T07:00:00Z,blm_dillon_Dillon District,Dillon,EVI,1592.0516819231239
2024-11-08T07:00:00Z,blm_dillon_Dillon District,Dillon,NDVI,3215.6826328713832
2024-11-24T07:00:00Z,blm_billings_Billings District,Billings,EVI,1531.4745952810829
2024-11-24T07:00:00Z,blm_billings_Billings District,Billings,NDVI,2794.8516825643105
2024-11-24T07:00:00Z,blm_miles-city_Miles City District,Miles City,EVI,1235.1853510614203
2024-11-24T07:00:00Z,blm_miles-city_Miles City District,Miles City,NDVI,2387.6006019140927
2024-11-24T07:00:00Z,blm_malta_Malta District,Malta,EVI,1381.3208560600688
2024-11-24T07:00:00Z,blm_malta_Malta District,Malta,NDVI,5390.787945727284
2024-11-24T07:00:00Z,blm_lewistown_Lewistown District,Lewistown,EVI,1650.5672359684747
2024-11-24T07:00:00Z,blm_lewistown_Lewistown District,Lewistown,NDVI,2952.3985604248755
2024-11-24T07:00:00Z,blm_missoula_Missoula District,Missoula,EVI,1998.2814743080808
2024-11-24T07:00:00Z,blm_missoula_Missoula District,Missoula,NDVI,4871.757312455141
2024-11-24T07:00:00Z,blm_butte_Butte District,Butte,EVI,1706.7069824761804
2024-11-24T07:00:00Z,blm_butte_Butte District,Butte,NDVI,3356.6215070458957
2024-11-24T07:00:00Z,blm_dillon_Dillon District,Dillon,EVI,1356.7847728533288
2024-11-24T07:00:00Z,blm_dillon_Dillon District,Dillon,NDVI,2352.864443609077
2024-12-10T07:00:00Z,blm_billings_Billings District,Billings,EVI,1414.7067096245898
2024-12-10T07:00:00Z,blm_billings_Billings District,Billings,NDVI,2711.197531499439
2024-12-10T07:00:00Z,blm_miles-city_Miles City District,Miles City,EVI,1131.9752268963982
2024-12-10T07:00:00Z,blm_miles-city_Miles City District,Miles City,NDVI,2298.1708800549163
2024-12-10T07:00:00Z,blm_malta_Malta District,Malta,EVI,1326.70305373539
2024-12-10T07:00:00Z,blm_malta_Malta District,Malta,NDVI,2461.8393038364034
2024-12-10T07:00:00Z,blm_lewistown_Lewistown District,Lewistown,EVI,1536.3816682830907
2024-12-10T07:00:00Z,blm_lewistown_Lewistown District,Lewistown,NDVI,2873.359102759738
2024-12-10T07:00:00Z,blm_missoula_Missoula District,Missoula,EVI,2071.5767312565426
2024-12-10T07:00:00Z,blm_missoula_Missoula District,Missoula,NDVI,4125.671676195206
2024-12-10T07:00:00Z,blm_butte_Butte District,Butte,EVI,1555.0953640659186
2024-12-10T07:00:00Z,blm_butte_Butte District,Butte,NDVI,3065.077023113165
2024-12-10T07:00:00Z,blm_dillon_Dillon District,Dillon,EVI,1398.8543642231643
2024-12-10T07:00:00Z,blm_dillon_Dillon District,Dillon,NDVI,2374.155107626807
2024-12-26T07:00:00Z,blm_billings_Billings District,Billings,EVI,1367.0891535363369
2024-12-26T07:00:00Z,blm_billings_Billings District,Billings,NDVI,2620.71828452011
2024-12-26T07:00:00Z,blm_miles-city_Miles City District,Miles City,EVI,1170.3807779145982
2024-12-26T07:00:00Z,blm_miles-city_Miles City District,Miles City,NDVI,2330.9435526028396
2024-12-26T07:00:00Z,blm_malta_Malta District,Malta,EVI,1389.506635230148
2024-12-26T07:00:00Z,blm_malta_Malta District,Malta,NDVI,2487.1285874282553
2024-12-26T07:00:00Z,blm_lewistown_Lewistown District,Lewistown,EVI,1563.1723429064957
2024-12-26T07:00:00Z,blm_lewistown_Lewistown District,Lewistown,NDVI,2816.829330585762
2024-12-26T07:00:00Z,blm_missoula_Missoula District,Missoula,EVI,957.2806983001904
2024-12-26T07:00:00Z,blm_missoula_Missoula District,Missoula,NDVI,2640.4309247227143
2024-12-26T07:00:00Z,blm_butte_Butte District,Butte,EVI,1032.9053139021146
2024-12-26T07:00:00Z,blm_butte_Butte District,Butte,NDVI,2982.787294895421
2024-12-26T07:00:00Z,blm_dillon_Dillon District,Dillon,EVI,1159.2160655951552
2024-12-26T07:00:00Z,blm_dillon_Dillon District,Dillon,NDVI,1912.4253207151035
2025-01-09T07:00:00Z,blm_billings_Billings District,Billings,EVI,1301.908315565032
2025-01-09T07:00:00Z,blm_billings_Billings District,Billings,NDVI,1761.5407782515992
2025-01-09T07:00:00Z,blm_miles-city_Miles City District,Miles City,EVI,1212.8388009829926
2025-01-09T07:00:00Z,blm_miles-city_Miles City District,Miles City,NDVI,2145.3538283293574
2025-01-09T07:00:00Z,blm_malta_Malta District,Malta,EVI,1265.717722509901
2025-01-09T07:00:00Z,blm_malta_Malta District,Malta,NDVI,2333.840289651737
2025-01-09T07:00:00Z,blm_lewistown_Lewistown District,Lewistown,EVI,765.4221525600836
2025-01-09T07:00:00Z,blm_lewistown_Lewistown District,Lewistown,NDVI,3473.8257575757575
2025-01-09T07:00:00Z,blm_missoula_Missoula District,Missoula,EVI,2128.765607582731
2025-01-09T07:00:00Z,blm_missoula_Missoula District,Missoula,NDVI,6065.102039978937
2025-01-09T07:00:00Z,blm_butte_Butte District,Butte,EVI,NA
2025-01-09T07:00:00Z,blm_butte_Butte District,Butte,NDVI,NA
2025-01-09T07:00:00Z,blm_dillon_Dillon District,Dillon,EVI,1613.0132572579291
2025-01-09T07:00:00Z,blm_dillon_Dillon District,Dillon,NDVI,2317.0599093807687
2025-01-25T07:00:00Z,blm_billings_Billings District,Billings,EVI,1146.2091932073777
2025-01-25T07:00:00Z,blm_billings_Billings District,Billings,NDVI,1906.9812061025646
2025-01-25T07:00:00Z,blm_miles-city_Miles City District,Miles City,EVI,1068.3917998397144
2025-01-25T07:00:00Z,blm_miles-city_Miles City District,Miles City,NDVI,2071.7052038658708
2025-01-25T07:00:00Z,blm_malta_Malta District,Malta,EVI,1165.3944476852469
2025-01-25T07:00:00Z,blm_malta_Malta District,Malta,NDVI,2049.536435855616
2025-01-25T07:00:00Z,blm_lewistown_Lewistown District,Lewistown,EVI,1175.8513231595539
2025-01-25T07:00:00Z,blm_lewistown_Lewistown District,Lewistown,NDVI,1988.5566751498843
2025-01-25T07:00:00Z,blm_missoula_Missoula District,Missoula,EVI,2147.1284233824113
2025-01-25T07:00:00Z,blm_missoula_Missoula District,Missoula,NDVI,6425.829271994238
2025-01-25T07:00:00Z,blm_butte_Butte District,Butte,EVI,2395.1702127659573
2025-01-25T07:00:00Z,blm_butte_Butte District,Butte,NDVI,5401.085106382979
2025-01-25T07:00:00Z,blm_dillon_Dillon District,Dillon,EVI,1607.15305987866
2025-01-25T07:00:00Z,blm_dillon_Dillon District,Dillon,NDVI,2155.652367449222
2025-02-10T07:00:00Z,blm_billings_Billings District,Billings,EVI,1377.1738429489983
2025-02-10T07:00:00Z,blm_billings_Billings District,Billings,NDVI,2256.4200893384277
2025-02-10T07:00:00Z,blm_miles-city_Miles City District,Miles City,EVI,1268.8369609763379
2025-02-10T07:00:00Z,blm_miles-city_Miles City District,Miles City,NDVI,2212.4229066349217
2025-02-10T07:00:00Z,blm_malta_Malta District,Malta,EVI,1237.7978859944737
2025-02-10T07:00:00Z,blm_malta_Malta District,Malta,NDVI,2183.5662816908402
2025-02-10T07:00:00Z,blm_lewistown_Lewistown District,Lewistown,EVI,1299.4663013533416
2025-02-10T07:00:00Z,blm_lewistown_Lewistown District,Lewistown,NDVI,2222.428366577823
2025-02-10T07:00:00Z,blm_missoula_Missoula District,Missoula,EVI,1670.3981868898186
2025-02-10T07:00:00Z,blm_missoula_Missoula District,Missoula,NDVI,3414.291492329149
2025-02-10T07:00:00Z,blm_butte_Butte District,Butte,EVI,1539.9787090099285
2025-02-10T07:00:00Z,blm_butte_Butte District,Butte,NDVI,2138.3493715401946
2025-02-10T07:00:00Z,blm_dillon_Dillon District,Dillon,EVI,1675.8030021135194
2025-02-10T07:00:00Z,blm_dillon_Dillon District,Dillon,NDVI,2212.5898071222764
2025-02-26T07:00:00Z,blm_billings_Billings District,Billings,EVI,1147.5547748426382
2025-02-26T07:00:00Z,blm_billings_Billings District,Billings,NDVI,2191.768897922194
2025-02-26T07:00:00Z,blm_miles-city_Miles City District,Miles City,EVI,1047.3813599375437
2025-02-26T07:00:00Z,blm_miles-city_Miles City District,Miles City,NDVI,2081.516260798329
2025-02-26T07:00:00Z,blm_malta_Malta District,Malta,EVI,1187.4142531930254
2025-02-26T07:00:00Z,blm_malta_Malta District,Malta,NDVI,2235.7805500536033
2025-02-26T07:00:00Z,blm_lewistown_Lewistown District,Lewistown,EVI,1217.8963140703127
2025-02-26T07:00:00Z,blm_lewistown_Lewistown District,Lewistown,NDVI,2180.149717678134
2025-02-26T07:00:00Z,blm_missoula_Missoula District,Missoula,EVI,1967.0183204470725
2025-02-26T07:00:00Z,blm_missoula_Missoula District,Missoula,NDVI,4579.767659683054
2025-02-26T07:00:00Z,blm_butte_Butte District,Butte,EVI,1247.7890489848335
2025-02-26T07:00:00Z,blm_butte_Butte District,Butte,NDVI,2047.6733491538257
2025-02-26T07:00:00Z,blm_dillon_Dillon District,Dillon,EVI,1200.7777777158403
2025-02-26T07:00:00Z,blm_dillon_Dillon District,Dillon,NDVI,1900.933483862675
2025-03-14T06:00:00Z,blm_billings_Billings District,Billings,EVI,1471.6724384691354
2025-03-14T06:00:00Z,blm_billings_Billings District,Billings,NDVI,2521.9739024934825
2025-03-14T06:00:00Z,blm_miles-city_Miles City District,Miles City,EVI,1240.9232024629196
2025-03-14T06:00:00Z,blm_miles-city_Miles City District,Miles City,NDVI,2254.053267960427
2025-03-14T06:00:00Z,blm_malta_Malta District,Malta,EVI,1336.7863947303656
2025-03-14T06:00:00Z,blm_malta_Malta District,Malta,NDVI,2254.345245643425
2025-03-14T06:00:00Z,blm_lewistown_Lewistown District,Lewistown,EVI,1511.1611849243302
2025-03-14T06:00:00Z,blm_lewistown_Lewistown District,Lewistown,NDVI,2466.5674385618418
2025-03-14T06:00:00Z,blm_missoula_Missoula District,Missoula,EVI,1928.9876561956708
2025-03-14T06:00:00Z,blm_missoula_Missoula District,Missoula,NDVI,3929.9525677990623
2025-03-14T06:00:00Z,blm_butte_Butte District,Butte,EVI,1478.2873768899258
2025-03-14T06:00:00Z,blm_butte_Butte District,Butte,NDVI,2559.8436239949415
2025-03-14T06:00:00Z,blm_dillon_Dillon District,Dillon,EVI,1252.991198630047
2025-03-14T06:00:00Z,blm_dillon_Dillon District,Dillon,NDVI,2115.5242520357147
2025-03-30T06:00:00Z,blm_billings_Billings District,Billings,EVI,1697.0602426321998
2025-03-30T06:00:00Z,blm_billings_Billings District,Billings,NDVI,2878.5660966731557
2025-03-30T06:00:00Z,blm_miles-city_Miles City District,Miles City,EVI,1419.111179443661
2025-03-30T06:00:00Z,blm_miles-city_Miles City District,Miles City,NDVI,2429.905281408867
2025-03-30T06:00:00Z,blm_malta_Malta District,Malta,EVI,1434.2801729443047
2025-03-30T06:00:00Z,blm_malta_Malta District,Malta,NDVI,2416.365636081323
2025-03-30T06:00:00Z,blm_lewistown_Lewistown District,Lewistown,EVI,1677.6910376775922
2025-03-30T06:00:00Z,blm_lewistown_Lewistown District,Lewistown,NDVI,2813.7175728742855
2025-03-30T06:00:00Z,blm_missoula_Missoula District,Missoula,EVI,2436.3730470916944
2025-03-30T06:00:00Z,blm_missoula_Missoula District,Missoula,NDVI,5010.3859748833675
2025-03-30T06:00:00Z,blm_butte_Butte District,Butte,EVI,1659.4051023095622
2025-03-30T06:00:00Z,blm_butte_Butte District,Butte,NDVI,2991.233407293948
2025-03-30T06:00:00Z,blm_dillon_Dillon District,Dillon,EVI,1397.2413144481063
2025-03-30T06:00:00Z,blm_dillon_Dillon District,Dillon,NDVI,2365.387703038977
2025-04-15T06:00:00Z,blm_billings_Billings District,Billings,EVI,1968.8171572390997
2025-04-15T06:00:00Z,blm_billings_Billings District,Billings,NDVI,3269.099191047278
2025-04-15T06:00:00Z,blm_miles-city_Miles City District,Miles City,EVI,1706.75133794032
2025-04-15T06:00:00Z,blm_miles-city_Miles City District,Miles City,NDVI,2845.4067652960935
2025-04-15T06:00:00Z,blm_malta_Malta District,Malta,EVI,1767.8658445520846
2025-04-15T06:00:00Z,blm_malta_Malta District,Malta,NDVI,2799.195573548236
2025-04-15T06:00:00Z,blm_lewistown_Lewistown District,Lewistown,EVI,2001.3168561065158
2025-04-15T06:00:00Z,blm_lewistown_Lewistown District,Lewistown,NDVI,3418.2793458239794
2025-04-15T06:00:00Z,blm_missoula_Missoula District,Missoula,EVI,2385.2361025136806
2025-04-15T06:00:00Z,blm_missoula_Missoula District,Missoula,NDVI,5435.745488204799
2025-04-15T06:00:00Z,blm_butte_Butte District,Butte,EVI,1900.6869774554702
2025-04-15T06:00:00Z,blm_butte_Butte District,Butte,NDVI,3648.379573911272
2025-04-15T06:00:00Z,blm_dillon_Dillon District,Dillon,EVI,1682.3095054321323
2025-04-15T06:00:00Z,blm_dillon_Dillon District,Dillon,NDVI,2780.238506797018
2025-05-01T06:00:00Z,blm_billings_Billings District,Billings,EVI,2614.6546401205546
2025-05-01T06:00:00Z,blm_billings_Billings District,Billings,NDVI,4311.52213214935
2025-05-01T06:00:00Z,blm_miles-city_Miles City District,Miles City,EVI,2026.7418882681554
2025-05-01T06:00:00Z,blm_miles-city_Miles City District,Miles City,NDVI,3522.1525149791732
2025-05-01T06:00:00Z,blm_malta_Malta District,Malta,EVI,2004.7494724119724
2025-05-01T06:00:00Z,blm_malta_Malta District,Malta,NDVI,3349.8855757960246
2025-05-01T06:00:00Z,blm_lewistown_Lewistown District,Lewistown,EVI,2593.267903039462
2025-05-01T06:00:00Z,blm_lewistown_Lewistown District,Lewistown,NDVI,4155.607243185668
2025-05-01T06:00:00Z,blm_missoula_Missoula District,Missoula,EVI,2685.7191856926925
2025-05-01T06:00:00Z,blm_missoula_Missoula District,Missoula,NDVI,5845.77113152241
2025-05-01T06:00:00Z,blm_butte_Butte District,Butte,EVI,2601.561907227194
2025-05-01T06:00:00Z,blm_butte_Butte District,Butte,NDVI,4351.010572656793
2025-05-01T06:00:00Z,blm_dillon_Dillon District,Dillon,EVI,2167.764089406374
2025-05-01T06:00:00Z,blm_dillon_Dillon District,Dillon,NDVI,3513.949876665204
2025-05-17T06:00:00Z,blm_billings_Billings District,Billings,EVI,3271.9927376371948
2025-05-17T06:00:00Z,blm_billings_Billings District,Billings,NDVI,5448.8173150594275
2025-05-17T06:00:00Z,blm_miles-city_Miles City District,Miles City,EVI,2481.2305462547783
2025-05-17T06:00:00Z,blm_miles-city_Miles City District,Miles City,NDVI,4340.046845455611
2025-05-17T06:00:00Z,blm_malta_Malta District,Malta,EVI,2383.769301052094
2025-05-17T06:00:00Z,blm_malta_Malta District,Malta,NDVI,3975.275573481355
2025-05-17T06:00:00Z,blm_lewistown_Lewistown District,Lewistown,EVI,3166.43778989425
2025-05-17T06:00:00Z,blm_lewistown_Lewistown District,Lewistown,NDVI,5198.100757282192
2025-05-17T06:00:00Z,blm_missoula_Missoula District,Missoula,EVI,3112.3148487669437
2025-05-17T06:00:00Z,blm_missoula_Missoula District,Missoula,NDVI,6396.53959566447
2025-05-17T06:00:00Z,blm_butte_Butte District,Butte,EVI,3068.269987662104
2025-05-17T06:00:00Z,blm_butte_Butte District,Butte,NDVI,5359.227824824728
2025-05-17T06:00:00Z,blm_dillon_Dillon District,Dillon,EVI,2754.068014685413
2025-05-17T06:00:00Z,blm_dillon_Dillon District,Dillon,NDVI,4789.363017848129
2025-06-02T06:00:00Z,blm_billings_Billings District,Billings,EVI,3286.106324461047
2025-06-02T06:00:00Z,blm_billings_Billings District,Billings,NDVI,5645.29654910101
2025-06-02T06:00:00Z,blm_miles-city_Miles City District,Miles City,EVI,2545.31567890356
2025-06-02T06:00:00Z,blm_miles-city_Miles City District,Miles City,NDVI,4329.885210371297
2025-06-02T06:00:00Z,blm_malta_Malta District,Malta,EVI,2558.418146588406
2025-06-02T06:00:00Z,blm_malta_Malta District,Malta,NDVI,4231.029086695645
2025-06-02T06:00:00Z,blm_lewistown_Lewistown District,Lewistown,EVI,3203.4601844704175
2025-06-02T06:00:00Z,blm_lewistown_Lewistown District,Lewistown,NDVI,5535.790603454201
2025-06-02T06:00:00Z,blm_missoula_Missoula District,Missoula,EVI,3394.839319950636
2025-06-02T06:00:00Z,blm_missoula_Missoula District,Missoula,NDVI,6518.678020859924
2025-06-02T06:00:00Z,blm_butte_Butte District,Butte,EVI,3192.054896779064
2025-06-02T06:00:00Z,blm_butte_Butte District,Butte,NDVI,5809.085563878539
2025-06-02T06:00:00Z,blm_dillon_Dillon District,Dillon,EVI,3131.124347942134
2025-06-02T06:00:00Z,blm_dillon_Dillon District,Dillon,NDVI,5181.618048676338
2025-06-18T06:00:00Z,blm_billings_Billings District,Billings,EVI,3252.6791774872986
2025-06-18T06:00:00Z,blm_billings_Billings District,Billings,NDVI,5239.7840249640185
2025-06-18T06:00:00Z,blm_miles-city_Miles City District,Miles City,EVI,2590.7994529603266
2025-06-18T06:00:00Z,blm_miles-city_Miles City District,Miles City,NDVI,4536.994641446312
2025-06-18T06:00:00Z,blm_malta_Malta District,Malta,EVI,2706.537307866688
2025-06-18T06:00:00Z,blm_malta_Malta District,Malta,NDVI,4269.816043609511
2025-06-18T06:00:00Z,blm_lewistown_Lewistown District,Lewistown,EVI,3319.7629900070233
2025-06-18T06:00:00Z,blm_lewistown_Lewistown District,Lewistown,NDVI,5462.460354896362
2025-06-18T06:00:00Z,blm_missoula_Missoula District,Missoula,EVI,3406.9265564225325
2025-06-18T06:00:00Z,blm_missoula_Missoula District,Missoula,NDVI,6622.639695281858
2025-06-18T06:00:00Z,blm_butte_Butte District,Butte,EVI,3036.975798845543
2025-06-18T06:00:00Z,blm_butte_Butte District,Butte,NDVI,5616.991743776264
2025-06-18T06:00:00Z,blm_dillon_Dillon District,Dillon,EVI,2993.294348353575
2025-06-18T06:00:00Z,blm_dillon_Dillon District,Dillon,NDVI,5265.173155385073
2025-07-04T06:00:00Z,blm_billings_Billings District,Billings,EVI,2660.4491659769037
2025-07-04T06:00:00Z,blm_billings_Billings District,Billings,NDVI,4644.882670751197
2025-07-04T06:00:00Z,blm_miles-city_Miles City District,Miles City,EVI,2361.4143362418013
2025-07-04T06:00:00Z,blm_miles-city_Miles City District,Miles City,NDVI,4061.007215922921
2025-07-04T06:00:00Z,blm_malta_Malta District,Malta,EVI,2533.284188398704
2025-07-04T06:00:00Z,blm_malta_Malta District,Malta,NDVI,3973.847764195484
2025-07-04T06:00:00Z,blm_lewistown_Lewistown District,Lewistown,EVI,3033.1695212896957
2025-07-04T06:00:00Z,blm_lewistown_Lewistown District,Lewistown,NDVI,4923.581303821527
2025-07-04T06:00:00Z,blm_missoula_Missoula District,Missoula,EVI,3396.7157600423266
2025-07-04T06:00:00Z,blm_missoula_Missoula District,Missoula,NDVI,6643.599199906087
2025-07-04T06:00:00Z,blm_butte_Butte District,Butte,EVI,3001.3433183234188
2025-07-04T06:00:00Z,blm_butte_Butte District,Butte,NDVI,5557.779350247266
2025-07-04T06:00:00Z,blm_dillon_Dillon District,Dillon,EVI,2907.531720262779
2025-07-04T06:00:00Z,blm_dillon_Dillon District,Dillon,NDVI,5089.788477301585
2025-07-20T06:00:00Z,blm_billings_Billings District,Billings,EVI,2499.3365052233253
2025-07-20T06:00:00Z,blm_billings_Billings District,Billings,NDVI,4298.492893511063
2025-07-20T06:00:00Z,blm_miles-city_Miles City District,Miles City,EVI,2334.8328594286663
2025-07-20T06:00:00Z,blm_miles-city_Miles City District,Miles City,NDVI,4072.0442852086076
2025-07-20T06:00:00Z,blm_malta_Malta District,Malta,EVI,2150.862908902607
2025-07-20T06:00:00Z,blm_malta_Malta District,Malta,NDVI,3791.4191274229865
2025-07-20T06:00:00Z,blm_lewistown_Lewistown District,Lewistown,EVI,2591.8863113877546
2025-07-20T06:00:00Z,blm_lewistown_Lewistown District,Lewistown,NDVI,4707.155254525079
2025-07-20T06:00:00Z,blm_missoula_Missoula District,Missoula,EVI,3062.5072830663294
2025-07-20T06:00:00Z,blm_missoula_Missoula District,Missoula,NDVI,6757.602664191889
2025-07-20T06:00:00Z,blm_butte_Butte District,Butte,EVI,2876.532454858923
2025-07-20T06:00:00Z,blm_butte_Butte District,Butte,NDVI,5235.002839563638
2025-07-20T06:00:00Z,blm_dillon_Dillon District,Dillon,EVI,2666.5553589023425
2025-07-20T06:00:00Z,blm_dillon_Dillon District,Dillon,NDVI,4730.422317736185
2025-08-05T06:00:00Z,blm_billings_Billings District,Billings,EVI,2299.532383461348
2025-08-05T06:00:00Z,blm_billings_Billings District,Billings,NDVI,3977.678476774886
2025-08-05T06:00:00Z,blm_miles-city_Miles City District,Miles City,EVI,2411.4781647672876
2025-08-05T06:00:00Z,blm_miles-city_Miles City District,Miles City,NDVI,4251.048676937758
2025-08-05T06:00:00Z,blm_malta_Malta District,Malta,EVI,2265.5565451299713
2025-08-05T06:00:00Z,blm_malta_Malta District,Malta,NDVI,3958.1381210182612
2025-08-05T06:00:00Z,blm_lewistown_Lewistown District,Lewistown,EVI,2551.60829600659
2025-08-05T06:00:00Z,blm_lewistown_Lewistown District,Lewistown,NDVI,4540.650856006741
2025-08-05T06:00:00Z,blm_missoula_Missoula District,Missoula,EVI,2970.6228508115346
2025-08-05T06:00:00Z,blm_missoula_Missoula District,Missoula,NDVI,6660.186426682788
2025-08-05T06:00:00Z,blm_butte_Butte District,Butte,EVI,2587.096775452503
2025-08-05T06:00:00Z,blm_butte_Butte District,Butte,NDVI,5044.810395667396
2025-08-05T06:00:00Z,blm_dillon_Dillon District,Dillon,EVI,2474.6415717193863
2025-08-05T06:00:00Z,blm_dillon_Dillon District,Dillon,NDVI,4455.839734660401
2025-08-21T06:00:00Z,blm_billings_Billings District,Billings,EVI,2175.0936244046757
2025-08-21T06:00:00Z,blm_billings_Billings District,Billings,NDVI,3789.3687930011433
2025-08-21T06:00:00Z,blm_miles-city_Miles City District,Miles City,EVI,2162.709782515444
2025-08-21T06:00:00Z,blm_miles-city_Miles City District,Miles City,NDVI,3921.012403786119
2025-08-21T06:00:00Z,blm_malta_Malta District,Malta,EVI,2072.5813249702956
2025-08-21T06:00:00Z,blm_malta_Malta District,Malta,NDVI,3662.464034903892
2025-08-21T06:00:00Z,blm_lewistown_Lewistown District,Lewistown,EVI,2380.351468494433
2025-08-21T06:00:00Z,blm_lewistown_Lewistown District,Lewistown,NDVI,4332.8789505842415
2025-08-21T06:00:00Z,blm_missoula_Missoula District,Missoula,EVI,2916.944410134012
2025-08-21T06:00:00Z,blm_missoula_Missoula District,Missoula,NDVI,6544.614944791245
2025-08-21T06:00:00Z,blm_butte_Butte District,Butte,EVI,2341.5415410100554
2025-08-21T06:00:00Z,blm_butte_Butte District,Butte,NDVI,4903.542338811171
2025-08-21T06:00:00Z,blm_dillon_Dillon District,Dillon,EVI,2186.1316490415984
2025-08-21T06:00:00Z,blm_dillon_Dillon District,Dillon,NDVI,4198.776798809731
2025-09-06T06:00:00Z,blm_billings_Billings District,Billings,EVI,1972.6344433440859
2025-09-06T06:00:00Z,blm_billings_Billings District,Billings,NDVI,3609.3917236540183
2025-09-06T06:00:00Z,blm_miles-city_Miles City District,Miles City,EVI,1933.1932392344706
2025-09-06T06:00:00Z,blm_miles-city_Miles City District,Miles City,NDVI,3563.72559206199
2025-09-06T06:00:00Z,blm_malta_Malta District,Malta,EVI,1910.057481857913
2025-09-06T06:00:00Z,blm_malta_Malta District,Malta,NDVI,3442.25225783425
2025-09-06T06:00:00Z,blm_lewistown_Lewistown District,Lewistown,EVI,2207.664003942121
2025-09-06T06:00:00Z,blm_lewistown_Lewistown District,Lewistown,NDVI,4003.8518602366494
2025-09-06T06:00:00Z,blm_missoula_Missoula District,Missoula,EVI,2563.590396626829
2025-09-06T06:00:00Z,blm_missoula_Missoula District,Missoula,NDVI,6260.431830132206
2025-09-06T06:00:00Z,blm_butte_Butte District,Butte,EVI,2426.6602362025333
2025-09-06T06:00:00Z,blm_butte_Butte District,Butte,NDVI,4753.673716481523
2025-09-06T06:00:00Z,blm_dillon_Dillon District,Dillon,EVI,2197.2915125111263
2025-09-06T06:00:00Z,blm_dillon_Dillon District,Dillon,NDVI,4210.010288772625
2025-09-22T06:00:00Z,blm_billings_Billings District,Billings,EVI,1913.9791950774447
2025-09-22T06:00:00Z,blm_billings_Billings District,Billings,NDVI,3840.2881994520967
2025-09-22T06:00:00Z,blm_miles-city_Miles City District,Miles City,EVI,1803.8810968604469
2025-09-22T06:00:00Z,blm_miles-city_Miles City District,Miles City,NDVI,3305.8102452152707
2025-09-22T06:00:00Z,blm_malta_Malta District,Malta,EVI,1703.1628075018716
2025-09-22T06:00:00Z,blm_malta_Malta District,Malta,NDVI,3228.2750539926824
2025-09-22T06:00:00Z,blm_lewistown_Lewistown District,Lewistown,EVI,1909.1153786918774
2025-09-22T06:00:00Z,blm_lewistown_Lewistown District,Lewistown,NDVI,4095.042498701273
2025-09-22T06:00:00Z,blm_missoula_Missoula District,Missoula,EVI,2288.5484555817075
2025-09-22T06:00:00Z,blm_missoula_Missoula District,Missoula,NDVI,6494.307718296213
2025-09-22T06:00:00Z,blm_butte_Butte District,Butte,EVI,1919.5184081610755
2025-09-22T06:00:00Z,blm_butte_Butte District,Butte,NDVI,4955.440592404341
2025-09-22T06:00:00Z,blm_dillon_Dillon District,Dillon,EVI,1785.8363248586784
2025-09-22T06:00:00Z,blm_dillon_Dillon District,Dillon,NDVI,4413.06148024579
2025-10-08T06:00:00Z,blm_billings_Billings District,Billings,EVI,NA
2025-10-08T06:00:00Z,blm_billings_Billings District,Billings,NDVI,NA
2025-10-08T06:00:00Z,blm_miles-city_Miles City District,Miles City,EVI,NA
2025-10-08T06:00:00Z,blm_miles-city_Miles City District,Miles City,NDVI,NA
2025-10-08T06:00:00Z,blm_malta_Malta District,Malta,EVI,NA
2025-10-08T06:00:00Z,blm_malta_Malta District,Malta,NDVI,NA
2025-10-08T06:00:00Z,blm_lewistown_Lewistown District,Lewistown,EVI,NA
2025-10-08T06:00:00Z,blm_lewistown_Lewistown District,Lewistown,NDVI,NA
2025-10-08T06:00:00Z,blm_missoula_Missoula District,Missoula,EVI,2297.2358448110413
2025-10-08T06:00:00Z,blm_missoula_Missoula District,Missoula,NDVI,5741.985512204934
2025-10-08T06:00:00Z,blm_butte_Butte District,Butte,EVI,NA
2025-10-08T06:00:00Z,blm_butte_Butte District,Butte,NDVI,NA
2025-10-08T06:00:00Z,blm_dillon_Dillon District,Dillon,EVI,1787.8819073022055
2025-10-08T06:00:00Z,blm_dillon_Dillon District,Dillon,NDVI,3701.564100549442
