id,date,value
blm_billings_Billings District,1979-01-01,18.182674277723635
blm_billings_Billings District,1979-02-01,21.0293231012035
blm_billings_Billings District,1979-03-01,25.688304344147205
blm_billings_Billings District,1979-04-01,33.92684316571213
blm_billings_Billings District,1979-05-01,48.32516754025109
blm_billings_Billings District,1979-06-01,42.07436326905166
blm_billings_Billings District,1979-07-01,28.549899472308223
blm_billings_Billings District,1979-08-01,36.39648124032302
blm_billings_Billings District,1979-09-01,4.723626014534334
blm_billings_Billings District,1979-10-01,32.2258378206565
blm_billings_Billings District,1979-11-01,14.581903485526349
blm_billings_Billings District,1979-12-01,10.041487971435604
blm_billings_Billings District,1980-01-01,28.445878003941147
blm_billings_Billings District,1980-02-01,23.983210497503308
blm_billings_Billings District,1980-03-01,49.91524798940398
blm_billings_Billings District,1980-04-01,15.533646128612293
blm_billings_Billings District,1980-05-01,88.93445039754259
blm_billings_Billings District,1980-06-01,56.38384721234401
blm_billings_Billings District,1980-07-01,19.355495987245288
blm_billings_Billings District,1980-08-01,36.1669571297418
blm_billings_Billings District,1980-09-01,37.827647458132724
blm_billings_Billings District,1980-10-01,45.01977210581782
blm_billings_Billings District,1980-11-01,16.629356601842286
blm_billings_Billings District,1980-12-01,15.812097860724933
blm_billings_Billings District,1981-01-01,6.923659538915106
blm_billings_Billings District,1981-02-01,14.557104583540008
blm_billings_Billings District,1981-03-01,27.708914230080776
blm_billings_Billings District,1981-04-01,20.151340485258334
blm_billings_Billings District,1981-05-01,174.32225183379555
blm_billings_Billings District,1981-06-01,55.10633383647367
blm_billings_Billings District,1981-07-01,44.01611935549064
blm_billings_Billings District,1981-08-01,15.310992008559506
blm_billings_Billings District,1981-09-01,12.310757380468276
blm_billings_Billings District,1981-10-01,44.93528824261622
blm_billings_Billings District,1981-11-01,17.091186337432656
blm_billings_Billings District,1981-12-01,16.28793567898446
blm_billings_Billings District,1982-01-01,23.539075092040502
blm_billings_Billings District,1982-02-01,14.366823049956288
blm_billings_Billings District,1982-03-01,46.008914206526555
blm_billings_Billings District,1982-04-01,42.41182976329934
blm_billings_Billings District,1982-05-01,69.58207111000695
blm_billings_Billings District,1982-06-01,114.67128019997645
blm_billings_Billings District,1982-07-01,45.53512064828949
blm_billings_Billings District,1982-08-01,26.240214502523795
blm_billings_Billings District,1982-09-01,60.723558976247546
blm_billings_Billings District,1982-10-01,31.166823066910855
blm_billings_Billings District,1982-11-01,15.621280170437798
blm_billings_Billings District,1982-12-01,29.74792225718818
blm_billings_Billings District,1983-01-01,7.6728887608319765
blm_billings_Billings District,1983-02-01,9.220475891620001
blm_billings_Billings District,1983-03-01,27.39192366568077
blm_billings_Billings District,1983-04-01,24.47195044395591
blm_billings_Billings District,1983-05-01,64.01112594553356
blm_billings_Billings District,1983-06-01,45.26441022506029
blm_billings_Billings District,1983-07-01,40.02855227939565
blm_billings_Billings District,1983-08-01,21.52084453847389
blm_billings_Billings District,1983-09-01,56.074731934166465
blm_billings_Billings District,1983-10-01,36.997453121653194
blm_billings_Billings District,1983-11-01,29.454423615344407
blm_billings_Billings District,1983-12-01,26.683378042867933
blm_billings_Billings District,1984-01-01,16.808243974663778
blm_billings_Billings District,1984-02-01,15.016689014618581
blm_billings_Billings District,1984-03-01,31.636427614787948
blm_billings_Billings District,1984-04-01,56.304758806011314
blm_billings_Billings District,1984-05-01,41.2235590040524
blm_billings_Billings District,1984-06-01,48.25415552269677
blm_billings_Billings District,1984-07-01,20.835556316631408
blm_billings_Billings District,1984-08-01,22.948223870816882
blm_billings_Billings District,1984-09-01,39.85385393393263
blm_billings_Billings District,1984-10-01,17.313237259219385
blm_billings_Billings District,1984-11-01,18.625502699461762
blm_billings_Billings District,1984-12-01,21.629155502562227
blm_billings_Billings District,1985-01-01,11.417560337435944
blm_billings_Billings District,1985-02-01,13.457372660291739
blm_billings_Billings District,1985-03-01,40.08619303669751
blm_billings_Billings District,1985-04-01,16.952513413159203
blm_billings_Billings District,1985-05-01,41.04011399752333
blm_billings_Billings District,1985-06-01,37.55512735191683
blm_billings_Billings District,1985-07-01,35.670274792663534
blm_billings_Billings District,1985-08-01,57.85308313050155
blm_billings_Billings District,1985-09-01,53.402111258008205
blm_billings_Billings District,1985-10-01,22.56558313686151
blm_billings_Billings District,1985-11-01,32.488002670674156
blm_billings_Billings District,1985-12-01,10.556635414667168
blm_billings_Billings District,1986-01-01,14.276575076875673
blm_billings_Billings District,1986-02-01,43.20472516003627
blm_billings_Billings District,1986-03-01,24.42533513016739
blm_billings_Billings District,1986-04-01,60.00733919949059
blm_billings_Billings District,1986-05-01,60.97382708017692
blm_billings_Billings District,1986-06-01,62.99973192930861
blm_billings_Billings District,1986-07-01,45.808612619903705
blm_billings_Billings District,1986-08-01,25.614678294345456
blm_billings_Billings District,1986-09-01,69.83569039672054
blm_billings_Billings District,1986-10-01,26.371481254017706
blm_billings_Billings District,1986-11-01,35.264778853421554
blm_billings_Billings District,1986-12-01,4.8638069782975375
blm_billings_Billings District,1987-01-01,9.877178305035942
blm_billings_Billings District,1987-02-01,13.85827749112656
blm_billings_Billings District,1987-03-01,33.96910189128114
blm_billings_Billings District,1987-04-01,11.52878688705271
blm_billings_Billings District,1987-05-01,105.17543572714757
blm_billings_Billings District,1987-06-01,34.76685661924429
blm_billings_Billings District,1987-07-01,95.89175613572067
blm_billings_Billings District,1987-08-01,51.675871332593005
blm_billings_Billings District,1987-09-01,18.54701744423475
blm_billings_Billings District,1987-10-01,3.9639745376325006
blm_billings_Billings District,1987-11-01,10.26343836054086
blm_billings_Billings District,1987-12-01,12.175804292148943
blm_billings_Billings District,1988-01-01,16.032573722083193
blm_billings_Billings District,1988-02-01,24.948190329541468
blm_billings_Billings District,1988-03-01,28.099564364584456
blm_billings_Billings District,1988-04-01,44.82252012436895
blm_billings_Billings District,1988-05-01,88.60603224112585
blm_billings_Billings District,1988-06-01,27.644906160978465
blm_billings_Billings District,1988-07-01,9.523760067733459
blm_billings_Billings District,1988-08-01,5.880797601956624
blm_billings_Billings District,1988-09-01,39.70439012824051
blm_billings_Billings District,1988-10-01,23.114041560536734
blm_billings_Billings District,1988-11-01,20.95127346818073
blm_billings_Billings District,1988-12-01,18.125770796080378
blm_billings_Billings District,1989-01-01,30.607037546967053
blm_billings_Billings District,1989-02-01,17.232004030140732
blm_billings_Billings District,1989-03-01,52.512835091943714
blm_billings_Billings District,1989-04-01,59.36082439927569
blm_billings_Billings District,1989-05-01,67.9509048621712
blm_billings_Billings District,1989-06-01,47.39674934257451
blm_billings_Billings District,1989-07-01,34.12037532738642
blm_billings_Billings District,1989-08-01,40.278083088250966
blm_billings_Billings District,1989-09-01,18.589142098183927
blm_billings_Billings District,1989-10-01,52.092024121783055
blm_billings_Billings District,1989-11-01,22.557774798240484
blm_billings_Billings District,1989-12-01,41.25258047714949
blm_billings_Billings District,1990-01-01,13.508378020979604
blm_billings_Billings District,1990-02-01,11.475402147536624
blm_billings_Billings District,1990-03-01,28.686058982767303
blm_billings_Billings District,1990-04-01,54.26223194119758
blm_billings_Billings District,1990-05-01,73.22322389075967
blm_billings_Billings District,1990-06-01,34.018666256848356
blm_billings_Billings District,1990-07-01,29.174463828511275
blm_billings_Billings District,1990-08-01,46.55217828379879
blm_billings_Billings District,1990-09-01,7.501709130140716
blm_billings_Billings District,1990-10-01,36.055764050969486
blm_billings_Billings District,1990-11-01,16.664711809509882
blm_billings_Billings District,1990-12-01,12.445945055371315
blm_billings_Billings District,1991-01-01,17.57479891828174
blm_billings_Billings District,1991-02-01,13.606099212896728
blm_billings_Billings District,1991-03-01,29.309316348534168
blm_billings_Billings District,1991-04-01,99.4050938558962
blm_billings_Billings District,1991-05-01,83.46236595711184
blm_billings_Billings District,1991-06-01,78.1915885309112
blm_billings_Billings District,1991-07-01,17.99969840489188
blm_billings_Billings District,1991-08-01,18.814008081886147
blm_billings_Billings District,1991-09-01,63.05191020927224
blm_billings_Billings District,1991-10-01,30.206099219360556
blm_billings_Billings District,1991-11-01,36.56310322329442
blm_billings_Billings District,1991-12-01,9.651943717821034
blm_billings_Billings District,1992-01-01,6.555730563985438
blm_billings_Billings District,1992-02-01,4.259148793859312
blm_billings_Billings District,1992-03-01,29.166957055595542
blm_billings_Billings District,1992-04-01,60.614209155934105
blm_billings_Billings District,1992-05-01,50.850402140425615
blm_billings_Billings District,1992-06-01,129.51591828936867
blm_billings_Billings District,1992-07-01,64.31678951393823
blm_billings_Billings District,1992-08-01,22.029054992480187
blm_billings_Billings District,1992-09-01,20.1134718886649
blm_billings_Billings District,1992-10-01,24.24641423458708
blm_billings_Billings District,1992-11-01,16.513941015219242
blm_billings_Billings District,1992-12-01,23.596447731151017
blm_billings_Billings District,1993-01-01,19.343800305361402
blm_billings_Billings District,1993-02-01,11.956903513251296
blm_billings_Billings District,1993-03-01,24.61853218494088
blm_billings_Billings District,1993-04-01,55.37660861942148
blm_billings_Billings District,1993-05-01,44.554222547976
blm_billings_Billings District,1993-06-01,84.39172252573212
blm_billings_Billings District,1993-07-01,138.3297587310341
blm_billings_Billings District,1993-08-01,43.75060324598573
blm_billings_Billings District,1993-09-01,27.548693023961608
blm_billings_Billings District,1993-10-01,50.29782170265034
blm_billings_Billings District,1993-11-01,14.721447728414478
blm_billings_Billings District,1993-12-01,10.917225205946224
blm_billings_Billings District,1994-01-01,20.75217829640685
blm_billings_Billings District,1994-02-01,16.687030863186628
blm_billings_Billings District,1994-03-01,20.363103226746055
blm_billings_Billings District,1994-04-01,58.02520108894113
blm_billings_Billings District,1994-05-01,41.34661535858788
blm_billings_Billings District,1994-06-01,51.2104222745742
blm_billings_Billings District,1994-07-01,54.58166895922643
blm_billings_Billings District,1994-08-01,11.334148805918067
blm_billings_Billings District,1994-09-01,28.392962502570317
blm_billings_Billings District,1994-10-01,75.01936998124417
blm_billings_Billings District,1994-11-01,25.276742645626733
blm_billings_Billings District,1994-12-01,15.501910189720965
blm_billings_Billings District,1995-01-01,18.43971181818691
blm_billings_Billings District,1995-02-01,13.399597869561761
blm_billings_Billings District,1995-03-01,40.4898793869939
blm_billings_Billings District,1995-04-01,62.12499999296889
blm_billings_Billings District,1995-05-01,86.18860593110563
blm_billings_Billings District,1995-06-01,79.2773794233
blm_billings_Billings District,1995-07-01,56.689644782856384
blm_billings_Billings District,1995-08-01,23.706568359849282
blm_billings_Billings District,1995-09-01,36.079121980526494
blm_billings_Billings District,1995-10-01,38.708545587018094
blm_billings_Billings District,1995-11-01,29.59121984794696
blm_billings_Billings District,1995-12-01,13.836796286678187
blm_billings_Billings District,1996-01-01,27.333109921808216
blm_billings_Billings District,1996-02-01,19.374664896854448
blm_billings_Billings District,1996-03-01,43.906300283948475
blm_billings_Billings District,1996-04-01,35.29571046538391
blm_billings_Billings District,1996-05-01,101.90606568518017
blm_billings_Billings District,1996-06-01,26.637064372885963
blm_billings_Billings District,1996-07-01,12.847050950011043
blm_billings_Billings District,1996-08-01,8.255730585382388
blm_billings_Billings District,1996-09-01,40.13083112463555
blm_billings_Billings District,1996-10-01,32.217828416552685
blm_billings_Billings District,1996-11-01,31.135355243733997
blm_billings_Billings District,1996-12-01,42.876575099559
blm_billings_Billings District,1997-01-01,26.296581771993765
blm_billings_Billings District,1997-02-01,14.134014783112518
blm_billings_Billings District,1997-03-01,25.1404155934624
blm_billings_Billings District,1997-04-01,50.44671584390124
blm_billings_Billings District,1997-05-01,69.11581771559115
blm_billings_Billings District,1997-06-01,92.71400800914611
blm_billings_Billings District,1997-07-01,86.01896784069072
blm_billings_Billings District,1997-08-01,42.55660189804059
blm_billings_Billings District,1997-09-01,22.906233276582594
blm_billings_Billings District,1997-10-01,38.80053619533058
blm_billings_Billings District,1997-11-01,15.898525484365688
blm_billings_Billings District,1997-12-01,15.379256046809076
blm_billings_Billings District,1998-01-01,21.89832442759189
blm_billings_Billings District,1998-02-01,7.385288214216124
blm_billings_Billings District,1998-03-01,33.2063002492084
blm_billings_Billings District,1998-04-01,34.85854556948826
blm_billings_Billings District,1998-05-01,33.55804292366268
blm_billings_Billings District,1998-06-01,98.2615616698687
blm_billings_Billings District,1998-07-01,43.67238607035885
blm_billings_Billings District,1998-08-01,38.73626006001122
blm_billings_Billings District,1998-09-01,32.15542896823014
blm_billings_Billings District,1998-10-01,35.362868668726236
blm_billings_Billings District,1998-11-01,26.099865962608888
blm_billings_Billings District,1998-12-01,22.313706448945858
blm_billings_Billings District,1999-01-01,23.364242629535077
blm_billings_Billings District,1999-02-01,13.460489272372174
blm_billings_Billings District,1999-03-01,13.669001354508842
blm_billings_Billings District,1999-04-01,73.29698385310238
blm_billings_Billings District,1999-05-01,51.839711827183535
blm_billings_Billings District,1999-06-01,52.67111265179938
blm_billings_Billings District,1999-07-01,15.883243985693833
blm_billings_Billings District,1999-08-01,46.36045575845018
blm_billings_Billings District,1999-09-01,29.062768103929372
blm_billings_Billings District,1999-10-01,12.940113940523393
blm_billings_Billings District,1999-11-01,16.115583122795293
blm_billings_Billings District,1999-12-01,14.159517436620378
blm_billings_Billings District,2000-01-01,19.805764097790295
blm_billings_Billings District,2000-02-01,28.527278811938
blm_billings_Billings District,2000-03-01,23.647587171987936
blm_billings_Billings District,2000-04-01,35.336193054994375
blm_billings_Billings District,2000-05-01,70.53170244495607
blm_billings_Billings District,2000-06-01,48.75211130901572
blm_billings_Billings District,2000-07-01,25.571816354270915
blm_billings_Billings District,2000-08-01,8.555294921307079
blm_billings_Billings District,2000-09-01,35.96360592580034
blm_billings_Billings District,2000-10-01,27.21424263412128
blm_billings_Billings District,2000-11-01,14.989343184887883
blm_billings_Billings District,2000-12-01,15.052681000199138
blm_billings_Billings District,2001-01-01,5.939410203203918
blm_billings_Billings District,2001-02-01,16.44242629065271
blm_billings_Billings District,2001-03-01,18.54262735632725
blm_billings_Billings District,2001-04-01,37.36360592289201
blm_billings_Billings District,2001-05-01,20.022888761103633
blm_billings_Billings District,2001-06-01,104.53997989506249
blm_billings_Billings District,2001-07-01,41.409182315857095
blm_billings_Billings District,2001-08-01,3.944939688007889
blm_billings_Billings District,2001-09-01,28.189477199204166
blm_billings_Billings District,2001-10-01,27.102580442824888
blm_billings_Billings District,2001-11-01,14.267928971362178
blm_billings_Billings District,2001-12-01,7.129691697277588
blm_billings_Billings District,2002-01-01,16.433746676502533
blm_billings_Billings District,2002-02-01,11.70965148955983
blm_billings_Billings District,2002-03-01,24.59668233703033
blm_billings_Billings District,2002-04-01,42.1188673222033
blm_billings_Billings District,2002-05-01,54.65271454554141
blm_billings_Billings District,2002-06-01,50.36126012648718
blm_billings_Billings District,2002-07-01,33.50559653449634
blm_billings_Billings District,2002-08-01,35.49876009091615
blm_billings_Billings District,2002-09-01,30.433143453048316
blm_billings_Billings District,2002-10-01,29.354356584536166
blm_billings_Billings District,2002-11-01,11.215750684237593
blm_billings_Billings District,2002-12-01,8.37359252220504
blm_billings_Billings District,2003-01-01,25.80341826015759
blm_billings_Billings District,2003-02-01,33.25864614110849
blm_billings_Billings District,2003-03-01,40.21327080899206
blm_billings_Billings District,2003-04-01,45.20385386684944
blm_billings_Billings District,2003-05-01,70.93310999358947
blm_billings_Billings District,2003-06-01,60.87781501008103
blm_billings_Billings District,2003-07-01,7.990616628815277
blm_billings_Billings District,2003-08-01,8.906032190166274
blm_billings_Billings District,2003-09-01,14.934684987042608
blm_billings_Billings District,2003-10-01,35.450301625453754
blm_billings_Billings District,2003-11-01,15.261896809488135
blm_billings_Billings District,2003-12-01,27.63431639102445
blm_billings_Billings District,2004-01-01,9.535087153035898
blm_billings_Billings District,2004-02-01,24.037466489757353
blm_billings_Billings District,2004-03-01,10.60067026125362
blm_billings_Billings District,2004-04-01,27.282305671566295
blm_billings_Billings District,2004-05-01,46.997553630744484
blm_billings_Billings District,2004-06-01,58.751105949642195
blm_billings_Billings District,2004-07-01,38.684048212884896
blm_billings_Billings District,2004-08-01,25.504121989890653
blm_billings_Billings District,2004-09-01,31.566923572934027
blm_billings_Billings District,2004-10-01,48.3032506506181
blm_billings_Billings District,2004-11-01,7.13957775835617
blm_billings_Billings District,2004-12-01,9.213538883498623
blm_billings_Billings District,2005-01-01,14.484416904781842
blm_billings_Billings District,2005-02-01,7.711997336380922
blm_billings_Billings District,2005-03-01,28.793934322873646
blm_billings_Billings District,2005-04-01,74.65623329791562
blm_billings_Billings District,2005-05-01,98.9952078223548
blm_billings_Billings District,2005-06-01,82.60831098646005
blm_billings_Billings District,2005-07-01,26.543532197341204
blm_billings_Billings District,2005-08-01,30.445576389737166
blm_billings_Billings District,2005-09-01,25.52349198375886
blm_billings_Billings District,2005-10-01,47.761695756988935
blm_billings_Billings District,2005-11-01,36.794906185076
blm_billings_Billings District,2005-12-01,18.67191691696644
blm_billings_Billings District,2006-01-01,10.50569706769715
blm_billings_Billings District,2006-02-01,11.731869982430666
blm_billings_Billings District,2006-03-01,34.26343834048622
blm_billings_Billings District,2006-04-01,49.459115308027805
blm_billings_Billings District,2006-05-01,38.25589815093749
blm_billings_Billings District,2006-06-01,38.90093834598326
blm_billings_Billings District,2006-07-01,17.853217185702146
blm_billings_Billings District,2006-08-01,15.54705096769269
blm_billings_Billings District,2006-09-01,60.546883410487034
blm_billings_Billings District,2006-10-01,69.04922926202217
blm_billings_Billings District,2006-11-01,16.813773456751182
blm_billings_Billings District,2006-12-01,12.09148796310214
blm_billings_Billings District,2007-01-01,10.393800281667358
blm_billings_Billings District,2007-02-01,23.671749370706944
blm_billings_Billings District,2007-03-01,32.2272453186659
blm_billings_Billings District,2007-04-01,53.68260729536614
blm_billings_Billings District,2007-05-01,102.46806305726795
blm_billings_Billings District,2007-06-01,57.61880030964399
blm_billings_Billings District,2007-07-01,29.682908881285876
blm_billings_Billings District,2007-08-01,15.725000008900746
blm_billings_Billings District,2007-09-01,29.993096507106966
blm_billings_Billings District,2007-10-01,57.40046919766444
blm_billings_Billings District,2007-11-01,18.00941691345887
blm_billings_Billings District,2007-12-01,12.239142110196738
blm_billings_Billings District,2008-01-01,15.63917562437441
blm_billings_Billings District,2008-02-01,11.05361932839689
blm_billings_Billings District,2008-03-01,16.37017428267737
blm_billings_Billings District,2008-04-01,16.39289545417631
blm_billings_Billings District,2008-05-01,145.13331107223962
blm_billings_Billings District,2008-06-01,46.658243992373386
blm_billings_Billings District,2008-07-01,21.251977215982954
blm_billings_Billings District,2008-08-01,22.617258725313334
blm_billings_Billings District,2008-09-01,57.90616629654217
blm_billings_Billings District,2008-10-01,50.0534517228124
blm_billings_Billings District,2008-11-01,19.193699743888335
blm_billings_Billings District,2008-12-01,27.121615284329764
blm_billings_Billings District,2009-01-01,19.646983922726346
blm_billings_Billings District,2009-02-01,13.862667584587038
blm_billings_Billings District,2009-03-01,35.69135391392593
blm_billings_Billings District,2009-04-01,53.70519439528519
blm_billings_Billings District,2009-05-01,27.135187695876525
blm_billings_Billings District,2009-06-01,66.86394105456151
blm_billings_Billings District,2009-07-01,46.708042910207695
blm_billings_Billings District,2009-08-01,41.60636731846403
blm_billings_Billings District,2009-09-01,15.537734609666522
blm_billings_Billings District,2009-10-01,50.25640082231475
blm_billings_Billings District,2009-11-01,10.754892771309565
blm_billings_Billings District,2009-12-01,13.967962486814239
blm_billings_Billings District,2010-01-01,21.8886058974322
blm_billings_Billings District,2010-02-01,7.941420907888752
blm_billings_Billings District,2010-03-01,10.591186337662366
blm_billings_Billings District,2010-04-01,34.63920913305104
blm_billings_Billings District,2010-05-01,81.40056976108704
blm_billings_Billings District,2010-06-01,82.30978552649552
blm_billings_Billings District,2010-07-01,34.223558941890985
blm_billings_Billings District,2010-08-01,63.74725197595182
blm_billings_Billings District,2010-09-01,34.30244639060452
blm_billings_Billings District,2010-10-01,19.734718511715013
blm_billings_Billings District,2010-11-01,42.840013429242866
blm_billings_Billings District,2010-12-01,22.531937017996892
blm_billings_Billings District,2011-01-01,17.58840485520401
blm_billings_Billings District,2011-02-01,21.324195724709742
blm_billings_Billings District,2011-03-01,41.13689679914122
blm_billings_Billings District,2011-04-01,61.94346516253801
blm_billings_Billings District,2011-05-01,201.98615964424195
blm_billings_Billings District,2011-06-01,65.5736260458867
blm_billings_Billings District,2011-07-01,27.542660896803675
blm_billings_Billings District,2011-08-01,24.8521448102138
blm_billings_Billings District,2011-09-01,6.149698405618961
blm_billings_Billings District,2011-10-01,54.304892743880245
blm_billings_Billings District,2011-11-01,21.380495990728885
blm_billings_Billings District,2011-12-01,15.019604579053679
blm_billings_Billings District,2012-01-01,16.881233268065362
blm_billings_Billings District,2012-02-01,16.237365970982303
blm_billings_Billings District,2012-03-01,21.151876670425764
blm_billings_Billings District,2012-04-01,47.107138056058346
blm_billings_Billings District,2012-05-01,59.48267428612901
blm_billings_Billings District,2012-06-01,16.768264095361367
blm_billings_Billings District,2012-07-01,19.375938349370983
blm_billings_Billings District,2012-08-01,9.930060334084182
blm_billings_Billings District,2012-09-01,2.2937667609339747
blm_billings_Billings District,2012-10-01,32.51497991778576
blm_billings_Billings District,2012-11-01,19.893297615703244
blm_billings_Billings District,2012-12-01,15.259115297497118
blm_billings_Billings District,2013-01-01,16.268666236873607
blm_billings_Billings District,2013-02-01,11.277345865805092
blm_billings_Billings District,2013-03-01,10.67513407538108
blm_billings_Billings District,2013-04-01,37.82892095259623
blm_billings_Billings District,2013-05-01,133.3368298361832
blm_billings_Billings District,2013-06-01,56.5806970789669
blm_billings_Billings District,2013-07-01,28.36558311794143
blm_billings_Billings District,2013-08-01,19.519470522454853
blm_billings_Billings District,2013-09-01,71.46695716898819
blm_billings_Billings District,2013-10-01,65.85418901942052
blm_billings_Billings District,2013-11-01,10.346213157910444
blm_billings_Billings District,2013-12-01,39.53404830384191
blm_billings_Billings District,2014-01-01,20.607205093705943
blm_billings_Billings District,2014-02-01,43.66826404259608
blm_billings_Billings District,2014-03-01,53.905361883761735
blm_billings_Billings District,2014-04-01,43.249999977628285
blm_billings_Billings District,2014-05-01,59.38934319971714
blm_billings_Billings District,2014-06-01,68.76719176417701
blm_billings_Billings District,2014-07-01,15.849195708857785
blm_billings_Billings District,2014-08-01,100.95080439718416
blm_billings_Billings District,2014-09-01,36.85703754584847
blm_billings_Billings District,2014-10-01,10.501943701903159
blm_billings_Billings District,2014-11-01,38.90519436275032
blm_billings_Billings District,2014-12-01,24.02027478981913
blm_billings_Billings District,2015-01-01,22.40392092901005
blm_billings_Billings District,2015-02-01,17.995274807628615
blm_billings_Billings District,2015-03-01,10.857339139977825
blm_billings_Billings District,2015-04-01,37.713136741367165
blm_billings_Billings District,2015-05-01,104.49383382950647
blm_billings_Billings District,2015-06-01,55.10613268118441
blm_billings_Billings District,2015-07-01,41.256568372409404
blm_billings_Billings District,2015-08-01,33.93689677606639
blm_billings_Billings District,2015-09-01,13.35971850754029
blm_billings_Billings District,2015-10-01,47.1161863449112
blm_billings_Billings District,2015-11-01,25.53723192981996
blm_billings_Billings District,2015-12-01,25.492325771909616
blm_billings_Billings District,2016-01-01,13.072754699956556
blm_billings_Billings District,2016-02-01,10.114108588286843
blm_billings_Billings District,2016-03-01,36.76407508715867
blm_billings_Billings District,2016-04-01,51.60140752265025
blm_billings_Billings District,2016-05-01,71.82610586565238
blm_billings_Billings District,2016-06-01,20.751541569749087
blm_billings_Billings District,2016-07-01,45.49316353756365
blm_billings_Billings District,2016-08-01,39.593431604771446
blm_billings_Billings District,2016-09-01,71.21132709193805
blm_billings_Billings District,2016-10-01,82.20784183865258
blm_billings_Billings District,2016-11-01,14.742493299642533
blm_billings_Billings District,2016-12-01,36.20898121419605
blm_billings_Billings District,2017-01-01,23.0927613780262
blm_billings_Billings District,2017-02-01,22.247319049873557
blm_billings_Billings District,2017-03-01,53.90167567733146
blm_billings_Billings District,2017-04-01,76.01337129756529
blm_billings_Billings District,2017-05-01,52.09309649659226
blm_billings_Billings District,2017-06-01,40.70301612868066
blm_billings_Billings District,2017-07-01,15.56977213180097
blm_billings_Billings District,2017-08-01,12.19822386778072
blm_billings_Billings District,2017-09-01,83.92613937004641
blm_billings_Billings District,2017-10-01,20.64597856642893
blm_billings_Billings District,2017-11-01,40.457506768185716
blm_billings_Billings District,2017-12-01,46.162969134128765
blm_billings_Billings District,2018-01-01,23.412567038878038
blm_billings_Billings District,2018-02-01,50.77855230528292
blm_billings_Billings District,2018-03-01,29.252312346773557
blm_billings_Billings District,2018-04-01,76.57376004032412
blm_billings_Billings District,2018-05-01,130.2798256989139
blm_billings_Billings District,2018-06-01,105.65934986211658
blm_billings_Billings District,2018-07-01,24.80160857175774
blm_billings_Billings District,2018-08-01,51.31377345946775
blm_billings_Billings District,2018-09-01,25.073726553699608
blm_billings_Billings District,2018-10-01,25.39467161718067
blm_billings_Billings District,2018-11-01,29.467962463483733
blm_billings_Billings District,2018-12-01,14.347788206054442
blm_billings_Billings District,2019-01-01,20.67158177407114
blm_billings_Billings District,2019-02-01,45.4272788469018
blm_billings_Billings District,2019-03-01,12.631199737696162
blm_billings_Billings District,2019-04-01,71.84701743330457
blm_billings_Billings District,2019-05-01,106.6611595204944
blm_billings_Billings District,2019-06-01,68.90123994356826
blm_billings_Billings District,2019-07-01,75.1572051195293
blm_billings_Billings District,2019-08-01,33.93049598059769
blm_billings_Billings District,2019-09-01,102.92161531806312
blm_billings_Billings District,2019-10-01,35.42694366585473
blm_billings_Billings District,2019-11-01,29.745274785376747
blm_billings_Billings District,2019-12-01,8.782406163669064
blm_billings_Billings District,2020-01-01,11.413438350861098
blm_billings_Billings District,2020-02-01,26.880563033380152
blm_billings_Billings District,2020-03-01,32.95549601044795
blm_billings_Billings District,2020-04-01,27.232674270948202
blm_billings_Billings District,2020-05-01,61.755730559295365
blm_billings_Billings District,2020-06-01,87.58951077704135
blm_billings_Billings District,2020-07-01,23.185422258786158
blm_billings_Billings District,2020-08-01,19.496112580114012
blm_billings_Billings District,2020-09-01,18.221782834855865
blm_billings_Billings District,2020-10-01,66.73042890022012
blm_billings_Billings District,2020-11-01,14.64121982655001
blm_billings_Billings District,2020-12-01,10.511293576805585
blm_billings_Billings District,2021-01-01,13.264644801257123
blm_billings_Billings District,2021-02-01,30.88937672756952
blm_billings_Billings District,2021-03-01,19.81571718363276
blm_billings_Billings District,2021-04-01,40.19631368305345
blm_billings_Billings District,2021-05-01,48.8291555064613
blm_billings_Billings District,2021-06-01,15.88207104458566
blm_billings_Billings District,2021-07-01,22.4151809818783
blm_billings_Billings District,2021-08-01,57.46350538379066
blm_billings_Billings District,2021-09-01,6.4788203815013254
blm_billings_Billings District,2021-10-01,42.706936998757214
blm_billings_Billings District,2021-11-01,9.440348539221782
blm_billings_Billings District,2021-12-01,28.948056309136884
blm_billings_Billings District,2022-01-01,14.360321721346704
blm_billings_Billings District,2022-02-01,21.43069704999553
blm_billings_Billings District,2022-03-01,15.609953087132833
blm_billings_Billings District,2022-04-01,70.50777483306047
blm_billings_Billings District,2022-05-01,76.10499328998075
blm_billings_Billings District,2022-06-01,76.68364617715892
blm_billings_Billings District,2022-07-01,43.39929624696839
blm_billings_Billings District,2022-08-01,31.713371348444962
blm_billings_Billings District,2022-09-01,24.107238635940142
blm_billings_Billings District,2022-10-01,54.9709785825126
blm_billings_Billings District,2022-11-01,26.19259386615523
blm_billings_Billings District,2022-12-01,24.557473195861554
blm_billings_Billings District,2023-01-01,18.689443719371074
blm_billings_Billings District,2023-02-01,26.885623339353874
blm_billings_Billings District,2023-03-01,39.059182326531605
blm_billings_Billings District,2023-04-01,30.340247956581475
blm_billings_Billings District,2023-05-01,77.84339814786937
blm_billings_Billings District,2023-06-01,191.83243977544134
blm_billings_Billings District,2023-07-01,35.032774801867895
blm_billings_Billings District,2023-08-01,36.24058310212143
blm_billings_Billings District,2023-09-01,48.68894104535714
blm_billings_Billings District,2023-10-01,69.7243632605504
blm_billings_Billings District,2023-11-01,7.385154156229052
blm_billings_Billings District,2023-12-01,8.827178298488219
blm_billings_Billings District,2024-01-01,11.96069034063145
blm_billings_Billings District,2024-02-01,30.065080424416163
blm_billings_Billings District,2024-03-01,27.753284179493185
blm_billings_Billings District,2024-04-01,44.07255363016921
blm_billings_Billings District,2024-05-01,115.78421588110221
blm_billings_Billings District,2024-06-01,37.109819051727214
blm_billings_Billings District,2024-07-01,24.706601893294593
blm_billings_Billings District,2024-08-01,41.51735926729105
blm_billings_Billings District,2024-09-01,55.17624000378013
blm_billings_Billings District,2024-10-01,17.2031166339368
blm_billings_Billings District,2024-11-01,17.137097862946124
blm_billings_Billings District,2024-12-01,16.322419577065965
blm_billings_Billings District,2025-01-01,29.780730568851286
blm_billings_Billings District,2025-02-01,39.65056974382886
blm_billings_Billings District,2025-03-01,32.95388740333092
blm_billings_Billings District,2025-04-01,76.04721853240885
blm_billings_Billings District,2025-05-01,75.81896789399931
blm_billings_Billings District,2025-06-01,67.37087802465096
blm_billings_Billings District,2025-07-01,54.60211127469111
blm_billings_Billings District,2025-08-01,24.600301602690532
blm_billings_Billings District,2025-09-01,36.79537531022412
blm_billings_Billings District,2025-10-01,46.24440348404023
blm_butte_Butte District,1979-01-01,31.885626298446184
blm_butte_Butte District,1979-02-01,46.23583168905129
blm_butte_Butte District,1979-03-01,42.72997945534865
blm_butte_Butte District,1979-04-01,53.1822895776075
blm_butte_Butte District,1979-05-01,45.25734089556661
blm_butte_Butte District,1979-06-01,62.78418898288719
blm_butte_Butte District,1979-07-01,17.91072896202487
blm_butte_Butte District,1979-08-01,47.83809035808399
blm_butte_Butte District,1979-09-01,4.742351139901355
blm_butte_Butte District,1979-10-01,38.13547232728719
blm_butte_Butte District,1979-11-01,21.387833715219518
blm_butte_Butte District,1979-12-01,25.714117076423868
blm_butte_Butte District,1980-01-01,51.34029767645458
blm_butte_Butte District,1980-02-01,40.76909654390151
blm_butte_Butte District,1980-03-01,64.56760777340288
blm_butte_Butte District,1980-04-01,33.57084192632405
blm_butte_Butte District,1980-05-01,148.3650923989392
blm_butte_Butte District,1980-06-01,86.4508213928348
blm_butte_Butte District,1980-07-01,39.40749485977376
blm_butte_Butte District,1980-08-01,35.07125254773996
blm_butte_Butte District,1980-09-01,73.07104720325196
blm_butte_Butte District,1980-10-01,42.0571869025485
blm_butte_Butte District,1980-11-01,34.03998968549823
blm_butte_Butte District,1980-12-01,32.00123208755095
blm_butte_Butte District,1981-01-01,17.3379363380908
blm_butte_Butte District,1981-02-01,40.44419916185265
blm_butte_Butte District,1981-03-01,43.94892207063444
blm_butte_Butte District,1981-04-01,48.88608827997282
blm_butte_Butte District,1981-05-01,168.82813142310422
blm_butte_Butte District,1981-06-01,80.17643733484789
blm_butte_Butte District,1981-07-01,35.13295686856922
blm_butte_Butte District,1981-08-01,16.074486672143916
blm_butte_Butte District,1981-09-01,27.286550339242517
blm_butte_Butte District,1981-10-01,51.751694066323786
blm_butte_Butte District,1981-11-01,41.87433269797409
blm_butte_Butte District,1981-12-01,47.98044152224333
blm_butte_Butte District,1982-01-01,56.132597543375695
blm_butte_Butte District,1982-02-01,34.668942490887105
blm_butte_Butte District,1982-03-01,72.57679675883581
blm_butte_Butte District,1982-04-01,65.40682746889165
blm_butte_Butte District,1982-05-01,78.9071868841653
blm_butte_Butte District,1982-06-01,81.78911703959628
blm_butte_Butte District,1982-07-01,44.83280290519432
blm_butte_Butte District,1982-08-01,28.406160188161863
blm_butte_Butte District,1982-09-01,74.62417864946369
blm_butte_Butte District,1982-10-01,35.59229987553747
blm_butte_Butte District,1982-11-01,31.424435315374478
blm_butte_Butte District,1982-12-01,54.9774640521964
blm_butte_Butte District,1983-01-01,22.571611946123582
blm_butte_Butte District,1983-02-01,30.544507193736717
blm_butte_Butte District,1983-03-01,49.1386037112751
blm_butte_Butte District,1983-04-01,39.108213591624576
blm_butte_Butte District,1983-05-01,67.37453801627032
blm_butte_Butte District,1983-06-01,71.68670432425623
blm_butte_Butte District,1983-07-01,87.33377823839442
blm_butte_Butte District,1983-08-01,47.93285425928339
blm_butte_Butte District,1983-09-01,69.06914781593933
blm_butte_Butte District,1983-10-01,41.97720739875731
blm_butte_Butte District,1983-11-01,56.151180603420954
blm_butte_Butte District,1983-12-01,44.79753597536616
blm_butte_Butte District,1984-01-01,22.81858318012965
blm_butte_Butte District,1984-02-01,24.769969214220556
blm_butte_Butte District,1984-03-01,57.53146819461298
blm_butte_Butte District,1984-04-01,67.38906558485246
blm_butte_Butte District,1984-05-01,63.136139673863596
blm_butte_Butte District,1984-06-01,78.55477410420255
blm_butte_Butte District,1984-07-01,36.52505138351198
blm_butte_Butte District,1984-08-01,56.89322386238364
blm_butte_Butte District,1984-09-01,49.31401442159618
blm_butte_Butte District,1984-10-01,42.24815197377724
blm_butte_Butte District,1984-11-01,38.34414787569085
blm_butte_Butte District,1984-12-01,34.59743328885131
blm_butte_Butte District,1985-01-01,17.699178667222693
blm_butte_Butte District,1985-02-01,29.867043137060787
blm_butte_Butte District,1985-03-01,49.96842919287006
blm_butte_Butte District,1985-04-01,25.843531822154652
blm_butte_Butte District,1985-05-01,51.31873721802259
blm_butte_Butte District,1985-06-01,27.031827527394775
blm_butte_Butte District,1985-07-01,27.02818276688793
blm_butte_Butte District,1985-08-01,65.09219710293247
blm_butte_Butte District,1985-09-01,92.72166320039017
blm_butte_Butte District,1985-10-01,37.77207394547042
blm_butte_Butte District,1985-11-01,44.61437374732822
blm_butte_Butte District,1985-12-01,18.608572907271572
blm_butte_Butte District,1986-01-01,31.078336725979124
blm_butte_Butte District,1986-02-01,67.85985632451897
blm_butte_Butte District,1986-03-01,38.57571872842385
blm_butte_Butte District,1986-04-01,65.61627311848517
blm_butte_Butte District,1986-05-01,60.720123250871225
blm_butte_Butte District,1986-06-01,63.41760784889394
blm_butte_Butte District,1986-07-01,65.99373719530674
blm_butte_Butte District,1986-08-01,48.13193019851277
blm_butte_Butte District,1986-09-01,70.26935320664235
blm_butte_Butte District,1986-10-01,17.365041066488935
blm_butte_Butte District,1986-11-01,51.81699181949333
blm_butte_Butte District,1986-12-01,11.243788523840463
blm_butte_Butte District,1987-01-01,22.10882953984292
blm_butte_Butte District,1987-02-01,19.664887052725472
blm_butte_Butte District,1987-03-01,38.07063657449256
blm_butte_Butte District,1987-04-01,20.511396319163655
blm_butte_Butte District,1987-05-01,103.97099589322382
blm_butte_Butte District,1987-06-01,38.77833675603847
blm_butte_Butte District,1987-07-01,103.16093421325057
blm_butte_Butte District,1987-08-01,48.10600621744348
blm_butte_Butte District,1987-09-01,14.664425073493678
blm_butte_Butte District,1987-10-01,3.8101129476478213
blm_butte_Butte District,1987-11-01,17.175051336660523
blm_butte_Butte District,1987-12-01,37.20924028503332
blm_butte_Butte District,1988-01-01,33.170636548337505
blm_butte_Butte District,1988-02-01,33.45939422736912
blm_butte_Butte District,1988-03-01,49.289373759616325
blm_butte_Butte District,1988-04-01,65.75539014863283
blm_butte_Butte District,1988-05-01,83.80698150971587
blm_butte_Butte District,1988-06-01,34.48270024607069
blm_butte_Butte District,1988-07-01,14.450051357613942
blm_butte_Butte District,1988-08-01,8.285677622506507
blm_butte_Butte District,1988-09-01,39.66057498964196
blm_butte_Butte District,1988-10-01,22.645482568142963
blm_butte_Butte District,1988-11-01,52.00323412452635
blm_butte_Butte District,1988-12-01,28.642299817572873
blm_butte_Butte District,1989-01-01,52.30189939984551
blm_butte_Butte District,1989-02-01,30.423973308696393
blm_butte_Butte District,1989-03-01,69.47571874692945
blm_butte_Butte District,1989-04-01,54.035112983637035
blm_butte_Butte District,1989-05-01,74.94050309398581
blm_butte_Butte District,1989-06-01,51.782289562773656
blm_butte_Butte District,1989-07-01,38.66427100904179
blm_butte_Butte District,1989-08-01,59.50420944597687
blm_butte_Butte District,1989-09-01,29.083572898802082
blm_butte_Butte District,1989-10-01,55.94476394976434
blm_butte_Butte District,1989-11-01,37.392710434796875
blm_butte_Butte District,1989-12-01,43.83105747937177
blm_butte_Butte District,1990-01-01,41.369661212885404
blm_butte_Butte District,1990-02-01,23.738552394925446
blm_butte_Butte District,1990-03-01,43.28613967817177
blm_butte_Butte District,1990-04-01,53.5369609552732
blm_butte_Butte District,1990-05-01,88.52736149970022
blm_butte_Butte District,1990-06-01,42.877977447588094
blm_butte_Butte District,1990-07-01,28.47520538424075
blm_butte_Butte District,1990-08-01,56.68680699796892
blm_butte_Butte District,1990-09-01,11.745379886526836
blm_butte_Butte District,1990-10-01,37.57407597937378
blm_butte_Butte District,1990-11-01,39.44861399650084
blm_butte_Butte District,1990-12-01,34.70369609963967
blm_butte_Butte District,1991-01-01,27.070379905234372
blm_butte_Butte District,1991-02-01,14.995585230035703
blm_butte_Butte District,1991-03-01,57.707392210343535
blm_butte_Butte District,1991-04-01,80.45046200277379
blm_butte_Butte District,1991-05-01,101.75102670187823
blm_butte_Butte District,1991-06-01,64.1283881666724
blm_butte_Butte District,1991-07-01,16.509753605423523
blm_butte_Butte District,1991-08-01,25.87941478067355
blm_butte_Butte District,1991-09-01,50.99810059702127
blm_butte_Butte District,1991-10-01,36.55477418204352
blm_butte_Butte District,1991-11-01,54.49522587136811
blm_butte_Butte District,1991-12-01,32.68665296206484
blm_butte_Butte District,1992-01-01,18.452310088111634
blm_butte_Butte District,1992-02-01,19.860420931260688
blm_butte_Butte District,1992-03-01,27.44625259473828
blm_butte_Butte District,1992-04-01,64.12258728867438
blm_butte_Butte District,1992-05-01,55.87079055696053
blm_butte_Butte District,1992-06-01,115.79943530613392
blm_butte_Butte District,1992-07-01,55.27330597617053
blm_butte_Butte District,1992-08-01,23.110729031983833
blm_butte_Butte District,1992-09-01,40.33634499051977
blm_butte_Butte District,1992-10-01,50.07587270227546
blm_butte_Butte District,1992-11-01,36.295174510204816
blm_butte_Butte District,1992-12-01,43.00446620100088
blm_butte_Butte District,1993-01-01,32.599127304872205
blm_butte_Butte District,1993-02-01,26.908213582371783
blm_butte_Butte District,1993-03-01,33.740554415225006
blm_butte_Butte District,1993-04-01,85.93105750602864
blm_butte_Butte District,1993-05-01,77.85985631962332
blm_butte_Butte District,1993-06-01,105.67443521213727
blm_butte_Butte District,1993-07-01,119.69964069311624
blm_butte_Butte District,1993-08-01,81.3539527593452
blm_butte_Butte District,1993-09-01,29.891170428518887
blm_butte_Butte District,1993-10-01,36.804055435946346
blm_butte_Butte District,1993-11-01,21.94614990658339
blm_butte_Butte District,1993-12-01,28.133213525435274
blm_butte_Butte District,1994-01-01,31.33311087186821
blm_butte_Butte District,1994-02-01,32.88536963754121
blm_butte_Butte District,1994-03-01,26.03598566338022
blm_butte_Butte District,1994-04-01,58.499538021165975
blm_butte_Butte District,1994-05-01,58.13403488723159
blm_butte_Butte District,1994-06-01,62.24820335004364
blm_butte_Butte District,1994-07-01,51.96170428254521
blm_butte_Butte District,1994-08-01,15.877258737932975
blm_butte_Butte District,1994-09-01,8.468788516518394
blm_butte_Butte District,1994-10-01,67.58136552413141
blm_butte_Butte District,1994-11-01,46.015451762710505
blm_butte_Butte District,1994-12-01,35.88875770311826
blm_butte_Butte District,1995-01-01,38.67869614514482
blm_butte_Butte District,1995-02-01,21.885420961485263
blm_butte_Butte District,1995-03-01,62.51098567847109
blm_butte_Butte District,1995-04-01,77.4001027064157
blm_butte_Butte District,1995-05-01,75.29784387435757
blm_butte_Butte District,1995-06-01,78.22428133453433
blm_butte_Butte District,1995-07-01,71.78470221290354
blm_butte_Butte District,1995-08-01,35.41324433360012
blm_butte_Butte District,1995-09-01,44.76226902987188
blm_butte_Butte District,1995-10-01,50.94101645765363
blm_butte_Butte District,1995-11-01,62.60580079921462
blm_butte_Butte District,1995-12-01,36.060882999177345
blm_butte_Butte District,1996-01-01,53.10995895808727
blm_butte_Butte District,1996-02-01,41.808880908839264
blm_butte_Butte District,1996-03-01,49.37392204840815
blm_butte_Butte District,1996-04-01,58.78141691650453
blm_butte_Butte District,1996-05-01,111.79866533847316
blm_butte_Butte District,1996-06-01,31.704825447080562
blm_butte_Butte District,1996-07-01,15.094199207161976
blm_butte_Butte District,1996-08-01,20.97114991003483
blm_butte_Butte District,1996-09-01,34.95949692598848
blm_butte_Butte District,1996-10-01,38.39496923337482
blm_butte_Butte District,1996-11-01,57.40744357872793
blm_butte_Butte District,1996-12-01,93.2913244737492
blm_butte_Butte District,1997-01-01,64.91719720251017
blm_butte_Butte District,1997-02-01,35.02695073973717
blm_butte_Butte District,1997-03-01,42.75472281943601
blm_butte_Butte District,1997-04-01,58.10651949323423
blm_butte_Butte District,1997-05-01,82.8821355870617
blm_butte_Butte District,1997-06-01,97.61740247033215
blm_butte_Butte District,1997-07-01,77.58793639157587
blm_butte_Butte District,1997-08-01,59.02643739320414
blm_butte_Butte District,1997-09-01,45.43300821257323
blm_butte_Butte District,1997-10-01,52.895174620822225
blm_butte_Butte District,1997-11-01,25.216170467023243
blm_butte_Butte District,1997-12-01,21.59958936069046
blm_butte_Butte District,1998-01-01,50.24065711782209
blm_butte_Butte District,1998-02-01,20.558316265165928
blm_butte_Butte District,1998-03-01,42.162474369121526
blm_butte_Butte District,1998-04-01,47.92304930451959
blm_butte_Butte District,1998-05-01,59.11709452409764
blm_butte_Butte District,1998-06-01,126.94846006976995
blm_butte_Butte District,1998-07-01,46.488655024240636
blm_butte_Butte District,1998-08-01,23.383521612664758
blm_butte_Butte District,1998-09-01,30.082392209853968
blm_butte_Butte District,1998-10-01,22.318634500493747
blm_butte_Butte District,1998-11-01,52.67422998955118
blm_butte_Butte District,1998-12-01,45.4014373995073
blm_butte_Butte District,1999-01-01,48.060574948298125
blm_butte_Butte District,1999-02-01,49.469301840791466
blm_butte_Butte District,1999-03-01,26.614219735780047
blm_butte_Butte District,1999-04-01,48.58536964128639
blm_butte_Butte District,1999-05-01,73.88146826961447
blm_butte_Butte District,1999-06-01,66.09964078554627
blm_butte_Butte District,1999-07-01,12.09214582837338
blm_butte_Butte District,1999-08-01,64.69928133610092
blm_butte_Butte District,1999-09-01,18.01252570093535
blm_butte_Butte District,1999-10-01,17.055338828042302
blm_butte_Butte District,1999-11-01,24.121868628006453
blm_butte_Butte District,1999-12-01,41.49004110326757
blm_butte_Butte District,2000-01-01,35.37294664673002
blm_butte_Butte District,2000-02-01,37.57967149893116
blm_butte_Butte District,2000-03-01,38.55574949810882
blm_butte_Butte District,2000-04-01,38.43449689867071
blm_butte_Butte District,2000-05-01,79.38028751800192
blm_butte_Butte District,2000-06-01,52.13788506039849
blm_butte_Butte District,2000-07-01,21.24835732854612
blm_butte_Butte District,2000-08-01,16.05220742343143
blm_butte_Butte District,2000-09-01,41.839989738971056
blm_butte_Butte District,2000-10-01,55.736550349719224
blm_butte_Butte District,2000-11-01,28.44804928557339
blm_butte_Butte District,2000-12-01,28.60918894489688
blm_butte_Butte District,2001-01-01,14.116067784522837
blm_butte_Butte District,2001-02-01,23.44070845622057
blm_butte_Butte District,2001-03-01,30.902566810040994
blm_butte_Butte District,2001-04-01,59.13126279441238
blm_butte_Butte District,2001-05-01,31.700154040995564
blm_butte_Butte District,2001-06-01,94.27607803618884
blm_butte_Butte District,2001-07-01,52.6377310517877
blm_butte_Butte District,2001-08-01,8.310831662688168
blm_butte_Butte District,2001-09-01,32.266991845146585
blm_butte_Butte District,2001-10-01,48.81267966847155
blm_butte_Butte District,2001-11-01,22.168121165318656
blm_butte_Butte District,2001-12-01,29.816632452564317
blm_butte_Butte District,2002-01-01,35.22197126785343
blm_butte_Butte District,2002-02-01,25.602310104047003
blm_butte_Butte District,2002-03-01,38.65698158300388
blm_butte_Butte District,2002-04-01,48.30903498152198
blm_butte_Butte District,2002-05-01,71.3540041314503
blm_butte_Butte District,2002-06-01,93.72299797676916
blm_butte_Butte District,2002-07-01,39.25508215344173
blm_butte_Butte District,2002-08-01,46.042967197097056
blm_butte_Butte District,2002-09-01,37.239835759697506
blm_butte_Butte District,2002-10-01,18.96806983530399
blm_butte_Butte District,2002-11-01,25.06714584107761
blm_butte_Butte District,2002-12-01,20.89702261087831
blm_butte_Butte District,2003-01-01,49.56678653473237
blm_butte_Butte District,2003-02-01,49.96149896204594
blm_butte_Butte District,2003-03-01,59.650667361899814
blm_butte_Butte District,2003-04-01,82.03613958417513
blm_butte_Butte District,2003-05-01,65.8919405202846
blm_butte_Butte District,2003-06-01,45.98167352118286
blm_butte_Butte District,2003-07-01,14.68993845832911
blm_butte_Butte District,2003-08-01,25.614733060282603
blm_butte_Butte District,2003-09-01,20.425205369749598
blm_butte_Butte District,2003-10-01,29.41221769022501
blm_butte_Butte District,2003-11-01,32.52325462670787
blm_butte_Butte District,2003-12-01,52.09609860757048
blm_butte_Butte District,2004-01-01,32.06113963523685
blm_butte_Butte District,2004-02-01,31.763963042343423
blm_butte_Butte District,2004-03-01,25.503747474425136
blm_butte_Butte District,2004-04-01,49.361755715748124
blm_butte_Butte District,2004-05-01,91.93141690318834
blm_butte_Butte District,2004-06-01,66.32838813969731
blm_butte_Butte District,2004-07-01,39.272946657341365
blm_butte_Butte District,2004-08-01,59.20672489534413
blm_butte_Butte District,2004-09-01,49.92669409746017
blm_butte_Butte District,2004-10-01,42.43793643720341
blm_butte_Butte District,2004-11-01,20.720636586939776
blm_butte_Butte District,2004-12-01,30.514373781438724
blm_butte_Butte District,2005-01-01,25.344763865461093
blm_butte_Butte District,2005-02-01,14.268121177074356
blm_butte_Butte District,2005-03-01,49.223305989095074
blm_butte_Butte District,2005-04-01,54.639373655681496
blm_butte_Butte District,2005-05-01,85.71755651869569
blm_butte_Butte District,2005-06-01,116.80482555365906
blm_butte_Butte District,2005-07-01,23.461601692609474
blm_butte_Butte District,2005-08-01,40.926950705859205
blm_butte_Butte District,2005-09-01,37.43341894169363
blm_butte_Butte District,2005-10-01,47.24111911452526
blm_butte_Butte District,2005-11-01,66.03470228633842
blm_butte_Butte District,2005-12-01,49.28880908552871
blm_butte_Butte District,2006-01-01,41.61545177896409
blm_butte_Butte District,2006-02-01,27.004825486386583
blm_butte_Butte District,2006-03-01,38.265965147184886
blm_butte_Butte District,2006-04-01,81.403593483402
blm_butte_Butte District,2006-05-01,44.29096506263686
blm_butte_Butte District,2006-06-01,74.53921965945673
blm_butte_Butte District,2006-07-01,24.65888092772427
blm_butte_Butte District,2006-08-01,20.051950783944964
blm_butte_Butte District,2006-09-01,39.648562658004444
blm_butte_Butte District,2006-10-01,78.07541067742224
blm_butte_Butte District,2006-11-01,36.20754623743543
blm_butte_Butte District,2006-12-01,30.40985628760571
blm_butte_Butte District,2007-01-01,21.16391176187282
blm_butte_Butte District,2007-02-01,49.1690965051279
blm_butte_Butte District,2007-03-01,27.826283444369352
blm_butte_Butte District,2007-04-01,56.61391174670852
blm_butte_Butte District,2007-05-01,91.4450719008945
blm_butte_Butte District,2007-06-01,51.30446615307238
blm_butte_Butte District,2007-07-01,24.687166362082934
blm_butte_Butte District,2007-08-01,25.747844015793145
blm_butte_Butte District,2007-09-01,44.39984599765566
blm_butte_Butte District,2007-10-01,60.68891166710511
blm_butte_Butte District,2007-11-01,33.39194047499976
blm_butte_Butte District,2007-12-01,40.09029779701017
blm_butte_Butte District,2008-01-01,43.95220742761722
blm_butte_Butte District,2008-02-01,36.57725878576968
blm_butte_Butte District,2008-03-01,40.14686865006139
blm_butte_Butte District,2008-04-01,44.656468228393024
blm_butte_Butte District,2008-05-01,97.01647848564006
blm_butte_Butte District,2008-06-01,74.0061602553303
blm_butte_Butte District,2008-07-01,23.592659173927267
blm_butte_Butte District,2008-08-01,23.569455878690526
blm_butte_Butte District,2008-09-01,31.611447631456034
blm_butte_Butte District,2008-10-01,33.01072899443413
blm_butte_Butte District,2008-11-01,48.5920431457261
blm_butte_Butte District,2008-12-01,57.50913764343614
blm_butte_Butte District,2009-01-01,34.51878848029358
blm_butte_Butte District,2009-02-01,26.195277220292258
blm_butte_Butte District,2009-03-01,70.23008214276919
blm_butte_Butte District,2009-04-01,66.8165811283143
blm_butte_Butte District,2009-05-01,49.339014399957364
blm_butte_Butte District,2009-06-01,70.73927110617166
blm_butte_Butte District,2009-07-01,57.31314171413132
blm_butte_Butte District,2009-08-01,44.39768997501788
blm_butte_Butte District,2009-09-01,18.228798808013632
blm_butte_Butte District,2009-10-01,62.88952776636676
blm_butte_Butte District,2009-11-01,25.7552875126167
blm_butte_Butte District,2009-12-01,27.70010267464287
blm_butte_Butte District,2010-01-01,25.35585214482196
blm_butte_Butte District,2010-02-01,12.772587270217754
blm_butte_Butte District,2010-03-01,24.92433265786335
blm_butte_Butte District,2010-04-01,55.02037990949972
blm_butte_Butte District,2010-05-01,86.67037991478702
blm_butte_Butte District,2010-06-01,97.78655050422621
blm_butte_Butte District,2010-07-01,24.78896302315244
blm_butte_Butte District,2010-08-01,59.58860372419964
blm_butte_Butte District,2010-09-01,36.385574989984654
blm_butte_Butte District,2010-10-01,26.36827511494899
blm_butte_Butte District,2010-11-01,57.34496911840028
blm_butte_Butte District,2010-12-01,38.93696096129486
blm_butte_Butte District,2011-01-01,39.86083163324078
blm_butte_Butte District,2011-02-01,38.348306018469025
blm_butte_Butte District,2011-03-01,61.19096515017124
blm_butte_Butte District,2011-04-01,93.08459963397078
blm_butte_Butte District,2011-05-01,121.16355251139929
blm_butte_Butte District,2011-06-01,84.56673518930862
blm_butte_Butte District,2011-07-01,25.560420973344996
blm_butte_Butte District,2011-08-01,22.743429190446708
blm_butte_Butte District,2011-09-01,9.593326520503668
blm_butte_Butte District,2011-10-01,54.94199181190506
blm_butte_Butte District,2011-11-01,37.83921976035625
blm_butte_Butte District,2011-12-01,37.00687888393167
blm_butte_Butte District,2012-01-01,33.06314172502416
blm_butte_Butte District,2012-02-01,35.878850166312965
blm_butte_Butte District,2012-03-01,59.78362422459424
blm_butte_Butte District,2012-04-01,65.74645785188773
blm_butte_Butte District,2012-05-01,71.67392198065224
blm_butte_Butte District,2012-06-01,34.78690963604122
blm_butte_Butte District,2012-07-01,30.636036971756077
blm_butte_Butte District,2012-08-01,12.6380903644973
blm_butte_Butte District,2012-09-01,7.913809038423293
blm_butte_Butte District,2012-10-01,40.5452259110719
blm_butte_Butte District,2012-11-01,44.48198157022621
blm_butte_Butte District,2012-12-01,46.81144770728979
blm_butte_Butte District,2013-01-01,29.63557494837156
blm_butte_Butte District,2013-02-01,22.944917869518914
blm_butte_Butte District,2013-03-01,26.673819306817144
blm_butte_Butte District,2013-04-01,45.055646834677006
blm_butte_Butte District,2013-05-01,89.88716633070176
blm_butte_Butte District,2013-06-01,62.55092400642881
blm_butte_Butte District,2013-07-01,26.16031829973021
blm_butte_Butte District,2013-08-01,26.344866549944243
blm_butte_Butte District,2013-09-01,78.19389116396894
blm_butte_Butte District,2013-10-01,33.44671458116058
blm_butte_Butte District,2013-11-01,27.52279258722887
blm_butte_Butte District,2013-12-01,41.68454833441936
blm_butte_Butte District,2014-01-01,40.6433265209198
blm_butte_Butte District,2014-02-01,70.34604720853928
blm_butte_Butte District,2014-03-01,79.1632442650609
blm_butte_Butte District,2014-04-01,57.52063653797095
blm_butte_Butte District,2014-05-01,47.04348051621439
blm_butte_Butte District,2014-06-01,73.90985622445172
blm_butte_Butte District,2014-07-01,24.744096502386324
blm_butte_Butte District,2014-08-01,88.68511289247986
blm_butte_Butte District,2014-09-01,43.85882956829894
blm_butte_Butte District,2014-10-01,25.102412746274496
blm_butte_Butte District,2014-11-01,59.36375769648464
blm_butte_Butte District,2014-12-01,46.0663758411055
blm_butte_Butte District,2015-01-01,32.39630391857218
blm_butte_Butte District,2015-02-01,30.618069837347928
blm_butte_Butte District,2015-03-01,18.69851131385357
blm_butte_Butte District,2015-04-01,44.53110884543072
blm_butte_Butte District,2015-05-01,91.94661190377613
blm_butte_Butte District,2015-06-01,28.649691986107484
blm_butte_Butte District,2015-07-01,58.23311089588142
blm_butte_Butte District,2015-08-01,26.99928134226946
blm_butte_Butte District,2015-09-01,47.253336764459
blm_butte_Butte District,2015-10-01,40.399281358816786
blm_butte_Butte District,2015-11-01,49.40451741708133
blm_butte_Butte District,2015-12-01,57.57618076943274
blm_butte_Butte District,2016-01-01,27.59450717701804
blm_butte_Butte District,2016-02-01,21.257392200616472
blm_butte_Butte District,2016-03-01,51.056930199051294
blm_butte_Butte District,2016-04-01,54.590143690363824
blm_butte_Butte District,2016-05-01,74.85415808327144
blm_butte_Butte District,2016-06-01,29.219558524400057
blm_butte_Butte District,2016-07-01,40.77500003686431
blm_butte_Butte District,2016-08-01,20.684599564795132
blm_butte_Butte District,2016-09-01,49.08316219318085
blm_butte_Butte District,2016-10-01,86.61386032026162
blm_butte_Butte District,2016-11-01,20.572330609958396
blm_butte_Butte District,2016-12-01,53.54748452419618
blm_butte_Butte District,2017-01-01,33.90282344671245
blm_butte_Butte District,2017-02-01,49.423562601851245
blm_butte_Butte District,2017-03-01,49.65533881773694
blm_butte_Butte District,2017-04-01,79.26083161160197
blm_butte_Butte District,2017-05-01,66.65713554535068
blm_butte_Butte District,2017-06-01,63.89804932322101
blm_butte_Butte District,2017-07-01,16.801386046580955
blm_butte_Butte District,2017-08-01,11.90508213672917
blm_butte_Butte District,2017-09-01,72.62628335580689
blm_butte_Butte District,2017-10-01,35.08352157075792
blm_butte_Butte District,2017-11-01,65.06134504067579
blm_butte_Butte District,2017-12-01,62.61370642963621
blm_butte_Butte District,2018-01-01,38.562217652185744
blm_butte_Butte District,2018-02-01,60.67325463358627
blm_butte_Butte District,2018-03-01,50.33798772598439
blm_butte_Butte District,2018-04-01,85.92833678776233
blm_butte_Butte District,2018-05-01,89.26796709683397
blm_butte_Butte District,2018-06-01,111.35580072461703
blm_butte_Butte District,2018-07-01,10.122433264443394
blm_butte_Butte District,2018-08-01,28.120739268326417
blm_butte_Butte District,2018-09-01,16.533726899775637
blm_butte_Butte District,2018-10-01,43.97330598028289
blm_butte_Butte District,2018-11-01,50.681262804742225
blm_butte_Butte District,2018-12-01,23.944045196078886
blm_butte_Butte District,2019-01-01,39.53377821386717
blm_butte_Butte District,2019-02-01,81.73947643793095
blm_butte_Butte District,2019-03-01,22.46570843886546
blm_butte_Butte District,2019-04-01,80.01694045076624
blm_butte_Butte District,2019-05-01,62.071509258458256
blm_butte_Butte District,2019-06-01,52.84999999618139
blm_butte_Butte District,2019-07-01,47.95785422197847
blm_butte_Butte District,2019-08-01,31.654004105307482
blm_butte_Butte District,2019-09-01,86.29276185750471
blm_butte_Butte District,2019-10-01,56.23567761092215
blm_butte_Butte District,2019-11-01,31.434188936525302
blm_butte_Butte District,2019-12-01,21.083829542205073
blm_butte_Butte District,2020-01-01,34.49989733849585
blm_butte_Butte District,2020-02-01,52.03536960598869
blm_butte_Butte District,2020-03-01,47.87443531147019
blm_butte_Butte District,2020-04-01,40.1482032872813
blm_butte_Butte District,2020-05-01,62.26149896821447
blm_butte_Butte District,2020-06-01,102.27808012560897
blm_butte_Butte District,2020-07-01,21.00508213973388
blm_butte_Butte District,2020-08-01,13.096919924938703
blm_butte_Butte District,2020-09-01,20.370944587846555
blm_butte_Butte District,2020-10-01,72.26380910471968
blm_butte_Butte District,2020-11-01,30.968634487667124
blm_butte_Butte District,2020-12-01,22.2842402256245
blm_butte_Butte District,2021-01-01,31.250308006451114
blm_butte_Butte District,2021-02-01,64.4390656757159
blm_butte_Butte District,2021-03-01,25.378388086628377
blm_butte_Butte District,2021-04-01,40.64081110601797
blm_butte_Butte District,2021-05-01,76.27797739902316
blm_butte_Butte District,2021-06-01,11.05590350629123
blm_butte_Butte District,2021-07-01,17.064989763241286
blm_butte_Butte District,2021-08-01,66.73557498175995
blm_butte_Butte District,2021-09-01,6.637423002836151
blm_butte_Butte District,2021-10-01,43.047792579114315
blm_butte_Butte District,2021-11-01,27.446560567348154
blm_butte_Butte District,2021-12-01,57.44543118692277
blm_butte_Butte District,2022-01-01,32.76771047937797
blm_butte_Butte District,2022-02-01,24.306108845088026
blm_butte_Butte District,2022-03-01,28.50867561956206
blm_butte_Butte District,2022-04-01,67.96545173157412
blm_butte_Butte District,2022-05-01,102.11509236662785
blm_butte_Butte District,2022-06-01,73.8505646688003
blm_butte_Butte District,2022-07-01,31.296355242846683
blm_butte_Butte District,2022-08-01,34.25518480757179
blm_butte_Butte District,2022-09-01,33.55395277569671
blm_butte_Butte District,2022-10-01,61.692043140928355
blm_butte_Butte District,2022-11-01,46.147073938616494
blm_butte_Butte District,2022-12-01,50.563809010527216
blm_butte_Butte District,2023-01-01,36.12084186126074
blm_butte_Butte District,2023-02-01,38.94620125959541
blm_butte_Butte District,2023-03-01,64.97746413052694
blm_butte_Butte District,2023-04-01,48.37895281554737
blm_butte_Butte District,2023-05-01,55.76293639823397
blm_butte_Butte District,2023-06-01,122.88218697189551
blm_butte_Butte District,2023-07-01,24.013809062617025
blm_butte_Butte District,2023-08-01,68.41765919945813
blm_butte_Butte District,2023-09-01,62.9683778447537
blm_butte_Butte District,2023-10-01,55.19229981933531
blm_butte_Butte District,2023-11-01,17.858316237324928
blm_butte_Butte District,2023-12-01,21.931519495449518
blm_butte_Butte District,2024-01-01,23.26021558303363
blm_butte_Butte District,2024-02-01,52.529517439601356
blm_butte_Butte District,2024-03-01,47.73516429009134
blm_butte_Butte District,2024-04-01,51.210831600048216
blm_butte_Butte District,2024-05-01,84.74378842445859
blm_butte_Butte District,2024-06-01,54.507546144834045
blm_butte_Butte District,2024-07-01,15.419763902374362
blm_butte_Butte District,2024-08-01,34.363911704605854
blm_butte_Butte District,2024-09-01,48.00651951736983
blm_butte_Butte District,2024-10-01,21.427412749468914
blm_butte_Butte District,2024-11-01,38.2580595425267
blm_butte_Butte District,2024-12-01,32.42587270726903
blm_butte_Butte District,2025-01-01,46.051796704102344
blm_butte_Butte District,2025-02-01,58.27279262131489
blm_butte_Butte District,2025-03-01,48.748254606611184
blm_butte_Butte District,2025-04-01,57.43968171872642
blm_butte_Butte District,2025-05-01,74.2855749531693
blm_butte_Butte District,2025-06-01,36.13413760941131
blm_butte_Butte District,2025-07-01,29.491991799225307
blm_butte_Butte District,2025-08-01,39.04573923263707
blm_butte_Butte District,2025-09-01,27.86586245276355
blm_butte_Butte District,2025-10-01,34.90487682256366
blm_dillon_Dillon District,1979-01-01,30.576996813033716
blm_dillon_Dillon District,1979-02-01,46.89603835409061
blm_dillon_Dillon District,1979-03-01,37.87520767796916
blm_dillon_Dillon District,1979-04-01,50.904536682957655
blm_dillon_Dillon District,1979-05-01,41.062555933151
blm_dillon_Dillon District,1979-06-01,37.30785949572969
blm_dillon_Dillon District,1979-07-01,18.520575107172274
blm_dillon_Dillon District,1979-08-01,45.058274798652235
blm_dillon_Dillon District,1979-09-01,3.468881796514645
blm_dillon_Dillon District,1979-10-01,39.62274763759333
blm_dillon_Dillon District,1979-11-01,23.984345049903798
blm_dillon_Dillon District,1979-12-01,19.997891402739686
blm_dillon_Dillon District,1980-01-01,49.7983387103096
blm_dillon_Dillon District,1980-02-01,37.46658148658923
blm_dillon_Dillon District,1980-03-01,52.04830673388399
blm_dillon_Dillon District,1980-04-01,33.14677316098929
blm_dillon_Dillon District,1980-05-01,152.70760369346544
blm_dillon_Dillon District,1980-06-01,69.49559108015066
blm_dillon_Dillon District,1980-07-01,41.04102234154844
blm_dillon_Dillon District,1980-08-01,35.899041549999495
blm_dillon_Dillon District,1980-09-01,69.83252403576154
blm_dillon_Dillon District,1980-10-01,32.12856232822894
blm_dillon_Dillon District,1980-11-01,31.265623017393363
blm_dillon_Dillon District,1980-12-01,33.014568704499986
blm_dillon_Dillon District,1981-01-01,15.481980856139058
blm_dillon_Dillon District,1981-02-01,44.70913747232943
blm_dillon_Dillon District,1981-03-01,40.10306703914849
blm_dillon_Dillon District,1981-04-01,46.53431313365412
blm_dillon_Dillon District,1981-05-01,133.5608307518517
blm_dillon_Dillon District,1981-06-01,69.44319492315712
blm_dillon_Dillon District,1981-07-01,25.783194885619533
blm_dillon_Dillon District,1981-08-01,11.075207687109804
blm_dillon_Dillon District,1981-09-01,27.33897762481397
blm_dillon_Dillon District,1981-10-01,49.35392972196634
blm_dillon_Dillon District,1981-11-01,48.126837071062276
blm_dillon_Dillon District,1981-12-01,50.59916935477394
blm_dillon_Dillon District,1982-01-01,54.173738087480444
blm_dillon_Dillon District,1982-02-01,34.61507982065122
blm_dillon_Dillon District,1982-03-01,77.2863257776815
blm_dillon_Dillon District,1982-04-01,60.359041496739984
blm_dillon_Dillon District,1982-05-01,69.02025560616686
blm_dillon_Dillon District,1982-06-01,64.65527155574519
blm_dillon_Dillon District,1982-07-01,47.94785934423867
blm_dillon_Dillon District,1982-08-01,26.086581455023524
blm_dillon_Dillon District,1982-09-01,69.18504787725382
blm_dillon_Dillon District,1982-10-01,39.461725251743204
blm_dillon_Dillon District,1982-11-01,31.954632599589925
blm_dillon_Dillon District,1982-12-01,64.8915655587047
blm_dillon_Dillon District,1983-01-01,24.507476044767582
blm_dillon_Dillon District,1983-02-01,40.006517620970264
blm_dillon_Dillon District,1983-03-01,62.06894585118888
blm_dillon_Dillon District,1983-04-01,30.358849815362557
blm_dillon_Dillon District,1983-05-01,46.31514379239311
blm_dillon_Dillon District,1983-06-01,79.14785944295767
blm_dillon_Dillon District,1983-07-01,77.4094569148347
blm_dillon_Dillon District,1983-08-01,66.98734829936164
blm_dillon_Dillon District,1983-09-01,57.942555887630576
blm_dillon_Dillon District,1983-10-01,44.1447923617622
blm_dillon_Dillon District,1983-11-01,68.04792332329308
blm_dillon_Dillon District,1983-12-01,46.8272204396062
blm_dillon_Dillon District,1984-01-01,23.389904146148755
blm_dillon_Dillon District,1984-02-01,25.758146953582763
blm_dillon_Dillon District,1984-03-01,58.628434545620564
blm_dillon_Dillon District,1984-04-01,69.49450485851057
blm_dillon_Dillon District,1984-05-01,68.34677314758301
blm_dillon_Dillon District,1984-06-01,90.97405744314955
blm_dillon_Dillon District,1984-07-01,53.36651759589442
blm_dillon_Dillon District,1984-08-01,61.1254314069169
blm_dillon_Dillon District,1984-09-01,37.00498410124367
blm_dillon_Dillon District,1984-10-01,44.32140565969693
blm_dillon_Dillon District,1984-11-01,45.01923322769019
blm_dillon_Dillon District,1984-12-01,30.751373787733694
blm_dillon_Dillon District,1985-01-01,18.250734844451515
blm_dillon_Dillon District,1985-02-01,27.855782794723876
blm_dillon_Dillon District,1985-03-01,51.925942480069
blm_dillon_Dillon District,1985-04-01,18.20345047754221
blm_dillon_Dillon District,1985-05-01,58.97827476769591
blm_dillon_Dillon District,1985-06-01,24.82920131439599
blm_dillon_Dillon District,1985-07-01,33.32939301664456
blm_dillon_Dillon District,1985-08-01,40.827923341452504
blm_dillon_Dillon District,1985-09-01,81.47073486986251
blm_dillon_Dillon District,1985-10-01,32.73501598385576
blm_dillon_Dillon District,1985-11-01,43.979744433442626
blm_dillon_Dillon District,1985-12-01,15.29233229388825
blm_dillon_Dillon District,1986-01-01,33.07424920359359
blm_dillon_Dillon District,1986-02-01,72.2573801156431
blm_dillon_Dillon District,1986-03-01,36.42645367570579
blm_dillon_Dillon District,1986-04-01,62.175527178974576
blm_dillon_Dillon District,1986-05-01,69.71884987316193
blm_dillon_Dillon District,1986-06-01,52.611118227681416
blm_dillon_Dillon District,1986-07-01,45.153674171374625
blm_dillon_Dillon District,1986-08-01,55.24811504473701
blm_dillon_Dillon District,1986-09-01,60.949584704999346
blm_dillon_Dillon District,1986-10-01,17.491054324067818
blm_dillon_Dillon District,1986-11-01,44.02012778760526
blm_dillon_Dillon District,1986-12-01,8.698722053069277
blm_dillon_Dillon District,1987-01-01,28.994888169430315
blm_dillon_Dillon District,1987-02-01,25.52479231410895
blm_dillon_Dillon District,1987-03-01,35.523514345431096
blm_dillon_Dillon District,1987-04-01,17.812587884592173
blm_dillon_Dillon District,1987-05-01,105.001469726075
blm_dillon_Dillon District,1987-06-01,43.59623003706764
blm_dillon_Dillon District,1987-07-01,111.77929719431332
blm_dillon_Dillon District,1987-08-01,48.42575088842227
blm_dillon_Dillon District,1987-09-01,6.971948896886442
blm_dillon_Dillon District,1987-10-01,2.0584664516746045
blm_dillon_Dillon District,1987-11-01,21.718658155526597
blm_dillon_Dillon District,1987-12-01,39.86779550241586
blm_dillon_Dillon District,1988-01-01,31.47322679487661
blm_dillon_Dillon District,1988-02-01,27.748817881570456
blm_dillon_Dillon District,1988-03-01,45.03329077711501
blm_dillon_Dillon District,1988-04-01,66.27661344753668
blm_dillon_Dillon District,1988-05-01,67.06830666880258
blm_dillon_Dillon District,1988-06-01,28.72523965012913
blm_dillon_Dillon District,1988-07-01,9.419233231498792
blm_dillon_Dillon District,1988-08-01,11.624281166993772
blm_dillon_Dillon District,1988-09-01,30.507284355163574
blm_dillon_Dillon District,1988-10-01,11.110926513016794
blm_dillon_Dillon District,1988-11-01,63.26242808472996
blm_dillon_Dillon District,1988-12-01,26.726198106375747
blm_dillon_Dillon District,1989-01-01,49.369009666321
blm_dillon_Dillon District,1989-02-01,24.0900958691923
blm_dillon_Dillon District,1989-03-01,63.786006396113876
blm_dillon_Dillon District,1989-04-01,35.73591055519665
blm_dillon_Dillon District,1989-05-01,65.01252402771776
blm_dillon_Dillon District,1989-06-01,40.34811507215896
blm_dillon_Dillon District,1989-07-01,31.0301597253964
blm_dillon_Dillon District,1989-08-01,53.9520128304966
blm_dillon_Dillon District,1989-09-01,26.15565498705489
blm_dillon_Dillon District,1989-10-01,59.977635812607055
blm_dillon_Dillon District,1989-11-01,24.611118295988717
blm_dillon_Dillon District,1989-12-01,23.84722043264407
blm_dillon_Dillon District,1990-01-01,48.43143769727347
blm_dillon_Dillon District,1990-02-01,25.34817892587223
blm_dillon_Dillon District,1990-03-01,41.286517576516246
blm_dillon_Dillon District,1990-04-01,48.660319430683366
blm_dillon_Dillon District,1990-05-01,78.95878591324194
blm_dillon_Dillon District,1990-06-01,48.97380191083914
blm_dillon_Dillon District,1990-07-01,33.14306709118925
blm_dillon_Dillon District,1990-08-01,48.24798722556605
blm_dillon_Dillon District,1990-09-01,10.9632588039191
blm_dillon_Dillon District,1990-10-01,34.61424918327088
blm_dillon_Dillon District,1990-11-01,33.89814698216252
blm_dillon_Dillon District,1990-12-01,31.570990439497244
blm_dillon_Dillon District,1991-01-01,22.032971255162273
blm_dillon_Dillon District,1991-02-01,11.07341854736066
blm_dillon_Dillon District,1991-03-01,58.57884991252765
blm_dillon_Dillon District,1991-04-01,69.09463254849369
blm_dillon_Dillon District,1991-05-01,104.42306701855156
blm_dillon_Dillon District,1991-06-01,62.0500319532693
blm_dillon_Dillon District,1991-07-01,16.699424939871594
blm_dillon_Dillon District,1991-08-01,33.61725241993182
blm_dillon_Dillon District,1991-09-01,44.57399366458003
blm_dillon_Dillon District,1991-10-01,41.688498412001245
blm_dillon_Dillon District,1991-11-01,59.58070288466188
blm_dillon_Dillon District,1991-12-01,28.039808303708085
blm_dillon_Dillon District,1992-01-01,16.12996806885107
blm_dillon_Dillon District,1992-02-01,28.815015986247566
blm_dillon_Dillon District,1992-03-01,20.72357826659474
blm_dillon_Dillon District,1992-04-01,46.64051115627106
blm_dillon_Dillon District,1992-05-01,40.16900956882075
blm_dillon_Dillon District,1992-06-01,97.02984017320334
blm_dillon_Dillon District,1992-07-01,51.74223645000031
blm_dillon_Dillon District,1992-08-01,13.244281164144937
blm_dillon_Dillon District,1992-09-01,33.36856233380473
blm_dillon_Dillon District,1992-10-01,35.2967412229544
blm_dillon_Dillon District,1992-11-01,40.62063897714828
blm_dillon_Dillon District,1992-12-01,43.51437702163721
blm_dillon_Dillon District,1993-01-01,34.793801926500116
blm_dillon_Dillon District,1993-02-01,30.22773165078209
blm_dillon_Dillon District,1993-03-01,38.5104152895772
blm_dillon_Dillon District,1993-04-01,76.87763584734152
blm_dillon_Dillon District,1993-05-01,69.0615975011271
blm_dillon_Dillon District,1993-06-01,99.24006387143851
blm_dillon_Dillon District,1993-07-01,94.13910538060978
blm_dillon_Dillon District,1993-08-01,72.11597446526963
blm_dillon_Dillon District,1993-09-01,11.481150163419711
blm_dillon_Dillon District,1993-10-01,35.46862618626116
blm_dillon_Dillon District,1993-11-01,16.039744420401966
blm_dillon_Dillon District,1993-12-01,24.978083082052848
blm_dillon_Dillon District,1994-01-01,29.098147006613758
blm_dillon_Dillon District,1994-02-01,39.5563578523386
blm_dillon_Dillon District,1994-03-01,21.519169316733606
blm_dillon_Dillon District,1994-04-01,44.49041533729139
blm_dillon_Dillon District,1994-05-01,60.10261987192562
blm_dillon_Dillon District,1994-06-01,49.29373806596945
blm_dillon_Dillon District,1994-07-01,39.096996844843176
blm_dillon_Dillon District,1994-08-01,15.118210883186267
blm_dillon_Dillon District,1994-09-01,7.154696490913153
blm_dillon_Dillon District,1994-10-01,65.19910547177251
blm_dillon_Dillon District,1994-11-01,49.18894570993539
blm_dillon_Dillon District,1994-12-01,41.87482437036289
blm_dillon_Dillon District,1995-01-01,50.9713737902169
blm_dillon_Dillon District,1995-02-01,24.48587859571932
blm_dillon_Dillon District,1995-03-01,72.54696487877696
blm_dillon_Dillon District,1995-04-01,79.59277963729713
blm_dillon_Dillon District,1995-05-01,88.38849840011841
blm_dillon_Dillon District,1995-06-01,96.82332278120631
blm_dillon_Dillon District,1995-07-01,60.48753998241485
blm_dillon_Dillon District,1995-08-01,26.857252396409883
blm_dillon_Dillon District,1995-09-01,38.34172523059784
blm_dillon_Dillon District,1995-10-01,45.598913731437904
blm_dillon_Dillon District,1995-11-01,59.93386597100157
blm_dillon_Dillon District,1995-12-01,39.58664537435903
blm_dillon_Dillon District,1996-01-01,51.4341214457259
blm_dillon_Dillon District,1996-02-01,44.57207668033271
blm_dillon_Dillon District,1996-03-01,45.77150165691924
blm_dillon_Dillon District,1996-04-01,59.9311182796003
blm_dillon_Dillon District,1996-05-01,108.4084346125301
blm_dillon_Dillon District,1996-06-01,25.570159756108975
blm_dillon_Dillon District,1996-07-01,14.472715678382606
blm_dillon_Dillon District,1996-08-01,17.068370652731996
blm_dillon_Dillon District,1996-09-01,26.859041550974496
blm_dillon_Dillon District,1996-10-01,36.77718847658687
blm_dillon_Dillon District,1996-11-01,45.0218530764595
blm_dillon_Dillon District,1996-12-01,88.47418535768796
blm_dillon_Dillon District,1997-01-01,67.87833864620319
blm_dillon_Dillon District,1997-02-01,31.704153362554482
blm_dillon_Dillon District,1997-03-01,45.61303521177639
blm_dillon_Dillon District,1997-04-01,62.96389779770336
blm_dillon_Dillon District,1997-05-01,61.604089462719024
blm_dillon_Dillon District,1997-06-01,84.76210864862314
blm_dillon_Dillon District,1997-07-01,57.94575076362195
blm_dillon_Dillon District,1997-08-01,54.827539994846134
blm_dillon_Dillon District,1997-09-01,42.12920129916158
blm_dillon_Dillon District,1997-10-01,57.809329117601294
blm_dillon_Dillon District,1997-11-01,24.337188504679133
blm_dillon_Dillon District,1997-12-01,20.504217254772733
blm_dillon_Dillon District,1998-01-01,58.296613355033315
blm_dillon_Dillon District,1998-02-01,25.698083068311405
blm_dillon_Dillon District,1998-03-01,39.85322684815136
blm_dillon_Dillon District,1998-04-01,58.18677320267065
blm_dillon_Dillon District,1998-05-01,77.74939302925866
blm_dillon_Dillon District,1998-06-01,112.02153350293827
blm_dillon_Dillon District,1998-07-01,44.05041537421961
blm_dillon_Dillon District,1998-08-01,17.306134220891106
blm_dillon_Dillon District,1998-09-01,32.39757192751851
blm_dillon_Dillon District,1998-10-01,21.984728450897023
blm_dillon_Dillon District,1998-11-01,48.97099040643857
blm_dillon_Dillon District,1998-12-01,48.088945690435345
blm_dillon_Dillon District,1999-01-01,47.33284340773147
blm_dillon_Dillon District,1999-02-01,57.41936100603292
blm_dillon_Dillon District,1999-03-01,26.563770020122345
blm_dillon_Dillon District,1999-04-01,44.14594252711287
blm_dillon_Dillon District,1999-05-01,88.16900973578993
blm_dillon_Dillon District,1999-06-01,55.693418519870164
blm_dillon_Dillon District,1999-07-01,4.114504805845193
blm_dillon_Dillon District,1999-08-01,54.844792302043295
blm_dillon_Dillon District,1999-09-01,10.04511186505278
blm_dillon_Dillon District,1999-10-01,11.819616638357266
blm_dillon_Dillon District,1999-11-01,25.36939302206801
blm_dillon_Dillon District,1999-12-01,41.78204472392512
blm_dillon_Dillon District,2000-01-01,43.67118216048414
blm_dillon_Dillon District,2000-02-01,40.148306814017005
blm_dillon_Dillon District,2000-03-01,39.82830674777777
blm_dillon_Dillon District,2000-04-01,32.62632591076933
blm_dillon_Dillon District,2000-05-01,78.79706062828771
blm_dillon_Dillon District,2000-06-01,36.46875407063542
blm_dillon_Dillon District,2000-07-01,16.688754015913407
blm_dillon_Dillon District,2000-08-01,17.06127799829355
blm_dillon_Dillon District,2000-09-01,40.745303508039484
blm_dillon_Dillon District,2000-10-01,73.19763575544754
blm_dillon_Dillon District,2000-11-01,28.14108629653248
blm_dillon_Dillon District,2000-12-01,22.14274764578944
blm_dillon_Dillon District,2001-01-01,15.60626201751514
blm_dillon_Dillon District,2001-02-01,20.011693339606826
blm_dillon_Dillon District,2001-03-01,28.624408972529938
blm_dillon_Dillon District,2001-04-01,63.0882428519642
blm_dillon_Dillon District,2001-05-01,24.70881793201922
blm_dillon_Dillon District,2001-06-01,70.5975079874642
blm_dillon_Dillon District,2001-07-01,47.647795563841015
blm_dillon_Dillon District,2001-08-01,7.537124622363252
blm_dillon_Dillon District,2001-09-01,28.037380247146558
blm_dillon_Dillon District,2001-10-01,46.35520764189406
blm_dillon_Dillon District,2001-11-01,25.371246029393742
blm_dillon_Dillon District,2001-12-01,34.344536752822684
blm_dillon_Dillon District,2002-01-01,36.46466457744757
blm_dillon_Dillon District,2002-02-01,22.933929739897245
blm_dillon_Dillon District,2002-03-01,33.086645386546564
blm_dillon_Dillon District,2002-04-01,43.572971309869054
blm_dillon_Dillon District,2002-05-01,59.6761023061344
blm_dillon_Dillon District,2002-06-01,71.17565502130185
blm_dillon_Dillon District,2002-07-01,29.49392978040555
blm_dillon_Dillon District,2002-08-01,35.0494569059378
blm_dillon_Dillon District,2002-09-01,35.02127799256541
blm_dillon_Dillon District,2002-10-01,14.746198121275002
blm_dillon_Dillon District,2002-11-01,23.850670953452017
blm_dillon_Dillon District,2002-12-01,26.13610227374604
blm_dillon_Dillon District,2003-01-01,46.075527173337846
blm_dillon_Dillon District,2003-02-01,44.80102232911716
blm_dillon_Dillon District,2003-03-01,53.739424921224675
blm_dillon_Dillon District,2003-04-01,86.03201277857771
blm_dillon_Dillon District,2003-05-01,57.09431314681665
blm_dillon_Dillon District,2003-06-01,29.835527194574617
blm_dillon_Dillon District,2003-07-01,17.559041599572275
blm_dillon_Dillon District,2003-08-01,30.506964954095906
blm_dillon_Dillon District,2003-09-01,11.613418556326113
blm_dillon_Dillon District,2003-10-01,22.01846647361597
blm_dillon_Dillon District,2003-11-01,31.10364222998817
blm_dillon_Dillon District,2003-12-01,53.821853011865585
blm_dillon_Dillon District,2004-01-01,34.60881794512081
blm_dillon_Dillon District,2004-02-01,35.89782750583685
blm_dillon_Dillon District,2004-03-01,21.95827478669322
blm_dillon_Dillon District,2004-04-01,39.42664540629036
blm_dillon_Dillon District,2004-05-01,102.3913098831908
blm_dillon_Dillon District,2004-06-01,55.96511178306117
blm_dillon_Dillon District,2004-07-01,39.690670970148936
blm_dillon_Dillon District,2004-08-01,48.770032006406936
blm_dillon_Dillon District,2004-09-01,46.260191699872
blm_dillon_Dillon District,2004-10-01,45.26875400299462
blm_dillon_Dillon District,2004-11-01,16.357891370770268
blm_dillon_Dillon District,2004-12-01,34.06191696282774
blm_dillon_Dillon District,2005-01-01,23.415015972079562
blm_dillon_Dillon District,2005-02-01,11.77086262760071
blm_dillon_Dillon District,2005-03-01,41.20945689746747
blm_dillon_Dillon District,2005-04-01,54.06741219176271
blm_dillon_Dillon District,2005-05-01,94.1827477354592
blm_dillon_Dillon District,2005-06-01,105.56920133596792
blm_dillon_Dillon District,2005-07-01,17.436932957743686
blm_dillon_Dillon District,2005-08-01,37.810862639308354
blm_dillon_Dillon District,2005-09-01,35.85821084701977
blm_dillon_Dillon District,2005-10-01,46.52460069504028
blm_dillon_Dillon District,2005-11-01,59.96939297088038
blm_dillon_Dillon District,2005-12-01,46.02293929931836
blm_dillon_Dillon District,2006-01-01,52.17757193577556
blm_dillon_Dillon District,2006-02-01,28.793035165570416
blm_dillon_Dillon District,2006-03-01,43.47853038775654
blm_dillon_Dillon District,2006-04-01,74.1417891797928
blm_dillon_Dillon District,2006-05-01,37.94932910870439
blm_dillon_Dillon District,2006-06-01,67.66670930027581
blm_dillon_Dillon District,2006-07-01,28.01559111226481
blm_dillon_Dillon District,2006-08-01,16.64894571578541
blm_dillon_Dillon District,2006-09-01,31.121022446239337
blm_dillon_Dillon District,2006-10-01,68.62837068600396
blm_dillon_Dillon District,2006-11-01,40.26293937333476
blm_dillon_Dillon District,2006-12-01,31.500766736630816
blm_dillon_Dillon District,2007-01-01,20.67565498405371
blm_dillon_Dillon District,2007-02-01,47.91380196105177
blm_dillon_Dillon District,2007-03-01,28.0391054787194
blm_dillon_Dillon District,2007-04-01,49.08900965242721
blm_dillon_Dillon District,2007-05-01,63.89316299609102
blm_dillon_Dillon District,2007-06-01,45.7010224217424
blm_dillon_Dillon District,2007-07-01,22.406453707880868
blm_dillon_Dillon District,2007-08-01,26.811309934500308
blm_dillon_Dillon District,2007-09-01,53.212396279234476
blm_dillon_Dillon District,2007-10-01,62.21412149130727
blm_dillon_Dillon District,2007-11-01,28.264153401691694
blm_dillon_Dillon District,2007-12-01,49.66134190300402
blm_dillon_Dillon District,2008-01-01,51.11067094741919
blm_dillon_Dillon District,2008-02-01,36.31118209765742
blm_dillon_Dillon District,2008-03-01,38.883386626258826
blm_dillon_Dillon District,2008-04-01,43.25999999305311
blm_dillon_Dillon District,2008-05-01,86.71936108768938
blm_dillon_Dillon District,2008-06-01,49.33373802325215
blm_dillon_Dillon District,2008-07-01,14.209904186413311
blm_dillon_Dillon District,2008-08-01,19.430926565164196
blm_dillon_Dillon District,2008-09-01,25.52894569860099
blm_dillon_Dillon District,2008-10-01,32.06198085809287
blm_dillon_Dillon District,2008-11-01,38.82198083591157
blm_dillon_Dillon District,2008-12-01,52.07341854412335
blm_dillon_Dillon District,2009-01-01,34.71706072118717
blm_dillon_Dillon District,2009-02-01,18.962939349683328
blm_dillon_Dillon District,2009-03-01,74.00063901237024
blm_dillon_Dillon District,2009-04-01,60.2998722076416
blm_dillon_Dillon District,2009-05-01,42.12313098785595
blm_dillon_Dillon District,2009-06-01,77.26230034873889
blm_dillon_Dillon District,2009-07-01,42.89648560411252
blm_dillon_Dillon District,2009-08-01,42.56747611536385
blm_dillon_Dillon District,2009-09-01,19.51661345448357
blm_dillon_Dillon District,2009-10-01,61.03335469645052
blm_dillon_Dillon District,2009-11-01,21.007603870794036
blm_dillon_Dillon District,2009-12-01,18.90313104036898
blm_dillon_Dillon District,2010-01-01,26.845367417624963
blm_dillon_Dillon District,2010-02-01,10.279552728528031
blm_dillon_Dillon District,2010-03-01,20.32345043965422
blm_dillon_Dillon District,2010-04-01,49.86581474797794
blm_dillon_Dillon District,2010-05-01,82.10146965782482
blm_dillon_Dillon District,2010-06-01,82.9792971870008
blm_dillon_Dillon District,2010-07-01,17.28626195234232
blm_dillon_Dillon District,2010-08-01,37.72651758407252
blm_dillon_Dillon District,2010-09-01,22.41047921500648
blm_dillon_Dillon District,2010-10-01,28.749648542678393
blm_dillon_Dillon District,2010-11-01,46.88453678079306
blm_dillon_Dillon District,2010-12-01,37.34281147249971
blm_dillon_Dillon District,2011-01-01,38.133226843459155
blm_dillon_Dillon District,2011-02-01,28.284984006439917
blm_dillon_Dillon District,2011-03-01,60.437635836738366
blm_dillon_Dillon District,2011-04-01,70.77054311246536
blm_dillon_Dillon District,2011-05-01,99.64587861326174
blm_dillon_Dillon District,2011-06-01,75.85661334808643
blm_dillon_Dillon District,2011-07-01,27.36044733943269
blm_dillon_Dillon District,2011-08-01,21.247539962671055
blm_dillon_Dillon District,2011-09-01,14.383386619479511
blm_dillon_Dillon District,2011-10-01,53.256549584141936
blm_dillon_Dillon District,2011-11-01,33.09686902689096
blm_dillon_Dillon District,2011-12-01,32.14472853276676
blm_dillon_Dillon District,2012-01-01,31.74076679148994
blm_dillon_Dillon District,2012-02-01,31.635143739499224
blm_dillon_Dillon District,2012-03-01,69.40702874302484
blm_dillon_Dillon District,2012-04-01,51.866709249088174
blm_dillon_Dillon District,2012-05-01,57.03162947279957
blm_dillon_Dillon District,2012-06-01,28.56651757121467
blm_dillon_Dillon District,2012-07-01,35.49194889007666
blm_dillon_Dillon District,2012-08-01,12.515527165202668
blm_dillon_Dillon District,2012-09-01,13.660830683753893
blm_dillon_Dillon District,2012-10-01,34.038146916593604
blm_dillon_Dillon District,2012-11-01,41.69597447855404
blm_dillon_Dillon District,2012-12-01,46.12370607723443
blm_dillon_Dillon District,2013-01-01,30.68210861614337
blm_dillon_Dillon District,2013-02-01,19.712268377873844
blm_dillon_Dillon District,2013-03-01,25.427859419298628
blm_dillon_Dillon District,2013-04-01,32.574185276793216
blm_dillon_Dillon District,2013-05-01,67.95086266148967
blm_dillon_Dillon District,2013-06-01,44.62408950732539
blm_dillon_Dillon District,2013-07-01,21.75916934211414
blm_dillon_Dillon District,2013-08-01,21.053801931169467
blm_dillon_Dillon District,2013-09-01,71.07348235133357
blm_dillon_Dillon District,2013-10-01,26.362492015948312
blm_dillon_Dillon District,2013-11-01,24.61712459215341
blm_dillon_Dillon District,2013-12-01,32.1899041599359
blm_dillon_Dillon District,2014-01-01,30.1748243414175
blm_dillon_Dillon District,2014-02-01,63.42421728566813
blm_dillon_Dillon District,2014-03-01,60.56357827750258
blm_dillon_Dillon District,2014-04-01,53.59693287188253
blm_dillon_Dillon District,2014-05-01,50.21412139015076
blm_dillon_Dillon District,2014-06-01,57.00498403116537
blm_dillon_Dillon District,2014-07-01,19.584345050817863
blm_dillon_Dillon District,2014-08-01,82.32261983121927
blm_dillon_Dillon District,2014-09-01,43.11367412055262
blm_dillon_Dillon District,2014-10-01,23.862172531091367
blm_dillon_Dillon District,2014-11-01,49.30543130502914
blm_dillon_Dillon District,2014-12-01,46.28881783652991
blm_dillon_Dillon District,2015-01-01,26.032651818103304
blm_dillon_Dillon District,2015-02-01,25.96683707618104
blm_dillon_Dillon District,2015-03-01,16.23488815493477
blm_dillon_Dillon District,2015-04-01,38.25309905030857
blm_dillon_Dillon District,2015-05-01,89.80888182179996
blm_dillon_Dillon District,2015-06-01,27.766134192616033
blm_dillon_Dillon District,2015-07-01,61.29028756138616
blm_dillon_Dillon District,2015-08-01,26.796293952746893
blm_dillon_Dillon District,2015-09-01,46.10389769739998
blm_dillon_Dillon District,2015-10-01,31.31865813648358
blm_dillon_Dillon District,2015-11-01,54.56089466326534
blm_dillon_Dillon District,2015-12-01,59.35476032781144
blm_dillon_Dillon District,2016-01-01,29.031693283209023
blm_dillon_Dillon District,2016-02-01,23.62210861347354
blm_dillon_Dillon District,2016-03-01,53.28249201972645
blm_dillon_Dillon District,2016-04-01,48.1143131243916
blm_dillon_Dillon District,2016-05-01,70.4430031858694
blm_dillon_Dillon District,2016-06-01,27.239616618902918
blm_dillon_Dillon District,2016-07-01,28.564728486423675
blm_dillon_Dillon District,2016-08-01,8.49316294509382
blm_dillon_Dillon District,2016-09-01,56.955079876348236
blm_dillon_Dillon District,2016-10-01,86.27789133577681
blm_dillon_Dillon District,2016-11-01,20.351501604543326
blm_dillon_Dillon District,2016-12-01,53.91801917591034
blm_dillon_Dillon District,2017-01-01,33.98057506031122
blm_dillon_Dillon District,2017-02-01,55.19156554994492
blm_dillon_Dillon District,2017-03-01,46.19252402150212
blm_dillon_Dillon District,2017-04-01,72.37916947873637
blm_dillon_Dillon District,2017-05-01,53.47431314974166
blm_dillon_Dillon District,2017-06-01,62.2792971090006
blm_dillon_Dillon District,2017-07-01,17.24785943869204
blm_dillon_Dillon District,2017-08-01,15.718977625225298
blm_dillon_Dillon District,2017-09-01,65.07904161325278
blm_dillon_Dillon District,2017-10-01,24.33239619579559
blm_dillon_Dillon District,2017-11-01,53.024664557703765
blm_dillon_Dillon District,2017-12-01,42.23936102352203
blm_dillon_Dillon District,2018-01-01,33.20408945723464
blm_dillon_Dillon District,2018-02-01,43.23507992665227
blm_dillon_Dillon District,2018-03-01,58.7450479592759
blm_dillon_Dillon District,2018-04-01,75.35488819085752
blm_dillon_Dillon District,2018-05-01,73.8957827546726
blm_dillon_Dillon District,2018-06-01,95.26677315806428
blm_dillon_Dillon District,2018-07-01,6.705814706955474
blm_dillon_Dillon District,2018-08-01,24.408690092738826
blm_dillon_Dillon District,2018-09-01,9.577188491211912
blm_dillon_Dillon District,2018-10-01,43.5507347929592
blm_dillon_Dillon District,2018-11-01,35.29731634097358
blm_dillon_Dillon District,2018-12-01,23.500639009323365
blm_dillon_Dillon District,2019-01-01,27.10766771887057
blm_dillon_Dillon District,2019-02-01,87.04377007469202
blm_dillon_Dillon District,2019-03-01,26.420830680310917
blm_dillon_Dillon District,2019-04-01,62.75015968225254
blm_dillon_Dillon District,2019-05-01,52.288306689033874
blm_dillon_Dillon District,2019-06-01,40.60779550875338
blm_dillon_Dillon District,2019-07-01,38.43897765345467
blm_dillon_Dillon District,2019-08-01,27.525942448381418
blm_dillon_Dillon District,2019-09-01,56.126517576759994
blm_dillon_Dillon District,2019-10-01,46.0760383671465
blm_dillon_Dillon District,2019-11-01,21.15252396930902
blm_dillon_Dillon District,2019-12-01,29.52217253876951
blm_dillon_Dillon District,2020-01-01,38.03642169520878
blm_dillon_Dillon District,2020-02-01,51.04019164993359
blm_dillon_Dillon District,2020-03-01,44.873099036414786
blm_dillon_Dillon District,2020-04-01,33.16070286945794
blm_dillon_Dillon District,2020-05-01,51.8645367454797
blm_dillon_Dillon District,2020-06-01,99.55143764605538
blm_dillon_Dillon District,2020-07-01,21.37674118383243
blm_dillon_Dillon District,2020-08-01,14.306709260300707
blm_dillon_Dillon District,2020-09-01,21.62434506248742
blm_dillon_Dillon District,2020-10-01,35.232460073103155
blm_dillon_Dillon District,2020-11-01,31.238210831968168
blm_dillon_Dillon District,2020-12-01,23.8243450617257
blm_dillon_Dillon District,2021-01-01,35.907539946278824
blm_dillon_Dillon District,2021-02-01,55.75054316718738
blm_dillon_Dillon District,2021-03-01,26.679936127312267
blm_dillon_Dillon District,2021-04-01,28.152332248322118
blm_dillon_Dillon District,2021-05-01,77.2808946115902
blm_dillon_Dillon District,2021-06-01,6.451309902389971
blm_dillon_Dillon District,2021-07-01,23.56555913919077
blm_dillon_Dillon District,2021-08-01,53.578147000931324
blm_dillon_Dillon District,2021-09-01,7.082555900023769
blm_dillon_Dillon District,2021-10-01,72.93635784795109
blm_dillon_Dillon District,2021-11-01,25.007028760772926
blm_dillon_Dillon District,2021-12-01,49.393482436158784
blm_dillon_Dillon District,2022-01-01,35.79706069196756
blm_dillon_Dillon District,2022-02-01,16.625431322784852
blm_dillon_Dillon District,2022-03-01,30.276293941884756
blm_dillon_Dillon District,2022-04-01,63.30223648753791
blm_dillon_Dillon District,2022-05-01,117.53290717639862
blm_dillon_Dillon District,2022-06-01,59.407731616230436
blm_dillon_Dillon District,2022-07-01,19.584345074735893
blm_dillon_Dillon District,2022-08-01,21.306709276753875
blm_dillon_Dillon District,2022-09-01,29.98888179181864
blm_dillon_Dillon District,2022-10-01,43.7415335329196
blm_dillon_Dillon District,2022-11-01,49.05635783771356
blm_dillon_Dillon District,2022-12-01,50.378849807714886
blm_dillon_Dillon District,2023-01-01,38.429201269302126
blm_dillon_Dillon District,2023-02-01,30.44000000085313
blm_dillon_Dillon District,2023-03-01,71.58645378332169
blm_dillon_Dillon District,2023-04-01,46.21386578471516
blm_dillon_Dillon District,2023-05-01,57.00952072387305
blm_dillon_Dillon District,2023-06-01,98.73738031844361
blm_dillon_Dillon District,2023-07-01,13.063003223163252
blm_dillon_Dillon District,2023-08-01,78.51559108210067
blm_dillon_Dillon District,2023-09-01,48.054057498480944
blm_dillon_Dillon District,2023-10-01,40.493674116774486
blm_dillon_Dillon District,2023-11-01,20.621597461197705
blm_dillon_Dillon District,2023-12-01,23.742875424970073
blm_dillon_Dillon District,2024-01-01,26.322747584120535
blm_dillon_Dillon District,2024-02-01,58.95361024777348
blm_dillon_Dillon District,2024-03-01,49.917380140383784
blm_dillon_Dillon District,2024-04-01,45.36498408667958
blm_dillon_Dillon District,2024-05-01,62.36952079066072
blm_dillon_Dillon District,2024-06-01,43.65680508781165
blm_dillon_Dillon District,2024-07-01,15.569648577268131
blm_dillon_Dillon District,2024-08-01,29.791757219210982
blm_dillon_Dillon District,2024-09-01,34.678146975337505
blm_dillon_Dillon District,2024-10-01,22.471373768279346
blm_dillon_Dillon District,2024-11-01,39.36396167499189
blm_dillon_Dillon District,2024-12-01,29.153099080320363
blm_dillon_Dillon District,2025-01-01,34.73316289487357
blm_dillon_Dillon District,2025-02-01,52.07763581016955
blm_dillon_Dillon District,2025-03-01,49.04990417066092
blm_dillon_Dillon District,2025-04-01,43.0391054476412
blm_dillon_Dillon District,2025-05-01,70.14696491473018
blm_dillon_Dillon District,2025-06-01,30.18057510266289
blm_dillon_Dillon District,2025-07-01,21.11060708079475
blm_dillon_Dillon District,2025-08-01,47.04741205940612
blm_dillon_Dillon District,2025-09-01,23.365495189691124
blm_dillon_Dillon District,2025-10-01,32.38261977064724
blm_lewistown_Lewistown District,1979-01-01,24.481052065906823
blm_lewistown_Lewistown District,1979-02-01,32.87824288664755
blm_lewistown_Lewistown District,1979-03-01,27.15213439471792
blm_lewistown_Lewistown District,1979-04-01,48.41426604472386
blm_lewistown_Lewistown District,1979-05-01,35.243734527835834
blm_lewistown_Lewistown District,1979-06-01,60.74428537127664
blm_lewistown_Lewistown District,1979-07-01,22.416799793096324
blm_lewistown_Lewistown District,1979-08-01,27.49385844745179
blm_lewistown_Lewistown District,1979-09-01,9.092866997914484
blm_lewistown_Lewistown District,1979-10-01,19.50952906544233
blm_lewistown_Lewistown District,1979-11-01,11.010851031531976
blm_lewistown_Lewistown District,1979-12-01,22.561140223988748
blm_lewistown_Lewistown District,1980-01-01,28.97466264313425
blm_lewistown_Lewistown District,1980-02-01,23.405783543209832
blm_lewistown_Lewistown District,1980-03-01,37.20762875703241
blm_lewistown_Lewistown District,1980-04-01,28.708096940469492
blm_lewistown_Lewistown District,1980-05-01,107.38592685572341
blm_lewistown_Lewistown District,1980-06-01,90.24205453190322
blm_lewistown_Lewistown District,1980-07-01,19.358578920167393
blm_lewistown_Lewistown District,1980-08-01,38.216111309500114
blm_lewistown_Lewistown District,1980-09-01,29.276425252240475
blm_lewistown_Lewistown District,1980-10-01,48.269705314604714
blm_lewistown_Lewistown District,1980-11-01,17.057917946201158
blm_lewistown_Lewistown District,1980-12-01,24.34037457389695
blm_lewistown_Lewistown District,1981-01-01,11.366758466948822
blm_lewistown_Lewistown District,1981-02-01,17.818231911017065
blm_lewistown_Lewistown District,1981-03-01,51.25042687136094
blm_lewistown_Lewistown District,1981-04-01,20.615698174622985
blm_lewistown_Lewistown District,1981-05-01,178.73117601441405
blm_lewistown_Lewistown District,1981-06-01,61.43095568565257
blm_lewistown_Lewistown District,1981-07-01,41.64395486589504
blm_lewistown_Lewistown District,1981-08-01,27.446874154694182
blm_lewistown_Lewistown District,1981-09-01,15.435252018750978
blm_lewistown_Lewistown District,1981-10-01,40.170696811155985
blm_lewistown_Lewistown District,1981-11-01,15.933241545349663
blm_lewistown_Lewistown District,1981-12-01,22.22013222865906
blm_lewistown_Lewistown District,1982-01-01,40.929275734370094
blm_lewistown_Lewistown District,1982-02-01,33.6432663547996
blm_lewistown_Lewistown District,1982-03-01,45.22354726126883
blm_lewistown_Lewistown District,1982-04-01,35.96317821979129
blm_lewistown_Lewistown District,1982-05-01,108.25813826527093
blm_lewistown_Lewistown District,1982-06-01,75.01944372103057
blm_lewistown_Lewistown District,1982-07-01,42.986229702448654
blm_lewistown_Lewistown District,1982-08-01,20.594849930030193
blm_lewistown_Lewistown District,1982-09-01,57.63803364809667
blm_lewistown_Lewistown District,1982-10-01,26.665822107120178
blm_lewistown_Lewistown District,1982-11-01,15.597301023914545
blm_lewistown_Lewistown District,1982-12-01,33.235141845781655
blm_lewistown_Lewistown District,1983-01-01,12.791875538944836
blm_lewistown_Lewistown District,1983-02-01,12.593059769940094
blm_lewistown_Lewistown District,1983-03-01,33.31440375679224
blm_lewistown_Lewistown District,1983-04-01,19.96144314782083
blm_lewistown_Lewistown District,1983-05-01,57.874359712361695
blm_lewistown_Lewistown District,1983-06-01,61.98253926545324
blm_lewistown_Lewistown District,1983-07-01,77.85816583446943
blm_lewistown_Lewistown District,1983-08-01,23.643679447851703
blm_lewistown_Lewistown District,1983-09-01,46.27003573583394
blm_lewistown_Lewistown District,1983-10-01,28.203167216569653
blm_lewistown_Lewistown District,1983-11-01,29.12988160018322
blm_lewistown_Lewistown District,1983-12-01,23.504048490878866
blm_lewistown_Lewistown District,1984-01-01,24.24417517225265
blm_lewistown_Lewistown District,1984-02-01,17.243073541905986
blm_lewistown_Lewistown District,1984-03-01,35.751666192934884
blm_lewistown_Lewistown District,1984-04-01,40.76097497595995
blm_lewistown_Lewistown District,1984-05-01,38.024814112197596
blm_lewistown_Lewistown District,1984-06-01,57.13134125447149
blm_lewistown_Lewistown District,1984-07-01,7.255163870446119
blm_lewistown_Lewistown District,1984-08-01,33.78019831995437
blm_lewistown_Lewistown District,1984-09-01,43.022362988765366
blm_lewistown_Lewistown District,1984-10-01,33.748554112726715
blm_lewistown_Lewistown District,1984-11-01,20.46367392815594
blm_lewistown_Lewistown District,1984-12-01,34.790911572066854
blm_lewistown_Lewistown District,1985-01-01,9.394574523480987
blm_lewistown_Lewistown District,1985-02-01,18.43412284554282
blm_lewistown_Lewistown District,1985-03-01,34.870256131623144
blm_lewistown_Lewistown District,1985-04-01,23.13021208326602
blm_lewistown_Lewistown District,1985-05-01,51.26931973811649
blm_lewistown_Lewistown District,1985-06-01,22.13676676937976
blm_lewistown_Lewistown District,1985-07-01,12.823574792219238
blm_lewistown_Lewistown District,1985-08-01,118.90118427323888
blm_lewistown_Lewistown District,1985-09-01,98.83533469128956
blm_lewistown_Lewistown District,1985-10-01,39.1536491426086
blm_lewistown_Lewistown District,1985-11-01,37.48722119385203
blm_lewistown_Lewistown District,1985-12-01,11.856072724965347
blm_lewistown_Lewistown District,1986-01-01,18.15287798996045
blm_lewistown_Lewistown District,1986-02-01,38.63186453197062
blm_lewistown_Lewistown District,1986-03-01,18.41112643600134
blm_lewistown_Lewistown District,1986-04-01,43.66717160224127
blm_lewistown_Lewistown District,1986-05-01,75.9541173413318
blm_lewistown_Lewistown District,1986-06-01,57.577526898858174
blm_lewistown_Lewistown District,1986-07-01,54.73395763905178
blm_lewistown_Lewistown District,1986-08-01,38.852767817214385
blm_lewistown_Lewistown District,1986-09-01,92.27788491171603
blm_lewistown_Lewistown District,1986-10-01,18.959680536370474
blm_lewistown_Lewistown District,1986-11-01,31.866290274089245
blm_lewistown_Lewistown District,1986-12-01,10.054199940095884
blm_lewistown_Lewistown District,1987-01-01,8.713522453407911
blm_lewistown_Lewistown District,1987-02-01,13.004103558052345
blm_lewistown_Lewistown District,1987-03-01,48.371027307449964
blm_lewistown_Lewistown District,1987-04-01,16.245855163162123
blm_lewistown_Lewistown District,1987-05-01,80.61360514837006
blm_lewistown_Lewistown District,1987-06-01,39.87482786848341
blm_lewistown_Lewistown District,1987-07-01,94.71635914820673
blm_lewistown_Lewistown District,1987-08-01,45.9952905844539
blm_lewistown_Lewistown District,1987-09-01,16.27471772235998
blm_lewistown_Lewistown District,1987-10-01,3.546461038978853
blm_lewistown_Lewistown District,1987-11-01,8.01390801505982
blm_lewistown_Lewistown District,1987-12-01,18.23065272019573
blm_lewistown_Lewistown District,1988-01-01,23.700853784693006
blm_lewistown_Lewistown District,1988-02-01,24.180170784965753
blm_lewistown_Lewistown District,1988-03-01,33.4769760614517
blm_lewistown_Lewistown District,1988-04-01,33.47975763050658
blm_lewistown_Lewistown District,1988-05-01,60.801377062034554
blm_lewistown_Lewistown District,1988-06-01,40.95205177048683
blm_lewistown_Lewistown District,1988-07-01,26.67554394209296
blm_lewistown_Lewistown District,1988-08-01,10.089892601792855
blm_lewistown_Lewistown District,1988-09-01,56.87055908041334
blm_lewistown_Lewistown District,1988-10-01,27.91878270026049
blm_lewistown_Lewistown District,1988-11-01,19.239052633318614
blm_lewistown_Lewistown District,1988-12-01,24.610988713335118
blm_lewistown_Lewistown District,1989-01-01,39.495786306517275
blm_lewistown_Lewistown District,1989-02-01,25.22872489019387
blm_lewistown_Lewistown District,1989-03-01,40.39677772795127
blm_lewistown_Lewistown District,1989-04-01,64.59898098373309
blm_lewistown_Lewistown District,1989-05-01,66.86006605641568
blm_lewistown_Lewistown District,1989-06-01,64.2188929014382
blm_lewistown_Lewistown District,1989-07-01,60.01795647079312
blm_lewistown_Lewistown District,1989-08-01,91.948609298269
blm_lewistown_Lewistown District,1989-09-01,27.750179039647318
blm_lewistown_Lewistown District,1989-10-01,28.03695951201508
blm_lewistown_Lewistown District,1989-11-01,38.11969154277015
blm_lewistown_Lewistown District,1989-12-01,48.24255027169532
blm_lewistown_Lewistown District,1990-01-01,30.415780825905156
blm_lewistown_Lewistown District,1990-02-01,13.101652454957263
blm_lewistown_Lewistown District,1990-03-01,33.49600661500234
blm_lewistown_Lewistown District,1990-04-01,34.241063063350204
blm_lewistown_Lewistown District,1990-05-01,86.10875794881633
blm_lewistown_Lewistown District,1990-06-01,38.33070778800777
blm_lewistown_Lewistown District,1990-07-01,30.34172408924192
blm_lewistown_Lewistown District,1990-08-01,62.26816310425561
blm_lewistown_Lewistown District,1990-09-01,2.9533461957012643
blm_lewistown_Lewistown District,1990-10-01,22.582897325515486
blm_lewistown_Lewistown District,1990-11-01,28.398457735571707
blm_lewistown_Lewistown District,1990-12-01,24.14783806992575
blm_lewistown_Lewistown District,1991-01-01,24.091820441996944
blm_lewistown_Lewistown District,1991-02-01,13.958578899129302
blm_lewistown_Lewistown District,1991-03-01,37.96590471858658
blm_lewistown_Lewistown District,1991-04-01,75.56370149568828
blm_lewistown_Lewistown District,1991-05-01,82.11500962513992
blm_lewistown_Lewistown District,1991-06-01,112.20261640871763
blm_lewistown_Lewistown District,1991-07-01,19.665656848309684
blm_lewistown_Lewistown District,1991-08-01,26.55992841418536
blm_lewistown_Lewistown District,1991-09-01,33.573175416902814
blm_lewistown_Lewistown District,1991-10-01,20.835362163991253
blm_lewistown_Lewistown District,1991-11-01,31.702120666824335
blm_lewistown_Lewistown District,1991-12-01,17.799228822124526
blm_lewistown_Lewistown District,1992-01-01,15.028339328523904
blm_lewistown_Lewistown District,1992-02-01,8.65767006713541
blm_lewistown_Lewistown District,1992-03-01,17.810795940075064
blm_lewistown_Lewistown District,1992-04-01,42.96783252827427
blm_lewistown_Lewistown District,1992-05-01,41.50509507568767
blm_lewistown_Lewistown District,1992-06-01,88.60454429368019
blm_lewistown_Lewistown District,1992-07-01,65.32889008738718
blm_lewistown_Lewistown District,1992-08-01,31.910410377809214
blm_lewistown_Lewistown District,1992-09-01,24.211043784651864
blm_lewistown_Lewistown District,1992-10-01,40.434673665214
blm_lewistown_Lewistown District,1992-11-01,20.232608120620693
blm_lewistown_Lewistown District,1992-12-01,27.029110467194265
blm_lewistown_Lewistown District,1993-01-01,26.354199953691193
blm_lewistown_Lewistown District,1993-02-01,16.712751308836186
blm_lewistown_Lewistown District,1993-03-01,28.600881303253004
blm_lewistown_Lewistown District,1993-04-01,50.603001924429144
blm_lewistown_Lewistown District,1993-05-01,61.1480032958396
blm_lewistown_Lewistown District,1993-06-01,104.71996707228122
blm_lewistown_Lewistown District,1993-07-01,150.5820985508832
blm_lewistown_Lewistown District,1993-08-01,90.16752958284597
blm_lewistown_Lewistown District,1993-09-01,43.93808868534799
blm_lewistown_Lewistown District,1993-10-01,31.710850996933047
blm_lewistown_Lewistown District,1993-11-01,24.072900039307246
blm_lewistown_Lewistown District,1993-12-01,18.716551931427713
blm_lewistown_Lewistown District,1994-01-01,26.7035252380161
blm_lewistown_Lewistown District,1994-02-01,19.48251173299917
blm_lewistown_Lewistown District,1994-03-01,14.574965582007845
blm_lewistown_Lewistown District,1994-04-01,60.96863126216333
blm_lewistown_Lewistown District,1994-05-01,53.33285596632688
blm_lewistown_Lewistown District,1994-06-01,49.717378179286996
blm_lewistown_Lewistown District,1994-07-01,26.69592402901278
blm_lewistown_Lewistown District,1994-08-01,11.392536503262049
blm_lewistown_Lewistown District,1994-09-01,10.878380634902234
blm_lewistown_Lewistown District,1994-10-01,50.163150686759394
blm_lewistown_Lewistown District,1994-11-01,24.783833674903875
blm_lewistown_Lewistown District,1994-12-01,17.01415588799274
blm_lewistown_Lewistown District,1995-01-01,14.108895630809894
blm_lewistown_Lewistown District,1995-02-01,14.46089231680655
blm_lewistown_Lewistown District,1995-03-01,35.00809692929383
blm_lewistown_Lewistown District,1995-04-01,52.57780224467335
blm_lewistown_Lewistown District,1995-05-01,90.93412289715312
blm_lewistown_Lewistown District,1995-06-01,110.05899203654263
blm_lewistown_Lewistown District,1995-07-01,84.05433775104133
blm_lewistown_Lewistown District,1995-08-01,30.65901955518142
blm_lewistown_Lewistown District,1995-09-01,37.925888176234885
blm_lewistown_Lewistown District,1995-10-01,34.974938065379945
blm_lewistown_Lewistown District,1995-11-01,37.615863430240665
blm_lewistown_Lewistown District,1995-12-01,20.73208486524964
blm_lewistown_Lewistown District,1996-01-01,36.76155334712716
blm_lewistown_Lewistown District,1996-02-01,27.463040468286334
blm_lewistown_Lewistown District,1996-03-01,37.6079867438356
blm_lewistown_Lewistown District,1996-04-01,37.88600942380039
blm_lewistown_Lewistown District,1996-05-01,90.88870831055931
blm_lewistown_Lewistown District,1996-06-01,42.827513116675284
blm_lewistown_Lewistown District,1996-07-01,13.910382853825537
blm_lewistown_Lewistown District,1996-08-01,14.395428285097097
blm_lewistown_Lewistown District,1996-09-01,41.903965845215716
blm_lewistown_Lewistown District,1996-10-01,18.966455558481638
blm_lewistown_Lewistown District,1996-11-01,35.17868358929339
blm_lewistown_Lewistown District,1996-12-01,54.339355474528254
blm_lewistown_Lewistown District,1997-01-01,25.81498214279906
blm_lewistown_Lewistown District,1997-02-01,17.24965574441945
blm_lewistown_Lewistown District,1997-03-01,31.264059530083255
blm_lewistown_Lewistown District,1997-04-01,42.943954815519184
blm_lewistown_Lewistown District,1997-05-01,78.15144584737708
blm_lewistown_Lewistown District,1997-06-01,98.89339020691506
blm_lewistown_Lewistown District,1997-07-01,67.74020932627525
blm_lewistown_Lewistown District,1997-08-01,50.497576415982
blm_lewistown_Lewistown District,1997-09-01,19.718176850534544
blm_lewistown_Lewistown District,1997-10-01,29.73255305892999
blm_lewistown_Lewistown District,1997-11-01,14.163040495450685
blm_lewistown_Lewistown District,1997-12-01,12.664445079265958
blm_lewistown_Lewistown District,1998-01-01,27.47546136559812
blm_lewistown_Lewistown District,1998-02-01,7.364555226577868
blm_lewistown_Lewistown District,1998-03-01,32.24513911675632
blm_lewistown_Lewistown District,1998-04-01,29.582181261577936
blm_lewistown_Lewistown District,1998-05-01,60.84858166971209
blm_lewistown_Lewistown District,1998-06-01,125.50038569835682
blm_lewistown_Lewistown District,1998-07-01,58.9058937108474
blm_lewistown_Lewistown District,1998-08-01,39.85150101794844
blm_lewistown_Lewistown District,1998-09-01,21.26122281492922
blm_lewistown_Lewistown District,1998-10-01,19.98873591140688
blm_lewistown_Lewistown District,1998-11-01,38.6299917351868
blm_lewistown_Lewistown District,1998-12-01,32.45948778023506
blm_lewistown_Lewistown District,1999-01-01,28.796199386752168
blm_lewistown_Lewistown District,1999-02-01,24.471550565815207
blm_lewistown_Lewistown District,1999-03-01,20.102671461044938
blm_lewistown_Lewistown District,1999-04-01,43.5670614507828
blm_lewistown_Lewistown District,1999-05-01,57.25287805040885
blm_lewistown_Lewistown District,1999-06-01,67.25937765316344
blm_lewistown_Lewistown District,1999-07-01,23.25797301171339
blm_lewistown_Lewistown District,1999-08-01,53.45045445346859
blm_lewistown_Lewistown District,1999-09-01,34.5356650934243
blm_lewistown_Lewistown District,1999-10-01,24.44288078204097
blm_lewistown_Lewistown District,1999-11-01,22.371825991435934
blm_lewistown_Lewistown District,1999-12-01,20.560506741572464
blm_lewistown_Lewistown District,2000-01-01,22.53646383644037
blm_lewistown_Lewistown District,2000-02-01,24.06370149831475
blm_lewistown_Lewistown District,2000-03-01,22.8093087625254
blm_lewistown_Lewistown District,2000-04-01,29.198678093881064
blm_lewistown_Lewistown District,2000-05-01,54.687055953899645
blm_lewistown_Lewistown District,2000-06-01,56.30247866631342
blm_lewistown_Lewistown District,2000-07-01,34.2693748671107
blm_lewistown_Lewistown District,2000-08-01,7.799779699906539
blm_lewistown_Lewistown District,2000-09-01,40.00961171402087
blm_lewistown_Lewistown District,2000-10-01,33.60198295402054
blm_lewistown_Lewistown District,2000-11-01,17.30523274554526
blm_lewistown_Lewistown District,2000-12-01,18.965574264132396
blm_lewistown_Lewistown District,2001-01-01,10.447920702469641
blm_lewistown_Lewistown District,2001-02-01,18.98526581303537
blm_lewistown_Lewistown District,2001-03-01,18.946543663305146
blm_lewistown_Lewistown District,2001-04-01,41.467942696568464
blm_lewistown_Lewistown District,2001-05-01,16.969374848147524
blm_lewistown_Lewistown District,2001-06-01,98.41927840249396
blm_lewistown_Lewistown District,2001-07-01,60.60123930972852
blm_lewistown_Lewistown District,2001-08-01,8.181410102632807
blm_lewistown_Lewistown District,2001-09-01,30.87155057812026
blm_lewistown_Lewistown District,2001-10-01,23.00936384268025
blm_lewistown_Lewistown District,2001-11-01,12.233406789373085
blm_lewistown_Lewistown District,2001-12-01,10.358275976063824
blm_lewistown_Lewistown District,2002-01-01,26.612228040096355
blm_lewistown_Lewistown District,2002-02-01,23.641476191229415
blm_lewistown_Lewistown District,2002-03-01,36.945800045048095
blm_lewistown_Lewistown District,2002-04-01,26.855411755286838
blm_lewistown_Lewistown District,2002-05-01,55.216772275403066
blm_lewistown_Lewistown District,2002-06-01,109.15742225930633
blm_lewistown_Lewistown District,2002-07-01,35.59961445224545
blm_lewistown_Lewistown District,2002-08-01,67.43365466565149
blm_lewistown_Lewistown District,2002-09-01,39.778490810872306
blm_lewistown_Lewistown District,2002-10-01,21.45824844007878
blm_lewistown_Lewistown District,2002-11-01,11.62721015348378
blm_lewistown_Lewistown District,2002-12-01,13.231726825097743
blm_lewistown_Lewistown District,2003-01-01,23.757973012665484
blm_lewistown_Lewistown District,2003-02-01,27.74979345964617
blm_lewistown_Lewistown District,2003-03-01,40.09041581289133
blm_lewistown_Lewistown District,2003-04-01,64.42550263737095
blm_lewistown_Lewistown District,2003-05-01,54.71454145651617
blm_lewistown_Lewistown District,2003-06-01,56.23825392727023
blm_lewistown_Lewistown District,2003-07-01,8.286615287361313
blm_lewistown_Lewistown District,2003-08-01,19.340897840364878
blm_lewistown_Lewistown District,2003-09-01,38.686202197520075
blm_lewistown_Lewistown District,2003-10-01,34.82390526758676
blm_lewistown_Lewistown District,2003-11-01,22.630349765169296
blm_lewistown_Lewistown District,2003-12-01,37.19410631726248
blm_lewistown_Lewistown District,2004-01-01,27.63745529084979
blm_lewistown_Lewistown District,2004-02-01,11.982759594523326
blm_lewistown_Lewistown District,2004-03-01,16.438006075706998
blm_lewistown_Lewistown District,2004-04-01,34.53222256736367
blm_lewistown_Lewistown District,2004-05-01,85.67948226172285
blm_lewistown_Lewistown District,2004-06-01,65.52517215767632
blm_lewistown_Lewistown District,2004-07-01,25.890250635422873
blm_lewistown_Lewistown District,2004-08-01,53.84753513782683
blm_lewistown_Lewistown District,2004-09-01,32.28829528306411
blm_lewistown_Lewistown District,2004-10-01,31.930707833288263
blm_lewistown_Lewistown District,2004-11-01,11.175296081767138
blm_lewistown_Lewistown District,2004-12-01,19.524456088387318
blm_lewistown_Lewistown District,2005-01-01,16.739548329511184
blm_lewistown_Lewistown District,2005-02-01,4.5285045574582075
blm_lewistown_Lewistown District,2005-03-01,44.226466543711894
blm_lewistown_Lewistown District,2005-04-01,48.91839715384544
blm_lewistown_Lewistown District,2005-05-01,45.995841376415726
blm_lewistown_Lewistown District,2005-06-01,138.10823467551955
blm_lewistown_Lewistown District,2005-07-01,13.08581659948816
blm_lewistown_Lewistown District,2005-08-01,36.03288354272193
blm_lewistown_Lewistown District,2005-09-01,32.636326096596974
blm_lewistown_Lewistown District,2005-10-01,37.094822364351174
blm_lewistown_Lewistown District,2005-11-01,41.85833101317233
blm_lewistown_Lewistown District,2005-12-01,25.61754338598816
blm_lewistown_Lewistown District,2006-01-01,23.154971105242787
blm_lewistown_Lewistown District,2006-02-01,22.29523546483621
blm_lewistown_Lewistown District,2006-03-01,32.82374006432628
blm_lewistown_Lewistown District,2006-04-01,72.35990086458038
blm_lewistown_Lewistown District,2006-05-01,57.25411735845643
blm_lewistown_Lewistown District,2006-06-01,76.59074639814415
blm_lewistown_Lewistown District,2006-07-01,15.126025915474184
blm_lewistown_Lewistown District,2006-08-01,30.238391657172404
blm_lewistown_Lewistown District,2006-09-01,45.149545611247845
blm_lewistown_Lewistown District,2006-10-01,57.184219223249386
blm_lewistown_Lewistown District,2006-11-01,27.757119293253602
blm_lewistown_Lewistown District,2006-12-01,18.111209065698784
blm_lewistown_Lewistown District,2007-01-01,15.401019025459593
blm_lewistown_Lewistown District,2007-02-01,35.68556876197002
blm_lewistown_Lewistown District,2007-03-01,19.52784361205
blm_lewistown_Lewistown District,2007-04-01,52.41481689867058
blm_lewistown_Lewistown District,2007-05-01,105.08879099125969
blm_lewistown_Lewistown District,2007-06-01,51.150592146810176
blm_lewistown_Lewistown District,2007-07-01,18.32239055265838
blm_lewistown_Lewistown District,2007-08-01,16.4748003449331
blm_lewistown_Lewistown District,2007-09-01,43.365409000095205
blm_lewistown_Lewistown District,2007-10-01,30.065216220465942
blm_lewistown_Lewistown District,2007-11-01,22.972211516615904
blm_lewistown_Lewistown District,2007-12-01,19.20660977314668
blm_lewistown_Lewistown District,2008-01-01,26.52613604134418
blm_lewistown_Lewistown District,2008-02-01,23.40267146280468
blm_lewistown_Lewistown District,2008-03-01,16.643569279426192
blm_lewistown_Lewistown District,2008-04-01,26.198457769768456
blm_lewistown_Lewistown District,2008-05-01,133.91509234324135
blm_lewistown_Lewistown District,2008-06-01,78.79818233909177
blm_lewistown_Lewistown District,2008-07-01,20.704819609527252
blm_lewistown_Lewistown District,2008-08-01,33.0716056519059
blm_lewistown_Lewistown District,2008-09-01,42.864913274354755
blm_lewistown_Lewistown District,2008-10-01,25.514073283440545
blm_lewistown_Lewistown District,2008-11-01,28.495703684597494
blm_lewistown_Lewistown District,2008-12-01,37.5838612215278
blm_lewistown_Lewistown District,2009-01-01,29.75100526807066
blm_lewistown_Lewistown District,2009-02-01,14.202671483392987
blm_lewistown_Lewistown District,2009-03-01,36.75246495302306
blm_lewistown_Lewistown District,2009-04-01,59.495180423119876
blm_lewistown_Lewistown District,2009-05-01,29.291572597065567
blm_lewistown_Lewistown District,2009-06-01,51.07598460866413
blm_lewistown_Lewistown District,2009-07-01,59.017240486996
blm_lewistown_Lewistown District,2009-08-01,44.32484163511755
blm_lewistown_Lewistown District,2009-09-01,21.487441514024916
blm_lewistown_Lewistown District,2009-10-01,60.807683886656974
blm_lewistown_Lewistown District,2009-11-01,10.066758477254467
blm_lewistown_Lewistown District,2009-12-01,24.852464943344486
blm_lewistown_Lewistown District,2010-01-01,19.641255842592066
blm_lewistown_Lewistown District,2010-02-01,7.0433214005360885
blm_lewistown_Lewistown District,2010-03-01,11.020352521240794
blm_lewistown_Lewistown District,2010-04-01,59.02208753684046
blm_lewistown_Lewistown District,2010-05-01,90.31991194312943
blm_lewistown_Lewistown District,2010-06-01,83.97901401398957
blm_lewistown_Lewistown District,2010-07-01,27.827182594457955
blm_lewistown_Lewistown District,2010-08-01,62.30892314874118
blm_lewistown_Lewistown District,2010-09-01,43.55199670331992
blm_lewistown_Lewistown District,2010-10-01,13.816827329713364
blm_lewistown_Lewistown District,2010-11-01,40.09049847302638
blm_lewistown_Lewistown District,2010-12-01,31.095235485375273
blm_lewistown_Lewistown District,2011-01-01,32.81611133022303
blm_lewistown_Lewistown District,2011-02-01,36.711071372393306
blm_lewistown_Lewistown District,2011-03-01,38.03445331586094
blm_lewistown_Lewistown District,2011-04-01,70.7551639265871
blm_lewistown_Lewistown District,2011-05-01,146.35731198839562
blm_lewistown_Lewistown District,2011-06-01,96.77009096515964
blm_lewistown_Lewistown District,2011-07-01,26.850757390597213
blm_lewistown_Lewistown District,2011-08-01,18.221261388767655
blm_lewistown_Lewistown District,2011-09-01,8.500000026880365
blm_lewistown_Lewistown District,2011-10-01,54.71839713682586
blm_lewistown_Lewistown District,2011-11-01,21.83236024787491
blm_lewistown_Lewistown District,2011-12-01,17.349793465824963
blm_lewistown_Lewistown District,2012-01-01,29.483558263571194
blm_lewistown_Lewistown District,2012-02-01,21.681052076327376
blm_lewistown_Lewistown District,2012-03-01,38.62977141737774
blm_lewistown_Lewistown District,2012-04-01,60.229468461469786
blm_lewistown_Lewistown District,2012-05-01,63.93668407449641
blm_lewistown_Lewistown District,2012-06-01,51.20038560821609
blm_lewistown_Lewistown District,2012-07-01,29.085596296814185
blm_lewistown_Lewistown District,2012-08-01,16.725998376099344
blm_lewistown_Lewistown District,2012-09-01,1.5851556080016707
blm_lewistown_Lewistown District,2012-10-01,49.921288918674044
blm_lewistown_Lewistown District,2012-11-01,33.13662906390384
blm_lewistown_Lewistown District,2012-12-01,24.315505406443524
blm_lewistown_Lewistown District,2013-01-01,23.38449464321005
blm_lewistown_Lewistown District,2013-02-01,15.878628491920336
blm_lewistown_Lewistown District,2013-03-01,16.00966678024225
blm_lewistown_Lewistown District,2013-04-01,38.327485551521555
blm_lewistown_Lewistown District,2013-05-01,107.8480858882903
blm_lewistown_Lewistown District,2013-06-01,87.99476731325831
blm_lewistown_Lewistown District,2013-07-01,30.257091755973377
blm_lewistown_Lewistown District,2013-08-01,33.88793721378949
blm_lewistown_Lewistown District,2013-09-01,60.11872765906945
blm_lewistown_Lewistown District,2013-10-01,26.72274854904822
blm_lewistown_Lewistown District,2013-11-01,17.93004683212484
blm_lewistown_Lewistown District,2013-12-01,34.910052327602834
blm_lewistown_Lewistown District,2014-01-01,37.400578339413094
blm_lewistown_Lewistown District,2014-02-01,38.513191909049375
blm_lewistown_Lewistown District,2014-03-01,52.82489671578456
blm_lewistown_Lewistown District,2014-04-01,35.05915727749307
blm_lewistown_Lewistown District,2014-05-01,39.778821251800125
blm_lewistown_Lewistown District,2014-06-01,81.18738635858206
blm_lewistown_Lewistown District,2014-07-01,20.869980724586398
blm_lewistown_Lewistown District,2014-08-01,122.82062785496103
blm_lewistown_Lewistown District,2014-09-01,36.32332690640016
blm_lewistown_Lewistown District,2014-10-01,20.092040789189728
blm_lewistown_Lewistown District,2014-11-01,44.98386118491469
blm_lewistown_Lewistown District,2014-12-01,31.944120099675192
blm_lewistown_Lewistown District,2015-01-01,27.58231891793871
blm_lewistown_Lewistown District,2015-02-01,18.688019835696146
blm_lewistown_Lewistown District,2015-03-01,17.68328283227728
blm_lewistown_Lewistown District,2015-04-01,29.079317007797606
blm_lewistown_Lewistown District,2015-05-01,83.59716329361841
blm_lewistown_Lewistown District,2015-06-01,37.91476177650521
blm_lewistown_Lewistown District,2015-07-01,49.96455521558605
blm_lewistown_Lewistown District,2015-08-01,19.508978248003658
blm_lewistown_Lewistown District,2015-09-01,41.6538144064094
blm_lewistown_Lewistown District,2015-10-01,33.062076548363216
blm_lewistown_Lewistown District,2015-11-01,28.033269085722566
blm_lewistown_Lewistown District,2015-12-01,33.346846610348734
blm_lewistown_Lewistown District,2016-01-01,19.219911886423752
blm_lewistown_Lewistown District,2016-02-01,12.892619124697575
blm_lewistown_Lewistown District,2016-03-01,27.62112364621899
blm_lewistown_Lewistown District,2016-04-01,57.266262743106005
blm_lewistown_Lewistown District,2016-05-01,90.01175983337554
blm_lewistown_Lewistown District,2016-06-01,36.31093364889974
blm_lewistown_Lewistown District,2016-07-01,54.87182591894513
blm_lewistown_Lewistown District,2016-08-01,38.00492975082124
blm_lewistown_Lewistown District,2016-09-01,71.56014874499549
blm_lewistown_Lewistown District,2016-10-01,85.10727069332593
blm_lewistown_Lewistown District,2016-11-01,7.81164969773504
blm_lewistown_Lewistown District,2016-12-01,30.590360779566595
blm_lewistown_Lewistown District,2017-01-01,22.617047654600782
blm_lewistown_Lewistown District,2017-02-01,34.35296057380943
blm_lewistown_Lewistown District,2017-03-01,28.30636186338397
blm_lewistown_Lewistown District,2017-04-01,63.870724348941806
blm_lewistown_Lewistown District,2017-05-01,57.73852936882055
blm_lewistown_Lewistown District,2017-06-01,51.30013770966515
blm_lewistown_Lewistown District,2017-07-01,8.774745253451565
blm_lewistown_Lewistown District,2017-08-01,4.634673651823883
blm_lewistown_Lewistown District,2017-09-01,61.32164696063328
blm_lewistown_Lewistown District,2017-10-01,33.39096670261069
blm_lewistown_Lewistown District,2017-11-01,28.19424402063722
blm_lewistown_Lewistown District,2017-12-01,53.089231647364336
blm_lewistown_Lewistown District,2018-01-01,23.007931698783636
blm_lewistown_Lewistown District,2018-02-01,60.99014048049746
blm_lewistown_Lewistown District,2018-03-01,33.62032497792624
blm_lewistown_Lewistown District,2018-04-01,54.392343733862916
blm_lewistown_Lewistown District,2018-05-01,90.60143218044406
blm_lewistown_Lewistown District,2018-06-01,117.25879920806086
blm_lewistown_Lewistown District,2018-07-01,15.549793447674356
blm_lewistown_Lewistown District,2018-08-01,25.67873866221229
blm_lewistown_Lewistown District,2018-09-01,36.64064996021242
blm_lewistown_Lewistown District,2018-10-01,30.628036351284027
blm_lewistown_Lewistown District,2018-11-01,32.525392465898726
blm_lewistown_Lewistown District,2018-12-01,13.924290826188667
blm_lewistown_Lewistown District,2019-01-01,29.321729571784505
blm_lewistown_Lewistown District,2019-02-01,52.967226648816585
blm_lewistown_Lewistown District,2019-03-01,14.496970540037237
blm_lewistown_Lewistown District,2019-04-01,59.888901151332995
blm_lewistown_Lewistown District,2019-05-01,78.67816032151222
blm_lewistown_Lewistown District,2019-06-01,59.08879095606488
blm_lewistown_Lewistown District,2019-07-01,48.64982096651834
blm_lewistown_Lewistown District,2019-08-01,40.176425243074064
blm_lewistown_Lewistown District,2019-09-01,82.40542561145763
blm_lewistown_Lewistown District,2019-10-01,41.08650509157446
blm_lewistown_Lewistown District,2019-11-01,40.16265492740002
blm_lewistown_Lewistown District,2019-12-01,12.789754891733727
blm_lewistown_Lewistown District,2020-01-01,18.78295236778338
blm_lewistown_Lewistown District,2020-02-01,23.401707543646523
blm_lewistown_Lewistown District,2020-03-01,28.346268245189584
blm_lewistown_Lewistown District,2020-04-01,38.66874140716065
blm_lewistown_Lewistown District,2020-05-01,73.37906918148796
blm_lewistown_Lewistown District,2020-06-01,103.97281740021029
blm_lewistown_Lewistown District,2020-07-01,17.391076854949024
blm_lewistown_Lewistown District,2020-08-01,12.503001927919081
blm_lewistown_Lewistown District,2020-09-01,21.804957316618456
blm_lewistown_Lewistown District,2020-10-01,58.23514182874238
blm_lewistown_Lewistown District,2020-11-01,29.02079319435189
blm_lewistown_Lewistown District,2020-12-01,11.228835031747227
blm_lewistown_Lewistown District,2021-01-01,13.921867260441115
blm_lewistown_Lewistown District,2021-02-01,31.029413381380603
blm_lewistown_Lewistown District,2021-03-01,11.741503722967769
blm_lewistown_Lewistown District,2021-04-01,33.73640869918588
blm_lewistown_Lewistown District,2021-05-01,81.28807493833365
blm_lewistown_Lewistown District,2021-06-01,22.7707243271683
blm_lewistown_Lewistown District,2021-07-01,16.091655204707155
blm_lewistown_Lewistown District,2021-08-01,63.57144034240437
blm_lewistown_Lewistown District,2021-09-01,4.943404028793893
blm_lewistown_Lewistown District,2021-10-01,14.703139635394407
blm_lewistown_Lewistown District,2021-11-01,14.38292480962922
blm_lewistown_Lewistown District,2021-12-01,37.9747452264448
blm_lewistown_Lewistown District,2022-01-01,19.859900826759098
blm_lewistown_Lewistown District,2022-02-01,21.98661526140514
blm_lewistown_Lewistown District,2022-03-01,21.702754066153616
blm_lewistown_Lewistown District,2022-04-01,45.949160036125384
blm_lewistown_Lewistown District,2022-05-01,36.81434864053645
blm_lewistown_Lewistown District,2022-06-01,61.990581113226455
blm_lewistown_Lewistown District,2022-07-01,60.696998098736394
blm_lewistown_Lewistown District,2022-08-01,34.13404023972335
blm_lewistown_Lewistown District,2022-09-01,25.501101604804163
blm_lewistown_Lewistown District,2022-10-01,66.42641146036588
blm_lewistown_Lewistown District,2022-11-01,29.653456356728316
blm_lewistown_Lewistown District,2022-12-01,35.61275128929518
blm_lewistown_Lewistown District,2023-01-01,20.844808598419615
blm_lewistown_Lewistown District,2023-02-01,25.730074348675583
blm_lewistown_Lewistown District,2023-03-01,28.89997246139997
blm_lewistown_Lewistown District,2023-04-01,49.033158926358404
blm_lewistown_Lewistown District,2023-05-01,78.5234645632337
blm_lewistown_Lewistown District,2023-06-01,121.87369877850179
blm_lewistown_Lewistown District,2023-07-01,15.395841372436612
blm_lewistown_Lewistown District,2023-08-01,37.02616362767389
blm_lewistown_Lewistown District,2023-09-01,60.72712747389474
blm_lewistown_Lewistown District,2023-10-01,45.30895071573344
blm_lewistown_Lewistown District,2023-11-01,16.50413108906185
blm_lewistown_Lewistown District,2023-12-01,7.65408980234928
blm_lewistown_Lewistown District,2024-01-01,20.901074104156745
blm_lewistown_Lewistown District,2024-02-01,41.97334067298177
blm_lewistown_Lewistown District,2024-03-01,23.029027808306797
blm_lewistown_Lewistown District,2024-04-01,38.59396861230529
blm_lewistown_Lewistown District,2024-05-01,87.98245660650011
blm_lewistown_Lewistown District,2024-06-01,60.925778069334626
blm_lewistown_Lewistown District,2024-07-01,15.517873881146192
blm_lewistown_Lewistown District,2024-08-01,45.34456071470172
blm_lewistown_Lewistown District,2024-09-01,71.08625725221121
blm_lewistown_Lewistown District,2024-10-01,7.504351419034788
blm_lewistown_Lewistown District,2024-11-01,23.609859535760442
blm_lewistown_Lewistown District,2024-12-01,20.070917099706072
blm_lewistown_Lewistown District,2025-01-01,34.646571212417655
blm_lewistown_Lewistown District,2025-02-01,32.416386694791264
blm_lewistown_Lewistown District,2025-03-01,26.511346752536557
blm_lewistown_Lewistown District,2025-04-01,27.087496578644142
blm_lewistown_Lewistown District,2025-05-01,58.067144074278474
blm_lewistown_Lewistown District,2025-06-01,62.07378136149716
blm_lewistown_Lewistown District,2025-07-01,66.41553292974432
blm_lewistown_Lewistown District,2025-08-01,38.728779949192436
blm_lewistown_Lewistown District,2025-09-01,14.941393566940876
blm_lewistown_Lewistown District,2025-10-01,25.597163304518286
blm_malta_Malta District,1979-01-01,12.503088317782321
blm_malta_Malta District,1979-02-01,23.563549407724196
blm_malta_Malta District,1979-03-01,15.122379316563915
blm_malta_Malta District,1979-04-01,46.23020877356942
blm_malta_Malta District,1979-05-01,34.770943915029875
blm_malta_Malta District,1979-06-01,31.93655937337108
blm_malta_Malta District,1979-07-01,37.307981760722754
blm_malta_Malta District,1979-08-01,19.396150521736345
blm_malta_Malta District,1979-09-01,13.184623762232784
blm_malta_Malta District,1979-10-01,15.278816901377462
blm_malta_Malta District,1979-11-01,6.554697707042636
blm_malta_Malta District,1979-12-01,14.689712941380831
blm_malta_Malta District,1980-01-01,18.587429319894433
blm_malta_Malta District,1980-02-01,13.785145742289654
blm_malta_Malta District,1980-03-01,18.908677695003888
blm_malta_Malta District,1980-04-01,24.674554180818934
blm_malta_Malta District,1980-05-01,50.98366687651975
blm_malta_Malta District,1980-06-01,73.8052631774743
blm_malta_Malta District,1980-07-01,15.022596804356253
blm_malta_Malta District,1980-08-01,35.87344500519701
blm_malta_Malta District,1980-09-01,21.510417597197407
blm_malta_Malta District,1980-10-01,36.25902566789492
blm_malta_Malta District,1980-11-01,12.14721619844333
blm_malta_Malta District,1980-12-01,22.85502393248808
blm_malta_Malta District,1981-01-01,5.930578520099409
blm_malta_Malta District,1981-02-01,8.25254461132946
blm_malta_Malta District,1981-03-01,32.52740323139098
blm_malta_Malta District,1981-04-01,9.543366681491099
blm_malta_Malta District,1981-05-01,104.62224876159894
blm_malta_Malta District,1981-06-01,58.88194863782753
blm_malta_Malta District,1981-07-01,39.08355806889146
blm_malta_Malta District,1981-08-01,17.99264899467893
blm_malta_Malta District,1981-09-01,11.711961741393521
blm_malta_Malta District,1981-10-01,32.992714219427256
blm_malta_Malta District,1981-11-01,10.021770347326203
blm_malta_Malta District,1981-12-01,12.415593755820773
blm_malta_Malta District,1982-01-01,35.6610265298738
blm_malta_Malta District,1982-02-01,21.707351021270952
blm_malta_Malta District,1982-03-01,29.51787736593199
blm_malta_Malta District,1982-04-01,14.602240109622556
blm_malta_Malta District,1982-05-01,112.81822528316437
blm_malta_Malta District,1982-06-01,47.60121795435271
blm_malta_Malta District,1982-07-01,41.67018270471813
blm_malta_Malta District,1982-08-01,29.912657688783014
blm_malta_Malta District,1982-09-01,41.53386254163346
blm_malta_Malta District,1982-10-01,20.26385385858437
blm_malta_Malta District,1982-11-01,8.343845166204389
blm_malta_Malta District,1982-12-01,20.559982621077353
blm_malta_Malta District,1983-01-01,12.469682489544892
blm_malta_Malta District,1983-02-01,7.883514589566467
blm_malta_Malta District,1983-03-01,27.703893029518674
blm_malta_Malta District,1983-04-01,11.301609429951696
blm_malta_Malta District,1983-05-01,47.085254511764745
blm_malta_Malta District,1983-06-01,42.204523735950694
blm_malta_Malta District,1983-07-01,81.10641588424278
blm_malta_Malta District,1983-08-01,14.136233168562997
blm_malta_Malta District,1983-09-01,28.711418014134775
blm_malta_Malta District,1983-10-01,11.282361910155464
blm_malta_Malta District,1983-11-01,16.68270987487451
blm_malta_Malta District,1983-12-01,14.97999132669921
blm_malta_Malta District,1984-01-01,18.47881687867118
blm_malta_Malta District,1984-02-01,11.40930839660065
blm_malta_Malta District,1984-03-01,21.226685543794538
blm_malta_Malta District,1984-04-01,19.053153551833013
blm_malta_Malta District,1984-05-01,28.41448456653049
blm_malta_Malta District,1984-06-01,47.18097003287157
blm_malta_Malta District,1984-07-01,3.52364072006596
blm_malta_Malta District,1984-08-01,20.038125290565773
blm_malta_Malta District,1984-09-01,37.588908250252025
blm_malta_Malta District,1984-10-01,25.29688994751748
blm_malta_Malta District,1984-11-01,11.343910389870288
blm_malta_Malta District,1984-12-01,22.28023054559317
blm_malta_Malta District,1985-01-01,3.7433014467468775
blm_malta_Malta District,1985-02-01,9.622749029274296
blm_malta_Malta District,1985-03-01,23.076555030301325
blm_malta_Malta District,1985-04-01,26.62309702171767
blm_malta_Malta District,1985-05-01,58.62970864560201
blm_malta_Malta District,1985-06-01,13.568899537582094
blm_malta_Malta District,1985-07-01,11.607459774946534
blm_malta_Malta District,1985-08-01,84.94164853222529
blm_malta_Malta District,1985-09-01,86.26981296431453
blm_malta_Malta District,1985-10-01,29.041692077932073
blm_malta_Malta District,1985-11-01,26.316550690228652
blm_malta_Malta District,1985-12-01,7.680774261895445
blm_malta_Malta District,1986-01-01,13.91931275483472
blm_malta_Malta District,1986-02-01,24.333927804229052
blm_malta_Malta District,1986-03-01,14.040495906746248
blm_malta_Malta District,1986-04-01,20.178708149174494
blm_malta_Malta District,1986-05-01,99.44286647927714
blm_malta_Malta District,1986-06-01,50.28925619336925
blm_malta_Malta District,1986-07-01,33.30761204794108
blm_malta_Malta District,1986-08-01,25.77383646906952
blm_malta_Malta District,1986-09-01,133.79773816195402
blm_malta_Malta District,1986-10-01,19.616072224865484
blm_malta_Malta District,1986-11-01,26.005567666290634
blm_malta_Malta District,1986-12-01,4.897107441070651
blm_malta_Malta District,1987-01-01,5.763462374583956
blm_malta_Malta District,1987-02-01,7.959177919565049
blm_malta_Malta District,1987-03-01,36.38851674695075
blm_malta_Malta District,1987-04-01,12.232992623048329
blm_malta_Malta District,1987-05-01,50.15954765810973
blm_malta_Malta District,1987-06-01,38.13723360595106
blm_malta_Malta District,1987-07-01,74.40600261339783
blm_malta_Malta District,1987-08-01,42.09789039488199
blm_malta_Malta District,1987-09-01,19.522553296232285
blm_malta_Malta District,1987-10-01,2.1568290616518104
blm_malta_Malta District,1987-11-01,3.160939541833719
blm_malta_Malta District,1987-12-01,8.703001303879423
blm_malta_Malta District,1988-01-01,14.5752936246448
blm_malta_Malta District,1988-02-01,11.518747281333372
blm_malta_Malta District,1988-03-01,18.3665941836472
blm_malta_Malta District,1988-04-01,11.79926054063
blm_malta_Malta District,1988-05-01,38.18038278115527
blm_malta_Malta District,1988-06-01,48.564245346786144
blm_malta_Malta District,1988-07-01,29.820052181549205
blm_malta_Malta District,1988-08-01,8.26631144415093
blm_malta_Malta District,1988-09-01,46.484645510404306
blm_malta_Malta District,1988-10-01,15.389908679519959
blm_malta_Malta District,1988-11-01,13.341170085596488
blm_malta_Malta District,1988-12-01,15.679752064767532
blm_malta_Malta District,1989-01-01,24.697585956176088
blm_malta_Malta District,1989-02-01,13.95417574967131
blm_malta_Malta District,1989-03-01,21.813484154042083
blm_malta_Malta District,1989-04-01,49.88236191273773
blm_malta_Malta District,1989-05-01,67.28682037476302
blm_malta_Malta District,1989-06-01,58.155611135691025
blm_malta_Malta District,1989-07-01,45.58595041255943
blm_malta_Malta District,1989-08-01,73.17246636850723
blm_malta_Malta District,1989-09-01,20.148499373510226
blm_malta_Malta District,1989-10-01,17.445737296832856
blm_malta_Malta District,1989-11-01,32.11363638707377
blm_malta_Malta District,1989-12-01,32.75613311683681
blm_malta_Malta District,1990-01-01,21.953349283281852
blm_malta_Malta District,1990-02-01,9.187233581413079
blm_malta_Malta District,1990-03-01,22.125619852786585
blm_malta_Malta District,1990-04-01,25.744432393132527
blm_malta_Malta District,1990-05-01,66.36320142156926
blm_malta_Malta District,1990-06-01,36.37699002709374
blm_malta_Malta District,1990-07-01,43.47229233717286
blm_malta_Malta District,1990-08-01,34.731665965524535
blm_malta_Malta District,1990-09-01,2.640278387142296
blm_malta_Malta District,1990-10-01,17.13212271294629
blm_malta_Malta District,1990-11-01,23.290561148994847
blm_malta_Malta District,1990-12-01,16.37227059717332
blm_malta_Malta District,1991-01-01,16.87374947604121
blm_malta_Malta District,1991-02-01,10.457764259054642
blm_malta_Malta District,1991-03-01,20.21133101613898
blm_malta_Malta District,1991-04-01,48.317224902866094
blm_malta_Malta District,1991-05-01,63.69991299171664
blm_malta_Malta District,1991-06-01,137.81852977200143
blm_malta_Malta District,1991-07-01,19.633166595820295
blm_malta_Malta District,1991-08-01,30.888669027043925
blm_malta_Malta District,1991-09-01,21.202087874410463
blm_malta_Malta District,1991-10-01,15.750108748272535
blm_malta_Malta District,1991-11-01,19.606067854718262
blm_malta_Malta District,1991-12-01,7.69521530830715
blm_malta_Malta District,1992-01-01,8.456763815411852
blm_malta_Malta District,1992-02-01,6.150565472632815
blm_malta_Malta District,1992-03-01,7.556872572806567
blm_malta_Malta District,1992-04-01,21.796998728664608
blm_malta_Malta District,1992-05-01,21.191452820801953
blm_malta_Malta District,1992-06-01,74.24908661479377
blm_malta_Malta District,1992-07-01,77.29264893434316
blm_malta_Malta District,1992-08-01,31.931317970098334
blm_malta_Malta District,1992-09-01,22.46035233079065
blm_malta_Malta District,1992-10-01,33.44493260503904
blm_malta_Malta District,1992-11-01,20.61661596187253
blm_malta_Malta District,1992-12-01,18.01498480051069
blm_malta_Malta District,1993-01-01,13.676663791682213
blm_malta_Malta District,1993-02-01,11.132579387063926
blm_malta_Malta District,1993-03-01,22.785493733520973
blm_malta_Malta District,1993-04-01,29.250065258893308
blm_malta_Malta District,1993-05-01,34.06805132564745
blm_malta_Malta District,1993-06-01,89.97485861543885
blm_malta_Malta District,1993-07-01,145.73969122117992
blm_malta_Malta District,1993-08-01,66.25778604601196
blm_malta_Malta District,1993-09-01,30.82664201279317
blm_malta_Malta District,1993-10-01,14.678294924360454
blm_malta_Malta District,1993-11-01,18.19688997386901
blm_malta_Malta District,1993-12-01,12.377772948038272
blm_malta_Malta District,1994-01-01,23.27411920685206
blm_malta_Malta District,1994-02-01,16.287733800984714
blm_malta_Malta District,1994-03-01,7.311374508132879
blm_malta_Malta District,1994-04-01,37.40556768315312
blm_malta_Malta District,1994-05-01,46.27257505402766
blm_malta_Malta District,1994-06-01,67.97453239908836
blm_malta_Malta District,1994-07-01,13.916942167095435
blm_malta_Malta District,1994-08-01,9.343845166917363
blm_malta_Malta District,1994-09-01,8.737385833870073
blm_malta_Malta District,1994-10-01,40.41213567177074
blm_malta_Malta District,1994-11-01,15.183014352666964
blm_malta_Malta District,1994-12-01,11.145193581699859
blm_malta_Malta District,1995-01-01,6.222944785338892
blm_malta_Malta District,1995-02-01,8.059221415266414
blm_malta_Malta District,1995-03-01,20.367442387661345
blm_malta_Malta District,1995-04-01,29.972053060535764
blm_malta_Malta District,1995-05-01,49.42220529487414
blm_malta_Malta District,1995-06-01,135.08795135318843
blm_malta_Malta District,1995-07-01,70.74660723330716
blm_malta_Malta District,1995-08-01,32.183405835299766
blm_malta_Malta District,1995-09-01,18.951261431510265
blm_malta_Malta District,1995-10-01,36.7272944811273
blm_malta_Malta District,1995-11-01,28.270835128334515
blm_malta_Malta District,1995-12-01,19.659634638890434
blm_malta_Malta District,1996-01-01,28.712505447807494
blm_malta_Malta District,1996-02-01,14.215811249949509
blm_malta_Malta District,1996-03-01,23.540147937137494
blm_malta_Malta District,1996-04-01,19.447216207434582
blm_malta_Malta District,1996-05-01,64.0057416424745
blm_malta_Malta District,1996-06-01,58.11037408439633
blm_malta_Malta District,1996-07-01,16.404436736067463
blm_malta_Malta District,1996-08-01,7.983884317115785
blm_malta_Malta District,1996-09-01,57.28166595092282
blm_malta_Malta District,1996-10-01,13.392235768961356
blm_malta_Malta District,1996-11-01,28.599434551024967
blm_malta_Malta District,1996-12-01,31.820965652830864
blm_malta_Malta District,1997-01-01,13.608438448990983
blm_malta_Malta District,1997-02-01,7.955241429385749
blm_malta_Malta District,1997-03-01,22.87716402899654
blm_malta_Malta District,1997-04-01,27.221357104829107
blm_malta_Malta District,1997-05-01,61.05489341338441
blm_malta_Malta District,1997-06-01,69.69695518181706
blm_malta_Malta District,1997-07-01,45.5955415464915
blm_malta_Malta District,1997-08-01,37.2508264643672
blm_malta_Malta District,1997-09-01,16.942844750415556
blm_malta_Malta District,1997-10-01,21.04865158195338
blm_malta_Malta District,1997-11-01,11.272923018762265
blm_malta_Malta District,1997-12-01,6.560983040504945
blm_malta_Malta District,1998-01-01,16.73940844248564
blm_malta_Malta District,1998-02-01,5.946150515068091
blm_malta_Malta District,1998-03-01,24.930708993046427
blm_malta_Malta District,1998-04-01,26.706589833919562
blm_malta_Malta District,1998-05-01,34.97181387225562
blm_malta_Malta District,1998-06-01,109.70765552462677
blm_malta_Malta District,1998-07-01,45.128708151642684
blm_malta_Malta District,1998-08-01,25.50676383449493
blm_malta_Malta District,1998-09-01,14.431143994121875
blm_malta_Malta District,1998-10-01,28.4210091510406
blm_malta_Malta District,1998-11-01,32.36418008254683
blm_malta_Malta District,1998-12-01,26.454262777845358
blm_malta_Malta District,1999-01-01,21.145889512504272
blm_malta_Malta District,1999-02-01,17.450435005202923
blm_malta_Malta District,1999-03-01,13.688168782949862
blm_malta_Malta District,1999-04-01,39.67796867855117
blm_malta_Malta District,1999-05-01,57.16589824445043
blm_malta_Malta District,1999-06-01,72.77161814493425
blm_malta_Malta District,1999-07-01,29.65909091334283
blm_malta_Malta District,1999-08-01,38.10824274010843
blm_malta_Malta District,1999-09-01,31.567594632940637
blm_malta_Malta District,1999-10-01,24.530252314796133
blm_malta_Malta District,1999-11-01,17.396672467191927
blm_malta_Malta District,1999-12-01,10.276402811918015
blm_malta_Malta District,2000-01-01,15.61946499466948
blm_malta_Malta District,2000-02-01,13.291648557467168
blm_malta_Malta District,2000-03-01,18.20789474816673
blm_malta_Malta District,2000-04-01,24.1177251130511
blm_malta_Malta District,2000-05-01,44.46650720897474
blm_malta_Malta District,2000-06-01,52.48125273022977
blm_malta_Malta District,2000-07-01,48.00334925618365
blm_malta_Malta District,2000-08-01,7.0277077174280045
blm_malta_Malta District,2000-09-01,36.82218354844487
blm_malta_Malta District,2000-10-01,16.491800807153936
blm_malta_Malta District,2000-11-01,8.981665959289252
blm_malta_Malta District,2000-12-01,13.91376687330285
blm_malta_Malta District,2001-01-01,8.042605496453637
blm_malta_Malta District,2001-02-01,9.948303630918252
blm_malta_Malta District,2001-03-01,8.967529382412462
blm_malta_Malta District,2001-04-01,27.509330140346545
blm_malta_Malta District,2001-05-01,15.936320167046206
blm_malta_Malta District,2001-06-01,75.66468031751741
blm_malta_Malta District,2001-07-01,64.45767729071858
blm_malta_Malta District,2001-08-01,5.606850810935571
blm_malta_Malta District,2001-09-01,11.38129623193438
blm_malta_Malta District,2001-10-01,14.459156149623185
blm_malta_Malta District,2001-11-01,8.641496310601188
blm_malta_Malta District,2001-12-01,5.239582428754854
blm_malta_Malta District,2002-01-01,16.933623318466843
blm_malta_Malta District,2002-02-01,16.68142671909681
blm_malta_Malta District,2002-03-01,25.40241411547393
blm_malta_Malta District,2002-04-01,14.717790356430088
blm_malta_Malta District,2002-05-01,45.92875168747672
blm_malta_Malta District,2002-06-01,125.15239235047103
blm_malta_Malta District,2002-07-01,38.467942586822474
blm_malta_Malta District,2002-08-01,62.90015230722249
blm_malta_Malta District,2002-09-01,38.17529363412347
blm_malta_Malta District,2002-10-01,13.960983046400594
blm_malta_Malta District,2002-11-01,8.785928683041904
blm_malta_Malta District,2002-12-01,7.0817746941475
blm_malta_Malta District,2003-01-01,12.896389752431972
blm_malta_Malta District,2003-02-01,14.312092252714109
blm_malta_Malta District,2003-03-01,23.616550742309474
blm_malta_Malta District,2003-04-01,44.954023503489786
blm_malta_Malta District,2003-05-01,52.94902130208258
blm_malta_Malta District,2003-06-01,55.02033493652609
blm_malta_Malta District,2003-07-01,11.592866493242365
blm_malta_Malta District,2003-08-01,15.956372359982259
blm_malta_Malta District,2003-09-01,28.842061791330796
blm_malta_Malta District,2003-10-01,28.615702479753665
blm_malta_Malta District,2003-11-01,16.665898238539228
blm_malta_Malta District,2003-12-01,24.335276213637016
blm_malta_Malta District,2004-01-01,26.87113963473927
blm_malta_Malta District,2004-02-01,5.560656827511918
blm_malta_Malta District,2004-03-01,8.11926926391806
blm_malta_Malta District,2004-04-01,18.67505439015356
blm_malta_Malta District,2004-05-01,89.72351023859436
blm_malta_Malta District,2004-06-01,50.15989559284756
blm_malta_Malta District,2004-07-01,34.907416299821605
blm_malta_Malta District,2004-08-01,51.96378861908915
blm_malta_Malta District,2004-09-01,27.2945411306923
blm_malta_Malta District,2004-10-01,25.799804283671403
blm_malta_Malta District,2004-11-01,9.531078728321793
blm_malta_Malta District,2004-12-01,12.929469341866708
blm_malta_Malta District,2005-01-01,10.097042212542268
blm_malta_Malta District,2005-02-01,2.529317103478638
blm_malta_Malta District,2005-03-01,28.51644192959444
blm_malta_Malta District,2005-04-01,30.315876478498634
blm_malta_Malta District,2005-05-01,30.07059592980828
blm_malta_Malta District,2005-06-01,133.81550669659734
blm_malta_Malta District,2005-07-01,10.236885613633426
blm_malta_Malta District,2005-08-01,32.69103958877391
blm_malta_Malta District,2005-09-01,28.624380175991647
blm_malta_Malta District,2005-10-01,32.44425835034909
blm_malta_Malta District,2005-11-01,20.994127895169385
blm_malta_Malta District,2005-12-01,13.917507602630257
blm_malta_Malta District,2006-01-01,18.15478472172462
blm_malta_Malta District,2006-02-01,16.454480224041486
blm_malta_Malta District,2006-03-01,20.257351036121555
blm_malta_Malta District,2006-04-01,40.64706399991441
blm_malta_Malta District,2006-05-01,49.971987827179895
blm_malta_Malta District,2006-06-01,62.78527623127211
blm_malta_Malta District,2006-07-01,9.236581136657653
blm_malta_Malta District,2006-08-01,18.150869961249512
blm_malta_Malta District,2006-09-01,43.126228828645885
blm_malta_Malta District,2006-10-01,33.68666814046613
blm_malta_Malta District,2006-11-01,22.454567281564145
blm_malta_Malta District,2006-12-01,10.642822972428752
blm_malta_Malta District,2007-01-01,12.498455874450107
blm_malta_Malta District,2007-02-01,23.043540671370558
blm_malta_Malta District,2007-03-01,15.013919105460822
blm_malta_Malta District,2007-04-01,49.28364507277772
blm_malta_Malta District,2007-05-01,88.62322750730378
blm_malta_Malta District,2007-06-01,54.549543280350534
blm_malta_Malta District,2007-07-01,13.24595477757064
blm_malta_Malta District,2007-08-01,15.90967814711811
blm_malta_Malta District,2007-09-01,41.08479773453807
blm_malta_Malta District,2007-10-01,25.201913890033868
blm_malta_Malta District,2007-11-01,6.752718580804892
blm_malta_Malta District,2007-12-01,13.220856917350382
blm_malta_Malta District,2008-01-01,13.377490232617195
blm_malta_Malta District,2008-02-01,14.188190518072659
blm_malta_Malta District,2008-03-01,9.835732932659065
blm_malta_Malta District,2008-04-01,17.171117901957622
blm_malta_Malta District,2008-05-01,95.48227489466457
blm_malta_Malta District,2008-06-01,88.78203565673032
blm_malta_Malta District,2008-07-01,27.55885168789469
blm_malta_Malta District,2008-08-01,30.039865189710355
blm_malta_Malta District,2008-09-01,39.83375381064861
blm_malta_Malta District,2008-10-01,18.737037855316732
blm_malta_Malta District,2008-11-01,24.234341032663703
blm_malta_Malta District,2008-12-01,26.991800808916924
blm_malta_Malta District,2009-01-01,22.345411036314264
blm_malta_Malta District,2009-02-01,8.16916051624961
blm_malta_Malta District,2009-03-01,15.897455429424147
blm_malta_Malta District,2009-04-01,43.63136148929804
blm_malta_Malta District,2009-05-01,29.4295780970875
blm_malta_Malta District,2009-06-01,40.616333191370956
blm_malta_Malta District,2009-07-01,48.514897778325626
blm_malta_Malta District,2009-08-01,35.88197044104584
blm_malta_Malta District,2009-09-01,14.904045257012498
blm_malta_Malta District,2009-10-01,33.11781210026154
blm_malta_Malta District,2009-11-01,5.2568943126531416
blm_malta_Malta District,2009-12-01,17.133101374857215
blm_malta_Malta District,2010-01-01,13.046585479233514
blm_malta_Malta District,2010-02-01,3.544693347039094
blm_malta_Malta District,2010-03-01,6.244649843911131
blm_malta_Malta District,2010-04-01,43.626620293700626
blm_malta_Malta District,2010-05-01,87.08910389286687
blm_malta_Malta District,2010-06-01,71.12518488339312
blm_malta_Malta District,2010-07-01,39.83829926075548
blm_malta_Malta District,2010-08-01,51.14319267849551
blm_malta_Malta District,2010-09-01,54.646716011249794
blm_malta_Malta District,2010-10-01,8.022314049345662
blm_malta_Malta District,2010-11-01,23.845846033293352
blm_malta_Malta District,2010-12-01,22.566876892598362
blm_malta_Malta District,2011-01-01,32.7230752470598
blm_malta_Malta District,2011-02-01,23.89623752227292
blm_malta_Malta District,2011-03-01,29.126054838876613
blm_malta_Malta District,2011-04-01,40.857851249231054
blm_malta_Malta District,2011-05-01,125.00674208831455
blm_malta_Malta District,2011-06-01,93.16955195058165
blm_malta_Malta District,2011-07-01,35.72551111845205
blm_malta_Malta District,2011-08-01,19.526207059608847
blm_malta_Malta District,2011-09-01,9.439473713310244
blm_malta_Malta District,2011-10-01,40.40795995484958
blm_malta_Malta District,2011-11-01,15.505893879841079
blm_malta_Malta District,2011-12-01,8.405350188734014
blm_malta_Malta District,2012-01-01,16.382796854415943
blm_malta_Malta District,2012-02-01,14.636972621089742
blm_malta_Malta District,2012-03-01,24.943714641705448
blm_malta_Malta District,2012-04-01,51.88842976617004
blm_malta_Malta District,2012-05-01,75.34839060079435
blm_malta_Malta District,2012-06-01,63.687233613334875
blm_malta_Malta District,2012-07-01,25.47561984686501
blm_malta_Malta District,2012-08-01,16.627946965846874
blm_malta_Malta District,2012-09-01,3.7162027004919866
blm_malta_Malta District,2012-10-01,44.24575901197423
blm_malta_Malta District,2012-11-01,25.63144847298249
blm_malta_Malta District,2012-12-01,17.765376265332097
blm_malta_Malta District,2013-01-01,19.642018288412835
blm_malta_Malta District,2013-02-01,7.282470637816561
blm_malta_Malta District,2013-03-01,17.461004807799732
blm_malta_Malta District,2013-04-01,29.249130093050603
blm_malta_Malta District,2013-05-01,106.72564157914887
blm_malta_Malta District,2013-06-01,88.94778168600712
blm_malta_Malta District,2013-07-01,41.164201835696204
blm_malta_Malta District,2013-08-01,36.93440626392472
blm_malta_Malta District,2013-09-01,52.83475427391115
blm_malta_Malta District,2013-10-01,14.236363652388704
blm_malta_Malta District,2013-11-01,14.653806018020443
blm_malta_Malta District,2013-12-01,25.24984777300396
blm_malta_Malta District,2014-01-01,18.92744671015078
blm_malta_Malta District,2014-02-01,14.784841260245283
blm_malta_Malta District,2014-03-01,34.37927359257018
blm_malta_Malta District,2014-04-01,28.278773396572063
blm_malta_Malta District,2014-05-01,40.11133102750509
blm_malta_Malta District,2014-06-01,88.22916491169575
blm_malta_Malta District,2014-07-01,17.5857981887977
blm_malta_Malta District,2014-08-01,124.42205306538918
blm_malta_Malta District,2014-09-01,35.100304468344895
blm_malta_Malta District,2014-10-01,16.559243142475196
blm_malta_Malta District,2014-11-01,31.519899968325237
blm_malta_Malta District,2014-12-01,17.968682028356454
blm_malta_Malta District,2015-01-01,23.98840800478646
blm_malta_Malta District,2015-02-01,11.594997844290557
blm_malta_Malta District,2015-03-01,20.34897782710284
blm_malta_Malta District,2015-04-01,17.945976518869088
blm_malta_Malta District,2015-05-01,51.52816442180167
blm_malta_Malta District,2015-06-01,28.127468472203258
blm_malta_Malta District,2015-07-01,72.29515004438025
blm_malta_Malta District,2015-08-01,22.079556336969123
blm_malta_Malta District,2015-09-01,40.00680731648515
blm_malta_Malta District,2015-10-01,27.728642911898564
blm_malta_Malta District,2015-11-01,21.789212694993584
blm_malta_Malta District,2015-12-01,23.62009571660545
blm_malta_Malta District,2016-01-01,13.085036968759683
blm_malta_Malta District,2016-02-01,10.086472391634985
blm_malta_Malta District,2016-03-01,18.792931732793328
blm_malta_Malta District,2016-04-01,77.99036539715755
blm_malta_Malta District,2016-05-01,94.29854278016889
blm_malta_Malta District,2016-06-01,55.988342750171
blm_malta_Malta District,2016-07-01,80.3773815234675
blm_malta_Malta District,2016-08-01,32.27250979640475
blm_malta_Malta District,2016-09-01,62.79108306458329
blm_malta_Malta District,2016-10-01,118.72581555522903
blm_malta_Malta District,2016-11-01,6.844475871553987
blm_malta_Malta District,2016-12-01,16.859612903163555
blm_malta_Malta District,2017-01-01,15.755741622679748
blm_malta_Malta District,2017-02-01,27.81911702351033
blm_malta_Malta District,2017-03-01,21.412722910134985
blm_malta_Malta District,2017-04-01,39.63114395220418
blm_malta_Malta District,2017-05-01,24.242714242968365
blm_malta_Malta District,2017-06-01,39.307459766162694
blm_malta_Malta District,2017-07-01,10.278273153870249
blm_malta_Malta District,2017-08-01,5.554001750357258
blm_malta_Malta District,2017-09-01,29.246215741807557
blm_malta_Malta District,2017-10-01,31.903588515667877
blm_malta_Malta District,2017-11-01,18.083862543883868
blm_malta_Malta District,2017-12-01,33.84051759806132
blm_malta_Malta District,2018-01-01,15.347390179247274
blm_malta_Malta District,2018-02-01,42.441257104660025
blm_malta_Malta District,2018-03-01,32.05650282051315
blm_malta_Malta District,2018-04-01,26.98314487088914
blm_malta_Malta District,2018-05-01,52.963201415181004
blm_malta_Malta District,2018-06-01,65.69436710676248
blm_malta_Malta District,2018-07-01,20.028686387376094
blm_malta_Malta District,2018-08-01,25.806611602126956
blm_malta_Malta District,2018-09-01,50.70937363258285
blm_malta_Malta District,2018-10-01,24.78988691950529
blm_malta_Malta District,2018-11-01,23.604893455302108
blm_malta_Malta District,2018-12-01,11.23238365737808
blm_malta_Malta District,2019-01-01,18.180709002535465
blm_malta_Malta District,2019-02-01,34.96781212228856
blm_malta_Malta District,2019-03-01,8.38440626270489
blm_malta_Malta District,2019-04-01,34.88236190174496
blm_malta_Malta District,2019-05-01,50.814963077762535
blm_malta_Malta District,2019-06-01,94.61315792070467
blm_malta_Malta District,2019-07-01,37.29071335307201
blm_malta_Malta District,2019-08-01,50.814636797944374
blm_malta_Malta District,2019-09-01,87.05615490900531
blm_malta_Malta District,2019-10-01,19.28836452699112
blm_malta_Malta District,2019-11-01,40.913440671367404
blm_malta_Malta District,2019-12-01,15.13758158357105
blm_malta_Malta District,2020-01-01,14.93040451765216
blm_malta_Malta District,2020-02-01,16.39715093999077
blm_malta_Malta District,2020-03-01,20.753653754043082
blm_malta_Malta District,2020-04-01,19.620617678861297
blm_malta_Malta District,2020-05-01,54.49284473840648
blm_malta_Malta District,2020-06-01,77.92324924717887
blm_malta_Malta District,2020-07-01,31.620356700611197
blm_malta_Malta District,2020-08-01,9.9542844946512
blm_malta_Malta District,2020-09-01,34.82577207068766
blm_malta_Malta District,2020-10-01,35.48277513148111
blm_malta_Malta District,2020-11-01,32.14095261989857
blm_malta_Malta District,2020-12-01,7.755567644797703
blm_malta_Malta District,2021-01-01,7.022009569822627
blm_malta_Malta District,2021-02-01,18.5556111343986
blm_malta_Malta District,2021-03-01,7.227577201033634
blm_malta_Malta District,2021-04-01,17.46002609286945
blm_malta_Malta District,2021-05-01,61.6258373492798
blm_malta_Malta District,2021-06-01,22.260243593998297
blm_malta_Malta District,2021-07-01,21.323031769907438
blm_malta_Malta District,2021-08-01,63.52775121907039
blm_malta_Malta District,2021-09-01,6.400065257380505
blm_malta_Malta District,2021-10-01,16.991213559793255
blm_malta_Malta District,2021-11-01,15.151565905678215
blm_malta_Malta District,2021-12-01,25.5007394778827
blm_malta_Malta District,2022-01-01,11.058612465748272
blm_malta_Malta District,2022-02-01,10.956133107754809
blm_malta_Malta District,2022-03-01,19.33640712395913
blm_malta_Malta District,2022-04-01,19.48033928352628
blm_malta_Malta District,2022-05-01,32.11944324029638
blm_malta_Malta District,2022-06-01,86.22227059887409
blm_malta_Malta District,2022-07-01,58.37544580893498
blm_malta_Malta District,2022-08-01,20.424097441418787
blm_malta_Malta District,2022-09-01,16.12738148548542
blm_malta_Malta District,2022-10-01,45.16259242493778
blm_malta_Malta District,2022-11-01,20.54408440708129
blm_malta_Malta District,2022-12-01,31.154610691095446
blm_malta_Malta District,2023-01-01,7.528990876712245
blm_malta_Malta District,2023-02-01,15.89491082736335
blm_malta_Malta District,2023-03-01,24.15337103706383
blm_malta_Malta District,2023-04-01,22.459395409122973
blm_malta_Malta District,2023-05-01,66.05110920569646
blm_malta_Malta District,2023-06-01,82.09245328915642
blm_malta_Malta District,2023-07-01,25.874249686244365
blm_malta_Malta District,2023-08-01,27.74982602360872
blm_malta_Malta District,2023-09-01,32.18586343824993
blm_malta_Malta District,2023-10-01,38.8516963910621
blm_malta_Malta District,2023-11-01,20.944584635145098
blm_malta_Malta District,2023-12-01,8.38449325790064
blm_malta_Malta District,2024-01-01,17.659634635623718
blm_malta_Malta District,2024-02-01,25.818921273353048
blm_malta_Malta District,2024-03-01,26.868660288719884
blm_malta_Malta District,2024-04-01,30.090495857066205
blm_malta_Malta District,2024-05-01,89.13658112139741
blm_malta_Malta District,2024-06-01,57.56626795146091
blm_malta_Malta District,2024-07-01,23.468181824570067
blm_malta_Malta District,2024-08-01,56.44264900419908
blm_malta_Malta District,2024-09-01,61.973205780868895
blm_malta_Malta District,2024-10-01,6.883384085527292
blm_malta_Malta District,2024-11-01,22.44847761065403
blm_malta_Malta District,2024-12-01,14.79810787006895
blm_malta_Malta District,2025-01-01,15.12329275546358
blm_malta_Malta District,2025-02-01,17.69032186764953
blm_malta_Malta District,2025-03-01,14.076685531209893
blm_malta_Malta District,2025-04-01,21.20108744651144
blm_malta_Malta District,2025-05-01,41.74334495655606
blm_malta_Malta District,2025-06-01,55.95939541817126
blm_malta_Malta District,2025-07-01,89.25896047208039
blm_malta_Malta District,2025-08-01,54.624119221827115
blm_malta_Malta District,2025-09-01,9.178360159868207
blm_malta_Malta District,2025-10-01,12.569943455754803
blm_miles-city_Miles City District,1979-01-01,7.302908638963702
blm_miles-city_Miles City District,1979-02-01,18.756952356331464
blm_miles-city_Miles City District,1979-03-01,9.729682191394515
blm_miles-city_Miles City District,1979-04-01,29.289543136024044
blm_miles-city_Miles City District,1979-05-01,40.98402387681803
blm_miles-city_Miles City District,1979-06-01,27.533796842468988
blm_miles-city_Miles City District,1979-07-01,45.42622020553108
blm_miles-city_Miles City District,1979-08-01,13.290039754245392
blm_miles-city_Miles City District,1979-09-01,11.688053349749726
blm_miles-city_Miles City District,1979-10-01,11.22214814009109
blm_miles-city_Miles City District,1979-11-01,6.514500584288434
blm_miles-city_Miles City District,1979-12-01,2.8354568823106443
blm_miles-city_Miles City District,1980-01-01,11.931725335936406
blm_miles-city_Miles City District,1980-02-01,7.7924375818380565
blm_miles-city_Miles City District,1980-03-01,10.826759385264285
blm_miles-city_Miles City District,1980-04-01,10.452000578656099
blm_miles-city_Miles City District,1980-05-01,17.38788310158469
blm_miles-city_Miles City District,1980-06-01,50.13352727429956
blm_miles-city_Miles City District,1980-07-01,16.956072662258258
blm_miles-city_Miles City District,1980-08-01,59.2513053861027
blm_miles-city_Miles City District,1980-09-01,25.810087982425625
blm_miles-city_Miles City District,1980-10-01,43.9679767421101
blm_miles-city_Miles City District,1980-11-01,7.082874589167307
blm_miles-city_Miles City District,1980-12-01,11.533427942286284
blm_miles-city_Miles City District,1981-01-01,3.3492196472562537
blm_miles-city_Miles City District,1981-02-01,3.953901829669478
blm_miles-city_Miles City District,1981-03-01,10.021424545230985
blm_miles-city_Miles City District,1981-04-01,9.422460296232503
blm_miles-city_Miles City District,1981-05-01,64.8954313550986
blm_miles-city_Miles City District,1981-06-01,70.90314981101184
blm_miles-city_Miles City District,1981-07-01,44.59625428015203
blm_miles-city_Miles City District,1981-08-01,28.63735812455923
blm_miles-city_Miles City District,1981-09-01,15.42810728227578
blm_miles-city_Miles City District,1981-10-01,30.10723610565692
blm_miles-city_Miles City District,1981-11-01,11.72105562409532
blm_miles-city_Miles City District,1981-12-01,8.871864388786705
blm_miles-city_Miles City District,1982-01-01,21.30463962610409
blm_miles-city_Miles City District,1982-02-01,7.777582306342959
blm_miles-city_Miles City District,1982-03-01,30.393856421637345
blm_miles-city_Miles City District,1982-04-01,21.049858126007063
blm_miles-city_Miles City District,1982-05-01,95.89676509515111
blm_miles-city_Miles City District,1982-06-01,72.1875425581223
blm_miles-city_Miles City District,1982-07-01,39.71495459542507
blm_miles-city_Miles City District,1982-08-01,34.6364642476386
blm_miles-city_Miles City District,1982-09-01,42.724106157272544
blm_miles-city_Miles City District,1982-10-01,51.70319241048529
blm_miles-city_Miles City District,1982-11-01,5.026929634662343
blm_miles-city_Miles City District,1982-12-01,21.40302214151614
blm_miles-city_Miles City District,1983-01-01,6.872658924105557
blm_miles-city_Miles City District,1983-02-01,2.61715381014479
blm_miles-city_Miles City District,1983-03-01,19.330732152018186
blm_miles-city_Miles City District,1983-04-01,5.08287458665559
blm_miles-city_Miles City District,1983-05-01,44.79187007713534
blm_miles-city_Miles City District,1983-06-01,33.27727015280967
blm_miles-city_Miles City District,1983-07-01,46.46770715672908
blm_miles-city_Miles City District,1983-08-01,18.878206609258857
blm_miles-city_Miles City District,1983-09-01,26.747105592293043
blm_miles-city_Miles City District,1983-10-01,14.799049395962145
blm_miles-city_Miles City District,1983-11-01,11.629639628382398
blm_miles-city_Miles City District,1983-12-01,11.865295152151354
blm_miles-city_Miles City District,1984-01-01,8.079866658164681
blm_miles-city_Miles City District,1984-02-01,5.255803069795369
blm_miles-city_Miles City District,1984-03-01,14.86164870553742
blm_miles-city_Miles City District,1984-04-01,31.68701758596805
blm_miles-city_Miles City District,1984-05-01,21.905405808422
blm_miles-city_Miles City District,1984-06-01,86.0346623433164
blm_miles-city_Miles City District,1984-07-01,10.434761644779757
blm_miles-city_Miles City District,1984-08-01,22.131796247301523
blm_miles-city_Miles City District,1984-09-01,31.89188422328633
blm_miles-city_Miles City District,1984-10-01,10.142778101289448
blm_miles-city_Miles City District,1984-11-01,9.717168008327214
blm_miles-city_Miles City District,1984-12-01,16.726234404845894
blm_miles-city_Miles City District,1985-01-01,3.739940420139864
blm_miles-city_Miles City District,1985-02-01,2.2223183947417646
blm_miles-city_Miles City District,1985-03-01,23.57809309568362
blm_miles-city_Miles City District,1985-04-01,27.408456308211154
blm_miles-city_Miles City District,1985-05-01,43.76159193675445
blm_miles-city_Miles City District,1985-06-01,27.03720206113598
blm_miles-city_Miles City District,1985-07-01,35.71258515099256
blm_miles-city_Miles City District,1985-08-01,46.21533768455774
blm_miles-city_Miles City District,1985-09-01,37.259435321497186
blm_miles-city_Miles City District,1985-10-01,24.657278668799275
blm_miles-city_Miles City District,1985-11-01,19.121906958791037
blm_miles-city_Miles City District,1985-12-01,14.213266188285138
blm_miles-city_Miles City District,1986-01-01,11.364571522240539
blm_miles-city_Miles City District,1986-02-01,15.61613224448465
blm_miles-city_Miles City District,1986-03-01,9.154639636059624
blm_miles-city_Miles City District,1986-04-01,32.22454598231429
blm_miles-city_Miles City District,1986-05-01,79.33342791686128
blm_miles-city_Miles City District,1986-06-01,57.96383370985102
blm_miles-city_Miles City District,1986-07-01,44.35954885132332
blm_miles-city_Miles City District,1986-08-01,17.04785757357092
blm_miles-city_Miles City District,1986-09-01,116.57745462432757
blm_miles-city_Miles City District,1986-10-01,17.853759934899486
blm_miles-city_Miles City District,1986-11-01,20.167480148197438
blm_miles-city_Miles City District,1986-12-01,2.2040720814405588
blm_miles-city_Miles City District,1987-01-01,4.173935879821066
blm_miles-city_Miles City District,1987-02-01,4.4975737941183915
blm_miles-city_Miles City District,1987-03-01,29.85347617294948
blm_miles-city_Miles City District,1987-04-01,8.076291158355595
blm_miles-city_Miles City District,1987-05-01,83.59781505084607
blm_miles-city_Miles City District,1987-06-01,28.909194128332018
blm_miles-city_Miles City District,1987-07-01,82.66882807009607
blm_miles-city_Miles City District,1987-08-01,45.24009651209521
blm_miles-city_Miles City District,1987-09-01,28.34933316315208
blm_miles-city_Miles City District,1987-10-01,2.356356419940034
blm_miles-city_Miles City District,1987-11-01,4.499886500751694
blm_miles-city_Miles City District,1987-12-01,3.075468224078992
blm_miles-city_Miles City District,1988-01-01,8.736379134397907
blm_miles-city_Miles City District,1988-02-01,10.018927369397831
blm_miles-city_Miles City District,1988-03-01,11.85794553055801
blm_miles-city_Miles City District,1988-04-01,10.158952907099897
blm_miles-city_Miles City District,1988-05-01,33.45043986257711
blm_miles-city_Miles City District,1988-06-01,33.633271861292855
blm_miles-city_Miles City District,1988-07-01,15.158527242880268
blm_miles-city_Miles City District,1988-08-01,14.592650412024758
blm_miles-city_Miles City District,1988-09-01,37.54240919214913
blm_miles-city_Miles City District,1988-10-01,10.702454609375671
blm_miles-city_Miles City District,1988-11-01,7.684846777735314
blm_miles-city_Miles City District,1988-12-01,11.304753142507339
blm_miles-city_Miles City District,1989-01-01,16.611606150967038
blm_miles-city_Miles City District,1989-02-01,7.158030671891032
blm_miles-city_Miles City District,1989-03-01,20.8243331599655
blm_miles-city_Miles City District,1989-04-01,63.190422803941566
blm_miles-city_Miles City District,1989-05-01,54.580746366000746
blm_miles-city_Miles City District,1989-06-01,41.77453179527222
blm_miles-city_Miles City District,1989-07-01,36.6041856005568
blm_miles-city_Miles City District,1989-08-01,28.591118069566473
blm_miles-city_Miles City District,1989-09-01,8.570672542719375
blm_miles-city_Miles City District,1989-10-01,28.11647278144871
blm_miles-city_Miles City District,1989-11-01,17.564855296718683
blm_miles-city_Miles City District,1989-12-01,22.08605279297347
blm_miles-city_Miles City District,1990-01-01,8.067437592635901
blm_miles-city_Miles City District,1990-02-01,1.8837400733976373
blm_miles-city_Miles City District,1990-03-01,11.851433050263754
blm_miles-city_Miles City District,1990-04-01,33.57014759701849
blm_miles-city_Miles City District,1990-05-01,41.067863235679305
blm_miles-city_Miles City District,1990-06-01,49.68510218186221
blm_miles-city_Miles City District,1990-07-01,32.840876852613576
blm_miles-city_Miles City District,1990-08-01,22.19089104497338
blm_miles-city_Miles City District,1990-09-01,6.799219650435225
blm_miles-city_Miles City District,1990-10-01,12.5358825431847
blm_miles-city_Miles City District,1990-11-01,8.025269601202309
blm_miles-city_Miles City District,1990-12-01,7.8436436098699
blm_miles-city_Miles City District,1991-01-01,8.088393889359123
blm_miles-city_Miles City District,1991-02-01,8.06313850337409
blm_miles-city_Miles City District,1991-03-01,9.777241787020113
blm_miles-city_Miles City District,1991-04-01,72.10167429531067
blm_miles-city_Miles City District,1991-05-01,67.09243758339075
blm_miles-city_Miles City District,1991-06-01,123.8892877277803
blm_miles-city_Miles City District,1991-07-01,25.068828046085073
blm_miles-city_Miles City District,1991-08-01,19.17634792509198
blm_miles-city_Miles City District,1991-09-01,61.42491490386266
blm_miles-city_Miles City District,1991-10-01,12.29560159838565
blm_miles-city_Miles City District,1991-11-01,12.66062714962054
blm_miles-city_Miles City District,1991-12-01,2.3854284972738937
blm_miles-city_Miles City District,1992-01-01,4.533754261715864
blm_miles-city_Miles City District,1992-02-01,1.2955874056977121
blm_miles-city_Miles City District,1992-03-01,14.756115222829695
blm_miles-city_Miles City District,1992-04-01,59.02620600585093
blm_miles-city_Miles City District,1992-05-01,29.343217950673704
blm_miles-city_Miles City District,1992-06-01,68.53531503514995
blm_miles-city_Miles City District,1992-07-01,59.70813001325263
blm_miles-city_Miles City District,1992-08-01,34.2240493990371
blm_miles-city_Miles City District,1992-09-01,16.75046823670185
blm_miles-city_Miles City District,1992-10-01,17.765280948729846
blm_miles-city_Miles City District,1992-11-01,19.33253407035188
blm_miles-city_Miles City District,1992-12-01,9.558030664709383
blm_miles-city_Miles City District,1993-01-01,10.272531235021846
blm_miles-city_Miles City District,1993-02-01,6.6060159064144335
blm_miles-city_Miles City District,1993-03-01,15.774702073090735
blm_miles-city_Miles City District,1993-04-01,26.585229876803215
blm_miles-city_Miles City District,1993-05-01,29.516146449340457
blm_miles-city_Miles City District,1993-06-01,95.85777531795956
blm_miles-city_Miles City District,1993-07-01,177.72383661086118
blm_miles-city_Miles City District,1993-08-01,44.58686152218961
blm_miles-city_Miles City District,1993-09-01,10.418530099000888
blm_miles-city_Miles City District,1993-10-01,25.92383657786551
blm_miles-city_Miles City District,1993-11-01,11.877951208261031
blm_miles-city_Miles City District,1993-12-01,8.867111249887104
blm_miles-city_Miles City District,1994-01-01,19.438535775621418
blm_miles-city_Miles City District,1994-02-01,11.98190978125465
blm_miles-city_Miles City District,1994-03-01,10.261847350936675
blm_miles-city_Miles City District,1994-04-01,34.64843927339041
blm_miles-city_Miles City District,1994-05-01,39.064273544932874
blm_miles-city_Miles City District,1994-06-01,66.33575483212812
blm_miles-city_Miles City District,1994-07-01,30.228050511216196
blm_miles-city_Miles City District,1994-08-01,10.810811593181429
blm_miles-city_Miles City District,1994-09-01,24.799162890631006
blm_miles-city_Miles City District,1994-10-01,59.58843643657195
blm_miles-city_Miles City District,1994-11-01,10.6124716408204
blm_miles-city_Miles City District,1994-12-01,7.359038034083996
blm_miles-city_Miles City District,1995-01-01,7.187045981779813
blm_miles-city_Miles City District,1995-02-01,6.494012498308425
blm_miles-city_Miles City District,1995-03-01,30.565734982355227
blm_miles-city_Miles City District,1995-04-01,30.654157211777843
blm_miles-city_Miles City District,1995-05-01,76.35977583034355
blm_miles-city_Miles City District,1995-06-01,55.97369471310758
blm_miles-city_Miles City District,1995-07-01,54.333697518344366
blm_miles-city_Miles City District,1995-08-01,35.90341940207595
blm_miles-city_Miles City District,1995-09-01,13.130703762968606
blm_miles-city_Miles City District,1995-10-01,36.81082576628305
blm_miles-city_Miles City District,1995-11-01,13.2240494008638
blm_miles-city_Miles City District,1995-12-01,7.93866347603576
blm_miles-city_Miles City District,1996-01-01,19.72951194850324
blm_miles-city_Miles City District,1996-02-01,6.4639472336879384
blm_miles-city_Miles City District,1996-03-01,23.747063017459787
blm_miles-city_Miles City District,1996-04-01,18.776887087221176
blm_miles-city_Miles City District,1996-05-01,87.73679060562515
blm_miles-city_Miles City District,1996-06-01,48.93000856512115
blm_miles-city_Miles City District,1996-07-01,29.96955166525386
blm_miles-city_Miles City District,1996-08-01,11.002014767467367
blm_miles-city_Miles City District,1996-09-01,48.31363508487532
blm_miles-city_Miles City District,1996-10-01,19.217792291748133
blm_miles-city_Miles City District,1996-11-01,22.671481297519502
blm_miles-city_Miles City District,1996-12-01,17.421651549798
blm_miles-city_Miles City District,1997-01-01,13.150368919369852
blm_miles-city_Miles City District,1997-02-01,4.031640186554897
blm_miles-city_Miles City District,1997-03-01,13.7960414592849
blm_miles-city_Miles City District,1997-04-01,38.09011068300816
blm_miles-city_Miles City District,1997-05-01,38.466189028794595
blm_miles-city_Miles City District,1997-06-01,47.249517603981374
blm_miles-city_Miles City District,1997-07-01,97.0983399489681
blm_miles-city_Miles City District,1997-08-01,31.001333743976545
blm_miles-city_Miles City District,1997-09-01,9.440479574388867
blm_miles-city_Miles City District,1997-10-01,23.355490935038222
blm_miles-city_Miles City District,1997-11-01,5.922843367487158
blm_miles-city_Miles City District,1997-12-01,4.02585131396771
blm_miles-city_Miles City District,1998-01-01,9.79851024348403
blm_miles-city_Miles City District,1998-02-01,19.62925652982022
blm_miles-city_Miles City District,1998-03-01,24.077582307049962
blm_miles-city_Miles City District,1998-04-01,19.422318393269407
blm_miles-city_Miles City District,1998-05-01,20.73728720006553
blm_miles-city_Miles City District,1998-06-01,79.815351898635015
blm_miles-city_Miles City District,1998-07-01,44.07684449792314
blm_miles-city_Miles City District,1998-08-01,41.75709422127208
blm_miles-city_Miles City District,1998-09-01,27.21475596933982
blm_miles-city_Miles City District,1998-10-01,79.53776959582707
blm_miles-city_Miles City District,1998-11-01,20.525496605441194
blm_miles-city_Miles City District,1998-12-01,12.067934175608649
blm_miles-city_Miles City District,1999-01-01,18.54490638388137
blm_miles-city_Miles City District,1999-02-01,10.701135073664782
blm_miles-city_Miles City District,1999-03-01,5.8540862712091535
blm_miles-city_Miles City District,1999-04-01,46.73287456273762
blm_miles-city_Miles City District,1999-05-01,67.76560723064435
blm_miles-city_Miles City District,1999-06-01,62.73955729140326
blm_miles-city_Miles City District,1999-07-01,42.16231558819499
blm_miles-city_Miles City District,1999-08-01,47.590139023291535
blm_miles-city_Miles City District,1999-09-01,33.7971339367846
blm_miles-city_Miles City District,1999-10-01,11.115820103416919
blm_miles-city_Miles City District,1999-11-01,9.403263340878567
blm_miles-city_Miles City District,1999-12-01,6.57505676759223
blm_miles-city_Miles City District,2000-01-01,6.445942133901879
blm_miles-city_Miles City District,2000-02-01,14.88267595741251
blm_miles-city_Miles City District,2000-03-01,10.430107850763232
blm_miles-city_Miles City District,2000-04-01,28.68117196754754
blm_miles-city_Miles City District,2000-05-01,41.38836552390446
blm_miles-city_Miles City District,2000-06-01,64.71624575137551
blm_miles-city_Miles City District,2000-07-01,67.41728149234369
blm_miles-city_Miles City District,2000-08-01,11.000056763850871
blm_miles-city_Miles City District,2000-09-01,26.46689841560554
blm_miles-city_Miles City District,2000-10-01,17.35534905196589
blm_miles-city_Miles City District,2000-11-01,35.334350148272975
blm_miles-city_Miles City District,2000-12-01,7.415351884120337
blm_miles-city_Miles City District,2001-01-01,4.6300794647649255
blm_miles-city_Miles City District,2001-02-01,6.114273566959867
blm_miles-city_Miles City District,2001-03-01,9.360910897784857
blm_miles-city_Miles City District,2001-04-01,30.719423957634188
blm_miles-city_Miles City District,2001-05-01,19.00872588265903
blm_miles-city_Miles City District,2001-06-01,110.37934161802156
blm_miles-city_Miles City District,2001-07-01,94.8191401904341
blm_miles-city_Miles City District,2001-08-01,2.871282636049488
blm_miles-city_Miles City District,2001-09-01,24.90324914585651
blm_miles-city_Miles City District,2001-10-01,12.936421681444978
blm_miles-city_Miles City District,2001-11-01,4.3050936568659495
blm_miles-city_Miles City District,2001-12-01,2.5985102212473024
blm_miles-city_Miles City District,2002-01-01,8.834080603434604
blm_miles-city_Miles City District,2002-02-01,6.983995469944566
blm_miles-city_Miles City District,2002-03-01,16.72522703364542
blm_miles-city_Miles City District,2002-04-01,22.75334848502437
blm_miles-city_Miles City District,2002-05-01,29.823013607814282
blm_miles-city_Miles City District,2002-06-01,60.87586550165928
blm_miles-city_Miles City District,2002-07-01,40.63078887765713
blm_miles-city_Miles City District,2002-08-01,44.68975597044937
blm_miles-city_Miles City District,2002-09-01,27.392380809675686
blm_miles-city_Miles City District,2002-10-01,15.310854152098686
blm_miles-city_Miles City District,2002-11-01,2.3318813939184526
blm_miles-city_Miles City District,2002-12-01,5.523765611941171
blm_miles-city_Miles City District,2003-01-01,13.87712827876261
blm_miles-city_Miles City District,2003-02-01,11.255717939385356
blm_miles-city_Miles City District,2003-03-01,37.668487544971754
blm_miles-city_Miles City District,2003-04-01,27.866855842842554
blm_miles-city_Miles City District,2003-05-01,63.47924236379877
blm_miles-city_Miles City District,2003-06-01,68.81323778074527
blm_miles-city_Miles City District,2003-07-01,20.719963130159524
blm_miles-city_Miles City District,2003-08-01,17.744296277624795
blm_miles-city_Miles City District,2003-09-01,25.134137359298723
blm_miles-city_Miles City District,2003-10-01,26.393842244391816
blm_miles-city_Miles City District,2003-11-01,8.740933607912767
blm_miles-city_Miles City District,2003-12-01,18.698141328525328
blm_miles-city_Miles City District,2004-01-01,15.408527247447026
blm_miles-city_Miles City District,2004-02-01,9.31343644547459
blm_miles-city_Miles City District,2004-03-01,7.2797389427849035
blm_miles-city_Miles City District,2004-04-01,10.410314996687697
blm_miles-city_Miles City District,2004-05-01,51.012982453986005
blm_miles-city_Miles City District,2004-06-01,35.02028945017348
blm_miles-city_Miles City District,2004-07-01,46.69205450605724
blm_miles-city_Miles City District,2004-08-01,34.314074921080255
blm_miles-city_Miles City District,2004-09-01,28.04443815249049
blm_miles-city_Miles City District,2004-10-01,32.87739788552283
blm_miles-city_Miles City District,2004-11-01,4.025099321184986
blm_miles-city_Miles City District,2004-12-01,8.486152114395251
blm_miles-city_Miles City District,2005-01-01,6.57179342746464
blm_miles-city_Miles City District,2005-02-01,2.1481838865114735
blm_miles-city_Miles City District,2005-03-01,14.31712544715364
blm_miles-city_Miles City District,2005-04-01,38.0520573441324
blm_miles-city_Miles City District,2005-05-01,83.08155508777476
blm_miles-city_Miles City District,2005-06-01,125.68910331379678
blm_miles-city_Miles City District,2005-07-01,23.197687290025353
blm_miles-city_Miles City District,2005-08-01,31.682917153388768
blm_miles-city_Miles City District,2005-09-01,14.756413189087498
blm_miles-city_Miles City District,2005-10-01,48.18540014460192
blm_miles-city_Miles City District,2005-11-01,18.921481290145035
blm_miles-city_Miles City District,2005-12-01,13.602128288904195
blm_miles-city_Miles City District,2006-01-01,3.839387069647618
blm_miles-city_Miles City District,2006-02-01,6.660286619565815
blm_miles-city_Miles City District,2006-03-01,18.306299673780273
blm_miles-city_Miles City District,2006-04-01,76.2765040170321
blm_miles-city_Miles City District,2006-05-01,39.6503547436804
blm_miles-city_Miles City District,2006-06-01,35.46193246308304
blm_miles-city_Miles City District,2006-07-01,10.8309591555636
blm_miles-city_Miles City District,2006-08-01,23.265195797236633
blm_miles-city_Miles City District,2006-09-01,60.441657198950324
blm_miles-city_Miles City District,2006-10-01,31.6938138656259
blm_miles-city_Miles City District,2006-11-01,5.639230997334409
blm_miles-city_Miles City District,2006-12-01,4.4552213391976245
blm_miles-city_Miles City District,2007-01-01,2.8031924044064307
blm_miles-city_Miles City District,2007-02-01,17.406157796756364
blm_miles-city_Miles City District,2007-03-01,28.68599605431757
blm_miles-city_Miles City District,2007-04-01,29.885201479059884
blm_miles-city_Miles City District,2007-05-01,140.2888762910304
blm_miles-city_Miles City District,2007-06-01,56.937145296480004
blm_miles-city_Miles City District,2007-07-01,24.289231011328983
blm_miles-city_Miles City District,2007-08-01,22.8691685789695
blm_miles-city_Miles City District,2007-09-01,20.6157917285615
blm_miles-city_Miles City District,2007-10-01,27.854412609007248
blm_miles-city_Miles City District,2007-11-01,3.4063422317182166
blm_miles-city_Miles City District,2007-12-01,4.118005120156335
blm_miles-city_Miles City District,2008-01-01,5.796694109527126
blm_miles-city_Miles City District,2008-02-01,9.15472475609295
blm_miles-city_Miles City District,2008-03-01,7.45205733641796
blm_miles-city_Miles City District,2008-04-01,15.7042849142523
blm_miles-city_Miles City District,2008-05-01,102.41611805108295
blm_miles-city_Miles City District,2008-06-01,67.76975029361911
blm_miles-city_Miles City District,2008-07-01,30.436265621160945
blm_miles-city_Miles City District,2008-08-01,27.163805352843173
blm_miles-city_Miles City District,2008-09-01,36.10729285645025
blm_miles-city_Miles City District,2008-10-01,42.76251416552757
blm_miles-city_Miles City District,2008-11-01,22.669707723427035
blm_miles-city_Miles City District,2008-12-01,17.25249718056905
blm_miles-city_Miles City District,2009-01-01,11.08633655485582
blm_miles-city_Miles City District,2009-02-01,6.749815558475547
blm_miles-city_Miles City District,2009-03-01,16.786478466532962
blm_miles-city_Miles City District,2009-04-01,38.95375996334193
blm_miles-city_Miles City District,2009-05-01,29.609435320983003
blm_miles-city_Miles City District,2009-06-01,53.26425936138183
blm_miles-city_Miles City District,2009-07-01,46.615096501134985
blm_miles-city_Miles City District,2009-08-01,50.88199490910897
blm_miles-city_Miles City District,2009-09-01,11.78646425779372
blm_miles-city_Miles City District,2009-10-01,45.00347618780666
blm_miles-city_Miles City District,2009-11-01,1.1190550540670092
blm_miles-city_Miles City District,2009-12-01,12.403547118930621
blm_miles-city_Miles City District,2010-01-01,8.786095346629654
blm_miles-city_Miles City District,2010-02-01,4.285726455669263
blm_miles-city_Miles City District,2010-03-01,6.75024120099462
blm_miles-city_Miles City District,2010-04-01,40.061577777045265
blm_miles-city_Miles City District,2010-05-01,128.92481553297443
blm_miles-city_Miles City District,2010-06-01,87.636336583149415
blm_miles-city_Miles City District,2010-07-01,56.972644755301765
blm_miles-city_Miles City District,2010-08-01,51.45662603692218
blm_miles-city_Miles City District,2010-09-01,41.17961123298164
blm_miles-city_Miles City District,2010-10-01,14.479639612899398
blm_miles-city_Miles City District,2010-11-01,21.246623174184837
blm_miles-city_Miles City District,2010-12-01,13.953618052945167
blm_miles-city_Miles City District,2011-01-01,30.74713394996392
blm_miles-city_Miles City District,2011-02-01,18.803461991631078
blm_miles-city_Miles City District,2011-03-01,24.08900399876507
blm_miles-city_Miles City District,2011-04-01,48.491231572208555
blm_miles-city_Miles City District,2011-05-01,204.49127409217306
blm_miles-city_Miles City District,2011-06-01,77.56499717833641
blm_miles-city_Miles City District,2011-07-01,43.90117765535155
blm_miles-city_Miles City District,2011-08-01,27.662145277292854
blm_miles-city_Miles City District,2011-09-01,11.399304769874025
blm_miles-city_Miles City District,2011-10-01,29.240593080623466
blm_miles-city_Miles City District,2011-11-01,10.916146433634195
blm_miles-city_Miles City District,2011-12-01,9.370388788664787
blm_miles-city_Miles City District,2012-01-01,8.084832585582703
blm_miles-city_Miles City District,2012-02-01,13.330462557368326
blm_miles-city_Miles City District,2012-03-01,5.330022710571055
blm_miles-city_Miles City District,2012-04-01,39.02814982075426
blm_miles-city_Miles City District,2012-05-01,57.67193534560967
blm_miles-city_Miles City District,2012-06-01,34.0554767499311
blm_miles-city_Miles City District,2012-07-01,39.2814841129723
blm_miles-city_Miles City District,2012-08-01,17.33046255530483
blm_miles-city_Miles City District,2012-09-01,1.6929341711433739
blm_miles-city_Miles City District,2012-10-01,34.51424518914282
blm_miles-city_Miles City District,2012-11-01,15.442692991688627
blm_miles-city_Miles City District,2012-12-01,10.30627129544059
blm_miles-city_Miles City District,2013-01-01,10.288237817873005
blm_miles-city_Miles City District,2013-02-01,3.931200346969719
blm_miles-city_Miles City District,2013-03-01,19.11630251154591
blm_miles-city_Miles City District,2013-04-01,31.749815574027895
blm_miles-city_Miles City District,2013-05-01,158.97729848002197
blm_miles-city_Miles City District,2013-06-01,68.03402382913431
blm_miles-city_Miles City District,2013-07-01,40.84331724646413
blm_miles-city_Miles City District,2013-08-01,43.147928492570976
blm_miles-city_Miles City District,2013-09-01,49.72204882116242
blm_miles-city_Miles City District,2013-10-01,42.41250000727467
blm_miles-city_Miles City District,2013-11-01,7.153646435525171
blm_miles-city_Miles City District,2013-12-01,25.596623182432065
blm_miles-city_Miles City District,2014-01-01,7.150425658801256
blm_miles-city_Miles City District,2014-02-01,10.279866631909208
blm_miles-city_Miles City District,2014-03-01,21.20909479737417
blm_miles-city_Miles City District,2014-04-01,30.37494325164228
blm_miles-city_Miles City District,2014-05-01,76.38019299967199
blm_miles-city_Miles City District,2014-06-01,75.57219074018697
blm_miles-city_Miles City District,2014-07-01,15.760244040886336
blm_miles-city_Miles City District,2014-08-01,111.15168848210918
blm_miles-city_Miles City District,2014-09-01,27.77919977152388
blm_miles-city_Miles City District,2014-10-01,9.588635092721692
blm_miles-city_Miles City District,2014-11-01,17.07348184877844
blm_miles-city_Miles City District,2014-12-01,12.002454600458654
blm_miles-city_Miles City District,2015-01-01,15.85845631354242
blm_miles-city_Miles City District,2015-02-01,9.897006256102028
blm_miles-city_Miles City District,2015-03-01,12.16855845882829
blm_miles-city_Miles City District,2015-04-01,20.88023553935813
blm_miles-city_Miles City District,2015-05-01,56.70174518562473
blm_miles-city_Miles City District,2015-06-01,83.56976447378737
blm_miles-city_Miles City District,2015-07-01,45.70205732993993
blm_miles-city_Miles City District,2015-08-01,35.80114927877768
blm_miles-city_Miles City District,2015-09-01,20.867153799290282
blm_miles-city_Miles City District,2015-10-01,35.7885783346503
blm_miles-city_Miles City District,2015-11-01,10.548794004233146
blm_miles-city_Miles City District,2015-12-01,11.974744622573409
blm_miles-city_Miles City District,2016-01-01,9.669267886528633
blm_miles-city_Miles City District,2016-02-01,15.656980716681508
blm_miles-city_Miles City District,2016-03-01,12.869423963222546
blm_miles-city_Miles City District,2016-04-01,73.0615068477886
blm_miles-city_Miles City District,2016-05-01,71.83473326940677
blm_miles-city_Miles City District,2016-06-01,49.85110670456686
blm_miles-city_Miles City District,2016-07-01,66.46380537782164
blm_miles-city_Miles City District,2016-08-01,28.973864928141627
blm_miles-city_Miles City District,2016-09-01,76.08520151077686
blm_miles-city_Miles City District,2016-10-01,52.12063000245479
blm_miles-city_Miles City District,2016-11-01,5.861308185132083
blm_miles-city_Miles City District,2016-12-01,22.220062433387852
blm_miles-city_Miles City District,2017-01-01,11.214855282957519
blm_miles-city_Miles City District,2017-02-01,9.339997181167803
blm_miles-city_Miles City District,2017-03-01,23.296637358513916
blm_miles-city_Miles City District,2017-04-01,37.008073229659836
blm_miles-city_Miles City District,2017-05-01,22.007491494652633
blm_miles-city_Miles City District,2017-06-01,26.22521285125806
blm_miles-city_Miles City District,2017-07-01,16.85329172235071
blm_miles-city_Miles City District,2017-08-01,17.136364933048352
blm_miles-city_Miles City District,2017-09-01,58.64895004176119
blm_miles-city_Miles City District,2017-10-01,13.240749159377495
blm_miles-city_Miles City District,2017-11-01,8.706484115556744
blm_miles-city_Miles City District,2017-12-01,18.497360977357957
blm_miles-city_Miles City District,2018-01-01,12.758059037394746
blm_miles-city_Miles City District,2018-02-01,29.28436436408562
blm_miles-city_Miles City District,2018-03-01,27.087429056373274
blm_miles-city_Miles City District,2018-04-01,50.69412597340704
blm_miles-city_Miles City District,2018-05-01,89.35177352615166
blm_miles-city_Miles City District,2018-06-01,89.15946370383533
blm_miles-city_Miles City District,2018-07-01,37.8399404344169
blm_miles-city_Miles City District,2018-08-01,32.63541430840427
blm_miles-city_Miles City District,2018-09-01,37.50668276885311
blm_miles-city_Miles City District,2018-10-01,22.702142462083618
blm_miles-city_Miles City District,2018-11-01,29.162216246736982
blm_miles-city_Miles City District,2018-12-01,14.4459279438356
blm_miles-city_Miles City District,2019-01-01,12.48792566570467
blm_miles-city_Miles City District,2019-02-01,31.72406357168204
blm_miles-city_Miles City District,2019-03-01,8.692309884830177
blm_miles-city_Miles City District,2019-04-01,44.77736948973475
blm_miles-city_Miles City District,2019-05-01,72.15604429631986
blm_miles-city_Miles City District,2019-06-01,88.9999148588581
blm_miles-city_Miles City District,2019-07-01,85.12194949462925
blm_miles-city_Miles City District,2019-08-01,63.556441553063884
blm_miles-city_Miles City District,2019-09-01,142.58490354005377
blm_miles-city_Miles City District,2019-10-01,22.647006257979474
blm_miles-city_Miles City District,2019-11-01,21.435939270542104
blm_miles-city_Miles City District,2019-12-01,6.493586837179815
blm_miles-city_Miles City District,2020-01-01,8.621154955466713
blm_miles-city_Miles City District,2020-02-01,15.977596497089179
blm_miles-city_Miles City District,2020-03-01,12.860357554119913
blm_miles-city_Miles City District,2020-04-01,17.28967083261584
blm_miles-city_Miles City District,2020-05-01,53.42690128230074
blm_miles-city_Miles City District,2020-06-01,64.16611805460104
blm_miles-city_Miles City District,2020-07-01,55.29501990102883
blm_miles-city_Miles City District,2020-08-01,18.265394451111455
blm_miles-city_Miles City District,2020-09-01,20.17333996490439
blm_miles-city_Miles City District,2020-10-01,31.310158933738034
blm_miles-city_Miles City District,2020-11-01,7.606625994267819
blm_miles-city_Miles City District,2020-12-01,1.987131105454704
blm_miles-city_Miles City District,2021-01-01,6.280278102827769
blm_miles-city_Miles City District,2021-02-01,8.278845069044092
blm_miles-city_Miles City District,2021-03-01,7.187500011915855
blm_miles-city_Miles City District,2021-04-01,15.844069248025182
blm_miles-city_Miles City District,2021-05-01,54.18677637877448
blm_miles-city_Miles City District,2021-06-01,30.298070397722736
blm_miles-city_Miles City District,2021-07-01,25.620672547853594
blm_miles-city_Miles City District,2021-08-01,39.47797957857675
blm_miles-city_Miles City District,2021-09-01,9.134492063499506
blm_miles-city_Miles City District,2021-10-01,47.37590806120235
blm_miles-city_Miles City District,2021-11-01,4.094594219955325
blm_miles-city_Miles City District,2021-12-01,15.750482418581793
blm_miles-city_Miles City District,2022-01-01,4.629284920858031
blm_miles-city_Miles City District,2022-02-01,8.606228730921442
blm_miles-city_Miles City District,2022-03-01,5.7376135160911845
blm_miles-city_Miles City District,2022-04-01,66.21774973027688
blm_miles-city_Miles City District,2022-05-01,65.06597621838702
blm_miles-city_Miles City District,2022-06-01,68.44029518288733
blm_miles-city_Miles City District,2022-07-01,74.85830020336233
blm_miles-city_Miles City District,2022-08-01,22.82372304971386
blm_miles-city_Miles City District,2022-09-01,16.624744612397997
blm_miles-city_Miles City District,2022-10-01,37.90634224809934
blm_miles-city_Miles City District,2022-11-01,14.968913183867864
blm_miles-city_Miles City District,2022-12-01,21.303007955989557
blm_miles-city_Miles City District,2023-01-01,6.877951197897028
blm_miles-city_Miles City District,2023-02-01,12.442253124463571
blm_miles-city_Miles City District,2023-03-01,16.025255401004593
blm_miles-city_Miles City District,2023-04-01,17.604909207709937
blm_miles-city_Miles City District,2023-05-01,92.23576905237559
blm_miles-city_Miles City District,2023-06-01,116.25049653253545
blm_miles-city_Miles City District,2023-07-01,34.10957718348801
blm_miles-city_Miles City District,2023-08-01,46.60171679984968
blm_miles-city_Miles City District,2023-09-01,42.820161753087795
blm_miles-city_Miles City District,2023-10-01,47.111208859962176
blm_miles-city_Miles City District,2023-11-01,3.739117485169791
blm_miles-city_Miles City District,2023-12-01,5.561847341829376
blm_miles-city_Miles City District,2024-01-01,7.0561010308318455
blm_miles-city_Miles City District,2024-02-01,13.395402963329255
blm_miles-city_Miles City District,2024-03-01,16.73642168068047
blm_miles-city_Miles City District,2024-04-01,23.322034629195016
blm_miles-city_Miles City District,2024-05-01,101.29619750695115
blm_miles-city_Miles City District,2024-06-01,58.62070092196903
blm_miles-city_Miles City District,2024-07-01,27.557491496256073
blm_miles-city_Miles City District,2024-08-01,49.20041148190331
blm_miles-city_Miles City District,2024-09-01,26.03101591902883
blm_miles-city_Miles City District,2024-10-01,7.50585982249574
blm_miles-city_Miles City District,2024-11-01,14.002298526406694
blm_miles-city_Miles City District,2024-12-01,15.906413177220694
blm_miles-city_Miles City District,2025-01-01,12.204809891556842
blm_miles-city_Miles City District,2025-02-01,12.2156923942344
blm_miles-city_Miles City District,2025-03-01,12.20241204988334
blm_miles-city_Miles City District,2025-04-01,46.28129967705481
blm_miles-city_Miles City District,2025-05-01,56.22850457060486
blm_miles-city_Miles City District,2025-06-01,57.700496594968094
blm_miles-city_Miles City District,2025-07-01,98.51325208347853
blm_miles-city_Miles City District,2025-08-01,46.157264481743674
blm_miles-city_Miles City District,2025-09-01,18.461450054911765
blm_miles-city_Miles City District,2025-10-01,26.785215664058754
blm_missoula_Missoula District,1979-01-01,54.798199457287424
blm_missoula_Missoula District,1979-02-01,131.34217016020818
blm_missoula_Missoula District,1979-03-01,56.84181475735366
blm_missoula_Missoula District,1979-04-01,66.51141910534903
blm_missoula_Missoula District,1979-05-01,51.7233593968299
blm_missoula_Missoula District,1979-06-01,25.651646544317078
blm_missoula_Missoula District,1979-07-01,18.802985084308208
blm_missoula_Missoula District,1979-08-01,46.01047146825874
blm_missoula_Missoula District,1979-09-01,10.646624022130576
blm_missoula_Missoula District,1979-10-01,55.63759772570261
blm_missoula_Missoula District,1979-11-01,23.551622866228616
blm_missoula_Missoula District,1979-12-01,111.06275775844354
blm_missoula_Missoula District,1980-01-01,92.95321018586817
blm_missoula_Missoula District,1980-02-01,56.601871590568
blm_missoula_Missoula District,1980-03-01,85.2210140345758
blm_missoula_Missoula District,1980-04-01,59.461241460247535
blm_missoula_Missoula District,1980-05-01,148.97448477963084
blm_missoula_Missoula District,1980-06-01,111.86673777331055
blm_missoula_Missoula District,1980-07-01,43.03665008219575
blm_missoula_Missoula District,1980-08-01,45.48424545313843
blm_missoula_Missoula District,1980-09-01,67.70817343981395
blm_missoula_Missoula District,1980-10-01,38.26387113848164
blm_missoula_Missoula District,1980-11-01,85.869628095367
blm_missoula_Missoula District,1980-12-01,145.24844827654238
blm_missoula_Missoula District,1981-01-01,33.419284561097804
blm_missoula_Missoula District,1981-02-01,90.90244026247343
blm_missoula_Missoula District,1981-03-01,54.50267710411218
blm_missoula_Missoula District,1981-04-01,84.62172475552508
blm_missoula_Missoula District,1981-05-01,120.20329314310725
blm_missoula_Missoula District,1981-06-01,133.76387120264735
blm_missoula_Missoula District,1981-07-01,44.399739417722515
blm_missoula_Missoula District,1981-08-01,19.19049989925801
blm_missoula_Missoula District,1981-09-01,36.45460791091901
blm_missoula_Missoula District,1981-10-01,41.163349915386746
blm_missoula_Missoula District,1981-11-01,70.4427386857525
blm_missoula_Missoula District,1981-12-01,116.49180291721929
blm_missoula_Missoula District,1982-01-01,146.51599149606827
blm_missoula_Missoula District,1982-02-01,133.34790332123612
blm_missoula_Missoula District,1982-03-01,100.82298040853183
blm_missoula_Missoula District,1982-04-01,90.50663354368014
blm_missoula_Missoula District,1982-05-01,66.79824684547943
blm_missoula_Missoula District,1982-06-01,68.56860934747561
blm_missoula_Missoula District,1982-07-01,58.704382871344485
blm_missoula_Missoula District,1982-08-01,25.137242376959684
blm_missoula_Missoula District,1982-09-01,64.31108743052606
blm_missoula_Missoula District,1982-10-01,52.01369346360182
blm_missoula_Missoula District,1982-11-01,79.26884625483903
blm_missoula_Missoula District,1982-12-01,103.3000711026674
blm_missoula_Missoula District,1983-01-01,97.04610284497122
blm_missoula_Missoula District,1983-02-01,66.50393269412807
blm_missoula_Missoula District,1983-03-01,77.73105906762379
blm_missoula_Missoula District,1983-04-01,50.95470267679702
blm_missoula_Missoula District,1983-05-01,60.646221314186
blm_missoula_Missoula District,1983-06-01,82.57934143339337
blm_missoula_Missoula District,1983-07-01,93.01179815372339
blm_missoula_Missoula District,1983-08-01,40.008647266424994
blm_missoula_Missoula District,1983-09-01,50.151788692343324
blm_missoula_Missoula District,1983-10-01,38.278014720771246
blm_missoula_Missoula District,1983-11-01,112.89346133586609
blm_missoula_Missoula District,1983-12-01,75.14122250960693
blm_missoula_Missoula District,1984-01-01,75.38448238542254
blm_missoula_Missoula District,1984-02-01,44.902819238209496
blm_missoula_Missoula District,1984-03-01,83.5529258385057
blm_missoula_Missoula District,1984-04-01,80.1046908522522
blm_missoula_Missoula District,1984-05-01,103.21404888651942
blm_missoula_Missoula District,1984-06-01,79.14750060637509
blm_missoula_Missoula District,1984-07-01,16.926060192733544
blm_missoula_Missoula District,1984-08-01,39.54250180837075
blm_missoula_Missoula District,1984-09-01,72.1599384245503
blm_missoula_Missoula District,1984-10-01,82.14193315704804
blm_missoula_Missoula District,1984-11-01,106.05133863016204
blm_missoula_Missoula District,1984-12-01,106.09410085465721
blm_missoula_Missoula District,1985-01-01,16.37185502351672
blm_missoula_Missoula District,1985-02-01,68.06804076949162
blm_missoula_Missoula District,1985-03-01,53.66846722665203
blm_missoula_Missoula District,1985-04-01,60.02264862443508
blm_missoula_Missoula District,1985-05-01,69.66761429743076
blm_missoula_Missoula District,1985-06-01,52.746576697643945
blm_missoula_Missoula District,1985-07-01,5.917176035986328
blm_missoula_Missoula District,1985-08-01,76.68017064686269
blm_missoula_Missoula District,1985-09-01,135.97320544349728
blm_missoula_Missoula District,1985-10-01,84.4616441823837
blm_missoula_Missoula District,1985-11-01,97.41044769239663
blm_missoula_Missoula District,1985-12-01,23.897536154636075
blm_missoula_Missoula District,1986-01-01,90.64965648940321
blm_missoula_Missoula District,1986-02-01,131.5237858543405
blm_missoula_Missoula District,1986-03-01,56.65363653116784
blm_missoula_Missoula District,1986-04-01,57.473560744793716
blm_missoula_Missoula District,1986-05-01,79.22196167912197
blm_missoula_Missoula District,1986-06-01,55.426984144878226
blm_missoula_Missoula District,1986-07-01,53.62226958016145
blm_missoula_Missoula District,1986-08-01,34.2939114207991
blm_missoula_Missoula District,1986-09-01,97.59047615107302
blm_missoula_Missoula District,1986-10-01,33.35553188178246
blm_missoula_Missoula District,1986-11-01,128.57962578084621
blm_missoula_Missoula District,1986-12-01,35.78552473656122
blm_missoula_Missoula District,1987-01-01,50.65849328987182
blm_missoula_Missoula District,1987-02-01,47.996162049099894
blm_missoula_Missoula District,1987-03-01,92.40125563946191
blm_missoula_Missoula District,1987-04-01,45.46574272685242
blm_missoula_Missoula District,1987-05-01,73.46280503470705
blm_missoula_Missoula District,1987-06-01,49.49414831042657
blm_missoula_Missoula District,1987-07-01,94.53371244356887
blm_missoula_Missoula District,1987-08-01,41.58232644168553
blm_missoula_Missoula District,1987-09-01,11.812319365786987
blm_missoula_Missoula District,1987-10-01,6.340511729905911
blm_missoula_Missoula District,1987-11-01,39.49786781897564
blm_missoula_Missoula District,1987-12-01,88.52864252653937
blm_missoula_Missoula District,1988-01-01,71.10874196732392
blm_missoula_Missoula District,1988-02-01,69.87919926129368
blm_missoula_Missoula District,1988-03-01,96.07145225196844
blm_missoula_Missoula District,1988-04-01,75.43688702193575
blm_missoula_Missoula District,1988-05-01,80.72056388312735
blm_missoula_Missoula District,1988-06-01,52.55574511826476
blm_missoula_Missoula District,1988-07-01,26.639042861200117
blm_missoula_Missoula District,1988-08-01,9.1570481061653
blm_missoula_Missoula District,1988-09-01,46.547121559040036
blm_missoula_Missoula District,1988-10-01,57.77384508059957
blm_missoula_Missoula District,1988-11-01,122.8243306360378
blm_missoula_Missoula District,1988-12-01,71.56150197395355
blm_missoula_Missoula District,1989-01-01,109.09230043288798
blm_missoula_Missoula District,1989-02-01,48.455034363300875
blm_missoula_Missoula District,1989-03-01,110.30428804941184
blm_missoula_Missoula District,1989-04-01,68.4326226940033
blm_missoula_Missoula District,1989-05-01,84.31035310356178
blm_missoula_Missoula District,1989-06-01,47.1205638660918
blm_missoula_Missoula District,1989-07-01,47.919829437953545
blm_missoula_Missoula District,1989-08-01,95.77666428743791
blm_missoula_Missoula District,1989-09-01,37.08334518490005
blm_missoula_Missoula District,1989-10-01,51.06505572425898
blm_missoula_Missoula District,1989-11-01,143.4025112652321
blm_missoula_Missoula District,1989-12-01,84.03468375950452
blm_missoula_Missoula District,1990-01-01,149.81966360641638
blm_missoula_Missoula District,1990-02-01,81.72594179205633
blm_missoula_Missoula District,1990-03-01,50.66512674789411
blm_missoula_Missoula District,1990-04-01,62.57960203930372
blm_missoula_Missoula District,1990-05-01,115.35098326971564
blm_missoula_Missoula District,1990-06-01,61.346576696661124
blm_missoula_Missoula District,1990-07-01,52.60881311863527
blm_missoula_Missoula District,1990-08-01,56.82613126578079
blm_missoula_Missoula District,1990-09-01,4.665505808299538
blm_missoula_Missoula District,1990-10-01,116.48289508351893
blm_missoula_Missoula District,1990-11-01,144.26839614767397
blm_missoula_Missoula District,1990-12-01,108.64465771204938
blm_missoula_Missoula District,1991-01-01,82.84759536192784
blm_missoula_Missoula District,1991-02-01,56.09004983316522
blm_missoula_Missoula District,1991-03-01,81.43856910618807
blm_missoula_Missoula District,1991-04-01,75.7583985019425
blm_missoula_Missoula District,1991-05-01,93.5591092479085
blm_missoula_Missoula District,1991-06-01,104.54316525616315
blm_missoula_Missoula District,1991-07-01,15.349632817234255
blm_missoula_Missoula District,1991-08-01,24.269462252194156
blm_missoula_Missoula District,1991-09-01,26.030987906303487
blm_missoula_Missoula District,1991-10-01,32.64252547533189
blm_missoula_Missoula District,1991-11-01,114.0528547923674
blm_missoula_Missoula District,1991-12-01,84.1579245548908
blm_missoula_Missoula District,1992-01-01,72.46977018903313
blm_missoula_Missoula District,1992-02-01,47.4256100602072
blm_missoula_Missoula District,1992-03-01,30.30987918481418
blm_missoula_Missoula District,1992-04-01,75.04373372581101
blm_missoula_Missoula District,1992-05-01,44.130537812559
blm_missoula_Missoula District,1992-06-01,85.68282399632811
blm_missoula_Missoula District,1992-07-01,57.66846719383487
blm_missoula_Missoula District,1992-08-01,34.24190950766471
blm_missoula_Missoula District,1992-09-01,68.45370763423064
blm_missoula_Missoula District,1992-10-01,44.07067044688977
blm_missoula_Missoula District,1992-11-01,75.84432598223367
blm_missoula_Missoula District,1992-12-01,96.06950959998888
blm_missoula_Missoula District,1993-01-01,61.95894342371424
blm_missoula_Missoula District,1993-02-01,34.597488788766505
blm_missoula_Missoula District,1993-03-01,57.54498932989139
blm_missoula_Missoula District,1993-04-01,91.85688231539822
blm_missoula_Missoula District,1993-05-01,72.21651263012194
blm_missoula_Missoula District,1993-06-01,99.6426202710334
blm_missoula_Missoula District,1993-07-01,118.05356555334117
blm_missoula_Missoula District,1993-08-01,64.5297797125568
blm_missoula_Missoula District,1993-09-01,38.724283346037424
blm_missoula_Missoula District,1993-10-01,46.811513864155266
blm_missoula_Missoula District,1993-11-01,49.642193786342744
blm_missoula_Missoula District,1993-12-01,63.621748378790265
blm_missoula_Missoula District,1994-01-01,68.40092405279336
blm_missoula_Missoula District,1994-02-01,69.22594173562891
blm_missoula_Missoula District,1994-03-01,48.29163701046815
blm_missoula_Missoula District,1994-04-01,70.2958066823273
blm_missoula_Missoula District,1994-05-01,67.84112770470983
blm_missoula_Missoula District,1994-06-01,70.2615493904553
blm_missoula_Missoula District,1994-07-01,21.229874455344195
blm_missoula_Missoula District,1994-08-01,7.642501799169521
blm_missoula_Missoula District,1994-09-01,16.401871609732993
blm_missoula_Missoula District,1994-10-01,113.66920177068397
blm_missoula_Missoula District,1994-11-01,98.5780621087825
blm_missoula_Missoula District,1994-12-01,75.6451788760847
blm_missoula_Missoula District,1995-01-01,76.78462449534474
blm_missoula_Missoula District,1995-02-01,70.60850505471879
blm_missoula_Missoula District,1995-03-01,74.33762144709165
blm_missoula_Missoula District,1995-04-01,64.5569059071002
blm_missoula_Missoula District,1995-05-01,62.49021557896263
blm_missoula_Missoula District,1995-06-01,115.27704339749269
blm_missoula_Missoula District,1995-07-01,65.97993370233286
blm_missoula_Missoula District,1995-08-01,43.35910924049781
blm_missoula_Missoula District,1995-09-01,56.393579734272656
blm_missoula_Missoula District,1995-10-01,104.6905711101034
blm_missoula_Missoula District,1995-11-01,173.89113949339867
blm_missoula_Missoula District,1995-12-01,97.59104482677417
blm_missoula_Missoula District,1996-01-01,129.77870176550732
blm_missoula_Missoula District,1996-02-01,121.2316275423552
blm_missoula_Missoula District,1996-03-01,47.29289269870956
blm_missoula_Missoula District,1996-04-01,107.60334039022504
blm_missoula_Missoula District,1996-05-01,120.43601039867497
blm_missoula_Missoula District,1996-06-01,49.506515085400636
blm_missoula_Missoula District,1996-07-01,16.957427175709828
blm_missoula_Missoula District,1996-08-01,28.631793453240952
blm_missoula_Missoula District,1996-09-01,53.153375988237045
blm_missoula_Missoula District,1996-10-01,69.81295904071656
blm_missoula_Missoula District,1996-11-01,134.25356553793236
blm_missoula_Missoula District,1996-12-01,204.86195210093317
blm_missoula_Missoula District,1997-01-01,109.19388765499112
blm_missoula_Missoula District,1997-02-01,76.53532345502248
blm_missoula_Missoula District,1997-03-01,123.66036490540006
blm_missoula_Missoula District,1997-04-01,76.70938162723442
blm_missoula_Missoula District,1997-05-01,78.36380005922116
blm_missoula_Missoula District,1997-06-01,81.64103292498197
blm_missoula_Missoula District,1997-07-01,60.55567400999415
blm_missoula_Missoula District,1997-08-01,40.013361810875345
blm_missoula_Missoula District,1997-09-01,62.55733238569059
blm_missoula_Missoula District,1997-10-01,85.96548216050904
blm_missoula_Missoula District,1997-11-01,51.664202842772276
blm_missoula_Missoula District,1997-12-01,43.492110890224914
blm_missoula_Missoula District,1998-01-01,97.04816392371225
blm_missoula_Missoula District,1998-02-01,32.00587538587231
blm_missoula_Missoula District,1998-03-01,72.6519071391001
blm_missoula_Missoula District,1998-04-01,60.075029614920076
blm_missoula_Missoula District,1998-05-01,124.51670228008749
blm_missoula_Missoula District,1998-06-01,114.69194501701956
blm_missoula_Missoula District,1998-07-01,58.61881074134955
blm_missoula_Missoula District,1998-08-01,18.871191682535393
blm_missoula_Missoula District,1998-09-01,35.546884645305234
blm_missoula_Missoula District,1998-10-01,28.697109721729863
blm_missoula_Missoula District,1998-11-01,133.22662882656883
blm_missoula_Missoula District,1998-12-01,130.58332149950257
blm_missoula_Missoula District,1999-01-01,101.30670458749131
blm_missoula_Missoula District,1999-02-01,121.8939114657377
blm_missoula_Missoula District,1999-03-01,60.442857183457775
blm_missoula_Missoula District,1999-04-01,32.747145245239594
blm_missoula_Missoula District,1999-05-01,55.49007350535394
blm_missoula_Missoula District,1999-06-01,71.1785595696618
blm_missoula_Missoula District,1999-07-01,27.142975634236212
blm_missoula_Missoula District,1999-08-01,44.69237148589473
blm_missoula_Missoula District,1999-09-01,18.32828715702731
blm_missoula_Missoula District,1999-10-01,70.38917322097811
blm_missoula_Missoula District,1999-11-01,100.9808339706616
blm_missoula_Missoula District,1999-12-01,97.27502959295913
blm_missoula_Missoula District,2000-01-01,97.016015156048
blm_missoula_Missoula District,2000-02-01,77.9149728330835
blm_missoula_Missoula District,2000-03-01,63.2135986201827
blm_missoula_Missoula District,2000-04-01,53.42776600350364
blm_missoula_Missoula District,2000-05-01,63.889741804949395
blm_missoula_Missoula District,2000-06-01,52.53956412961206
blm_missoula_Missoula District,2000-07-01,20.957237653386617
blm_missoula_Missoula District,2000-08-01,8.830348287225194
blm_missoula_Missoula District,2000-09-01,72.04986976509663
blm_missoula_Missoula District,2000-10-01,50.37955460879397
blm_missoula_Missoula District,2000-11-01,37.89514333945941
blm_missoula_Missoula District,2000-12-01,57.79564089697138
blm_missoula_Missoula District,2001-01-01,35.72691305438875
blm_missoula_Missoula District,2001-02-01,60.64636340352546
blm_missoula_Missoula District,2001-03-01,55.44048805650279
blm_missoula_Missoula District,2001-04-01,92.44001425896965
blm_missoula_Missoula District,2001-05-01,36.123312012953264
blm_missoula_Missoula District,2001-06-01,97.84508413727377
blm_missoula_Missoula District,2001-07-01,44.09038143501381
blm_missoula_Missoula District,2001-08-01,5.690262992498972
blm_missoula_Missoula District,2001-09-01,15.918621223999747
blm_missoula_Missoula District,2001-10-01,101.72127457044611
blm_missoula_Missoula District,2001-11-01,56.401563592556954
blm_missoula_Missoula District,2001-12-01,84.3511964253017
blm_missoula_Missoula District,2002-01-01,113.95155171861131
blm_missoula_Missoula District,2002-02-01,76.68343996849141
blm_missoula_Missoula District,2002-03-01,101.85342337830433
blm_missoula_Missoula District,2002-04-01,63.64880363186003
blm_missoula_Missoula District,2002-05-01,92.14202790507714
blm_missoula_Missoula District,2002-06-01,89.34153052987264
blm_missoula_Missoula District,2002-07-01,27.300639671275075
blm_missoula_Missoula District,2002-08-01,37.07176027386088
blm_missoula_Missoula District,2002-09-01,37.54487087838996
blm_missoula_Missoula District,2002-10-01,16.317318183018454
blm_missoula_Missoula District,2002-11-01,58.853115389059575
blm_missoula_Missoula District,2002-12-01,74.80258237329939
blm_missoula_Missoula District,2003-01-01,102.17801471412874
blm_missoula_Missoula District,2003-02-01,61.453518108631364
blm_missoula_Missoula District,2003-03-01,142.15313903439866
blm_missoula_Missoula District,2003-04-01,62.78343992226498
blm_missoula_Missoula District,2003-05-01,70.73970621413343
blm_missoula_Missoula District,2003-06-01,42.07893866019575
blm_missoula_Missoula District,2003-07-01,8.50514099457286
blm_missoula_Missoula District,2003-08-01,20.0000474264881
blm_missoula_Missoula District,2003-09-01,40.8966596001727
blm_missoula_Missoula District,2003-10-01,61.06432124693454
blm_missoula_Missoula District,2003-11-01,106.51914247261125
blm_missoula_Missoula District,2003-12-01,73.49599629153406
blm_missoula_Missoula District,2004-01-01,95.90028432465594
blm_missoula_Missoula District,2004-02-01,41.72546796249682
blm_missoula_Missoula District,2004-03-01,47.65276000590664
blm_missoula_Missoula District,2004-04-01,57.55337596126033
blm_missoula_Missoula District,2004-05-01,107.29658848695409
blm_missoula_Missoula District,2004-06-01,53.33534711866236
blm_missoula_Missoula District,2004-07-01,35.528310862290184
blm_missoula_Missoula District,2004-08-01,94.89760715445759
blm_missoula_Missoula District,2004-09-01,75.82106145042233
blm_missoula_Missoula District,2004-10-01,65.5570718083611
blm_missoula_Missoula District,2004-11-01,61.03193558140745
blm_missoula_Missoula District,2004-12-01,72.86057806760603
blm_missoula_Missoula District,2005-01-01,60.23075101861906
blm_missoula_Missoula District,2005-02-01,20.521748404484793
blm_missoula_Missoula District,2005-03-01,82.85607672675303
blm_missoula_Missoula District,2005-04-01,67.16323147845816
blm_missoula_Missoula District,2005-05-01,79.3772566012934
blm_missoula_Missoula District,2005-06-01,131.14077231952348
blm_missoula_Missoula District,2005-07-01,13.845060431909234
blm_missoula_Missoula District,2005-08-01,19.703174623599185
blm_missoula_Missoula District,2005-09-01,75.82731579028439
blm_missoula_Missoula District,2005-10-01,77.10225067735142
blm_missoula_Missoula District,2005-11-01,84.26143101215702
blm_missoula_Missoula District,2005-12-01,88.83124854840874
blm_missoula_Missoula District,2006-01-01,143.2896943741911
blm_missoula_Missoula District,2006-02-01,75.16728269604816
blm_missoula_Missoula District,2006-03-01,53.18846248060966
blm_missoula_Missoula District,2006-04-01,84.13387829035669
blm_missoula_Missoula District,2006-05-01,62.80670456455884
blm_missoula_Missoula District,2006-06-01,91.31421470732464
blm_missoula_Missoula District,2006-07-01,16.444870925407166
blm_missoula_Missoula District,2006-08-01,22.956716469694896
blm_missoula_Missoula District,2006-09-01,44.67479275945407
blm_missoula_Missoula District,2006-10-01,51.86763801294547
blm_missoula_Missoula District,2006-11-01,183.92636839842464
blm_missoula_Missoula District,2006-12-01,69.70407489475213
blm_missoula_Missoula District,2007-01-01,69.01684435106968
blm_missoula_Missoula District,2007-02-01,81.21629947747306
blm_missoula_Missoula District,2007-03-01,63.298483859529654
blm_missoula_Missoula District,2007-04-01,55.29488279988375
blm_missoula_Missoula District,2007-05-01,79.09450373438348
blm_missoula_Missoula District,2007-06-01,54.26569541204995
blm_missoula_Missoula District,2007-07-01,14.609050012374766
blm_missoula_Missoula District,2007-08-01,17.053565533769493
blm_missoula_Missoula District,2007-09-01,43.950959505218094
blm_missoula_Missoula District,2007-10-01,67.77249470855128
blm_missoula_Missoula District,2007-11-01,69.57251840495182
blm_missoula_Missoula District,2007-12-01,124.87737510427992
blm_missoula_Missoula District,2008-01-01,96.96621657332886
blm_missoula_Missoula District,2008-02-01,80.75226253899487
blm_missoula_Missoula District,2008-03-01,68.24626864767899
blm_missoula_Missoula District,2008-04-01,49.55328122136492
blm_missoula_Missoula District,2008-05-01,79.5756929867981
blm_missoula_Missoula District,2008-06-01,76.70490410801811
blm_missoula_Missoula District,2008-07-01,19.882042193576584
blm_missoula_Missoula District,2008-08-01,48.02305144072991
blm_missoula_Missoula District,2008-09-01,47.80544896047846
blm_missoula_Missoula District,2008-10-01,35.50191898205867
blm_missoula_Missoula District,2008-11-01,81.489410188463
blm_missoula_Missoula District,2008-12-01,115.98064451210874
blm_missoula_Missoula District,2009-01-01,107.03698175627314
blm_missoula_Missoula District,2009-02-01,55.142288598368104
blm_missoula_Missoula District,2009-03-01,99.46913060168185
blm_missoula_Missoula District,2009-04-01,49.64446812042041
blm_missoula_Missoula District,2009-05-01,69.27036246946146
blm_missoula_Missoula District,2009-06-01,49.52217484288689
blm_missoula_Missoula District,2009-07-01,47.982729285284684
blm_missoula_Missoula District,2009-08-01,52.463255176214325
blm_missoula_Missoula District,2009-09-01,12.044041726239568
blm_missoula_Missoula District,2009-10-01,78.16124149364082
blm_missoula_Missoula District,2009-11-01,49.16311299154132
blm_missoula_Missoula District,2009-12-01,65.74406538097759
blm_missoula_Missoula District,2010-01-01,50.7673537221121
blm_missoula_Missoula District,2010-02-01,21.483084573780467
blm_missoula_Missoula District,2010-03-01,48.976237830675714
blm_missoula_Missoula District,2010-04-01,73.51511487822995
blm_missoula_Missoula District,2010-05-01,90.54418381179461
blm_missoula_Missoula District,2010-06-01,110.04181468433126
blm_missoula_Missoula District,2010-07-01,25.95643212652777
blm_missoula_Missoula District,2010-08-01,38.47083628378161
blm_missoula_Missoula District,2010-09-01,61.15465532306443
blm_missoula_Missoula District,2010-10-01,51.046126497057315
blm_missoula_Missoula District,2010-11-01,101.91878699555947
blm_missoula_Missoula District,2010-12-01,99.50644401937998
blm_missoula_Missoula District,2011-01-01,135.1920161754479
blm_missoula_Missoula District,2011-02-01,93.71246157571395
blm_missoula_Missoula District,2011-03-01,108.1645581124095
blm_missoula_Missoula District,2011-04-01,122.78507460273575
blm_missoula_Missoula District,2011-05-01,92.5118217951764
blm_missoula_Missoula District,2011-06-01,92.49459847091245
blm_missoula_Missoula District,2011-07-01,33.747405861486506
blm_missoula_Missoula District,2011-08-01,9.76969914440153
blm_missoula_Missoula District,2011-09-01,22.915659829808252
blm_missoula_Missoula District,2011-10-01,100.499905356918
blm_missoula_Missoula District,2011-11-01,84.55126750155722
blm_missoula_Missoula District,2011-12-01,63.10509357913301
blm_missoula_Missoula District,2012-01-01,107.57607205641041
blm_missoula_Missoula District,2012-02-01,83.88325041025574
blm_missoula_Missoula District,2012-03-01,131.22665235731336
blm_missoula_Missoula District,2012-04-01,75.21679697621916
blm_missoula_Missoula District,2012-05-01,73.94795074499041
blm_missoula_Missoula District,2012-06-01,111.74018012333526
blm_missoula_Missoula District,2012-07-01,40.40679934329259
blm_missoula_Missoula District,2012-08-01,11.914001434003536
blm_missoula_Missoula District,2012-09-01,5.285714292111089
blm_missoula_Missoula District,2012-10-01,114.2497038625479
blm_missoula_Missoula District,2012-11-01,105.87960198015377
blm_missoula_Missoula District,2012-12-01,111.82639199324451
blm_missoula_Missoula District,2013-01-01,71.29575931040266
blm_missoula_Missoula District,2013-02-01,47.32117985707554
blm_missoula_Missoula District,2013-03-01,68.50267709371914
blm_missoula_Missoula District,2013-04-01,87.55759298888972
blm_missoula_Missoula District,2013-05-01,68.93349918328425
blm_missoula_Missoula District,2013-06-01,73.54814024497988
blm_missoula_Missoula District,2013-07-01,7.036673780132656
blm_missoula_Missoula District,2013-08-01,38.31423835397416
blm_missoula_Missoula District,2013-09-01,92.300663390224
blm_missoula_Missoula District,2013-10-01,18.082255409837643
blm_missoula_Missoula District,2013-11-01,83.85124382111903
blm_missoula_Missoula District,2013-12-01,78.67687750890678
blm_missoula_Missoula District,2014-01-01,86.53935079612994
blm_missoula_Missoula District,2014-02-01,122.18976536714418
blm_missoula_Missoula District,2014-03-01,150.94413634867104
blm_missoula_Missoula District,2014-04-01,68.7799573643912
blm_missoula_Missoula District,2014-05-01,48.04750061938899
blm_missoula_Missoula District,2014-06-01,92.34965648257995
blm_missoula_Missoula District,2014-07-01,19.74870882608178
blm_missoula_Missoula District,2014-08-01,55.544965676689735
blm_missoula_Missoula District,2014-09-01,31.903766886370637
blm_missoula_Missoula District,2014-10-01,66.56766167988401
blm_missoula_Missoula District,2014-11-01,143.05825631829185
blm_missoula_Missoula District,2014-12-01,98.37176029762931
blm_missoula_Missoula District,2015-01-01,81.64321244155533
blm_missoula_Missoula District,2015-02-01,65.80381428610795
blm_missoula_Missoula District,2015-03-01,79.44148304337604
blm_missoula_Missoula District,2015-04-01,31.755460791100937
blm_missoula_Missoula District,2015-05-01,48.646316038491854
blm_missoula_Missoula District,2015-06-01,24.6328358142982
blm_missoula_Missoula District,2015-07-01,34.99988157176994
blm_missoula_Missoula District,2015-08-01,13.69493012658738
blm_missoula_Missoula District,2015-09-01,36.461667840329994
blm_missoula_Missoula District,2015-10-01,64.44418380803278
blm_missoula_Missoula District,2015-11-01,72.49203975707314
blm_missoula_Missoula District,2015-12-01,125.83413874642653
blm_missoula_Missoula District,2016-01-01,74.96107557694852
blm_missoula_Missoula District,2016-02-01,72.1697702112991
blm_missoula_Missoula District,2016-03-01,94.82454396107558
blm_missoula_Missoula District,2016-04-01,49.467874933209814
blm_missoula_Missoula District,2016-05-01,94.7895049122492
blm_missoula_Missoula District,2016-06-01,41.34098557097402
blm_missoula_Missoula District,2016-07-01,43.31002134080465
blm_missoula_Missoula District,2016-08-01,21.396730650872083
blm_missoula_Missoula District,2016-09-01,54.96697466849603
blm_missoula_Missoula District,2016-10-01,178.50184800754195
blm_missoula_Missoula District,2016-11-01,55.273797704495124
blm_missoula_Missoula District,2016-12-01,99.90270080150685
blm_missoula_Missoula District,2017-01-01,48.08696992418207
blm_missoula_Missoula District,2017-02-01,137.51092152729953
blm_missoula_Missoula District,2017-03-01,144.8301824876071
blm_missoula_Missoula District,2017-04-01,87.99466948609758
blm_missoula_Missoula District,2017-05-01,53.613527637441926
blm_missoula_Missoula District,2017-06-01,66.78400852792609
blm_missoula_Missoula District,2017-07-01,4.37791992929755
blm_missoula_Missoula District,2017-08-01,5.66574271248856
blm_missoula_Missoula District,2017-09-01,41.0423595961223
blm_missoula_Missoula District,2017-10-01,73.54385219086858
blm_missoula_Missoula District,2017-11-01,122.47346595496653
blm_missoula_Missoula District,2017-12-01,117.97512428954268
blm_missoula_Missoula District,2018-01-01,98.68208956995215
blm_missoula_Missoula District,2018-02-01,130.07834643838643
blm_missoula_Missoula District,2018-03-01,70.38088131380205
blm_missoula_Missoula District,2018-04-01,94.58284767474419
blm_missoula_Missoula District,2018-05-01,70.29102114912628
blm_missoula_Missoula District,2018-06-01,82.50696512952966
blm_missoula_Missoula District,2018-07-01,5.3656716444740304
blm_missoula_Missoula District,2018-08-01,15.118573800615438
blm_missoula_Missoula District,2018-09-01,12.602985093080159
blm_missoula_Missoula District,2018-10-01,68.65477376525308
blm_missoula_Missoula District,2018-11-01,86.64522632765166
blm_missoula_Missoula District,2018-12-01,71.16192843489839
blm_missoula_Missoula District,2019-01-01,64.41812370885918
blm_missoula_Missoula District,2019-02-01,95.34333097931899
blm_missoula_Missoula District,2019-03-01,26.22425965459616
blm_missoula_Missoula District,2019-04-01,98.48211324466288
blm_missoula_Missoula District,2019-05-01,58.64996449615796
blm_missoula_Missoula District,2019-06-01,46.73321488716398
blm_missoula_Missoula District,2019-07-01,32.052546825829175
blm_missoula_Missoula District,2019-08-01,38.68993127665173
blm_missoula_Missoula District,2019-09-01,83.12250655535074
blm_missoula_Missoula District,2019-10-01,72.13257522804425
blm_missoula_Missoula District,2019-11-01,43.06820656004406
blm_missoula_Missoula District,2019-12-01,76.0523573118091
blm_missoula_Missoula District,2020-01-01,119.69182662635131
blm_missoula_Missoula District,2020-02-01,74.52795548835543
blm_missoula_Missoula District,2020-03-01,51.662639235128474
blm_missoula_Missoula District,2020-04-01,61.55870649346354
blm_missoula_Missoula District,2020-05-01,108.74404171760882
blm_missoula_Missoula District,2020-06-01,104.68230277501812
blm_missoula_Missoula District,2020-07-01,16.834399438474847
blm_missoula_Missoula District,2020-08-01,9.372897425270622
blm_missoula_Missoula District,2020-09-01,30.955318647604706
blm_missoula_Missoula District,2020-10-01,120.17251849812767
blm_missoula_Missoula District,2020-11-01,99.08765688950177
blm_missoula_Missoula District,2020-12-01,65.63755030531478
blm_missoula_Missoula District,2021-01-01,66.0163942614711
blm_missoula_Missoula District,2021-02-01,107.91788679139644
blm_missoula_Missoula District,2021-03-01,35.21051882961807
blm_missoula_Missoula District,2021-04-01,41.63162757626814
blm_missoula_Missoula District,2021-05-01,83.66735373467412
blm_missoula_Missoula District,2021-06-01,35.440582810180274
blm_missoula_Missoula District,2021-07-01,6.0382373961572595
blm_missoula_Missoula District,2021-08-01,60.966240205744434
blm_missoula_Missoula District,2021-09-01,33.348400885051696
blm_missoula_Missoula District,2021-10-01,68.98884152473643
blm_missoula_Missoula District,2021-11-01,98.25787726772592
blm_missoula_Missoula District,2021-12-01,134.09421947662707
blm_missoula_Missoula District,2022-01-01,78.12314620940953
blm_missoula_Missoula District,2022-02-01,47.71942670919748
blm_missoula_Missoula District,2022-03-01,96.25690595246807
blm_missoula_Missoula District,2022-04-01,60.34025106518168
blm_missoula_Missoula District,2022-05-01,81.90608852289775
blm_missoula_Missoula District,2022-06-01,107.8598911711967
blm_missoula_Missoula District,2022-07-01,26.55816157517685
blm_missoula_Missoula District,2022-08-01,17.011821839233846
blm_missoula_Missoula District,2022-09-01,36.50075812702409
blm_missoula_Missoula District,2022-10-01,42.82001896984514
blm_missoula_Missoula District,2022-11-01,91.21390669934983
blm_missoula_Missoula District,2022-12-01,112.97228151292943
blm_missoula_Missoula District,2023-01-01,47.92596542278869
blm_missoula_Missoula District,2023-02-01,60.592300350760375
blm_missoula_Missoula District,2023-03-01,52.4731106300598
blm_missoula_Missoula District,2023-04-01,51.483155672597086
blm_missoula_Missoula District,2023-05-01,82.5878464672357
blm_missoula_Missoula District,2023-06-01,66.63387825827382
blm_missoula_Missoula District,2023-07-01,8.452641554513946
blm_missoula_Missoula District,2023-08-01,63.906728232988556
blm_missoula_Missoula District,2023-09-01,35.73731339822248
blm_missoula_Missoula District,2023-10-01,44.40135038308526
blm_missoula_Missoula District,2023-11-01,78.15332860024273
blm_missoula_Missoula District,2023-12-01,62.89455109172397
blm_missoula_Missoula District,2024-01-01,72.6076048128245
blm_missoula_Missoula District,2024-02-01,83.93276475961952
blm_missoula_Missoula District,2024-03-01,67.5402511399212
blm_missoula_Missoula District,2024-04-01,59.57773041154671
blm_missoula_Missoula District,2024-05-01,80.91762619226415
blm_missoula_Missoula District,2024-06-01,61.90210849045295
blm_missoula_Missoula District,2024-07-01,17.276759087262743
blm_missoula_Missoula District,2024-08-01,47.220848127779476
blm_missoula_Missoula District,2024-09-01,39.84368634579786
blm_missoula_Missoula District,2024-10-01,34.9706704552155
blm_missoula_Missoula District,2024-11-01,101.51220092387088
blm_missoula_Missoula District,2024-12-01,79.16292341352498
blm_missoula_Missoula District,2025-01-01,42.74610282267137
blm_missoula_Missoula District,2025-02-01,89.95034349780883
blm_missoula_Missoula District,2025-03-01,97.5601752786607
blm_missoula_Missoula District,2025-04-01,54.97531388580333
blm_missoula_Missoula District,2025-05-01,51.24520255004984
blm_missoula_Missoula District,2025-06-01,40.38566688993084
blm_missoula_Missoula District,2025-07-01,45.580691802109115
blm_missoula_Missoula District,2025-08-01,29.34131720935358
blm_missoula_Missoula District,2025-09-01,25.693248056738447
blm_missoula_Missoula District,2025-10-01,31.395356484652414
