id,date,value
blm_billings_Billings District,1979-01-01,265.5332592000271
blm_billings_Billings District,1979-02-01,273.6503027744651
blm_billings_Billings District,1979-03-01,280.2784886091708
blm_billings_Billings District,1979-04-01,285.49331453338704
blm_billings_Billings District,1979-05-01,290.5593000008018
blm_billings_Billings District,1979-06-01,298.6895597422091
blm_billings_Billings District,1979-07-01,301.7563065127457
blm_billings_Billings District,1979-08-01,300.39136358879847
blm_billings_Billings District,1979-09-01,299.0836648097307
blm_billings_Billings District,1979-10-01,289.91623060824725
blm_billings_Billings District,1979-11-01,278.1145732051246
blm_billings_Billings District,1979-12-01,280.3458907406068
blm_billings_Billings District,1980-01-01,271.17984408667513
blm_billings_Billings District,1980-02-01,276.9795817664098
blm_billings_Billings District,1980-03-01,279.25994547826036
blm_billings_Billings District,1980-04-01,290.5967661471533
blm_billings_Billings District,1980-05-01,293.3939927742884
blm_billings_Billings District,1980-06-01,297.66958442258453
blm_billings_Billings District,1980-07-01,303.0802818584698
blm_billings_Billings District,1980-08-01,297.99101009829116
blm_billings_Billings District,1980-09-01,295.48274902875556
blm_billings_Billings District,1980-10-01,288.6210011029691
blm_billings_Billings District,1980-11-01,281.7381111635919
blm_billings_Billings District,1980-12-01,277.75511444541786
blm_billings_Billings District,1981-01-01,280.22189958996813
blm_billings_Billings District,1981-02-01,278.8820207508895
blm_billings_Billings District,1981-03-01,284.7813241871688
blm_billings_Billings District,1981-04-01,288.967763414971
blm_billings_Billings District,1981-05-01,290.0771393456344
blm_billings_Billings District,1981-06-01,295.2996715924056
blm_billings_Billings District,1981-07-01,301.61305459766544
blm_billings_Billings District,1981-08-01,302.22943872037587
blm_billings_Billings District,1981-09-01,297.70829073417605
blm_billings_Billings District,1981-10-01,286.47842035983905
blm_billings_Billings District,1981-11-01,283.08270982634923
blm_billings_Billings District,1981-12-01,275.62949180091675
blm_billings_Billings District,1982-01-01,270.45574253685675
blm_billings_Billings District,1982-02-01,275.96037215777443
blm_billings_Billings District,1982-03-01,279.4787579247523
blm_billings_Billings District,1982-04-01,284.5096817937038
blm_billings_Billings District,1982-05-01,289.57893196699126
blm_billings_Billings District,1982-06-01,294.92495306183764
blm_billings_Billings District,1982-07-01,300.1757912418478
blm_billings_Billings District,1982-08-01,302.19241655160533
blm_billings_Billings District,1982-09-01,292.7270410655331
blm_billings_Billings District,1982-10-01,287.52785518533744
blm_billings_Billings District,1982-11-01,277.95623557369447
blm_billings_Billings District,1982-12-01,274.91373660417406
blm_billings_Billings District,1983-01-01,279.4270550520746
blm_billings_Billings District,1983-02-01,281.513191724271
blm_billings_Billings District,1983-03-01,282.2616664487619
blm_billings_Billings District,1983-04-01,285.2396426776139
blm_billings_Billings District,1983-05-01,290.1690186303678
blm_billings_Billings District,1983-06-01,296.56005575062443
blm_billings_Billings District,1983-07-01,302.6477881730721
blm_billings_Billings District,1983-08-01,304.28630951582267
blm_billings_Billings District,1983-09-01,293.01072837072786
blm_billings_Billings District,1983-10-01,289.21297873121165
blm_billings_Billings District,1983-11-01,278.796507694766
blm_billings_Billings District,1983-12-01,266.1247482913429
blm_billings_Billings District,1984-01-01,276.2834600290089
blm_billings_Billings District,1984-02-01,280.14721260377615
blm_billings_Billings District,1984-03-01,280.6552579332612
blm_billings_Billings District,1984-04-01,285.8641374705624
blm_billings_Billings District,1984-05-01,292.4519326360871
blm_billings_Billings District,1984-06-01,296.52710135820405
blm_billings_Billings District,1984-07-01,302.9566776285862
blm_billings_Billings District,1984-08-01,303.20284830660984
blm_billings_Billings District,1984-09-01,291.5786339399322
blm_billings_Billings District,1984-10-01,284.9084722912663
blm_billings_Billings District,1984-11-01,280.5812700491488
blm_billings_Billings District,1984-12-01,271.8425925308514
blm_billings_Billings District,1985-01-01,272.2634317331595
blm_billings_Billings District,1985-02-01,274.5931560322043
blm_billings_Billings District,1985-03-01,279.9298745326638
blm_billings_Billings District,1985-04-01,290.1241880728796
blm_billings_Billings District,1985-05-01,295.2990963606029
blm_billings_Billings District,1985-06-01,297.63660981124593
blm_billings_Billings District,1985-07-01,303.6193610797299
blm_billings_Billings District,1985-08-01,298.9442503266935
blm_billings_Billings District,1985-09-01,289.57182419395957
blm_billings_Billings District,1985-10-01,287.65334232115555
blm_billings_Billings District,1985-11-01,268.6415884002604
blm_billings_Billings District,1985-12-01,275.0735663958593
blm_billings_Billings District,1986-01-01,280.23543510743826
blm_billings_Billings District,1986-02-01,274.5692311918448
blm_billings_Billings District,1986-03-01,286.48034475699825
blm_billings_Billings District,1986-04-01,286.0345452643591
blm_billings_Billings District,1986-05-01,292.4244182883255
blm_billings_Billings District,1986-06-01,299.8996908172526
blm_billings_Billings District,1986-07-01,299.8784279196895
blm_billings_Billings District,1986-08-01,301.5513339822478
blm_billings_Billings District,1986-09-01,289.34682868568893
blm_billings_Billings District,1986-10-01,288.89327823955955
blm_billings_Billings District,1986-11-01,278.05837669065744
blm_billings_Billings District,1986-12-01,277.86928463237854
blm_billings_Billings District,1987-01-01,277.10860408343194
blm_billings_Billings District,1987-02-01,279.9428126664967
blm_billings_Billings District,1987-03-01,281.8140058747565
blm_billings_Billings District,1987-04-01,293.03948974609375
blm_billings_Billings District,1987-05-01,294.35307983930244
blm_billings_Billings District,1987-06-01,299.22867405254783
blm_billings_Billings District,1987-07-01,299.9644382875662
blm_billings_Billings District,1987-08-01,297.8820537536457
blm_billings_Billings District,1987-09-01,296.92633492313826
blm_billings_Billings District,1987-10-01,290.24870910849074
blm_billings_Billings District,1987-11-01,282.53754485388544
blm_billings_Billings District,1987-12-01,276.2269533786313
blm_billings_Billings District,1988-01-01,274.1029467032998
blm_billings_Billings District,1988-02-01,278.0747838876842
blm_billings_Billings District,1988-03-01,281.9678520836715
blm_billings_Billings District,1988-04-01,289.5982886818075
blm_billings_Billings District,1988-05-01,294.89939880371094
blm_billings_Billings District,1988-06-01,304.18941234967025
blm_billings_Billings District,1988-07-01,305.1184555340069
blm_billings_Billings District,1988-08-01,302.3776592735311
blm_billings_Billings District,1988-09-01,294.41542997181256
blm_billings_Billings District,1988-10-01,291.1077336779229
blm_billings_Billings District,1988-11-01,279.4014620640323
blm_billings_Billings District,1988-12-01,276.29536651734054
blm_billings_Billings District,1989-01-01,275.5542539438038
blm_billings_Billings District,1989-02-01,267.9482383932569
blm_billings_Billings District,1989-03-01,278.60906668450815
blm_billings_Billings District,1989-04-01,285.957186220798
blm_billings_Billings District,1989-05-01,291.69838072339587
blm_billings_Billings District,1989-06-01,297.3374497053131
blm_billings_Billings District,1989-07-01,303.9183549139519
blm_billings_Billings District,1989-08-01,299.61777148617495
blm_billings_Billings District,1989-09-01,296.2150882383454
blm_billings_Billings District,1989-10-01,286.619660426081
blm_billings_Billings District,1989-11-01,281.63429838083385
blm_billings_Billings District,1989-12-01,274.04594070598205
blm_billings_Billings District,1990-01-01,276.6288248322924
blm_billings_Billings District,1990-02-01,277.73856616595475
blm_billings_Billings District,1990-03-01,282.39345519855897
blm_billings_Billings District,1990-04-01,286.90302589559684
blm_billings_Billings District,1990-05-01,290.82053104226776
blm_billings_Billings District,1990-06-01,297.62590946269097
blm_billings_Billings District,1990-07-01,301.86862277728943
blm_billings_Billings District,1990-08-01,301.5886988703751
blm_billings_Billings District,1990-09-01,299.1778587361763
blm_billings_Billings District,1990-10-01,288.3606267422837
blm_billings_Billings District,1990-11-01,282.40256255817155
blm_billings_Billings District,1990-12-01,271.37769078313505
blm_billings_Billings District,1991-01-01,272.5595758453451
blm_billings_Billings District,1991-02-01,282.9095511756058
blm_billings_Billings District,1991-03-01,282.11297148226413
blm_billings_Billings District,1991-04-01,283.76198174934285
blm_billings_Billings District,1991-05-01,290.6479743568891
blm_billings_Billings District,1991-06-01,296.57712911856396
blm_billings_Billings District,1991-07-01,302.6302809728055
blm_billings_Billings District,1991-08-01,303.95429943585845
blm_billings_Billings District,1991-09-01,295.1733031081131
blm_billings_Billings District,1991-10-01,286.4901550640689
blm_billings_Billings District,1991-11-01,277.41756581365263
blm_billings_Billings District,1991-12-01,278.85986754593836
blm_billings_Billings District,1992-01-01,279.99050761164034
blm_billings_Billings District,1992-02-01,283.1689319661731
blm_billings_Billings District,1992-03-01,285.50511226705186
blm_billings_Billings District,1992-04-01,288.87885048178504
blm_billings_Billings District,1992-05-01,293.9594308684403
blm_billings_Billings District,1992-06-01,297.27111028921826
blm_billings_Billings District,1992-07-01,297.1349130073118
blm_billings_Billings District,1992-08-01,299.1739490601077
blm_billings_Billings District,1992-09-01,295.7038305962693
blm_billings_Billings District,1992-10-01,288.9627735864062
blm_billings_Billings District,1992-11-01,278.9751834000084
blm_billings_Billings District,1992-12-01,271.09715056227617
blm_billings_Billings District,1993-01-01,271.4634879165936
blm_billings_Billings District,1993-02-01,272.5495786385626
blm_billings_Billings District,1993-03-01,282.7281673830252
blm_billings_Billings District,1993-04-01,286.55552587432453
blm_billings_Billings District,1993-05-01,294.0215947148627
blm_billings_Billings District,1993-06-01,294.0721044770514
blm_billings_Billings District,1993-07-01,295.0568883144184
blm_billings_Billings District,1993-08-01,297.2449229447516
blm_billings_Billings District,1993-09-01,293.29046257571304
blm_billings_Billings District,1993-10-01,287.47403140234246
blm_billings_Billings District,1993-11-01,277.229701760627
blm_billings_Billings District,1993-12-01,277.53920897210253
blm_billings_Billings District,1994-01-01,276.0648805960893
blm_billings_Billings District,1994-02-01,273.6849950120532
blm_billings_Billings District,1994-03-01,284.3409763264592
blm_billings_Billings District,1994-04-01,287.35452392209953
blm_billings_Billings District,1994-05-01,294.3517673789017
blm_billings_Billings District,1994-06-01,298.1306835102971
blm_billings_Billings District,1994-07-01,301.7209146617245
blm_billings_Billings District,1994-08-01,302.2980118104664
blm_billings_Billings District,1994-09-01,297.8599071553821
blm_billings_Billings District,1994-10-01,286.2261673259991
blm_billings_Billings District,1994-11-01,277.8926197389495
blm_billings_Billings District,1994-12-01,276.05618761691585
blm_billings_Billings District,1995-01-01,277.55697608313676
blm_billings_Billings District,1995-02-01,278.48561021533794
blm_billings_Billings District,1995-03-01,280.15821265662964
blm_billings_Billings District,1995-04-01,284.040176309785
blm_billings_Billings District,1995-05-01,289.58029292415995
blm_billings_Billings District,1995-06-01,295.1988525288354
blm_billings_Billings District,1995-07-01,300.32097284148267
blm_billings_Billings District,1995-08-01,302.80130257491453
blm_billings_Billings District,1995-09-01,294.20721246346073
blm_billings_Billings District,1995-10-01,285.857644958087
blm_billings_Billings District,1995-11-01,281.7262545731368
blm_billings_Billings District,1995-12-01,276.30736721744483
blm_billings_Billings District,1996-01-01,270.628416086969
blm_billings_Billings District,1996-02-01,277.24977826688627
blm_billings_Billings District,1996-03-01,276.30783629225664
blm_billings_Billings District,1996-04-01,287.12746316945584
blm_billings_Billings District,1996-05-01,287.8544085198369
blm_billings_Billings District,1996-06-01,299.1122464750152
blm_billings_Billings District,1996-07-01,302.42372559861906
blm_billings_Billings District,1996-08-01,303.5797717935598
blm_billings_Billings District,1996-09-01,293.7961650674529
blm_billings_Billings District,1996-10-01,287.15232832757783
blm_billings_Billings District,1996-11-01,274.93755713864243
blm_billings_Billings District,1996-12-01,271.57727670541715
blm_billings_Billings District,1997-01-01,271.6044164662706
blm_billings_Billings District,1997-02-01,276.87361385355683
blm_billings_Billings District,1997-03-01,282.8267383217492
blm_billings_Billings District,1997-04-01,282.3324039653543
blm_billings_Billings District,1997-05-01,293.20864807824347
blm_billings_Billings District,1997-06-01,296.9882595788378
blm_billings_Billings District,1997-07-01,299.872389243691
blm_billings_Billings District,1997-08-01,300.2649073460147
blm_billings_Billings District,1997-09-01,297.38646664248716
blm_billings_Billings District,1997-10-01,287.60065297594656
blm_billings_Billings District,1997-11-01,280.0444169338523
blm_billings_Billings District,1997-12-01,276.66249130494475
blm_billings_Billings District,1998-01-01,274.3977837140694
blm_billings_Billings District,1998-02-01,279.8199047467025
blm_billings_Billings District,1998-03-01,279.82179049576257
blm_billings_Billings District,1998-04-01,288.06950295578696
blm_billings_Billings District,1998-05-01,293.8434210258259
blm_billings_Billings District,1998-06-01,292.3827103827019
blm_billings_Billings District,1998-07-01,303.3660046268085
blm_billings_Billings District,1998-08-01,302.58278315444414
blm_billings_Billings District,1998-09-01,298.7880660969834
blm_billings_Billings District,1998-10-01,288.3989371844335
blm_billings_Billings District,1998-11-01,280.3586907578537
blm_billings_Billings District,1998-12-01,274.9906519871934
blm_billings_Billings District,1999-01-01,276.69301413978394
blm_billings_Billings District,1999-02-01,280.6663514922196
blm_billings_Billings District,1999-03-01,284.35322281374687
blm_billings_Billings District,1999-04-01,285.09158847798614
blm_billings_Billings District,1999-05-01,290.7224886896783
blm_billings_Billings District,1999-06-01,295.8584932322157
blm_billings_Billings District,1999-07-01,302.40900946813997
blm_billings_Billings District,1999-08-01,302.2254959597345
blm_billings_Billings District,1999-09-01,293.0226563052262
blm_billings_Billings District,1999-10-01,290.5056409247759
blm_billings_Billings District,1999-11-01,286.45684527072444
blm_billings_Billings District,1999-12-01,279.1183169776569
blm_billings_Billings District,2000-01-01,275.67706150535605
blm_billings_Billings District,2000-02-01,278.55354518736976
blm_billings_Billings District,2000-03-01,283.43551954826785
blm_billings_Billings District,2000-04-01,288.6296850925476
blm_billings_Billings District,2000-05-01,291.97058692502594
blm_billings_Billings District,2000-06-01,297.2051968203793
blm_billings_Billings District,2000-07-01,304.07613717455007
blm_billings_Billings District,2000-08-01,303.047408740578
blm_billings_Billings District,2000-09-01,295.16873445076214
blm_billings_Billings District,2000-10-01,287.31833867540945
blm_billings_Billings District,2000-11-01,274.7690437153261
blm_billings_Billings District,2000-12-01,272.6960161326718
blm_billings_Billings District,2001-01-01,277.296496516578
blm_billings_Billings District,2001-02-01,272.755152653753
blm_billings_Billings District,2001-03-01,282.25277182244105
blm_billings_Billings District,2001-04-01,286.8302187881265
blm_billings_Billings District,2001-05-01,294.7091207632111
blm_billings_Billings District,2001-06-01,296.4433657873731
blm_billings_Billings District,2001-07-01,302.43916596931683
blm_billings_Billings District,2001-08-01,304.59989292052734
blm_billings_Billings District,2001-09-01,297.3402434852743
blm_billings_Billings District,2001-10-01,287.11971145916243
blm_billings_Billings District,2001-11-01,283.51203633121764
blm_billings_Billings District,2001-12-01,275.37608980685076
blm_billings_Billings District,2002-01-01,275.4269503780089
blm_billings_Billings District,2002-02-01,278.20565154661125
blm_billings_Billings District,2002-03-01,275.26206999873347
blm_billings_Billings District,2002-04-01,284.71498560969377
blm_billings_Billings District,2002-05-01,290.7013890161591
blm_billings_Billings District,2002-06-01,297.68520007504213
blm_billings_Billings District,2002-07-01,304.5191633209147
blm_billings_Billings District,2002-08-01,299.02218172825053
blm_billings_Billings District,2002-09-01,295.1789131880446
blm_billings_Billings District,2002-10-01,283.4030831978724
blm_billings_Billings District,2002-11-01,282.31140426144844
blm_billings_Billings District,2002-12-01,277.34875685663707
blm_billings_Billings District,2003-01-01,278.47782712839245
blm_billings_Billings District,2003-02-01,274.1523217822527
blm_billings_Billings District,2003-03-01,279.94566912817254
blm_billings_Billings District,2003-04-01,288.17578184317006
blm_billings_Billings District,2003-05-01,291.4794668857278
blm_billings_Billings District,2003-06-01,295.9186816381705
blm_billings_Billings District,2003-07-01,305.42507590940744
blm_billings_Billings District,2003-08-01,304.32885385262745
blm_billings_Billings District,2003-09-01,294.58945478383083
blm_billings_Billings District,2003-10-01,290.62643683180414
blm_billings_Billings District,2003-11-01,277.3589703250507
blm_billings_Billings District,2003-12-01,276.8645009201909
blm_billings_Billings District,2004-01-01,273.73268394367943
blm_billings_Billings District,2004-02-01,277.6182222033953
blm_billings_Billings District,2004-03-01,285.94414093794836
blm_billings_Billings District,2004-04-01,288.5296381932481
blm_billings_Billings District,2004-05-01,290.50309699214495
blm_billings_Billings District,2004-06-01,295.0620698596453
blm_billings_Billings District,2004-07-01,301.5510648159815
blm_billings_Billings District,2004-08-01,299.18656816047894
blm_billings_Billings District,2004-09-01,294.16299399613695
blm_billings_Billings District,2004-10-01,287.36534406033024
blm_billings_Billings District,2004-11-01,282.0586818357575
blm_billings_Billings District,2004-12-01,278.7786236678627
blm_billings_Billings District,2005-01-01,274.1596008893951
blm_billings_Billings District,2005-02-01,280.08059624884146
blm_billings_Billings District,2005-03-01,282.5232367119265
blm_billings_Billings District,2005-04-01,286.62642316843807
blm_billings_Billings District,2005-05-01,290.2341558134268
blm_billings_Billings District,2005-06-01,295.5997552641595
blm_billings_Billings District,2005-07-01,303.62803124230925
blm_billings_Billings District,2005-08-01,300.247739551534
blm_billings_Billings District,2005-09-01,296.0231935332352
blm_billings_Billings District,2005-10-01,288.61797871730283
blm_billings_Billings District,2005-11-01,281.07513741705435
blm_billings_Billings District,2005-12-01,274.4307726126254
blm_billings_Billings District,2006-01-01,280.27177738056747
blm_billings_Billings District,2006-02-01,277.16612049338005
blm_billings_Billings District,2006-03-01,280.4917765865377
blm_billings_Billings District,2006-04-01,289.0006768377473
blm_billings_Billings District,2006-05-01,293.63482546358904
blm_billings_Billings District,2006-06-01,299.2474531731081
blm_billings_Billings District,2006-07-01,305.29632198139427
blm_billings_Billings District,2006-08-01,301.8095001957052
blm_billings_Billings District,2006-09-01,294.68562228941727
blm_billings_Billings District,2006-10-01,284.6477136688641
blm_billings_Billings District,2006-11-01,280.3032294061165
blm_billings_Billings District,2006-12-01,278.0099542530868
blm_billings_Billings District,2007-01-01,274.9129961233676
blm_billings_Billings District,2007-02-01,275.2220343418479
blm_billings_Billings District,2007-03-01,285.9799782187945
blm_billings_Billings District,2007-04-01,285.7453542714464
blm_billings_Billings District,2007-05-01,292.39134412668346
blm_billings_Billings District,2007-06-01,298.27257800677506
blm_billings_Billings District,2007-07-01,305.8256096111226
blm_billings_Billings District,2007-08-01,301.93647859179623
blm_billings_Billings District,2007-09-01,295.4732805308324
blm_billings_Billings District,2007-10-01,288.1261188517307
blm_billings_Billings District,2007-11-01,280.3074844094448
blm_billings_Billings District,2007-12-01,274.64944847659194
blm_billings_Billings District,2008-01-01,274.1497079987309
blm_billings_Billings District,2008-02-01,278.30486632032625
blm_billings_Billings District,2008-03-01,280.1654526043194
blm_billings_Billings District,2008-04-01,285.7580462090132
blm_billings_Billings District,2008-05-01,290.20502766463454
blm_billings_Billings District,2008-06-01,295.82297702001824
blm_billings_Billings District,2008-07-01,302.3230625899164
blm_billings_Billings District,2008-08-01,302.4117064181985
blm_billings_Billings District,2008-09-01,294.0142193096253
blm_billings_Billings District,2008-10-01,287.6089415563016
blm_billings_Billings District,2008-11-01,282.6792885522101
blm_billings_Billings District,2008-12-01,271.0326482962028
blm_billings_Billings District,2009-01-01,276.6056389386788
blm_billings_Billings District,2009-02-01,278.2968824657614
blm_billings_Billings District,2009-03-01,279.8519564774337
blm_billings_Billings District,2009-04-01,285.25208008385215
blm_billings_Billings District,2009-05-01,293.414542937087
blm_billings_Billings District,2009-06-01,294.6457585189042
blm_billings_Billings District,2009-07-01,300.29973946947194
blm_billings_Billings District,2009-08-01,300.0443569725384
blm_billings_Billings District,2009-09-01,298.9625502271882
blm_billings_Billings District,2009-10-01,281.8374911249483
blm_billings_Billings District,2009-11-01,282.77813897631444
blm_billings_Billings District,2009-12-01,269.49808971619797
blm_billings_Billings District,2010-01-01,274.94796093283645
blm_billings_Billings District,2010-02-01,275.22308114386755
blm_billings_Billings District,2010-03-01,284.5930055510902
blm_billings_Billings District,2010-04-01,285.97088263053996
blm_billings_Billings District,2010-05-01,288.49143782505723
blm_billings_Billings District,2010-06-01,295.1871547034215
blm_billings_Billings District,2010-07-01,300.5845855733345
blm_billings_Billings District,2010-08-01,300.06424781656136
blm_billings_Billings District,2010-09-01,294.78451085026717
blm_billings_Billings District,2010-10-01,290.8863586650777
blm_billings_Billings District,2010-11-01,277.15928152866724
blm_billings_Billings District,2010-12-01,274.1112739317539
blm_billings_Billings District,2011-01-01,274.62690795202997
blm_billings_Billings District,2011-02-01,273.3107977757185
blm_billings_Billings District,2011-03-01,280.37293850896185
blm_billings_Billings District,2011-04-01,283.66969719649
blm_billings_Billings District,2011-05-01,287.4335068301285
blm_billings_Billings District,2011-06-01,294.6973280101295
blm_billings_Billings District,2011-07-01,303.05988927437215
blm_billings_Billings District,2011-08-01,302.9762603105233
blm_billings_Billings District,2011-09-01,298.44380355712235
blm_billings_Billings District,2011-10-01,289.4407364689313
blm_billings_Billings District,2011-11-01,279.0297612249052
blm_billings_Billings District,2011-12-01,277.0398640977793
blm_billings_Billings District,2012-01-01,277.71825631885685
blm_billings_Billings District,2012-02-01,277.0387364200868
blm_billings_Billings District,2012-03-01,286.797469151883
blm_billings_Billings District,2012-04-01,289.60634749057147
blm_billings_Billings District,2012-05-01,291.9592386506518
blm_billings_Billings District,2012-06-01,299.34268758124387
blm_billings_Billings District,2012-07-01,306.31299729129904
blm_billings_Billings District,2012-08-01,303.6440110602903
blm_billings_Billings District,2012-09-01,298.9742370789556
blm_billings_Billings District,2012-10-01,287.1828548543894
blm_billings_Billings District,2012-11-01,283.77716253653927
blm_billings_Billings District,2012-12-01,275.6686076044077
blm_billings_Billings District,2013-01-01,275.39656778698634
blm_billings_Billings District,2013-02-01,277.129104931297
blm_billings_Billings District,2013-03-01,281.1513761361866
blm_billings_Billings District,2013-04-01,284.14653756599324
blm_billings_Billings District,2013-05-01,292.6185085715941
blm_billings_Billings District,2013-06-01,297.45772238519174
blm_billings_Billings District,2013-07-01,303.7860007503397
blm_billings_Billings District,2013-08-01,303.89422080727746
blm_billings_Billings District,2013-09-01,297.56200260643027
blm_billings_Billings District,2013-10-01,285.1588125458991
blm_billings_Billings District,2013-11-01,279.5922299096156
blm_billings_Billings District,2013-12-01,273.07672319591205
blm_billings_Billings District,2014-01-01,277.11665336056626
blm_billings_Billings District,2014-02-01,270.25398181782333
blm_billings_Billings District,2014-03-01,278.9685408155017
blm_billings_Billings District,2014-04-01,286.325411134367
blm_billings_Billings District,2014-05-01,291.43930762446917
blm_billings_Billings District,2014-06-01,294.39082080749023
blm_billings_Billings District,2014-07-01,302.713957380034
blm_billings_Billings District,2014-08-01,299.20170797803127
blm_billings_Billings District,2014-09-01,294.44528708573
blm_billings_Billings District,2014-10-01,290.768388538514
blm_billings_Billings District,2014-11-01,277.3895230433896
blm_billings_Billings District,2014-12-01,276.2267523757894
blm_billings_Billings District,2015-01-01,277.12643116600714
blm_billings_Billings District,2015-02-01,278.78747738590187
blm_billings_Billings District,2015-03-01,286.5114040528162
blm_billings_Billings District,2015-04-01,286.85659950604065
blm_billings_Billings District,2015-05-01,289.2013922274592
blm_billings_Billings District,2015-06-01,298.953220418567
blm_billings_Billings District,2015-07-01,300.72697182826636
blm_billings_Billings District,2015-08-01,300.7581306948419
blm_billings_Billings District,2015-09-01,297.66732012874
blm_billings_Billings District,2015-10-01,290.11742302943173
blm_billings_Billings District,2015-11-01,278.7403801618888
blm_billings_Billings District,2015-12-01,275.4495039318586
blm_billings_Billings District,2016-01-01,275.69202090715913
blm_billings_Billings District,2016-02-01,282.57267952476684
blm_billings_Billings District,2016-03-01,284.44493877216576
blm_billings_Billings District,2016-04-01,287.62585136270394
blm_billings_Billings District,2016-05-01,291.21434417806427
blm_billings_Billings District,2016-06-01,300.8782664751559
blm_billings_Billings District,2016-07-01,302.14645434832124
blm_billings_Billings District,2016-08-01,300.51183822263664
blm_billings_Billings District,2016-09-01,293.0818855347007
blm_billings_Billings District,2016-10-01,287.2938831012307
blm_billings_Billings District,2016-11-01,284.6780609355855
blm_billings_Billings District,2016-12-01,269.3537069325792
blm_billings_Billings District,2017-01-01,270.5893646322051
blm_billings_Billings District,2017-02-01,277.1530928010915
blm_billings_Billings District,2017-03-01,283.48063972616325
blm_billings_Billings District,2017-04-01,286.28314454434064
blm_billings_Billings District,2017-05-01,292.60559663951557
blm_billings_Billings District,2017-06-01,297.9383501968179
blm_billings_Billings District,2017-07-01,305.137306377012
blm_billings_Billings District,2017-08-01,300.8331448143353
blm_billings_Billings District,2017-09-01,293.8482929158147
blm_billings_Billings District,2017-10-01,287.2912834515201
blm_billings_Billings District,2017-11-01,279.69400127707473
blm_billings_Billings District,2017-12-01,273.7748121103077
blm_billings_Billings District,2018-01-01,275.0878697924576
blm_billings_Billings District,2018-02-01,270.1186637469335
blm_billings_Billings District,2018-03-01,278.7168294379922
blm_billings_Billings District,2018-04-01,284.66550929297074
blm_billings_Billings District,2018-05-01,293.1981708127756
blm_billings_Billings District,2018-06-01,295.5991787642001
blm_billings_Billings District,2018-07-01,301.1853293452122
blm_billings_Billings District,2018-08-01,299.3495105303644
blm_billings_Billings District,2018-09-01,292.9842939197857
blm_billings_Billings District,2018-10-01,285.8114568899528
blm_billings_Billings District,2018-11-01,279.1144114844601
blm_billings_Billings District,2018-12-01,276.6716273208086
blm_billings_Billings District,2019-01-01,277.0123430717407
blm_billings_Billings District,2019-02-01,265.5728575064733
blm_billings_Billings District,2019-03-01,277.29109453707537
blm_billings_Billings District,2019-04-01,285.1708935591874
blm_billings_Billings District,2019-05-01,287.78516412484424
blm_billings_Billings District,2019-06-01,295.8364120974298
blm_billings_Billings District,2019-07-01,299.9256011001546
blm_billings_Billings District,2019-08-01,300.3464681712296
blm_billings_Billings District,2019-09-01,293.4906335682396
blm_billings_Billings District,2019-10-01,281.95281283912965
blm_billings_Billings District,2019-11-01,279.0952482146808
blm_billings_Billings District,2019-12-01,277.27233168778406
blm_billings_Billings District,2020-01-01,276.4683677734702
blm_billings_Billings District,2020-02-01,276.68452593724146
blm_billings_Billings District,2020-03-01,280.6442305639027
blm_billings_Billings District,2020-04-01,284.7096907689808
blm_billings_Billings District,2020-05-01,291.0817826401452
blm_billings_Billings District,2020-06-01,296.9781422039779
blm_billings_Billings District,2020-07-01,301.86153491636384
blm_billings_Billings District,2020-08-01,302.4319491348062
blm_billings_Billings District,2020-09-01,296.52999331804125
blm_billings_Billings District,2020-10-01,284.18122883200965
blm_billings_Billings District,2020-11-01,281.74661295791094
blm_billings_Billings District,2020-12-01,278.77124768990933
blm_billings_Billings District,2021-01-01,277.09765011375777
blm_billings_Billings District,2021-02-01,269.0046568556062
blm_billings_Billings District,2021-03-01,282.86221235750827
blm_billings_Billings District,2021-04-01,284.8040167678138
blm_billings_Billings District,2021-05-01,289.89033555345304
blm_billings_Billings District,2021-06-01,301.5574240901835
blm_billings_Billings District,2021-07-01,305.29235916546776
blm_billings_Billings District,2021-08-01,300.2036496282583
blm_billings_Billings District,2021-09-01,298.0085177383218
blm_billings_Billings District,2021-10-01,288.6187258252509
blm_billings_Billings District,2021-11-01,284.2299439683357
blm_billings_Billings District,2021-12-01,274.70180319205684
blm_billings_Billings District,2022-01-01,276.0565738422302
blm_billings_Billings District,2022-02-01,275.2028232707415
blm_billings_Billings District,2022-03-01,281.95085220745995
blm_billings_Billings District,2022-04-01,281.65114293852696
blm_billings_Billings District,2022-05-01,288.63356120337113
blm_billings_Billings District,2022-06-01,295.8696751019271
blm_billings_Billings District,2022-07-01,303.31533266328296
blm_billings_Billings District,2022-08-01,303.22390936271114
blm_billings_Billings District,2022-09-01,299.0168019414907
blm_billings_Billings District,2022-10-01,288.9432102438592
blm_billings_Billings District,2022-11-01,275.0903715077418
blm_billings_Billings District,2022-12-01,270.5515001823691
blm_billings_Billings District,2023-01-01,275.10902146040274
blm_billings_Billings District,2023-02-01,275.8696508842243
blm_billings_Billings District,2023-03-01,275.02524770169094
blm_billings_Billings District,2023-04-01,284.5460946745272
blm_billings_Billings District,2023-05-01,294.01323953582516
blm_billings_Billings District,2023-06-01,294.7254579661679
blm_billings_Billings District,2023-07-01,301.0648035351137
blm_billings_Billings District,2023-08-01,300.7512161418516
blm_billings_Billings District,2023-09-01,296.3316991463423
blm_billings_Billings District,2023-10-01,285.418337354072
blm_billings_Billings District,2023-11-01,282.9009304200037
blm_billings_Billings District,2023-12-01,280.1093799192209
blm_billings_Billings District,2024-01-01,273.3566621366199
blm_billings_Billings District,2024-02-01,278.3699384489903
blm_billings_Billings District,2024-03-01,280.0961099885424
blm_billings_Billings District,2024-04-01,287.51816682585445
blm_billings_Billings District,2024-05-01,289.2000877646275
blm_billings_Billings District,2024-06-01,297.6915436609181
blm_billings_Billings District,2024-07-01,302.8822139300226
blm_billings_Billings District,2024-08-01,300.7821313791556
blm_billings_Billings District,2024-09-01,298.3970532353378
blm_billings_Billings District,2024-10-01,291.3926239115943
blm_billings_Billings District,2024-11-01,279.29562566107785
blm_billings_Billings District,2024-12-01,279.3985483614433
blm_billings_Billings District,2025-01-01,272.5781470904721
blm_billings_Billings District,2025-02-01,268.69093057872783
blm_billings_Billings District,2025-03-01,283.3242215522173
blm_billings_Billings District,2025-04-01,286.01813895708756
blm_billings_Billings District,2025-05-01,292.3127128866978
blm_billings_Billings District,2025-06-01,296.5867000712786
blm_billings_Billings District,2025-07-01,300.9540169130382
blm_billings_Billings District,2025-08-01,300.8905001172431
blm_billings_Billings District,2025-09-01,297.8732763602331
blm_billings_Billings District,2025-10-01,290.4991061949538
blm_butte_Butte District,1979-01-01,263.55316116677665
blm_butte_Butte District,1979-02-01,273.0276695580453
blm_butte_Butte District,1979-03-01,277.8286383470226
blm_butte_Butte District,1979-04-01,281.8674233219217
blm_butte_Butte District,1979-05-01,287.8666376509461
blm_butte_Butte District,1979-06-01,294.468442975618
blm_butte_Butte District,1979-07-01,298.45735904764103
blm_butte_Butte District,1979-08-01,296.72227100474146
blm_butte_Butte District,1979-09-01,295.4843188213372
blm_butte_Butte District,1979-10-01,286.07566750465725
blm_butte_Butte District,1979-11-01,274.59417170029155
blm_butte_Butte District,1979-12-01,276.45243412464305
blm_butte_Butte District,1980-01-01,268.6772074767941
blm_butte_Butte District,1980-02-01,274.75875870158296
blm_butte_Butte District,1980-03-01,275.4835962221118
blm_butte_Butte District,1980-04-01,286.37049608798486
blm_butte_Butte District,1980-05-01,288.23335096919317
blm_butte_Butte District,1980-06-01,292.09711846384914
blm_butte_Butte District,1980-07-01,297.5531230824684
blm_butte_Butte District,1980-08-01,293.85669036175926
blm_butte_Butte District,1980-09-01,290.85521557003074
blm_butte_Butte District,1980-10-01,285.02820236237386
blm_butte_Butte District,1980-11-01,277.5243136740808
blm_butte_Butte District,1980-12-01,276.3388138130705
blm_butte_Butte District,1981-01-01,276.33958731148033
blm_butte_Butte District,1981-02-01,275.3383323152452
blm_butte_Butte District,1981-03-01,280.5187732923692
blm_butte_Butte District,1981-04-01,283.90807665251117
blm_butte_Butte District,1981-05-01,286.048198237801
blm_butte_Butte District,1981-06-01,291.14715938058964
blm_butte_Butte District,1981-07-01,297.54349221732826
blm_butte_Butte District,1981-08-01,299.33715314297217
blm_butte_Butte District,1981-09-01,293.32650238287766
blm_butte_Butte District,1981-10-01,282.3734298173407
blm_butte_Butte District,1981-11-01,278.86122176779367
blm_butte_Butte District,1981-12-01,272.5983072394463
blm_butte_Butte District,1982-01-01,270.04435485589187
blm_butte_Butte District,1982-02-01,272.5794420810206
blm_butte_Butte District,1982-03-01,276.64054104532795
blm_butte_Butte District,1982-04-01,280.29687706792623
blm_butte_Butte District,1982-05-01,286.0386451862186
blm_butte_Butte District,1982-06-01,291.73173369421363
blm_butte_Butte District,1982-07-01,296.0731916329699
blm_butte_Butte District,1982-08-01,298.27094937741634
blm_butte_Butte District,1982-09-01,289.17038316354615
blm_butte_Butte District,1982-10-01,282.94037396315434
blm_butte_Butte District,1982-11-01,274.599597750748
blm_butte_Butte District,1982-12-01,271.4053158143218
blm_butte_Butte District,1983-01-01,276.4354922942802
blm_butte_Butte District,1983-02-01,277.5762540124035
blm_butte_Butte District,1983-03-01,279.51904365805876
blm_butte_Butte District,1983-04-01,281.53465610950633
blm_butte_Butte District,1983-05-01,287.01347750559967
blm_butte_Butte District,1983-06-01,291.7885664326944
blm_butte_Butte District,1983-07-01,296.6611645990329
blm_butte_Butte District,1983-08-01,298.83576876035215
blm_butte_Butte District,1983-09-01,289.0537485988233
blm_butte_Butte District,1983-10-01,285.5971849351448
blm_butte_Butte District,1983-11-01,275.2714868345789
blm_butte_Butte District,1983-12-01,265.5720109410844
blm_butte_Butte District,1984-01-01,273.2289923289963
blm_butte_Butte District,1984-02-01,276.5788602417744
blm_butte_Butte District,1984-03-01,278.01455274891316
blm_butte_Butte District,1984-04-01,281.45890140729273
blm_butte_Butte District,1984-05-01,287.8913098125732
blm_butte_Butte District,1984-06-01,291.27866191198206
blm_butte_Butte District,1984-07-01,298.2846906062759
blm_butte_Butte District,1984-08-01,298.17159886918273
blm_butte_Butte District,1984-09-01,288.12764169743906
blm_butte_Butte District,1984-10-01,280.7728240622142
blm_butte_Butte District,1984-11-01,276.3041050027773
blm_butte_Butte District,1984-12-01,270.09408168283574
blm_butte_Butte District,1985-01-01,269.85755923543377
blm_butte_Butte District,1985-02-01,271.9105471507235
blm_butte_Butte District,1985-03-01,276.9993775072039
blm_butte_Butte District,1985-04-01,285.81461359294286
blm_butte_Butte District,1985-05-01,290.5807792146593
blm_butte_Butte District,1985-06-01,294.4825033387609
blm_butte_Butte District,1985-07-01,300.59691668437983
blm_butte_Butte District,1985-08-01,294.91125917532605
blm_butte_Butte District,1985-09-01,285.5241955202953
blm_butte_Butte District,1985-10-01,282.6591656350012
blm_butte_Butte District,1985-11-01,268.4560917378451
blm_butte_Butte District,1985-12-01,272.04554541742533
blm_butte_Butte District,1986-01-01,276.45363645142356
blm_butte_Butte District,1986-02-01,274.2794244127841
blm_butte_Butte District,1986-03-01,282.4814034369937
blm_butte_Butte District,1986-04-01,282.9925718052921
blm_butte_Butte District,1986-05-01,289.1244949560146
blm_butte_Butte District,1986-06-01,296.0079003398668
blm_butte_Butte District,1986-07-01,295.21259984637186
blm_butte_Butte District,1986-08-01,297.8863268153134
blm_butte_Butte District,1986-09-01,285.50269496220585
blm_butte_Butte District,1986-10-01,285.51269994966793
blm_butte_Butte District,1986-11-01,275.33158688085035
blm_butte_Butte District,1986-12-01,273.134010111282
blm_butte_Butte District,1987-01-01,272.95640028183954
blm_butte_Butte District,1987-02-01,276.38564468164464
blm_butte_Butte District,1987-03-01,279.45732762142865
blm_butte_Butte District,1987-04-01,289.22791233885215
blm_butte_Butte District,1987-05-01,290.07977576911816
blm_butte_Butte District,1987-06-01,295.3992234216334
blm_butte_Butte District,1987-07-01,295.75641824773203
blm_butte_Butte District,1987-08-01,294.6955072453869
blm_butte_Butte District,1987-09-01,294.29450561084786
blm_butte_Butte District,1987-10-01,287.70100857149157
blm_butte_Butte District,1987-11-01,278.25569817075007
blm_butte_Butte District,1987-12-01,271.7074483444558
blm_butte_Butte District,1988-01-01,271.03674687693007
blm_butte_Butte District,1988-02-01,276.5239061202846
blm_butte_Butte District,1988-03-01,277.69099492067187
blm_butte_Butte District,1988-04-01,285.5665450203835
blm_butte_Butte District,1988-05-01,290.34283461365123
blm_butte_Butte District,1988-06-01,298.5413840761909
blm_butte_Butte District,1988-07-01,300.6450673442112
blm_butte_Butte District,1988-08-01,298.90210990200785
blm_butte_Butte District,1988-09-01,291.1499140619987
blm_butte_Butte District,1988-10-01,288.5678955798766
blm_butte_Butte District,1988-11-01,274.58694705532315
blm_butte_Butte District,1988-12-01,272.17285872191127
blm_butte_Butte District,1989-01-01,272.39844694666306
blm_butte_Butte District,1989-02-01,266.24342722177994
blm_butte_Butte District,1989-03-01,276.97461122360073
blm_butte_Butte District,1989-04-01,283.48016421652915
blm_butte_Butte District,1989-05-01,287.35516694243194
blm_butte_Butte District,1989-06-01,293.66195760174696
blm_butte_Butte District,1989-07-01,300.4843065234425
blm_butte_Butte District,1989-08-01,294.6171623402308
blm_butte_Butte District,1989-09-01,291.9021507905494
blm_butte_Butte District,1989-10-01,282.72976252185737
blm_butte_Butte District,1989-11-01,277.7168994566743
blm_butte_Butte District,1989-12-01,272.1327115319348
blm_butte_Butte District,1990-01-01,273.00671137627637
blm_butte_Butte District,1990-02-01,274.1866401813358
blm_butte_Butte District,1990-03-01,278.71183357003775
blm_butte_Butte District,1990-04-01,284.2580558729857
blm_butte_Butte District,1990-05-01,286.5438119312576
blm_butte_Butte District,1990-06-01,293.28112105226614
blm_butte_Butte District,1990-07-01,298.00787093458234
blm_butte_Butte District,1990-08-01,297.23480179177665
blm_butte_Butte District,1990-09-01,296.03712214287793
blm_butte_Butte District,1990-10-01,283.6175546822362
blm_butte_Butte District,1990-11-01,277.44964912931533
blm_butte_Butte District,1990-12-01,266.92738992428633
blm_butte_Butte District,1991-01-01,270.93135548617073
blm_butte_Butte District,1991-02-01,278.9960176753802
blm_butte_Butte District,1991-03-01,277.4691330206712
blm_butte_Butte District,1991-04-01,280.5830281157758
blm_butte_Butte District,1991-05-01,286.4911772083698
blm_butte_Butte District,1991-06-01,292.132146016773
blm_butte_Butte District,1991-07-01,299.6511689015727
blm_butte_Butte District,1991-08-01,300.2750048000955
blm_butte_Butte District,1991-09-01,291.8168190676084
blm_butte_Butte District,1991-10-01,283.262385092232
blm_butte_Butte District,1991-11-01,273.9154086729829
blm_butte_Butte District,1991-12-01,274.28307434959333
blm_butte_Butte District,1992-01-01,274.9298669552656
blm_butte_Butte District,1992-02-01,278.6848601824939
blm_butte_Butte District,1992-03-01,282.59549908961117
blm_butte_Butte District,1992-04-01,285.58072743817274
blm_butte_Butte District,1992-05-01,291.0294812494235
blm_butte_Butte District,1992-06-01,293.7837454856544
blm_butte_Butte District,1992-07-01,294.19317747582153
blm_butte_Butte District,1992-08-01,296.3056418166268
blm_butte_Butte District,1992-09-01,291.12315691374164
blm_butte_Butte District,1992-10-01,285.2250746427375
blm_butte_Butte District,1992-11-01,274.0873033966127
blm_butte_Butte District,1992-12-01,268.7807048351123
blm_butte_Butte District,1993-01-01,269.9397577681336
blm_butte_Butte District,1993-02-01,270.99481700920717
blm_butte_Butte District,1993-03-01,279.620485654357
blm_butte_Butte District,1993-04-01,281.79858844921574
blm_butte_Butte District,1993-05-01,290.7602172475576
blm_butte_Butte District,1993-06-01,289.4880988808383
blm_butte_Butte District,1993-07-01,290.6045836305716
blm_butte_Butte District,1993-08-01,293.0264240398055
blm_butte_Butte District,1993-09-01,289.89255631777786
blm_butte_Butte District,1993-10-01,283.9407099071714
blm_butte_Butte District,1993-11-01,273.3132101603357
blm_butte_Butte District,1993-12-01,273.17875221769424
blm_butte_Butte District,1994-01-01,274.398554416163
blm_butte_Butte District,1994-02-01,272.6163758702836
blm_butte_Butte District,1994-03-01,280.9155707075366
blm_butte_Butte District,1994-04-01,283.8896252829926
blm_butte_Butte District,1994-05-01,290.25108635058393
blm_butte_Butte District,1994-06-01,293.8255731946879
blm_butte_Butte District,1994-07-01,297.9022388184095
blm_butte_Butte District,1994-08-01,299.1154651367689
blm_butte_Butte District,1994-09-01,294.74652970644973
blm_butte_Butte District,1994-10-01,281.97847774435115
blm_butte_Butte District,1994-11-01,273.15531700494597
blm_butte_Butte District,1994-12-01,272.09668648659084
blm_butte_Butte District,1995-01-01,273.2251090925087
blm_butte_Butte District,1995-02-01,275.63901068591485
blm_butte_Butte District,1995-03-01,277.1062181226037
blm_butte_Butte District,1995-04-01,280.8570208383047
blm_butte_Butte District,1995-05-01,286.7746954101312
blm_butte_Butte District,1995-06-01,290.6899384453556
blm_butte_Butte District,1995-07-01,296.55361001643314
blm_butte_Butte District,1995-08-01,297.8889020414568
blm_butte_Butte District,1995-09-01,290.6794511454306
blm_butte_Butte District,1995-10-01,281.4707343632191
blm_butte_Butte District,1995-11-01,277.98281506297525
blm_butte_Butte District,1995-12-01,272.8396249571375
blm_butte_Butte District,1996-01-01,269.3102603888854
blm_butte_Butte District,1996-02-01,273.63143450915203
blm_butte_Butte District,1996-03-01,275.7691859533165
blm_butte_Butte District,1996-04-01,283.0713174651536
blm_butte_Butte District,1996-05-01,284.52094282898327
blm_butte_Butte District,1996-06-01,294.87394761353795
blm_butte_Butte District,1996-07-01,299.1055541302879
blm_butte_Butte District,1996-08-01,298.6143438037661
blm_butte_Butte District,1996-09-01,289.8194816636354
blm_butte_Butte District,1996-10-01,283.37108068446605
blm_butte_Butte District,1996-11-01,275.17589826015967
blm_butte_Butte District,1996-12-01,271.16395300957214
blm_butte_Butte District,1997-01-01,270.61513049303875
blm_butte_Butte District,1997-02-01,273.3515362279371
blm_butte_Butte District,1997-03-01,278.9102438078769
blm_butte_Butte District,1997-04-01,279.70767121050636
blm_butte_Butte District,1997-05-01,289.8080715829587
blm_butte_Butte District,1997-06-01,292.22233727237773
blm_butte_Butte District,1997-07-01,296.1397114935842
blm_butte_Butte District,1997-08-01,296.37775858226985
blm_butte_Butte District,1997-09-01,292.82271757654587
blm_butte_Butte District,1997-10-01,282.5032706603377
blm_butte_Butte District,1997-11-01,276.59131222828705
blm_butte_Butte District,1997-12-01,272.5633289094334
blm_butte_Butte District,1998-01-01,272.59953140478115
blm_butte_Butte District,1998-02-01,275.5651402404911
blm_butte_Butte District,1998-03-01,277.81038939928374
blm_butte_Butte District,1998-04-01,284.10211377466976
blm_butte_Butte District,1998-05-01,289.2508145592785
blm_butte_Butte District,1998-06-01,288.38249632661103
blm_butte_Butte District,1998-07-01,299.24814856370614
blm_butte_Butte District,1998-08-01,298.92235035671104
blm_butte_Butte District,1998-09-01,294.4236551085047
blm_butte_Butte District,1998-10-01,284.55830170241717
blm_butte_Butte District,1998-11-01,276.90225515816
blm_butte_Butte District,1998-12-01,270.97289396752075
blm_butte_Butte District,1999-01-01,273.9216817428933
blm_butte_Butte District,1999-02-01,275.5006748802608
blm_butte_Butte District,1999-03-01,279.9708931548884
blm_butte_Butte District,1999-04-01,282.0409668877384
blm_butte_Butte District,1999-05-01,286.60669308766205
blm_butte_Butte District,1999-06-01,291.05835750509334
blm_butte_Butte District,1999-07-01,297.94825456372524
blm_butte_Butte District,1999-08-01,297.85220227251307
blm_butte_Butte District,1999-09-01,290.2209221998524
blm_butte_Butte District,1999-10-01,286.6699842104432
blm_butte_Butte District,1999-11-01,282.3063347285778
blm_butte_Butte District,1999-12-01,274.21160666213143
blm_butte_Butte District,2000-01-01,273.22682005081333
blm_butte_Butte District,2000-02-01,277.1776693763185
blm_butte_Butte District,2000-03-01,279.635944060966
blm_butte_Butte District,2000-04-01,285.6133724110817
blm_butte_Butte District,2000-05-01,287.5482614035479
blm_butte_Butte District,2000-06-01,293.5530099418374
blm_butte_Butte District,2000-07-01,299.68082069224647
blm_butte_Butte District,2000-08-01,298.79135232099026
blm_butte_Butte District,2000-09-01,290.55970546401255
blm_butte_Butte District,2000-10-01,283.5962444046929
blm_butte_Butte District,2000-11-01,272.0376914335717
blm_butte_Butte District,2000-12-01,271.96724342173866
blm_butte_Butte District,2001-01-01,273.6548897901844
blm_butte_Butte District,2001-02-01,272.38243442981883
blm_butte_Butte District,2001-03-01,279.3911189837133
blm_butte_Butte District,2001-04-01,282.5501537597155
blm_butte_Butte District,2001-05-01,290.6543671531599
blm_butte_Butte District,2001-06-01,292.93873032211525
blm_butte_Butte District,2001-07-01,297.2321154929285
blm_butte_Butte District,2001-08-01,300.73076256785305
blm_butte_Butte District,2001-09-01,294.5393482654736
blm_butte_Butte District,2001-10-01,283.4536760553442
blm_butte_Butte District,2001-11-01,279.670759588786
blm_butte_Butte District,2001-12-01,271.9804299450508
blm_butte_Butte District,2002-01-01,271.9067724490313
blm_butte_Butte District,2002-02-01,274.4104486422372
blm_butte_Butte District,2002-03-01,274.8912635192244
blm_butte_Butte District,2002-04-01,281.7491972686329
blm_butte_Butte District,2002-05-01,287.10876353614384
blm_butte_Butte District,2002-06-01,292.7309909483735
blm_butte_Butte District,2002-07-01,299.5070826003684
blm_butte_Butte District,2002-08-01,295.0974515566346
blm_butte_Butte District,2002-09-01,291.1464989288142
blm_butte_Butte District,2002-10-01,281.2121960054433
blm_butte_Butte District,2002-11-01,277.7096029982674
blm_butte_Butte District,2002-12-01,274.3628963337297
blm_butte_Butte District,2003-01-01,275.93853263150004
blm_butte_Butte District,2003-02-01,272.3063030047094
blm_butte_Butte District,2003-03-01,278.375150895951
blm_butte_Butte District,2003-04-01,283.2451900662338
blm_butte_Butte District,2003-05-01,288.04373054582726
blm_butte_Butte District,2003-06-01,292.86113638750584
blm_butte_Butte District,2003-07-01,301.24435462403346
blm_butte_Butte District,2003-08-01,300.0001359034857
blm_butte_Butte District,2003-09-01,291.56315525062763
blm_butte_Butte District,2003-10-01,286.6547059170764
blm_butte_Butte District,2003-11-01,274.2644863716141
blm_butte_Butte District,2003-12-01,273.80384185916347
blm_butte_Butte District,2004-01-01,272.28210585513887
blm_butte_Butte District,2004-02-01,274.97054627592803
blm_butte_Butte District,2004-03-01,282.32965979292163
blm_butte_Butte District,2004-04-01,285.0493704543221
blm_butte_Butte District,2004-05-01,286.19125961523036
blm_butte_Butte District,2004-06-01,291.68008725207443
blm_butte_Butte District,2004-07-01,297.6726785146725
blm_butte_Butte District,2004-08-01,295.53596701808044
blm_butte_Butte District,2004-09-01,289.44475171600277
blm_butte_Butte District,2004-10-01,283.9044809517674
blm_butte_Butte District,2004-11-01,278.24002021930545
blm_butte_Butte District,2004-12-01,275.02412087129125
blm_butte_Butte District,2005-01-01,273.69162123599824
blm_butte_Butte District,2005-02-01,277.6639706966079
blm_butte_Butte District,2005-03-01,279.1667385218814
blm_butte_Butte District,2005-04-01,283.1979188077014
blm_butte_Butte District,2005-05-01,287.48175633173946
blm_butte_Butte District,2005-06-01,290.9369491796474
blm_butte_Butte District,2005-07-01,299.43066033396633
blm_butte_Butte District,2005-08-01,296.80936806304743
blm_butte_Butte District,2005-09-01,291.58527729888226
blm_butte_Butte District,2005-10-01,285.67700502368217
blm_butte_Butte District,2005-11-01,276.8993207394954
blm_butte_Butte District,2005-12-01,272.2202716960555
blm_butte_Butte District,2006-01-01,275.3605618956642
blm_butte_Butte District,2006-02-01,273.5064183730609
blm_butte_Butte District,2006-03-01,277.7499401868002
blm_butte_Butte District,2006-04-01,284.7231931118505
blm_butte_Butte District,2006-05-01,290.1855351410852
blm_butte_Butte District,2006-06-01,294.80933624518235
blm_butte_Butte District,2006-07-01,301.0699243565115
blm_butte_Butte District,2006-08-01,297.5431425811329
blm_butte_Butte District,2006-09-01,291.8629383188988
blm_butte_Butte District,2006-10-01,282.2061453002679
blm_butte_Butte District,2006-11-01,276.85348585939505
blm_butte_Butte District,2006-12-01,274.2793898533502
blm_butte_Butte District,2007-01-01,271.790246309441
blm_butte_Butte District,2007-02-01,275.0191937863704
blm_butte_Butte District,2007-03-01,282.3116631791822
blm_butte_Butte District,2007-04-01,283.878321387195
blm_butte_Butte District,2007-05-01,289.76322761551313
blm_butte_Butte District,2007-06-01,295.20331445024243
blm_butte_Butte District,2007-07-01,302.70718883537904
blm_butte_Butte District,2007-08-01,298.3414631085719
blm_butte_Butte District,2007-09-01,291.3649248597069
blm_butte_Butte District,2007-10-01,284.1856146779148
blm_butte_Butte District,2007-11-01,277.31421600279134
blm_butte_Butte District,2007-12-01,271.1221267104883
blm_butte_Butte District,2008-01-01,271.3564023403661
blm_butte_Butte District,2008-02-01,275.5563656064764
blm_butte_Butte District,2008-03-01,276.57519362056036
blm_butte_Butte District,2008-04-01,281.3404090928346
blm_butte_Butte District,2008-05-01,287.1892233815281
blm_butte_Butte District,2008-06-01,292.3873358693211
blm_butte_Butte District,2008-07-01,298.6781545870113
blm_butte_Butte District,2008-08-01,298.0903360261075
blm_butte_Butte District,2008-09-01,291.3684082814555
blm_butte_Butte District,2008-10-01,284.59853416301877
blm_butte_Butte District,2008-11-01,279.23254776784285
blm_butte_Butte District,2008-12-01,270.1169323304351
blm_butte_Butte District,2009-01-01,274.0332881919657
blm_butte_Butte District,2009-02-01,276.0872981484666
blm_butte_Butte District,2009-03-01,276.8420035579611
blm_butte_Butte District,2009-04-01,282.1189220671291
blm_butte_Butte District,2009-05-01,289.9983370113177
blm_butte_Butte District,2009-06-01,291.25022272505555
blm_butte_Butte District,2009-07-01,296.79938358252053
blm_butte_Butte District,2009-08-01,296.54007562719573
blm_butte_Butte District,2009-09-01,295.5803767836804
blm_butte_Butte District,2009-10-01,279.17226267350526
blm_butte_Butte District,2009-11-01,278.36396479361844
blm_butte_Butte District,2009-12-01,268.49014545417174
blm_butte_Butte District,2010-01-01,274.14822292132055
blm_butte_Butte District,2010-02-01,274.5910052822356
blm_butte_Butte District,2010-03-01,280.82058675088433
blm_butte_Butte District,2010-04-01,282.90071530508555
blm_butte_Butte District,2010-05-01,284.7756737742336
blm_butte_Butte District,2010-06-01,291.13104215148047
blm_butte_Butte District,2010-07-01,296.99082943644123
blm_butte_Butte District,2010-08-01,295.6567231947881
blm_butte_Butte District,2010-09-01,291.8099914488117
blm_butte_Butte District,2010-10-01,286.88577674693397
blm_butte_Butte District,2010-11-01,274.7394997598699
blm_butte_Butte District,2010-12-01,272.6307774725881
blm_butte_Butte District,2011-01-01,272.0819721104428
blm_butte_Butte District,2011-02-01,271.65196174762576
blm_butte_Butte District,2011-03-01,277.7827085303085
blm_butte_Butte District,2011-04-01,279.14271590841867
blm_butte_Butte District,2011-05-01,285.17066100196917
blm_butte_Butte District,2011-06-01,291.0940880119433
blm_butte_Butte District,2011-07-01,299.02015266183463
blm_butte_Butte District,2011-08-01,299.1593079772573
blm_butte_Butte District,2011-09-01,295.0894934558281
blm_butte_Butte District,2011-10-01,285.24805755928554
blm_butte_Butte District,2011-11-01,274.526182452756
blm_butte_Butte District,2011-12-01,272.4320245229733
blm_butte_Butte District,2012-01-01,273.9584457115471
blm_butte_Butte District,2012-02-01,273.97355203804784
blm_butte_Butte District,2012-03-01,281.3986820166116
blm_butte_Butte District,2012-04-01,285.69452244251414
blm_butte_Butte District,2012-05-01,287.5551731493439
blm_butte_Butte District,2012-06-01,293.8740553493617
blm_butte_Butte District,2012-07-01,301.827770334984
blm_butte_Butte District,2012-08-01,300.43085210279276
blm_butte_Butte District,2012-09-01,295.5793855577034
blm_butte_Butte District,2012-10-01,284.70295585303336
blm_butte_Butte District,2012-11-01,280.20073931809566
blm_butte_Butte District,2012-12-01,272.88740964102305
blm_butte_Butte District,2013-01-01,272.3857820577445
blm_butte_Butte District,2013-02-01,273.9279225406216
blm_butte_Butte District,2013-03-01,278.0116391818381
blm_butte_Butte District,2013-04-01,280.7455802463163
blm_butte_Butte District,2013-05-01,289.72400323762054
blm_butte_Butte District,2013-06-01,294.79536265661096
blm_butte_Butte District,2013-07-01,301.0886316475682
blm_butte_Butte District,2013-08-01,300.06569807925996
blm_butte_Butte District,2013-09-01,292.78236664883656
blm_butte_Butte District,2013-10-01,282.20237966925214
blm_butte_Butte District,2013-11-01,276.4694880460077
blm_butte_Butte District,2013-12-01,270.27356928329937
blm_butte_Butte District,2014-01-01,274.9069204780845
blm_butte_Butte District,2014-02-01,269.74673631108027
blm_butte_Butte District,2014-03-01,277.9247167066382
blm_butte_Butte District,2014-04-01,283.43806444986643
blm_butte_Butte District,2014-05-01,289.0140605981345
blm_butte_Butte District,2014-06-01,290.7640844732829
blm_butte_Butte District,2014-07-01,299.2041298084925
blm_butte_Butte District,2014-08-01,295.50695493725533
blm_butte_Butte District,2014-09-01,291.373810817084
blm_butte_Butte District,2014-10-01,286.8770982244911
blm_butte_Butte District,2014-11-01,275.1065900830028
blm_butte_Butte District,2014-12-01,274.05602273803964
blm_butte_Butte District,2015-01-01,276.0359195811058
blm_butte_Butte District,2015-02-01,277.3340900585637
blm_butte_Butte District,2015-03-01,283.1923662690901
blm_butte_Butte District,2015-04-01,284.09702249327233
blm_butte_Butte District,2015-05-01,287.0016975481163
blm_butte_Butte District,2015-06-01,296.9604822899037
blm_butte_Butte District,2015-07-01,296.6565954690107
blm_butte_Butte District,2015-08-01,297.71056162307394
blm_butte_Butte District,2015-09-01,293.0087458083762
blm_butte_Butte District,2015-10-01,287.1444427834889
blm_butte_Butte District,2015-11-01,275.1840899739667
blm_butte_Butte District,2015-12-01,272.29919853445443
blm_butte_Butte District,2016-01-01,273.659233719906
blm_butte_Butte District,2016-02-01,278.4739447873721
blm_butte_Butte District,2016-03-01,280.1092616400435
blm_butte_Butte District,2016-04-01,285.85348582806284
blm_butte_Butte District,2016-05-01,287.73162555107103
blm_butte_Butte District,2016-06-01,296.98265575432436
blm_butte_Butte District,2016-07-01,298.296045557919
blm_butte_Butte District,2016-08-01,297.4662034115018
blm_butte_Butte District,2016-09-01,289.7095808150587
blm_butte_Butte District,2016-10-01,283.6520068190181
blm_butte_Butte District,2016-11-01,281.2288127484018
blm_butte_Butte District,2016-12-01,268.29150323260734
blm_butte_Butte District,2017-01-01,269.85169451829097
blm_butte_Butte District,2017-02-01,275.202227300687
blm_butte_Butte District,2017-03-01,281.26009312498496
blm_butte_Butte District,2017-04-01,283.0546216396825
blm_butte_Butte District,2017-05-01,289.7713251290135
blm_butte_Butte District,2017-06-01,294.00347721796993
blm_butte_Butte District,2017-07-01,301.63303478640455
blm_butte_Butte District,2017-08-01,298.5848311124641
blm_butte_Butte District,2017-09-01,290.66366364089373
blm_butte_Butte District,2017-10-01,282.8291664985171
blm_butte_Butte District,2017-11-01,276.7683709083886
blm_butte_Butte District,2017-12-01,272.10958617913406
blm_butte_Butte District,2018-01-01,274.51848213775446
blm_butte_Butte District,2018-02-01,270.5025188594873
blm_butte_Butte District,2018-03-01,278.17188183042305
blm_butte_Butte District,2018-04-01,282.9069300500764
blm_butte_Butte District,2018-05-01,290.4681594033995
blm_butte_Butte District,2018-06-01,292.29921283761087
blm_butte_Butte District,2018-07-01,299.1350747016421
blm_butte_Butte District,2018-08-01,296.7432071286305
blm_butte_Butte District,2018-09-01,291.0829448974108
blm_butte_Butte District,2018-10-01,282.94782891557446
blm_butte_Butte District,2018-11-01,276.1114852403958
blm_butte_Butte District,2018-12-01,272.81610745032464
blm_butte_Butte District,2019-01-01,274.4501525910238
blm_butte_Butte District,2019-02-01,267.117386036585
blm_butte_Butte District,2019-03-01,275.6690418157245
blm_butte_Butte District,2019-04-01,282.24684453255344
blm_butte_Butte District,2019-05-01,286.36802997628274
blm_butte_Butte District,2019-06-01,292.64026052800045
blm_butte_Butte District,2019-07-01,297.3508415613821
blm_butte_Butte District,2019-08-01,297.48020997723023
blm_butte_Butte District,2019-09-01,289.89107439797027
blm_butte_Butte District,2019-10-01,278.7576588624801
blm_butte_Butte District,2019-11-01,276.6410762152388
blm_butte_Butte District,2019-12-01,273.7301683053833
blm_butte_Butte District,2020-01-01,273.9685269772884
blm_butte_Butte District,2020-02-01,274.08528287601666
blm_butte_Butte District,2020-03-01,277.68317532392496
blm_butte_Butte District,2020-04-01,282.5536822998548
blm_butte_Butte District,2020-05-01,288.3688831681833
blm_butte_Butte District,2020-06-01,291.99829900534
blm_butte_Butte District,2020-07-01,297.9409466063952
blm_butte_Butte District,2020-08-01,298.75412662513935
blm_butte_Butte District,2020-09-01,293.79815871221086
blm_butte_Butte District,2020-10-01,282.4798357139133
blm_butte_Butte District,2020-11-01,277.65595861039367
blm_butte_Butte District,2020-12-01,274.8814450367765
blm_butte_Butte District,2021-01-01,274.3048571169499
blm_butte_Butte District,2021-02-01,269.75469334659147
blm_butte_Butte District,2021-03-01,279.8375586601743
blm_butte_Butte District,2021-04-01,282.3478746198776
blm_butte_Butte District,2021-05-01,286.8378566608781
blm_butte_Butte District,2021-06-01,297.68028766859237
blm_butte_Butte District,2021-07-01,301.46080844260337
blm_butte_Butte District,2021-08-01,296.025430557909
blm_butte_Butte District,2021-09-01,294.0448764902855
blm_butte_Butte District,2021-10-01,284.90420450762804
blm_butte_Butte District,2021-11-01,279.9368441070619
blm_butte_Butte District,2021-12-01,273.4414026937935
blm_butte_Butte District,2022-01-01,273.8765831071983
blm_butte_Butte District,2022-02-01,273.45219493450816
blm_butte_Butte District,2022-03-01,279.43614455268124
blm_butte_Butte District,2022-04-01,279.15908437489975
blm_butte_Butte District,2022-05-01,284.88069320459385
blm_butte_Butte District,2022-06-01,292.08493696835495
blm_butte_Butte District,2022-07-01,299.9464993329998
blm_butte_Butte District,2022-08-01,300.25476979719787
blm_butte_Butte District,2022-09-01,295.42688893782287
blm_butte_Butte District,2022-10-01,285.8106908308652
blm_butte_Butte District,2022-11-01,272.35351335341437
blm_butte_Butte District,2022-12-01,270.0351773522473
blm_butte_Butte District,2023-01-01,271.50357018065404
blm_butte_Butte District,2023-02-01,273.2613303558538
blm_butte_Butte District,2023-03-01,274.1561502382251
blm_butte_Butte District,2023-04-01,281.2545331293063
blm_butte_Butte District,2023-05-01,291.1569487397431
blm_butte_Butte District,2023-06-01,291.3736719370378
blm_butte_Butte District,2023-07-01,298.63095131938707
blm_butte_Butte District,2023-08-01,296.8990199032261
blm_butte_Butte District,2023-09-01,292.21212860984724
blm_butte_Butte District,2023-10-01,283.1186524690789
blm_butte_Butte District,2023-11-01,278.92855037556046
blm_butte_Butte District,2023-12-01,276.37513734476767
blm_butte_Butte District,2024-01-01,271.4559269147242
blm_butte_Butte District,2024-02-01,275.12939348162075
blm_butte_Butte District,2024-03-01,278.12507461767177
blm_butte_Butte District,2024-04-01,283.8792380894968
blm_butte_Butte District,2024-05-01,285.67123270524354
blm_butte_Butte District,2024-06-01,294.0751217287914
blm_butte_Butte District,2024-07-01,299.719131532391
blm_butte_Butte District,2024-08-01,297.41637243627275
blm_butte_Butte District,2024-09-01,294.1748391686034
blm_butte_Butte District,2024-10-01,287.7000958797134
blm_butte_Butte District,2024-11-01,275.9837403503042
blm_butte_Butte District,2024-12-01,276.0091376020678
blm_butte_Butte District,2025-01-01,270.31167286083684
blm_butte_Butte District,2025-02-01,269.8561105747732
blm_butte_Butte District,2025-03-01,279.63496246964536
blm_butte_Butte District,2025-04-01,282.81416463362365
blm_butte_Butte District,2025-05-01,289.2953502490535
blm_butte_Butte District,2025-06-01,293.87656549849305
blm_butte_Butte District,2025-07-01,298.0781132817513
blm_butte_Butte District,2025-08-01,297.36830671807826
blm_butte_Butte District,2025-09-01,294.6511342794743
blm_butte_Butte District,2025-10-01,286.40969790668214
blm_dillon_Dillon District,1979-01-01,262.86505212753343
blm_dillon_Dillon District,1979-02-01,272.15720877845445
blm_dillon_Dillon District,1979-03-01,276.6185161554014
blm_dillon_Dillon District,1979-04-01,280.7068008569102
blm_dillon_Dillon District,1979-05-01,287.2555701502596
blm_dillon_Dillon District,1979-06-01,293.64643669737796
blm_dillon_Dillon District,1979-07-01,298.13530657588484
blm_dillon_Dillon District,1979-08-01,295.5462223918293
blm_dillon_Dillon District,1979-09-01,294.8598722122729
blm_dillon_Dillon District,1979-10-01,285.3213684082031
blm_dillon_Dillon District,1979-11-01,273.2082322190745
blm_dillon_Dillon District,1979-12-01,274.8437267949406
blm_dillon_Dillon District,1980-01-01,268.2960813674683
blm_dillon_Dillon District,1980-02-01,274.0831531658721
blm_dillon_Dillon District,1980-03-01,275.0532718353759
blm_dillon_Dillon District,1980-04-01,284.70060309754393
blm_dillon_Dillon District,1980-05-01,286.42466465764153
blm_dillon_Dillon District,1980-06-01,291.25828535671053
blm_dillon_Dillon District,1980-07-01,296.8532580098405
blm_dillon_Dillon District,1980-08-01,293.52163659238965
blm_dillon_Dillon District,1980-09-01,290.2777038184218
blm_dillon_Dillon District,1980-10-01,284.2686715512992
blm_dillon_Dillon District,1980-11-01,276.18399550952853
blm_dillon_Dillon District,1980-12-01,276.0400413635059
blm_dillon_Dillon District,1981-01-01,275.25308715040313
blm_dillon_Dillon District,1981-02-01,274.4904497335513
blm_dillon_Dillon District,1981-03-01,279.2038930874663
blm_dillon_Dillon District,1981-04-01,283.04346703477563
blm_dillon_Dillon District,1981-05-01,284.90916186445435
blm_dillon_Dillon District,1981-06-01,290.7728726225539
blm_dillon_Dillon District,1981-07-01,297.2488899206582
blm_dillon_Dillon District,1981-08-01,298.71508420511555
blm_dillon_Dillon District,1981-09-01,292.45408071694663
blm_dillon_Dillon District,1981-10-01,281.1909574563511
blm_dillon_Dillon District,1981-11-01,277.54649576302916
blm_dillon_Dillon District,1981-12-01,271.6007336698782
blm_dillon_Dillon District,1982-01-01,269.5054560554675
blm_dillon_Dillon District,1982-02-01,271.2561069086337
blm_dillon_Dillon District,1982-03-01,275.8846153966154
blm_dillon_Dillon District,1982-04-01,278.8785091314834
blm_dillon_Dillon District,1982-05-01,285.2523673060603
blm_dillon_Dillon District,1982-06-01,290.9591778154952
blm_dillon_Dillon District,1982-07-01,295.43796384768746
blm_dillon_Dillon District,1982-08-01,297.56667228918104
blm_dillon_Dillon District,1982-09-01,288.4606789683382
blm_dillon_Dillon District,1982-10-01,281.634560152974
blm_dillon_Dillon District,1982-11-01,272.98459230855633
blm_dillon_Dillon District,1982-12-01,269.702096489367
blm_dillon_Dillon District,1983-01-01,274.300744160905
blm_dillon_Dillon District,1983-02-01,275.1177861320325
blm_dillon_Dillon District,1983-03-01,277.54950025272063
blm_dillon_Dillon District,1983-04-01,279.77004041580346
blm_dillon_Dillon District,1983-05-01,285.8759499254318
blm_dillon_Dillon District,1983-06-01,290.59427086583344
blm_dillon_Dillon District,1983-07-01,295.43989702413637
blm_dillon_Dillon District,1983-08-01,297.2295208330733
blm_dillon_Dillon District,1983-09-01,289.1249688389202
blm_dillon_Dillon District,1983-10-01,284.6915899989704
blm_dillon_Dillon District,1983-11-01,273.7919614359213
blm_dillon_Dillon District,1983-12-01,265.18880517734124
blm_dillon_Dillon District,1984-01-01,271.0194517092964
blm_dillon_Dillon District,1984-02-01,274.051162495476
blm_dillon_Dillon District,1984-03-01,276.2539626831445
blm_dillon_Dillon District,1984-04-01,279.5339577769319
blm_dillon_Dillon District,1984-05-01,286.5238608460838
blm_dillon_Dillon District,1984-06-01,289.71877731956994
blm_dillon_Dillon District,1984-07-01,297.1439842540997
blm_dillon_Dillon District,1984-08-01,296.57804992480783
blm_dillon_Dillon District,1984-09-01,288.2217333711374
blm_dillon_Dillon District,1984-10-01,279.8978724665535
blm_dillon_Dillon District,1984-11-01,274.67136554169576
blm_dillon_Dillon District,1984-12-01,268.6878060922836
blm_dillon_Dillon District,1985-01-01,268.6429784220248
blm_dillon_Dillon District,1985-02-01,270.2133226876061
blm_dillon_Dillon District,1985-03-01,275.21605263609473
blm_dillon_Dillon District,1985-04-01,284.4154628570849
blm_dillon_Dillon District,1985-05-01,288.9977368437063
blm_dillon_Dillon District,1985-06-01,293.67861353475064
blm_dillon_Dillon District,1985-07-01,299.28001658284245
blm_dillon_Dillon District,1985-08-01,294.37947849846495
blm_dillon_Dillon District,1985-09-01,285.4580938272202
blm_dillon_Dillon District,1985-10-01,282.03528797283724
blm_dillon_Dillon District,1985-11-01,268.5344257391299
blm_dillon_Dillon District,1985-12-01,269.9108009021503
blm_dillon_Dillon District,1986-01-01,274.41643450557234
blm_dillon_Dillon District,1986-02-01,273.9066379729932
blm_dillon_Dillon District,1986-03-01,280.9714231253432
blm_dillon_Dillon District,1986-04-01,281.9525090324231
blm_dillon_Dillon District,1986-05-01,288.07109973651535
blm_dillon_Dillon District,1986-06-01,295.03235335182455
blm_dillon_Dillon District,1986-07-01,294.8678920953038
blm_dillon_Dillon District,1986-08-01,297.32778119461983
blm_dillon_Dillon District,1986-09-01,284.94280473508013
blm_dillon_Dillon District,1986-10-01,284.49589580499327
blm_dillon_Dillon District,1986-11-01,274.7298470494084
blm_dillon_Dillon District,1986-12-01,271.63546298578524
blm_dillon_Dillon District,1987-01-01,271.0467443886656
blm_dillon_Dillon District,1987-02-01,274.61961701121953
blm_dillon_Dillon District,1987-03-01,278.0408884456744
blm_dillon_Dillon District,1987-04-01,287.9474954915885
blm_dillon_Dillon District,1987-05-01,288.7895027526271
blm_dillon_Dillon District,1987-06-01,294.0502469876323
blm_dillon_Dillon District,1987-07-01,294.65268888138354
blm_dillon_Dillon District,1987-08-01,294.18220091993436
blm_dillon_Dillon District,1987-09-01,293.65210670739316
blm_dillon_Dillon District,1987-10-01,287.2560383854583
blm_dillon_Dillon District,1987-11-01,276.91438772183255
blm_dillon_Dillon District,1987-12-01,270.46176436061677
blm_dillon_Dillon District,1988-01-01,269.77660686261356
blm_dillon_Dillon District,1988-02-01,275.5418505391374
blm_dillon_Dillon District,1988-03-01,276.40257032108
blm_dillon_Dillon District,1988-04-01,284.53621319170577
blm_dillon_Dillon District,1988-05-01,288.7395607847756
blm_dillon_Dillon District,1988-06-01,296.6917808069589
blm_dillon_Dillon District,1988-07-01,299.91852637342754
blm_dillon_Dillon District,1988-08-01,297.91136119708466
blm_dillon_Dillon District,1988-09-01,290.49784637548674
blm_dillon_Dillon District,1988-10-01,288.44473046251
blm_dillon_Dillon District,1988-11-01,272.9906003714369
blm_dillon_Dillon District,1988-12-01,270.4401853713745
blm_dillon_Dillon District,1989-01-01,270.6636401874189
blm_dillon_Dillon District,1989-02-01,266.77002083775335
blm_dillon_Dillon District,1989-03-01,276.6821951089195
blm_dillon_Dillon District,1989-04-01,283.1550432394107
blm_dillon_Dillon District,1989-05-01,286.26655271487493
blm_dillon_Dillon District,1989-06-01,292.6735272587298
blm_dillon_Dillon District,1989-07-01,299.578107800956
blm_dillon_Dillon District,1989-08-01,293.52704498973515
blm_dillon_Dillon District,1989-09-01,291.0914143815208
blm_dillon_Dillon District,1989-10-01,281.5993590723592
blm_dillon_Dillon District,1989-11-01,276.8113735796164
blm_dillon_Dillon District,1989-12-01,271.9884595584565
blm_dillon_Dillon District,1990-01-01,271.7356527992712
blm_dillon_Dillon District,1990-02-01,272.8119353955546
blm_dillon_Dillon District,1990-03-01,277.97791804597017
blm_dillon_Dillon District,1990-04-01,283.86576150034944
blm_dillon_Dillon District,1990-05-01,285.3364959814297
blm_dillon_Dillon District,1990-06-01,292.3285753146528
blm_dillon_Dillon District,1990-07-01,297.22832130700255
blm_dillon_Dillon District,1990-08-01,295.9320583940695
blm_dillon_Dillon District,1990-09-01,295.0933180933943
blm_dillon_Dillon District,1990-10-01,282.26747194722816
blm_dillon_Dillon District,1990-11-01,275.917211719062
blm_dillon_Dillon District,1990-12-01,265.4720661004892
blm_dillon_Dillon District,1991-01-01,270.166682429207
blm_dillon_Dillon District,1991-02-01,277.81892951745954
blm_dillon_Dillon District,1991-03-01,276.2283003054488
blm_dillon_Dillon District,1991-04-01,279.3647821103422
blm_dillon_Dillon District,1991-05-01,284.8719281571361
blm_dillon_Dillon District,1991-06-01,291.18183782900485
blm_dillon_Dillon District,1991-07-01,298.88727405292155
blm_dillon_Dillon District,1991-08-01,298.8701598731093
blm_dillon_Dillon District,1991-09-01,291.24181653105035
blm_dillon_Dillon District,1991-10-01,282.7563928378657
blm_dillon_Dillon District,1991-11-01,272.30051318281375
blm_dillon_Dillon District,1991-12-01,272.3908028989554
blm_dillon_Dillon District,1992-01-01,272.96083067872655
blm_dillon_Dillon District,1992-02-01,276.8695754371131
blm_dillon_Dillon District,1992-03-01,281.4198686008636
blm_dillon_Dillon District,1992-04-01,284.61444690448405
blm_dillon_Dillon District,1992-05-01,290.59480175469247
blm_dillon_Dillon District,1992-06-01,292.6140704755204
blm_dillon_Dillon District,1992-07-01,293.92588434676395
blm_dillon_Dillon District,1992-08-01,296.2471465576952
blm_dillon_Dillon District,1992-09-01,290.43594044450754
blm_dillon_Dillon District,1992-10-01,284.76301782382563
blm_dillon_Dillon District,1992-11-01,272.2360810983676
blm_dillon_Dillon District,1992-12-01,267.8917389013516
blm_dillon_Dillon District,1993-01-01,268.90562133789064
blm_dillon_Dillon District,1993-02-01,270.5021726175619
blm_dillon_Dillon District,1993-03-01,278.49020083491416
blm_dillon_Dillon District,1993-04-01,280.22765120728707
blm_dillon_Dillon District,1993-05-01,289.83835497968875
blm_dillon_Dillon District,1993-06-01,288.54788482958514
blm_dillon_Dillon District,1993-07-01,290.1937339319589
blm_dillon_Dillon District,1993-08-01,292.35210323638427
blm_dillon_Dillon District,1993-09-01,290.0235483772839
blm_dillon_Dillon District,1993-10-01,283.17523435159995
blm_dillon_Dillon District,1993-11-01,272.56458572533944
blm_dillon_Dillon District,1993-12-01,271.31732456585087
blm_dillon_Dillon District,1994-01-01,272.9579301633012
blm_dillon_Dillon District,1994-02-01,271.8282633918543
blm_dillon_Dillon District,1994-03-01,279.7820200374713
blm_dillon_Dillon District,1994-04-01,283.0643006541097
blm_dillon_Dillon District,1994-05-01,289.2011316853971
blm_dillon_Dillon District,1994-06-01,293.2017676210251
blm_dillon_Dillon District,1994-07-01,297.49401432317666
blm_dillon_Dillon District,1994-08-01,298.5561948148587
blm_dillon_Dillon District,1994-09-01,293.8601895755853
blm_dillon_Dillon District,1994-10-01,280.8321674578487
blm_dillon_Dillon District,1994-11-01,271.2482111629206
blm_dillon_Dillon District,1994-12-01,270.31816780650956
blm_dillon_Dillon District,1995-01-01,271.26917205908046
blm_dillon_Dillon District,1995-02-01,274.94803088495905
blm_dillon_Dillon District,1995-03-01,276.0389756272776
blm_dillon_Dillon District,1995-04-01,279.728868751404
blm_dillon_Dillon District,1995-05-01,285.55349263444117
blm_dillon_Dillon District,1995-06-01,289.1714888990116
blm_dillon_Dillon District,1995-07-01,295.50012540482106
blm_dillon_Dillon District,1995-08-01,296.83442010361546
blm_dillon_Dillon District,1995-09-01,290.3079318013054
blm_dillon_Dillon District,1995-10-01,280.8202449713271
blm_dillon_Dillon District,1995-11-01,277.1578677631415
blm_dillon_Dillon District,1995-12-01,271.799321866264
blm_dillon_Dillon District,1996-01-01,269.36075909404326
blm_dillon_Dillon District,1996-02-01,272.84630399953824
blm_dillon_Dillon District,1996-03-01,276.027178896578
blm_dillon_Dillon District,1996-04-01,281.6788668208991
blm_dillon_Dillon District,1996-05-01,283.69822104944586
blm_dillon_Dillon District,1996-06-01,293.9130542109188
blm_dillon_Dillon District,1996-07-01,298.5737357142634
blm_dillon_Dillon District,1996-08-01,297.5072451460476
blm_dillon_Dillon District,1996-09-01,289.077109768901
blm_dillon_Dillon District,1996-10-01,282.5250149175382
blm_dillon_Dillon District,1996-11-01,275.2619828781762
blm_dillon_Dillon District,1996-12-01,270.85361991126695
blm_dillon_Dillon District,1997-01-01,270.2224179203899
blm_dillon_Dillon District,1997-02-01,272.0727774233102
blm_dillon_Dillon District,1997-03-01,277.9824016729483
blm_dillon_Dillon District,1997-04-01,278.85956321448185
blm_dillon_Dillon District,1997-05-01,288.9880739059692
blm_dillon_Dillon District,1997-06-01,291.154922261101
blm_dillon_Dillon District,1997-07-01,295.23514027945913
blm_dillon_Dillon District,1997-08-01,295.56559643242684
blm_dillon_Dillon District,1997-09-01,291.40273080649087
blm_dillon_Dillon District,1997-10-01,281.39513744805186
blm_dillon_Dillon District,1997-11-01,275.72760579167084
blm_dillon_Dillon District,1997-12-01,270.71623412305934
blm_dillon_Dillon District,1998-01-01,271.6546185088234
blm_dillon_Dillon District,1998-02-01,273.0975422722082
blm_dillon_Dillon District,1998-03-01,276.4773102294142
blm_dillon_Dillon District,1998-04-01,282.216992597001
blm_dillon_Dillon District,1998-05-01,287.09640534129767
blm_dillon_Dillon District,1998-06-01,287.4460486268845
blm_dillon_Dillon District,1998-07-01,298.41987813638804
blm_dillon_Dillon District,1998-08-01,298.03835092367837
blm_dillon_Dillon District,1998-09-01,292.966975007956
blm_dillon_Dillon District,1998-10-01,283.14934750882963
blm_dillon_Dillon District,1998-11-01,275.7511243728784
blm_dillon_Dillon District,1998-12-01,269.5159004577052
blm_dillon_Dillon District,1999-01-01,272.51795968247677
blm_dillon_Dillon District,1999-02-01,273.56983082926695
blm_dillon_Dillon District,1999-03-01,277.8641329146803
blm_dillon_Dillon District,1999-04-01,280.6199999531999
blm_dillon_Dillon District,1999-05-01,285.29206205617885
blm_dillon_Dillon District,1999-06-01,290.172981647333
blm_dillon_Dillon District,1999-07-01,297.33492550590927
blm_dillon_Dillon District,1999-08-01,296.5846354621668
blm_dillon_Dillon District,1999-09-01,290.01885422776684
blm_dillon_Dillon District,1999-10-01,286.3004100470497
blm_dillon_Dillon District,1999-11-01,280.70418295570835
blm_dillon_Dillon District,1999-12-01,272.47706051177494
blm_dillon_Dillon District,2000-01-01,271.67487791018743
blm_dillon_Dillon District,2000-02-01,275.7963091475514
blm_dillon_Dillon District,2000-03-01,277.9962653504393
blm_dillon_Dillon District,2000-04-01,284.490483995139
blm_dillon_Dillon District,2000-05-01,286.35441619580547
blm_dillon_Dillon District,2000-06-01,293.24168443771214
blm_dillon_Dillon District,2000-07-01,298.61286026342225
blm_dillon_Dillon District,2000-08-01,297.8773485470123
blm_dillon_Dillon District,2000-09-01,289.4892668800232
blm_dillon_Dillon District,2000-10-01,282.4633018225527
blm_dillon_Dillon District,2000-11-01,270.9490967771878
blm_dillon_Dillon District,2000-12-01,271.4163020027331
blm_dillon_Dillon District,2001-01-01,272.0907017521965
blm_dillon_Dillon District,2001-02-01,271.6692471537727
blm_dillon_Dillon District,2001-03-01,278.47064797885884
blm_dillon_Dillon District,2001-04-01,281.36461949942594
blm_dillon_Dillon District,2001-05-01,289.81136349809054
blm_dillon_Dillon District,2001-06-01,292.15391440102087
blm_dillon_Dillon District,2001-07-01,296.1735445552741
blm_dillon_Dillon District,2001-08-01,299.68036052472297
blm_dillon_Dillon District,2001-09-01,293.63823411837933
blm_dillon_Dillon District,2001-10-01,282.97001752274485
blm_dillon_Dillon District,2001-11-01,278.3431563014801
blm_dillon_Dillon District,2001-12-01,270.46707829972047
blm_dillon_Dillon District,2002-01-01,270.15594572122103
blm_dillon_Dillon District,2002-02-01,272.9022064891486
blm_dillon_Dillon District,2002-03-01,275.0511471099366
blm_dillon_Dillon District,2002-04-01,281.3106495817629
blm_dillon_Dillon District,2002-05-01,286.6454108582518
blm_dillon_Dillon District,2002-06-01,292.2065834313536
blm_dillon_Dillon District,2002-07-01,298.9863711226101
blm_dillon_Dillon District,2002-08-01,294.6489064567005
blm_dillon_Dillon District,2002-09-01,290.3218234028679
blm_dillon_Dillon District,2002-10-01,281.0333563953924
blm_dillon_Dillon District,2002-11-01,276.39734602370584
blm_dillon_Dillon District,2002-12-01,272.8870307507987
blm_dillon_Dillon District,2003-01-01,274.90900775555986
blm_dillon_Dillon District,2003-02-01,271.50078520851014
blm_dillon_Dillon District,2003-03-01,277.83785829391724
blm_dillon_Dillon District,2003-04-01,281.37380595344325
blm_dillon_Dillon District,2003-05-01,287.5506029220435
blm_dillon_Dillon District,2003-06-01,292.3347814590405
blm_dillon_Dillon District,2003-07-01,300.5167491583778
blm_dillon_Dillon District,2003-08-01,298.7092858067717
blm_dillon_Dillon District,2003-09-01,291.0752485671363
blm_dillon_Dillon District,2003-10-01,285.8964569579298
blm_dillon_Dillon District,2003-11-01,273.2810182029066
blm_dillon_Dillon District,2003-12-01,272.40889208126373
blm_dillon_Dillon District,2004-01-01,271.27511953530603
blm_dillon_Dillon District,2004-02-01,273.2159347192929
blm_dillon_Dillon District,2004-03-01,281.3229269301929
blm_dillon_Dillon District,2004-04-01,283.9487246577351
blm_dillon_Dillon District,2004-05-01,285.5476862800769
blm_dillon_Dillon District,2004-06-01,291.5824217969998
blm_dillon_Dillon District,2004-07-01,296.7715860092602
blm_dillon_Dillon District,2004-08-01,294.6361370830109
blm_dillon_Dillon District,2004-09-01,288.83476020398615
blm_dillon_Dillon District,2004-10-01,282.98691778700953
blm_dillon_Dillon District,2004-11-01,276.67993848514254
blm_dillon_Dillon District,2004-12-01,273.7605895216092
blm_dillon_Dillon District,2005-01-01,273.3674659802129
blm_dillon_Dillon District,2005-02-01,276.5196963959228
blm_dillon_Dillon District,2005-03-01,278.3605276869509
blm_dillon_Dillon District,2005-04-01,282.07328633561303
blm_dillon_Dillon District,2005-05-01,286.4488531630641
blm_dillon_Dillon District,2005-06-01,289.6776641748203
blm_dillon_Dillon District,2005-07-01,298.4479999188798
blm_dillon_Dillon District,2005-08-01,296.1993176542532
blm_dillon_Dillon District,2005-09-01,290.7637377656687
blm_dillon_Dillon District,2005-10-01,284.6468040978185
blm_dillon_Dillon District,2005-11-01,275.8005026137867
blm_dillon_Dillon District,2005-12-01,271.40568697505864
blm_dillon_Dillon District,2006-01-01,273.19278164702104
blm_dillon_Dillon District,2006-02-01,272.15338201065794
blm_dillon_Dillon District,2006-03-01,276.4221084350976
blm_dillon_Dillon District,2006-04-01,283.1051738897452
blm_dillon_Dillon District,2006-05-01,289.1506234750961
blm_dillon_Dillon District,2006-06-01,294.09947778866314
blm_dillon_Dillon District,2006-07-01,299.82138082973495
blm_dillon_Dillon District,2006-08-01,296.49485727133464
blm_dillon_Dillon District,2006-09-01,291.04496912362094
blm_dillon_Dillon District,2006-10-01,281.79960449998754
blm_dillon_Dillon District,2006-11-01,276.1430523662141
blm_dillon_Dillon District,2006-12-01,273.112963282186
blm_dillon_Dillon District,2007-01-01,270.36481319342175
blm_dillon_Dillon District,2007-02-01,274.7832769131889
blm_dillon_Dillon District,2007-03-01,281.1486798856205
blm_dillon_Dillon District,2007-04-01,283.55581239937976
blm_dillon_Dillon District,2007-05-01,288.94167786619533
blm_dillon_Dillon District,2007-06-01,294.54612791408744
blm_dillon_Dillon District,2007-07-01,301.7325095082243
blm_dillon_Dillon District,2007-08-01,297.5372938844723
blm_dillon_Dillon District,2007-09-01,289.85911204182685
blm_dillon_Dillon District,2007-10-01,282.8078471125886
blm_dillon_Dillon District,2007-11-01,276.8159765664
blm_dillon_Dillon District,2007-12-01,269.52423378453847
blm_dillon_Dillon District,2008-01-01,269.7832259205584
blm_dillon_Dillon District,2008-02-01,274.50728014863716
blm_dillon_Dillon District,2008-03-01,275.3301537461936
blm_dillon_Dillon District,2008-04-01,279.79469861892846
blm_dillon_Dillon District,2008-05-01,286.48998881087135
blm_dillon_Dillon District,2008-06-01,291.67219146631015
blm_dillon_Dillon District,2008-07-01,298.1931608644918
blm_dillon_Dillon District,2008-08-01,297.3113900181584
blm_dillon_Dillon District,2008-09-01,291.0322687021079
blm_dillon_Dillon District,2008-10-01,283.75628825909797
blm_dillon_Dillon District,2008-11-01,278.35238713761106
blm_dillon_Dillon District,2008-12-01,269.64126138412917
blm_dillon_Dillon District,2009-01-01,273.3294079277843
blm_dillon_Dillon District,2009-02-01,274.7697877341566
blm_dillon_Dillon District,2009-03-01,275.83551655242235
blm_dillon_Dillon District,2009-04-01,280.8477977033621
blm_dillon_Dillon District,2009-05-01,289.13455619446387
blm_dillon_Dillon District,2009-06-01,289.9824282320163
blm_dillon_Dillon District,2009-07-01,295.9991177202414
blm_dillon_Dillon District,2009-08-01,295.5094650512305
blm_dillon_Dillon District,2009-09-01,294.5175358293917
blm_dillon_Dillon District,2009-10-01,278.7705224960376
blm_dillon_Dillon District,2009-11-01,276.90892045383634
blm_dillon_Dillon District,2009-12-01,267.8950138957356
blm_dillon_Dillon District,2010-01-01,273.24983623858077
blm_dillon_Dillon District,2010-02-01,273.56348705352684
blm_dillon_Dillon District,2010-03-01,278.9116706628769
blm_dillon_Dillon District,2010-04-01,281.6532228902506
blm_dillon_Dillon District,2010-05-01,283.3520169096633
blm_dillon_Dillon District,2010-06-01,290.1355700020592
blm_dillon_Dillon District,2010-07-01,296.3180729582668
blm_dillon_Dillon District,2010-08-01,294.71964528629195
blm_dillon_Dillon District,2010-09-01,291.90312252349366
blm_dillon_Dillon District,2010-10-01,285.7661731269032
blm_dillon_Dillon District,2010-11-01,274.12893544157475
blm_dillon_Dillon District,2010-12-01,271.3902442225252
blm_dillon_Dillon District,2011-01-01,270.89534970609526
blm_dillon_Dillon District,2011-02-01,270.63427005073135
blm_dillon_Dillon District,2011-03-01,276.049543737832
blm_dillon_Dillon District,2011-04-01,277.82799567566894
blm_dillon_Dillon District,2011-05-01,284.16840172910844
blm_dillon_Dillon District,2011-06-01,289.9590349581295
blm_dillon_Dillon District,2011-07-01,297.6512232381315
blm_dillon_Dillon District,2011-08-01,297.97639926508214
blm_dillon_Dillon District,2011-09-01,294.11888380934255
blm_dillon_Dillon District,2011-10-01,283.9887806657785
blm_dillon_Dillon District,2011-11-01,272.9216828465081
blm_dillon_Dillon District,2011-12-01,270.7374381068416
blm_dillon_Dillon District,2012-01-01,271.963174233726
blm_dillon_Dillon District,2012-02-01,272.49985681113344
blm_dillon_Dillon District,2012-03-01,278.8696236022364
blm_dillon_Dillon District,2012-04-01,283.90836419541233
blm_dillon_Dillon District,2012-05-01,286.65900451855157
blm_dillon_Dillon District,2012-06-01,292.3114162457256
blm_dillon_Dillon District,2012-07-01,300.17672052840453
blm_dillon_Dillon District,2012-08-01,299.52034214007585
blm_dillon_Dillon District,2012-09-01,294.43674142855804
blm_dillon_Dillon District,2012-10-01,284.11309264551716
blm_dillon_Dillon District,2012-11-01,279.3033735866364
blm_dillon_Dillon District,2012-12-01,271.14073166527305
blm_dillon_Dillon District,2013-01-01,270.95161103562424
blm_dillon_Dillon District,2013-02-01,272.2603790380703
blm_dillon_Dillon District,2013-03-01,276.45547356651235
blm_dillon_Dillon District,2013-04-01,279.00500069030176
blm_dillon_Dillon District,2013-05-01,288.342731239392
blm_dillon_Dillon District,2013-06-01,293.6056844205521
blm_dillon_Dillon District,2013-07-01,299.83188517512605
blm_dillon_Dillon District,2013-08-01,298.6969309651433
blm_dillon_Dillon District,2013-09-01,290.95411961954625
blm_dillon_Dillon District,2013-10-01,281.2062000408721
blm_dillon_Dillon District,2013-11-01,275.48649453842603
blm_dillon_Dillon District,2013-12-01,269.3026318242375
blm_dillon_Dillon District,2014-01-01,274.3843678044816
blm_dillon_Dillon District,2014-02-01,270.65641247441596
blm_dillon_Dillon District,2014-03-01,277.7038298488044
blm_dillon_Dillon District,2014-04-01,282.4192669463234
blm_dillon_Dillon District,2014-05-01,288.4559271961736
blm_dillon_Dillon District,2014-06-01,290.67277100779376
blm_dillon_Dillon District,2014-07-01,298.95593729719945
blm_dillon_Dillon District,2014-08-01,294.3623252795527
blm_dillon_Dillon District,2014-09-01,291.10172072340504
blm_dillon_Dillon District,2014-10-01,286.1986169004593
blm_dillon_Dillon District,2014-11-01,274.4195016294242
blm_dillon_Dillon District,2014-12-01,272.88089747809755
blm_dillon_Dillon District,2015-01-01,275.4439061368997
blm_dillon_Dillon District,2015-02-01,276.6353926491052
blm_dillon_Dillon District,2015-03-01,282.4193258364741
blm_dillon_Dillon District,2015-04-01,283.0400639055636
blm_dillon_Dillon District,2015-05-01,286.5174564836886
blm_dillon_Dillon District,2015-06-01,296.4367455820687
blm_dillon_Dillon District,2015-07-01,295.7960260653267
blm_dillon_Dillon District,2015-08-01,296.77734298949804
blm_dillon_Dillon District,2015-09-01,292.3173801994933
blm_dillon_Dillon District,2015-10-01,286.64073164577303
blm_dillon_Dillon District,2015-11-01,273.41142310974317
blm_dillon_Dillon District,2015-12-01,270.6579986864766
blm_dillon_Dillon District,2016-01-01,272.1764706742649
blm_dillon_Dillon District,2016-02-01,276.7827910889452
blm_dillon_Dillon District,2016-03-01,278.46218515219397
blm_dillon_Dillon District,2016-04-01,285.07366340807835
blm_dillon_Dillon District,2016-05-01,286.923773836861
blm_dillon_Dillon District,2016-06-01,296.14045560306636
blm_dillon_Dillon District,2016-07-01,297.6640626365004
blm_dillon_Dillon District,2016-08-01,297.1882261233589
blm_dillon_Dillon District,2016-09-01,289.1432821938024
blm_dillon_Dillon District,2016-10-01,282.61882926770295
blm_dillon_Dillon District,2016-11-01,279.90098810652955
blm_dillon_Dillon District,2016-12-01,267.86190873898636
blm_dillon_Dillon District,2017-01-01,268.2134412869097
blm_dillon_Dillon District,2017-02-01,274.23659716718873
blm_dillon_Dillon District,2017-03-01,280.2685828650721
blm_dillon_Dillon District,2017-04-01,281.5127749312038
blm_dillon_Dillon District,2017-05-01,288.61128733089555
blm_dillon_Dillon District,2017-06-01,293.0825986234525
blm_dillon_Dillon District,2017-07-01,300.3839366973779
blm_dillon_Dillon District,2017-08-01,297.84798078933085
blm_dillon_Dillon District,2017-09-01,289.620136336549
blm_dillon_Dillon District,2017-10-01,281.92118928074456
blm_dillon_Dillon District,2017-11-01,276.2443727340942
blm_dillon_Dillon District,2017-12-01,272.4708232843076
blm_dillon_Dillon District,2018-01-01,273.88805111041086
blm_dillon_Dillon District,2018-02-01,270.94487679088456
blm_dillon_Dillon District,2018-03-01,276.787230860311
blm_dillon_Dillon District,2018-04-01,282.3223363711811
blm_dillon_Dillon District,2018-05-01,289.40885739067494
blm_dillon_Dillon District,2018-06-01,291.609761315489
blm_dillon_Dillon District,2018-07-01,299.10399671073156
blm_dillon_Dillon District,2018-08-01,296.35265791530423
blm_dillon_Dillon District,2018-09-01,291.24875205530526
blm_dillon_Dillon District,2018-10-01,282.36527273159817
blm_dillon_Dillon District,2018-11-01,275.6047769857291
blm_dillon_Dillon District,2018-12-01,271.2562713915548
blm_dillon_Dillon District,2019-01-01,273.47587169123153
blm_dillon_Dillon District,2019-02-01,268.3397560972756
blm_dillon_Dillon District,2019-03-01,275.2768134656425
blm_dillon_Dillon District,2019-04-01,281.75624709449255
blm_dillon_Dillon District,2019-05-01,285.98063533892645
blm_dillon_Dillon District,2019-06-01,291.6776717993398
blm_dillon_Dillon District,2019-07-01,296.9370111337485
blm_dillon_Dillon District,2019-08-01,297.01089348838735
blm_dillon_Dillon District,2019-09-01,289.2946498298036
blm_dillon_Dillon District,2019-10-01,277.88377628996733
blm_dillon_Dillon District,2019-11-01,276.62536989644695
blm_dillon_Dillon District,2019-12-01,271.7741357967876
blm_dillon_Dillon District,2020-01-01,272.0482634230544
blm_dillon_Dillon District,2020-02-01,272.7835451558756
blm_dillon_Dillon District,2020-03-01,277.022704298123
blm_dillon_Dillon District,2020-04-01,281.71269650200304
blm_dillon_Dillon District,2020-05-01,287.7626303773338
blm_dillon_Dillon District,2020-06-01,290.9513227078861
blm_dillon_Dillon District,2020-07-01,297.1197648995981
blm_dillon_Dillon District,2020-08-01,298.0309038741139
blm_dillon_Dillon District,2020-09-01,293.22360350392495
blm_dillon_Dillon District,2020-10-01,283.14497579263804
blm_dillon_Dillon District,2020-11-01,276.52094106460913
blm_dillon_Dillon District,2020-12-01,273.4429621784832
blm_dillon_Dillon District,2021-01-01,272.7156815306447
blm_dillon_Dillon District,2021-02-01,269.810226157679
blm_dillon_Dillon District,2021-03-01,278.36034413298097
blm_dillon_Dillon District,2021-04-01,281.5858656618161
blm_dillon_Dillon District,2021-05-01,286.19861280544876
blm_dillon_Dillon District,2021-06-01,297.3076911121893
blm_dillon_Dillon District,2021-07-01,300.50493866064295
blm_dillon_Dillon District,2021-08-01,295.35216536354335
blm_dillon_Dillon District,2021-09-01,293.3998315390687
blm_dillon_Dillon District,2021-10-01,283.35512956613167
blm_dillon_Dillon District,2021-11-01,278.78776584418057
blm_dillon_Dillon District,2021-12-01,272.8332766011881
blm_dillon_Dillon District,2022-01-01,273.0149580982927
blm_dillon_Dillon District,2022-02-01,272.8762525662066
blm_dillon_Dillon District,2022-03-01,278.4865834196535
blm_dillon_Dillon District,2022-04-01,278.27952533758486
blm_dillon_Dillon District,2022-05-01,283.64529099144494
blm_dillon_Dillon District,2022-06-01,291.16708658724167
blm_dillon_Dillon District,2022-07-01,299.1057716052753
blm_dillon_Dillon District,2022-08-01,299.4205321095622
blm_dillon_Dillon District,2022-09-01,294.9535649796263
blm_dillon_Dillon District,2022-10-01,285.45025677665734
blm_dillon_Dillon District,2022-11-01,271.8987727643583
blm_dillon_Dillon District,2022-12-01,269.6307805752983
blm_dillon_Dillon District,2023-01-01,270.07447400565343
blm_dillon_Dillon District,2023-02-01,271.7865566070849
blm_dillon_Dillon District,2023-03-01,272.66654222384807
blm_dillon_Dillon District,2023-04-01,279.7550330213845
blm_dillon_Dillon District,2023-05-01,289.66322610385885
blm_dillon_Dillon District,2023-06-01,290.194396095154
blm_dillon_Dillon District,2023-07-01,298.44370212737743
blm_dillon_Dillon District,2023-08-01,295.6350178581457
blm_dillon_Dillon District,2023-09-01,290.92226002848565
blm_dillon_Dillon District,2023-10-01,283.2612904509036
blm_dillon_Dillon District,2023-11-01,277.95389369196783
blm_dillon_Dillon District,2023-12-01,275.1827600058656
blm_dillon_Dillon District,2024-01-01,271.52183869090703
blm_dillon_Dillon District,2024-02-01,274.15738683341027
blm_dillon_Dillon District,2024-03-01,277.1530311267597
blm_dillon_Dillon District,2024-04-01,282.92338678037015
blm_dillon_Dillon District,2024-05-01,285.07267005603535
blm_dillon_Dillon District,2024-06-01,294.15555033820885
blm_dillon_Dillon District,2024-07-01,298.8569536398013
blm_dillon_Dillon District,2024-08-01,296.5442274197222
blm_dillon_Dillon District,2024-09-01,293.2015890980681
blm_dillon_Dillon District,2024-10-01,286.6697127369646
blm_dillon_Dillon District,2024-11-01,274.7869927257014
blm_dillon_Dillon District,2024-12-01,274.92669463233824
blm_dillon_Dillon District,2025-01-01,270.23478740655577
blm_dillon_Dillon District,2025-02-01,271.3284345437924
blm_dillon_Dillon District,2025-03-01,278.5977446047262
blm_dillon_Dillon District,2025-04-01,282.4496274515463
blm_dillon_Dillon District,2025-05-01,288.4930765267759
blm_dillon_Dillon District,2025-06-01,293.6095913530539
blm_dillon_Dillon District,2025-07-01,297.99480364619734
blm_dillon_Dillon District,2025-08-01,296.77329696314024
blm_dillon_Dillon District,2025-09-01,293.35472447209463
blm_dillon_Dillon District,2025-10-01,285.5360809423672
blm_lewistown_Lewistown District,1979-01-01,264.40406375297727
blm_lewistown_Lewistown District,1979-02-01,272.04700501278325
blm_lewistown_Lewistown District,1979-03-01,279.62552005113304
blm_lewistown_Lewistown District,1979-04-01,283.2256790703238
blm_lewistown_Lewistown District,1979-05-01,289.32667972246367
blm_lewistown_Lewistown District,1979-06-01,296.88852927192977
blm_lewistown_Lewistown District,1979-07-01,300.1588836476613
blm_lewistown_Lewistown District,1979-08-01,299.64663243274066
blm_lewistown_Lewistown District,1979-09-01,297.5573990595173
blm_lewistown_Lewistown District,1979-10-01,288.75666355646797
blm_lewistown_Lewistown District,1979-11-01,277.90452880355093
blm_lewistown_Lewistown District,1979-12-01,279.598033286231
blm_lewistown_Lewistown District,1980-01-01,269.47704884816187
blm_lewistown_Lewistown District,1980-02-01,275.86614107737626
blm_lewistown_Lewistown District,1980-03-01,277.81393133408767
blm_lewistown_Lewistown District,1980-04-01,289.7181499610424
blm_lewistown_Lewistown District,1980-05-01,292.4402225949291
blm_lewistown_Lewistown District,1980-06-01,294.759276469658
blm_lewistown_Lewistown District,1980-07-01,300.5993885575034
blm_lewistown_Lewistown District,1980-08-01,295.7380603484561
blm_lewistown_Lewistown District,1980-09-01,293.7897784990307
blm_lewistown_Lewistown District,1980-10-01,287.73726679056807
blm_lewistown_Lewistown District,1980-11-01,280.8318471107493
blm_lewistown_Lewistown District,1980-12-01,274.820873070341
blm_lewistown_Lewistown District,1981-01-01,279.1248800476797
blm_lewistown_Lewistown District,1981-02-01,277.69540275000105
blm_lewistown_Lewistown District,1981-03-01,283.21598347354217
blm_lewistown_Lewistown District,1981-04-01,287.05548152855295
blm_lewistown_Lewistown District,1981-05-01,289.05053883234484
blm_lewistown_Lewistown District,1981-06-01,293.0825392907725
blm_lewistown_Lewistown District,1981-07-01,299.417643823101
blm_lewistown_Lewistown District,1981-08-01,301.45144670129775
blm_lewistown_Lewistown District,1981-09-01,295.84589104637956
blm_lewistown_Lewistown District,1981-10-01,285.57756305968786
blm_lewistown_Lewistown District,1981-11-01,282.1699874571157
blm_lewistown_Lewistown District,1981-12-01,273.85728806327836
blm_lewistown_Lewistown District,1982-01-01,267.64286646610515
blm_lewistown_Lewistown District,1982-02-01,273.3076750708821
blm_lewistown_Lewistown District,1982-03-01,277.1685698227395
blm_lewistown_Lewistown District,1982-04-01,282.9646906494208
blm_lewistown_Lewistown District,1982-05-01,288.16466458971195
blm_lewistown_Lewistown District,1982-06-01,294.5304536013129
blm_lewistown_Lewistown District,1982-07-01,298.48536260631647
blm_lewistown_Lewistown District,1982-08-01,300.0552180570467
blm_lewistown_Lewistown District,1982-09-01,291.8845412775164
blm_lewistown_Lewistown District,1982-10-01,286.28291233811814
blm_lewistown_Lewistown District,1982-11-01,276.83603423004865
blm_lewistown_Lewistown District,1982-12-01,274.32714370563644
blm_lewistown_Lewistown District,1983-01-01,278.1837253512774
blm_lewistown_Lewistown District,1983-02-01,280.2826149535225
blm_lewistown_Lewistown District,1983-03-01,280.73041454789
blm_lewistown_Lewistown District,1983-04-01,284.755701988008
blm_lewistown_Lewistown District,1983-05-01,289.63896646082026
blm_lewistown_Lewistown District,1983-06-01,294.6219828612743
blm_lewistown_Lewistown District,1983-07-01,299.3873961629109
blm_lewistown_Lewistown District,1983-08-01,302.71976968717456
blm_lewistown_Lewistown District,1983-09-01,290.70309249050064
blm_lewistown_Lewistown District,1983-10-01,288.2674566766376
blm_lewistown_Lewistown District,1983-11-01,277.8728953208913
blm_lewistown_Lewistown District,1983-12-01,264.8409920463678
blm_lewistown_Lewistown District,1984-01-01,275.83914499747726
blm_lewistown_Lewistown District,1984-02-01,279.8384906555529
blm_lewistown_Lewistown District,1984-03-01,279.14505461259705
blm_lewistown_Lewistown District,1984-04-01,285.3310062006071
blm_lewistown_Lewistown District,1984-05-01,290.69487317630785
blm_lewistown_Lewistown District,1984-06-01,294.68844685177606
blm_lewistown_Lewistown District,1984-07-01,301.6685422972456
blm_lewistown_Lewistown District,1984-08-01,301.6944848861421
blm_lewistown_Lewistown District,1984-09-01,289.61940421417245
blm_lewistown_Lewistown District,1984-10-01,282.8562325971641
blm_lewistown_Lewistown District,1984-11-01,279.0815075091901
blm_lewistown_Lewistown District,1984-12-01,269.4616990778867
blm_lewistown_Lewistown District,1985-01-01,271.84555236934074
blm_lewistown_Lewistown District,1985-02-01,273.04022115099633
blm_lewistown_Lewistown District,1985-03-01,279.101886678878
blm_lewistown_Lewistown District,1985-04-01,288.17327157212037
blm_lewistown_Lewistown District,1985-05-01,293.78815840309034
blm_lewistown_Lewistown District,1985-06-01,296.2458559465421
blm_lewistown_Lewistown District,1985-07-01,303.1991285420226
blm_lewistown_Lewistown District,1985-08-01,296.03774943728644
blm_lewistown_Lewistown District,1985-09-01,286.4164132276076
blm_lewistown_Lewistown District,1985-10-01,285.11496418811373
blm_lewistown_Lewistown District,1985-11-01,266.7199648954559
blm_lewistown_Lewistown District,1985-12-01,274.45054937860124
blm_lewistown_Lewistown District,1986-01-01,279.4157949167649
blm_lewistown_Lewistown District,1986-02-01,272.8144552429922
blm_lewistown_Lewistown District,1986-03-01,284.7274801957643
blm_lewistown_Lewistown District,1986-04-01,285.1124400372874
blm_lewistown_Lewistown District,1986-05-01,291.2458578628208
blm_lewistown_Lewistown District,1986-06-01,298.26557511792174
blm_lewistown_Lewistown District,1986-07-01,297.7913194308101
blm_lewistown_Lewistown District,1986-08-01,300.30659731542136
blm_lewistown_Lewistown District,1986-09-01,287.2599245920814
blm_lewistown_Lewistown District,1986-10-01,288.2899386427745
blm_lewistown_Lewistown District,1986-11-01,277.0722913602862
blm_lewistown_Lewistown District,1986-12-01,277.2395527092953
blm_lewistown_Lewistown District,1987-01-01,277.0260900078776
blm_lewistown_Lewistown District,1987-02-01,279.5301078643
blm_lewistown_Lewistown District,1987-03-01,280.26044920698337
blm_lewistown_Lewistown District,1987-04-01,291.19359609424754
blm_lewistown_Lewistown District,1987-05-01,292.59215965680727
blm_lewistown_Lewistown District,1987-06-01,298.0315948461114
blm_lewistown_Lewistown District,1987-07-01,298.5369338842175
blm_lewistown_Lewistown District,1987-08-01,296.2353355094639
blm_lewistown_Lewistown District,1987-09-01,296.42348760732506
blm_lewistown_Lewistown District,1987-10-01,289.2843525812206
blm_lewistown_Lewistown District,1987-11-01,281.9788506543856
blm_lewistown_Lewistown District,1987-12-01,274.91098510775805
blm_lewistown_Lewistown District,1988-01-01,272.95288584338044
blm_lewistown_Lewistown District,1988-02-01,277.27878005968836
blm_lewistown_Lewistown District,1988-03-01,280.4406207270348
blm_lewistown_Lewistown District,1988-04-01,288.046466757003
blm_lewistown_Lewistown District,1988-05-01,293.594992975662
blm_lewistown_Lewistown District,1988-06-01,301.51451029734187
blm_lewistown_Lewistown District,1988-07-01,302.1748681264093
blm_lewistown_Lewistown District,1988-08-01,300.68902985434397
blm_lewistown_Lewistown District,1988-09-01,293.2383724329262
blm_lewistown_Lewistown District,1988-10-01,289.2760983789896
blm_lewistown_Lewistown District,1988-11-01,278.34158730303346
blm_lewistown_Lewistown District,1988-12-01,275.68462171583457
blm_lewistown_Lewistown District,1989-01-01,274.84979538850564
blm_lewistown_Lewistown District,1989-02-01,266.21683910036836
blm_lewistown_Lewistown District,1989-03-01,277.0314130349712
blm_lewistown_Lewistown District,1989-04-01,284.93701290381705
blm_lewistown_Lewistown District,1989-05-01,289.7222822058532
blm_lewistown_Lewistown District,1989-06-01,295.6533013598317
blm_lewistown_Lewistown District,1989-07-01,301.67665603120804
blm_lewistown_Lewistown District,1989-08-01,296.6997576781588
blm_lewistown_Lewistown District,1989-09-01,293.74998898139773
blm_lewistown_Lewistown District,1989-10-01,285.5296736422796
blm_lewistown_Lewistown District,1989-11-01,280.2112477354293
blm_lewistown_Lewistown District,1989-12-01,273.72147881443
blm_lewistown_Lewistown District,1990-01-01,275.0638442946938
blm_lewistown_Lewistown District,1990-02-01,276.92127440633016
blm_lewistown_Lewistown District,1990-03-01,281.2117368655571
blm_lewistown_Lewistown District,1990-04-01,285.6573239313082
blm_lewistown_Lewistown District,1990-05-01,289.3035537354121
blm_lewistown_Lewistown District,1990-06-01,295.3257138171625
blm_lewistown_Lewistown District,1990-07-01,299.8595643081602
blm_lewistown_Lewistown District,1990-08-01,299.8308572099413
blm_lewistown_Lewistown District,1990-09-01,298.3985438786798
blm_lewistown_Lewistown District,1990-10-01,286.69326033365036
blm_lewistown_Lewistown District,1990-11-01,280.73851186741285
blm_lewistown_Lewistown District,1990-12-01,270.3234347314816
blm_lewistown_Lewistown District,1991-01-01,271.4112848961068
blm_lewistown_Lewistown District,1991-02-01,281.6924980077426
blm_lewistown_Lewistown District,1991-03-01,280.4328914086571
blm_lewistown_Lewistown District,1991-04-01,283.51929773295495
blm_lewistown_Lewistown District,1991-05-01,289.2305247423177
blm_lewistown_Lewistown District,1991-06-01,293.63217477422876
blm_lewistown_Lewistown District,1991-07-01,300.86391908503276
blm_lewistown_Lewistown District,1991-08-01,302.76100981094334
blm_lewistown_Lewistown District,1991-09-01,294.3813147012999
blm_lewistown_Lewistown District,1991-10-01,285.1270314654973
blm_lewistown_Lewistown District,1991-11-01,277.26985763091744
blm_lewistown_Lewistown District,1991-12-01,278.44018890876737
blm_lewistown_Lewistown District,1992-01-01,279.30001452841793
blm_lewistown_Lewistown District,1992-02-01,281.47795960161847
blm_lewistown_Lewistown District,1992-03-01,284.90508715504296
blm_lewistown_Lewistown District,1992-04-01,287.8811730815832
blm_lewistown_Lewistown District,1992-05-01,293.15242311587446
blm_lewistown_Lewistown District,1992-06-01,296.3989489446885
blm_lewistown_Lewistown District,1992-07-01,295.6434155219647
blm_lewistown_Lewistown District,1992-08-01,297.76246394706607
blm_lewistown_Lewistown District,1992-09-01,293.3529403379751
blm_lewistown_Lewistown District,1992-10-01,287.1935066511007
blm_lewistown_Lewistown District,1992-11-01,277.7208840116198
blm_lewistown_Lewistown District,1992-12-01,270.12730069424424
blm_lewistown_Lewistown District,1993-01-01,270.0277903942128
blm_lewistown_Lewistown District,1993-02-01,271.5169593098734
blm_lewistown_Lewistown District,1993-03-01,281.1566013345637
blm_lewistown_Lewistown District,1993-04-01,285.28006413448486
blm_lewistown_Lewistown District,1993-05-01,292.759413861795
blm_lewistown_Lewistown District,1993-06-01,292.1620673093215
blm_lewistown_Lewistown District,1993-07-01,292.5996411869067
blm_lewistown_Lewistown District,1993-08-01,295.1912214803945
blm_lewistown_Lewistown District,1993-09-01,291.25410430748514
blm_lewistown_Lewistown District,1993-10-01,286.7821004242977
blm_lewistown_Lewistown District,1993-11-01,275.58139149028386
blm_lewistown_Lewistown District,1993-12-01,276.52382084818396
blm_lewistown_Lewistown District,1994-01-01,274.88298879763664
blm_lewistown_Lewistown District,1994-02-01,271.48998793988346
blm_lewistown_Lewistown District,1994-03-01,283.51498108834676
blm_lewistown_Lewistown District,1994-04-01,285.8533626168728
blm_lewistown_Lewistown District,1994-05-01,292.163391558732
blm_lewistown_Lewistown District,1994-06-01,295.9056486162854
blm_lewistown_Lewistown District,1994-07-01,300.62095467691677
blm_lewistown_Lewistown District,1994-08-01,300.6000346543867
blm_lewistown_Lewistown District,1994-09-01,297.41361390588963
blm_lewistown_Lewistown District,1994-10-01,284.9216284135983
blm_lewistown_Lewistown District,1994-11-01,276.68739187313616
blm_lewistown_Lewistown District,1994-12-01,275.2741988257448
blm_lewistown_Lewistown District,1995-01-01,276.5224651986986
blm_lewistown_Lewistown District,1995-02-01,276.7870567193605
blm_lewistown_Lewistown District,1995-03-01,279.2351372586699
blm_lewistown_Lewistown District,1995-04-01,282.9327019660212
blm_lewistown_Lewistown District,1995-05-01,289.2280344625571
blm_lewistown_Lewistown District,1995-06-01,293.5461233565053
blm_lewistown_Lewistown District,1995-07-01,297.87856451363905
blm_lewistown_Lewistown District,1995-08-01,299.5245734161991
blm_lewistown_Lewistown District,1995-09-01,293.01654001465516
blm_lewistown_Lewistown District,1995-10-01,284.0753734087491
blm_lewistown_Lewistown District,1995-11-01,280.0495722462605
blm_lewistown_Lewistown District,1995-12-01,274.41071674469845
blm_lewistown_Lewistown District,1996-01-01,268.2986878500402
blm_lewistown_Lewistown District,1996-02-01,275.8004680224865
blm_lewistown_Lewistown District,1996-03-01,274.90727094788423
blm_lewistown_Lewistown District,1996-04-01,285.7471983585762
blm_lewistown_Lewistown District,1996-05-01,286.3961831998707
blm_lewistown_Lewistown District,1996-06-01,296.4841083178866
blm_lewistown_Lewistown District,1996-07-01,300.60904378636224
blm_lewistown_Lewistown District,1996-08-01,301.3562591056855
blm_lewistown_Lewistown District,1996-09-01,291.63749007737465
blm_lewistown_Lewistown District,1996-10-01,285.58163389112957
blm_lewistown_Lewistown District,1996-11-01,273.13877634580587
blm_lewistown_Lewistown District,1996-12-01,270.0513241199776
blm_lewistown_Lewistown District,1997-01-01,270.65917949419116
blm_lewistown_Lewistown District,1997-02-01,276.41188760776885
blm_lewistown_Lewistown District,1997-03-01,280.21722423035527
blm_lewistown_Lewistown District,1997-04-01,281.40130991766324
blm_lewistown_Lewistown District,1997-05-01,291.518596391775
blm_lewistown_Lewistown District,1997-06-01,294.5738731390581
blm_lewistown_Lewistown District,1997-07-01,298.33333965649257
blm_lewistown_Lewistown District,1997-08-01,299.3268166019121
blm_lewistown_Lewistown District,1997-09-01,296.3116512818627
blm_lewistown_Lewistown District,1997-10-01,285.6203664382014
blm_lewistown_Lewistown District,1997-11-01,279.13944654745757
blm_lewistown_Lewistown District,1997-12-01,276.63965054708746
blm_lewistown_Lewistown District,1998-01-01,273.02006812740444
blm_lewistown_Lewistown District,1998-02-01,279.3423913164068
blm_lewistown_Lewistown District,1998-03-01,278.9686037408718
blm_lewistown_Lewistown District,1998-04-01,287.12382624570216
blm_lewistown_Lewistown District,1998-05-01,292.55063462946833
blm_lewistown_Lewistown District,1998-06-01,291.38771809772567
blm_lewistown_Lewistown District,1998-07-01,301.33161509815113
blm_lewistown_Lewistown District,1998-08-01,301.56157915246155
blm_lewistown_Lewistown District,1998-09-01,297.3795374032716
blm_lewistown_Lewistown District,1998-10-01,287.5895541649947
blm_lewistown_Lewistown District,1998-11-01,278.3642762356703
blm_lewistown_Lewistown District,1998-12-01,273.112368479408
blm_lewistown_Lewistown District,1999-01-01,275.3853786408622
blm_lewistown_Lewistown District,1999-02-01,278.3716529335604
blm_lewistown_Lewistown District,1999-03-01,282.61784805302057
blm_lewistown_Lewistown District,1999-04-01,284.2417664061693
blm_lewistown_Lewistown District,1999-05-01,289.12498831742397
blm_lewistown_Lewistown District,1999-06-01,293.50506653991886
blm_lewistown_Lewistown District,1999-07-01,299.25100429811215
blm_lewistown_Lewistown District,1999-08-01,300.5525218361634
blm_lewistown_Lewistown District,1999-09-01,291.4000341047173
blm_lewistown_Lewistown District,1999-10-01,288.03041300646237
blm_lewistown_Lewistown District,1999-11-01,284.454875596198
blm_lewistown_Lewistown District,1999-12-01,278.1330585569037
blm_lewistown_Lewistown District,2000-01-01,274.5973482670386
blm_lewistown_Lewistown District,2000-02-01,277.0092488685215
blm_lewistown_Lewistown District,2000-03-01,281.5698785889546
blm_lewistown_Lewistown District,2000-04-01,287.44918738354403
blm_lewistown_Lewistown District,2000-05-01,290.5126269063947
blm_lewistown_Lewistown District,2000-06-01,295.18670531587804
blm_lewistown_Lewistown District,2000-07-01,302.10521329660713
blm_lewistown_Lewistown District,2000-08-01,301.23117612577676
blm_lewistown_Lewistown District,2000-09-01,292.9945212164322
blm_lewistown_Lewistown District,2000-10-01,286.09496537452554
blm_lewistown_Lewistown District,2000-11-01,274.57332328474905
blm_lewistown_Lewistown District,2000-12-01,271.5567781852317
blm_lewistown_Lewistown District,2001-01-01,276.65568357996625
blm_lewistown_Lewistown District,2001-02-01,271.63205830146705
blm_lewistown_Lewistown District,2001-03-01,280.8655682277233
blm_lewistown_Lewistown District,2001-04-01,284.6873265095435
blm_lewistown_Lewistown District,2001-05-01,293.4019767910414
blm_lewistown_Lewistown District,2001-06-01,294.62050499019136
blm_lewistown_Lewistown District,2001-07-01,300.0321381279208
blm_lewistown_Lewistown District,2001-08-01,303.34925845226815
blm_lewistown_Lewistown District,2001-09-01,296.2898183542649
blm_lewistown_Lewistown District,2001-10-01,285.9186557022805
blm_lewistown_Lewistown District,2001-11-01,282.4917543537851
blm_lewistown_Lewistown District,2001-12-01,274.21499991830603
blm_lewistown_Lewistown District,2002-01-01,274.6601244633075
blm_lewistown_Lewistown District,2002-02-01,277.12364764516923
blm_lewistown_Lewistown District,2002-03-01,272.3509612675706
blm_lewistown_Lewistown District,2002-04-01,283.00332610504057
blm_lewistown_Lewistown District,2002-05-01,288.97362236541943
blm_lewistown_Lewistown District,2002-06-01,294.808906431206
blm_lewistown_Lewistown District,2002-07-01,301.91192159650086
blm_lewistown_Lewistown District,2002-08-01,296.3828134749488
blm_lewistown_Lewistown District,2002-09-01,293.2427219484372
blm_lewistown_Lewistown District,2002-10-01,282.2693828392607
blm_lewistown_Lewistown District,2002-11-01,281.6298393096125
blm_lewistown_Lewistown District,2002-12-01,276.98281557781246
blm_lewistown_Lewistown District,2003-01-01,277.5418115109985
blm_lewistown_Lewistown District,2003-02-01,273.38915170109067
blm_lewistown_Lewistown District,2003-03-01,279.0631605194016
blm_lewistown_Lewistown District,2003-04-01,286.27111797075366
blm_lewistown_Lewistown District,2003-05-01,289.69652002450687
blm_lewistown_Lewistown District,2003-06-01,295.16835941029984
blm_lewistown_Lewistown District,2003-07-01,303.5986523619042
blm_lewistown_Lewistown District,2003-08-01,302.6607032214863
blm_lewistown_Lewistown District,2003-09-01,292.85281739357055
blm_lewistown_Lewistown District,2003-10-01,288.7434386954889
blm_lewistown_Lewistown District,2003-11-01,275.90756818959943
blm_lewistown_Lewistown District,2003-12-01,276.15762130749914
blm_lewistown_Lewistown District,2004-01-01,272.0587405218168
blm_lewistown_Lewistown District,2004-02-01,276.61673914122207
blm_lewistown_Lewistown District,2004-03-01,284.162503750191
blm_lewistown_Lewistown District,2004-04-01,287.4130760115127
blm_lewistown_Lewistown District,2004-05-01,288.10291934295714
blm_lewistown_Lewistown District,2004-06-01,293.05544104296393
blm_lewistown_Lewistown District,2004-07-01,300.0961729578655
blm_lewistown_Lewistown District,2004-08-01,297.80159997165254
blm_lewistown_Lewistown District,2004-09-01,291.86556057101336
blm_lewistown_Lewistown District,2004-10-01,286.10651261758557
blm_lewistown_Lewistown District,2004-11-01,281.141388006691
blm_lewistown_Lewistown District,2004-12-01,277.2955277804598
blm_lewistown_Lewistown District,2005-01-01,273.2612971686949
blm_lewistown_Lewistown District,2005-02-01,279.8230820857799
blm_lewistown_Lewistown District,2005-03-01,280.7522222949138
blm_lewistown_Lewistown District,2005-04-01,285.55482337088074
blm_lewistown_Lewistown District,2005-05-01,289.81303996194066
blm_lewistown_Lewistown District,2005-06-01,293.2680300557886
blm_lewistown_Lewistown District,2005-07-01,301.7298466486236
blm_lewistown_Lewistown District,2005-08-01,298.98023735935186
blm_lewistown_Lewistown District,2005-09-01,293.6485642937713
blm_lewistown_Lewistown District,2005-10-01,287.65259131975523
blm_lewistown_Lewistown District,2005-11-01,279.82059194049504
blm_lewistown_Lewistown District,2005-12-01,273.31813229597884
blm_lewistown_Lewistown District,2006-01-01,279.0959516276804
blm_lewistown_Lewistown District,2006-02-01,275.81514038825554
blm_lewistown_Lewistown District,2006-03-01,278.5977753030141
blm_lewistown_Lewistown District,2006-04-01,287.2117144669491
blm_lewistown_Lewistown District,2006-05-01,292.2813814668017
blm_lewistown_Lewistown District,2006-06-01,296.2472346502045
blm_lewistown_Lewistown District,2006-07-01,303.65173362536524
blm_lewistown_Lewistown District,2006-08-01,299.89103615943867
blm_lewistown_Lewistown District,2006-09-01,293.942655756138
blm_lewistown_Lewistown District,2006-10-01,283.64055601396825
blm_lewistown_Lewistown District,2006-11-01,278.1932507942807
blm_lewistown_Lewistown District,2006-12-01,277.17140923502427
blm_lewistown_Lewistown District,2007-01-01,274.8257426117708
blm_lewistown_Lewistown District,2007-02-01,273.7537768003337
blm_lewistown_Lewistown District,2007-03-01,284.53125718604497
blm_lewistown_Lewistown District,2007-04-01,284.3550759633032
blm_lewistown_Lewistown District,2007-05-01,291.33652523443146
blm_lewistown_Lewistown District,2007-06-01,296.4161930908943
blm_lewistown_Lewistown District,2007-07-01,304.9533735362993
blm_lewistown_Lewistown District,2007-08-01,300.29254691655296
blm_lewistown_Lewistown District,2007-09-01,292.9990519967758
blm_lewistown_Lewistown District,2007-10-01,287.1242163008614
blm_lewistown_Lewistown District,2007-11-01,278.73151014659464
blm_lewistown_Lewistown District,2007-12-01,274.2323877854112
blm_lewistown_Lewistown District,2008-01-01,273.513078408542
blm_lewistown_Lewistown District,2008-02-01,277.0404164013013
blm_lewistown_Lewistown District,2008-03-01,279.1525555912439
blm_lewistown_Lewistown District,2008-04-01,283.79368400100964
blm_lewistown_Lewistown District,2008-05-01,289.4601482957626
blm_lewistown_Lewistown District,2008-06-01,294.20126133495637
blm_lewistown_Lewistown District,2008-07-01,300.35306105512586
blm_lewistown_Lewistown District,2008-08-01,300.12271631693125
blm_lewistown_Lewistown District,2008-09-01,293.12896710025217
blm_lewistown_Lewistown District,2008-10-01,286.96534420970517
blm_lewistown_Lewistown District,2008-11-01,281.625998305539
blm_lewistown_Lewistown District,2008-12-01,269.53837748921234
blm_lewistown_Lewistown District,2009-01-01,274.91736815633016
blm_lewistown_Lewistown District,2009-02-01,276.43650291314697
blm_lewistown_Lewistown District,2009-03-01,278.2970522809902
blm_lewistown_Lewistown District,2009-04-01,283.77398176516294
blm_lewistown_Lewistown District,2009-05-01,291.4141114071295
blm_lewistown_Lewistown District,2009-06-01,293.7883247243114
blm_lewistown_Lewistown District,2009-07-01,298.9170173512645
blm_lewistown_Lewistown District,2009-08-01,298.33088906387167
blm_lewistown_Lewistown District,2009-09-01,297.91007243802284
blm_lewistown_Lewistown District,2009-10-01,280.8647060620164
blm_lewistown_Lewistown District,2009-11-01,281.83992932697066
blm_lewistown_Lewistown District,2009-12-01,268.2072573876913
blm_lewistown_Lewistown District,2010-01-01,274.3639926936665
blm_lewistown_Lewistown District,2010-02-01,274.958446077196
blm_lewistown_Lewistown District,2010-03-01,283.70015197770715
blm_lewistown_Lewistown District,2010-04-01,284.9664621481847
blm_lewistown_Lewistown District,2010-05-01,287.0941810282227
blm_lewistown_Lewistown District,2010-06-01,293.588365004825
blm_lewistown_Lewistown District,2010-07-01,298.4725275567595
blm_lewistown_Lewistown District,2010-08-01,297.88009545219336
blm_lewistown_Lewistown District,2010-09-01,292.1099630370018
blm_lewistown_Lewistown District,2010-10-01,289.621773188451
blm_lewistown_Lewistown District,2010-11-01,275.92398303259637
blm_lewistown_Lewistown District,2010-12-01,273.04862446996407
blm_lewistown_Lewistown District,2011-01-01,273.3002318579512
blm_lewistown_Lewistown District,2011-02-01,271.6035734663585
blm_lewistown_Lewistown District,2011-03-01,278.31022375511816
blm_lewistown_Lewistown District,2011-04-01,281.6908969569226
blm_lewistown_Lewistown District,2011-05-01,287.19999372502787
blm_lewistown_Lewistown District,2011-06-01,292.8485566908517
blm_lewistown_Lewistown District,2011-07-01,300.7686383986204
blm_lewistown_Lewistown District,2011-08-01,301.488506740527
blm_lewistown_Lewistown District,2011-09-01,297.4831314276021
blm_lewistown_Lewistown District,2011-10-01,288.04768797281656
blm_lewistown_Lewistown District,2011-11-01,277.6708007156931
blm_lewistown_Lewistown District,2011-12-01,275.9430354566687
blm_lewistown_Lewistown District,2012-01-01,276.325797839258
blm_lewistown_Lewistown District,2012-02-01,276.12591585512826
blm_lewistown_Lewistown District,2012-03-01,284.10894194623717
blm_lewistown_Lewistown District,2012-04-01,288.0488131141505
blm_lewistown_Lewistown District,2012-05-01,290.0651602486348
blm_lewistown_Lewistown District,2012-06-01,296.256451967366
blm_lewistown_Lewistown District,2012-07-01,304.4081037474611
blm_lewistown_Lewistown District,2012-08-01,302.4556738439259
blm_lewistown_Lewistown District,2012-09-01,297.6738335880751
blm_lewistown_Lewistown District,2012-10-01,285.4689777766138
blm_lewistown_Lewistown District,2012-11-01,281.7690290421108
blm_lewistown_Lewistown District,2012-12-01,274.45253487862493
blm_lewistown_Lewistown District,2013-01-01,274.20052667742294
blm_lewistown_Lewistown District,2013-02-01,276.1165029094489
blm_lewistown_Lewistown District,2013-03-01,280.5249493766245
blm_lewistown_Lewistown District,2013-04-01,283.08038012379296
blm_lewistown_Lewistown District,2013-05-01,291.7811710039337
blm_lewistown_Lewistown District,2013-06-01,295.82390167311974
blm_lewistown_Lewistown District,2013-07-01,302.49419771833743
blm_lewistown_Lewistown District,2013-08-01,301.8435584729908
blm_lewistown_Lewistown District,2013-09-01,295.8444421800232
blm_lewistown_Lewistown District,2013-10-01,284.6827011759765
blm_lewistown_Lewistown District,2013-11-01,278.1626184411497
blm_lewistown_Lewistown District,2013-12-01,271.9027150626092
blm_lewistown_Lewistown District,2014-01-01,276.579776159826
blm_lewistown_Lewistown District,2014-02-01,269.2662894696252
blm_lewistown_Lewistown District,2014-03-01,277.69325507228876
blm_lewistown_Lewistown District,2014-04-01,285.2924166011994
blm_lewistown_Lewistown District,2014-05-01,290.5096269049155
blm_lewistown_Lewistown District,2014-06-01,292.80449087972386
blm_lewistown_Lewistown District,2014-07-01,301.5140864803784
blm_lewistown_Lewistown District,2014-08-01,298.3606825155911
blm_lewistown_Lewistown District,2014-09-01,293.0309915040945
blm_lewistown_Lewistown District,2014-10-01,289.32820160912274
blm_lewistown_Lewistown District,2014-11-01,276.15186088980147
blm_lewistown_Lewistown District,2014-12-01,275.6934586937058
blm_lewistown_Lewistown District,2015-01-01,276.0796678396533
blm_lewistown_Lewistown District,2015-02-01,277.5886167769457
blm_lewistown_Lewistown District,2015-03-01,284.9935741629426
blm_lewistown_Lewistown District,2015-04-01,286.27817823052305
blm_lewistown_Lewistown District,2015-05-01,288.857343837073
blm_lewistown_Lewistown District,2015-06-01,298.33205453110475
blm_lewistown_Lewistown District,2015-07-01,299.2206037474611
blm_lewistown_Lewistown District,2015-08-01,300.32467645483877
blm_lewistown_Lewistown District,2015-09-01,294.3872083171738
blm_lewistown_Lewistown District,2015-10-01,288.9316220337351
blm_lewistown_Lewistown District,2015-11-01,278.1082704418522
blm_lewistown_Lewistown District,2015-12-01,274.5860278424531
blm_lewistown_Lewistown District,2016-01-01,274.8505975780524
blm_lewistown_Lewistown District,2016-02-01,281.30975699838416
blm_lewistown_Lewistown District,2016-03-01,283.3407805160989
blm_lewistown_Lewistown District,2016-04-01,287.2918166630986
blm_lewistown_Lewistown District,2016-05-01,289.6647141440057
blm_lewistown_Lewistown District,2016-06-01,298.1944595963067
blm_lewistown_Lewistown District,2016-07-01,299.64834788875845
blm_lewistown_Lewistown District,2016-08-01,298.7247225615119
blm_lewistown_Lewistown District,2016-09-01,291.54550354121574
blm_lewistown_Lewistown District,2016-10-01,284.9762651322138
blm_lewistown_Lewistown District,2016-11-01,284.2024510246241
blm_lewistown_Lewistown District,2016-12-01,268.432798065715
blm_lewistown_Lewistown District,2017-01-01,270.57392443313114
blm_lewistown_Lewistown District,2017-02-01,275.36290007023666
blm_lewistown_Lewistown District,2017-03-01,281.7423947270466
blm_lewistown_Lewistown District,2017-04-01,285.04216375327314
blm_lewistown_Lewistown District,2017-05-01,292.10130510511425
blm_lewistown_Lewistown District,2017-06-01,296.3679903619252
blm_lewistown_Lewistown District,2017-07-01,304.4979888403327
blm_lewistown_Lewistown District,2017-08-01,300.2233189378222
blm_lewistown_Lewistown District,2017-09-01,293.1303229598558
blm_lewistown_Lewistown District,2017-10-01,285.14933236851505
blm_lewistown_Lewistown District,2017-11-01,278.24467178718737
blm_lewistown_Lewistown District,2017-12-01,272.46994611928693
blm_lewistown_Lewistown District,2018-01-01,275.07184279139
blm_lewistown_Lewistown District,2018-02-01,268.73235431777255
blm_lewistown_Lewistown District,2018-03-01,277.36288970720335
blm_lewistown_Lewistown District,2018-04-01,283.37380966316795
blm_lewistown_Lewistown District,2018-05-01,292.6862882899371
blm_lewistown_Lewistown District,2018-06-01,294.2659370340417
blm_lewistown_Lewistown District,2018-07-01,300.38927763757937
blm_lewistown_Lewistown District,2018-08-01,299.1301819957081
blm_lewistown_Lewistown District,2018-09-01,290.9767252828293
blm_lewistown_Lewistown District,2018-10-01,284.99888602014875
blm_lewistown_Lewistown District,2018-11-01,278.3975160052973
blm_lewistown_Lewistown District,2018-12-01,275.6309663504157
blm_lewistown_Lewistown District,2019-01-01,276.46516620590813
blm_lewistown_Lewistown District,2019-02-01,262.5437641233099
blm_lewistown_Lewistown District,2019-03-01,276.21760031685164
blm_lewistown_Lewistown District,2019-04-01,283.91057763799625
blm_lewistown_Lewistown District,2019-05-01,287.29945368072083
blm_lewistown_Lewistown District,2019-06-01,294.39946193584757
blm_lewistown_Lewistown District,2019-07-01,298.87881774818294
blm_lewistown_Lewistown District,2019-08-01,298.79088382200905
blm_lewistown_Lewistown District,2019-09-01,291.3604598994821
blm_lewistown_Lewistown District,2019-10-01,280.30441538843036
blm_lewistown_Lewistown District,2019-11-01,277.0659056726286
blm_lewistown_Lewistown District,2019-12-01,275.89946092727985
blm_lewistown_Lewistown District,2020-01-01,274.4639369131481
blm_lewistown_Lewistown District,2020-02-01,276.4096621946998
blm_lewistown_Lewistown District,2020-03-01,278.46154093446893
blm_lewistown_Lewistown District,2020-04-01,282.8957566513696
blm_lewistown_Lewistown District,2020-05-01,289.6207471220856
blm_lewistown_Lewistown District,2020-06-01,294.11443864028666
blm_lewistown_Lewistown District,2020-07-01,299.55971343666357
blm_lewistown_Lewistown District,2020-08-01,301.0227061623353
blm_lewistown_Lewistown District,2020-09-01,295.0340778641844
blm_lewistown_Lewistown District,2020-10-01,282.9207079610822
blm_lewistown_Lewistown District,2020-11-01,280.06725809469725
blm_lewistown_Lewistown District,2020-12-01,277.69756846426606
blm_lewistown_Lewistown District,2021-01-01,276.67453900554955
blm_lewistown_Lewistown District,2021-02-01,268.29655750288316
blm_lewistown_Lewistown District,2021-03-01,282.31367625890766
blm_lewistown_Lewistown District,2021-04-01,283.8070744940218
blm_lewistown_Lewistown District,2021-05-01,288.1961511660791
blm_lewistown_Lewistown District,2021-06-01,299.03826497507896
blm_lewistown_Lewistown District,2021-07-01,303.7844909819254
blm_lewistown_Lewistown District,2021-08-01,298.17143053261253
blm_lewistown_Lewistown District,2021-09-01,296.08570189017695
blm_lewistown_Lewistown District,2021-10-01,287.89312196992637
blm_lewistown_Lewistown District,2021-11-01,282.6329099528555
blm_lewistown_Lewistown District,2021-12-01,272.49097820209494
blm_lewistown_Lewistown District,2022-01-01,275.36240169490475
blm_lewistown_Lewistown District,2022-02-01,274.6619399104096
blm_lewistown_Lewistown District,2022-03-01,280.6889483116442
blm_lewistown_Lewistown District,2022-04-01,280.681810383756
blm_lewistown_Lewistown District,2022-05-01,288.1170493514372
blm_lewistown_Lewistown District,2022-06-01,294.08501434116056
blm_lewistown_Lewistown District,2022-07-01,301.5816588531805
blm_lewistown_Lewistown District,2022-08-01,302.5362228944065
blm_lewistown_Lewistown District,2022-09-01,297.7164831600121
blm_lewistown_Lewistown District,2022-10-01,287.9593304061785
blm_lewistown_Lewistown District,2022-11-01,273.6732708997419
blm_lewistown_Lewistown District,2022-12-01,269.04164597141744
blm_lewistown_Lewistown District,2023-01-01,274.66582408958607
blm_lewistown_Lewistown District,2023-02-01,275.41344549189057
blm_lewistown_Lewistown District,2023-03-01,274.37689008111306
blm_lewistown_Lewistown District,2023-04-01,283.3148482398073
blm_lewistown_Lewistown District,2023-05-01,293.00824881479843
blm_lewistown_Lewistown District,2023-06-01,294.2785651675271
blm_lewistown_Lewistown District,2023-07-01,300.7458960034899
blm_lewistown_Lewistown District,2023-08-01,299.9226801312026
blm_lewistown_Lewistown District,2023-09-01,294.96828427704793
blm_lewistown_Lewistown District,2023-10-01,284.3432458926416
blm_lewistown_Lewistown District,2023-11-01,281.5479720191042
blm_lewistown_Lewistown District,2023-12-01,279.97750631766814
blm_lewistown_Lewistown District,2024-01-01,272.07282639705454
blm_lewistown_Lewistown District,2024-02-01,276.2550602615848
blm_lewistown_Lewistown District,2024-03-01,278.2289138327483
blm_lewistown_Lewistown District,2024-04-01,285.72944371741653
blm_lewistown_Lewistown District,2024-05-01,288.0893889447934
blm_lewistown_Lewistown District,2024-06-01,294.7199079702131
blm_lewistown_Lewistown District,2024-07-01,302.0607502022514
blm_lewistown_Lewistown District,2024-08-01,299.3812503630844
blm_lewistown_Lewistown District,2024-09-01,296.5476893680019
blm_lewistown_Lewistown District,2024-10-01,289.9784223577005
blm_lewistown_Lewistown District,2024-11-01,277.78471214401594
blm_lewistown_Lewistown District,2024-12-01,278.0407025403669
blm_lewistown_Lewistown District,2025-01-01,271.9375255924058
blm_lewistown_Lewistown District,2025-02-01,267.8385560191456
blm_lewistown_Lewistown District,2025-03-01,282.0640445458137
blm_lewistown_Lewistown District,2025-04-01,285.268890641406
blm_lewistown_Lewistown District,2025-05-01,291.97473577374893
blm_lewistown_Lewistown District,2025-06-01,295.2159854066303
blm_lewistown_Lewistown District,2025-07-01,299.30648885236826
blm_lewistown_Lewistown District,2025-08-01,299.45381791123475
blm_lewistown_Lewistown District,2025-09-01,297.74213167577693
blm_lewistown_Lewistown District,2025-10-01,289.1802510035921
blm_malta_Malta District,1979-01-01,261.8563056272131
blm_malta_Malta District,1979-02-01,267.1669876676064
blm_malta_Malta District,1979-03-01,278.41285339859894
blm_malta_Malta District,1979-04-01,282.9298143291432
blm_malta_Malta District,1979-05-01,290.0203540896581
blm_malta_Malta District,1979-06-01,298.8185072306085
blm_malta_Malta District,1979-07-01,301.45796889893745
blm_malta_Malta District,1979-08-01,301.13612648464897
blm_malta_Malta District,1979-09-01,298.13327967513897
blm_malta_Malta District,1979-10-01,289.33073281930706
blm_malta_Malta District,1979-11-01,277.8503747370099
blm_malta_Malta District,1979-12-01,278.4159124639046
blm_malta_Malta District,1980-01-01,267.4535665159487
blm_malta_Malta District,1980-02-01,273.6241074902641
blm_malta_Malta District,1980-03-01,277.8235818233216
blm_malta_Malta District,1980-04-01,291.5803727875486
blm_malta_Malta District,1980-05-01,295.11656473034515
blm_malta_Malta District,1980-06-01,297.34312458212554
blm_malta_Malta District,1980-07-01,302.4270860523491
blm_malta_Malta District,1980-08-01,296.8466661410935
blm_malta_Malta District,1980-09-01,294.9836900005034
blm_malta_Malta District,1980-10-01,288.108816477878
blm_malta_Malta District,1980-11-01,281.19539444215303
blm_malta_Malta District,1980-12-01,272.07810828103976
blm_malta_Malta District,1981-01-01,277.1963125911678
blm_malta_Malta District,1981-02-01,276.7912267524815
blm_malta_Malta District,1981-03-01,284.27991739466376
blm_malta_Malta District,1981-04-01,288.6875009889341
blm_malta_Malta District,1981-05-01,291.88949416377534
blm_malta_Malta District,1981-06-01,294.7013251531534
blm_malta_Malta District,1981-07-01,301.20943551480434
blm_malta_Malta District,1981-08-01,303.11413020681124
blm_malta_Malta District,1981-09-01,296.9238772332124
blm_malta_Malta District,1981-10-01,286.4010263238071
blm_malta_Malta District,1981-11-01,282.1304679960207
blm_malta_Malta District,1981-12-01,271.5249063724951
blm_malta_Malta District,1982-01-01,262.6048969204087
blm_malta_Malta District,1982-02-01,269.926351659243
blm_malta_Malta District,1982-03-01,275.77668701145325
blm_malta_Malta District,1982-04-01,284.21757637412196
blm_malta_Malta District,1982-05-01,289.4848866838121
blm_malta_Malta District,1982-06-01,296.52588886196276
blm_malta_Malta District,1982-07-01,299.9502468167206
blm_malta_Malta District,1982-08-01,300.4727377673759
blm_malta_Malta District,1982-09-01,293.2075843230285
blm_malta_Malta District,1982-10-01,287.2087463339083
blm_malta_Malta District,1982-11-01,275.9164846784501
blm_malta_Malta District,1982-12-01,273.6420705296673
blm_malta_Malta District,1983-01-01,275.2708751185659
blm_malta_Malta District,1983-02-01,278.8027676602663
blm_malta_Malta District,1983-03-01,279.85716935830203
blm_malta_Malta District,1983-04-01,286.3671905929081
blm_malta_Malta District,1983-05-01,291.29562720406204
blm_malta_Malta District,1983-06-01,296.76055095153254
blm_malta_Malta District,1983-07-01,301.0382094148866
blm_malta_Malta District,1983-08-01,304.6299027438369
blm_malta_Malta District,1983-09-01,291.89912929592987
blm_malta_Malta District,1983-10-01,289.1426376601622
blm_malta_Malta District,1983-11-01,277.9903263259629
blm_malta_Malta District,1983-12-01,261.09626145464483
blm_malta_Malta District,1984-01-01,274.4943102305223
blm_malta_Malta District,1984-02-01,280.2819145902855
blm_malta_Malta District,1984-03-01,278.3159913888129
blm_malta_Malta District,1984-04-01,287.6090490234163
blm_malta_Malta District,1984-05-01,292.7955576800014
blm_malta_Malta District,1984-06-01,296.9416600211178
blm_malta_Malta District,1984-07-01,303.6199912610081
blm_malta_Malta District,1984-08-01,303.3046247590983
blm_malta_Malta District,1984-09-01,290.2120473296708
blm_malta_Malta District,1984-10-01,283.54216141470516
blm_malta_Malta District,1984-11-01,277.97661294891503
blm_malta_Malta District,1984-12-01,266.51635700373504
blm_malta_Malta District,1985-01-01,269.7221626391251
blm_malta_Malta District,1985-02-01,271.3957628513119
blm_malta_Malta District,1985-03-01,279.9181031322106
blm_malta_Malta District,1985-04-01,288.9658374960602
blm_malta_Malta District,1985-05-01,295.56614515811475
blm_malta_Malta District,1985-06-01,297.3235486508868
blm_malta_Malta District,1985-07-01,304.24235651481666
blm_malta_Malta District,1985-08-01,297.5212941412409
blm_malta_Malta District,1985-09-01,287.35631296789194
blm_malta_Malta District,1985-10-01,285.9193054570899
blm_malta_Malta District,1985-11-01,265.5782085483413
blm_malta_Malta District,1985-12-01,272.65622368373266
blm_malta_Malta District,1986-01-01,277.1200043959118
blm_malta_Malta District,1986-02-01,269.3860421796735
blm_malta_Malta District,1986-03-01,284.5511989518838
blm_malta_Malta District,1986-04-01,285.96952162083466
blm_malta_Malta District,1986-05-01,292.8099816891876
blm_malta_Malta District,1986-06-01,299.50752487282176
blm_malta_Malta District,1986-07-01,299.57315024317427
blm_malta_Malta District,1986-08-01,301.2919741278371
blm_malta_Malta District,1986-09-01,288.09131499195473
blm_malta_Malta District,1986-10-01,288.8557529723245
blm_malta_Malta District,1986-11-01,276.0945867046474
blm_malta_Malta District,1986-12-01,276.53324510492206
blm_malta_Malta District,1987-01-01,276.42300517251044
blm_malta_Malta District,1987-02-01,279.1092218944123
blm_malta_Malta District,1987-03-01,279.60858085934314
blm_malta_Malta District,1987-04-01,292.07562407849923
blm_malta_Malta District,1987-05-01,294.71300300508545
blm_malta_Malta District,1987-06-01,299.9095194494273
blm_malta_Malta District,1987-07-01,300.2895829182907
blm_malta_Malta District,1987-08-01,297.17053689911035
blm_malta_Malta District,1987-09-01,297.1362861012728
blm_malta_Malta District,1987-10-01,289.12915384857587
blm_malta_Malta District,1987-11-01,282.3287610041157
blm_malta_Malta District,1987-12-01,275.18422083379704
blm_malta_Malta District,1988-01-01,271.3874238003021
blm_malta_Malta District,1988-02-01,276.0486252275743
blm_malta_Malta District,1988-03-01,281.76923906974247
blm_malta_Malta District,1988-04-01,289.85762955780496
blm_malta_Malta District,1988-05-01,296.6356703603511
blm_malta_Malta District,1988-06-01,303.6699575098145
blm_malta_Malta District,1988-07-01,303.2024535402727
blm_malta_Malta District,1988-08-01,301.7301647290814
blm_malta_Malta District,1988-09-01,294.21439490664676
blm_malta_Malta District,1988-10-01,289.1526591071568
blm_malta_Malta District,1988-11-01,278.14163247830663
blm_malta_Malta District,1988-12-01,273.8986010325375
blm_malta_Malta District,1989-01-01,273.16854942026424
blm_malta_Malta District,1989-02-01,264.58944882678696
blm_malta_Malta District,1989-03-01,275.60373370820616
blm_malta_Malta District,1989-04-01,285.6199781725644
blm_malta_Malta District,1989-05-01,291.6234118713405
blm_malta_Malta District,1989-06-01,297.509437438248
blm_malta_Malta District,1989-07-01,302.9746159125847
blm_malta_Malta District,1989-08-01,298.6006059352083
blm_malta_Malta District,1989-09-01,294.6819237986561
blm_malta_Malta District,1989-10-01,286.96778405028977
blm_malta_Malta District,1989-11-01,279.39017873185776
blm_malta_Malta District,1989-12-01,271.64869585074564
blm_malta_Malta District,1990-01-01,274.2634576612475
blm_malta_Malta District,1990-02-01,276.0975542504044
blm_malta_Malta District,1990-03-01,281.68334324435597
blm_malta_Malta District,1990-04-01,286.454592511881
blm_malta_Malta District,1990-05-01,291.53565980331337
blm_malta_Malta District,1990-06-01,297.3167956179253
blm_malta_Malta District,1990-07-01,300.9012192920687
blm_malta_Malta District,1990-08-01,301.39928513602
blm_malta_Malta District,1990-09-01,299.37048136083496
blm_malta_Malta District,1990-10-01,287.77432044561453
blm_malta_Malta District,1990-11-01,280.0901645695245
blm_malta_Malta District,1990-12-01,269.2741993708733
blm_malta_Malta District,1991-01-01,268.8154100150116
blm_malta_Malta District,1991-02-01,280.93588370331065
blm_malta_Malta District,1991-03-01,281.1162405988868
blm_malta_Malta District,1991-04-01,285.6704212137283
blm_malta_Malta District,1991-05-01,291.5651306643492
blm_malta_Malta District,1991-06-01,295.47043784507827
blm_malta_Malta District,1991-07-01,301.62009713669454
blm_malta_Malta District,1991-08-01,303.7623798093261
blm_malta_Malta District,1991-09-01,295.2629608910931
blm_malta_Malta District,1991-10-01,285.56327221154027
blm_malta_Malta District,1991-11-01,277.1439257369139
blm_malta_Malta District,1991-12-01,277.61560284920284
blm_malta_Malta District,1992-01-01,279.2437299651237
blm_malta_Malta District,1992-02-01,280.4538136565618
blm_malta_Malta District,1992-03-01,285.5743410459753
blm_malta_Malta District,1992-04-01,289.1450695022908
blm_malta_Malta District,1992-05-01,295.00497751787674
blm_malta_Malta District,1992-06-01,297.9292933666068
blm_malta_Malta District,1992-07-01,296.7573733933338
blm_malta_Malta District,1992-08-01,298.43598394406365
blm_malta_Malta District,1992-09-01,294.07219941287315
blm_malta_Malta District,1992-10-01,287.1719738469532
blm_malta_Malta District,1992-11-01,277.55537052826554
blm_malta_Malta District,1992-12-01,268.8765794539151
blm_malta_Malta District,1993-01-01,267.1800874143437
blm_malta_Malta District,1993-02-01,269.46385013668265
blm_malta_Malta District,1993-03-01,280.9456613680859
blm_malta_Malta District,1993-04-01,287.2738973477344
blm_malta_Malta District,1993-05-01,294.2178134262795
blm_malta_Malta District,1993-06-01,294.3794526858867
blm_malta_Malta District,1993-07-01,294.2940738673001
blm_malta_Malta District,1993-08-01,296.93291536773376
blm_malta_Malta District,1993-09-01,292.32934331375395
blm_malta_Malta District,1993-10-01,287.8079094540404
blm_malta_Malta District,1993-11-01,275.5582904724413
blm_malta_Malta District,1993-12-01,275.64480999004536
blm_malta_Malta District,1994-01-01,269.7201931867562
blm_malta_Malta District,1994-02-01,267.45291655392373
blm_malta_Malta District,1994-03-01,283.6227829291438
blm_malta_Malta District,1994-04-01,287.37616300645107
blm_malta_Malta District,1994-05-01,293.92603581093766
blm_malta_Malta District,1994-06-01,297.15345668585314
blm_malta_Malta District,1994-07-01,302.39574432704904
blm_malta_Malta District,1994-08-01,301.4846993637583
blm_malta_Malta District,1994-09-01,298.3903196715645
blm_malta_Malta District,1994-10-01,285.8627468140657
blm_malta_Malta District,1994-11-01,277.4536719004866
blm_malta_Malta District,1994-12-01,274.39911547076343
blm_malta_Malta District,1995-01-01,273.10163276742054
blm_malta_Malta District,1995-02-01,276.7430560629282
blm_malta_Malta District,1995-03-01,279.7166154221796
blm_malta_Malta District,1995-04-01,283.8625298989965
blm_malta_Malta District,1995-05-01,291.72965868020276
blm_malta_Malta District,1995-06-01,296.054143108353
blm_malta_Malta District,1995-07-01,299.00212083893683
blm_malta_Malta District,1995-08-01,300.3008017985911
blm_malta_Malta District,1995-09-01,294.44516389439445
blm_malta_Malta District,1995-10-01,285.3780836691904
blm_malta_Malta District,1995-11-01,278.19549889085397
blm_malta_Malta District,1995-12-01,270.35433496024723
blm_malta_Malta District,1996-01-01,264.21923072154544
blm_malta_Malta District,1996-02-01,274.3144942354565
blm_malta_Malta District,1996-03-01,273.4778478887093
blm_malta_Malta District,1996-04-01,286.7252568082739
blm_malta_Malta District,1996-05-01,287.8275126307464
blm_malta_Malta District,1996-06-01,298.04809456153663
blm_malta_Malta District,1996-07-01,301.5652879579734
blm_malta_Malta District,1996-08-01,303.0111465288173
blm_malta_Malta District,1996-09-01,291.8097688028635
blm_malta_Malta District,1996-10-01,285.95827716098967
blm_malta_Malta District,1996-11-01,270.5399652309343
blm_malta_Malta District,1996-12-01,266.8615518099539
blm_malta_Malta District,1997-01-01,267.3868037054154
blm_malta_Malta District,1997-02-01,275.4039907965675
blm_malta_Malta District,1997-03-01,279.31058596776535
blm_malta_Malta District,1997-04-01,283.31589523653923
blm_malta_Malta District,1997-05-01,292.7038532338385
blm_malta_Malta District,1997-06-01,297.1723738210312
blm_malta_Malta District,1997-07-01,300.25862310740575
blm_malta_Malta District,1997-08-01,301.36142344763095
blm_malta_Malta District,1997-09-01,297.7964027275361
blm_malta_Malta District,1997-10-01,286.73785301497213
blm_malta_Malta District,1997-11-01,278.42576693368505
blm_malta_Malta District,1997-12-01,276.5470176587265
blm_malta_Malta District,1998-01-01,270.03234352885045
blm_malta_Malta District,1998-02-01,278.7423865213349
blm_malta_Malta District,1998-03-01,277.9405442180194
blm_malta_Malta District,1998-04-01,289.0829792993387
blm_malta_Malta District,1998-05-01,294.71390694397957
blm_malta_Malta District,1998-06-01,293.86673174074497
blm_malta_Malta District,1998-07-01,302.906915127894
blm_malta_Malta District,1998-08-01,303.41953588537984
blm_malta_Malta District,1998-09-01,298.4580746153325
blm_malta_Malta District,1998-10-01,288.15799293335544
blm_malta_Malta District,1998-11-01,277.8833927786729
blm_malta_Malta District,1998-12-01,271.7763507340254
blm_malta_Malta District,1999-01-01,272.50138836396474
blm_malta_Malta District,1999-02-01,277.8321646764622
blm_malta_Malta District,1999-03-01,282.3281999864284
blm_malta_Malta District,1999-04-01,286.12814992114016
blm_malta_Malta District,1999-05-01,290.76060594025256
blm_malta_Malta District,1999-06-01,295.2186473698759
blm_malta_Malta District,1999-07-01,299.80236777247114
blm_malta_Malta District,1999-08-01,301.86423961345713
blm_malta_Malta District,1999-09-01,292.26326941199386
blm_malta_Malta District,1999-10-01,288.234136195637
blm_malta_Malta District,1999-11-01,283.91756862326775
blm_malta_Malta District,1999-12-01,278.5593499527542
blm_malta_Malta District,2000-01-01,272.35709565947917
blm_malta_Malta District,2000-02-01,275.556210511661
blm_malta_Malta District,2000-03-01,282.0096185459371
blm_malta_Malta District,2000-04-01,288.12054524332507
blm_malta_Malta District,2000-05-01,292.72987857534866
blm_malta_Malta District,2000-06-01,296.28743098434444
blm_malta_Malta District,2000-07-01,303.16097682639275
blm_malta_Malta District,2000-08-01,302.2167801825883
blm_malta_Malta District,2000-09-01,294.09192904704236
blm_malta_Malta District,2000-10-01,287.1099723693131
blm_malta_Malta District,2000-11-01,274.75155218853644
blm_malta_Malta District,2000-12-01,268.31349530578854
blm_malta_Malta District,2001-01-01,275.35297392803255
blm_malta_Malta District,2001-02-01,268.93221976208446
blm_malta_Malta District,2001-03-01,280.9831105846589
blm_malta_Malta District,2001-04-01,286.43760187348994
blm_malta_Malta District,2001-05-01,295.0279285618407
blm_malta_Malta District,2001-06-01,296.0566998614908
blm_malta_Malta District,2001-07-01,301.8724639746561
blm_malta_Malta District,2001-08-01,304.72361608026546
blm_malta_Malta District,2001-09-01,297.1889931312485
blm_malta_Malta District,2001-10-01,286.919873158379
blm_malta_Malta District,2001-11-01,282.374820299385
blm_malta_Malta District,2001-12-01,273.54018719023134
blm_malta_Malta District,2002-01-01,273.86601874578406
blm_malta_Malta District,2002-02-01,277.22030465755324
blm_malta_Malta District,2002-03-01,269.4098120810105
blm_malta_Malta District,2002-04-01,283.6975009979606
blm_malta_Malta District,2002-05-01,290.28862830481876
blm_malta_Malta District,2002-06-01,296.2429584438462
blm_malta_Malta District,2002-07-01,302.8684471432361
blm_malta_Malta District,2002-08-01,297.35871844729326
blm_malta_Malta District,2002-09-01,294.13857633998055
blm_malta_Malta District,2002-10-01,282.0358641542731
blm_malta_Malta District,2002-11-01,281.89897636954504
blm_malta_Malta District,2002-12-01,276.7656070332571
blm_malta_Malta District,2003-01-01,274.3069504600548
blm_malta_Malta District,2003-02-01,271.8182851783915
blm_malta_Malta District,2003-03-01,278.35740437949414
blm_malta_Malta District,2003-04-01,287.7545869287173
blm_malta_Malta District,2003-05-01,291.1288515864999
blm_malta_Malta District,2003-06-01,296.5947745888583
blm_malta_Malta District,2003-07-01,304.33663766536574
blm_malta_Malta District,2003-08-01,303.9477522867874
blm_malta_Malta District,2003-09-01,293.6000780567702
blm_malta_Malta District,2003-10-01,289.65796859495634
blm_malta_Malta District,2003-11-01,273.94082496248154
blm_malta_Malta District,2003-12-01,274.39062299558316
blm_malta_Malta District,2004-01-01,268.0446533296045
blm_malta_Malta District,2004-02-01,273.1848527693448
blm_malta_Malta District,2004-03-01,283.04083273855696
blm_malta_Malta District,2004-04-01,288.6843402957128
blm_malta_Malta District,2004-05-01,289.4639746428262
blm_malta_Malta District,2004-06-01,294.4634719722527
blm_malta_Malta District,2004-07-01,300.8793305359285
blm_malta_Malta District,2004-08-01,298.08713671205976
blm_malta_Malta District,2004-09-01,293.30211737302136
blm_malta_Malta District,2004-10-01,286.21895210096864
blm_malta_Malta District,2004-11-01,280.972673566303
blm_malta_Malta District,2004-12-01,275.74257807588515
blm_malta_Malta District,2005-01-01,269.68954934364507
blm_malta_Malta District,2005-02-01,278.9968681119742
blm_malta_Malta District,2005-03-01,281.0515419792849
blm_malta_Malta District,2005-04-01,287.64718131471477
blm_malta_Malta District,2005-05-01,291.4336062875609
blm_malta_Malta District,2005-06-01,294.9066295582297
blm_malta_Malta District,2005-07-01,302.5521908594557
blm_malta_Malta District,2005-08-01,299.9845594528085
blm_malta_Malta District,2005-09-01,294.51378857586474
blm_malta_Malta District,2005-10-01,287.6282676706733
blm_malta_Malta District,2005-11-01,280.1552509707749
blm_malta_Malta District,2005-12-01,271.47087658006456
blm_malta_Malta District,2006-01-01,278.4870612437749
blm_malta_Malta District,2006-02-01,274.6149115908815
blm_malta_Malta District,2006-03-01,277.3230479847301
blm_malta_Malta District,2006-04-01,288.9851007581846
blm_malta_Malta District,2006-05-01,293.6645933917005
blm_malta_Malta District,2006-06-01,297.57436853701677
blm_malta_Malta District,2006-07-01,304.9420421877442
blm_malta_Malta District,2006-08-01,301.4383878239138
blm_malta_Malta District,2006-09-01,294.53170201590706
blm_malta_Malta District,2006-10-01,283.67722161597095
blm_malta_Malta District,2006-11-01,277.81247266824994
blm_malta_Malta District,2006-12-01,275.4711700346533
blm_malta_Malta District,2007-01-01,273.69538158600926
blm_malta_Malta District,2007-02-01,270.82742912886505
blm_malta_Malta District,2007-03-01,284.6390928489947
blm_malta_Malta District,2007-04-01,284.8649362014034
blm_malta_Malta District,2007-05-01,292.4584672819173
blm_malta_Malta District,2007-06-01,297.5280884373131
blm_malta_Malta District,2007-07-01,305.92887480853176
blm_malta_Malta District,2007-08-01,301.0381447293023
blm_malta_Malta District,2007-09-01,293.5475932383029
blm_malta_Malta District,2007-10-01,287.77704814497724
blm_malta_Malta District,2007-11-01,278.76044990104816
blm_malta_Malta District,2007-12-01,273.4747105847757
blm_malta_Malta District,2008-01-01,272.0166561529915
blm_malta_Malta District,2008-02-01,274.3869125014442
blm_malta_Malta District,2008-03-01,280.1383609315425
blm_malta_Malta District,2008-04-01,285.341002913546
blm_malta_Malta District,2008-05-01,291.1611410226444
blm_malta_Malta District,2008-06-01,295.4020699479882
blm_malta_Malta District,2008-07-01,301.29382037494224
blm_malta_Malta District,2008-08-01,301.37742989744606
blm_malta_Malta District,2008-09-01,293.9050630334669
blm_malta_Malta District,2008-10-01,287.4330226239457
blm_malta_Malta District,2008-11-01,281.0161348585981
blm_malta_Malta District,2008-12-01,267.120612112529
blm_malta_Malta District,2009-01-01,271.3565345621462
blm_malta_Malta District,2009-02-01,271.9767944548326
blm_malta_Malta District,2009-03-01,276.98336937345596
blm_malta_Malta District,2009-04-01,285.0355294432107
blm_malta_Malta District,2009-05-01,292.42437806529756
blm_malta_Malta District,2009-06-01,295.6345765925636
blm_malta_Malta District,2009-07-01,299.94590941135027
blm_malta_Malta District,2009-08-01,299.17709521824196
blm_malta_Malta District,2009-09-01,298.91165523520755
blm_malta_Malta District,2009-10-01,281.4110775649314
blm_malta_Malta District,2009-11-01,282.3205494194147
blm_malta_Malta District,2009-12-01,264.5668061112466
blm_malta_Malta District,2010-01-01,270.0480223295221
blm_malta_Malta District,2010-02-01,270.75845422533195
blm_malta_Malta District,2010-03-01,281.88068929824067
blm_malta_Malta District,2010-04-01,286.22642417532717
blm_malta_Malta District,2010-05-01,288.5530203561671
blm_malta_Malta District,2010-06-01,295.28595708753295
blm_malta_Malta District,2010-07-01,299.49895526077916
blm_malta_Malta District,2010-08-01,299.3096080844741
blm_malta_Malta District,2010-09-01,292.07037399311906
blm_malta_Malta District,2010-10-01,290.01359836865424
blm_malta_Malta District,2010-11-01,275.37139121342244
blm_malta_Malta District,2010-12-01,269.0470644771249
blm_malta_Malta District,2011-01-01,270.5538145100982
blm_malta_Malta District,2011-02-01,269.1100582141055
blm_malta_Malta District,2011-03-01,273.6717567062212
blm_malta_Malta District,2011-04-01,280.9647587016646
blm_malta_Malta District,2011-05-01,288.74633451231983
blm_malta_Malta District,2011-06-01,294.4629998258945
blm_malta_Malta District,2011-07-01,301.40274171966115
blm_malta_Malta District,2011-08-01,302.24140570442694
blm_malta_Malta District,2011-09-01,297.8417863219445
blm_malta_Malta District,2011-10-01,289.2285867950718
blm_malta_Malta District,2011-11-01,277.93033408371974
blm_malta_Malta District,2011-12-01,275.5280393556493
blm_malta_Malta District,2012-01-01,275.32914802912995
blm_malta_Malta District,2012-02-01,275.87022539946037
blm_malta_Malta District,2012-03-01,284.8817093937539
blm_malta_Malta District,2012-04-01,288.7892896429048
blm_malta_Malta District,2012-05-01,291.42876130676933
blm_malta_Malta District,2012-06-01,297.01189126922753
blm_malta_Malta District,2012-07-01,304.9300593790566
blm_malta_Malta District,2012-08-01,303.1832457978397
blm_malta_Malta District,2012-09-01,298.07599320977914
blm_malta_Malta District,2012-10-01,284.9717156408973
blm_malta_Malta District,2012-11-01,279.53217134147997
blm_malta_Malta District,2012-12-01,272.43845454710055
blm_malta_Malta District,2013-01-01,271.8548336618099
blm_malta_Malta District,2013-02-01,274.02943125057345
blm_malta_Malta District,2013-03-01,277.0772980585882
blm_malta_Malta District,2013-04-01,283.1155547431989
blm_malta_Malta District,2013-05-01,293.0759572497447
blm_malta_Malta District,2013-06-01,296.3544017431683
blm_malta_Malta District,2013-07-01,301.7784140289426
blm_malta_Malta District,2013-08-01,302.3758992265234
blm_malta_Malta District,2013-09-01,296.972913585263
blm_malta_Malta District,2013-10-01,285.5085857336601
blm_malta_Malta District,2013-11-01,277.01886992518826
blm_malta_Malta District,2013-12-01,270.20495779361863
blm_malta_Malta District,2014-01-01,274.38600128824265
blm_malta_Malta District,2014-02-01,268.59755948710927
blm_malta_Malta District,2014-03-01,276.1688868392805
blm_malta_Malta District,2014-04-01,286.3361424151168
blm_malta_Malta District,2014-05-01,291.88556593819874
blm_malta_Malta District,2014-06-01,294.09492099756983
blm_malta_Malta District,2014-07-01,302.2568977757504
blm_malta_Malta District,2014-08-01,299.5817318618064
blm_malta_Malta District,2014-09-01,293.6082666238633
blm_malta_Malta District,2014-10-01,289.6323786764987
blm_malta_Malta District,2014-11-01,274.50327461312366
blm_malta_Malta District,2014-12-01,274.20171444807016
blm_malta_Malta District,2015-01-01,273.5334078210911
blm_malta_Malta District,2015-02-01,274.7810547950217
blm_malta_Malta District,2015-03-01,284.91825905858354
blm_malta_Malta District,2015-04-01,287.26776154905156
blm_malta_Malta District,2015-05-01,290.79727233249554
blm_malta_Malta District,2015-06-01,299.4284572792136
blm_malta_Malta District,2015-07-01,300.7330425074952
blm_malta_Malta District,2015-08-01,301.38425248765384
blm_malta_Malta District,2015-09-01,294.6772938347112
blm_malta_Malta District,2015-10-01,289.0135561497951
blm_malta_Malta District,2015-11-01,278.39896267048425
blm_malta_Malta District,2015-12-01,273.2406846387016
blm_malta_Malta District,2016-01-01,272.2021972271296
blm_malta_Malta District,2016-02-01,280.7837561648428
blm_malta_Malta District,2016-03-01,284.56161647695416
blm_malta_Malta District,2016-04-01,288.36324000016356
blm_malta_Malta District,2016-05-01,291.7717753273863
blm_malta_Malta District,2016-06-01,298.85186672667
blm_malta_Malta District,2016-07-01,300.11221837147053
blm_malta_Malta District,2016-08-01,299.55465987621574
blm_malta_Malta District,2016-09-01,292.8067427175156
blm_malta_Malta District,2016-10-01,284.42809067668475
blm_malta_Malta District,2016-11-01,283.83023265757316
blm_malta_Malta District,2016-12-01,267.40628599322014
blm_malta_Malta District,2017-01-01,268.91415559255125
blm_malta_Malta District,2017-02-01,274.17595448603885
blm_malta_Malta District,2017-03-01,280.53504064426363
blm_malta_Malta District,2017-04-01,286.28421494399737
blm_malta_Malta District,2017-05-01,294.049179150157
blm_malta_Malta District,2017-06-01,298.1931441258534
blm_malta_Malta District,2017-07-01,305.48964911847077
blm_malta_Malta District,2017-08-01,301.2129789587206
blm_malta_Malta District,2017-09-01,294.5196765967689
blm_malta_Malta District,2017-10-01,285.96170639296935
blm_malta_Malta District,2017-11-01,277.22978679031434
blm_malta_Malta District,2017-12-01,271.39041852515487
blm_malta_Malta District,2018-01-01,271.39091197010123
blm_malta_Malta District,2018-02-01,265.35262930771745
blm_malta_Malta District,2018-03-01,274.4088911643076
blm_malta_Malta District,2018-04-01,282.55198589124177
blm_malta_Malta District,2018-05-01,295.2749027751642
blm_malta_Malta District,2018-06-01,296.63524651911115
blm_malta_Malta District,2018-07-01,301.9880419677628
blm_malta_Malta District,2018-08-01,300.78014630968545
blm_malta_Malta District,2018-09-01,290.80852964848424
blm_malta_Malta District,2018-10-01,285.53690589350583
blm_malta_Malta District,2018-11-01,277.4617134615254
blm_malta_Malta District,2018-12-01,274.46781571609347
blm_malta_Malta District,2019-01-01,274.94957281496795
blm_malta_Malta District,2019-02-01,259.30009417971513
blm_malta_Malta District,2019-03-01,275.3492016354661
blm_malta_Malta District,2019-04-01,285.95897277327606
blm_malta_Malta District,2019-05-01,289.46665308795946
blm_malta_Malta District,2019-06-01,296.57252917926485
blm_malta_Malta District,2019-07-01,300.36045315723
blm_malta_Malta District,2019-08-01,299.4921209161932
blm_malta_Malta District,2019-09-01,292.34684040588934
blm_malta_Malta District,2019-10-01,281.4903980203689
blm_malta_Malta District,2019-11-01,275.82474362845005
blm_malta_Malta District,2019-12-01,273.28272173974034
blm_malta_Malta District,2020-01-01,271.3493433849041
blm_malta_Malta District,2020-02-01,275.74181649040895
blm_malta_Malta District,2020-03-01,277.95522302044327
blm_malta_Malta District,2020-04-01,284.09946841538186
blm_malta_Malta District,2020-05-01,291.69782863382983
blm_malta_Malta District,2020-06-01,296.2376227393364
blm_malta_Malta District,2020-07-01,300.9435440269228
blm_malta_Malta District,2020-08-01,302.5022791214952
blm_malta_Malta District,2020-09-01,294.8168298058429
blm_malta_Malta District,2020-10-01,282.2941769155641
blm_malta_Malta District,2020-11-01,278.7471125379963
blm_malta_Malta District,2020-12-01,276.0699288997509
blm_malta_Malta District,2021-01-01,275.6983314371462
blm_malta_Malta District,2021-02-01,266.9478368174257
blm_malta_Malta District,2021-03-01,283.3096937434266
blm_malta_Malta District,2021-04-01,285.20295481040927
blm_malta_Malta District,2021-05-01,289.46843589726296
blm_malta_Malta District,2021-06-01,300.57661285997733
blm_malta_Malta District,2021-07-01,305.08634514661395
blm_malta_Malta District,2021-08-01,299.3808008354091
blm_malta_Malta District,2021-09-01,297.1516653942823
blm_malta_Malta District,2021-10-01,289.00748304555395
blm_malta_Malta District,2021-11-01,282.14321154726747
blm_malta_Malta District,2021-12-01,269.2444815086043
blm_malta_Malta District,2022-01-01,273.10605265918946
blm_malta_Malta District,2022-02-01,273.78706514508684
blm_malta_Malta District,2022-03-01,280.4927699556554
blm_malta_Malta District,2022-04-01,281.99553480310095
blm_malta_Malta District,2022-05-01,290.6866563993622
blm_malta_Malta District,2022-06-01,295.7410939313267
blm_malta_Malta District,2022-07-01,302.5100433561998
blm_malta_Malta District,2022-08-01,303.84346754979236
blm_malta_Malta District,2022-09-01,298.8244738551833
blm_malta_Malta District,2022-10-01,289.0061890750203
blm_malta_Malta District,2022-11-01,272.9826380931693
blm_malta_Malta District,2022-12-01,265.4733559972258
blm_malta_Malta District,2023-01-01,272.25755411606866
blm_malta_Malta District,2023-02-01,273.9525792941989
blm_malta_Malta District,2023-03-01,271.4942921774965
blm_malta_Malta District,2023-04-01,283.15329198517867
blm_malta_Malta District,2023-05-01,295.20119841029305
blm_malta_Malta District,2023-06-01,297.23281949289265
blm_malta_Malta District,2023-07-01,302.09503256792397
blm_malta_Malta District,2023-08-01,301.6346568887054
blm_malta_Malta District,2023-09-01,296.2785391589775
blm_malta_Malta District,2023-10-01,284.67551960059484
blm_malta_Malta District,2023-11-01,280.5968137975878
blm_malta_Malta District,2023-12-01,279.06369240898937
blm_malta_Malta District,2024-01-01,269.2528139954808
blm_malta_Malta District,2024-02-01,275.54022743785936
blm_malta_Malta District,2024-03-01,276.97826786713273
blm_malta_Malta District,2024-04-01,287.3866833607598
blm_malta_Malta District,2024-05-01,289.7933700647806
blm_malta_Malta District,2024-06-01,295.5056591855282
blm_malta_Malta District,2024-07-01,303.4152667164647
blm_malta_Malta District,2024-08-01,300.30780302083406
blm_malta_Malta District,2024-09-01,297.6808103318316
blm_malta_Malta District,2024-10-01,290.3726157594526
blm_malta_Malta District,2024-11-01,276.43623808022426
blm_malta_Malta District,2024-12-01,274.51691322940593
blm_malta_Malta District,2025-01-01,270.8858128597862
blm_malta_Malta District,2025-02-01,265.4528662908487
blm_malta_Malta District,2025-03-01,282.34154317689075
blm_malta_Malta District,2025-04-01,286.8127576538458
blm_malta_Malta District,2025-05-01,293.77857142212395
blm_malta_Malta District,2025-06-01,296.79206393500317
blm_malta_Malta District,2025-07-01,300.1644998810093
blm_malta_Malta District,2025-08-01,300.1074337289353
blm_malta_Malta District,2025-09-01,298.89959406842354
blm_malta_Malta District,2025-10-01,290.9034726481792
blm_miles-city_Miles City District,1979-01-01,261.8037557872551
blm_miles-city_Miles City District,1979-02-01,267.9378902422313
blm_miles-city_Miles City District,1979-03-01,277.755385893563
blm_miles-city_Miles City District,1979-04-01,284.1339103447593
blm_miles-city_Miles City District,1979-05-01,291.1446404559929
blm_miles-city_Miles City District,1979-06-01,300.47918900350163
blm_miles-city_Miles City District,1979-07-01,303.18883033345423
blm_miles-city_Miles City District,1979-08-01,301.87999512740623
blm_miles-city_Miles City District,1979-09-01,299.8556239315384
blm_miles-city_Miles City District,1979-10-01,290.22826425766704
blm_miles-city_Miles City District,1979-11-01,277.5837527566275
blm_miles-city_Miles City District,1979-12-01,279.2136079656144
blm_miles-city_Miles City District,1980-01-01,269.11927337300085
blm_miles-city_Miles City District,1980-02-01,274.4293563401117
blm_miles-city_Miles City District,1980-03-01,279.6513302009574
blm_miles-city_Miles City District,1980-04-01,292.6511696156254
blm_miles-city_Miles City District,1980-05-01,297.2680310044738
blm_miles-city_Miles City District,1980-06-01,300.7822588640228
blm_miles-city_Miles City District,1980-07-01,305.52584800763515
blm_miles-city_Miles City District,1980-08-01,299.19969136977437
blm_miles-city_Miles City District,1980-09-01,296.44614792303116
blm_miles-city_Miles City District,1980-10-01,288.49032892839864
blm_miles-city_Miles City District,1980-11-01,281.9911341326191
blm_miles-city_Miles City District,1980-12-01,274.0697972430815
blm_miles-city_Miles City District,1981-01-01,277.25545442388494
blm_miles-city_Miles City District,1981-02-01,276.66186576696043
blm_miles-city_Miles City District,1981-03-01,285.5752910479785
blm_miles-city_Miles City District,1981-04-01,291.2309477781194
blm_miles-city_Miles City District,1981-05-01,293.45954480642087
blm_miles-city_Miles City District,1981-06-01,297.1962372631545
blm_miles-city_Miles City District,1981-07-01,304.2239812619299
blm_miles-city_Miles City District,1981-08-01,303.9800757582423
blm_miles-city_Miles City District,1981-09-01,298.8479672928809
blm_miles-city_Miles City District,1981-10-01,287.69804514388085
blm_miles-city_Miles City District,1981-11-01,282.6746467174656
blm_miles-city_Miles City District,1981-12-01,272.2206754002479
blm_miles-city_Miles City District,1982-01-01,264.4473331421106
blm_miles-city_Miles City District,1982-02-01,271.8695668405626
blm_miles-city_Miles City District,1982-03-01,277.5353332891908
blm_miles-city_Miles City District,1982-04-01,285.4325985037103
blm_miles-city_Miles City District,1982-05-01,290.33285112846454
blm_miles-city_Miles City District,1982-06-01,297.1705976003415
blm_miles-city_Miles City District,1982-07-01,302.6279579708173
blm_miles-city_Miles City District,1982-08-01,303.0396111582519
blm_miles-city_Miles City District,1982-09-01,294.570048199068
blm_miles-city_Miles City District,1982-10-01,287.9470694863431
blm_miles-city_Miles City District,1982-11-01,276.852098094754
blm_miles-city_Miles City District,1982-12-01,273.29728905269695
blm_miles-city_Miles City District,1983-01-01,275.251851158705
blm_miles-city_Miles City District,1983-02-01,279.085222094879
blm_miles-city_Miles City District,1983-03-01,279.8921602576058
blm_miles-city_Miles City District,1983-04-01,286.5445506802753
blm_miles-city_Miles City District,1983-05-01,291.29583701697703
blm_miles-city_Miles City District,1983-06-01,299.0799947429055
blm_miles-city_Miles City District,1983-07-01,305.35216500133987
blm_miles-city_Miles City District,1983-08-01,307.31993022057037
blm_miles-city_Miles City District,1983-09-01,294.24903003203343
blm_miles-city_Miles City District,1983-10-01,290.1113364861583
blm_miles-city_Miles City District,1983-11-01,278.5694905085136
blm_miles-city_Miles City District,1983-12-01,261.70535406487215
blm_miles-city_Miles City District,1984-01-01,273.89607021838395
blm_miles-city_Miles City District,1984-02-01,280.2737120369642
blm_miles-city_Miles City District,1984-03-01,279.1541665517783
blm_miles-city_Miles City District,1984-04-01,288.12719791078945
blm_miles-city_Miles City District,1984-05-01,294.49755874962864
blm_miles-city_Miles City District,1984-06-01,298.41019197652344
blm_miles-city_Miles City District,1984-07-01,305.25460119604656
blm_miles-city_Miles City District,1984-08-01,305.21790573518473
blm_miles-city_Miles City District,1984-09-01,292.0995969609965
blm_miles-city_Miles City District,1984-10-01,285.6713854500709
blm_miles-city_Miles City District,1984-11-01,279.6862457829626
blm_miles-city_Miles City District,1984-12-01,267.08626382331977
blm_miles-city_Miles City District,1985-01-01,268.92263590437057
blm_miles-city_Miles City District,1985-02-01,272.0938954564418
blm_miles-city_Miles City District,1985-03-01,280.45830512073877
blm_miles-city_Miles City District,1985-04-01,291.04748224697914
blm_miles-city_Miles City District,1985-05-01,297.25327948354834
blm_miles-city_Miles City District,1985-06-01,298.0610229067851
blm_miles-city_Miles City District,1985-07-01,305.1013136656953
blm_miles-city_Miles City District,1985-08-01,300.16501233363937
blm_miles-city_Miles City District,1985-09-01,290.67888946619803
blm_miles-city_Miles City District,1985-10-01,287.7364929363757
blm_miles-city_Miles City District,1985-11-01,267.6107694991736
blm_miles-city_Miles City District,1985-12-01,271.72339401504917
blm_miles-city_Miles City District,1986-01-01,275.91097809859764
blm_miles-city_Miles City District,1986-02-01,271.07190934699724
blm_miles-city_Miles City District,1986-03-01,285.82614324095573
blm_miles-city_Miles City District,1986-04-01,286.61614313028184
blm_miles-city_Miles City District,1986-05-01,294.1688134304917
blm_miles-city_Miles City District,1986-06-01,301.3482886497333
blm_miles-city_Miles City District,1986-07-01,302.1293354142673
blm_miles-city_Miles City District,1986-08-01,302.87373676797995
blm_miles-city_Miles City District,1986-09-01,290.3869598423312
blm_miles-city_Miles City District,1986-10-01,288.9822561110324
blm_miles-city_Miles City District,1986-11-01,276.30767802347793
blm_miles-city_Miles City District,1986-12-01,276.1144527084576
blm_miles-city_Miles City District,1987-01-01,275.7955631814669
blm_miles-city_Miles City District,1987-02-01,278.99871852584647
blm_miles-city_Miles City District,1987-03-01,280.396132318711
blm_miles-city_Miles City District,1987-04-01,293.511374855691
blm_miles-city_Miles City District,1987-05-01,296.3144922895139
blm_miles-city_Miles City District,1987-06-01,301.36905082590056
blm_miles-city_Miles City District,1987-07-01,302.3809587476473
blm_miles-city_Miles City District,1987-08-01,298.8829496039435
blm_miles-city_Miles City District,1987-09-01,297.4994500990488
blm_miles-city_Miles City District,1987-10-01,289.06789913458937
blm_miles-city_Miles City District,1987-11-01,283.0591454608757
blm_miles-city_Miles City District,1987-12-01,276.09373411336634
blm_miles-city_Miles City District,1988-01-01,271.28399665997057
blm_miles-city_Miles City District,1988-02-01,275.4569214161625
blm_miles-city_Miles City District,1988-03-01,282.49530542397474
blm_miles-city_Miles City District,1988-04-01,291.22177133549354
blm_miles-city_Miles City District,1988-05-01,298.20831901125956
blm_miles-city_Miles City District,1988-06-01,307.0777119648443
blm_miles-city_Miles City District,1988-07-01,306.39804781633393
blm_miles-city_Miles City District,1988-08-01,303.87313812896696
blm_miles-city_Miles City District,1988-09-01,295.565752832627
blm_miles-city_Miles City District,1988-10-01,289.80428812587706
blm_miles-city_Miles City District,1988-11-01,279.0995426242928
blm_miles-city_Miles City District,1988-12-01,274.3614774870683
blm_miles-city_Miles City District,1989-01-01,272.8559038679662
blm_miles-city_Miles City District,1989-02-01,264.9383016839607
blm_miles-city_Miles City District,1989-03-01,276.9555600195548
blm_miles-city_Miles City District,1989-04-01,286.3701045656583
blm_miles-city_Miles City District,1989-05-01,293.6871028687978
blm_miles-city_Miles City District,1989-06-01,299.0359737556449
blm_miles-city_Miles City District,1989-07-01,305.5582818714363
blm_miles-city_Miles City District,1989-08-01,302.4589085357008
blm_miles-city_Miles City District,1989-09-01,297.7895346088388
blm_miles-city_Miles City District,1989-10-01,288.30734456004944
blm_miles-city_Miles City District,1989-11-01,280.1952055672376
blm_miles-city_Miles City District,1989-12-01,270.45225409725333
blm_miles-city_Miles City District,1990-01-01,275.2787471645671
blm_miles-city_Miles City District,1990-02-01,276.6908337249929
blm_miles-city_Miles City District,1990-03-01,282.82295053852266
blm_miles-city_Miles City District,1990-04-01,287.80944983128387
blm_miles-city_Miles City District,1990-05-01,293.31668117666084
blm_miles-city_Miles City District,1990-06-01,299.6801417434121
blm_miles-city_Miles City District,1990-07-01,303.1341264055752
blm_miles-city_Miles City District,1990-08-01,303.6822877985665
blm_miles-city_Miles City District,1990-09-01,300.2118185175399
blm_miles-city_Miles City District,1990-10-01,289.6440701089571
blm_miles-city_Miles City District,1990-11-01,281.814193833835
blm_miles-city_Miles City District,1990-12-01,269.846745879642
blm_miles-city_Miles City District,1991-01-01,268.8939520005606
blm_miles-city_Miles City District,1991-02-01,280.57214004308764
blm_miles-city_Miles City District,1991-03-01,282.9128076291382
blm_miles-city_Miles City District,1991-04-01,286.173500896718
blm_miles-city_Miles City District,1991-05-01,293.2791179003158
blm_miles-city_Miles City District,1991-06-01,298.6161044334039
blm_miles-city_Miles City District,1991-07-01,303.22519592475675
blm_miles-city_Miles City District,1991-08-01,305.29947272223865
blm_miles-city_Miles City District,1991-09-01,295.6566949859515
blm_miles-city_Miles City District,1991-10-01,286.4252000001178
blm_miles-city_Miles City District,1991-11-01,276.9742493039498
blm_miles-city_Miles City District,1991-12-01,277.9792639464986
blm_miles-city_Miles City District,1992-01-01,279.21629754368485
blm_miles-city_Miles City District,1992-02-01,281.82515646840335
blm_miles-city_Miles City District,1992-03-01,284.96008551053103
blm_miles-city_Miles City District,1992-04-01,288.9082334347399
blm_miles-city_Miles City District,1992-05-01,295.5167268976045
blm_miles-city_Miles City District,1992-06-01,298.8053332793185
blm_miles-city_Miles City District,1992-07-01,298.1315758972514
blm_miles-city_Miles City District,1992-08-01,299.91419529130053
blm_miles-city_Miles City District,1992-09-01,296.6506157007986
blm_miles-city_Miles City District,1992-10-01,288.51965178750567
blm_miles-city_Miles City District,1992-11-01,277.36006484535034
blm_miles-city_Miles City District,1992-12-01,269.6645985364102
blm_miles-city_Miles City District,1993-01-01,268.0621773874584
blm_miles-city_Miles City District,1993-02-01,269.16539291139355
blm_miles-city_Miles City District,1993-03-01,281.73972842317164
blm_miles-city_Miles City District,1993-04-01,288.01739365559297
blm_miles-city_Miles City District,1993-05-01,295.0901294019788
blm_miles-city_Miles City District,1993-06-01,295.64825098252055
blm_miles-city_Miles City District,1993-07-01,296.2719825805248
blm_miles-city_Miles City District,1993-08-01,298.61318011505784
blm_miles-city_Miles City District,1993-09-01,293.6466476882086
blm_miles-city_Miles City District,1993-10-01,288.13789725330713
blm_miles-city_Miles City District,1993-11-01,276.35441209184734
blm_miles-city_Miles City District,1993-12-01,275.42072012963007
blm_miles-city_Miles City District,1994-01-01,268.7911752534102
blm_miles-city_Miles City District,1994-02-01,268.217911411766
blm_miles-city_Miles City District,1994-03-01,283.3520000297555
blm_miles-city_Miles City District,1994-04-01,288.20922452772925
blm_miles-city_Miles City District,1994-05-01,295.8929480510456
blm_miles-city_Miles City District,1994-06-01,299.1152728640397
blm_miles-city_Miles City District,1994-07-01,303.1173981223826
blm_miles-city_Miles City District,1994-08-01,303.1558781254711
blm_miles-city_Miles City District,1994-09-01,299.18681280891684
blm_miles-city_Miles City District,1994-10-01,287.5253195746397
blm_miles-city_Miles City District,1994-11-01,278.3616568124795
blm_miles-city_Miles City District,1994-12-01,274.278831555543
blm_miles-city_Miles City District,1995-01-01,273.6541833173944
blm_miles-city_Miles City District,1995-02-01,277.2768925159121
blm_miles-city_Miles City District,1995-03-01,279.96966600363965
blm_miles-city_Miles City District,1995-04-01,284.3349356028874
blm_miles-city_Miles City District,1995-05-01,291.7858638092284
blm_miles-city_Miles City District,1995-06-01,298.3674465789968
blm_miles-city_Miles City District,1995-07-01,302.37696173296615
blm_miles-city_Miles City District,1995-08-01,304.45344764718135
blm_miles-city_Miles City District,1995-09-01,295.8394480693354
blm_miles-city_Miles City District,1995-10-01,286.9566081000511
blm_miles-city_Miles City District,1995-11-01,279.1803963625472
blm_miles-city_Miles City District,1995-12-01,272.06851266867454
blm_miles-city_Miles City District,1996-01-01,265.6963538993636
blm_miles-city_Miles City District,1996-02-01,275.16109938085685
blm_miles-city_Miles City District,1996-03-01,274.0260646703159
blm_miles-city_Miles City District,1996-04-01,287.1179666724838
blm_miles-city_Miles City District,1996-05-01,288.9151683118909
blm_miles-city_Miles City District,1996-06-01,299.9939987147977
blm_miles-city_Miles City District,1996-07-01,302.6592766353681
blm_miles-city_Miles City District,1996-08-01,305.31493381149517
blm_miles-city_Miles City District,1996-09-01,294.13641395092554
blm_miles-city_Miles City District,1996-10-01,286.9982315349254
blm_miles-city_Miles City District,1996-11-01,271.3177291662279
blm_miles-city_Miles City District,1996-12-01,267.46999467812924
blm_miles-city_Miles City District,1997-01-01,267.20468981393213
blm_miles-city_Miles City District,1997-02-01,274.9299157713112
blm_miles-city_Miles City District,1997-03-01,281.3621806860241
blm_miles-city_Miles City District,1997-04-01,283.6696187905908
blm_miles-city_Miles City District,1997-05-01,293.4730564987754
blm_miles-city_Miles City District,1997-06-01,300.5674702560996
blm_miles-city_Miles City District,1997-07-01,301.8347735020684
blm_miles-city_Miles City District,1997-08-01,302.567775769618
blm_miles-city_Miles City District,1997-09-01,299.09702046423575
blm_miles-city_Miles City District,1997-10-01,288.80834133914595
blm_miles-city_Miles City District,1997-11-01,279.2970113375401
blm_miles-city_Miles City District,1997-12-01,276.8665831844057
blm_miles-city_Miles City District,1998-01-01,271.166836261208
blm_miles-city_Miles City District,1998-02-01,278.8723067198114
blm_miles-city_Miles City District,1998-03-01,276.15297432681893
blm_miles-city_Miles City District,1998-04-01,289.79381244326015
blm_miles-city_Miles City District,1998-05-01,295.5708639121083
blm_miles-city_Miles City District,1998-06-01,294.6886748488185
blm_miles-city_Miles City District,1998-07-01,304.62570348040333
blm_miles-city_Miles City District,1998-08-01,304.65269764219323
blm_miles-city_Miles City District,1998-09-01,300.1038771552477
blm_miles-city_Miles City District,1998-10-01,288.03001441479273
blm_miles-city_Miles City District,1998-11-01,279.02139479672866
blm_miles-city_Miles City District,1998-12-01,273.06412112076896
blm_miles-city_Miles City District,1999-01-01,271.82102464898895
blm_miles-city_Miles City District,1999-02-01,278.5302334806029
blm_miles-city_Miles City District,1999-03-01,283.2756230574055
blm_miles-city_Miles City District,1999-04-01,286.69458236001543
blm_miles-city_Miles City District,1999-05-01,291.40563977400643
blm_miles-city_Miles City District,1999-06-01,297.30764508112065
blm_miles-city_Miles City District,1999-07-01,302.6933819470963
blm_miles-city_Miles City District,1999-08-01,303.31160843467063
blm_miles-city_Miles City District,1999-09-01,292.9868094956293
blm_miles-city_Miles City District,1999-10-01,289.85305426745896
blm_miles-city_Miles City District,1999-11-01,285.6691367661371
blm_miles-city_Miles City District,1999-12-01,278.3085387205022
blm_miles-city_Miles City District,2000-01-01,273.81764000796295
blm_miles-city_Miles City District,2000-02-01,277.10026211256877
blm_miles-city_Miles City District,2000-03-01,283.99014566272126
blm_miles-city_Miles City District,2000-04-01,288.47388010533797
blm_miles-city_Miles City District,2000-05-01,294.1517947150413
blm_miles-city_Miles City District,2000-06-01,297.8073396455416
blm_miles-city_Miles City District,2000-07-01,304.666149992407
blm_miles-city_Miles City District,2000-08-01,304.09968033876106
blm_miles-city_Miles City District,2000-09-01,296.39940215943216
blm_miles-city_Miles City District,2000-10-01,288.8418950785573
blm_miles-city_Miles City District,2000-11-01,271.8913180798326
blm_miles-city_Miles City District,2000-12-01,267.6093044822251
blm_miles-city_Miles City District,2001-01-01,274.72624728736486
blm_miles-city_Miles City District,2001-02-01,269.0358875937143
blm_miles-city_Miles City District,2001-03-01,281.1329656031562
blm_miles-city_Miles City District,2001-04-01,287.9985741259156
blm_miles-city_Miles City District,2001-05-01,295.5252915467902
blm_miles-city_Miles City District,2001-06-01,297.1549427235979
blm_miles-city_Miles City District,2001-07-01,303.2568648746417
blm_miles-city_Miles City District,2001-08-01,305.8882615893707
blm_miles-city_Miles City District,2001-09-01,297.576640580488
blm_miles-city_Miles City District,2001-10-01,287.78300421949683
blm_miles-city_Miles City District,2001-11-01,283.6531451005535
blm_miles-city_Miles City District,2001-12-01,274.0948150712705
blm_miles-city_Miles City District,2002-01-01,274.3694079179363
blm_miles-city_Miles City District,2002-02-01,277.83362958650446
blm_miles-city_Miles City District,2002-03-01,271.90388713061606
blm_miles-city_Miles City District,2002-04-01,285.26446846692437
blm_miles-city_Miles City District,2002-05-01,291.7737138165789
blm_miles-city_Miles City District,2002-06-01,299.46851628592555
blm_miles-city_Miles City District,2002-07-01,305.97652197154775
blm_miles-city_Miles City District,2002-08-01,300.4268406576791
blm_miles-city_Miles City District,2002-09-01,296.6915726504721
blm_miles-city_Miles City District,2002-10-01,282.1924485976255
blm_miles-city_Miles City District,2002-11-01,282.40050456797223
blm_miles-city_Miles City District,2002-12-01,276.59937216231555
blm_miles-city_Miles City District,2003-01-01,273.6139953128325
blm_miles-city_Miles City District,2003-02-01,272.0997447815981
blm_miles-city_Miles City District,2003-03-01,278.58938719438777
blm_miles-city_Miles City District,2003-04-01,289.5243795050665
blm_miles-city_Miles City District,2003-05-01,292.5113368083075
blm_miles-city_Miles City District,2003-06-01,296.885172217171
blm_miles-city_Miles City District,2003-07-01,305.77529071110735
blm_miles-city_Miles City District,2003-08-01,306.0728767256461
blm_miles-city_Miles City District,2003-09-01,295.3598880443075
blm_miles-city_Miles City District,2003-10-01,291.14560340075974
blm_miles-city_Miles City District,2003-11-01,275.22779009642585
blm_miles-city_Miles City District,2003-12-01,274.50035838236465
blm_miles-city_Miles City District,2004-01-01,268.13098309935833
blm_miles-city_Miles City District,2004-02-01,272.976310318634
blm_miles-city_Miles City District,2004-03-01,284.0460872715096
blm_miles-city_Miles City District,2004-04-01,289.3839671062422
blm_miles-city_Miles City District,2004-05-01,291.7086086511341
blm_miles-city_Miles City District,2004-06-01,296.4418768043821
blm_miles-city_Miles City District,2004-07-01,302.67210682621067
blm_miles-city_Miles City District,2004-08-01,299.4802076748903
blm_miles-city_Miles City District,2004-09-01,296.3641789552167
blm_miles-city_Miles City District,2004-10-01,287.6897810893757
blm_miles-city_Miles City District,2004-11-01,282.0813218072378
blm_miles-city_Miles City District,2004-12-01,276.48776384108993
blm_miles-city_Miles City District,2005-01-01,269.8589098710613
blm_miles-city_Miles City District,2005-02-01,278.43394273201534
blm_miles-city_Miles City District,2005-03-01,282.44302655240597
blm_miles-city_Miles City District,2005-04-01,289.213529116991
blm_miles-city_Miles City District,2005-05-01,291.06791212880785
blm_miles-city_Miles City District,2005-06-01,297.720748455381
blm_miles-city_Miles City District,2005-07-01,304.87679483887825
blm_miles-city_Miles City District,2005-08-01,301.79216670665244
blm_miles-city_Miles City District,2005-09-01,297.9317466138305
blm_miles-city_Miles City District,2005-10-01,288.0817116034829
blm_miles-city_Miles City District,2005-11-01,280.3105575050588
blm_miles-city_Miles City District,2005-12-01,271.3824923988368
blm_miles-city_Miles City District,2006-01-01,278.8036661959939
blm_miles-city_Miles City District,2006-02-01,275.00477444218996
blm_miles-city_Miles City District,2006-03-01,278.8663101672585
blm_miles-city_Miles City District,2006-04-01,290.30559764519995
blm_miles-city_Miles City District,2006-05-01,294.5740335141895
blm_miles-city_Miles City District,2006-06-01,300.36034865276497
blm_miles-city_Miles City District,2006-07-01,307.01937644949834
blm_miles-city_Miles City District,2006-08-01,303.7785743773998
blm_miles-city_Miles City District,2006-09-01,294.78067474278635
blm_miles-city_Miles City District,2006-10-01,284.29728388705126
blm_miles-city_Miles City District,2006-11-01,279.72675716646955
blm_miles-city_Miles City District,2006-12-01,276.35312612752233
blm_miles-city_Miles City District,2007-01-01,274.24811761793296
blm_miles-city_Miles City District,2007-02-01,271.00893734640755
blm_miles-city_Miles City District,2007-03-01,285.45733081847936
blm_miles-city_Miles City District,2007-04-01,286.43039500726877
blm_miles-city_Miles City District,2007-05-01,293.4948325747123
blm_miles-city_Miles City District,2007-06-01,299.69540516120486
blm_miles-city_Miles City District,2007-07-01,307.13919338871483
blm_miles-city_Miles City District,2007-08-01,303.0432686388966
blm_miles-city_Miles City District,2007-09-01,296.32849670566037
blm_miles-city_Miles City District,2007-10-01,289.033025172187
blm_miles-city_Miles City District,2007-11-01,279.8912886880448
blm_miles-city_Miles City District,2007-12-01,273.72451530655724
blm_miles-city_Miles City District,2008-01-01,271.90037433134984
blm_miles-city_Miles City District,2008-02-01,273.83353720241723
blm_miles-city_Miles City District,2008-03-01,280.64680069177564
blm_miles-city_Miles City District,2008-04-01,287.3262212279165
blm_miles-city_Miles City District,2008-05-01,291.47285700872726
blm_miles-city_Miles City District,2008-06-01,296.50765934488425
blm_miles-city_Miles City District,2008-07-01,303.5989124848001
blm_miles-city_Miles City District,2008-08-01,303.66392179785737
blm_miles-city_Miles City District,2008-09-01,295.395967546305
blm_miles-city_Miles City District,2008-10-01,287.7146866762679
blm_miles-city_Miles City District,2008-11-01,280.81429007591913
blm_miles-city_Miles City District,2008-12-01,267.5356520350756
blm_miles-city_Miles City District,2009-01-01,271.5866723250044
blm_miles-city_Miles City District,2009-02-01,273.10657722481807
blm_miles-city_Miles City District,2009-03-01,278.5225896153358
blm_miles-city_Miles City District,2009-04-01,285.69767402709545
blm_miles-city_Miles City District,2009-05-01,293.83877284626953
blm_miles-city_Miles City District,2009-06-01,296.664091406832
blm_miles-city_Miles City District,2009-07-01,300.63644504005873
blm_miles-city_Miles City District,2009-08-01,300.5527885298453
blm_miles-city_Miles City District,2009-09-01,299.9859963935566
blm_miles-city_Miles City District,2009-10-01,281.4907429118162
blm_miles-city_Miles City District,2009-11-01,283.6814283442416
blm_miles-city_Miles City District,2009-12-01,265.32596702445784
blm_miles-city_Miles City District,2010-01-01,269.9829788208008
blm_miles-city_Miles City District,2010-02-01,270.017782642135
blm_miles-city_Miles City District,2010-03-01,281.9984571822791
blm_miles-city_Miles City District,2010-04-01,287.767982850957
blm_miles-city_Miles City District,2010-05-01,289.873462088127
blm_miles-city_Miles City District,2010-06-01,297.0073055955798
blm_miles-city_Miles City District,2010-07-01,301.53338410878695
blm_miles-city_Miles City District,2010-08-01,302.03718649596823
blm_miles-city_Miles City District,2010-09-01,294.20794031270924
blm_miles-city_Miles City District,2010-10-01,291.21335407824307
blm_miles-city_Miles City District,2010-11-01,276.4310513473667
blm_miles-city_Miles City District,2010-12-01,269.4921479847591
blm_miles-city_Miles City District,2011-01-01,271.1587207287584
blm_miles-city_Miles City District,2011-02-01,271.07670618375505
blm_miles-city_Miles City District,2011-03-01,276.7330448354143
blm_miles-city_Miles City District,2011-04-01,284.1270370699897
blm_miles-city_Miles City District,2011-05-01,288.70128988380736
blm_miles-city_Miles City District,2011-06-01,296.4338382240321
blm_miles-city_Miles City District,2011-07-01,304.247032442645
blm_miles-city_Miles City District,2011-08-01,303.9868518556558
blm_miles-city_Miles City District,2011-09-01,298.5883350653762
blm_miles-city_Miles City District,2011-10-01,290.45871536306845
blm_miles-city_Miles City District,2011-11-01,278.8461714104816
blm_miles-city_Miles City District,2011-12-01,275.4110183282824
blm_miles-city_Miles City District,2012-01-01,275.55895359156216
blm_miles-city_Miles City District,2012-02-01,275.8763701474626
blm_miles-city_Miles City District,2012-03-01,287.4249898886708
blm_miles-city_Miles City District,2012-04-01,290.384072363309
blm_miles-city_Miles City District,2012-05-01,292.8333969116211
blm_miles-city_Miles City District,2012-06-01,299.93689827805343
blm_miles-city_Miles City District,2012-07-01,306.9914005162632
blm_miles-city_Miles City District,2012-08-01,304.0625112146038
blm_miles-city_Miles City District,2012-09-01,299.0103212501621
blm_miles-city_Miles City District,2012-10-01,286.26379080175946
blm_miles-city_Miles City District,2012-11-01,281.5722569910541
blm_miles-city_Miles City District,2012-12-01,273.83542193132416
blm_miles-city_Miles City District,2013-01-01,272.2240316540375
blm_miles-city_Miles City District,2013-02-01,274.5812097218196
blm_miles-city_Miles City District,2013-03-01,278.37748894924204
blm_miles-city_Miles City District,2013-04-01,282.92373489657
blm_miles-city_Miles City District,2013-05-01,293.73684787209
blm_miles-city_Miles City District,2013-06-01,297.6694839771977
blm_miles-city_Miles City District,2013-07-01,303.5851007909699
blm_miles-city_Miles City District,2013-08-01,304.3490634922543
blm_miles-city_Miles City District,2013-09-01,299.22545532850074
blm_miles-city_Miles City District,2013-10-01,285.6818293074609
blm_miles-city_Miles City District,2013-11-01,278.19514606921814
blm_miles-city_Miles City District,2013-12-01,269.87241357030445
blm_miles-city_Miles City District,2014-01-01,273.73821627457755
blm_miles-city_Miles City District,2014-02-01,268.8244598856308
blm_miles-city_Miles City District,2014-03-01,278.40926691893145
blm_miles-city_Miles City District,2014-04-01,286.84520238211695
blm_miles-city_Miles City District,2014-05-01,293.037180230512
blm_miles-city_Miles City District,2014-06-01,296.1576925531013
blm_miles-city_Miles City District,2014-07-01,303.3534423057392
blm_miles-city_Miles City District,2014-08-01,300.69700585320913
blm_miles-city_Miles City District,2014-09-01,295.40148697592207
blm_miles-city_Miles City District,2014-10-01,290.4514266413538
blm_miles-city_Miles City District,2014-11-01,274.8770989408287
blm_miles-city_Miles City District,2014-12-01,274.5339894289326
blm_miles-city_Miles City District,2015-01-01,273.64305389698734
blm_miles-city_Miles City District,2015-02-01,274.0958639571399
blm_miles-city_Miles City District,2015-03-01,286.06847288064597
blm_miles-city_Miles City District,2015-04-01,288.094291422884
blm_miles-city_Miles City District,2015-05-01,291.16739728150384
blm_miles-city_Miles City District,2015-06-01,299.6708146960186
blm_miles-city_Miles City District,2015-07-01,303.06243089812295
blm_miles-city_Miles City District,2015-08-01,302.8088471783953
blm_miles-city_Miles City District,2015-09-01,298.55942114961
blm_miles-city_Miles City District,2015-10-01,290.0173146251111
blm_miles-city_Miles City District,2015-11-01,279.53747448612694
blm_miles-city_Miles City District,2015-12-01,274.43689353674415
blm_miles-city_Miles City District,2016-01-01,273.02644040284173
blm_miles-city_Miles City District,2016-02-01,280.6675945502811
blm_miles-city_Miles City District,2016-03-01,285.60017524052427
blm_miles-city_Miles City District,2016-04-01,288.458711916418
blm_miles-city_Miles City District,2016-05-01,294.1819656060313
blm_miles-city_Miles City District,2016-06-01,301.79212602232155
blm_miles-city_Miles City District,2016-07-01,303.1268392599671
blm_miles-city_Miles City District,2016-08-01,302.0078206663099
blm_miles-city_Miles City District,2016-09-01,294.75260170580447
blm_miles-city_Miles City District,2016-10-01,287.497715221496
blm_miles-city_Miles City District,2016-11-01,284.68135541034746
blm_miles-city_Miles City District,2016-12-01,267.435039017988
blm_miles-city_Miles City District,2017-01-01,267.99618466622985
blm_miles-city_Miles City District,2017-02-01,275.6022045035909
blm_miles-city_Miles City District,2017-03-01,281.90982837222356
blm_miles-city_Miles City District,2017-04-01,287.5499481564889
blm_miles-city_Miles City District,2017-05-01,294.61300047788933
blm_miles-city_Miles City District,2017-06-01,300.2672681039903
blm_miles-city_Miles City District,2017-07-01,307.20234596174504
blm_miles-city_Miles City District,2017-08-01,302.0374410674737
blm_miles-city_Miles City District,2017-09-01,295.2403150768475
blm_miles-city_Miles City District,2017-10-01,288.17186056390386
blm_miles-city_Miles City District,2017-11-01,279.2261057885091
blm_miles-city_Miles City District,2017-12-01,272.36680446715684
blm_miles-city_Miles City District,2018-01-01,271.17412898813825
blm_miles-city_Miles City District,2018-02-01,266.15947420291275
blm_miles-city_Miles City District,2018-03-01,276.1455081762169
blm_miles-city_Miles City District,2018-04-01,284.07921283821514
blm_miles-city_Miles City District,2018-05-01,295.92089255741047
blm_miles-city_Miles City District,2018-06-01,298.60521043307665
blm_miles-city_Miles City District,2018-07-01,303.03361644593326
blm_miles-city_Miles City District,2018-08-01,302.0407444350971
blm_miles-city_Miles City District,2018-09-01,293.5969268244593
blm_miles-city_Miles City District,2018-10-01,286.0194880326409
blm_miles-city_Miles City District,2018-11-01,277.6619129072659
blm_miles-city_Miles City District,2018-12-01,274.9523809954744
blm_miles-city_Miles City District,2019-01-01,274.22162176558703
blm_miles-city_Miles City District,2019-02-01,261.69035223312466
blm_miles-city_Miles City District,2019-03-01,276.1436114186732
blm_miles-city_Miles City District,2019-04-01,287.0209492781917
blm_miles-city_Miles City District,2019-05-01,289.73763955383646
blm_miles-city_Miles City District,2019-06-01,298.1356830705173
blm_miles-city_Miles City District,2019-07-01,301.55643745448344
blm_miles-city_Miles City District,2019-08-01,301.06727473662744
blm_miles-city_Miles City District,2019-09-01,294.74010971103974
blm_miles-city_Miles City District,2019-10-01,282.76938836122616
blm_miles-city_Miles City District,2019-11-01,277.7091945903661
blm_miles-city_Miles City District,2019-12-01,274.37297985150514
blm_miles-city_Miles City District,2020-01-01,272.80736197516
blm_miles-city_Miles City District,2020-02-01,275.93732867203016
blm_miles-city_Miles City District,2020-03-01,281.27500922455283
blm_miles-city_Miles City District,2020-04-01,285.5509842299982
blm_miles-city_Miles City District,2020-05-01,292.888998518737
blm_miles-city_Miles City District,2020-06-01,299.1875878895858
blm_miles-city_Miles City District,2020-07-01,303.2783690635517
blm_miles-city_Miles City District,2020-08-01,304.42810632313825
blm_miles-city_Miles City District,2020-09-01,296.549054430508
blm_miles-city_Miles City District,2020-10-01,283.36461786623033
blm_miles-city_Miles City District,2020-11-01,281.3683352865507
blm_miles-city_Miles City District,2020-12-01,277.55121741581723
blm_miles-city_Miles City District,2021-01-01,275.95550725895754
blm_miles-city_Miles City District,2021-02-01,268.2340228397919
blm_miles-city_Miles City District,2021-03-01,284.6258876337231
blm_miles-city_Miles City District,2021-04-01,286.5091869817554
blm_miles-city_Miles City District,2021-05-01,291.8107684651785
blm_miles-city_Miles City District,2021-06-01,303.53414677112244
blm_miles-city_Miles City District,2021-07-01,307.127245977707
blm_miles-city_Miles City District,2021-08-01,302.2016001646148
blm_miles-city_Miles City District,2021-09-01,299.530340560584
blm_miles-city_Miles City District,2021-10-01,289.4797237062833
blm_miles-city_Miles City District,2021-11-01,283.24971750023417
blm_miles-city_Miles City District,2021-12-01,271.51858008706205
blm_miles-city_Miles City District,2022-01-01,272.84409155612906
blm_miles-city_Miles City District,2022-02-01,273.7376825720173
blm_miles-city_Miles City District,2022-03-01,281.30285912988944
blm_miles-city_Miles City District,2022-04-01,282.0816804320804
blm_miles-city_Miles City District,2022-05-01,291.1301269098254
blm_miles-city_Miles City District,2022-06-01,297.4343075487048
blm_miles-city_Miles City District,2022-07-01,304.0031315503678
blm_miles-city_Miles City District,2022-08-01,304.7610643237457
blm_miles-city_Miles City District,2022-09-01,299.82195175898335
blm_miles-city_Miles City District,2022-10-01,288.97459346238657
blm_miles-city_Miles City District,2022-11-01,274.253032004522
blm_miles-city_Miles City District,2022-12-01,266.6229366990954
blm_miles-city_Miles City District,2023-01-01,272.65573479071105
blm_miles-city_Miles City District,2023-02-01,274.6747148321111
blm_miles-city_Miles City District,2023-03-01,273.1519552007842
blm_miles-city_Miles City District,2023-04-01,284.47386597233924
blm_miles-city_Miles City District,2023-05-01,295.8514485959974
blm_miles-city_Miles City District,2023-06-01,299.1632434095887
blm_miles-city_Miles City District,2023-07-01,302.5526780508433
blm_miles-city_Miles City District,2023-08-01,302.67135002231487
blm_miles-city_Miles City District,2023-09-01,298.0430646240373
blm_miles-city_Miles City District,2023-10-01,285.6463645649281
blm_miles-city_Miles City District,2023-11-01,281.3379317250073
blm_miles-city_Miles City District,2023-12-01,278.97083579506153
blm_miles-city_Miles City District,2024-01-01,270.6062191931804
blm_miles-city_Miles City District,2024-02-01,277.94929525178355
blm_miles-city_Miles City District,2024-03-01,278.84127234330106
blm_miles-city_Miles City District,2024-04-01,289.6048472920828
blm_miles-city_Miles City District,2024-05-01,291.6669464717523
blm_miles-city_Miles City District,2024-06-01,298.49120809271443
blm_miles-city_Miles City District,2024-07-01,304.5067376040438
blm_miles-city_Miles City District,2024-08-01,301.9540392067051
blm_miles-city_Miles City District,2024-09-01,300.23221298460254
blm_miles-city_Miles City District,2024-10-01,291.9103628238674
blm_miles-city_Miles City District,2024-11-01,277.9503040162172
blm_miles-city_Miles City District,2024-12-01,275.14577700629
blm_miles-city_Miles City District,2025-01-01,270.1478899415587
blm_miles-city_Miles City District,2025-02-01,265.970730399436
blm_miles-city_Miles City District,2025-03-01,283.74553413261214
blm_miles-city_Miles City District,2025-04-01,287.5935796159621
blm_miles-city_Miles City District,2025-05-01,294.0049078526751
blm_miles-city_Miles City District,2025-06-01,298.58059087054005
blm_miles-city_Miles City District,2025-07-01,302.19742545691844
blm_miles-city_Miles City District,2025-08-01,301.6968077011195
blm_miles-city_Miles City District,2025-09-01,299.2058558079766
blm_miles-city_Miles City District,2025-10-01,293.5801006451367
blm_missoula_Missoula District,1979-01-01,263.12780640978747
blm_missoula_Missoula District,1979-02-01,273.06857789994643
blm_missoula_Missoula District,1979-03-01,279.27126277732896
blm_missoula_Missoula District,1979-04-01,282.44945194449537
blm_missoula_Missoula District,1979-05-01,288.5221021155615
blm_missoula_Missoula District,1979-06-01,294.46257101825785
blm_missoula_Missoula District,1979-07-01,298.8185379545261
blm_missoula_Missoula District,1979-08-01,297.76724446325386
blm_missoula_Missoula District,1979-09-01,294.2444459959896
blm_missoula_Missoula District,1979-10-01,285.11498501435807
blm_missoula_Missoula District,1979-11-01,273.33588673135904
blm_missoula_Missoula District,1979-12-01,275.21421524405736
blm_missoula_Missoula District,1980-01-01,267.98783024632235
blm_missoula_Missoula District,1980-02-01,274.41879711318313
blm_missoula_Missoula District,1980-03-01,275.95807901295234
blm_missoula_Missoula District,1980-04-01,286.7330956982086
blm_missoula_Missoula District,1980-05-01,288.86010915706066
blm_missoula_Missoula District,1980-06-01,291.12162269966433
blm_missoula_Missoula District,1980-07-01,296.53954724580916
blm_missoula_Missoula District,1980-08-01,293.16435808888036
blm_missoula_Missoula District,1980-09-01,290.4249031448274
blm_missoula_Missoula District,1980-10-01,284.8844043810315
blm_missoula_Missoula District,1980-11-01,276.6271511386057
blm_missoula_Missoula District,1980-12-01,274.9447648247902
blm_missoula_Missoula District,1981-01-01,273.965375042165
blm_missoula_Missoula District,1981-02-01,275.4663233645181
blm_missoula_Missoula District,1981-03-01,281.2565352659716
blm_missoula_Missoula District,1981-04-01,283.59241087768237
blm_missoula_Missoula District,1981-05-01,286.64878448652615
blm_missoula_Missoula District,1981-06-01,289.26980254628086
blm_missoula_Missoula District,1981-07-01,296.144576690175
blm_missoula_Missoula District,1981-08-01,299.56932238136187
blm_missoula_Missoula District,1981-09-01,292.102945797253
blm_missoula_Missoula District,1981-10-01,282.1032930151373
blm_missoula_Missoula District,1981-11-01,277.33019037705355
blm_missoula_Missoula District,1981-12-01,271.92731820517486
blm_missoula_Missoula District,1982-01-01,270.23110763813696
blm_missoula_Missoula District,1982-02-01,271.89427175298175
blm_missoula_Missoula District,1982-03-01,277.33890917899345
blm_missoula_Missoula District,1982-04-01,280.79767816684114
blm_missoula_Missoula District,1982-05-01,286.9938663644436
blm_missoula_Missoula District,1982-06-01,293.3447853129951
blm_missoula_Missoula District,1982-07-01,295.31361777046453
blm_missoula_Missoula District,1982-08-01,297.0235509666835
blm_missoula_Missoula District,1982-09-01,289.6495331902268
blm_missoula_Missoula District,1982-10-01,282.07240303001595
blm_missoula_Missoula District,1982-11-01,273.7729450759942
blm_missoula_Missoula District,1982-12-01,270.4243901516413
blm_missoula_Missoula District,1983-01-01,275.2301868329368
blm_missoula_Missoula District,1983-02-01,276.9283523324597
blm_missoula_Missoula District,1983-03-01,279.6448190016251
blm_missoula_Missoula District,1983-04-01,283.23647150194665
blm_missoula_Missoula District,1983-05-01,288.80533640883425
blm_missoula_Missoula District,1983-06-01,291.62713736556935
blm_missoula_Missoula District,1983-07-01,294.8752633071968
blm_missoula_Missoula District,1983-08-01,298.48871987601984
blm_missoula_Missoula District,1983-09-01,288.0968039846341
blm_missoula_Missoula District,1983-10-01,284.2505071369344
blm_missoula_Missoula District,1983-11-01,275.3410102574923
blm_missoula_Missoula District,1983-12-01,265.6549211731174
blm_missoula_Missoula District,1984-01-01,272.7277269758791
blm_missoula_Missoula District,1984-02-01,276.5898068339247
blm_missoula_Missoula District,1984-03-01,278.8747564160804
blm_missoula_Missoula District,1984-04-01,282.6704951875782
blm_missoula_Missoula District,1984-05-01,286.02468073161907
blm_missoula_Missoula District,1984-06-01,291.37042648434726
blm_missoula_Missoula District,1984-07-01,298.8630716974095
blm_missoula_Missoula District,1984-08-01,298.2079188047046
blm_missoula_Missoula District,1984-09-01,288.0640749195915
blm_missoula_Missoula District,1984-10-01,280.397679997462
blm_missoula_Missoula District,1984-11-01,274.8015445075705
blm_missoula_Missoula District,1984-12-01,269.0373318402639
blm_missoula_Missoula District,1985-01-01,269.524085353263
blm_missoula_Missoula District,1985-02-01,271.9807127604861
blm_missoula_Missoula District,1985-03-01,277.8932073756265
blm_missoula_Missoula District,1985-04-01,285.02596697415316
blm_missoula_Missoula District,1985-05-01,290.562079810328
blm_missoula_Missoula District,1985-06-01,293.7159709627666
blm_missoula_Missoula District,1985-07-01,301.95739709944047
blm_missoula_Missoula District,1985-08-01,294.20481071842704
blm_missoula_Missoula District,1985-09-01,285.71643682397166
blm_missoula_Missoula District,1985-10-01,280.57046643988946
blm_missoula_Missoula District,1985-11-01,267.4150429015983
blm_missoula_Missoula District,1985-12-01,270.3263588195671
blm_missoula_Missoula District,1986-01-01,274.82857528791357
blm_missoula_Missoula District,1986-02-01,274.14472686326553
blm_missoula_Missoula District,1986-03-01,282.1622157346522
blm_missoula_Missoula District,1986-04-01,283.2281356121064
blm_missoula_Missoula District,1986-05-01,289.89782817508905
blm_missoula_Missoula District,1986-06-01,296.0706735849098
blm_missoula_Missoula District,1986-07-01,294.40272280854145
blm_missoula_Missoula District,1986-08-01,299.29602347931797
blm_missoula_Missoula District,1986-09-01,285.50377785348974
blm_missoula_Missoula District,1986-10-01,284.6381305621377
blm_missoula_Missoula District,1986-11-01,273.83312088876676
blm_missoula_Missoula District,1986-12-01,271.72896092425475
blm_missoula_Missoula District,1987-01-01,271.6718971019276
blm_missoula_Missoula District,1987-02-01,275.73773570039265
blm_missoula_Missoula District,1987-03-01,279.3061055154265
blm_missoula_Missoula District,1987-04-01,288.21223494171164
blm_missoula_Missoula District,1987-05-01,290.0512369097592
blm_missoula_Missoula District,1987-06-01,295.66211122586475
blm_missoula_Missoula District,1987-07-01,295.75283410768884
blm_missoula_Missoula District,1987-08-01,294.88793660452853
blm_missoula_Missoula District,1987-09-01,294.395702514793
blm_missoula_Missoula District,1987-10-01,286.97899760897195
blm_missoula_Missoula District,1987-11-01,277.03795088221466
blm_missoula_Missoula District,1987-12-01,270.6433851598592
blm_missoula_Missoula District,1988-01-01,270.72792951542743
blm_missoula_Missoula District,1988-02-01,276.25366573880507
blm_missoula_Missoula District,1988-03-01,278.37197507249607
blm_missoula_Missoula District,1988-04-01,285.69865356387476
blm_missoula_Missoula District,1988-05-01,289.1045551096707
blm_missoula_Missoula District,1988-06-01,295.6365150102815
blm_missoula_Missoula District,1988-07-01,298.27252307160717
blm_missoula_Missoula District,1988-08-01,298.4069652290769
blm_missoula_Missoula District,1988-09-01,291.1833183398831
blm_missoula_Missoula District,1988-10-01,287.8191100452444
blm_missoula_Missoula District,1988-11-01,274.5067022125237
blm_missoula_Missoula District,1988-12-01,271.8114672897834
blm_missoula_Missoula District,1989-01-01,272.3292230688771
blm_missoula_Missoula District,1989-02-01,267.6321886645988
blm_missoula_Missoula District,1989-03-01,276.45463243532845
blm_missoula_Missoula District,1989-04-01,284.4367442254177
blm_missoula_Missoula District,1989-05-01,287.23786436441077
blm_missoula_Missoula District,1989-06-01,293.9050555054087
blm_missoula_Missoula District,1989-07-01,299.32448672050833
blm_missoula_Missoula District,1989-08-01,293.7810066618984
blm_missoula_Missoula District,1989-09-01,291.21769545536364
blm_missoula_Missoula District,1989-10-01,282.4161300604955
blm_missoula_Missoula District,1989-11-01,276.2296152193946
blm_missoula_Missoula District,1989-12-01,271.7611586537527
blm_missoula_Missoula District,1990-01-01,272.5485634007349
blm_missoula_Missoula District,1990-02-01,273.5750701405431
blm_missoula_Missoula District,1990-03-01,279.47136830842993
blm_missoula_Missoula District,1990-04-01,284.62070592154095
blm_missoula_Missoula District,1990-05-01,286.3177996330198
blm_missoula_Missoula District,1990-06-01,292.2038125456354
blm_missoula_Missoula District,1990-07-01,297.7328885531883
blm_missoula_Missoula District,1990-08-01,296.74424490242933
blm_missoula_Missoula District,1990-09-01,296.349875451264
blm_missoula_Missoula District,1990-10-01,281.23785054799475
blm_missoula_Missoula District,1990-11-01,275.83743743788034
blm_missoula_Missoula District,1990-12-01,266.1071378974038
blm_missoula_Missoula District,1991-01-01,270.17519774320596
blm_missoula_Missoula District,1991-02-01,278.0367930506508
blm_missoula_Missoula District,1991-03-01,277.1389152998609
blm_missoula_Missoula District,1991-04-01,282.10082845861837
blm_missoula_Missoula District,1991-05-01,286.75766411270473
blm_missoula_Missoula District,1991-06-01,290.02011667272825
blm_missoula_Missoula District,1991-07-01,298.3262337054497
blm_missoula_Missoula District,1991-08-01,299.4005984062551
blm_missoula_Missoula District,1991-09-01,292.6351993057406
blm_missoula_Missoula District,1991-10-01,283.07302520253086
blm_missoula_Missoula District,1991-11-01,273.76924120648385
blm_missoula_Missoula District,1991-12-01,273.01947172590127
blm_missoula_Missoula District,1992-01-01,273.819645870582
blm_missoula_Missoula District,1992-02-01,278.03225473757743
blm_missoula_Missoula District,1992-03-01,283.46968359496464
blm_missoula_Missoula District,1992-04-01,284.82396494294477
blm_missoula_Missoula District,1992-05-01,291.5192675017768
blm_missoula_Missoula District,1992-06-01,295.1895327049532
blm_missoula_Missoula District,1992-07-01,294.6615738171702
blm_missoula_Missoula District,1992-08-01,296.62847760852776
blm_missoula_Missoula District,1992-09-01,289.4368438323056
blm_missoula_Missoula District,1992-10-01,284.3337927165118
blm_missoula_Missoula District,1992-11-01,273.50727786760257
blm_missoula_Missoula District,1992-12-01,268.316073788424
blm_missoula_Missoula District,1993-01-01,268.5874702545795
blm_missoula_Missoula District,1993-02-01,270.7281866337953
blm_missoula_Missoula District,1993-03-01,279.5347960182232
blm_missoula_Missoula District,1993-04-01,282.1042257280492
blm_missoula_Missoula District,1993-05-01,291.9296686587755
blm_missoula_Missoula District,1993-06-01,290.0875535434921
blm_missoula_Missoula District,1993-07-01,290.18711111596963
blm_missoula_Missoula District,1993-08-01,293.8360193935341
blm_missoula_Missoula District,1993-09-01,290.43647073846495
blm_missoula_Missoula District,1993-10-01,284.1147546829191
blm_missoula_Missoula District,1993-11-01,272.2817721462905
blm_missoula_Missoula District,1993-12-01,272.30481628692706
blm_missoula_Missoula District,1994-01-01,274.4534630141702
blm_missoula_Missoula District,1994-02-01,272.0443083422638
blm_missoula_Missoula District,1994-03-01,281.00834142797453
blm_missoula_Missoula District,1994-04-01,284.3370733742351
blm_missoula_Missoula District,1994-05-01,290.0522726493208
blm_missoula_Missoula District,1994-06-01,292.91468221433524
blm_missoula_Missoula District,1994-07-01,299.50170795772345
blm_missoula_Missoula District,1994-08-01,299.3138984367481
blm_missoula_Missoula District,1994-09-01,294.89243544935755
blm_missoula_Missoula District,1994-10-01,281.66077125764406
blm_missoula_Missoula District,1994-11-01,272.65148625738726
blm_missoula_Missoula District,1994-12-01,271.0858924791616
blm_missoula_Missoula District,1995-01-01,272.4262825451426
blm_missoula_Missoula District,1995-02-01,275.5351161816707
blm_missoula_Missoula District,1995-03-01,278.2982528603379
blm_missoula_Missoula District,1995-04-01,281.53820306976326
blm_missoula_Missoula District,1995-05-01,288.6452845230229
blm_missoula_Missoula District,1995-06-01,291.0219743263662
blm_missoula_Missoula District,1995-07-01,296.06188857840635
blm_missoula_Missoula District,1995-08-01,295.20831071808
blm_missoula_Missoula District,1995-09-01,291.38597183932455
blm_missoula_Missoula District,1995-10-01,280.08303562608046
blm_missoula_Missoula District,1995-11-01,276.93492941640613
blm_missoula_Missoula District,1995-12-01,271.1397703993634
blm_missoula_Missoula District,1996-01-01,268.87932241982514
blm_missoula_Missoula District,1996-02-01,273.1804327260993
blm_missoula_Missoula District,1996-03-01,276.5288274349745
blm_missoula_Missoula District,1996-04-01,283.04790413862605
blm_missoula_Missoula District,1996-05-01,284.17387175045997
blm_missoula_Missoula District,1996-06-01,293.3889907515182
blm_missoula_Missoula District,1996-07-01,299.05719107650685
blm_missoula_Missoula District,1996-08-01,297.3529648626057
blm_missoula_Missoula District,1996-09-01,288.7188500912939
blm_missoula_Missoula District,1996-10-01,281.88657715884864
blm_missoula_Missoula District,1996-11-01,274.00078673318677
blm_missoula_Missoula District,1996-12-01,269.8560909875844
blm_missoula_Missoula District,1997-01-01,270.4193693268104
blm_missoula_Missoula District,1997-02-01,273.3555537813282
blm_missoula_Missoula District,1997-03-01,277.18189009409105
blm_missoula_Missoula District,1997-04-01,280.4134961426244
blm_missoula_Missoula District,1997-05-01,289.72615507840266
blm_missoula_Missoula District,1997-06-01,291.16850719980596
blm_missoula_Missoula District,1997-07-01,295.90055747033296
blm_missoula_Missoula District,1997-08-01,297.0465224175
blm_missoula_Missoula District,1997-09-01,291.9970370909242
blm_missoula_Missoula District,1997-10-01,281.61093389804375
blm_missoula_Missoula District,1997-11-01,276.3583289866932
blm_missoula_Missoula District,1997-12-01,272.05321437796835
blm_missoula_Missoula District,1998-01-01,272.0521331476222
blm_missoula_Missoula District,1998-02-01,275.9555015319954
blm_missoula_Missoula District,1998-03-01,278.3089239630646
blm_missoula_Missoula District,1998-04-01,284.7994640054818
blm_missoula_Missoula District,1998-05-01,289.6395411162658
blm_missoula_Missoula District,1998-06-01,290.09015476034307
blm_missoula_Missoula District,1998-07-01,299.44762441801873
blm_missoula_Missoula District,1998-08-01,299.28147976027367
blm_missoula_Missoula District,1998-09-01,294.79725099304676
blm_missoula_Missoula District,1998-10-01,283.4521178837722
blm_missoula_Missoula District,1998-11-01,275.8404928468127
blm_missoula_Missoula District,1998-12-01,270.74459135393994
blm_missoula_Missoula District,1999-01-01,273.5558802594056
blm_missoula_Missoula District,1999-02-01,274.6944328403902
blm_missoula_Missoula District,1999-03-01,279.6885037615355
blm_missoula_Missoula District,1999-04-01,283.2139341222876
blm_missoula_Missoula District,1999-05-01,286.5925799642968
blm_missoula_Missoula District,1999-06-01,290.4028031620983
blm_missoula_Missoula District,1999-07-01,296.210686816279
blm_missoula_Missoula District,1999-08-01,297.401963910625
blm_missoula_Missoula District,1999-09-01,290.90988008073936
blm_missoula_Missoula District,1999-10-01,284.2537329483303
blm_missoula_Missoula District,1999-11-01,279.62780952589173
blm_missoula_Missoula District,1999-12-01,273.10600137247405
blm_missoula_Missoula District,2000-01-01,272.34648047372417
blm_missoula_Missoula District,2000-02-01,275.80385719919286
blm_missoula_Missoula District,2000-03-01,279.0385691939415
blm_missoula_Missoula District,2000-04-01,285.0780761183734
blm_missoula_Missoula District,2000-05-01,287.3033905137746
blm_missoula_Missoula District,2000-06-01,292.8479049671772
blm_missoula_Missoula District,2000-07-01,298.4573674349953
blm_missoula_Missoula District,2000-08-01,298.17120234081176
blm_missoula_Missoula District,2000-09-01,289.0940275067996
blm_missoula_Missoula District,2000-10-01,283.25243813831696
blm_missoula_Missoula District,2000-11-01,272.43519629519346
blm_missoula_Missoula District,2000-12-01,271.20976450002127
blm_missoula_Missoula District,2001-01-01,273.16697461874503
blm_missoula_Missoula District,2001-02-01,272.5945551695346
blm_missoula_Missoula District,2001-03-01,279.2826634967138
blm_missoula_Missoula District,2001-04-01,281.4706016383276
blm_missoula_Missoula District,2001-05-01,290.2296873091296
blm_missoula_Missoula District,2001-06-01,291.51909523398865
blm_missoula_Missoula District,2001-07-01,296.59700440580997
blm_missoula_Missoula District,2001-08-01,300.18934922352753
blm_missoula_Missoula District,2001-09-01,294.76893154090965
blm_missoula_Missoula District,2001-10-01,281.97162189858693
blm_missoula_Missoula District,2001-11-01,278.4269224599311
blm_missoula_Missoula District,2001-12-01,271.56033182765486
blm_missoula_Missoula District,2002-01-01,272.3642227834391
blm_missoula_Missoula District,2002-02-01,274.44508912376364
blm_missoula_Missoula District,2002-03-01,275.0199113207331
blm_missoula_Missoula District,2002-04-01,281.8419411701491
blm_missoula_Missoula District,2002-05-01,286.2915263552147
blm_missoula_Missoula District,2002-06-01,292.15685621603666
blm_missoula_Missoula District,2002-07-01,299.02497286458794
blm_missoula_Missoula District,2002-08-01,295.2606542786555
blm_missoula_Missoula District,2002-09-01,291.00631439129455
blm_missoula_Missoula District,2002-10-01,281.6431054334679
blm_missoula_Missoula District,2002-11-01,277.25901742016526
blm_missoula_Missoula District,2002-12-01,273.797283072292
blm_missoula_Missoula District,2003-01-01,274.89535888295916
blm_missoula_Missoula District,2003-02-01,273.755117987999
blm_missoula_Missoula District,2003-03-01,278.2088527177866
blm_missoula_Missoula District,2003-04-01,283.3448632011423
blm_missoula_Missoula District,2003-05-01,287.4803195746412
blm_missoula_Missoula District,2003-06-01,293.73543066527714
blm_missoula_Missoula District,2003-07-01,301.2157790946102
blm_missoula_Missoula District,2003-08-01,299.79339547553803
blm_missoula_Missoula District,2003-09-01,291.96135999602296
blm_missoula_Missoula District,2003-10-01,285.25137757837024
blm_missoula_Missoula District,2003-11-01,273.4090043036075
blm_missoula_Missoula District,2003-12-01,272.55547899771744
blm_missoula_Missoula District,2004-01-01,271.6817049136294
blm_missoula_Missoula District,2004-02-01,275.7408703639309
blm_missoula_Missoula District,2004-03-01,281.48247480539317
blm_missoula_Missoula District,2004-04-01,285.88220970372515
blm_missoula_Missoula District,2004-05-01,286.4598201054923
blm_missoula_Missoula District,2004-06-01,292.299516812966
blm_missoula_Missoula District,2004-07-01,298.037298871736
blm_missoula_Missoula District,2004-08-01,296.00095747545754
blm_missoula_Missoula District,2004-09-01,288.06789464166565
blm_missoula_Missoula District,2004-10-01,282.96994382220686
blm_missoula_Missoula District,2004-11-01,276.979815206774
blm_missoula_Missoula District,2004-12-01,274.31168530140405
blm_missoula_Missoula District,2005-01-01,273.03936547064944
blm_missoula_Missoula District,2005-02-01,277.70722894548834
blm_missoula_Missoula District,2005-03-01,279.49574789857445
blm_missoula_Missoula District,2005-04-01,283.546359454645
blm_missoula_Missoula District,2005-05-01,288.34681113504513
blm_missoula_Missoula District,2005-06-01,290.2322664818925
blm_missoula_Missoula District,2005-07-01,298.4779863644482
blm_missoula_Missoula District,2005-08-01,297.40123198761586
blm_missoula_Missoula District,2005-09-01,290.2094915480841
blm_missoula_Missoula District,2005-10-01,283.5852506845886
blm_missoula_Missoula District,2005-11-01,275.2226833405864
blm_missoula_Missoula District,2005-12-01,271.5080717945799
blm_missoula_Missoula District,2006-01-01,275.0491161585927
blm_missoula_Missoula District,2006-02-01,273.6720166273011
blm_missoula_Missoula District,2006-03-01,278.35947851828564
blm_missoula_Missoula District,2006-04-01,284.00124063607046
blm_missoula_Missoula District,2006-05-01,289.95017233574964
blm_missoula_Missoula District,2006-06-01,294.1076200548943
blm_missoula_Missoula District,2006-07-01,300.7268159094085
blm_missoula_Missoula District,2006-08-01,297.4921805375675
blm_missoula_Missoula District,2006-09-01,292.55561423375127
blm_missoula_Missoula District,2006-10-01,282.81024585643445
blm_missoula_Missoula District,2006-11-01,275.7950329558032
blm_missoula_Missoula District,2006-12-01,273.29423479931074
blm_missoula_Missoula District,2007-01-01,271.60242470653384
blm_missoula_Missoula District,2007-02-01,275.4795391748822
blm_missoula_Missoula District,2007-03-01,281.5188771717584
blm_missoula_Missoula District,2007-04-01,283.7757890742414
blm_missoula_Missoula District,2007-05-01,289.8103109620471
blm_missoula_Missoula District,2007-06-01,293.5251529768614
blm_missoula_Missoula District,2007-07-01,302.9857906873857
blm_missoula_Missoula District,2007-08-01,297.78797766191366
blm_missoula_Missoula District,2007-09-01,290.8650304906827
blm_missoula_Missoula District,2007-10-01,282.99432996990726
blm_missoula_Missoula District,2007-11-01,275.9881534463448
blm_missoula_Missoula District,2007-12-01,271.63212304566036
blm_missoula_Missoula District,2008-01-01,271.4207847177686
blm_missoula_Missoula District,2008-02-01,275.96799149973026
blm_missoula_Missoula District,2008-03-01,277.1393120645262
blm_missoula_Missoula District,2008-04-01,281.00593302640215
blm_missoula_Missoula District,2008-05-01,288.2306430349415
blm_missoula_Missoula District,2008-06-01,291.95185743963174
blm_missoula_Missoula District,2008-07-01,297.8072744521787
blm_missoula_Missoula District,2008-08-01,296.53875194514313
blm_missoula_Missoula District,2008-09-01,291.46174295150223
blm_missoula_Missoula District,2008-10-01,283.6407641185118
blm_missoula_Missoula District,2008-11-01,278.413060126613
blm_missoula_Missoula District,2008-12-01,269.16136538522045
blm_missoula_Missoula District,2009-01-01,273.0174007962536
blm_missoula_Missoula District,2009-02-01,275.86510231291
blm_missoula_Missoula District,2009-03-01,276.3174932642984
blm_missoula_Missoula District,2009-04-01,282.8793846768413
blm_missoula_Missoula District,2009-05-01,289.43101022481295
blm_missoula_Missoula District,2009-06-01,292.2449553669756
blm_missoula_Missoula District,2009-07-01,297.9765726436063
blm_missoula_Missoula District,2009-08-01,296.53791478312263
blm_missoula_Missoula District,2009-09-01,294.7166859315657
blm_missoula_Missoula District,2009-10-01,279.4644243483915
blm_missoula_Missoula District,2009-11-01,277.3433113016808
blm_missoula_Missoula District,2009-12-01,268.8236582777958
blm_missoula_Missoula District,2010-01-01,274.4108239205294
blm_missoula_Missoula District,2010-02-01,276.5695400459454
blm_missoula_Missoula District,2010-03-01,281.4055979750614
blm_missoula_Missoula District,2010-04-01,282.692939546825
blm_missoula_Missoula District,2010-05-01,285.3850105175388
blm_missoula_Missoula District,2010-06-01,290.90058218949895
blm_missoula_Missoula District,2010-07-01,296.58357826925175
blm_missoula_Missoula District,2010-08-01,295.4975545594433
blm_missoula_Missoula District,2010-09-01,289.770511687748
blm_missoula_Missoula District,2010-10-01,285.02228880708066
blm_missoula_Missoula District,2010-11-01,274.1134052579365
blm_missoula_Missoula District,2010-12-01,272.10166453614784
blm_missoula_Missoula District,2011-01-01,271.60969188105463
blm_missoula_Missoula District,2011-02-01,271.65230991387926
blm_missoula_Missoula District,2011-03-01,277.99395712188453
blm_missoula_Missoula District,2011-04-01,279.3620359723078
blm_missoula_Missoula District,2011-05-01,286.81113808891047
blm_missoula_Missoula District,2011-06-01,290.65863617673585
blm_missoula_Missoula District,2011-07-01,297.5246447482061
blm_missoula_Missoula District,2011-08-01,299.05057954189476
blm_missoula_Missoula District,2011-09-01,295.39407944379894
blm_missoula_Missoula District,2011-10-01,283.8938183706537
blm_missoula_Missoula District,2011-11-01,274.1874483203865
blm_missoula_Missoula District,2011-12-01,271.8632198750366
blm_missoula_Missoula District,2012-01-01,272.68338508669217
blm_missoula_Missoula District,2012-02-01,274.08186718096414
blm_missoula_Missoula District,2012-03-01,279.5176757075046
blm_missoula_Missoula District,2012-04-01,285.1741840115827
blm_missoula_Missoula District,2012-05-01,287.01257242520427
blm_missoula_Missoula District,2012-06-01,291.6189916231598
blm_missoula_Missoula District,2012-07-01,300.20159119707915
blm_missoula_Missoula District,2012-08-01,299.84483386927434
blm_missoula_Missoula District,2012-09-01,295.25893228038797
blm_missoula_Missoula District,2012-10-01,283.388875180922
blm_missoula_Missoula District,2012-11-01,278.3021066643508
blm_missoula_Missoula District,2012-12-01,272.3266576763805
blm_missoula_Missoula District,2013-01-01,271.5160645514522
blm_missoula_Missoula District,2013-02-01,274.4276160353367
blm_missoula_Missoula District,2013-03-01,278.2913656047215
blm_missoula_Missoula District,2013-04-01,281.25334746960186
blm_missoula_Missoula District,2013-05-01,289.74880061796904
blm_missoula_Missoula District,2013-06-01,293.40367921396785
blm_missoula_Missoula District,2013-07-01,300.20419108362114
blm_missoula_Missoula District,2013-08-01,299.24454431594813
blm_missoula_Missoula District,2013-09-01,292.2266808179735
blm_missoula_Missoula District,2013-10-01,282.2326026958076
blm_missoula_Missoula District,2013-11-01,275.005026268976
blm_missoula_Missoula District,2013-12-01,269.508364397495
blm_missoula_Missoula District,2014-01-01,274.46757778085487
blm_missoula_Missoula District,2014-02-01,270.1140495106892
blm_missoula_Missoula District,2014-03-01,278.285575109363
blm_missoula_Missoula District,2014-04-01,283.2782397275851
blm_missoula_Missoula District,2014-05-01,289.2993626778681
blm_missoula_Missoula District,2014-06-01,290.982842064672
blm_missoula_Missoula District,2014-07-01,299.8085339439336
blm_missoula_Missoula District,2014-08-01,296.9081824473707
blm_missoula_Missoula District,2014-09-01,291.9848020508854
blm_missoula_Missoula District,2014-10-01,286.3637994704329
blm_missoula_Missoula District,2014-11-01,274.2935578527679
blm_missoula_Missoula District,2014-12-01,273.05473870966733
blm_missoula_Missoula District,2015-01-01,274.99169723774634
blm_missoula_Missoula District,2015-02-01,277.8550386408499
blm_missoula_Missoula District,2015-03-01,282.48642718241246
blm_missoula_Missoula District,2015-04-01,284.5969952093259
blm_missoula_Missoula District,2015-05-01,289.61477922856653
blm_missoula_Missoula District,2015-06-01,297.61383002416073
blm_missoula_Missoula District,2015-07-01,297.8686222238186
blm_missoula_Missoula District,2015-08-01,298.9437568409695
blm_missoula_Missoula District,2015-09-01,291.216071965033
blm_missoula_Missoula District,2015-10-01,286.65078593644733
blm_missoula_Missoula District,2015-11-01,275.25758284817545
blm_missoula_Missoula District,2015-12-01,272.4816669824705
blm_missoula_Missoula District,2016-01-01,273.61827883780273
blm_missoula_Missoula District,2016-02-01,278.3714000825717
blm_missoula_Missoula District,2016-03-01,280.27586283409266
blm_missoula_Missoula District,2016-04-01,287.75837487367846
blm_missoula_Missoula District,2016-05-01,288.8439065643578
blm_missoula_Missoula District,2016-06-01,295.2378118967338
blm_missoula_Missoula District,2016-07-01,296.6436389886042
blm_missoula_Missoula District,2016-08-01,297.1948696444651
blm_missoula_Missoula District,2016-09-01,289.50351896378646
blm_missoula_Missoula District,2016-10-01,281.5916735466779
blm_missoula_Missoula District,2016-11-01,279.83047856970495
blm_missoula_Missoula District,2016-12-01,268.37392130736293
blm_missoula_Missoula District,2017-01-01,269.70829716917183
blm_missoula_Missoula District,2017-02-01,274.456091885543
blm_missoula_Missoula District,2017-03-01,279.59026143811263
blm_missoula_Missoula District,2017-04-01,282.24687121440326
blm_missoula_Missoula District,2017-05-01,290.196991068016
blm_missoula_Missoula District,2017-06-01,293.82736475008466
blm_missoula_Missoula District,2017-07-01,301.9306203069011
blm_missoula_Missoula District,2017-08-01,299.5475817194371
blm_missoula_Missoula District,2017-09-01,291.1521715328214
blm_missoula_Missoula District,2017-10-01,282.12404863384205
blm_missoula_Missoula District,2017-11-01,275.8546167159922
blm_missoula_Missoula District,2017-12-01,270.8558030479809
blm_missoula_Missoula District,2018-01-01,274.4613452469447
blm_missoula_Missoula District,2018-02-01,271.35076664262857
blm_missoula_Missoula District,2018-03-01,278.87128515544026
blm_missoula_Missoula District,2018-04-01,282.61316729168055
blm_missoula_Missoula District,2018-05-01,291.58167013617043
blm_missoula_Missoula District,2018-06-01,291.65363756951155
blm_missoula_Missoula District,2018-07-01,299.1003086837483
blm_missoula_Missoula District,2018-08-01,297.43800727430323
blm_missoula_Missoula District,2018-09-01,290.4377358406535
blm_missoula_Missoula District,2018-10-01,282.9836608987938
blm_missoula_Missoula District,2018-11-01,275.9352038287913
blm_missoula_Missoula District,2018-12-01,272.63265218330315
blm_missoula_Missoula District,2019-01-01,273.90733731795586
blm_missoula_Missoula District,2019-02-01,268.14311508543824
blm_missoula_Missoula District,2019-03-01,278.05093282569896
blm_missoula_Missoula District,2019-04-01,282.3516757136356
blm_missoula_Missoula District,2019-05-01,288.51311117143774
blm_missoula_Missoula District,2019-06-01,292.972006459113
blm_missoula_Missoula District,2019-07-01,296.87869872179283
blm_missoula_Missoula District,2019-08-01,297.53506967146456
blm_missoula_Missoula District,2019-09-01,289.4755017665347
blm_missoula_Missoula District,2019-10-01,279.0913419382348
blm_missoula_Missoula District,2019-11-01,276.11236126901304
blm_missoula_Missoula District,2019-12-01,273.74027857885517
blm_missoula_Missoula District,2020-01-01,273.8808217503905
blm_missoula_Missoula District,2020-02-01,275.11322429976
blm_missoula_Missoula District,2020-03-01,278.2589325406658
blm_missoula_Missoula District,2020-04-01,283.0692719525281
blm_missoula_Missoula District,2020-05-01,287.8501279497
blm_missoula_Missoula District,2020-06-01,291.4543322337462
blm_missoula_Missoula District,2020-07-01,297.42568549667027
blm_missoula_Missoula District,2020-08-01,298.35223873800874
blm_missoula_Missoula District,2020-09-01,293.3964503364409
blm_missoula_Missoula District,2020-10-01,281.9460164575999
blm_missoula_Missoula District,2020-11-01,276.33988072391486
blm_missoula_Missoula District,2020-12-01,273.830010517828
blm_missoula_Missoula District,2021-01-01,274.2948275965781
blm_missoula_Missoula District,2021-02-01,271.213772316223
blm_missoula_Missoula District,2021-03-01,280.47687629387013
blm_missoula_Missoula District,2021-04-01,283.5878386923386
blm_missoula_Missoula District,2021-05-01,287.24366102690834
blm_missoula_Missoula District,2021-06-01,296.37564348637903
blm_missoula_Missoula District,2021-07-01,302.16219221565626
blm_missoula_Missoula District,2021-08-01,296.1760293526323
blm_missoula_Missoula District,2021-09-01,292.31378116711596
blm_missoula_Missoula District,2021-10-01,284.5857940218342
blm_missoula_Missoula District,2021-11-01,278.2841198814336
blm_missoula_Missoula District,2021-12-01,272.3104676710037
blm_missoula_Missoula District,2022-01-01,273.6861436415046
blm_missoula_Missoula District,2022-02-01,274.51089781196555
blm_missoula_Missoula District,2022-03-01,279.94473541339295
blm_missoula_Missoula District,2022-04-01,279.8083874725725
blm_missoula_Missoula District,2022-05-01,285.2754361591642
blm_missoula_Missoula District,2022-06-01,291.39392623413346
blm_missoula_Missoula District,2022-07-01,299.89424051963954
blm_missoula_Missoula District,2022-08-01,300.92133721534856
blm_missoula_Missoula District,2022-09-01,295.1582604584268
blm_missoula_Missoula District,2022-10-01,286.85874918359514
blm_missoula_Missoula District,2022-11-01,272.0304707353416
blm_missoula_Missoula District,2022-12-01,269.8528111685342
blm_missoula_Missoula District,2023-01-01,272.1915248354813
blm_missoula_Missoula District,2023-02-01,273.7883298467669
blm_missoula_Missoula District,2023-03-01,276.57304561988235
blm_missoula_Missoula District,2023-04-01,282.41863543725754
blm_missoula_Missoula District,2023-05-01,292.62863536582574
blm_missoula_Missoula District,2023-06-01,293.6777169146941
blm_missoula_Missoula District,2023-07-01,300.0062301552598
blm_missoula_Missoula District,2023-08-01,298.36849699402217
blm_missoula_Missoula District,2023-09-01,291.84263115227435
blm_missoula_Missoula District,2023-10-01,283.69586930662445
blm_missoula_Missoula District,2023-11-01,276.54851794610005
blm_missoula_Missoula District,2023-12-01,274.98288343439054
blm_missoula_Missoula District,2024-01-01,270.73796384838965
blm_missoula_Missoula District,2024-02-01,275.37198814422817
blm_missoula_Missoula District,2024-03-01,279.5600731765396
blm_missoula_Missoula District,2024-04-01,283.73680171501127
blm_missoula_Missoula District,2024-05-01,286.8312447987809
blm_missoula_Missoula District,2024-06-01,292.7767693963104
blm_missoula_Missoula District,2024-07-01,300.73410298795505
blm_missoula_Missoula District,2024-08-01,297.05247505873024
blm_missoula_Missoula District,2024-09-01,293.75550853491563
blm_missoula_Missoula District,2024-10-01,285.7286339718932
blm_missoula_Missoula District,2024-11-01,275.65742397602065
blm_missoula_Missoula District,2024-12-01,274.6798297346161
blm_missoula_Missoula District,2025-01-01,271.3508683968087
blm_missoula_Missoula District,2025-02-01,271.51235474616084
blm_missoula_Missoula District,2025-03-01,280.07891414798684
blm_missoula_Missoula District,2025-04-01,283.99242279117806
blm_missoula_Missoula District,2025-05-01,290.293654639979
blm_missoula_Missoula District,2025-06-01,294.5677887447297
blm_missoula_Missoula District,2025-07-01,298.04233144521993
blm_missoula_Missoula District,2025-08-01,297.9074957331784
blm_missoula_Missoula District,2025-09-01,296.0736824113366
blm_missoula_Missoula District,2025-10-01,286.28575182356445
